
===========================================================================
report_checks -unconstrained
===========================================================================
======================= nom_tt_025C_1v80 Corner ===================================

Startpoint: _192346_ (rising edge-triggered flip-flop clocked by clk_i)
Endpoint: _191716_ (recovery check against rising-edge clock clk_i)
Path Group: asynchronous
Path Type: max

Fanout         Cap        Slew       Delay        Time   Description
---------------------------------------------------------------------------------------------
                                  0.000000    0.000000   clock clk_i (rise edge)
                                  0.000000    0.000000   clock source latency
     4    0.556240    0.150000    0.000000    0.000000 ^ clk_i (in)
                                                         clk_i (net)
                      2.008670    0.929335    0.929335 ^ clkbuf_regs_0_clk_i/A (sky130_fd_sc_hd__clkbuf_16)
     1    0.008756    0.080735    0.356899    1.286234 ^ clkbuf_regs_0_clk_i/X (sky130_fd_sc_hd__clkbuf_16)
                                                         clk_i_regs (net)
                      0.080736    0.000276    1.286510 ^ clkbuf_0_clk_i_regs/A (sky130_fd_sc_hd__clkbuf_16)
     3    0.115345    0.129573    0.203267    1.489777 ^ clkbuf_0_clk_i_regs/X (sky130_fd_sc_hd__clkbuf_16)
                                                         clknet_0_clk_i_regs (net)
                      0.131739    0.013157    1.502934 ^ clkbuf_1_0_0_clk_i_regs/A (sky130_fd_sc_hd__buf_8)
     1    0.080376    0.135002    0.186895    1.689829 ^ clkbuf_1_0_0_clk_i_regs/X (sky130_fd_sc_hd__buf_8)
                                                         clknet_1_0_0_clk_i_regs (net)
                      0.136060    0.009603    1.699432 ^ clkbuf_1_0_1_clk_i_regs/A (sky130_fd_sc_hd__buf_8)
     4    0.125432    0.204956    0.231867    1.931300 ^ clkbuf_1_0_1_clk_i_regs/X (sky130_fd_sc_hd__buf_8)
                                                         clknet_1_0_1_clk_i_regs (net)
                      0.207350    0.017794    1.949094 ^ clkbuf_2_0_0_clk_i_regs/A (sky130_fd_sc_hd__clkbuf_8)
     2    0.058273    0.113510    0.227340    2.176434 ^ clkbuf_2_0_0_clk_i_regs/X (sky130_fd_sc_hd__clkbuf_8)
                                                         clknet_2_0_0_clk_i_regs (net)
                      0.116184    0.013768    2.190202 ^ clkbuf_3_1_0_clk_i_regs/A (sky130_fd_sc_hd__clkbuf_8)
     2    0.090490    0.163355    0.229564    2.419765 ^ clkbuf_3_1_0_clk_i_regs/X (sky130_fd_sc_hd__clkbuf_8)
                                                         clknet_3_1_0_clk_i_regs (net)
                      0.169574    0.025018    2.444783 ^ clkbuf_4_3_0_clk_i_regs/A (sky130_fd_sc_hd__clkbuf_8)
     2    0.068707    0.128592    0.232139    2.676922 ^ clkbuf_4_3_0_clk_i_regs/X (sky130_fd_sc_hd__clkbuf_8)
                                                         clknet_4_3_0_clk_i_regs (net)
                      0.129054    0.005814    2.682737 ^ clkbuf_5_7_0_clk_i_regs/A (sky130_fd_sc_hd__clkbuf_8)
     8    0.098330    0.174906    0.250326    2.933063 ^ clkbuf_5_7_0_clk_i_regs/X (sky130_fd_sc_hd__clkbuf_8)
                                                         clknet_5_7_0_clk_i_regs (net)
                      0.176304    0.012609    2.945672 ^ clkbuf_7_28_0_clk_i_regs/A (sky130_fd_sc_hd__clkbuf_8)
    11    0.105195    0.186225    0.278822    3.224494 ^ clkbuf_7_28_0_clk_i_regs/X (sky130_fd_sc_hd__clkbuf_8)
                                                         clknet_7_28_0_clk_i_regs (net)
                      0.186375    0.003134    3.227628 ^ clkbuf_leaf_918_clk_i_regs/A (sky130_fd_sc_hd__clkbuf_8)
    10    0.030554    0.068290    0.193960    3.421588 ^ clkbuf_leaf_918_clk_i_regs/X (sky130_fd_sc_hd__clkbuf_8)
                                                         clknet_leaf_918_clk_i_regs (net)
                      0.068291    0.000360    3.421948 ^ _192346_/CLK (sky130_fd_sc_hd__dfrtp_2)
     2    0.018473    0.075694    0.439821    3.861770 v _192346_/Q (sky130_fd_sc_hd__dfrtp_2)
                                                         u_uart2.fifo_clr_r (net)
                      0.075769    0.000367    3.862137 v hold27523/A (sky130_fd_sc_hd__dlygate4sd3_1)
     2    0.024563    0.148114    0.673563    4.535700 v hold27523/X (sky130_fd_sc_hd__dlygate4sd3_1)
                                                         net27523 (net)
                      0.148130    0.001633    4.537333 v hold11949/A (sky130_fd_sc_hd__dlygate4sd3_1)
     2    0.039396    0.211855    0.761097    5.298430 v hold11949/X (sky130_fd_sc_hd__dlygate4sd3_1)
                                                         net11949 (net)
                      0.211858    0.001121    5.299551 v _092493_/A (sky130_fd_sc_hd__nor2_2)
     1    0.009029    0.227916    0.202280    5.501832 ^ _092493_/Y (sky130_fd_sc_hd__nor2_2)
                                                         u_uart2.u_rx_fifo.rst_n (net)
                      0.227916    0.000332    5.502163 ^ wire4418/A (sky130_fd_sc_hd__buf_2)
     5    0.039412    0.194739    0.270860    5.773023 ^ wire4418/X (sky130_fd_sc_hd__buf_2)
                                                         net4418 (net)
                      0.194898    0.003509    5.776532 ^ fanout4415/A (sky130_fd_sc_hd__clkdlybuf4s25_1)
     5    0.017563    0.184029    0.389406    6.165938 ^ fanout4415/X (sky130_fd_sc_hd__clkdlybuf4s25_1)
                                                         net4415 (net)
                      0.184029    0.000373    6.166311 ^ load_slew4416/A (sky130_fd_sc_hd__clkbuf_4)
     7    0.043124    0.137425    0.250932    6.417243 ^ load_slew4416/X (sky130_fd_sc_hd__clkbuf_4)
                                                         net4416 (net)
                      0.137692    0.004375    6.421617 ^ _191716_/RESET_B (sky130_fd_sc_hd__dfrtp_4)
                                              6.421617   data arrival time

                                 23.147999   23.147999   clock clk_i (rise edge)
                                  0.000000   23.147999   clock source latency
     4    0.556240    0.150000    0.000000   23.147999 ^ clk_i (in)
                                                         clk_i (net)
                      2.008670    0.929335   24.077335 ^ clkbuf_regs_0_clk_i/A (sky130_fd_sc_hd__clkbuf_16)
     1    0.008756    0.080735    0.356900   24.434235 ^ clkbuf_regs_0_clk_i/X (sky130_fd_sc_hd__clkbuf_16)
                                                         clk_i_regs (net)
                      0.080736    0.000275   24.434509 ^ clkbuf_0_clk_i_regs/A (sky130_fd_sc_hd__clkbuf_16)
     3    0.115345    0.129573    0.203267   24.637777 ^ clkbuf_0_clk_i_regs/X (sky130_fd_sc_hd__clkbuf_16)
                                                         clknet_0_clk_i_regs (net)
                      0.133156    0.016927   24.654703 ^ clkbuf_1_1_0_clk_i_regs/A (sky130_fd_sc_hd__clkbuf_8)
     1    0.098893    0.177271    0.247915   24.902618 ^ clkbuf_1_1_0_clk_i_regs/X (sky130_fd_sc_hd__clkbuf_8)
                                                         clknet_1_1_0_clk_i_regs (net)
                      0.181409    0.021485   24.924105 ^ clkbuf_1_1_1_clk_i_regs/A (sky130_fd_sc_hd__clkbuf_8)
     2    0.096186    0.172817    0.261304   25.185408 ^ clkbuf_1_1_1_clk_i_regs/X (sky130_fd_sc_hd__clkbuf_8)
                                                         clknet_1_1_1_clk_i_regs (net)
                      0.177163    0.021720   25.207129 ^ clkbuf_2_3_0_clk_i_regs/A (sky130_fd_sc_hd__clkbuf_8)
     2    0.034442    0.074249    0.194118   25.401247 ^ clkbuf_2_3_0_clk_i_regs/X (sky130_fd_sc_hd__clkbuf_8)
                                                         clknet_2_3_0_clk_i_regs (net)
                      0.074735    0.004293   25.405540 ^ clkbuf_3_7_0_clk_i_regs/A (sky130_fd_sc_hd__clkbuf_8)
     2    0.072984    0.135339    0.201814   25.607353 ^ clkbuf_3_7_0_clk_i_regs/X (sky130_fd_sc_hd__clkbuf_8)
                                                         clknet_3_7_0_clk_i_regs (net)
                      0.136568    0.010429   25.617783 ^ clkbuf_4_15_0_clk_i_regs/A (sky130_fd_sc_hd__clkbuf_8)
     2    0.075128    0.137958    0.224127   25.841909 ^ clkbuf_4_15_0_clk_i_regs/X (sky130_fd_sc_hd__clkbuf_8)
                                                         clknet_4_15_0_clk_i_regs (net)
                      0.141190    0.016621   25.858530 ^ clkbuf_5_30_0_clk_i_regs/A (sky130_fd_sc_hd__clkbuf_8)
     4    0.105368    0.187662    0.260266   26.118797 ^ clkbuf_5_30_0_clk_i_regs/X (sky130_fd_sc_hd__clkbuf_8)
                                                         clknet_5_30_0_clk_i_regs (net)
                      0.189473    0.014847   26.133644 ^ clkbuf_7_121_0_clk_i_regs/A (sky130_fd_sc_hd__clkbuf_8)
    14    0.151238    0.261977    0.333623   26.467266 ^ clkbuf_7_121_0_clk_i_regs/X (sky130_fd_sc_hd__clkbuf_8)
                                                         clknet_7_121_0_clk_i_regs (net)
                      0.262152    0.005617   26.472883 ^ clkbuf_leaf_98_clk_i_regs/A (sky130_fd_sc_hd__clkbuf_8)
    10    0.035775    0.077431    0.224006   26.696890 ^ clkbuf_leaf_98_clk_i_regs/X (sky130_fd_sc_hd__clkbuf_8)
                                                         clknet_leaf_98_clk_i_regs (net)
                      0.077448    0.001098   26.697987 ^ _191716_/CLK (sky130_fd_sc_hd__dfrtp_4)
                                 -0.250000   26.447989   clock uncertainty
                                  0.000000   26.447989   clock reconvergence pessimism
                                  0.197360   26.645348   library recovery time
                                             26.645348   data required time
---------------------------------------------------------------------------------------------
                                             26.645348   data required time
                                             -6.421617   data arrival time
---------------------------------------------------------------------------------------------
                                             20.223730   slack (MET)


Startpoint: clk_i (clock source 'clk_i')
Endpoint: qspi_sck (output port clocked by clk_i)
Path Group: clk_i
Path Type: max

Fanout         Cap        Slew       Delay        Time   Description
---------------------------------------------------------------------------------------------
                                 11.573999   11.573999   clock clk_i (fall edge)
                                  0.000000   11.573999   clock source latency
     4    0.554166    0.150000    0.000000   11.573999 v clk_i (in)
                                                         clk_i (net)
                      1.997864    0.923932   12.497931 v clkbuf_regs_0_clk_i/A (sky130_fd_sc_hd__clkbuf_16)
     1    0.007762    0.076002    0.705425   13.203357 v clkbuf_regs_0_clk_i/X (sky130_fd_sc_hd__clkbuf_16)
                                                         clk_i_regs (net)
                      0.076003    0.000242   13.203600 v clkbuf_0_clk_i_regs/A (sky130_fd_sc_hd__clkbuf_16)
     3    0.114161    0.086606    0.207224   13.410823 v clkbuf_0_clk_i_regs/X (sky130_fd_sc_hd__clkbuf_16)
                                                         clknet_0_clk_i_regs (net)
                      0.089882    0.012805   13.423628 v clkbuf_1_0_0_clk_i_regs/A (sky130_fd_sc_hd__buf_8)
     1    0.079715    0.067606    0.175829   13.599457 v clkbuf_1_0_0_clk_i_regs/X (sky130_fd_sc_hd__buf_8)
                                                         clknet_1_0_0_clk_i_regs (net)
                      0.069736    0.009371   13.608829 v clkbuf_1_0_1_clk_i_regs/A (sky130_fd_sc_hd__buf_8)
     4    0.124386    0.096452    0.184138   13.792966 v clkbuf_1_0_1_clk_i_regs/X (sky130_fd_sc_hd__buf_8)
                                                         clknet_1_0_1_clk_i_regs (net)
                      0.101453    0.017168   13.810134 v clkbuf_2_0_0_clk_i_regs/A (sky130_fd_sc_hd__clkbuf_8)
     2    0.057313    0.077267    0.197419   14.007553 v clkbuf_2_0_0_clk_i_regs/X (sky130_fd_sc_hd__clkbuf_8)
                                                         clknet_2_0_0_clk_i_regs (net)
                      0.080993    0.013244   14.020797 v clkbuf_3_1_0_clk_i_regs/A (sky130_fd_sc_hd__clkbuf_8)
     2    0.089530    0.103749    0.207572   14.228368 v clkbuf_3_1_0_clk_i_regs/X (sky130_fd_sc_hd__clkbuf_8)
                                                         clknet_3_1_0_clk_i_regs (net)
                      0.113225    0.024049   14.252418 v clkbuf_4_3_0_clk_i_regs/A (sky130_fd_sc_hd__clkbuf_8)
     2    0.067355    0.085428    0.215602   14.468019 v clkbuf_4_3_0_clk_i_regs/X (sky130_fd_sc_hd__clkbuf_8)
                                                         clknet_4_3_0_clk_i_regs (net)
                      0.086175    0.006326   14.474345 v clkbuf_5_6_0_clk_i_regs/A (sky130_fd_sc_hd__buf_12)
    13    0.163282    0.093296    0.181626   14.655972 v clkbuf_5_6_0_clk_i_regs/X (sky130_fd_sc_hd__buf_12)
                                                         clknet_5_6_0_clk_i_regs (net)
                      0.119177    0.037673   14.693645 v clkbuf_leaf_797_clk_i_regs/A (sky130_fd_sc_hd__buf_8)
    11    0.042725    0.046149    0.172989   14.866632 v clkbuf_leaf_797_clk_i_regs/X (sky130_fd_sc_hd__buf_8)
                                                         clknet_leaf_797_clk_i_regs (net)
                      0.046233    0.001723   14.868356 v _092494__11715/A (sky130_fd_sc_hd__inv_2)
     1    0.006740    0.038034    0.053682   14.922037 ^ _092494__11715/Y (sky130_fd_sc_hd__inv_2)
                                                         net11715 (net)
                      0.038034    0.000183   14.922220 ^ _092497_/A2 (sky130_fd_sc_hd__o211a_4)
     1    0.098113    0.300314    0.341311   15.263532 ^ _092497_/X (sky130_fd_sc_hd__o211a_4)
                                                         net73 (net)
                      0.300663    0.008415   15.271946 ^ output73/A (sky130_fd_sc_hd__buf_6)
     1    0.020842    0.055306    0.168939   15.440885 ^ output73/X (sky130_fd_sc_hd__buf_6)
                                                         qspi_sck (net)
                      0.055308    0.000394   15.441278 ^ qspi_sck (out)
                                             15.441278   data arrival time

                                 23.147999   23.147999   clock clk_i (rise edge)
                                  0.000000   23.147999   clock network delay (propagated)
                                 -0.250000   22.898001   clock uncertainty
                                  0.000000   22.898001   clock reconvergence pessimism
                                 -4.629600   18.268400   output external delay
                                             18.268400   data required time
---------------------------------------------------------------------------------------------
                                             18.268400   data required time
                                            -15.441278   data arrival time
---------------------------------------------------------------------------------------------
                                              2.827122   slack (MET)


Startpoint: _190148_ (rising edge-triggered flip-flop clocked by jtag_clk)
Endpoint: jtag_tdo (output port clocked by jtag_clk)
Path Group: jtag_clk
Path Type: max

Fanout         Cap        Slew       Delay        Time   Description
---------------------------------------------------------------------------------------------
                                  0.000000    0.000000   clock jtag_clk (rise edge)
                                  0.000000    0.000000   clock source latency
     2    0.171865    0.150000    0.000000    0.000000 ^ jtag_tck (in)
                                                         jtag_tck (net)
                      0.292057    0.071029    0.071029 ^ clkbuf_0_jtag_tck/A (sky130_fd_sc_hd__clkbuf_16)
    16    0.196423    0.210310    0.311725    0.382754 ^ clkbuf_0_jtag_tck/X (sky130_fd_sc_hd__clkbuf_16)
                                                         clknet_0_jtag_tck (net)
                      0.221069    0.037182    0.419936 ^ clkbuf_4_5_0_jtag_tck/A (sky130_fd_sc_hd__clkbuf_8)
    13    0.058299    0.112331    0.236954    0.656890 ^ clkbuf_4_5_0_jtag_tck/X (sky130_fd_sc_hd__clkbuf_8)
                                                         clknet_4_5_0_jtag_tck (net)
                      0.112525    0.003121    0.660011 ^ _190148_/CLK (sky130_fd_sc_hd__dfrtp_2)
     2    0.064712    0.309945    0.566134    1.226144 ^ _190148_/Q (sky130_fd_sc_hd__dfrtp_2)
                                                         net63 (net)
                      0.310995    0.013508    1.239652 ^ wire8922/A (sky130_fd_sc_hd__buf_6)
    12    0.149871    0.297880    0.315198    1.554850 ^ wire8922/X (sky130_fd_sc_hd__buf_6)
                                                         net8922 (net)
                      0.307336    0.042020    1.596870 ^ output63/A (sky130_fd_sc_hd__clkdlybuf4s25_1)
     1    0.021171    0.218889    0.438548    2.035417 ^ output63/X (sky130_fd_sc_hd__clkdlybuf4s25_1)
                                                         jtag_tdo (net)
                      0.218889    0.000514    2.035931 ^ jtag_tdo (out)
                                              2.035931   data arrival time

                                100.000000  100.000000   clock jtag_clk (rise edge)
                                  0.000000  100.000000   clock network delay (propagated)
                                  0.000000  100.000000   clock reconvergence pessimism
                                -20.000000   79.999992   output external delay
                                             79.999992   data required time
---------------------------------------------------------------------------------------------
                                             79.999992   data required time
                                             -2.035931   data arrival time
---------------------------------------------------------------------------------------------
                                             77.964066   slack (MET)




===========================================================================
report_checks --slack_max -0.01
============================================================================
======================= nom_tt_025C_1v80 Corner ===================================

No paths found.


===========================================================================
 report_check_types -max_slew -max_cap -max_fanout -violators
============================================================================
======================= nom_tt_025C_1v80 Corner ===================================

max slew

Pin                                        Limit        Slew       Slack
------------------------------------------------------------------------
u_npu.u_npu_sram.g_sram[14].u_macro/clk0    0.750000    3.400906   -2.650906 (VIOLATED)
u_npu.u_npu_sram.g_sram[14].u_macro/clk1    0.750000    3.267861   -2.517861 (VIOLATED)
u_data_ram.g_sram[1].u_macro/clk0       0.750000    3.213124   -2.463124 (VIOLATED)
u_npu.u_npu_sram.g_sram[11].u_macro/clk1    0.750000    3.186713   -2.436713 (VIOLATED)
u_npu.u_npu_sram.g_sram[7].u_macro/clk1    0.750000    3.150125   -2.400125 (VIOLATED)
u_data_ram.g_sram[0].u_macro/clk1       0.750000    3.109389   -2.359389 (VIOLATED)
u_data_ram.g_sram[3].u_macro/clk1       0.750000    3.102029   -2.352028 (VIOLATED)
u_data_ram.g_sram[1].u_macro/clk1       0.750000    3.069232   -2.319232 (VIOLATED)
u_npu.u_npu_sram.g_sram[3].u_macro/clk1    0.750000    3.020042   -2.270042 (VIOLATED)
u_data_ram.g_sram[3].u_macro/clk0       0.750000    2.997720   -2.247720 (VIOLATED)
u_npu.u_npu_sram.g_sram[10].u_macro/clk1    0.750000    2.957567   -2.207567 (VIOLATED)
u_npu.u_npu_sram.g_sram[11].u_macro/clk0    0.750000    2.919111   -2.169111 (VIOLATED)
u_npu.u_npu_sram.g_sram[6].u_macro/clk1    0.750000    2.916916   -2.166916 (VIOLATED)
u_npu.u_npu_sram.g_sram[7].u_macro/clk0    0.750000    2.884609   -2.134609 (VIOLATED)
u_npu.u_npu_sram.g_sram[3].u_macro/clk0    0.750000    2.846277   -2.096277 (VIOLATED)
u_npu.u_npu_sram.g_sram[2].u_macro/clk1    0.750000    2.650423   -1.900423 (VIOLATED)
u_data_ram.g_sram[2].u_macro/clk1       0.750000    2.647831   -1.897831 (VIOLATED)
_132474_/B2                             0.750000    2.603922   -1.853922 (VIOLATED)
ANTENNA_2991/DIODE                      0.750000    2.603909   -1.853909 (VIOLATED)
_131313_/C1                             0.750000    2.492124   -1.742124 (VIOLATED)
ANTENNA_1937/DIODE                      0.750000    2.492112   -1.742112 (VIOLATED)
ANTENNA_9319/DIODE                      0.750000    2.417916   -1.667916 (VIOLATED)
hold32130/A                             0.750000    2.417916   -1.667916 (VIOLATED)
_190218_/Q                              0.750000    2.417905   -1.667905 (VIOLATED)
u_npu.u_npu_sram.g_sram[8].u_macro/clk0    0.750000    2.390722   -1.640722 (VIOLATED)
_092539_/B                              0.750000    2.379667   -1.629667 (VIOLATED)
ANTENNA_212/DIODE                       0.750000    2.379662   -1.629662 (VIOLATED)
_092536_/B                              0.750000    2.379565   -1.629565 (VIOLATED)
ANTENNA_211/DIODE                       0.750000    2.379485   -1.629485 (VIOLATED)
u_npu.u_npu_sram.g_sram[0].u_macro/clk0    0.750000    2.376210   -1.626210 (VIOLATED)
u_npu.u_npu_sram.g_sram[4].u_macro/clk0    0.750000    2.358144   -1.608144 (VIOLATED)
u_instruction_ram.g_sram[3].u_macro/clk1    0.750000    2.329537   -1.579537 (VIOLATED)
u_data_ram.g_sram[0].u_macro/clk0       0.750000    2.325703   -1.575703 (VIOLATED)
u_instruction_ram.g_sram[1].u_macro/clk1    0.750000    2.323066   -1.573066 (VIOLATED)
u_data_ram.g_sram[2].u_macro/clk0       0.750000    2.322476   -1.572477 (VIOLATED)
_131312_/X                              0.750000    2.296462   -1.546462 (VIOLATED)
u_npu.u_npu_sram.g_sram[1].u_macro/clk0    0.750000    2.247717   -1.497717 (VIOLATED)
u_npu.u_npu_sram.g_sram[0].u_macro/clk1    0.750000    2.241400   -1.491400 (VIOLATED)
u_npu.u_npu_sram.g_sram[9].u_macro/clk1    0.750000    2.225021   -1.475021 (VIOLATED)
u_npu.u_npu_sram.g_sram[1].u_macro/clk1    0.750000    2.219384   -1.469384 (VIOLATED)
u_npu.u_npu_sram.g_sram[5].u_macro/clk0    0.750000    2.218163   -1.468163 (VIOLATED)
u_npu.u_npu_sram.g_sram[8].u_macro/clk1    0.750000    2.216598   -1.466598 (VIOLATED)
u_npu.u_npu_sram.g_sram[5].u_macro/clk1    0.750000    2.215786   -1.465786 (VIOLATED)
u_npu.u_npu_sram.g_sram[9].u_macro/clk0    0.750000    2.208638   -1.458638 (VIOLATED)
u_npu.u_npu_sram.g_sram[4].u_macro/clk1    0.750000    2.207558   -1.457558 (VIOLATED)
u_npu.u_npu_sram.g_sram[10].u_macro/clk0    0.750000    2.189034   -1.439035 (VIOLATED)
u_npu.u_npu_sram.g_sram[6].u_macro/clk0    0.750000    2.175959   -1.425959 (VIOLATED)
u_npu.u_npu_sram.g_sram[2].u_macro/clk0    0.750000    2.113569   -1.363569 (VIOLATED)
_090149_/D                              0.750000    2.031834   -1.281834 (VIOLATED)
_094250_/A                              0.750000    2.031775   -1.281775 (VIOLATED)
_090148_/Y                              0.750000    2.031767   -1.281767 (VIOLATED)
_091850_/B                              0.750000    2.013839   -1.263839 (VIOLATED)
clkbuf_regs_0_clk_i/A                   0.750000    2.008670   -1.258670 (VIOLATED)
ANTENNA_2945/DIODE                      0.750000    2.008568   -1.258568 (VIOLATED)
ANTENNA_7019/DIODE                      0.750000    1.986805   -1.236805 (VIOLATED)
_147359_/A0                             0.750000    1.986805   -1.236805 (VIOLATED)
ANTENNA_7018/DIODE                      0.750000    1.981557   -1.231557 (VIOLATED)
_147127_/A0                             0.750000    1.981045   -1.231045 (VIOLATED)
_180023_/A0                             0.750000    1.978279   -1.228279 (VIOLATED)
ANTENNA_7020/DIODE                      0.750000    1.977562   -1.227562 (VIOLATED)
ANTENNA_3131/DIODE                      0.750000    1.973131   -1.223131 (VIOLATED)
ANTENNA_201/DIODE                       0.750000    1.915576   -1.165576 (VIOLATED)
ANTENNA_198/DIODE                       0.750000    1.915574   -1.165574 (VIOLATED)
ANTENNA_197/DIODE                       0.750000    1.915572   -1.165572 (VIOLATED)
ANTENNA_205/DIODE                       0.750000    1.915548   -1.165548 (VIOLATED)
ANTENNA_207/DIODE                       0.750000    1.915535   -1.165535 (VIOLATED)
ANTENNA_203/DIODE                       0.750000    1.915515   -1.165515 (VIOLATED)
ANTENNA_199/DIODE                       0.750000    1.915464   -1.165464 (VIOLATED)
ANTENNA_200/DIODE                       0.750000    1.915459   -1.165459 (VIOLATED)
_090083_/A1                             0.750000    1.915357   -1.165357 (VIOLATED)
ANTENNA_202/DIODE                       0.750000    1.915294   -1.165294 (VIOLATED)
ANTENNA_204/DIODE                       0.750000    1.914972   -1.164973 (VIOLATED)
ANTENNA_206/DIODE                       0.750000    1.914763   -1.164763 (VIOLATED)
clkbuf_0_clk_i/A                        0.750000    1.909454   -1.159454 (VIOLATED)
ANTENNA_2946/DIODE                      0.750000    1.908693   -1.158693 (VIOLATED)
_091797_/X                              0.750000    1.865614   -1.115614 (VIOLATED)
ANTENNA_9988/DIODE                      0.750000    1.835814   -1.085814 (VIOLATED)
ANTENNA_9987/DIODE                      0.750000    1.835811   -1.085811 (VIOLATED)
ANTENNA_9985/DIODE                      0.750000    1.835807   -1.085807 (VIOLATED)
_097851_/B1                             0.750000    1.835805   -1.085806 (VIOLATED)
ANTENNA_9984/DIODE                      0.750000    1.835749   -1.085749 (VIOLATED)
ANTENNA_9989/DIODE                      0.750000    1.835665   -1.085665 (VIOLATED)
ANTENNA_9986/DIODE                      0.750000    1.835654   -1.085654 (VIOLATED)
_132292_/B2                             0.750000    1.808175   -1.058175 (VIOLATED)
ANTENNA_3089/DIODE                      0.750000    1.808130   -1.058130 (VIOLATED)
u_data_ram.g_sram[2].u_macro/din0[30]    0.750000    1.806705   -1.056705 (VIOLATED)
ANTENNA_232/DIODE                       0.750000    1.781246   -1.031246 (VIOLATED)
ANTENNA_230/DIODE                       0.750000    1.781239   -1.031239 (VIOLATED)
ANTENNA_228/DIODE                       0.750000    1.781228   -1.031228 (VIOLATED)
ANTENNA_226/DIODE                       0.750000    1.781206   -1.031206 (VIOLATED)
_090246_/D                              0.750000    1.781183   -1.031183 (VIOLATED)
ANTENNA_225/DIODE                       0.750000    1.781142   -1.031142 (VIOLATED)
ANTENNA_227/DIODE                       0.750000    1.781094   -1.031094 (VIOLATED)
ANTENNA_229/DIODE                       0.750000    1.781054   -1.031054 (VIOLATED)
ANTENNA_231/DIODE                       0.750000    1.780982   -1.030982 (VIOLATED)
ANTENNA_233/DIODE                       0.750000    1.780950   -1.030950 (VIOLATED)
ANTENNA_9325/DIODE                      0.750000    1.768998   -1.018998 (VIOLATED)
ANTENNA_9326/DIODE                      0.750000    1.768997   -1.018997 (VIOLATED)
hold29273/A                             0.750000    1.768851   -1.018851 (VIOLATED)
_190311_/Q                              0.750000    1.768801   -1.018801 (VIOLATED)
ANTENNA_429/DIODE                       0.750000    1.764582   -1.014582 (VIOLATED)
ANTENNA_427/DIODE                       0.750000    1.764581   -1.014581 (VIOLATED)
ANTENNA_423/DIODE                       0.750000    1.764580   -1.014580 (VIOLATED)
ANTENNA_421/DIODE                       0.750000    1.764578   -1.014578 (VIOLATED)
ANTENNA_425/DIODE                       0.750000    1.764579   -1.014579 (VIOLATED)
_095828_/A0                             0.750000    1.764564   -1.014564 (VIOLATED)
ANTENNA_420/DIODE                       0.750000    1.764560   -1.014560 (VIOLATED)
ANTENNA_422/DIODE                       0.750000    1.764523   -1.014523 (VIOLATED)
ANTENNA_424/DIODE                       0.750000    1.764522   -1.014522 (VIOLATED)
ANTENNA_426/DIODE                       0.750000    1.764416   -1.014416 (VIOLATED)
ANTENNA_428/DIODE                       0.750000    1.764282   -1.014282 (VIOLATED)
ANTENNA_430/DIODE                       0.750000    1.764259   -1.014259 (VIOLATED)
clkbuf_2_3_1_clk_i/X                    0.750000    1.741416   -0.991416 (VIOLATED)
wire6872/A                              0.750000    1.737006   -0.987006 (VIOLATED)
ANTENNA_8400/DIODE                      0.750000    1.737002   -0.987002 (VIOLATED)
_097850_/X                              0.750000    1.732267   -0.982267 (VIOLATED)
_096063_/A0                             0.750000    1.723964   -0.973964 (VIOLATED)
ANTENNA_773/DIODE                       0.750000    1.723961   -0.973961 (VIOLATED)
_096059_/X                              0.750000    1.721584   -0.971584 (VIOLATED)
load_slew6873/X                         0.750000    1.715523   -0.965523 (VIOLATED)
_131332_/A2                             0.750000    1.691355   -0.941355 (VIOLATED)
ANTENNA_3090/DIODE                      0.750000    1.691323   -0.941323 (VIOLATED)
_144213_/A0                             0.750000    1.688457   -0.938457 (VIOLATED)
ANTENNA_5706/DIODE                      0.750000    1.688442   -0.938442 (VIOLATED)
ANTENNA_5708/DIODE                      0.750000    1.688440   -0.938440 (VIOLATED)
ANTENNA_5705/DIODE                      0.750000    1.688409   -0.938409 (VIOLATED)
ANTENNA_5707/DIODE                      0.750000    1.688386   -0.938386 (VIOLATED)
ANTENNA_5711/DIODE                      0.750000    1.686911   -0.936911 (VIOLATED)
_147326_/A0                             0.750000    1.686910   -0.936910 (VIOLATED)
ANTENNA_5709/DIODE                      0.750000    1.686898   -0.936898 (VIOLATED)
ANTENNA_5710/DIODE                      0.750000    1.686869   -0.936869 (VIOLATED)
ANTENNA_5712/DIODE                      0.750000    1.686802   -0.936802 (VIOLATED)
_095824_/X                              0.750000    1.681579   -0.931579 (VIOLATED)
ANTENNA_617/DIODE                       0.750000    1.681428   -0.931428 (VIOLATED)
ANTENNA_619/DIODE                       0.750000    1.681420   -0.931420 (VIOLATED)
ANTENNA_612/DIODE                       0.750000    1.681372   -0.931372 (VIOLATED)
ANTENNA_613/DIODE                       0.750000    1.681355   -0.931355 (VIOLATED)
_095956_/A0                             0.750000    1.681348   -0.931348 (VIOLATED)
ANTENNA_610/DIODE                       0.750000    1.681317   -0.931317 (VIOLATED)
ANTENNA_611/DIODE                       0.750000    1.681314   -0.931314 (VIOLATED)
ANTENNA_614/DIODE                       0.750000    1.681196   -0.931196 (VIOLATED)
ANTENNA_615/DIODE                       0.750000    1.681083   -0.931083 (VIOLATED)
ANTENNA_616/DIODE                       0.750000    1.681055   -0.931055 (VIOLATED)
ANTENNA_620/DIODE                       0.750000    1.681044   -0.931044 (VIOLATED)
ANTENNA_618/DIODE                       0.750000    1.680931   -0.930931 (VIOLATED)
ANTENNA_534/DIODE                       0.750000    1.653119   -0.903119 (VIOLATED)
_095908_/A0                             0.750000    1.653120   -0.903120 (VIOLATED)
clkbuf_2_0_1_clk_i/X                    0.750000    1.650988   -0.900988 (VIOLATED)
ANTENNA_3094/DIODE                      0.750000    1.649125   -0.899125 (VIOLATED)
ANTENNA_3092/DIODE                      0.750000    1.649099   -0.899099 (VIOLATED)
hold29641/A                             0.750000    1.649099   -0.899099 (VIOLATED)
ANTENNA_3091/DIODE                      0.750000    1.649090   -0.899090 (VIOLATED)
ANTENNA_3093/DIODE                      0.750000    1.649090   -0.899090 (VIOLATED)
ANTENNA_3095/DIODE                      0.750000    1.649090   -0.899090 (VIOLATED)
_190314_/Q                              0.750000    1.649090   -0.899090 (VIOLATED)
ANTENNA_478/DIODE                       0.750000    1.641580   -0.891580 (VIOLATED)
ANTENNA_474/DIODE                       0.750000    1.641579   -0.891579 (VIOLATED)
ANTENNA_476/DIODE                       0.750000    1.641580   -0.891580 (VIOLATED)
ANTENNA_472/DIODE                       0.750000    1.641577   -0.891577 (VIOLATED)
ANTENNA_471/DIODE                       0.750000    1.641576   -0.891576 (VIOLATED)
ANTENNA_470/DIODE                       0.750000    1.641573   -0.891573 (VIOLATED)
ANTENNA_469/DIODE                       0.750000    1.641571   -0.891571 (VIOLATED)
ANTENNA_468/DIODE                       0.750000    1.641568   -0.891568 (VIOLATED)
_095860_/A0                             0.750000    1.641561   -0.891561 (VIOLATED)
ANTENNA_473/DIODE                       0.750000    1.641479   -0.891479 (VIOLATED)
ANTENNA_475/DIODE                       0.750000    1.641424   -0.891424 (VIOLATED)
ANTENNA_477/DIODE                       0.750000    1.641418   -0.891418 (VIOLATED)
_095952_/X                              0.750000    1.637193   -0.887193 (VIOLATED)
_096031_/A0                             0.750000    1.630624   -0.880624 (VIOLATED)
ANTENNA_698/DIODE                       0.750000    1.630619   -0.880619 (VIOLATED)
ANTENNA_703/DIODE                       0.750000    1.630616   -0.880616 (VIOLATED)
ANTENNA_705/DIODE                       0.750000    1.630607   -0.880607 (VIOLATED)
ANTENNA_700/DIODE                       0.750000    1.630601   -0.880601 (VIOLATED)
ANTENNA_702/DIODE                       0.750000    1.630602   -0.880602 (VIOLATED)
ANTENNA_704/DIODE                       0.750000    1.630602   -0.880602 (VIOLATED)
ANTENNA_706/DIODE                       0.750000    1.630603   -0.880603 (VIOLATED)
ANTENNA_696/DIODE                       0.750000    1.630590   -0.880590 (VIOLATED)
ANTENNA_697/DIODE                       0.750000    1.630568   -0.880568 (VIOLATED)
ANTENNA_699/DIODE                       0.750000    1.630557   -0.880557 (VIOLATED)
ANTENNA_701/DIODE                       0.750000    1.630556   -0.880556 (VIOLATED)
_096027_/X                              0.750000    1.628393   -0.878393 (VIOLATED)
u_instruction_ram.g_sram[2].u_macro/clk0    0.750000    1.627017   -0.877017 (VIOLATED)
_092493_/B                              0.750000    1.622936   -0.872936 (VIOLATED)
_090245_/Y                              0.750000    1.622918   -0.872918 (VIOLATED)
_095904_/X                              0.750000    1.615379   -0.865379 (VIOLATED)
ANTENNA_498/DIODE                       0.750000    1.613055   -0.863055 (VIOLATED)
_095876_/A0                             0.750000    1.613055   -0.863055 (VIOLATED)
ANTENNA_494/DIODE                       0.750000    1.613054   -0.863054 (VIOLATED)
ANTENNA_496/DIODE                       0.750000    1.613054   -0.863054 (VIOLATED)
ANTENNA_497/DIODE                       0.750000    1.613049   -0.863049 (VIOLATED)
ANTENNA_495/DIODE                       0.750000    1.613048   -0.863048 (VIOLATED)
ANTENNA_493/DIODE                       0.750000    1.613047   -0.863047 (VIOLATED)
ANTENNA_490/DIODE                       0.750000    1.613043   -0.863043 (VIOLATED)
ANTENNA_492/DIODE                       0.750000    1.613044   -0.863044 (VIOLATED)
ANTENNA_488/DIODE                       0.750000    1.613017   -0.863017 (VIOLATED)
ANTENNA_489/DIODE                       0.750000    1.613004   -0.863004 (VIOLATED)
ANTENNA_491/DIODE                       0.750000    1.612900   -0.862900 (VIOLATED)
wire4101/A                              0.750000    1.607670   -0.857670 (VIOLATED)
ANTENNA_10268/DIODE                     0.750000    1.607657   -0.857657 (VIOLATED)
_090081_/X                              0.750000    1.606403   -0.856403 (VIOLATED)
u_npu.u_npu_sram.g_sram[12].u_macro/clk0    0.750000    1.603368   -0.853368 (VIOLATED)
_145794_/A0                             0.750000    1.599645   -0.849645 (VIOLATED)
ANTENNA_2707/DIODE                      0.750000    1.599643   -0.849643 (VIOLATED)
ANTENNA_2330/DIODE                      0.750000    1.598339   -0.848339 (VIOLATED)
ANTENNA_2332/DIODE                      0.750000    1.598340   -0.848340 (VIOLATED)
ANTENNA_2337/DIODE                      0.750000    1.598340   -0.848340 (VIOLATED)
ANTENNA_2335/DIODE                      0.750000    1.598339   -0.848339 (VIOLATED)
ANTENNA_2338/DIODE                      0.750000    1.598333   -0.848333 (VIOLATED)
ANTENNA_2340/DIODE                      0.750000    1.598333   -0.848334 (VIOLATED)
ANTENNA_2336/DIODE                      0.750000    1.598332   -0.848332 (VIOLATED)
ANTENNA_2331/DIODE                      0.750000    1.598324   -0.848324 (VIOLATED)
ANTENNA_2333/DIODE                      0.750000    1.598325   -0.848325 (VIOLATED)
ANTENNA_2339/DIODE                      0.750000    1.598316   -0.848316 (VIOLATED)
_144029_/A0                             0.750000    1.598313   -0.848313 (VIOLATED)
ANTENNA_2334/DIODE                      0.750000    1.598310   -0.848310 (VIOLATED)
_097214_/X                              0.750000    1.597861   -0.847861 (VIOLATED)
u_instruction_ram.g_sram[0].u_macro/clk0    0.750000    1.597113   -0.847113 (VIOLATED)
wire4106/A                              0.750000    1.591784   -0.841784 (VIOLATED)
ANTENNA_9107/DIODE                      0.750000    1.591776   -0.841776 (VIOLATED)
ANTENNA_7192/DIODE                      0.750000    1.588779   -0.838779 (VIOLATED)
ANTENNA_7190/DIODE                      0.750000    1.588744   -0.838744 (VIOLATED)
ANTENNA_7188/DIODE                      0.750000    1.588711   -0.838711 (VIOLATED)
_090057_/A1                             0.750000    1.588700   -0.838700 (VIOLATED)
ANTENNA_7186/DIODE                      0.750000    1.588699   -0.838699 (VIOLATED)
ANTENNA_7184/DIODE                      0.750000    1.588684   -0.838684 (VIOLATED)
ANTENNA_7183/DIODE                      0.750000    1.588670   -0.838670 (VIOLATED)
ANTENNA_7189/DIODE                      0.750000    1.588650   -0.838650 (VIOLATED)
ANTENNA_7187/DIODE                      0.750000    1.588649   -0.838649 (VIOLATED)
ANTENNA_7191/DIODE                      0.750000    1.588649   -0.838649 (VIOLATED)
ANTENNA_7193/DIODE                      0.750000    1.588646   -0.838646 (VIOLATED)
ANTENNA_7185/DIODE                      0.750000    1.588532   -0.838532 (VIOLATED)
_095856_/X                              0.750000    1.586779   -0.836779 (VIOLATED)
_098009_/A1                             0.750000    1.586522   -0.836522 (VIOLATED)
ANTENNA_9115/DIODE                      0.750000    1.586493   -0.836493 (VIOLATED)
ANTENNA_9113/DIODE                      0.750000    1.586490   -0.836490 (VIOLATED)
ANTENNA_9117/DIODE                      0.750000    1.586488   -0.836488 (VIOLATED)
ANTENNA_9119/DIODE                      0.750000    1.586487   -0.836487 (VIOLATED)
ANTENNA_9121/DIODE                      0.750000    1.586488   -0.836488 (VIOLATED)
ANTENNA_9112/DIODE                      0.750000    1.586463   -0.836463 (VIOLATED)
ANTENNA_9116/DIODE                      0.750000    1.586413   -0.836413 (VIOLATED)
ANTENNA_9114/DIODE                      0.750000    1.586411   -0.836411 (VIOLATED)
ANTENNA_9118/DIODE                      0.750000    1.586393   -0.836393 (VIOLATED)
ANTENNA_9122/DIODE                      0.750000    1.586353   -0.836353 (VIOLATED)
ANTENNA_9120/DIODE                      0.750000    1.586305   -0.836305 (VIOLATED)
clkbuf_2_1_1_clk_i/X                    0.750000    1.584760   -0.834760 (VIOLATED)
_097205_/X                              0.750000    1.584432   -0.834433 (VIOLATED)
ANTENNA_1356/DIODE                      0.750000    1.581534   -0.831534 (VIOLATED)
ANTENNA_1354/DIODE                      0.750000    1.581531   -0.831531 (VIOLATED)
ANTENNA_1352/DIODE                      0.750000    1.581513   -0.831513 (VIOLATED)
_097993_/A1                             0.750000    1.581492   -0.831492 (VIOLATED)
ANTENNA_1355/DIODE                      0.750000    1.581458   -0.831458 (VIOLATED)
ANTENNA_1353/DIODE                      0.750000    1.581452   -0.831452 (VIOLATED)
ANTENNA_2739/DIODE                      0.750000    1.581037   -0.831037 (VIOLATED)
ANTENNA_2737/DIODE                      0.750000    1.581034   -0.831034 (VIOLATED)
ANTENNA_2735/DIODE                      0.750000    1.581030   -0.831030 (VIOLATED)
ANTENNA_2733/DIODE                      0.750000    1.581024   -0.831024 (VIOLATED)
ANTENNA_2731/DIODE                      0.750000    1.581015   -0.831015 (VIOLATED)
ANTENNA_2729/DIODE                      0.750000    1.581004   -0.831004 (VIOLATED)
_145814_/A0                             0.750000    1.581005   -0.831005 (VIOLATED)
ANTENNA_2730/DIODE                      0.750000    1.580971   -0.830971 (VIOLATED)
ANTENNA_2732/DIODE                      0.750000    1.580964   -0.830964 (VIOLATED)
ANTENNA_2734/DIODE                      0.750000    1.580933   -0.830933 (VIOLATED)
ANTENNA_2738/DIODE                      0.750000    1.580913   -0.830913 (VIOLATED)
ANTENNA_2736/DIODE                      0.750000    1.580868   -0.830868 (VIOLATED)
ANTENNA_517/DIODE                       0.750000    1.578261   -0.828261 (VIOLATED)
ANTENNA_513/DIODE                       0.750000    1.578259   -0.828259 (VIOLATED)
ANTENNA_515/DIODE                       0.750000    1.578260   -0.828260 (VIOLATED)
ANTENNA_511/DIODE                       0.750000    1.578258   -0.828258 (VIOLATED)
_095892_/A0                             0.750000    1.578247   -0.828247 (VIOLATED)
ANTENNA_508/DIODE                       0.750000    1.578226   -0.828226 (VIOLATED)
ANTENNA_509/DIODE                       0.750000    1.578179   -0.828179 (VIOLATED)
ANTENNA_510/DIODE                       0.750000    1.578161   -0.828162 (VIOLATED)
ANTENNA_512/DIODE                       0.750000    1.578147   -0.828147 (VIOLATED)
ANTENNA_514/DIODE                       0.750000    1.578126   -0.828126 (VIOLATED)
ANTENNA_516/DIODE                       0.750000    1.578109   -0.828109 (VIOLATED)
ANTENNA_518/DIODE                       0.750000    1.578058   -0.828058 (VIOLATED)
ANTENNA_2421/DIODE                      0.750000    1.577529   -0.827529 (VIOLATED)
ANTENNA_2423/DIODE                      0.750000    1.577529   -0.827529 (VIOLATED)
ANTENNA_2425/DIODE                      0.750000    1.577529   -0.827529 (VIOLATED)
ANTENNA_2427/DIODE                      0.750000    1.577528   -0.827529 (VIOLATED)
ANTENNA_2418/DIODE                      0.750000    1.577525   -0.827525 (VIOLATED)
_144095_/A0                             0.750000    1.577522   -0.827522 (VIOLATED)
ANTENNA_2417/DIODE                      0.750000    1.577515   -0.827515 (VIOLATED)
ANTENNA_2419/DIODE                      0.750000    1.577515   -0.827515 (VIOLATED)
ANTENNA_2420/DIODE                      0.750000    1.577510   -0.827511 (VIOLATED)
ANTENNA_2422/DIODE                      0.750000    1.577508   -0.827508 (VIOLATED)
ANTENNA_2424/DIODE                      0.750000    1.577496   -0.827496 (VIOLATED)
ANTENNA_2426/DIODE                      0.750000    1.577497   -0.827497 (VIOLATED)
_144092_/X                              0.750000    1.574379   -0.824379 (VIOLATED)
_095872_/X                              0.750000    1.567967   -0.817967 (VIOLATED)
u_npu.u_npu_sram.g_sram[13].u_macro/clk1    0.750000    1.565856   -0.815856 (VIOLATED)
ANTENNA_10036/DIODE                     0.750000    1.564148   -0.814148 (VIOLATED)
ANTENNA_10034/DIODE                     0.750000    1.564147   -0.814147 (VIOLATED)
ANTENNA_10032/DIODE                     0.750000    1.564143   -0.814143 (VIOLATED)
ANTENNA_10030/DIODE                     0.750000    1.564138   -0.814138 (VIOLATED)
ANTENNA_10028/DIODE                     0.750000    1.564113   -0.814113 (VIOLATED)
ANTENNA_10026/DIODE                     0.750000    1.564074   -0.814074 (VIOLATED)
ANTENNA_10029/DIODE                     0.750000    1.564039   -0.814039 (VIOLATED)
ANTENNA_10031/DIODE                     0.750000    1.564038   -0.814038 (VIOLATED)
ANTENNA_10033/DIODE                     0.750000    1.564038   -0.814038 (VIOLATED)
ANTENNA_10035/DIODE                     0.750000    1.564037   -0.814037 (VIOLATED)
ANTENNA_10027/DIODE                     0.750000    1.563990   -0.813990 (VIOLATED)
_144054_/A0                             0.750000    1.563976   -0.813976 (VIOLATED)
ANTENNA_804/DIODE                       0.750000    1.560477   -0.810477 (VIOLATED)
ANTENNA_806/DIODE                       0.750000    1.560478   -0.810478 (VIOLATED)
ANTENNA_808/DIODE                       0.750000    1.560478   -0.810478 (VIOLATED)
ANTENNA_801/DIODE                       0.750000    1.560475   -0.810475 (VIOLATED)
ANTENNA_802/DIODE                       0.750000    1.560476   -0.810476 (VIOLATED)
_096079_/A0                             0.750000    1.560473   -0.810473 (VIOLATED)
ANTENNA_799/DIODE                       0.750000    1.560472   -0.810472 (VIOLATED)
ANTENNA_800/DIODE                       0.750000    1.560472   -0.810472 (VIOLATED)
ANTENNA_803/DIODE                       0.750000    1.560460   -0.810460 (VIOLATED)
ANTENNA_805/DIODE                       0.750000    1.560456   -0.810456 (VIOLATED)
ANTENNA_807/DIODE                       0.750000    1.560455   -0.810455 (VIOLATED)
ANTENNA_809/DIODE                       0.750000    1.560447   -0.810447 (VIOLATED)
_096075_/X                              0.750000    1.557606   -0.807606 (VIOLATED)
ANTENNA_734/DIODE                       0.750000    1.554550   -0.804550 (VIOLATED)
ANTENNA_736/DIODE                       0.750000    1.554551   -0.804551 (VIOLATED)
ANTENNA_732/DIODE                       0.750000    1.554549   -0.804549 (VIOLATED)
ANTENNA_738/DIODE                       0.750000    1.554548   -0.804548 (VIOLATED)
_096047_/A0                             0.750000    1.554522   -0.804522 (VIOLATED)
ANTENNA_729/DIODE                       0.750000    1.554490   -0.804491 (VIOLATED)
ANTENNA_730/DIODE                       0.750000    1.554449   -0.804449 (VIOLATED)
ANTENNA_731/DIODE                       0.750000    1.554439   -0.804439 (VIOLATED)
ANTENNA_733/DIODE                       0.750000    1.554432   -0.804432 (VIOLATED)
ANTENNA_735/DIODE                       0.750000    1.554422   -0.804422 (VIOLATED)
ANTENNA_737/DIODE                       0.750000    1.554412   -0.804412 (VIOLATED)
ANTENNA_739/DIODE                       0.750000    1.554383   -0.804383 (VIOLATED)
u_instruction_ram.g_sram[2].u_macro/clk1    0.750000    1.553939   -0.803939 (VIOLATED)
_144201_/A0                             0.750000    1.553649   -0.803649 (VIOLATED)
u_npu.u_npu_sram.g_sram[13].u_macro/clk0    0.750000    1.553597   -0.803597 (VIOLATED)
ANTENNA_5813/DIODE                      0.750000    1.553552   -0.803552 (VIOLATED)
_096255_/A0                             0.750000    1.553300   -0.803300 (VIOLATED)
ANTENNA_1144/DIODE                      0.750000    1.553287   -0.803287 (VIOLATED)
ANTENNA_1145/DIODE                      0.750000    1.553287   -0.803287 (VIOLATED)
ANTENNA_1142/DIODE                      0.750000    1.553286   -0.803286 (VIOLATED)
ANTENNA_1143/DIODE                      0.750000    1.553286   -0.803286 (VIOLATED)
ANTENNA_1140/DIODE                      0.750000    1.553284   -0.803284 (VIOLATED)
ANTENNA_1141/DIODE                      0.750000    1.553285   -0.803285 (VIOLATED)
ANTENNA_1146/DIODE                      0.750000    1.553282   -0.803282 (VIOLATED)
ANTENNA_1139/DIODE                      0.750000    1.553266   -0.803266 (VIOLATED)
ANTENNA_1137/DIODE                      0.750000    1.553265   -0.803265 (VIOLATED)
ANTENNA_1138/DIODE                      0.750000    1.553266   -0.803266 (VIOLATED)
ANTENNA_1147/DIODE                      0.750000    1.553233   -0.803233 (VIOLATED)
ANTENNA_5814/DIODE                      0.750000    1.548783   -0.798783 (VIOLATED)
_147314_/A0                             0.750000    1.548768   -0.798768 (VIOLATED)
_097992_/X                              0.750000    1.547542   -0.797542 (VIOLATED)
u_npu.u_npu_sram.g_sram[12].u_macro/clk1    0.750000    1.545208   -0.795208 (VIOLATED)
u_instruction_ram.g_sram[0].u_macro/clk1    0.750000    1.542631   -0.792631 (VIOLATED)
_096251_/X                              0.750000    1.542584   -0.792584 (VIOLATED)
u_instruction_ram.g_sram[3].u_macro/clk0    0.750000    1.542188   -0.792188 (VIOLATED)
_096043_/X                              0.750000    1.538708   -0.788708 (VIOLATED)
ANTENNA_9976/DIODE                      0.750000    1.537114   -0.787114 (VIOLATED)
ANTENNA_9980/DIODE                      0.750000    1.537104   -0.787104 (VIOLATED)
ANTENNA_9978/DIODE                      0.750000    1.537102   -0.787102 (VIOLATED)
ANTENNA_9974/DIODE                      0.750000    1.537078   -0.787078 (VIOLATED)
ANTENNA_9972/DIODE                      0.750000    1.537023   -0.787023 (VIOLATED)
ANTENNA_9970/DIODE                      0.750000    1.536921   -0.786921 (VIOLATED)
_096014_/A0                             0.750000    1.536858   -0.786858 (VIOLATED)
ANTENNA_9971/DIODE                      0.750000    1.536759   -0.786759 (VIOLATED)
ANTENNA_9973/DIODE                      0.750000    1.536657   -0.786658 (VIOLATED)
ANTENNA_9975/DIODE                      0.750000    1.536638   -0.786638 (VIOLATED)
ANTENNA_9979/DIODE                      0.750000    1.536527   -0.786527 (VIOLATED)
ANTENNA_9977/DIODE                      0.750000    1.536452   -0.786452 (VIOLATED)
u_instruction_ram.g_sram[1].u_macro/clk0    0.750000    1.535975   -0.785975 (VIOLATED)
_145792_/X                              0.750000    1.531212   -0.781212 (VIOLATED)
ANTENNA_1038/DIODE                      0.750000    1.526610   -0.776610 (VIOLATED)
_096207_/A0                             0.750000    1.526599   -0.776599 (VIOLATED)
ANTENNA_1039/DIODE                      0.750000    1.526596   -0.776596 (VIOLATED)
ANTENNA_1035/DIODE                      0.750000    1.526520   -0.776520 (VIOLATED)
ANTENNA_1037/DIODE                      0.750000    1.526521   -0.776521 (VIOLATED)
ANTENNA_1029/DIODE                      0.750000    1.526475   -0.776475 (VIOLATED)
ANTENNA_1030/DIODE                      0.750000    1.526474   -0.776474 (VIOLATED)
ANTENNA_1031/DIODE                      0.750000    1.526473   -0.776473 (VIOLATED)
ANTENNA_1032/DIODE                      0.750000    1.526451   -0.776451 (VIOLATED)
ANTENNA_1033/DIODE                      0.750000    1.526444   -0.776444 (VIOLATED)
ANTENNA_1034/DIODE                      0.750000    1.526437   -0.776437 (VIOLATED)
ANTENNA_1036/DIODE                      0.750000    1.526438   -0.776438 (VIOLATED)
_144027_/X                              0.750000    1.525168   -0.775168 (VIOLATED)
ANTENNA_598/DIODE                       0.750000    1.521168   -0.771168 (VIOLATED)
ANTENNA_596/DIODE                       0.750000    1.521166   -0.771167 (VIOLATED)
ANTENNA_594/DIODE                       0.750000    1.521165   -0.771165 (VIOLATED)
ANTENNA_592/DIODE                       0.750000    1.521164   -0.771164 (VIOLATED)
ANTENNA_590/DIODE                       0.750000    1.521162   -0.771162 (VIOLATED)
_095949_/A1                             0.750000    1.521160   -0.771160 (VIOLATED)
ANTENNA_588/DIODE                       0.750000    1.521159   -0.771159 (VIOLATED)
ANTENNA_589/DIODE                       0.750000    1.521081   -0.771081 (VIOLATED)
ANTENNA_591/DIODE                       0.750000    1.521025   -0.771025 (VIOLATED)
ANTENNA_593/DIODE                       0.750000    1.521019   -0.771019 (VIOLATED)
ANTENNA_595/DIODE                       0.750000    1.521012   -0.771012 (VIOLATED)
ANTENNA_597/DIODE                       0.750000    1.521005   -0.771005 (VIOLATED)
ANTENNA_1323/DIODE                      0.750000    1.515900   -0.765900 (VIOLATED)
_097961_/A1                             0.750000    1.515900   -0.765900 (VIOLATED)
ANTENNA_1324/DIODE                      0.750000    1.515898   -0.765898 (VIOLATED)
ANTENNA_759/DIODE                       0.750000    1.514657   -0.764657 (VIOLATED)
ANTENNA_757/DIODE                       0.750000    1.514655   -0.764655 (VIOLATED)
ANTENNA_754/DIODE                       0.750000    1.514654   -0.764654 (VIOLATED)
ANTENNA_755/DIODE                       0.750000    1.514655   -0.764655 (VIOLATED)
ANTENNA_753/DIODE                       0.750000    1.514654   -0.764654 (VIOLATED)
ANTENNA_752/DIODE                       0.750000    1.514653   -0.764653 (VIOLATED)
ANTENNA_751/DIODE                       0.750000    1.514652   -0.764652 (VIOLATED)
_096064_/A0                             0.750000    1.514649   -0.764649 (VIOLATED)
ANTENNA_756/DIODE                       0.750000    1.514622   -0.764622 (VIOLATED)
ANTENNA_758/DIODE                       0.750000    1.514604   -0.764604 (VIOLATED)
ANTENNA_760/DIODE                       0.750000    1.514580   -0.764581 (VIOLATED)
ANTENNA_761/DIODE                       0.750000    1.514580   -0.764580 (VIOLATED)
_095888_/X                              0.750000    1.514499   -0.764499 (VIOLATED)
ANTENNA_843/DIODE                       0.750000    1.514245   -0.764245 (VIOLATED)
ANTENNA_841/DIODE                       0.750000    1.514243   -0.764243 (VIOLATED)
ANTENNA_842/DIODE                       0.750000    1.514242   -0.764242 (VIOLATED)
_096111_/A0                             0.750000    1.514226   -0.764226 (VIOLATED)
ANTENNA_844/DIODE                       0.750000    1.514160   -0.764160 (VIOLATED)
_098008_/X                              0.750000    1.511407   -0.761407 (VIOLATED)
ANTENNA_1403/DIODE                      0.750000    1.508749   -0.758749 (VIOLATED)
ANTENNA_1402/DIODE                      0.750000    1.508736   -0.758736 (VIOLATED)
ANTENNA_1400/DIODE                      0.750000    1.508733   -0.758733 (VIOLATED)
ANTENNA_1398/DIODE                      0.750000    1.508723   -0.758723 (VIOLATED)
ANTENNA_1396/DIODE                      0.750000    1.508693   -0.758693 (VIOLATED)
_098058_/A1                             0.750000    1.508681   -0.758681 (VIOLATED)
ANTENNA_1401/DIODE                      0.750000    1.508679   -0.758679 (VIOLATED)
ANTENNA_1393/DIODE                      0.750000    1.508668   -0.758668 (VIOLATED)
ANTENNA_1395/DIODE                      0.750000    1.508653   -0.758653 (VIOLATED)
ANTENNA_1394/DIODE                      0.750000    1.508650   -0.758650 (VIOLATED)
_096056_/X                              0.750000    1.508622   -0.758622 (VIOLATED)
ANTENNA_1399/DIODE                      0.750000    1.508506   -0.758506 (VIOLATED)
ANTENNA_1397/DIODE                      0.750000    1.508443   -0.758444 (VIOLATED)
_145812_/X                              0.750000    1.503688   -0.753688 (VIOLATED)
_145809_/A0                             0.750000    1.503258   -0.753258 (VIOLATED)
ANTENNA_2727/DIODE                      0.750000    1.503256   -0.753256 (VIOLATED)
ANTENNA_2725/DIODE                      0.750000    1.503253   -0.753253 (VIOLATED)
ANTENNA_2728/DIODE                      0.750000    1.503254   -0.753254 (VIOLATED)
ANTENNA_2723/DIODE                      0.750000    1.503251   -0.753251 (VIOLATED)
ANTENNA_2724/DIODE                      0.750000    1.503238   -0.753238 (VIOLATED)
ANTENNA_2726/DIODE                      0.750000    1.503217   -0.753217 (VIOLATED)
_144052_/X                              0.750000    1.503049   -0.753049 (VIOLATED)
ANTENNA_2350/DIODE                      0.750000    1.495251   -0.745251 (VIOLATED)
ANTENNA_2348/DIODE                      0.750000    1.495245   -0.745245 (VIOLATED)
ANTENNA_2346/DIODE                      0.750000    1.495240   -0.745240 (VIOLATED)
ANTENNA_2344/DIODE                      0.750000    1.495237   -0.745237 (VIOLATED)
ANTENNA_2342/DIODE                      0.750000    1.495227   -0.745227 (VIOLATED)
_144034_/A0                             0.750000    1.495210   -0.745210 (VIOLATED)
ANTENNA_2341/DIODE                      0.750000    1.495151   -0.745151 (VIOLATED)
ANTENNA_2345/DIODE                      0.750000    1.495065   -0.745065 (VIOLATED)
ANTENNA_2343/DIODE                      0.750000    1.495064   -0.745064 (VIOLATED)
ANTENNA_2347/DIODE                      0.750000    1.495010   -0.745010 (VIOLATED)
ANTENNA_2349/DIODE                      0.750000    1.494990   -0.744990 (VIOLATED)
ANTENNA_2351/DIODE                      0.750000    1.494965   -0.744965 (VIOLATED)
_096107_/X                              0.750000    1.494724   -0.744724 (VIOLATED)
_096008_/X                              0.750000    1.492101   -0.742101 (VIOLATED)
_098148_/A1                             0.750000    1.488700   -0.738700 (VIOLATED)
ANTENNA_1454/DIODE                      0.750000    1.488698   -0.738698 (VIOLATED)
ANTENNA_1413/DIODE                      0.750000    1.488432   -0.738432 (VIOLATED)
ANTENNA_1415/DIODE                      0.750000    1.488426   -0.738426 (VIOLATED)
ANTENNA_1411/DIODE                      0.750000    1.488349   -0.738349 (VIOLATED)
ANTENNA_1407/DIODE                      0.750000    1.488332   -0.738332 (VIOLATED)
_098074_/A1                             0.750000    1.488308   -0.738308 (VIOLATED)
ANTENNA_1406/DIODE                      0.750000    1.488267   -0.738267 (VIOLATED)
ANTENNA_1408/DIODE                      0.750000    1.488258   -0.738258 (VIOLATED)
ANTENNA_1409/DIODE                      0.750000    1.488258   -0.738258 (VIOLATED)
ANTENNA_1410/DIODE                      0.750000    1.488241   -0.738241 (VIOLATED)
ANTENNA_1412/DIODE                      0.750000    1.488223   -0.738223 (VIOLATED)
ANTENNA_1414/DIODE                      0.750000    1.488205   -0.738205 (VIOLATED)
ANTENNA_1416/DIODE                      0.750000    1.488079   -0.738079 (VIOLATED)
_098147_/X                              0.750000    1.487920   -0.737920 (VIOLATED)
ANTENNA_577/DIODE                       0.750000    1.485281   -0.735281 (VIOLATED)
ANTENNA_578/DIODE                       0.750000    1.485279   -0.735279 (VIOLATED)
ANTENNA_581/DIODE                       0.750000    1.485263   -0.735264 (VIOLATED)
ANTENNA_587/DIODE                       0.750000    1.485221   -0.735221 (VIOLATED)
ANTENNA_585/DIODE                       0.750000    1.485205   -0.735205 (VIOLATED)
ANTENNA_583/DIODE                       0.750000    1.485203   -0.735203 (VIOLATED)
ANTENNA_580/DIODE                       0.750000    1.485200   -0.735200 (VIOLATED)
ANTENNA_579/DIODE                       0.750000    1.485197   -0.735197 (VIOLATED)
_095940_/A0                             0.750000    1.485190   -0.735190 (VIOLATED)
ANTENNA_582/DIODE                       0.750000    1.485155   -0.735155 (VIOLATED)
ANTENNA_584/DIODE                       0.750000    1.485150   -0.735150 (VIOLATED)
ANTENNA_586/DIODE                       0.750000    1.485145   -0.735145 (VIOLATED)
ANTENNA_929/DIODE                       0.750000    1.485091   -0.735091 (VIOLATED)
ANTENNA_928/DIODE                       0.750000    1.485090   -0.735090 (VIOLATED)
ANTENNA_927/DIODE                       0.750000    1.485089   -0.735089 (VIOLATED)
ANTENNA_926/DIODE                       0.750000    1.485088   -0.735088 (VIOLATED)
ANTENNA_925/DIODE                       0.750000    1.485085   -0.735085 (VIOLATED)
ANTENNA_924/DIODE                       0.750000    1.485083   -0.735083 (VIOLATED)
ANTENNA_923/DIODE                       0.750000    1.485081   -0.735081 (VIOLATED)
ANTENNA_922/DIODE                       0.750000    1.485078   -0.735078 (VIOLATED)
_096159_/A0                             0.750000    1.485034   -0.735034 (VIOLATED)
ANTENNA_932/DIODE                       0.750000    1.484971   -0.734971 (VIOLATED)
_097960_/X                              0.750000    1.484970   -0.734970 (VIOLATED)
ANTENNA_930/DIODE                       0.750000    1.484965   -0.734965 (VIOLATED)
ANTENNA_931/DIODE                       0.750000    1.484837   -0.734837 (VIOLATED)
_096203_/X                              0.750000    1.484166   -0.734166 (VIOLATED)
ANTENNA_2360/DIODE                      0.750000    1.472660   -0.722660 (VIOLATED)
ANTENNA_2358/DIODE                      0.750000    1.472659   -0.722659 (VIOLATED)
ANTENNA_2356/DIODE                      0.750000    1.472658   -0.722658 (VIOLATED)
ANTENNA_2354/DIODE                      0.750000    1.472656   -0.722656 (VIOLATED)
ANTENNA_2352/DIODE                      0.750000    1.472654   -0.722654 (VIOLATED)
_144039_/A0                             0.750000    1.472616   -0.722616 (VIOLATED)
ANTENNA_2353/DIODE                      0.750000    1.472539   -0.722539 (VIOLATED)
ANTENNA_2359/DIODE                      0.750000    1.472492   -0.722492 (VIOLATED)
ANTENNA_2355/DIODE                      0.750000    1.472491   -0.722491 (VIOLATED)
ANTENNA_2357/DIODE                      0.750000    1.472491   -0.722491 (VIOLATED)
ANTENNA_2361/DIODE                      0.750000    1.472468   -0.722468 (VIOLATED)
ANTENNA_2362/DIODE                      0.750000    1.472446   -0.722446 (VIOLATED)
_097915_/B1                             0.750000    1.470187   -0.720187 (VIOLATED)
ANTENNA_1304/DIODE                      0.750000    1.470181   -0.720181 (VIOLATED)
_145807_/X                              0.750000    1.469210   -0.719210 (VIOLATED)
_098073_/X                              0.750000    1.460746   -0.710746 (VIOLATED)
ANTENNA_1476/DIODE                      0.750000    1.458845   -0.708845 (VIOLATED)
ANTENNA_1468/DIODE                      0.750000    1.458839   -0.708839 (VIOLATED)
ANTENNA_1467/DIODE                      0.750000    1.458838   -0.708838 (VIOLATED)
ANTENNA_1472/DIODE                      0.750000    1.458833   -0.708833 (VIOLATED)
ANTENNA_1474/DIODE                      0.750000    1.458832   -0.708832 (VIOLATED)
ANTENNA_1466/DIODE                      0.750000    1.458828   -0.708828 (VIOLATED)
_098164_/A1                             0.750000    1.458827   -0.708827 (VIOLATED)
ANTENNA_1469/DIODE                      0.750000    1.458802   -0.708802 (VIOLATED)
ANTENNA_1471/DIODE                      0.750000    1.458802   -0.708802 (VIOLATED)
ANTENNA_1470/DIODE                      0.750000    1.458801   -0.708801 (VIOLATED)
ANTENNA_1473/DIODE                      0.750000    1.458721   -0.708721 (VIOLATED)
ANTENNA_1475/DIODE                      0.750000    1.458721   -0.708721 (VIOLATED)
_098057_/X                              0.750000    1.456554   -0.706554 (VIOLATED)
ANTENNA_2703/DIODE                      0.750000    1.455740   -0.705740 (VIOLATED)
ANTENNA_2701/DIODE                      0.750000    1.455737   -0.705737 (VIOLATED)
ANTENNA_2699/DIODE                      0.750000    1.455734   -0.705734 (VIOLATED)
_145784_/A0                             0.750000    1.455734   -0.705734 (VIOLATED)
ANTENNA_2695/DIODE                      0.750000    1.455732   -0.705732 (VIOLATED)
ANTENNA_2697/DIODE                      0.750000    1.455729   -0.705729 (VIOLATED)
ANTENNA_2694/DIODE                      0.750000    1.455725   -0.705725 (VIOLATED)
ANTENNA_2693/DIODE                      0.750000    1.455723   -0.705723 (VIOLATED)
ANTENNA_2696/DIODE                      0.750000    1.455700   -0.705700 (VIOLATED)
ANTENNA_2698/DIODE                      0.750000    1.455684   -0.705684 (VIOLATED)
ANTENNA_2700/DIODE                      0.750000    1.455667   -0.705667 (VIOLATED)
ANTENNA_2702/DIODE                      0.750000    1.455654   -0.705654 (VIOLATED)
ANTENNA_544/DIODE                       0.750000    1.451225   -0.701225 (VIOLATED)
ANTENNA_540/DIODE                       0.750000    1.451223   -0.701224 (VIOLATED)
ANTENNA_542/DIODE                       0.750000    1.451223   -0.701223 (VIOLATED)
_095917_/A1                             0.750000    1.451223   -0.701223 (VIOLATED)
ANTENNA_538/DIODE                       0.750000    1.451222   -0.701222 (VIOLATED)
ANTENNA_535/DIODE                       0.750000    1.451220   -0.701220 (VIOLATED)
ANTENNA_536/DIODE                       0.750000    1.451210   -0.701210 (VIOLATED)
ANTENNA_537/DIODE                       0.750000    1.451207   -0.701207 (VIOLATED)
ANTENNA_539/DIODE                       0.750000    1.451207   -0.701207 (VIOLATED)
ANTENNA_541/DIODE                       0.750000    1.451203   -0.701203 (VIOLATED)
ANTENNA_543/DIODE                       0.750000    1.451198   -0.701198 (VIOLATED)
ANTENNA_545/DIODE                       0.750000    1.451171   -0.701171 (VIOLATED)
_095936_/X                              0.750000    1.449886   -0.699886 (VIOLATED)
u_data_ram.g_sram[2].u_macro/din0[26]    0.750000    1.449375   -0.699375 (VIOLATED)
_095916_/X                              0.750000    1.448745   -0.698745 (VIOLATED)
_095948_/X                              0.750000    1.448424   -0.698424 (VIOLATED)
_096155_/X                              0.750000    1.446517   -0.696517 (VIOLATED)
_096143_/A0                             0.750000    1.446478   -0.696478 (VIOLATED)
ANTENNA_899/DIODE                       0.750000    1.446477   -0.696477 (VIOLATED)
_098163_/X                              0.750000    1.440148   -0.690149 (VIOLATED)
ANTENNA_652/DIODE                       0.750000    1.438785   -0.688785 (VIOLATED)
_095982_/A1                             0.750000    1.438783   -0.688783 (VIOLATED)
_144032_/X                              0.750000    1.438391   -0.688391 (VIOLATED)
ANTENNA_649/DIODE                       0.750000    1.436366   -0.686366 (VIOLATED)
ANTENNA_648/DIODE                       0.750000    1.436365   -0.686365 (VIOLATED)
ANTENNA_647/DIODE                       0.750000    1.436347   -0.686347 (VIOLATED)
ANTENNA_646/DIODE                       0.750000    1.436335   -0.686335 (VIOLATED)
ANTENNA_645/DIODE                       0.750000    1.436333   -0.686333 (VIOLATED)
ANTENNA_644/DIODE                       0.750000    1.436331   -0.686331 (VIOLATED)
ANTENNA_643/DIODE                       0.750000    1.436328   -0.686328 (VIOLATED)
ANTENNA_641/DIODE                       0.750000    1.436325   -0.686325 (VIOLATED)
ANTENNA_642/DIODE                       0.750000    1.436325   -0.686325 (VIOLATED)
_095973_/A0                             0.750000    1.436326   -0.686326 (VIOLATED)
ANTENNA_650/DIODE                       0.750000    1.436314   -0.686314 (VIOLATED)
ANTENNA_651/DIODE                       0.750000    1.436287   -0.686287 (VIOLATED)
_096139_/X                              0.750000    1.434094   -0.684094 (VIOLATED)
ANTENNA_2692/DIODE                      0.750000    1.433308   -0.683309 (VIOLATED)
ANTENNA_2691/DIODE                      0.750000    1.433307   -0.683307 (VIOLATED)
_145779_/A0                             0.750000    1.433306   -0.683306 (VIOLATED)
ANTENNA_2690/DIODE                      0.750000    1.433292   -0.683292 (VIOLATED)
ANTENNA_867/DIODE                       0.750000    1.429218   -0.679218 (VIOLATED)
ANTENNA_865/DIODE                       0.750000    1.429217   -0.679217 (VIOLATED)
ANTENNA_863/DIODE                       0.750000    1.429216   -0.679216 (VIOLATED)
ANTENNA_861/DIODE                       0.750000    1.429214   -0.679214 (VIOLATED)
ANTENNA_860/DIODE                       0.750000    1.429211   -0.679211 (VIOLATED)
ANTENNA_859/DIODE                       0.750000    1.429209   -0.679209 (VIOLATED)
ANTENNA_858/DIODE                       0.750000    1.429206   -0.679206 (VIOLATED)
ANTENNA_857/DIODE                       0.750000    1.429202   -0.679202 (VIOLATED)
_096128_/A0                             0.750000    1.429148   -0.679148 (VIOLATED)
wire9151/A                              0.750000    1.429115   -0.679115 (VIOLATED)
ANTENNA_862/DIODE                       0.750000    1.429063   -0.679063 (VIOLATED)
ANTENNA_864/DIODE                       0.750000    1.429057   -0.679057 (VIOLATED)
ANTENNA_866/DIODE                       0.750000    1.429051   -0.679051 (VIOLATED)
hold31936/A                             0.750000    1.428986   -0.678986 (VIOLATED)
_189250_/Q                              0.750000    1.428968   -0.678968 (VIOLATED)
ANTENNA_920/DIODE                       0.750000    1.425914   -0.675914 (VIOLATED)
ANTENNA_918/DIODE                       0.750000    1.425912   -0.675912 (VIOLATED)
ANTENNA_919/DIODE                       0.750000    1.425913   -0.675913 (VIOLATED)
ANTENNA_917/DIODE                       0.750000    1.425911   -0.675911 (VIOLATED)
ANTENNA_915/DIODE                       0.750000    1.425909   -0.675909 (VIOLATED)
ANTENNA_913/DIODE                       0.750000    1.425907   -0.675908 (VIOLATED)
ANTENNA_911/DIODE                       0.750000    1.425906   -0.675906 (VIOLATED)
_096160_/A0                             0.750000    1.425902   -0.675902 (VIOLATED)
ANTENNA_912/DIODE                       0.750000    1.425864   -0.675864 (VIOLATED)
ANTENNA_914/DIODE                       0.750000    1.425832   -0.675832 (VIOLATED)
ANTENNA_916/DIODE                       0.750000    1.425828   -0.675828 (VIOLATED)
ANTENNA_921/DIODE                       0.750000    1.425767   -0.675767 (VIOLATED)
_097914_/X                              0.750000    1.423070   -0.673070 (VIOLATED)
_145789_/A0                             0.750000    1.421606   -0.671606 (VIOLATED)
ANTENNA_2706/DIODE                      0.750000    1.421603   -0.671603 (VIOLATED)
ANTENNA_2704/DIODE                      0.750000    1.421599   -0.671599 (VIOLATED)
ANTENNA_2705/DIODE                      0.750000    1.421589   -0.671589 (VIOLATED)
_145799_/A0                             0.750000    1.421178   -0.671178 (VIOLATED)
ANTENNA_2710/DIODE                      0.750000    1.421175   -0.671175 (VIOLATED)
ANTENNA_2708/DIODE                      0.750000    1.421172   -0.671172 (VIOLATED)
ANTENNA_2709/DIODE                      0.750000    1.421162   -0.671162 (VIOLATED)
_096208_/A0                             0.750000    1.419490   -0.669490 (VIOLATED)
ANTENNA_1018/DIODE                      0.750000    1.419450   -0.669450 (VIOLATED)
ANTENNA_1019/DIODE                      0.750000    1.419431   -0.669432 (VIOLATED)
ANTENNA_1020/DIODE                      0.750000    1.419429   -0.669429 (VIOLATED)
ANTENNA_1021/DIODE                      0.750000    1.419426   -0.669426 (VIOLATED)
ANTENNA_1022/DIODE                      0.750000    1.419422   -0.669422 (VIOLATED)
ANTENNA_1026/DIODE                      0.750000    1.419350   -0.669350 (VIOLATED)
ANTENNA_1024/DIODE                      0.750000    1.419312   -0.669312 (VIOLATED)
ANTENNA_1028/DIODE                      0.750000    1.419244   -0.669244 (VIOLATED)
ANTENNA_1027/DIODE                      0.750000    1.419166   -0.669166 (VIOLATED)
ANTENNA_1025/DIODE                      0.750000    1.419163   -0.669164 (VIOLATED)
ANTENNA_1023/DIODE                      0.750000    1.419162   -0.669162 (VIOLATED)
ANTENNA_3049/DIODE                      0.750000    1.418323   -0.668323 (VIOLATED)
_131331_/A2                             0.750000    1.418307   -0.668307 (VIOLATED)
ANTENNA_1065/DIODE                      0.750000    1.416841   -0.666841 (VIOLATED)
ANTENNA_1064/DIODE                      0.750000    1.416840   -0.666840 (VIOLATED)
ANTENNA_1066/DIODE                      0.750000    1.416839   -0.666839 (VIOLATED)
ANTENNA_1069/DIODE                      0.750000    1.416837   -0.666838 (VIOLATED)
ANTENNA_1062/DIODE                      0.750000    1.416805   -0.666805 (VIOLATED)
ANTENNA_1067/DIODE                      0.750000    1.416798   -0.666798 (VIOLATED)
ANTENNA_1063/DIODE                      0.750000    1.416762   -0.666763 (VIOLATED)
_096223_/A0                             0.750000    1.416758   -0.666758 (VIOLATED)
ANTENNA_676/DIODE                       0.750000    1.416714   -0.666714 (VIOLATED)
_095989_/A0                             0.750000    1.416714   -0.666714 (VIOLATED)
ANTENNA_675/DIODE                       0.750000    1.416710   -0.666710 (VIOLATED)
_092024_/A                              0.750000    1.416663   -0.666663 (VIOLATED)
ANTENNA_1068/DIODE                      0.750000    1.416656   -0.666656 (VIOLATED)
_144037_/X                              0.750000    1.415455   -0.665455 (VIOLATED)
ANTENNA_1102/DIODE                      0.750000    1.413833   -0.663833 (VIOLATED)
ANTENNA_1101/DIODE                      0.750000    1.413790   -0.663790 (VIOLATED)
ANTENNA_1100/DIODE                      0.750000    1.413787   -0.663787 (VIOLATED)
ANTENNA_1098/DIODE                      0.750000    1.413778   -0.663778 (VIOLATED)
ANTENNA_1099/DIODE                      0.750000    1.413770   -0.663770 (VIOLATED)
_096239_/A0                             0.750000    1.413691   -0.663691 (VIOLATED)
ANTENNA_1092/DIODE                      0.750000    1.413583   -0.663583 (VIOLATED)
ANTENNA_1093/DIODE                      0.750000    1.413531   -0.663531 (VIOLATED)
ANTENNA_1094/DIODE                      0.750000    1.413526   -0.663526 (VIOLATED)
ANTENNA_1095/DIODE                      0.750000    1.413520   -0.663520 (VIOLATED)
ANTENNA_1096/DIODE                      0.750000    1.413514   -0.663514 (VIOLATED)
ANTENNA_1097/DIODE                      0.750000    1.413508   -0.663508 (VIOLATED)
wire3144/A                              0.750000    1.413156   -0.663156 (VIOLATED)
ANTENNA_2952/DIODE                      0.750000    1.413149   -0.663149 (VIOLATED)
_145777_/X                              0.750000    1.411618   -0.661618 (VIOLATED)
ANTENNA_1432/DIODE                      0.750000    1.411075   -0.661075 (VIOLATED)
ANTENNA_1434/DIODE                      0.750000    1.411075   -0.661075 (VIOLATED)
ANTENNA_1436/DIODE                      0.750000    1.411072   -0.661073 (VIOLATED)
ANTENNA_1438/DIODE                      0.750000    1.411073   -0.661073 (VIOLATED)
ANTENNA_1440/DIODE                      0.750000    1.411062   -0.661062 (VIOLATED)
_098116_/A1                             0.750000    1.411054   -0.661054 (VIOLATED)
ANTENNA_1433/DIODE                      0.750000    1.411022   -0.661022 (VIOLATED)
ANTENNA_1435/DIODE                      0.750000    1.410995   -0.660995 (VIOLATED)
ANTENNA_1437/DIODE                      0.750000    1.410992   -0.660992 (VIOLATED)
ANTENNA_1439/DIODE                      0.750000    1.410989   -0.660989 (VIOLATED)
ANTENNA_1441/DIODE                      0.750000    1.410985   -0.660985 (VIOLATED)
_132260_/B2                             0.750000    1.410413   -0.660413 (VIOLATED)
ANTENNA_3008/DIODE                      0.750000    1.410390   -0.660390 (VIOLATED)
_096152_/X                              0.750000    1.406267   -0.656267 (VIOLATED)
ANTENNA_2393/DIODE                      0.750000    1.403599   -0.653599 (VIOLATED)
_144074_/A0                             0.750000    1.403599   -0.653599 (VIOLATED)
_095969_/X                              0.750000    1.401973   -0.651973 (VIOLATED)
fanout10964/A                           0.750000    1.401868   -0.651868 (VIOLATED)
fanout10954/A                           0.750000    1.401834   -0.651834 (VIOLATED)
fanout10923/A                           0.750000    1.401826   -0.651826 (VIOLATED)
fanout10925/A                           0.750000    1.401752   -0.651752 (VIOLATED)
fanout10920/A                           0.750000    1.401746   -0.651746 (VIOLATED)
fanout10918/A                           0.750000    1.401713   -0.651713 (VIOLATED)
fanout10946/A                           0.750000    1.401582   -0.651582 (VIOLATED)
fanout10910/A                           0.750000    1.401541   -0.651541 (VIOLATED)
fanout10966/X                           0.750000    1.401541   -0.651541 (VIOLATED)
wire2685/A                              0.750000    1.401046   -0.651046 (VIOLATED)
ANTENNA_164/DIODE                       0.750000    1.401029   -0.651029 (VIOLATED)
_145782_/X                              0.750000    1.397027   -0.647027 (VIOLATED)
_095981_/X                              0.750000    1.395926   -0.645926 (VIOLATED)
_096032_/A0                             0.750000    1.395781   -0.645781 (VIOLATED)
ANTENNA_684/DIODE                       0.750000    1.395777   -0.645777 (VIOLATED)
ANTENNA_2390/DIODE                      0.750000    1.393581   -0.643581 (VIOLATED)
ANTENNA_2392/DIODE                      0.750000    1.393576   -0.643576 (VIOLATED)
ANTENNA_2388/DIODE                      0.750000    1.393564   -0.643564 (VIOLATED)
_144064_/A0                             0.750000    1.393549   -0.643549 (VIOLATED)
ANTENNA_2385/DIODE                      0.750000    1.393541   -0.643541 (VIOLATED)
ANTENNA_2383/DIODE                      0.750000    1.393540   -0.643540 (VIOLATED)
ANTENNA_2382/DIODE                      0.750000    1.393536   -0.643536 (VIOLATED)
ANTENNA_2384/DIODE                      0.750000    1.393400   -0.643400 (VIOLATED)
ANTENNA_2386/DIODE                      0.750000    1.393281   -0.643281 (VIOLATED)
ANTENNA_2389/DIODE                      0.750000    1.393273   -0.643273 (VIOLATED)
ANTENNA_2387/DIODE                      0.750000    1.393271   -0.643271 (VIOLATED)
ANTENNA_2391/DIODE                      0.750000    1.393270   -0.643270 (VIOLATED)
ANTENNA_10001/DIODE                     0.750000    1.392815   -0.642815 (VIOLATED)
ANTENNA_10003/DIODE                     0.750000    1.392815   -0.642815 (VIOLATED)
ANTENNA_10008/DIODE                     0.750000    1.392801   -0.642801 (VIOLATED)
ANTENNA_10006/DIODE                     0.750000    1.392794   -0.642794 (VIOLATED)
_098099_/A1                             0.750000    1.392792   -0.642792 (VIOLATED)
ANTENNA_10002/DIODE                     0.750000    1.392767   -0.642767 (VIOLATED)
ANTENNA_10004/DIODE                     0.750000    1.392747   -0.642747 (VIOLATED)
ANTENNA_10005/DIODE                     0.750000    1.392745   -0.642745 (VIOLATED)
ANTENNA_10007/DIODE                     0.750000    1.392742   -0.642742 (VIOLATED)
_098115_/X                              0.750000    1.389813   -0.639813 (VIOLATED)
_145804_/A0                             0.750000    1.389431   -0.639431 (VIOLATED)
ANTENNA_2721/DIODE                      0.750000    1.389419   -0.639419 (VIOLATED)
ANTENNA_2719/DIODE                      0.750000    1.389415   -0.639415 (VIOLATED)
ANTENNA_2717/DIODE                      0.750000    1.389412   -0.639412 (VIOLATED)
ANTENNA_2712/DIODE                      0.750000    1.389409   -0.639409 (VIOLATED)
ANTENNA_2715/DIODE                      0.750000    1.389407   -0.639407 (VIOLATED)
ANTENNA_2713/DIODE                      0.750000    1.389400   -0.639400 (VIOLATED)
ANTENNA_2714/DIODE                      0.750000    1.389379   -0.639379 (VIOLATED)
ANTENNA_2716/DIODE                      0.750000    1.389364   -0.639364 (VIOLATED)
ANTENNA_2718/DIODE                      0.750000    1.389348   -0.639348 (VIOLATED)
ANTENNA_2722/DIODE                      0.750000    1.389337   -0.639337 (VIOLATED)
ANTENNA_2720/DIODE                      0.750000    1.389298   -0.639298 (VIOLATED)
_096235_/X                              0.750000    1.385922   -0.635922 (VIOLATED)
_096219_/X                              0.750000    1.382867   -0.632867 (VIOLATED)
_096024_/X                              0.750000    1.379279   -0.629279 (VIOLATED)
_092076_/X                              0.750000    1.378288   -0.628288 (VIOLATED)
ANTENNA_1182/DIODE                      0.750000    1.376889   -0.626889 (VIOLATED)
ANTENNA_1186/DIODE                      0.750000    1.376887   -0.626887 (VIOLATED)
ANTENNA_1188/DIODE                      0.750000    1.376887   -0.626887 (VIOLATED)
ANTENNA_1184/DIODE                      0.750000    1.376881   -0.626881 (VIOLATED)
_097692_/A1                             0.750000    1.376875   -0.626875 (VIOLATED)
ANTENNA_1183/DIODE                      0.750000    1.376862   -0.626862 (VIOLATED)
ANTENNA_1185/DIODE                      0.750000    1.376852   -0.626852 (VIOLATED)
ANTENNA_1187/DIODE                      0.750000    1.376851   -0.626851 (VIOLATED)
ANTENNA_1189/DIODE                      0.750000    1.376849   -0.626849 (VIOLATED)
ANTENNA_1190/DIODE                      0.750000    1.376848   -0.626848 (VIOLATED)
ANTENNA_1191/DIODE                      0.750000    1.376846   -0.626846 (VIOLATED)
ANTENNA_1192/DIODE                      0.750000    1.376845   -0.626845 (VIOLATED)
_095985_/X                              0.750000    1.376055   -0.626055 (VIOLATED)
_096120_/X                              0.750000    1.375988   -0.625988 (VIOLATED)
ANTENNA_8586/DIODE                      0.750000    1.375924   -0.625924 (VIOLATED)
ANTENNA_8584/DIODE                      0.750000    1.375892   -0.625892 (VIOLATED)
_132475_/B2                             0.750000    1.375866   -0.625866 (VIOLATED)
ANTENNA_8582/DIODE                      0.750000    1.375839   -0.625839 (VIOLATED)
ANTENNA_8578/DIODE                      0.750000    1.375833   -0.625833 (VIOLATED)
ANTENNA_8580/DIODE                      0.750000    1.375830   -0.625830 (VIOLATED)
ANTENNA_8577/DIODE                      0.750000    1.375797   -0.625797 (VIOLATED)
ANTENNA_8579/DIODE                      0.750000    1.375559   -0.625560 (VIOLATED)
ANTENNA_8587/DIODE                      0.750000    1.375535   -0.625535 (VIOLATED)
ANTENNA_8585/DIODE                      0.750000    1.375517   -0.625517 (VIOLATED)
ANTENNA_8583/DIODE                      0.750000    1.375497   -0.625497 (VIOLATED)
ANTENNA_8581/DIODE                      0.750000    1.375477   -0.625477 (VIOLATED)
_098097_/X                              0.750000    1.374810   -0.624810 (VIOLATED)
_147251_/A                              0.750000    1.374424   -0.624424 (VIOLATED)
ANTENNA_2834/DIODE                      0.750000    1.374409   -0.624409 (VIOLATED)
_147192_/A                              0.750000    1.374404   -0.624404 (VIOLATED)
ANTENNA_2833/DIODE                      0.750000    1.374395   -0.624395 (VIOLATED)
ANTENNA_2445/DIODE                      0.750000    1.373257   -0.623257 (VIOLATED)
ANTENNA_2447/DIODE                      0.750000    1.373258   -0.623258 (VIOLATED)
ANTENNA_2449/DIODE                      0.750000    1.373258   -0.623258 (VIOLATED)
ANTENNA_2443/DIODE                      0.750000    1.373253   -0.623253 (VIOLATED)
ANTENNA_2441/DIODE                      0.750000    1.373250   -0.623250 (VIOLATED)
_144111_/A0                             0.750000    1.373249   -0.623249 (VIOLATED)
ANTENNA_2442/DIODE                      0.750000    1.373239   -0.623239 (VIOLATED)
ANTENNA_2444/DIODE                      0.750000    1.373232   -0.623232 (VIOLATED)
ANTENNA_2446/DIODE                      0.750000    1.373232   -0.623232 (VIOLATED)
ANTENNA_2448/DIODE                      0.750000    1.373232   -0.623232 (VIOLATED)
ANTENNA_2450/DIODE                      0.750000    1.373233   -0.623233 (VIOLATED)
_097691_/X                              0.750000    1.373012   -0.623012 (VIOLATED)
_179254_/B                              0.750000    1.372907   -0.622907 (VIOLATED)
_179420_/B                              0.750000    1.372864   -0.622864 (VIOLATED)
_179253_/Y                              0.750000    1.372850   -0.622850 (VIOLATED)
_092023_/X                              0.750000    1.372374   -0.622374 (VIOLATED)
_144109_/X                              0.750000    1.371164   -0.621164 (VIOLATED)
ANTENNA_529/DIODE                       0.750000    1.370152   -0.620152 (VIOLATED)
ANTENNA_528/DIODE                       0.750000    1.370151   -0.620151 (VIOLATED)
ANTENNA_527/DIODE                       0.750000    1.370149   -0.620149 (VIOLATED)
ANTENNA_526/DIODE                       0.750000    1.370148   -0.620148 (VIOLATED)
ANTENNA_525/DIODE                       0.750000    1.370146   -0.620146 (VIOLATED)
ANTENNA_524/DIODE                       0.750000    1.370145   -0.620145 (VIOLATED)
_095901_/A1                             0.750000    1.370141   -0.620141 (VIOLATED)
ANTENNA_522/DIODE                       0.750000    1.370136   -0.620136 (VIOLATED)
ANTENNA_520/DIODE                       0.750000    1.370135   -0.620135 (VIOLATED)
ANTENNA_519/DIODE                       0.750000    1.370119   -0.620119 (VIOLATED)
ANTENNA_521/DIODE                       0.750000    1.370113   -0.620113 (VIOLATED)
ANTENNA_523/DIODE                       0.750000    1.370106   -0.620106 (VIOLATED)
_147069_/A2                             0.750000    1.368791   -0.618791 (VIOLATED)
ANTENNA_3422/DIODE                      0.750000    1.368762   -0.618762 (VIOLATED)
ANTENNA_1206/DIODE                      0.750000    1.368207   -0.618207 (VIOLATED)
_097698_/A1                             0.750000    1.368208   -0.618208 (VIOLATED)
ANTENNA_1204/DIODE                      0.750000    1.368201   -0.618201 (VIOLATED)
ANTENNA_1205/DIODE                      0.750000    1.368155   -0.618155 (VIOLATED)
_145797_/X                              0.750000    1.367499   -0.617499 (VIOLATED)
_096200_/X                              0.750000    1.365561   -0.615561 (VIOLATED)
_147191_/Y                              0.750000    1.365159   -0.615159 (VIOLATED)
_097913_/A1                             0.750000    1.363101   -0.613101 (VIOLATED)
ANTENNA_1303/DIODE                      0.750000    1.363066   -0.613066 (VIOLATED)
_145787_/X                              0.750000    1.361125   -0.611125 (VIOLATED)
ANTENNA_2121/DIODE                      0.750000    1.360140   -0.610141 (VIOLATED)
ANTENNA_2119/DIODE                      0.750000    1.360140   -0.610140 (VIOLATED)
ANTENNA_2123/DIODE                      0.750000    1.360139   -0.610139 (VIOLATED)
ANTENNA_2125/DIODE                      0.750000    1.360139   -0.610139 (VIOLATED)
ANTENNA_2117/DIODE                      0.750000    1.360102   -0.610102 (VIOLATED)
ANTENNA_2115/DIODE                      0.750000    1.360099   -0.610099 (VIOLATED)
ANTENNA_2116/DIODE                      0.750000    1.360050   -0.610050 (VIOLATED)
ANTENNA_2124/DIODE                      0.750000    1.360018   -0.610018 (VIOLATED)
ANTENNA_2122/DIODE                      0.750000    1.360017   -0.610017 (VIOLATED)
_132507_/B                              0.750000    1.359946   -0.609946 (VIOLATED)
ANTENNA_2118/DIODE                      0.750000    1.359928   -0.609929 (VIOLATED)
ANTENNA_2120/DIODE                      0.750000    1.359851   -0.609851 (VIOLATED)
_096127_/A0                             0.750000    1.359618   -0.609618 (VIOLATED)
ANTENNA_868/DIODE                       0.750000    1.359595   -0.609595 (VIOLATED)
ANTENNA_869/DIODE                       0.750000    1.359556   -0.609556 (VIOLATED)
ANTENNA_877/DIODE                       0.750000    1.359545   -0.609545 (VIOLATED)
ANTENNA_870/DIODE                       0.750000    1.359537   -0.609537 (VIOLATED)
ANTENNA_872/DIODE                       0.750000    1.359535   -0.609535 (VIOLATED)
ANTENNA_871/DIODE                       0.750000    1.359535   -0.609535 (VIOLATED)
ANTENNA_876/DIODE                       0.750000    1.359524   -0.609525 (VIOLATED)
ANTENNA_874/DIODE                       0.750000    1.359524   -0.609524 (VIOLATED)
ANTENNA_873/DIODE                       0.750000    1.359505   -0.609505 (VIOLATED)
ANTENNA_875/DIODE                       0.750000    1.359403   -0.609403 (VIOLATED)
ANTENNA_878/DIODE                       0.750000    1.359334   -0.609334 (VIOLATED)
_098212_/A1                             0.750000    1.359044   -0.609044 (VIOLATED)
ANTENNA_1512/DIODE                      0.750000    1.359040   -0.609040 (VIOLATED)
ANTENNA_2436/DIODE                      0.750000    1.358407   -0.608407 (VIOLATED)
ANTENNA_2433/DIODE                      0.750000    1.358405   -0.608405 (VIOLATED)
ANTENNA_2431/DIODE                      0.750000    1.358404   -0.608404 (VIOLATED)
ANTENNA_2429/DIODE                      0.750000    1.358402   -0.608403 (VIOLATED)
_144101_/A0                             0.750000    1.358374   -0.608374 (VIOLATED)
_144072_/X                              0.750000    1.358361   -0.608361 (VIOLATED)
ANTENNA_2428/DIODE                      0.750000    1.358323   -0.608324 (VIOLATED)
ANTENNA_2430/DIODE                      0.750000    1.358310   -0.608310 (VIOLATED)
ANTENNA_2434/DIODE                      0.750000    1.358309   -0.608309 (VIOLATED)
ANTENNA_2435/DIODE                      0.750000    1.358308   -0.608308 (VIOLATED)
ANTENNA_2432/DIODE                      0.750000    1.358275   -0.608275 (VIOLATED)
ANTENNA_2437/DIODE                      0.750000    1.358170   -0.608170 (VIOLATED)
ANTENNA_1382/DIODE                      0.750000    1.357927   -0.607927 (VIOLATED)
_098041_/A1                             0.750000    1.357916   -0.607916 (VIOLATED)
_098211_/X                              0.750000    1.357095   -0.607095 (VIOLATED)
ANTENNA_1299/DIODE                      0.750000    1.355868   -0.605868 (VIOLATED)
ANTENNA_1297/DIODE                      0.750000    1.355862   -0.605862 (VIOLATED)
ANTENNA_1294/DIODE                      0.750000    1.355833   -0.605833 (VIOLATED)
ANTENNA_1292/DIODE                      0.750000    1.355776   -0.605776 (VIOLATED)
_097897_/A1                             0.750000    1.355757   -0.605757 (VIOLATED)
ANTENNA_1293/DIODE                      0.750000    1.355688   -0.605688 (VIOLATED)
ANTENNA_1295/DIODE                      0.750000    1.355639   -0.605639 (VIOLATED)
ANTENNA_1296/DIODE                      0.750000    1.355629   -0.605629 (VIOLATED)
ANTENNA_1298/DIODE                      0.750000    1.355622   -0.605622 (VIOLATED)
ANTENNA_1300/DIODE                      0.750000    1.355608   -0.605608 (VIOLATED)
ANTENNA_840/DIODE                       0.750000    1.349506   -0.599506 (VIOLATED)
ANTENNA_838/DIODE                       0.750000    1.349497   -0.599497 (VIOLATED)
ANTENNA_836/DIODE                       0.750000    1.349486   -0.599486 (VIOLATED)
ANTENNA_832/DIODE                       0.750000    1.349459   -0.599459 (VIOLATED)
ANTENNA_834/DIODE                       0.750000    1.349446   -0.599446 (VIOLATED)
ANTENNA_837/DIODE                       0.750000    1.349419   -0.599419 (VIOLATED)
ANTENNA_839/DIODE                       0.750000    1.349418   -0.599418 (VIOLATED)
_096112_/A0                             0.750000    1.349417   -0.599417 (VIOLATED)
ANTENNA_835/DIODE                       0.750000    1.349416   -0.599416 (VIOLATED)
ANTENNA_833/DIODE                       0.750000    1.349411   -0.599412 (VIOLATED)
ANTENNA_831/DIODE                       0.750000    1.349408   -0.599408 (VIOLATED)
ANTENNA_830/DIODE                       0.750000    1.349286   -0.599286 (VIOLATED)
_098040_/X                              0.750000    1.347547   -0.597547 (VIOLATED)
_179476_/A0                             0.750000    1.346669   -0.596669 (VIOLATED)
_191667_/Q                              0.750000    1.346641   -0.596641 (VIOLATED)
_097799_/A                              0.750000    1.345396   -0.595396 (VIOLATED)
ANTENNA_3965/DIODE                      0.750000    1.345361   -0.595361 (VIOLATED)
_096256_/A0                             0.750000    1.343668   -0.593668 (VIOLATED)
ANTENNA_1126/DIODE                      0.750000    1.343663   -0.593663 (VIOLATED)
ANTENNA_1134/DIODE                      0.750000    1.343655   -0.593655 (VIOLATED)
ANTENNA_1136/DIODE                      0.750000    1.343656   -0.593656 (VIOLATED)
ANTENNA_1127/DIODE                      0.750000    1.343633   -0.593633 (VIOLATED)
ANTENNA_1128/DIODE                      0.750000    1.343631   -0.593631 (VIOLATED)
ANTENNA_1130/DIODE                      0.750000    1.343629   -0.593629 (VIOLATED)
ANTENNA_1132/DIODE                      0.750000    1.343626   -0.593626 (VIOLATED)
ANTENNA_1133/DIODE                      0.750000    1.343623   -0.593623 (VIOLATED)
ANTENNA_1135/DIODE                      0.750000    1.343620   -0.593620 (VIOLATED)
ANTENNA_1129/DIODE                      0.750000    1.343607   -0.593607 (VIOLATED)
ANTENNA_1131/DIODE                      0.750000    1.343606   -0.593606 (VIOLATED)
_144062_/X                              0.750000    1.339934   -0.589934 (VIOLATED)
ANTENNA_10340/DIODE                     0.750000    1.335895   -0.585895 (VIOLATED)
ANTENNA_10341/DIODE                     0.750000    1.335894   -0.585894 (VIOLATED)
ANTENNA_10343/DIODE                     0.750000    1.335893   -0.585893 (VIOLATED)
ANTENNA_10337/DIODE                     0.750000    1.335892   -0.585892 (VIOLATED)
ANTENNA_10342/DIODE                     0.750000    1.335890   -0.585890 (VIOLATED)
ANTENNA_10335/DIODE                     0.750000    1.335864   -0.585864 (VIOLATED)
ANTENNA_10339/DIODE                     0.750000    1.335864   -0.585864 (VIOLATED)
ANTENNA_10338/DIODE                     0.750000    1.335863   -0.585863 (VIOLATED)
_098132_/A1                             0.750000    1.335795   -0.585795 (VIOLATED)
ANTENNA_10333/DIODE                     0.750000    1.335793   -0.585793 (VIOLATED)
ANTENNA_10334/DIODE                     0.750000    1.335669   -0.585669 (VIOLATED)
ANTENNA_10336/DIODE                     0.750000    1.335479   -0.585479 (VIOLATED)
_097896_/X                              0.750000    1.335337   -0.585337 (VIOLATED)
ANTENNA_965/DIODE                       0.750000    1.335189   -0.585189 (VIOLATED)
ANTENNA_963/DIODE                       0.750000    1.335188   -0.585188 (VIOLATED)
ANTENNA_961/DIODE                       0.750000    1.335185   -0.585185 (VIOLATED)
ANTENNA_959/DIODE                       0.750000    1.335180   -0.585180 (VIOLATED)
ANTENNA_958/DIODE                       0.750000    1.335175   -0.585175 (VIOLATED)
ANTENNA_956/DIODE                       0.750000    1.335169   -0.585169 (VIOLATED)
_096175_/A0                             0.750000    1.335130   -0.585130 (VIOLATED)
ANTENNA_957/DIODE                       0.750000    1.335042   -0.585042 (VIOLATED)
ANTENNA_960/DIODE                       0.750000    1.334988   -0.584989 (VIOLATED)
ANTENNA_962/DIODE                       0.750000    1.334972   -0.584972 (VIOLATED)
ANTENNA_964/DIODE                       0.750000    1.334954   -0.584954 (VIOLATED)
ANTENNA_966/DIODE                       0.750000    1.334909   -0.584909 (VIOLATED)
rebuffer38806/A                         0.750000    1.334138   -0.584138 (VIOLATED)
ANTENNA_1498/DIODE                      0.750000    1.334134   -0.584134 (VIOLATED)
ANTENNA_1502/DIODE                      0.750000    1.334133   -0.584133 (VIOLATED)
ANTENNA_1504/DIODE                      0.750000    1.334133   -0.584133 (VIOLATED)
_098198_/B1                             0.750000    1.334131   -0.584131 (VIOLATED)
ANTENNA_1500/DIODE                      0.750000    1.334126   -0.584127 (VIOLATED)
_096123_/X                              0.750000    1.332536   -0.582536 (VIOLATED)
_098197_/X                              0.750000    1.332107   -0.582107 (VIOLATED)
_096248_/X                              0.750000    1.331794   -0.581794 (VIOLATED)
_145802_/X                              0.750000    1.329032   -0.579032 (VIOLATED)
_096104_/X                              0.750000    1.328218   -0.578218 (VIOLATED)
_093912_/A                              0.750000    1.327441   -0.577441 (VIOLATED)
_191876_/Q                              0.750000    1.327382   -0.577383 (VIOLATED)
_097912_/X                              0.750000    1.326126   -0.576127 (VIOLATED)
_095900_/X                              0.750000    1.322336   -0.572336 (VIOLATED)
ANTENNA_1002/DIODE                      0.750000    1.322185   -0.572185 (VIOLATED)
ANTENNA_1004/DIODE                      0.750000    1.322185   -0.572185 (VIOLATED)
_096191_/A0                             0.750000    1.322165   -0.572166 (VIOLATED)
ANTENNA_1005/DIODE                      0.750000    1.322147   -0.572147 (VIOLATED)
ANTENNA_1006/DIODE                      0.750000    1.322132   -0.572132 (VIOLATED)
ANTENNA_1000/DIODE                      0.750000    1.322071   -0.572071 (VIOLATED)
ANTENNA_1001/DIODE                      0.750000    1.322071   -0.572071 (VIOLATED)
ANTENNA_1003/DIODE                      0.750000    1.322067   -0.572067 (VIOLATED)
ANTENNA_6885/DIODE                      0.750000    1.321959   -0.571959 (VIOLATED)
_131757_/C1                             0.750000    1.321960   -0.571960 (VIOLATED)
ANTENNA_6883/DIODE                      0.750000    1.321939   -0.571939 (VIOLATED)
ANTENNA_6882/DIODE                      0.750000    1.321937   -0.571937 (VIOLATED)
ANTENNA_6884/DIODE                      0.750000    1.321852   -0.571852 (VIOLATED)
_097697_/X                              0.750000    1.319623   -0.569623 (VIOLATED)
_132108_/B1                             0.750000    1.316269   -0.566269 (VIOLATED)
ANTENNA_2045/DIODE                      0.750000    1.316261   -0.566261 (VIOLATED)
_098109_/A1                             0.750000    1.315523   -0.565523 (VIOLATED)
ANTENNA_10332/DIODE                     0.750000    1.315518   -0.565518 (VIOLATED)
_096187_/X                              0.750000    1.314437   -0.564437 (VIOLATED)
_098108_/X                              0.750000    1.313591   -0.563591 (VIOLATED)
ANTENNA_1202/DIODE                      0.750000    1.313391   -0.563391 (VIOLATED)
ANTENNA_1198/DIODE                      0.750000    1.313390   -0.563390 (VIOLATED)
ANTENNA_1200/DIODE                      0.750000    1.313390   -0.563390 (VIOLATED)
_097695_/A1                             0.750000    1.313390   -0.563390 (VIOLATED)
ANTENNA_1195/DIODE                      0.750000    1.313389   -0.563389 (VIOLATED)
ANTENNA_1196/DIODE                      0.750000    1.313390   -0.563390 (VIOLATED)
ANTENNA_1193/DIODE                      0.750000    1.313388   -0.563388 (VIOLATED)
ANTENNA_1194/DIODE                      0.750000    1.313383   -0.563383 (VIOLATED)
ANTENNA_1197/DIODE                      0.750000    1.313364   -0.563364 (VIOLATED)
ANTENNA_1199/DIODE                      0.750000    1.313362   -0.563362 (VIOLATED)
ANTENNA_1201/DIODE                      0.750000    1.313361   -0.563361 (VIOLATED)
ANTENNA_1203/DIODE                      0.750000    1.313359   -0.563359 (VIOLATED)
_144099_/X                              0.750000    1.313202   -0.563202 (VIOLATED)
_132505_/X                              0.750000    1.312719   -0.562719 (VIOLATED)
_097694_/X                              0.750000    1.309108   -0.559109 (VIOLATED)
_132498_/C                              0.750000    1.309015   -0.559015 (VIOLATED)
ANTENNA_2103/DIODE                      0.750000    1.309012   -0.559012 (VIOLATED)
ANTENNA_2101/DIODE                      0.750000    1.309011   -0.559011 (VIOLATED)
ANTENNA_2102/DIODE                      0.750000    1.308985   -0.558985 (VIOLATED)
ANTENNA_2100/DIODE                      0.750000    1.308962   -0.558962 (VIOLATED)
ANTENNA_10249/DIODE                     0.750000    1.308443   -0.558443 (VIOLATED)
ANTENNA_10258/DIODE                     0.750000    1.308442   -0.558442 (VIOLATED)
ANTENNA_10256/DIODE                     0.750000    1.308441   -0.558441 (VIOLATED)
ANTENNA_10254/DIODE                     0.750000    1.308440   -0.558440 (VIOLATED)
ANTENNA_10252/DIODE                     0.750000    1.308439   -0.558439 (VIOLATED)
ANTENNA_10250/DIODE                     0.750000    1.308437   -0.558437 (VIOLATED)
_096104_/A1                             0.750000    1.308433   -0.558433 (VIOLATED)
ANTENNA_10251/DIODE                     0.750000    1.308396   -0.558396 (VIOLATED)
ANTENNA_10253/DIODE                     0.750000    1.308365   -0.558365 (VIOLATED)
ANTENNA_10255/DIODE                     0.750000    1.308326   -0.558326 (VIOLATED)
ANTENNA_10257/DIODE                     0.750000    1.308288   -0.558288 (VIOLATED)
ANTENNA_10259/DIODE                     0.750000    1.308284   -0.558284 (VIOLATED)
ANTENNA_1374/DIODE                      0.750000    1.308224   -0.558224 (VIOLATED)
ANTENNA_1376/DIODE                      0.750000    1.308224   -0.558224 (VIOLATED)
_098025_/A1                             0.750000    1.308224   -0.558224 (VIOLATED)
ANTENNA_1371/DIODE                      0.750000    1.308219   -0.558219 (VIOLATED)
ANTENNA_1372/DIODE                      0.750000    1.308219   -0.558219 (VIOLATED)
ANTENNA_1373/DIODE                      0.750000    1.308216   -0.558216 (VIOLATED)
ANTENNA_1375/DIODE                      0.750000    1.308206   -0.558206 (VIOLATED)
_098024_/X                              0.750000    1.305531   -0.555531 (VIOLATED)
ANTENNA_909/DIODE                       0.750000    1.305337   -0.555337 (VIOLATED)
ANTENNA_907/DIODE                       0.750000    1.305336   -0.555336 (VIOLATED)
ANTENNA_905/DIODE                       0.750000    1.305335   -0.555335 (VIOLATED)
ANTENNA_903/DIODE                       0.750000    1.305334   -0.555334 (VIOLATED)
ANTENNA_901/DIODE                       0.750000    1.305332   -0.555332 (VIOLATED)
_096152_/A1                             0.750000    1.305327   -0.555327 (VIOLATED)
ANTENNA_900/DIODE                       0.750000    1.305317   -0.555317 (VIOLATED)
ANTENNA_902/DIODE                       0.750000    1.305313   -0.555313 (VIOLATED)
ANTENNA_904/DIODE                       0.750000    1.305299   -0.555299 (VIOLATED)
ANTENNA_906/DIODE                       0.750000    1.305294   -0.555294 (VIOLATED)
ANTENNA_908/DIODE                       0.750000    1.305288   -0.555288 (VIOLATED)
ANTENNA_910/DIODE                       0.750000    1.305282   -0.555282 (VIOLATED)
_095731_/A                              0.750000    1.304861   -0.554861 (VIOLATED)
_096002_/A                              0.750000    1.304837   -0.554837 (VIOLATED)
ANTENNA_663/DIODE                       0.750000    1.304648   -0.554648 (VIOLATED)
ANTENNA_661/DIODE                       0.750000    1.304647   -0.554647 (VIOLATED)
ANTENNA_660/DIODE                       0.750000    1.304646   -0.554646 (VIOLATED)
ANTENNA_657/DIODE                       0.750000    1.304642   -0.554642 (VIOLATED)
ANTENNA_655/DIODE                       0.750000    1.304640   -0.554640 (VIOLATED)
ANTENNA_653/DIODE                       0.750000    1.304636   -0.554636 (VIOLATED)
_095990_/A0                             0.750000    1.304635   -0.554635 (VIOLATED)
ANTENNA_658/DIODE                       0.750000    1.304631   -0.554631 (VIOLATED)
ANTENNA_654/DIODE                       0.750000    1.304615   -0.554615 (VIOLATED)
ANTENNA_656/DIODE                       0.750000    1.304609   -0.554609 (VIOLATED)
ANTENNA_659/DIODE                       0.750000    1.304522   -0.554522 (VIOLATED)
ANTENNA_662/DIODE                       0.750000    1.304454   -0.554454 (VIOLATED)
_132102_/X                              0.750000    1.303259   -0.553260 (VIOLATED)
_097831_/B                              0.750000    1.300464   -0.550464 (VIOLATED)
_192390_/Q                              0.750000    1.300438   -0.550438 (VIOLATED)
_096171_/X                              0.750000    1.299970   -0.549970 (VIOLATED)
clkbuf_leaf_1273_clk_i_regs/A           0.750000    1.299881   -0.549881 (VIOLATED)
_098131_/X                              0.750000    1.298371   -0.548371 (VIOLATED)
ANTENNA_559/DIODE                       0.750000    1.296753   -0.546753 (VIOLATED)
ANTENNA_557/DIODE                       0.750000    1.296753   -0.546753 (VIOLATED)
ANTENNA_555/DIODE                       0.750000    1.296752   -0.546752 (VIOLATED)
ANTENNA_553/DIODE                       0.750000    1.296751   -0.546751 (VIOLATED)
ANTENNA_552/DIODE                       0.750000    1.296750   -0.546750 (VIOLATED)
_095924_/A0                             0.750000    1.296748   -0.546748 (VIOLATED)
ANTENNA_551/DIODE                       0.750000    1.296713   -0.546713 (VIOLATED)
ANTENNA_554/DIODE                       0.750000    1.296682   -0.546682 (VIOLATED)
ANTENNA_558/DIODE                       0.750000    1.296679   -0.546679 (VIOLATED)
ANTENNA_556/DIODE                       0.750000    1.296678   -0.546678 (VIOLATED)
ANTENNA_550/DIODE                       0.750000    1.296639   -0.546639 (VIOLATED)
ANTENNA_1181/DIODE                      0.750000    1.293842   -0.543842 (VIOLATED)
_097689_/A1                             0.750000    1.293832   -0.543832 (VIOLATED)
ANTENNA_1180/DIODE                      0.750000    1.293831   -0.543831 (VIOLATED)
_144191_/A0                             0.750000    1.291640   -0.541640 (VIOLATED)
ANTENNA_1847/DIODE                      0.750000    1.291633   -0.541633 (VIOLATED)
clkbuf_leaf_1347_clk_i_regs/A           0.750000    1.290914   -0.540914 (VIOLATED)
clkbuf_leaf_1344_clk_i_regs/A           0.750000    1.290832   -0.540832 (VIOLATED)
clkbuf_leaf_1346_clk_i_regs/A           0.750000    1.290426   -0.540426 (VIOLATED)
clkbuf_leaf_1345_clk_i_regs/A           0.750000    1.289942   -0.539942 (VIOLATED)
_096103_/X                              0.750000    1.288866   -0.538866 (VIOLATED)
clkbuf_leaf_1278_clk_i_regs/A           0.750000    1.288441   -0.538441 (VIOLATED)
clkbuf_leaf_1279_clk_i_regs/A           0.750000    1.287775   -0.537775 (VIOLATED)
_132496_/X                              0.750000    1.287247   -0.537247 (VIOLATED)
ANTENNA_854/DIODE                       0.750000    1.286778   -0.536778 (VIOLATED)
ANTENNA_856/DIODE                       0.750000    1.286778   -0.536778 (VIOLATED)
ANTENNA_852/DIODE                       0.750000    1.286777   -0.536778 (VIOLATED)
ANTENNA_850/DIODE                       0.750000    1.286766   -0.536766 (VIOLATED)
ANTENNA_848/DIODE                       0.750000    1.286743   -0.536743 (VIOLATED)
ANTENNA_846/DIODE                       0.750000    1.286730   -0.536730 (VIOLATED)
_096120_/A1                             0.750000    1.286727   -0.536727 (VIOLATED)
ANTENNA_847/DIODE                       0.750000    1.286720   -0.536720 (VIOLATED)
ANTENNA_849/DIODE                       0.750000    1.286717   -0.536717 (VIOLATED)
ANTENNA_851/DIODE                       0.750000    1.286713   -0.536713 (VIOLATED)
ANTENNA_853/DIODE                       0.750000    1.286709   -0.536709 (VIOLATED)
ANTENNA_855/DIODE                       0.750000    1.286706   -0.536706 (VIOLATED)
ANTENNA_625/DIODE                       0.750000    1.286021   -0.536021 (VIOLATED)
_095965_/A1                             0.750000    1.286021   -0.536021 (VIOLATED)
ANTENNA_624/DIODE                       0.750000    1.286020   -0.536020 (VIOLATED)
ANTENNA_622/DIODE                       0.750000    1.286019   -0.536019 (VIOLATED)
ANTENNA_621/DIODE                       0.750000    1.285981   -0.535981 (VIOLATED)
ANTENNA_630/DIODE                       0.750000    1.285956   -0.535956 (VIOLATED)
ANTENNA_629/DIODE                       0.750000    1.285955   -0.535955 (VIOLATED)
ANTENNA_628/DIODE                       0.750000    1.285954   -0.535954 (VIOLATED)
ANTENNA_623/DIODE                       0.750000    1.285953   -0.535953 (VIOLATED)
ANTENNA_627/DIODE                       0.750000    1.285953   -0.535953 (VIOLATED)
ANTENNA_626/DIODE                       0.750000    1.285951   -0.535951 (VIOLATED)
ANTENNA_378/DIODE                       0.750000    1.284857   -0.534857 (VIOLATED)
_095796_/A0                             0.750000    1.284856   -0.534856 (VIOLATED)
ANTENNA_377/DIODE                       0.750000    1.284822   -0.534822 (VIOLATED)
wire4328/A                              0.750000    1.284732   -0.534732 (VIOLATED)
ANTENNA_1238/DIODE                      0.750000    1.284712   -0.534712 (VIOLATED)
clkbuf_leaf_1277_clk_i_regs/A           0.750000    1.284097   -0.534097 (VIOLATED)
ANTENNA_828/DIODE                       0.750000    1.283058   -0.533058 (VIOLATED)
ANTENNA_827/DIODE                       0.750000    1.283054   -0.533054 (VIOLATED)
ANTENNA_826/DIODE                       0.750000    1.283049   -0.533049 (VIOLATED)
_096095_/A0                             0.750000    1.283049   -0.533049 (VIOLATED)
ANTENNA_829/DIODE                       0.750000    1.282999   -0.532999 (VIOLATED)
ANTENNA_2682/DIODE                      0.750000    1.281513   -0.531514 (VIOLATED)
ANTENNA_2680/DIODE                      0.750000    1.281513   -0.531513 (VIOLATED)
ANTENNA_2678/DIODE                      0.750000    1.281507   -0.531507 (VIOLATED)
ANTENNA_2676/DIODE                      0.750000    1.281503   -0.531503 (VIOLATED)
ANTENNA_2674/DIODE                      0.750000    1.281497   -0.531497 (VIOLATED)
_145764_/A0                             0.750000    1.281494   -0.531494 (VIOLATED)
ANTENNA_2672/DIODE                      0.750000    1.281492   -0.531492 (VIOLATED)
ANTENNA_2673/DIODE                      0.750000    1.281467   -0.531467 (VIOLATED)
ANTENNA_2675/DIODE                      0.750000    1.281453   -0.531453 (VIOLATED)
ANTENNA_2677/DIODE                      0.750000    1.281438   -0.531438 (VIOLATED)
ANTENNA_2681/DIODE                      0.750000    1.281423   -0.531423 (VIOLATED)
ANTENNA_2679/DIODE                      0.750000    1.281388   -0.531388 (VIOLATED)
_145774_/A0                             0.750000    1.280752   -0.530752 (VIOLATED)
ANTENNA_2689/DIODE                      0.750000    1.280748   -0.530748 (VIOLATED)
ANTENNA_2687/DIODE                      0.750000    1.280745   -0.530745 (VIOLATED)
ANTENNA_2688/DIODE                      0.750000    1.280735   -0.530735 (VIOLATED)
_096013_/A                              0.750000    1.280602   -0.530602 (VIOLATED)
ANTENNA_337/DIODE                       0.750000    1.280391   -0.530391 (VIOLATED)
_095743_/A                              0.750000    1.279775   -0.529775 (VIOLATED)
_095730_/Y                              0.750000    1.279117   -0.529117 (VIOLATED)
_131887_/A2                             0.750000    1.275040   -0.525040 (VIOLATED)
ANTENNA_2989/DIODE                      0.750000    1.275032   -0.525032 (VIOLATED)
_095920_/X                              0.750000    1.271618   -0.521618 (VIOLATED)
_131564_/A2                             0.750000    1.270607   -0.520607 (VIOLATED)
ANTENNA_3021/DIODE                      0.750000    1.270605   -0.520605 (VIOLATED)
_096119_/X                              0.750000    1.270019   -0.520019 (VIOLATED)
_097832_/A                              0.750000    1.268228   -0.518228 (VIOLATED)
ANTENNA_9109/DIODE                      0.750000    1.268193   -0.518193 (VIOLATED)
_132726_/B1                             0.750000    1.266426   -0.516426 (VIOLATED)
ANTENNA_2166/DIODE                      0.750000    1.266411   -0.516411 (VIOLATED)
_095792_/X                              0.750000    1.266221   -0.516221 (VIOLATED)
_096151_/X                              0.750000    1.264487   -0.514487 (VIOLATED)
_095982_/X                              0.750000    1.262907   -0.512907 (VIOLATED)
hold32111/A                             0.750000    1.261902   -0.511902 (VIOLATED)
_190215_/Q                              0.750000    1.261887   -0.511887 (VIOLATED)
_096091_/X                              0.750000    1.260685   -0.510685 (VIOLATED)
_098098_/A                              0.750000    1.260425   -0.510425 (VIOLATED)
_097815_/Y                              0.750000    1.260404   -0.510404 (VIOLATED)
_097828_/A                              0.750000    1.260404   -0.510404 (VIOLATED)
_097768_/A                              0.750000    1.259893   -0.509893 (VIOLATED)
ANTENNA_1222/DIODE                      0.750000    1.259892   -0.509892 (VIOLATED)
ANTENNA_1017/DIODE                      0.750000    1.257937   -0.507937 (VIOLATED)
ANTENNA_1015/DIODE                      0.750000    1.257937   -0.507937 (VIOLATED)
ANTENNA_1013/DIODE                      0.750000    1.257936   -0.507936 (VIOLATED)
ANTENNA_1011/DIODE                      0.750000    1.257935   -0.507935 (VIOLATED)
ANTENNA_1009/DIODE                      0.750000    1.257934   -0.507934 (VIOLATED)
ANTENNA_1007/DIODE                      0.750000    1.257932   -0.507932 (VIOLATED)
_096200_/A1                             0.750000    1.257929   -0.507929 (VIOLATED)
ANTENNA_1008/DIODE                      0.750000    1.257921   -0.507921 (VIOLATED)
ANTENNA_1010/DIODE                      0.750000    1.257918   -0.507918 (VIOLATED)
ANTENNA_1012/DIODE                      0.750000    1.257915   -0.507915 (VIOLATED)
ANTENNA_1014/DIODE                      0.750000    1.257911   -0.507912 (VIOLATED)
ANTENNA_1016/DIODE                      0.750000    1.257908   -0.507908 (VIOLATED)
ANTENNA_2941/DIODE                      0.750000    1.256358   -0.506358 (VIOLATED)
ANTENNA_2939/DIODE                      0.750000    1.256347   -0.506347 (VIOLATED)
ANTENNA_2935/DIODE                      0.750000    1.256335   -0.506335 (VIOLATED)
ANTENNA_2937/DIODE                      0.750000    1.256327   -0.506327 (VIOLATED)
ANTENNA_2934/DIODE                      0.750000    1.256313   -0.506313 (VIOLATED)
_162473_/B1                             0.750000    1.256270   -0.506270 (VIOLATED)
ANTENNA_2938/DIODE                      0.750000    1.256258   -0.506258 (VIOLATED)
ANTENNA_2942/DIODE                      0.750000    1.256257   -0.506257 (VIOLATED)
ANTENNA_2940/DIODE                      0.750000    1.256256   -0.506256 (VIOLATED)
ANTENNA_2936/DIODE                      0.750000    1.256203   -0.506203 (VIOLATED)
ANTENNA_2932/DIODE                      0.750000    1.256044   -0.506044 (VIOLATED)
_097688_/X                              0.750000    1.255980   -0.505980 (VIOLATED)
ANTENNA_3022/DIODE                      0.750000    1.255851   -0.505851 (VIOLATED)
ANTENNA_3023/DIODE                      0.750000    1.255851   -0.505851 (VIOLATED)
hold30612/A                             0.750000    1.255851   -0.505851 (VIOLATED)
_191671_/Q                              0.750000    1.255841   -0.505841 (VIOLATED)
ANTENNA_2933/DIODE                      0.750000    1.255816   -0.505816 (VIOLATED)
ANTENNA_2639/DIODE                      0.750000    1.253283   -0.503283 (VIOLATED)
ANTENNA_2637/DIODE                      0.750000    1.253282   -0.503282 (VIOLATED)
ANTENNA_2635/DIODE                      0.750000    1.253281   -0.503282 (VIOLATED)
_145743_/A0                             0.750000    1.253281   -0.503281 (VIOLATED)
ANTENNA_2633/DIODE                      0.750000    1.253269   -0.503269 (VIOLATED)
ANTENNA_2631/DIODE                      0.750000    1.253267   -0.503267 (VIOLATED)
ANTENNA_2638/DIODE                      0.750000    1.253267   -0.503267 (VIOLATED)
ANTENNA_2636/DIODE                      0.750000    1.253266   -0.503266 (VIOLATED)
ANTENNA_2632/DIODE                      0.750000    1.253246   -0.503246 (VIOLATED)
ANTENNA_2634/DIODE                      0.750000    1.253212   -0.503213 (VIOLATED)
_097767_/X                              0.750000    1.252153   -0.502153 (VIOLATED)
_144012_/A0                             0.750000    1.251722   -0.501722 (VIOLATED)
ANTENNA_1125/DIODE                      0.750000    1.249569   -0.499569 (VIOLATED)
ANTENNA_1123/DIODE                      0.750000    1.249568   -0.499569 (VIOLATED)
ANTENNA_1121/DIODE                      0.750000    1.249568   -0.499568 (VIOLATED)
ANTENNA_1119/DIODE                      0.750000    1.249567   -0.499567 (VIOLATED)
ANTENNA_1117/DIODE                      0.750000    1.249566   -0.499566 (VIOLATED)
ANTENNA_1115/DIODE                      0.750000    1.249565   -0.499565 (VIOLATED)
_096248_/A1                             0.750000    1.249562   -0.499562 (VIOLATED)
ANTENNA_1116/DIODE                      0.750000    1.249536   -0.499536 (VIOLATED)
ANTENNA_1118/DIODE                      0.750000    1.249513   -0.499513 (VIOLATED)
ANTENNA_1120/DIODE                      0.750000    1.249511   -0.499511 (VIOLATED)
ANTENNA_1124/DIODE                      0.750000    1.249510   -0.499510 (VIOLATED)
ANTENNA_1122/DIODE                      0.750000    1.249509   -0.499509 (VIOLATED)
ANTENNA_2665/DIODE                      0.750000    1.249442   -0.499442 (VIOLATED)
ANTENNA_2663/DIODE                      0.750000    1.249442   -0.499442 (VIOLATED)
ANTENNA_2661/DIODE                      0.750000    1.249441   -0.499441 (VIOLATED)
ANTENNA_2659/DIODE                      0.750000    1.249439   -0.499439 (VIOLATED)
_145754_/A0                             0.750000    1.249439   -0.499440 (VIOLATED)
ANTENNA_2658/DIODE                      0.750000    1.249395   -0.499395 (VIOLATED)
ANTENNA_2655/DIODE                      0.750000    1.249383   -0.499383 (VIOLATED)
ANTENNA_2657/DIODE                      0.750000    1.249382   -0.499382 (VIOLATED)
ANTENNA_2656/DIODE                      0.750000    1.249377   -0.499378 (VIOLATED)
ANTENNA_2660/DIODE                      0.750000    1.249360   -0.499360 (VIOLATED)
ANTENNA_2662/DIODE                      0.750000    1.249355   -0.499355 (VIOLATED)
ANTENNA_2664/DIODE                      0.750000    1.249348   -0.499348 (VIOLATED)
_098180_/A1                             0.750000    1.249231   -0.499231 (VIOLATED)
ANTENNA_1483/DIODE                      0.750000    1.249224   -0.499224 (VIOLATED)
ANTENNA_1484/DIODE                      0.750000    1.249218   -0.499218 (VIOLATED)
ANTENNA_1485/DIODE                      0.750000    1.249217   -0.499217 (VIOLATED)
ANTENNA_1486/DIODE                      0.750000    1.249216   -0.499216 (VIOLATED)
_096024_/A1                             0.750000    1.249044   -0.499044 (VIOLATED)
ANTENNA_682/DIODE                       0.750000    1.249039   -0.499039 (VIOLATED)
ANTENNA_681/DIODE                       0.750000    1.249034   -0.499034 (VIOLATED)
ANTENNA_683/DIODE                       0.750000    1.249030   -0.499030 (VIOLATED)
ANTENNA_10330/DIODE                     0.750000    1.247892   -0.497892 (VIOLATED)
ANTENNA_10328/DIODE                     0.750000    1.247891   -0.497891 (VIOLATED)
ANTENNA_10326/DIODE                     0.750000    1.247890   -0.497890 (VIOLATED)
ANTENNA_10324/DIODE                     0.750000    1.247889   -0.497889 (VIOLATED)
ANTENNA_10322/DIODE                     0.750000    1.247887   -0.497887 (VIOLATED)
_098088_/A1                             0.750000    1.247883   -0.497883 (VIOLATED)
ANTENNA_10321/DIODE                     0.750000    1.247825   -0.497825 (VIOLATED)
ANTENNA_10323/DIODE                     0.750000    1.247784   -0.497784 (VIOLATED)
ANTENNA_10325/DIODE                     0.750000    1.247779   -0.497779 (VIOLATED)
ANTENNA_10327/DIODE                     0.750000    1.247774   -0.497774 (VIOLATED)
ANTENNA_10329/DIODE                     0.750000    1.247769   -0.497769 (VIOLATED)
ANTENNA_10331/DIODE                     0.750000    1.247763   -0.497763 (VIOLATED)
_098179_/X                              0.750000    1.247509   -0.497509 (VIOLATED)
_098246_/B1                             0.750000    1.247176   -0.497176 (VIOLATED)
ANTENNA_1547/DIODE                      0.750000    1.247172   -0.497172 (VIOLATED)
ANTENNA_1546/DIODE                      0.750000    1.247146   -0.497146 (VIOLATED)
ANTENNA_1548/DIODE                      0.750000    1.247130   -0.497130 (VIOLATED)
ANTENNA_1550/DIODE                      0.750000    1.247121   -0.497121 (VIOLATED)
ANTENNA_1549/DIODE                      0.750000    1.247064   -0.497064 (VIOLATED)
_132291_/A                              0.750000    1.246790   -0.496790 (VIOLATED)
ANTENNA_2089/DIODE                      0.750000    1.246786   -0.496787 (VIOLATED)
_131564_/C1                             0.750000    1.246406   -0.496406 (VIOLATED)
ANTENNA_2003/DIODE                      0.750000    1.246402   -0.496402 (VIOLATED)
_095964_/X                              0.750000    1.245736   -0.495736 (VIOLATED)
_131717_/A2                             0.750000    1.244511   -0.494512 (VIOLATED)
ANTENNA_3102/DIODE                      0.750000    1.244480   -0.494480 (VIOLATED)
_132724_/X                              0.750000    1.244220   -0.494220 (VIOLATED)
_132289_/Y                              0.750000    1.243784   -0.493784 (VIOLATED)
_094889_/B                              0.750000    1.241740   -0.491741 (VIOLATED)
ANTENNA_9297/DIODE                      0.750000    1.241704   -0.491704 (VIOLATED)
_191991_/D                              0.750000    1.241649   -0.491649 (VIOLATED)
ANTENNA_9298/DIODE                      0.750000    1.241601   -0.491601 (VIOLATED)
_096199_/X                              0.750000    1.239321   -0.489320 (VIOLATED)
_097831_/Y                              0.750000    1.239057   -0.489057 (VIOLATED)
_145772_/X                              0.750000    1.238456   -0.488456 (VIOLATED)
_096247_/X                              0.750000    1.238423   -0.488423 (VIOLATED)
_095797_/A0                             0.750000    1.238333   -0.488333 (VIOLATED)
ANTENNA_9094/DIODE                      0.750000    1.238332   -0.488332 (VIOLATED)
ANTENNA_9092/DIODE                      0.750000    1.238331   -0.488331 (VIOLATED)
ANTENNA_9091/DIODE                      0.750000    1.238303   -0.488303 (VIOLATED)
ANTENNA_9093/DIODE                      0.750000    1.238283   -0.488283 (VIOLATED)
_097829_/A1                             0.750000    1.236416   -0.486415 (VIOLATED)
ANTENNA_1239/DIODE                      0.750000    1.236384   -0.486384 (VIOLATED)
_145762_/X                              0.750000    1.235374   -0.485374 (VIOLATED)
fanout9787/A                            0.750000    1.235081   -0.485081 (VIOLATED)
fanout9801/A                            0.750000    1.235055   -0.485055 (VIOLATED)
fanout9792/A                            0.750000    1.235044   -0.485044 (VIOLATED)
fanout9809/A                            0.750000    1.235023   -0.485023 (VIOLATED)
fanout9841/A                            0.750000    1.234951   -0.484951 (VIOLATED)
fanout9900/A                            0.750000    1.234931   -0.484931 (VIOLATED)
fanout9953/A                            0.750000    1.234858   -0.484858 (VIOLATED)
fanout9994/A                            0.750000    1.234832   -0.484832 (VIOLATED)
fanout9997/X                            0.750000    1.234823   -0.484823 (VIOLATED)
u_npu.u_npu_sram.g_sram[3].u_macro/din0[24]    0.750000    1.234382   -0.484382 (VIOLATED)
_131563_/X                              0.750000    1.233381   -0.483381 (VIOLATED)
_098342_/B1                             0.750000    1.232330   -0.482330 (VIOLATED)
ANTENNA_1630/DIODE                      0.750000    1.232327   -0.482327 (VIOLATED)
ANTENNA_1632/DIODE                      0.750000    1.232326   -0.482326 (VIOLATED)
ANTENNA_1626/DIODE                      0.750000    1.232325   -0.482325 (VIOLATED)
ANTENNA_1628/DIODE                      0.750000    1.232320   -0.482320 (VIOLATED)
ANTENNA_1625/DIODE                      0.750000    1.232319   -0.482319 (VIOLATED)
ANTENNA_1627/DIODE                      0.750000    1.232300   -0.482300 (VIOLATED)
ANTENNA_1629/DIODE                      0.750000    1.232287   -0.482287 (VIOLATED)
ANTENNA_1631/DIODE                      0.750000    1.232274   -0.482274 (VIOLATED)
_096023_/X                              0.750000    1.229972   -0.479972 (VIOLATED)
ANTENNA_9127/DIODE                      0.750000    1.228817   -0.478817 (VIOLATED)
_098262_/B1                             0.750000    1.228817   -0.478817 (VIOLATED)
ANTENNA_9123/DIODE                      0.750000    1.228816   -0.478816 (VIOLATED)
ANTENNA_9125/DIODE                      0.750000    1.228816   -0.478816 (VIOLATED)
ANTENNA_9124/DIODE                      0.750000    1.228810   -0.478810 (VIOLATED)
ANTENNA_9128/DIODE                      0.750000    1.228809   -0.478809 (VIOLATED)
ANTENNA_9126/DIODE                      0.750000    1.228808   -0.478808 (VIOLATED)
_098261_/X                              0.750000    1.227297   -0.477297 (VIOLATED)
_098173_/A1                             0.750000    1.226196   -0.476196 (VIOLATED)
ANTENNA_1479/DIODE                      0.750000    1.226184   -0.476184 (VIOLATED)
ANTENNA_1478/DIODE                      0.750000    1.226177   -0.476177 (VIOLATED)
ANTENNA_1480/DIODE                      0.750000    1.226172   -0.476172 (VIOLATED)
ANTENNA_1481/DIODE                      0.750000    1.226153   -0.476153 (VIOLATED)
_162472_/Y                              0.750000    1.217570   -0.467570 (VIOLATED)
_095813_/A0                             0.750000    1.216589   -0.466589 (VIOLATED)
ANTENNA_400/DIODE                       0.750000    1.216578   -0.466578 (VIOLATED)
ANTENNA_398/DIODE                       0.750000    1.216577   -0.466577 (VIOLATED)
ANTENNA_396/DIODE                       0.750000    1.216576   -0.466576 (VIOLATED)
ANTENNA_390/DIODE                       0.750000    1.216570   -0.466570 (VIOLATED)
ANTENNA_392/DIODE                       0.750000    1.216567   -0.466567 (VIOLATED)
ANTENNA_394/DIODE                       0.750000    1.216566   -0.466566 (VIOLATED)
ANTENNA_391/DIODE                       0.750000    1.216545   -0.466545 (VIOLATED)
ANTENNA_399/DIODE                       0.750000    1.216533   -0.466533 (VIOLATED)
ANTENNA_395/DIODE                       0.750000    1.216532   -0.466532 (VIOLATED)
ANTENNA_397/DIODE                       0.750000    1.216532   -0.466532 (VIOLATED)
ANTENNA_393/DIODE                       0.750000    1.216531   -0.466531 (VIOLATED)
_098245_/X                              0.750000    1.214543   -0.464543 (VIOLATED)
ANTENNA_750/DIODE                       0.750000    1.213903   -0.463903 (VIOLATED)
ANTENNA_748/DIODE                       0.750000    1.213903   -0.463903 (VIOLATED)
ANTENNA_746/DIODE                       0.750000    1.213902   -0.463902 (VIOLATED)
ANTENNA_744/DIODE                       0.750000    1.213890   -0.463890 (VIOLATED)
ANTENNA_742/DIODE                       0.750000    1.213879   -0.463879 (VIOLATED)
ANTENNA_740/DIODE                       0.750000    1.213877   -0.463877 (VIOLATED)
_096056_/A1                             0.750000    1.213874   -0.463874 (VIOLATED)
ANTENNA_741/DIODE                       0.750000    1.213838   -0.463838 (VIOLATED)
ANTENNA_749/DIODE                       0.750000    1.213813   -0.463813 (VIOLATED)
ANTENNA_747/DIODE                       0.750000    1.213812   -0.463812 (VIOLATED)
ANTENNA_745/DIODE                       0.750000    1.213811   -0.463811 (VIOLATED)
ANTENNA_743/DIODE                       0.750000    1.213810   -0.463810 (VIOLATED)
_145740_/X                              0.750000    1.212772   -0.462772 (VIOLATED)
_162259_/B                              0.750000    1.212462   -0.462462 (VIOLATED)
_092165_/B                              0.750000    1.212410   -0.462410 (VIOLATED)
ANTENNA_9395/DIODE                      0.750000    1.212399   -0.462399 (VIOLATED)
ANTENNA_9394/DIODE                      0.750000    1.212394   -0.462394 (VIOLATED)
_162457_/A_N                            0.750000    1.212350   -0.462350 (VIOLATED)
ANTENNA_1347/DIODE                      0.750000    1.211258   -0.461258 (VIOLATED)
ANTENNA_1345/DIODE                      0.750000    1.211257   -0.461257 (VIOLATED)
ANTENNA_1343/DIODE                      0.750000    1.211256   -0.461256 (VIOLATED)
_097986_/A1                             0.750000    1.211256   -0.461256 (VIOLATED)
ANTENNA_1342/DIODE                      0.750000    1.211212   -0.461212 (VIOLATED)
ANTENNA_1348/DIODE                      0.750000    1.211188   -0.461188 (VIOLATED)
ANTENNA_1346/DIODE                      0.750000    1.211187   -0.461187 (VIOLATED)
ANTENNA_1344/DIODE                      0.750000    1.211186   -0.461186 (VIOLATED)
ANTENNA_1351/DIODE                      0.750000    1.211168   -0.461168 (VIOLATED)
ANTENNA_1349/DIODE                      0.750000    1.211165   -0.461165 (VIOLATED)
ANTENNA_1341/DIODE                      0.750000    1.211147   -0.461147 (VIOLATED)
ANTENNA_1350/DIODE                      0.750000    1.211129   -0.461129 (VIOLATED)
_098086_/X                              0.750000    1.210374   -0.460375 (VIOLATED)
_092078_/X                              0.750000    1.210325   -0.460325 (VIOLATED)
_144008_/X                              0.750000    1.210264   -0.460264 (VIOLATED)
ANTENNA_1339/DIODE                      0.750000    1.209931   -0.459931 (VIOLATED)
ANTENNA_1338/DIODE                      0.750000    1.209930   -0.459930 (VIOLATED)
ANTENNA_1336/DIODE                      0.750000    1.209929   -0.459929 (VIOLATED)
ANTENNA_1333/DIODE                      0.750000    1.209905   -0.459905 (VIOLATED)
ANTENNA_1334/DIODE                      0.750000    1.209896   -0.459896 (VIOLATED)
ANTENNA_1332/DIODE                      0.750000    1.209894   -0.459894 (VIOLATED)
ANTENNA_1331/DIODE                      0.750000    1.209892   -0.459892 (VIOLATED)
ANTENNA_1330/DIODE                      0.750000    1.209889   -0.459889 (VIOLATED)
_097977_/A1                             0.750000    1.209888   -0.459888 (VIOLATED)
ANTENNA_1329/DIODE                      0.750000    1.209788   -0.459788 (VIOLATED)
ANTENNA_1337/DIODE                      0.750000    1.209731   -0.459731 (VIOLATED)
ANTENNA_1335/DIODE                      0.750000    1.209721   -0.459721 (VIOLATED)
_097849_/A1                             0.750000    1.208544   -0.458544 (VIOLATED)
ANTENNA_1245/DIODE                      0.750000    1.208542   -0.458543 (VIOLATED)
_145752_/X                              0.750000    1.208229   -0.458229 (VIOLATED)
_095789_/X                              0.750000    1.207377   -0.457377 (VIOLATED)
_147203_/A1                             0.750000    1.207238   -0.457238 (VIOLATED)
_190300_/Q                              0.750000    1.207224   -0.457224 (VIOLATED)
ANTENNA_2480/DIODE                      0.750000    1.206780   -0.456780 (VIOLATED)
ANTENNA_2478/DIODE                      0.750000    1.206772   -0.456772 (VIOLATED)
ANTENNA_2476/DIODE                      0.750000    1.206767   -0.456767 (VIOLATED)
ANTENNA_2475/DIODE                      0.750000    1.206765   -0.456765 (VIOLATED)
ANTENNA_2473/DIODE                      0.750000    1.206764   -0.456764 (VIOLATED)
ANTENNA_2471/DIODE                      0.750000    1.206762   -0.456762 (VIOLATED)
_144126_/A0                             0.750000    1.206759   -0.456759 (VIOLATED)
ANTENNA_2472/DIODE                      0.750000    1.206708   -0.456708 (VIOLATED)
ANTENNA_2474/DIODE                      0.750000    1.206668   -0.456668 (VIOLATED)
ANTENNA_2477/DIODE                      0.750000    1.206660   -0.456660 (VIOLATED)
ANTENNA_2479/DIODE                      0.750000    1.206655   -0.456655 (VIOLATED)
ANTENNA_2481/DIODE                      0.750000    1.206649   -0.456650 (VIOLATED)
ANTENNA_441/DIODE                       0.750000    1.204353   -0.454353 (VIOLATED)
ANTENNA_437/DIODE                       0.750000    1.204351   -0.454351 (VIOLATED)
ANTENNA_435/DIODE                       0.750000    1.204350   -0.454350 (VIOLATED)
ANTENNA_439/DIODE                       0.750000    1.204350   -0.454350 (VIOLATED)
ANTENNA_433/DIODE                       0.750000    1.204349   -0.454349 (VIOLATED)
_095837_/A1                             0.750000    1.204350   -0.454350 (VIOLATED)
ANTENNA_431/DIODE                       0.750000    1.204337   -0.454337 (VIOLATED)
ANTENNA_432/DIODE                       0.750000    1.204333   -0.454333 (VIOLATED)
ANTENNA_434/DIODE                       0.750000    1.204329   -0.454329 (VIOLATED)
ANTENNA_436/DIODE                       0.750000    1.204329   -0.454329 (VIOLATED)
_094884_/B                              0.750000    1.204318   -0.454318 (VIOLATED)
ANTENNA_438/DIODE                       0.750000    1.204302   -0.454302 (VIOLATED)
ANTENNA_440/DIODE                       0.750000    1.204290   -0.454290 (VIOLATED)
ANTENNA_3108/DIODE                      0.750000    1.204277   -0.454277 (VIOLATED)
_191985_/D                              0.750000    1.204262   -0.454262 (VIOLATED)
ANTENNA_3109/DIODE                      0.750000    1.204259   -0.454259 (VIOLATED)
_097827_/X                              0.750000    1.203195   -0.453195 (VIOLATED)
ANTENNA_638/DIODE                       0.750000    1.202946   -0.452946 (VIOLATED)
ANTENNA_631/DIODE                       0.750000    1.202941   -0.452941 (VIOLATED)
_095974_/A0                             0.750000    1.202928   -0.452928 (VIOLATED)
ANTENNA_632/DIODE                       0.750000    1.202900   -0.452900 (VIOLATED)
ANTENNA_633/DIODE                       0.750000    1.202879   -0.452879 (VIOLATED)
ANTENNA_634/DIODE                       0.750000    1.202876   -0.452876 (VIOLATED)
ANTENNA_635/DIODE                       0.750000    1.202873   -0.452873 (VIOLATED)
ANTENNA_636/DIODE                       0.750000    1.202870   -0.452870 (VIOLATED)
ANTENNA_637/DIODE                       0.750000    1.202867   -0.452867 (VIOLATED)
ANTENNA_639/DIODE                       0.750000    1.202863   -0.452863 (VIOLATED)
ANTENNA_640/DIODE                       0.750000    1.202859   -0.452859 (VIOLATED)
_174489_/A1                             0.750000    1.201832   -0.451832 (VIOLATED)
ANTENNA_56/DIODE                        0.750000    1.201831   -0.451831 (VIOLATED)
_098341_/X                              0.750000    1.200536   -0.450536 (VIOLATED)
_098230_/B1                             0.750000    1.198822   -0.448822 (VIOLATED)
ANTENNA_1537/DIODE                      0.750000    1.198811   -0.448811 (VIOLATED)
_098172_/X                              0.750000    1.197868   -0.447868 (VIOLATED)
_097848_/X                              0.750000    1.197705   -0.447705 (VIOLATED)
_162455_/B1                             0.750000    1.197665   -0.447665 (VIOLATED)
_101043_/A                              0.750000    1.197598   -0.447599 (VIOLATED)
_101047_/A                              0.750000    1.197599   -0.447599 (VIOLATED)
_162451_/A                              0.750000    1.197598   -0.447599 (VIOLATED)
_174015_/A1                             0.750000    1.197595   -0.447596 (VIOLATED)
_191122_/Q                              0.750000    1.197557   -0.447557 (VIOLATED)
_096055_/X                              0.750000    1.195527   -0.445527 (VIOLATED)
_097976_/X                              0.750000    1.191499   -0.441499 (VIOLATED)
_095805_/X                              0.750000    1.190913   -0.440913 (VIOLATED)
_144106_/A0                             0.750000    1.187164   -0.437164 (VIOLATED)
ANTENNA_2439/DIODE                      0.750000    1.187161   -0.437161 (VIOLATED)
ANTENNA_2438/DIODE                      0.750000    1.187158   -0.437158 (VIOLATED)
ANTENNA_2440/DIODE                      0.750000    1.187154   -0.437154 (VIOLATED)
u_data_ram.g_sram[3].u_macro/din0[2]    0.750000    1.185733   -0.435733 (VIOLATED)
ANTENNA_3050/DIODE                      0.750000    1.185728   -0.435728 (VIOLATED)
_176355_/A1                             0.750000    1.185728   -0.435728 (VIOLATED)
_191247_/Q                              0.750000    1.185696   -0.435696 (VIOLATED)
_144136_/A0                             0.750000    1.185040   -0.435040 (VIOLATED)
ANTENNA_2493/DIODE                      0.750000    1.185040   -0.435040 (VIOLATED)
ANTENNA_2495/DIODE                      0.750000    1.185037   -0.435037 (VIOLATED)
ANTENNA_2494/DIODE                      0.750000    1.185026   -0.435026 (VIOLATED)
ANTENNA_2496/DIODE                      0.750000    1.185021   -0.435021 (VIOLATED)
_095965_/X                              0.750000    1.184911   -0.434911 (VIOLATED)
_095829_/A0                             0.750000    1.178964   -0.428964 (VIOLATED)
ANTENNA_419/DIODE                       0.750000    1.178964   -0.428964 (VIOLATED)
ANTENNA_417/DIODE                       0.750000    1.178963   -0.428963 (VIOLATED)
ANTENNA_416/DIODE                       0.750000    1.178946   -0.428946 (VIOLATED)
ANTENNA_418/DIODE                       0.750000    1.178933   -0.428933 (VIOLATED)
ANTENNA_415/DIODE                       0.750000    1.178921   -0.428921 (VIOLATED)
ANTENNA_10282/DIODE                     0.750000    1.178396   -0.428396 (VIOLATED)
ANTENNA_10284/DIODE                     0.750000    1.178396   -0.428396 (VIOLATED)
ANTENNA_10281/DIODE                     0.750000    1.178395   -0.428395 (VIOLATED)
_097772_/A                              0.750000    1.178394   -0.428394 (VIOLATED)
ANTENNA_10280/DIODE                     0.750000    1.178393   -0.428393 (VIOLATED)
ANTENNA_10279/DIODE                     0.750000    1.178383   -0.428383 (VIOLATED)
ANTENNA_10285/DIODE                     0.750000    1.178380   -0.428380 (VIOLATED)
ANTENNA_10287/DIODE                     0.750000    1.178380   -0.428380 (VIOLATED)
ANTENNA_10286/DIODE                     0.750000    1.178376   -0.428376 (VIOLATED)
ANTENNA_10283/DIODE                     0.750000    1.178373   -0.428373 (VIOLATED)
_191863_/Q                              0.750000    1.177853   -0.427853 (VIOLATED)
_174488_/X                              0.750000    1.177041   -0.427041 (VIOLATED)
_097771_/X                              0.750000    1.176415   -0.426415 (VIOLATED)
_098229_/X                              0.750000    1.176411   -0.426411 (VIOLATED)
ANTENNA_2469/DIODE                      0.750000    1.176104   -0.426104 (VIOLATED)
ANTENNA_2467/DIODE                      0.750000    1.176100   -0.426100 (VIOLATED)
ANTENNA_2465/DIODE                      0.750000    1.176087   -0.426087 (VIOLATED)
_144121_/A0                             0.750000    1.176078   -0.426078 (VIOLATED)
ANTENNA_2463/DIODE                      0.750000    1.176077   -0.426077 (VIOLATED)
_097985_/X                              0.750000    1.176071   -0.426071 (VIOLATED)
ANTENNA_2464/DIODE                      0.750000    1.176056   -0.426056 (VIOLATED)
ANTENNA_2466/DIODE                      0.750000    1.176046   -0.426046 (VIOLATED)
ANTENNA_2468/DIODE                      0.750000    1.176033   -0.426033 (VIOLATED)
ANTENNA_2470/DIODE                      0.750000    1.176019   -0.426019 (VIOLATED)
_144104_/X                              0.750000    1.175723   -0.425723 (VIOLATED)
ANTENNA_2654/DIODE                      0.750000    1.175622   -0.425623 (VIOLATED)
ANTENNA_2652/DIODE                      0.750000    1.175621   -0.425621 (VIOLATED)
ANTENNA_2650/DIODE                      0.750000    1.175620   -0.425620 (VIOLATED)
_145749_/A0                             0.750000    1.175620   -0.425620 (VIOLATED)
ANTENNA_2649/DIODE                      0.750000    1.175584   -0.425584 (VIOLATED)
ANTENNA_2653/DIODE                      0.750000    1.175562   -0.425562 (VIOLATED)
ANTENNA_2651/DIODE                      0.750000    1.175560   -0.425560 (VIOLATED)
ANTENNA_2648/DIODE                      0.750000    1.175551   -0.425551 (VIOLATED)
ANTENNA_2646/DIODE                      0.750000    1.175547   -0.425547 (VIOLATED)
ANTENNA_2644/DIODE                      0.750000    1.175545   -0.425545 (VIOLATED)
ANTENNA_2645/DIODE                      0.750000    1.175526   -0.425526 (VIOLATED)
ANTENNA_2647/DIODE                      0.750000    1.175507   -0.425507 (VIOLATED)
wire3554/A                              0.750000    1.175367   -0.425367 (VIOLATED)
ANTENNA_5620/DIODE                      0.750000    1.175364   -0.425364 (VIOLATED)
ANTENNA_1220/DIODE                      0.750000    1.173939   -0.423939 (VIOLATED)
_097762_/A                              0.750000    1.173940   -0.423940 (VIOLATED)
_144124_/X                              0.750000    1.173166   -0.423166 (VIOLATED)
_097761_/X                              0.750000    1.172265   -0.422265 (VIOLATED)
_095836_/X                              0.750000    1.171840   -0.421840 (VIOLATED)
ANTENNA_569/DIODE                       0.750000    1.170609   -0.420609 (VIOLATED)
ANTENNA_567/DIODE                       0.750000    1.170608   -0.420608 (VIOLATED)
ANTENNA_565/DIODE                       0.750000    1.170608   -0.420608 (VIOLATED)
ANTENNA_563/DIODE                       0.750000    1.170607   -0.420607 (VIOLATED)
ANTENNA_561/DIODE                       0.750000    1.170606   -0.420606 (VIOLATED)
_095933_/A1                             0.750000    1.170604   -0.420604 (VIOLATED)
ANTENNA_560/DIODE                       0.750000    1.170571   -0.420571 (VIOLATED)
ANTENNA_568/DIODE                       0.750000    1.170550   -0.420550 (VIOLATED)
ANTENNA_566/DIODE                       0.750000    1.170550   -0.420549 (VIOLATED)
ANTENNA_564/DIODE                       0.750000    1.170549   -0.420549 (VIOLATED)
ANTENNA_562/DIODE                       0.750000    1.170548   -0.420548 (VIOLATED)
ANTENNA_570/DIODE                       0.750000    1.170525   -0.420525 (VIOLATED)
_095805_/A1                             0.750000    1.170506   -0.420507 (VIOLATED)
ANTENNA_388/DIODE                       0.750000    1.170490   -0.420490 (VIOLATED)
ANTENNA_386/DIODE                       0.750000    1.170489   -0.420489 (VIOLATED)
ANTENNA_379/DIODE                       0.750000    1.170487   -0.420487 (VIOLATED)
ANTENNA_384/DIODE                       0.750000    1.170487   -0.420487 (VIOLATED)
ANTENNA_381/DIODE                       0.750000    1.170479   -0.420479 (VIOLATED)
ANTENNA_380/DIODE                       0.750000    1.170464   -0.420464 (VIOLATED)
ANTENNA_382/DIODE                       0.750000    1.170445   -0.420445 (VIOLATED)
ANTENNA_389/DIODE                       0.750000    1.170442   -0.420442 (VIOLATED)
ANTENNA_387/DIODE                       0.750000    1.170441   -0.420441 (VIOLATED)
ANTENNA_385/DIODE                       0.750000    1.170440   -0.420440 (VIOLATED)
ANTENNA_383/DIODE                       0.750000    1.170438   -0.420438 (VIOLATED)
ANTENNA_2620/DIODE                      0.750000    1.168655   -0.418655 (VIOLATED)
ANTENNA_2618/DIODE                      0.750000    1.168654   -0.418654 (VIOLATED)
ANTENNA_2616/DIODE                      0.750000    1.168643   -0.418643 (VIOLATED)
_145727_/A0                             0.750000    1.168636   -0.418636 (VIOLATED)
ANTENNA_2615/DIODE                      0.750000    1.168634   -0.418634 (VIOLATED)
ANTENNA_2614/DIODE                      0.750000    1.168624   -0.418624 (VIOLATED)
ANTENNA_2617/DIODE                      0.750000    1.168621   -0.418621 (VIOLATED)
ANTENNA_2619/DIODE                      0.750000    1.168617   -0.418617 (VIOLATED)
_095821_/X                              0.750000    1.167872   -0.417872 (VIOLATED)
ANTENNA_2629/DIODE                      0.750000    1.167749   -0.417749 (VIOLATED)
ANTENNA_2622/DIODE                      0.750000    1.167748   -0.417748 (VIOLATED)
ANTENNA_2627/DIODE                      0.750000    1.167748   -0.417748 (VIOLATED)
ANTENNA_2623/DIODE                      0.750000    1.167748   -0.417748 (VIOLATED)
ANTENNA_2625/DIODE                      0.750000    1.167748   -0.417748 (VIOLATED)
_145737_/A0                             0.750000    1.167747   -0.417747 (VIOLATED)
ANTENNA_2624/DIODE                      0.750000    1.167741   -0.417741 (VIOLATED)
ANTENNA_2626/DIODE                      0.750000    1.167739   -0.417739 (VIOLATED)
ANTENNA_2628/DIODE                      0.750000    1.167736   -0.417736 (VIOLATED)
ANTENNA_2630/DIODE                      0.750000    1.167734   -0.417734 (VIOLATED)
_098244_/A1                             0.750000    1.166971   -0.416971 (VIOLATED)
ANTENNA_1542/DIODE                      0.750000    1.166959   -0.416959 (VIOLATED)
ANTENNA_1543/DIODE                      0.750000    1.166955   -0.416955 (VIOLATED)
ANTENNA_1544/DIODE                      0.750000    1.166954   -0.416954 (VIOLATED)
ANTENNA_1545/DIODE                      0.750000    1.166906   -0.416906 (VIOLATED)
_092147_/X                              0.750000    1.165888   -0.415888 (VIOLATED)
ANTENNA_8523/DIODE                      0.750000    1.165752   -0.415752 (VIOLATED)
ANTENNA_8526/DIODE                      0.750000    1.165728   -0.415728 (VIOLATED)
_131915_/A2                             0.750000    1.165663   -0.415663 (VIOLATED)
ANTENNA_8533/DIODE                      0.750000    1.165662   -0.415662 (VIOLATED)
ANTENNA_8531/DIODE                      0.750000    1.165659   -0.415659 (VIOLATED)
ANTENNA_8529/DIODE                      0.750000    1.165656   -0.415657 (VIOLATED)
ANTENNA_8527/DIODE                      0.750000    1.165653   -0.415653 (VIOLATED)
ANTENNA_8525/DIODE                      0.750000    1.165425   -0.415425 (VIOLATED)
ANTENNA_8524/DIODE                      0.750000    1.165188   -0.415188 (VIOLATED)
ANTENNA_8530/DIODE                      0.750000    1.164998   -0.414998 (VIOLATED)
ANTENNA_8528/DIODE                      0.750000    1.164645   -0.414645 (VIOLATED)
_092562_/B                              0.750000    1.164541   -0.414541 (VIOLATED)
ANTENNA_214/DIODE                       0.750000    1.164494   -0.414494 (VIOLATED)
_092554_/A                              0.750000    1.164491   -0.414491 (VIOLATED)
ANTENNA_213/DIODE                       0.750000    1.164481   -0.414481 (VIOLATED)
ANTENNA_8532/DIODE                      0.750000    1.164400   -0.414400 (VIOLATED)
_144134_/X                              0.750000    1.159350   -0.409350 (VIOLATED)
_132104_/C1                             0.750000    1.159319   -0.409319 (VIOLATED)
ANTENNA_2046/DIODE                      0.750000    1.159317   -0.409317 (VIOLATED)
ANTENNA_2414/DIODE                      0.750000    1.158876   -0.408876 (VIOLATED)
ANTENNA_2410/DIODE                      0.750000    1.158860   -0.408860 (VIOLATED)
ANTENNA_2412/DIODE                      0.750000    1.158859   -0.408860 (VIOLATED)
ANTENNA_2409/DIODE                      0.750000    1.158847   -0.408847 (VIOLATED)
ANTENNA_2407/DIODE                      0.750000    1.158841   -0.408841 (VIOLATED)
ANTENNA_2405/DIODE                      0.750000    1.158831   -0.408831 (VIOLATED)
_144084_/A0                             0.750000    1.158830   -0.408830 (VIOLATED)
ANTENNA_2408/DIODE                      0.750000    1.158816   -0.408816 (VIOLATED)
ANTENNA_2406/DIODE                      0.750000    1.158795   -0.408795 (VIOLATED)
ANTENNA_2413/DIODE                      0.750000    1.158748   -0.408748 (VIOLATED)
ANTENNA_2411/DIODE                      0.750000    1.158747   -0.408747 (VIOLATED)
ANTENNA_2415/DIODE                      0.750000    1.158726   -0.408726 (VIOLATED)
ANTENNA_9158/DIODE                      0.750000    1.157607   -0.407607 (VIOLATED)
ANTENNA_2456/DIODE                      0.750000    1.156815   -0.406815 (VIOLATED)
ANTENNA_2458/DIODE                      0.750000    1.156814   -0.406814 (VIOLATED)
ANTENNA_2460/DIODE                      0.750000    1.156814   -0.406814 (VIOLATED)
ANTENNA_2454/DIODE                      0.750000    1.156814   -0.406814 (VIOLATED)
ANTENNA_2451/DIODE                      0.750000    1.156807   -0.406807 (VIOLATED)
_144116_/A0                             0.750000    1.156806   -0.406806 (VIOLATED)
ANTENNA_2452/DIODE                      0.750000    1.156803   -0.406803 (VIOLATED)
ANTENNA_2453/DIODE                      0.750000    1.156794   -0.406794 (VIOLATED)
ANTENNA_2455/DIODE                      0.750000    1.156780   -0.406780 (VIOLATED)
ANTENNA_2457/DIODE                      0.750000    1.156768   -0.406768 (VIOLATED)
ANTENNA_2459/DIODE                      0.750000    1.156753   -0.406753 (VIOLATED)
ANTENNA_2461/DIODE                      0.750000    1.156739   -0.406739 (VIOLATED)
_145735_/X                              0.750000    1.156461   -0.406461 (VIOLATED)
_095932_/X                              0.750000    1.156274   -0.406274 (VIOLATED)
wire3555/X                              0.750000    1.156162   -0.406162 (VIOLATED)
_147150_/A1                             0.750000    1.155782   -0.405782 (VIOLATED)
ANTENNA_2969/DIODE                      0.750000    1.155737   -0.405737 (VIOLATED)
ANTENNA_1276/DIODE                      0.750000    1.155441   -0.405441 (VIOLATED)
_097881_/A1                             0.750000    1.155441   -0.405441 (VIOLATED)
ANTENNA_1274/DIODE                      0.750000    1.155429   -0.405429 (VIOLATED)
ANTENNA_1275/DIODE                      0.750000    1.155411   -0.405411 (VIOLATED)
ANTENNA_1277/DIODE                      0.750000    1.155391   -0.405391 (VIOLATED)
_095789_/A1                             0.750000    1.154991   -0.404991 (VIOLATED)
ANTENNA_376/DIODE                       0.750000    1.154989   -0.404989 (VIOLATED)
ANTENNA_375/DIODE                       0.750000    1.154968   -0.404968 (VIOLATED)
ANTENNA_373/DIODE                       0.750000    1.154951   -0.404951 (VIOLATED)
ANTENNA_371/DIODE                       0.750000    1.154949   -0.404949 (VIOLATED)
ANTENNA_370/DIODE                       0.750000    1.154940   -0.404940 (VIOLATED)
ANTENNA_372/DIODE                       0.750000    1.154930   -0.404931 (VIOLATED)
ANTENNA_374/DIODE                       0.750000    1.154920   -0.404920 (VIOLATED)
_097786_/A                              0.750000    1.154269   -0.404269 (VIOLATED)
ANTENNA_1227/DIODE                      0.750000    1.154268   -0.404268 (VIOLATED)
ANTENNA_1576/DIODE                      0.750000    1.154041   -0.404041 (VIOLATED)
ANTENNA_1575/DIODE                      0.750000    1.154041   -0.404041 (VIOLATED)
ANTENNA_1573/DIODE                      0.750000    1.154040   -0.404040 (VIOLATED)
ANTENNA_1574/DIODE                      0.750000    1.154040   -0.404040 (VIOLATED)
_098278_/B1                             0.750000    1.154038   -0.404038 (VIOLATED)
ANTENNA_1571/DIODE                      0.750000    1.154037   -0.404037 (VIOLATED)
ANTENNA_1572/DIODE                      0.750000    1.154025   -0.404025 (VIOLATED)
_097798_/A                              0.750000    1.153559   -0.403560 (VIOLATED)
ANTENNA_1231/DIODE                      0.750000    1.153558   -0.403558 (VIOLATED)
_101370_/B                              0.750000    1.153105   -0.403106 (VIOLATED)
_100961_/A                              0.750000    1.153104   -0.403104 (VIOLATED)
ANTENNA_9386/DIODE                      0.750000    1.153044   -0.403044 (VIOLATED)
ANTENNA_9385/DIODE                      0.750000    1.153042   -0.403042 (VIOLATED)
_097785_/X                              0.750000    1.152835   -0.402835 (VIOLATED)
_098277_/X                              0.750000    1.152200   -0.402200 (VIOLATED)
_097797_/X                              0.750000    1.152121   -0.402121 (VIOLATED)
_145707_/A0                             0.750000    1.151544   -0.401544 (VIOLATED)
ANTENNA_2604/DIODE                      0.750000    1.151527   -0.401527 (VIOLATED)
ANTENNA_2605/DIODE                      0.750000    1.151519   -0.401519 (VIOLATED)
ANTENNA_2606/DIODE                      0.750000    1.151502   -0.401502 (VIOLATED)
clkbuf_leaf_1289_clk_i_regs/A           0.750000    1.151271   -0.401271 (VIOLATED)
ANTENNA_9031/DIODE                      0.750000    1.151263   -0.401263 (VIOLATED)
load_slew3664/A                         0.750000    1.150942   -0.400942 (VIOLATED)
clkbuf_2_2_1_clk_i/X                    0.750000    1.150705   -0.400705 (VIOLATED)
load_slew3666/A                         0.750000    1.150023   -0.400023 (VIOLATED)
_103960_/X                              0.750000    1.149984   -0.399985 (VIOLATED)
_095821_/A1                             0.750000    1.148713   -0.398713 (VIOLATED)
ANTENNA_413/DIODE                       0.750000    1.148707   -0.398707 (VIOLATED)
ANTENNA_412/DIODE                       0.750000    1.148703   -0.398703 (VIOLATED)
ANTENNA_414/DIODE                       0.750000    1.148693   -0.398693 (VIOLATED)
_094280_/B1                             0.750000    1.147352   -0.397352 (VIOLATED)
_090153_/C                              0.750000    1.147351   -0.397351 (VIOLATED)
_090151_/Y                              0.750000    1.147298   -0.397298 (VIOLATED)
ANTENNA_486/DIODE                       0.750000    1.147282   -0.397282 (VIOLATED)
ANTENNA_484/DIODE                       0.750000    1.147282   -0.397282 (VIOLATED)
ANTENNA_482/DIODE                       0.750000    1.147281   -0.397281 (VIOLATED)
_095869_/A1                             0.750000    1.147282   -0.397282 (VIOLATED)
ANTENNA_480/DIODE                       0.750000    1.147281   -0.397281 (VIOLATED)
ANTENNA_479/DIODE                       0.750000    1.147255   -0.397255 (VIOLATED)
ANTENNA_481/DIODE                       0.750000    1.147239   -0.397239 (VIOLATED)
ANTENNA_483/DIODE                       0.750000    1.147237   -0.397237 (VIOLATED)
ANTENNA_485/DIODE                       0.750000    1.147235   -0.397235 (VIOLATED)
_132103_/X                              0.750000    1.146392   -0.396391 (VIOLATED)
_144119_/X                              0.750000    1.145191   -0.395191 (VIOLATED)
clkbuf_leaf_1272_clk_i_regs/A           0.750000    1.143857   -0.393857 (VIOLATED)
ANTENNA_9035/DIODE                      0.750000    1.143842   -0.393842 (VIOLATED)
_144350_/A                              0.750000    1.141240   -0.391240 (VIOLATED)
_132286_/A                              0.750000    1.140232   -0.390232 (VIOLATED)
_145747_/X                              0.750000    1.140009   -0.390009 (VIOLATED)
_095804_/X                              0.750000    1.139977   -0.389977 (VIOLATED)
_145725_/X                              0.750000    1.139794   -0.389794 (VIOLATED)
_098067_/A1                             0.750000    1.139650   -0.389650 (VIOLATED)
ANTENNA_1405/DIODE                      0.750000    1.139646   -0.389646 (VIOLATED)
wire1823/A                              0.750000    1.139286   -0.389286 (VIOLATED)
ANTENNA_2967/DIODE                      0.750000    1.139276   -0.389276 (VIOLATED)
_095868_/X                              0.750000    1.139228   -0.389228 (VIOLATED)
clkbuf_leaf_1280_clk_i_regs/A           0.750000    1.138298   -0.388298 (VIOLATED)
ANTENNA_9039/DIODE                      0.750000    1.138297   -0.388297 (VIOLATED)
_098243_/X                              0.750000    1.137762   -0.387762 (VIOLATED)
clkbuf_leaf_1276_clk_i_regs/A           0.750000    1.137313   -0.387313 (VIOLATED)
ANTENNA_9038/DIODE                      0.750000    1.137280   -0.387280 (VIOLATED)
clkload0/A                              0.750000    1.137275   -0.387275 (VIOLATED)
_098416_/A                              0.750000    1.137271   -0.387271 (VIOLATED)
clkbuf_7_0_0_clk_i_regs/X               0.750000    1.137159   -0.387159 (VIOLATED)
ANTENNA_9037/DIODE                      0.750000    1.137103   -0.387103 (VIOLATED)
clkbuf_leaf_1275_clk_i_regs/A           0.750000    1.137040   -0.387041 (VIOLATED)
clkbuf_leaf_1281_clk_i_regs/A           0.750000    1.136727   -0.386727 (VIOLATED)
fanout6875/A                            0.750000    1.136706   -0.386706 (VIOLATED)
fanout6878/A                            0.750000    1.136672   -0.386672 (VIOLATED)
_132292_/A1                             0.750000    1.136669   -0.386669 (VIOLATED)
_131736_/A                              0.750000    1.136620   -0.386620 (VIOLATED)
ANTENNA_9040/DIODE                      0.750000    1.136588   -0.386588 (VIOLATED)
_131330_/A1                             0.750000    1.136542   -0.386542 (VIOLATED)
_098196_/A1                             0.750000    1.136503   -0.386503 (VIOLATED)
ANTENNA_1496/DIODE                      0.750000    1.136496   -0.386496 (VIOLATED)
_132103_/A1                             0.750000    1.136465   -0.386465 (VIOLATED)
_132705_/A1                             0.750000    1.136464   -0.386464 (VIOLATED)
_131715_/A1                             0.750000    1.136464   -0.386464 (VIOLATED)
_132268_/A1                             0.750000    1.136463   -0.386463 (VIOLATED)
_090230_/A1                             0.750000    1.136427   -0.386427 (VIOLATED)
_090262_/A1                             0.750000    1.136408   -0.386408 (VIOLATED)
_090221_/A                              0.750000    1.136406   -0.386406 (VIOLATED)
_131881_/A1                             0.750000    1.136407   -0.386407 (VIOLATED)
_094419_/B1                             0.750000    1.136402   -0.386402 (VIOLATED)
_144514_/A2                             0.750000    1.136402   -0.386402 (VIOLATED)
fanout6879/X                            0.750000    1.136400   -0.386400 (VIOLATED)
ANTENNA_9036/DIODE                      0.750000    1.136367   -0.386367 (VIOLATED)
clkbuf_leaf_1274_clk_i_regs/A           0.750000    1.136191   -0.386191 (VIOLATED)
_145732_/A0                             0.750000    1.134563   -0.384563 (VIOLATED)
ANTENNA_9258/DIODE                      0.750000    1.134552   -0.384552 (VIOLATED)
ANTENNA_2621/DIODE                      0.750000    1.134538   -0.384538 (VIOLATED)
_144114_/X                              0.750000    1.132205   -0.382205 (VIOLATED)
_100958_/A                              0.750000    1.131633   -0.381633 (VIOLATED)
ANTENNA_9391/DIODE                      0.750000    1.131613   -0.381613 (VIOLATED)
ANTENNA_9390/DIODE                      0.750000    1.131222   -0.381223 (VIOLATED)
ANTENNA_3466/DIODE                      0.750000    1.129606   -0.379606 (VIOLATED)
hold25931/A                             0.750000    1.129607   -0.379607 (VIOLATED)
_191096_/Q                              0.750000    1.129589   -0.379589 (VIOLATED)
_134062_/B                              0.750000    1.127741   -0.377741 (VIOLATED)
_133845_/B                              0.750000    1.127741   -0.377741 (VIOLATED)
_133632_/A2                             0.750000    1.127720   -0.377720 (VIOLATED)
_132859_/B                              0.750000    1.127704   -0.377704 (VIOLATED)
_133403_/B                              0.750000    1.127696   -0.377696 (VIOLATED)
_133400_/C                              0.750000    1.127661   -0.377661 (VIOLATED)
_133204_/B                              0.750000    1.127644   -0.377644 (VIOLATED)
_138864_/A2                             0.750000    1.127554   -0.377554 (VIOLATED)
_139084_/B                              0.750000    1.127554   -0.377554 (VIOLATED)
_134299_/A                              0.750000    1.127535   -0.377535 (VIOLATED)
fanout9515/X                            0.750000    1.127526   -0.377526 (VIOLATED)
u_npu.u_npu_sram.g_sram[3].u_macro/din0[29]    0.750000    1.126416   -0.376416 (VIOLATED)
_098195_/X                              0.750000    1.126400   -0.376400 (VIOLATED)
_097945_/A1                             0.750000    1.126288   -0.376288 (VIOLATED)
ANTENNA_1321/DIODE                      0.750000    1.126287   -0.376287 (VIOLATED)
ANTENNA_1319/DIODE                      0.750000    1.126285   -0.376285 (VIOLATED)
ANTENNA_1317/DIODE                      0.750000    1.126249   -0.376249 (VIOLATED)
ANTENNA_1318/DIODE                      0.750000    1.126210   -0.376210 (VIOLATED)
ANTENNA_1320/DIODE                      0.750000    1.126202   -0.376202 (VIOLATED)
_095788_/X                              0.750000    1.125720   -0.375720 (VIOLATED)
ANTENNA_10842/DIODE                     0.750000    1.124829   -0.374829 (VIOLATED)
ANTENNA_10840/DIODE                     0.750000    1.124825   -0.374825 (VIOLATED)
ANTENNA_10843/DIODE                     0.750000    1.124825   -0.374825 (VIOLATED)
ANTENNA_10839/DIODE                     0.750000    1.124773   -0.374773 (VIOLATED)
ANTENNA_10837/DIODE                     0.750000    1.124679   -0.374680 (VIOLATED)
ANTENNA_10835/DIODE                     0.750000    1.124583   -0.374583 (VIOLATED)
ANTENNA_10836/DIODE                     0.750000    1.124583   -0.374583 (VIOLATED)
ANTENNA_10838/DIODE                     0.750000    1.124583   -0.374583 (VIOLATED)
ANTENNA_10841/DIODE                     0.750000    1.124584   -0.374584 (VIOLATED)
ANTENNA_10833/DIODE                     0.750000    1.124583   -0.374583 (VIOLATED)
ANTENNA_10834/DIODE                     0.750000    1.124583   -0.374583 (VIOLATED)
_173722_/B1                             0.750000    1.124582   -0.374582 (VIOLATED)
_191094_/Q                              0.750000    1.124566   -0.374566 (VIOLATED)
_097880_/X                              0.750000    1.124072   -0.374072 (VIOLATED)
_145705_/X                              0.750000    1.123657   -0.373657 (VIOLATED)
_145730_/X                              0.750000    1.123122   -0.373122 (VIOLATED)
_092547_/B                              0.750000    1.122982   -0.372982 (VIOLATED)
ANTENNA_210/DIODE                       0.750000    1.122945   -0.372945 (VIOLATED)
_092544_/A                              0.750000    1.122893   -0.372893 (VIOLATED)
ANTENNA_209/DIODE                       0.750000    1.122883   -0.372883 (VIOLATED)
_162462_/A                              0.750000    1.122790   -0.372789 (VIOLATED)
ANTENNA_10832/DIODE                     0.750000    1.122776   -0.372776 (VIOLATED)
ANTENNA_10830/DIODE                     0.750000    1.122737   -0.372737 (VIOLATED)
_100960_/B                              0.750000    1.122733   -0.372733 (VIOLATED)
_101361_/B                              0.750000    1.122727   -0.372727 (VIOLATED)
ANTENNA_10831/DIODE                     0.750000    1.122669   -0.372669 (VIOLATED)
ANTENNA_1600/DIODE                      0.750000    1.121898   -0.371898 (VIOLATED)
ANTENNA_1598/DIODE                      0.750000    1.121889   -0.371889 (VIOLATED)
ANTENNA_1597/DIODE                      0.750000    1.121868   -0.371868 (VIOLATED)
ANTENNA_1599/DIODE                      0.750000    1.121858   -0.371858 (VIOLATED)
_098324_/A1                             0.750000    1.121855   -0.371855 (VIOLATED)
ANTENNA_455/DIODE                       0.750000    1.121388   -0.371388 (VIOLATED)
ANTENNA_453/DIODE                       0.750000    1.121387   -0.371387 (VIOLATED)
ANTENNA_451/DIODE                       0.750000    1.121387   -0.371387 (VIOLATED)
ANTENNA_449/DIODE                       0.750000    1.121386   -0.371386 (VIOLATED)
_095844_/A0                             0.750000    1.121378   -0.371378 (VIOLATED)
ANTENNA_446/DIODE                       0.750000    1.121372   -0.371372 (VIOLATED)
ANTENNA_447/DIODE                       0.750000    1.121359   -0.371359 (VIOLATED)
ANTENNA_448/DIODE                       0.750000    1.121352   -0.371352 (VIOLATED)
ANTENNA_450/DIODE                       0.750000    1.121338   -0.371338 (VIOLATED)
ANTENNA_452/DIODE                       0.750000    1.121328   -0.371328 (VIOLATED)
ANTENNA_456/DIODE                       0.750000    1.121325   -0.371325 (VIOLATED)
ANTENNA_454/DIODE                       0.750000    1.121323   -0.371323 (VIOLATED)
_097780_/A                              0.750000    1.120118   -0.370118 (VIOLATED)
_098141_/A1                             0.750000    1.119505   -0.369505 (VIOLATED)
ANTENNA_1453/DIODE                      0.750000    1.119500   -0.369500 (VIOLATED)
ANTENNA_1451/DIODE                      0.750000    1.119496   -0.369496 (VIOLATED)
ANTENNA_1450/DIODE                      0.750000    1.119485   -0.369485 (VIOLATED)
ANTENNA_1452/DIODE                      0.750000    1.119477   -0.369477 (VIOLATED)
_180144_/CLK                            0.750000    1.118623   -0.368623 (VIOLATED)
ANTENNA_9034/DIODE                      0.750000    1.118620   -0.368620 (VIOLATED)
_095820_/X                              0.750000    1.117808   -0.367808 (VIOLATED)
_144082_/X                              0.750000    1.117794   -0.367794 (VIOLATED)
ANTENNA_10276/DIODE                     0.750000    1.117790   -0.367790 (VIOLATED)
ANTENNA_10272/DIODE                     0.750000    1.117788   -0.367788 (VIOLATED)
ANTENNA_10273/DIODE                     0.750000    1.117785   -0.367785 (VIOLATED)
ANTENNA_10275/DIODE                     0.750000    1.117785   -0.367785 (VIOLATED)
ANTENNA_10271/DIODE                     0.750000    1.117783   -0.367783 (VIOLATED)
ANTENNA_10270/DIODE                     0.750000    1.117766   -0.367766 (VIOLATED)
_097764_/A                              0.750000    1.117761   -0.367761 (VIOLATED)
ANTENNA_10269/DIODE                     0.750000    1.117760   -0.367760 (VIOLATED)
ANTENNA_10277/DIODE                     0.750000    1.117758   -0.367758 (VIOLATED)
ANTENNA_10274/DIODE                     0.750000    1.117757   -0.367757 (VIOLATED)
_098415_/X                              0.750000    1.116609   -0.366609 (VIOLATED)
ANTENNA_2087/DIODE                      0.750000    1.116608   -0.366608 (VIOLATED)
_132280_/B                              0.750000    1.116596   -0.366596 (VIOLATED)
ANTENNA_2085/DIODE                      0.750000    1.116589   -0.366589 (VIOLATED)
ANTENNA_2086/DIODE                      0.750000    1.116566   -0.366566 (VIOLATED)
ANTENNA_2088/DIODE                      0.750000    1.116555   -0.366555 (VIOLATED)
_097763_/X                              0.750000    1.115610   -0.365610 (VIOLATED)
ANTENNA_2487/DIODE                      0.750000    1.113707   -0.363707 (VIOLATED)
ANTENNA_2489/DIODE                      0.750000    1.113706   -0.363706 (VIOLATED)
ANTENNA_2491/DIODE                      0.750000    1.113705   -0.363705 (VIOLATED)
ANTENNA_2482/DIODE                      0.750000    1.113703   -0.363703 (VIOLATED)
ANTENNA_2492/DIODE                      0.750000    1.113703   -0.363703 (VIOLATED)
ANTENNA_2490/DIODE                      0.750000    1.113701   -0.363702 (VIOLATED)
ANTENNA_2488/DIODE                      0.750000    1.113699   -0.363699 (VIOLATED)
ANTENNA_2486/DIODE                      0.750000    1.113696   -0.363696 (VIOLATED)
ANTENNA_2485/DIODE                      0.750000    1.113669   -0.363669 (VIOLATED)
ANTENNA_2483/DIODE                      0.750000    1.113623   -0.363623 (VIOLATED)
_144131_/A0                             0.750000    1.113570   -0.363570 (VIOLATED)
ANTENNA_2484/DIODE                      0.750000    1.113496   -0.363496 (VIOLATED)
wire1862/A                              0.750000    1.113393   -0.363393 (VIOLATED)
ANTENNA_2960/DIODE                      0.750000    1.113382   -0.363382 (VIOLATED)
_095885_/A1                             0.750000    1.112716   -0.362716 (VIOLATED)
ANTENNA_499/DIODE                       0.750000    1.112690   -0.362690 (VIOLATED)
_173705_/B1                             0.750000    1.110386   -0.360386 (VIOLATED)
_191093_/Q                              0.750000    1.110363   -0.360363 (VIOLATED)
ANTENNA_1623/DIODE                      0.750000    1.109553   -0.359553 (VIOLATED)
ANTENNA_1621/DIODE                      0.750000    1.109552   -0.359552 (VIOLATED)
ANTENNA_1619/DIODE                      0.750000    1.109551   -0.359552 (VIOLATED)
_098340_/A1                             0.750000    1.109544   -0.359544 (VIOLATED)
ANTENNA_1614/DIODE                      0.750000    1.109537   -0.359537 (VIOLATED)
ANTENNA_1624/DIODE                      0.750000    1.109537   -0.359537 (VIOLATED)
ANTENNA_1622/DIODE                      0.750000    1.109536   -0.359536 (VIOLATED)
ANTENNA_1620/DIODE                      0.750000    1.109535   -0.359535 (VIOLATED)
ANTENNA_1615/DIODE                      0.750000    1.109534   -0.359534 (VIOLATED)
ANTENNA_1618/DIODE                      0.750000    1.109534   -0.359534 (VIOLATED)
ANTENNA_1617/DIODE                      0.750000    1.109533   -0.359533 (VIOLATED)
ANTENNA_1616/DIODE                      0.750000    1.109531   -0.359531 (VIOLATED)
ANTENNA_2611/DIODE                      0.750000    1.109039   -0.359039 (VIOLATED)
_145717_/A0                             0.750000    1.109038   -0.359038 (VIOLATED)
ANTENNA_2608/DIODE                      0.750000    1.109016   -0.359017 (VIOLATED)
ANTENNA_2610/DIODE                      0.750000    1.109016   -0.359016 (VIOLATED)
ANTENNA_2609/DIODE                      0.750000    1.109014   -0.359014 (VIOLATED)
ANTENNA_2612/DIODE                      0.750000    1.109000   -0.359001 (VIOLATED)
_098066_/X                              0.750000    1.107930   -0.357930 (VIOLATED)
_098326_/B1                             0.750000    1.104605   -0.354605 (VIOLATED)
ANTENNA_1601/DIODE                      0.750000    1.104601   -0.354601 (VIOLATED)
ANTENNA_1608/DIODE                      0.750000    1.104599   -0.354599 (VIOLATED)
ANTENNA_1602/DIODE                      0.750000    1.104598   -0.354598 (VIOLATED)
ANTENNA_1606/DIODE                      0.750000    1.104596   -0.354596 (VIOLATED)
ANTENNA_1604/DIODE                      0.750000    1.104593   -0.354593 (VIOLATED)
ANTENNA_1603/DIODE                      0.750000    1.104578   -0.354578 (VIOLATED)
ANTENNA_1605/DIODE                      0.750000    1.104540   -0.354540 (VIOLATED)
ANTENNA_1607/DIODE                      0.750000    1.104502   -0.354502 (VIOLATED)
ANTENNA_5523/DIODE                      0.750000    1.103533   -0.353533 (VIOLATED)
ANTENNA_5525/DIODE                      0.750000    1.103491   -0.353491 (VIOLATED)
ANTENNA_5524/DIODE                      0.750000    1.103457   -0.353457 (VIOLATED)
ANTENNA_5529/DIODE                      0.750000    1.103455   -0.353455 (VIOLATED)
ANTENNA_5527/DIODE                      0.750000    1.103453   -0.353453 (VIOLATED)
_098395_/A                              0.750000    1.103444   -0.353444 (VIOLATED)
ANTENNA_5530/DIODE                      0.750000    1.103439   -0.353439 (VIOLATED)
ANTENNA_5528/DIODE                      0.750000    1.103438   -0.353438 (VIOLATED)
ANTENNA_5526/DIODE                      0.750000    1.103436   -0.353436 (VIOLATED)
ANTENNA_5522/DIODE                      0.750000    1.103385   -0.353385 (VIOLATED)
_097938_/A1                             0.750000    1.103085   -0.353085 (VIOLATED)
ANTENNA_1316/DIODE                      0.750000    1.103083   -0.353083 (VIOLATED)
ANTENNA_1315/DIODE                      0.750000    1.103044   -0.353044 (VIOLATED)
_097766_/A                              0.750000    1.102060   -0.352060 (VIOLATED)
ANTENNA_1221/DIODE                      0.750000    1.102042   -0.352042 (VIOLATED)
_097944_/X                              0.750000    1.101298   -0.351298 (VIOLATED)
_095840_/X                              0.750000    1.101263   -0.351263 (VIOLATED)
_094244_/A                              0.750000    1.099183   -0.349183 (VIOLATED)
_094266_/B1                             0.750000    1.099168   -0.349168 (VIOLATED)
_090149_/C                              0.750000    1.099158   -0.349158 (VIOLATED)
_090147_/Y                              0.750000    1.099147   -0.349147 (VIOLATED)
ANTENNA_10848/DIODE                     0.750000    1.098952   -0.348952 (VIOLATED)
ANTENNA_1990/DIODE                      0.750000    1.098943   -0.348943 (VIOLATED)
ANTENNA_1980/DIODE                      0.750000    1.098937   -0.348937 (VIOLATED)
ANTENNA_1988/DIODE                      0.750000    1.098932   -0.348932 (VIOLATED)
ANTENNA_1986/DIODE                      0.750000    1.098931   -0.348931 (VIOLATED)
ANTENNA_1984/DIODE                      0.750000    1.098930   -0.348930 (VIOLATED)
ANTENNA_1982/DIODE                      0.750000    1.098929   -0.348929 (VIOLATED)
_131557_/C                              0.750000    1.098928   -0.348928 (VIOLATED)
ANTENNA_1981/DIODE                      0.750000    1.098883   -0.348883 (VIOLATED)
ANTENNA_10849/DIODE                     0.750000    1.098881   -0.348881 (VIOLATED)
ANTENNA_10846/DIODE                     0.750000    1.098866   -0.348866 (VIOLATED)
ANTENNA_10845/DIODE                     0.750000    1.098853   -0.348853 (VIOLATED)
ANTENNA_1983/DIODE                      0.750000    1.098845   -0.348845 (VIOLATED)
ANTENNA_1985/DIODE                      0.750000    1.098840   -0.348840 (VIOLATED)
ANTENNA_10844/DIODE                     0.750000    1.098839   -0.348839 (VIOLATED)
ANTENNA_1987/DIODE                      0.750000    1.098836   -0.348836 (VIOLATED)
ANTENNA_10847/DIODE                     0.750000    1.098832   -0.348832 (VIOLATED)
ANTENNA_10850/DIODE                     0.750000    1.098832   -0.348832 (VIOLATED)
ANTENNA_1989/DIODE                      0.750000    1.098831   -0.348831 (VIOLATED)
hold30476/A                             0.750000    1.098819   -0.348819 (VIOLATED)
_191097_/Q                              0.750000    1.098798   -0.348798 (VIOLATED)
_098323_/X                              0.750000    1.098492   -0.348492 (VIOLATED)
_095884_/X                              0.750000    1.098019   -0.348020 (VIOLATED)
_090079_/A1                             0.750000    1.097570   -0.347570 (VIOLATED)
ANTENNA_9956/DIODE                      0.750000    1.097569   -0.347569 (VIOLATED)
ANTENNA_9955/DIODE                      0.750000    1.097546   -0.347546 (VIOLATED)
ANTENNA_196/DIODE                       0.750000    1.097544   -0.347544 (VIOLATED)
ANTENNA_9958/DIODE                      0.750000    1.097512   -0.347512 (VIOLATED)
ANTENNA_9957/DIODE                      0.750000    1.097506   -0.347506 (VIOLATED)
_098294_/B1                             0.750000    1.095230   -0.345230 (VIOLATED)
ANTENNA_1579/DIODE                      0.750000    1.095226   -0.345226 (VIOLATED)
ANTENNA_1578/DIODE                      0.750000    1.095201   -0.345201 (VIOLATED)
ANTENNA_1583/DIODE                      0.750000    1.095180   -0.345180 (VIOLATED)
ANTENNA_1581/DIODE                      0.750000    1.095178   -0.345178 (VIOLATED)
ANTENNA_1580/DIODE                      0.750000    1.095168   -0.345168 (VIOLATED)
ANTENNA_1582/DIODE                      0.750000    1.095158   -0.345158 (VIOLATED)
ANTENNA_1584/DIODE                      0.750000    1.095148   -0.345148 (VIOLATED)
_097779_/X                              0.750000    1.093260   -0.343260 (VIOLATED)
clkload2/A                              0.750000    1.093133   -0.343133 (VIOLATED)
_144069_/A0                             0.750000    1.093006   -0.343006 (VIOLATED)
clkbuf_7_3_0_clk_i_regs/X               0.750000    1.093001   -0.343001 (VIOLATED)
_098140_/X                              0.750000    1.091273   -0.341273 (VIOLATED)
ANTENNA_1569/DIODE                      0.750000    1.090339   -0.340339 (VIOLATED)
ANTENNA_1567/DIODE                      0.750000    1.090338   -0.340338 (VIOLATED)
ANTENNA_1568/DIODE                      0.750000    1.090337   -0.340337 (VIOLATED)
ANTENNA_1570/DIODE                      0.750000    1.090337   -0.340337 (VIOLATED)
_098276_/A1                             0.750000    1.090335   -0.340335 (VIOLATED)
_095853_/A1                             0.750000    1.089920   -0.339920 (VIOLATED)
ANTENNA_458/DIODE                       0.750000    1.089918   -0.339918 (VIOLATED)
ANTENNA_467/DIODE                       0.750000    1.089913   -0.339913 (VIOLATED)
ANTENNA_457/DIODE                       0.750000    1.089912   -0.339912 (VIOLATED)
ANTENNA_465/DIODE                       0.750000    1.089912   -0.339912 (VIOLATED)
ANTENNA_459/DIODE                       0.750000    1.089911   -0.339911 (VIOLATED)
ANTENNA_463/DIODE                       0.750000    1.089909   -0.339909 (VIOLATED)
ANTENNA_461/DIODE                       0.750000    1.089906   -0.339906 (VIOLATED)
ANTENNA_460/DIODE                       0.750000    1.089891   -0.339891 (VIOLATED)
ANTENNA_462/DIODE                       0.750000    1.089877   -0.339877 (VIOLATED)
ANTENNA_464/DIODE                       0.750000    1.089806   -0.339806 (VIOLATED)
ANTENNA_466/DIODE                       0.750000    1.089800   -0.339800 (VIOLATED)
_098275_/X                              0.750000    1.088634   -0.338634 (VIOLATED)
ANTENNA_2014/DIODE                      0.750000    1.088447   -0.338447 (VIOLATED)
ANTENNA_2012/DIODE                      0.750000    1.088445   -0.338445 (VIOLATED)
_131574_/B                              0.750000    1.088435   -0.338435 (VIOLATED)
ANTENNA_2010/DIODE                      0.750000    1.088434   -0.338434 (VIOLATED)
ANTENNA_2009/DIODE                      0.750000    1.088421   -0.338421 (VIOLATED)
ANTENNA_2013/DIODE                      0.750000    1.088416   -0.338416 (VIOLATED)
ANTENNA_2011/DIODE                      0.750000    1.088414   -0.338414 (VIOLATED)
_098339_/X                              0.750000    1.086249   -0.336249 (VIOLATED)
_144129_/X                              0.750000    1.085580   -0.335580 (VIOLATED)
_132704_/B2                             0.750000    1.084441   -0.334441 (VIOLATED)
ANTENNA_2982/DIODE                      0.750000    1.084403   -0.334403 (VIOLATED)
_145715_/X                              0.750000    1.084394   -0.334394 (VIOLATED)
_097906_/A1                             0.750000    1.083852   -0.333852 (VIOLATED)
_097778_/A                              0.750000    1.080591   -0.330591 (VIOLATED)
ANTENNA_1224/DIODE                      0.750000    1.080590   -0.330591 (VIOLATED)
ANTENNA_9202/DIODE                      0.750000    1.079497   -0.329497 (VIOLATED)
ANTENNA_9194/DIODE                      0.750000    1.079492   -0.329492 (VIOLATED)
ANTENNA_9196/DIODE                      0.750000    1.079491   -0.329491 (VIOLATED)
ANTENNA_9198/DIODE                      0.750000    1.079491   -0.329491 (VIOLATED)
ANTENNA_9200/DIODE                      0.750000    1.079491   -0.329491 (VIOLATED)
ANTENNA_9192/DIODE                      0.750000    1.079483   -0.329483 (VIOLATED)
_116202_/A                              0.750000    1.079478   -0.329478 (VIOLATED)
ANTENNA_9193/DIODE                      0.750000    1.079467   -0.329467 (VIOLATED)
ANTENNA_9195/DIODE                      0.750000    1.079458   -0.329458 (VIOLATED)
ANTENNA_9197/DIODE                      0.750000    1.079457   -0.329457 (VIOLATED)
ANTENNA_9199/DIODE                      0.750000    1.079456   -0.329456 (VIOLATED)
ANTENNA_9201/DIODE                      0.750000    1.079455   -0.329455 (VIOLATED)
_097777_/X                              0.750000    1.079297   -0.329297 (VIOLATED)
_116201_/X                              0.750000    1.078341   -0.328341 (VIOLATED)
_097937_/X                              0.750000    1.077545   -0.327545 (VIOLATED)
_097890_/A1                             0.750000    1.077115   -0.327115 (VIOLATED)
ANTENNA_1288/DIODE                      0.750000    1.077105   -0.327105 (VIOLATED)
ANTENNA_1290/DIODE                      0.750000    1.077104   -0.327104 (VIOLATED)
ANTENNA_1286/DIODE                      0.750000    1.077103   -0.327103 (VIOLATED)
ANTENNA_1284/DIODE                      0.750000    1.077096   -0.327096 (VIOLATED)
ANTENNA_1281/DIODE                      0.750000    1.077093   -0.327093 (VIOLATED)
ANTENNA_1282/DIODE                      0.750000    1.077078   -0.327078 (VIOLATED)
ANTENNA_1283/DIODE                      0.750000    1.077067   -0.327067 (VIOLATED)
ANTENNA_1285/DIODE                      0.750000    1.077056   -0.327056 (VIOLATED)
ANTENNA_1287/DIODE                      0.750000    1.077043   -0.327043 (VIOLATED)
ANTENNA_1289/DIODE                      0.750000    1.077029   -0.327029 (VIOLATED)
ANTENNA_1291/DIODE                      0.750000    1.077021   -0.327021 (VIOLATED)
_097765_/X                              0.750000    1.076710   -0.326710 (VIOLATED)
ANTENNA_1535/DIODE                      0.750000    1.075589   -0.325589 (VIOLATED)
ANTENNA_1534/DIODE                      0.750000    1.075588   -0.325588 (VIOLATED)
ANTENNA_1533/DIODE                      0.750000    1.075588   -0.325588 (VIOLATED)
ANTENNA_1532/DIODE                      0.750000    1.075586   -0.325586 (VIOLATED)
ANTENNA_1526/DIODE                      0.750000    1.075585   -0.325585 (VIOLATED)
ANTENNA_1530/DIODE                      0.750000    1.075585   -0.325585 (VIOLATED)
ANTENNA_1529/DIODE                      0.750000    1.075583   -0.325583 (VIOLATED)
ANTENNA_1528/DIODE                      0.750000    1.075580   -0.325580 (VIOLATED)
ANTENNA_1527/DIODE                      0.750000    1.075542   -0.325542 (VIOLATED)
_098228_/A1                             0.750000    1.075498   -0.325498 (VIOLATED)
ANTENNA_1531/DIODE                      0.750000    1.075417   -0.325417 (VIOLATED)
ANTENNA_1536/DIODE                      0.750000    1.075291   -0.325291 (VIOLATED)
_131556_/X                              0.750000    1.074517   -0.324517 (VIOLATED)
_097899_/B1                             0.750000    1.073886   -0.323886 (VIOLATED)
ANTENNA_1302/DIODE                      0.750000    1.073883   -0.323883 (VIOLATED)
ANTENNA_1301/DIODE                      0.750000    1.073882   -0.323882 (VIOLATED)
_098325_/X                              0.750000    1.073727   -0.323727 (VIOLATED)
_098002_/A1                             0.750000    1.073100   -0.323100 (VIOLATED)
ANTENNA_1365/DIODE                      0.750000    1.073093   -0.323093 (VIOLATED)
ANTENNA_1363/DIODE                      0.750000    1.073090   -0.323090 (VIOLATED)
ANTENNA_1362/DIODE                      0.750000    1.073081   -0.323081 (VIOLATED)
ANTENNA_1364/DIODE                      0.750000    1.073060   -0.323060 (VIOLATED)
_097898_/X                              0.750000    1.072882   -0.322882 (VIOLATED)
hold32132/A                             0.750000    1.071643   -0.321643 (VIOLATED)
_190227_/Q                              0.750000    1.071628   -0.321629 (VIOLATED)
_098293_/S                              0.750000    1.069551   -0.319551 (VIOLATED)
_098309_/S                              0.750000    1.069549   -0.319549 (VIOLATED)
_098277_/S                              0.750000    1.069544   -0.319545 (VIOLATED)
_098325_/S                              0.750000    1.069539   -0.319539 (VIOLATED)
_098261_/S                              0.750000    1.069530   -0.319530 (VIOLATED)
_098245_/S                              0.750000    1.069518   -0.319519 (VIOLATED)
_098229_/S                              0.750000    1.069495   -0.319495 (VIOLATED)
_098197_/S                              0.750000    1.069441   -0.319441 (VIOLATED)
_098213_/S                              0.750000    1.069430   -0.319430 (VIOLATED)
_098181_/S                              0.750000    1.069425   -0.319425 (VIOLATED)
_098165_/S                              0.750000    1.069398   -0.319398 (VIOLATED)
_098149_/S                              0.750000    1.069384   -0.319384 (VIOLATED)
_098133_/S                              0.750000    1.069371   -0.319371 (VIOLATED)
fanout6713/A                            0.750000    1.069368   -0.319368 (VIOLATED)
_098100_/S                              0.750000    1.069365   -0.319365 (VIOLATED)
_098117_/S                              0.750000    1.069365   -0.319365 (VIOLATED)
fanout6714/X                            0.750000    1.069350   -0.319350 (VIOLATED)
_098293_/X                              0.750000    1.069071   -0.319071 (VIOLATED)
ANTENNA_9384/DIODE                      0.750000    1.067541   -0.317541 (VIOLATED)
ANTENNA_1261/DIODE                      0.750000    1.065286   -0.315286 (VIOLATED)
ANTENNA_1269/DIODE                      0.750000    1.065280   -0.315280 (VIOLATED)
ANTENNA_1271/DIODE                      0.750000    1.065272   -0.315272 (VIOLATED)
ANTENNA_1267/DIODE                      0.750000    1.065258   -0.315258 (VIOLATED)
ANTENNA_1265/DIODE                      0.750000    1.065243   -0.315243 (VIOLATED)
ANTENNA_1263/DIODE                      0.750000    1.065234   -0.315234 (VIOLATED)
_097865_/A1                             0.750000    1.065223   -0.315223 (VIOLATED)
ANTENNA_1262/DIODE                      0.750000    1.065210   -0.315210 (VIOLATED)
ANTENNA_1264/DIODE                      0.750000    1.065196   -0.315196 (VIOLATED)
ANTENNA_1266/DIODE                      0.750000    1.065175   -0.315175 (VIOLATED)
ANTENNA_1268/DIODE                      0.750000    1.065164   -0.315164 (VIOLATED)
ANTENNA_1270/DIODE                      0.750000    1.065144   -0.315144 (VIOLATED)
_095744_/A0                             0.750000    1.063110   -0.313110 (VIOLATED)
ANTENNA_348/DIODE                       0.750000    1.063102   -0.313102 (VIOLATED)
_097905_/X                              0.750000    1.062626   -0.312626 (VIOLATED)
_144067_/X                              0.750000    1.062316   -0.312316 (VIOLATED)
_095852_/X                              0.750000    1.062276   -0.312276 (VIOLATED)
fanout10306/A                           0.750000    1.060771   -0.310771 (VIOLATED)
ANTENNA_10828/DIODE                     0.750000    1.060764   -0.310764 (VIOLATED)
_131329_/B2                             0.750000    1.060075   -0.310075 (VIOLATED)
ANTENNA_9307/DIODE                      0.750000    1.060060   -0.310060 (VIOLATED)
rebuffer18593/A                         0.750000    1.059148   -0.309148 (VIOLATED)
_180937_/Q                              0.750000    1.059134   -0.309134 (VIOLATED)
_095738_/X                              0.750000    1.057853   -0.307853 (VIOLATED)
ANTENNA_406/DIODE                       0.750000    1.057339   -0.307339 (VIOLATED)
ANTENNA_410/DIODE                       0.750000    1.057339   -0.307339 (VIOLATED)
ANTENNA_404/DIODE                       0.750000    1.057338   -0.307337 (VIOLATED)
ANTENNA_408/DIODE                       0.750000    1.057337   -0.307337 (VIOLATED)
ANTENNA_402/DIODE                       0.750000    1.057333   -0.307333 (VIOLATED)
_095812_/A0                             0.750000    1.057329   -0.307329 (VIOLATED)
ANTENNA_401/DIODE                       0.750000    1.057327   -0.307327 (VIOLATED)
ANTENNA_403/DIODE                       0.750000    1.057263   -0.307263 (VIOLATED)
ANTENNA_411/DIODE                       0.750000    1.057205   -0.307205 (VIOLATED)
ANTENNA_405/DIODE                       0.750000    1.057204   -0.307204 (VIOLATED)
ANTENNA_409/DIODE                       0.750000    1.057202   -0.307202 (VIOLATED)
ANTENNA_407/DIODE                       0.750000    1.057176   -0.307176 (VIOLATED)
_097889_/X                              0.750000    1.055272   -0.305272 (VIOLATED)
_131572_/X                              0.750000    1.055186   -0.305186 (VIOLATED)
_097922_/A1                             0.750000    1.054102   -0.304102 (VIOLATED)
ANTENNA_1308/DIODE                      0.750000    1.054101   -0.304101 (VIOLATED)
ANTENNA_1306/DIODE                      0.750000    1.054100   -0.304100 (VIOLATED)
ANTENNA_1305/DIODE                      0.750000    1.054098   -0.304098 (VIOLATED)
ANTENNA_1307/DIODE                      0.750000    1.054097   -0.304097 (VIOLATED)
_131885_/A                              0.750000    1.053584   -0.303584 (VIOLATED)
ANTENNA_7229/DIODE                      0.750000    1.053505   -0.303505 (VIOLATED)
_097921_/X                              0.750000    1.052885   -0.302885 (VIOLATED)
wire11649/A                             0.750000    1.052535   -0.302535 (VIOLATED)
ANTENNA_9005/DIODE                      0.750000    1.052508   -0.302508 (VIOLATED)
_145722_/A0                             0.750000    1.050890   -0.300890 (VIOLATED)
ANTENNA_2613/DIODE                      0.750000    1.050889   -0.300889 (VIOLATED)
_105119_/A3                             0.750000    1.050658   -0.300658 (VIOLATED)
ANTENNA_1853/DIODE                      0.750000    1.050655   -0.300656 (VIOLATED)
ANTENNA_1854/DIODE                      0.750000    1.050644   -0.300644 (VIOLATED)
_105397_/A                              0.750000    1.050643   -0.300643 (VIOLATED)
_098227_/X                              0.750000    1.049772   -0.299772 (VIOLATED)
ANTENNA_7098/DIODE                      0.750000    1.049140   -0.299140 (VIOLATED)
_147312_/A0                             0.750000    1.049077   -0.299077 (VIOLATED)
ANTENNA_7095/DIODE                      0.750000    1.048970   -0.298970 (VIOLATED)
ANTENNA_7097/DIODE                      0.750000    1.048913   -0.298913 (VIOLATED)
ANTENNA_7102/DIODE                      0.750000    1.048907   -0.298907 (VIOLATED)
ANTENNA_7104/DIODE                      0.750000    1.048906   -0.298906 (VIOLATED)
ANTENNA_7099/DIODE                      0.750000    1.048906   -0.298906 (VIOLATED)
ANTENNA_7100/DIODE                      0.750000    1.048905   -0.298905 (VIOLATED)
ANTENNA_7103/DIODE                      0.750000    1.048905   -0.298905 (VIOLATED)
ANTENNA_7096/DIODE                      0.750000    1.048902   -0.298902 (VIOLATED)
ANTENNA_7101/DIODE                      0.750000    1.048901   -0.298901 (VIOLATED)
ANTENNA_7094/DIODE                      0.750000    1.048878   -0.298878 (VIOLATED)
u_data_ram.g_sram[3].u_macro/din0[31]    0.750000    1.047510   -0.297510 (VIOLATED)
ANTENNA_2983/DIODE                      0.750000    1.047251   -0.297251 (VIOLATED)
ANTENNA_2985/DIODE                      0.750000    1.047251   -0.297251 (VIOLATED)
ANTENNA_2984/DIODE                      0.750000    1.047251   -0.297251 (VIOLATED)
hold32153/A                             0.750000    1.047231   -0.297231 (VIOLATED)
_190228_/Q                              0.750000    1.047205   -0.297205 (VIOLATED)
wire10517/A                             0.750000    1.046775   -0.296775 (VIOLATED)
ANTENNA_12056/DIODE                     0.750000    1.046771   -0.296771 (VIOLATED)
_098001_/X                              0.750000    1.046397   -0.296397 (VIOLATED)
u_npu.u_npu_sram.g_sram[7].u_macro/din0[29]    0.750000    1.046022   -0.296022 (VIOLATED)
u_npu.u_npu_sram.g_sram[3].u_macro/din0[16]    0.750000    1.045928   -0.295928 (VIOLATED)
u_npu.u_npu_sram.g_sram[3].u_macro/din0[28]    0.750000    1.045752   -0.295752 (VIOLATED)
u_data_ram.g_sram[3].u_macro/din0[8]    0.750000    1.045126   -0.295126 (VIOLATED)
_133674_/B                              0.750000    1.045038   -0.295038 (VIOLATED)
_133475_/B                              0.750000    1.044979   -0.294979 (VIOLATED)
ANTENNA_2668/DIODE                      0.750000    1.044933   -0.294933 (VIOLATED)
ANTENNA_2666/DIODE                      0.750000    1.044932   -0.294932 (VIOLATED)
_145759_/A0                             0.750000    1.044931   -0.294931 (VIOLATED)
ANTENNA_2670/DIODE                      0.750000    1.044931   -0.294931 (VIOLATED)
ANTENNA_2669/DIODE                      0.750000    1.044910   -0.294910 (VIOLATED)
_132216_/B                              0.750000    1.044906   -0.294906 (VIOLATED)
ANTENNA_2671/DIODE                      0.750000    1.044893   -0.294893 (VIOLATED)
ANTENNA_2667/DIODE                      0.750000    1.044869   -0.294869 (VIOLATED)
_132418_/B                              0.750000    1.044816   -0.294817 (VIOLATED)
_132883_/B                              0.750000    1.044778   -0.294779 (VIOLATED)
_133038_/B                              0.750000    1.044725   -0.294725 (VIOLATED)
_138812_/B                              0.750000    1.044687   -0.294687 (VIOLATED)
_139070_/B                              0.750000    1.044687   -0.294687 (VIOLATED)
_139766_/B                              0.750000    1.044677   -0.294678 (VIOLATED)
fanout9552/X                            0.750000    1.044676   -0.294676 (VIOLATED)
ANTENNA_1562/DIODE                      0.750000    1.044176   -0.294176 (VIOLATED)
ANTENNA_1561/DIODE                      0.750000    1.044175   -0.294175 (VIOLATED)
ANTENNA_1559/DIODE                      0.750000    1.044174   -0.294174 (VIOLATED)
ANTENNA_1557/DIODE                      0.750000    1.044173   -0.294173 (VIOLATED)
ANTENNA_1556/DIODE                      0.750000    1.044171   -0.294171 (VIOLATED)
ANTENNA_1555/DIODE                      0.750000    1.044169   -0.294169 (VIOLATED)
_098260_/A1                             0.750000    1.044168   -0.294168 (VIOLATED)
ANTENNA_1554/DIODE                      0.750000    1.044167   -0.294167 (VIOLATED)
ANTENNA_1564/DIODE                      0.750000    1.044149   -0.294149 (VIOLATED)
ANTENNA_1563/DIODE                      0.750000    1.044149   -0.294149 (VIOLATED)
ANTENNA_1560/DIODE                      0.750000    1.044147   -0.294147 (VIOLATED)
ANTENNA_1558/DIODE                      0.750000    1.044145   -0.294145 (VIOLATED)
u_npu.u_npu_sram.g_sram[3].u_macro/din0[22]    0.750000    1.041661   -0.291661 (VIOLATED)
hold30980/A                             0.750000    1.041494   -0.291494 (VIOLATED)
_191091_/Q                              0.750000    1.041481   -0.291481 (VIOLATED)
_097864_/X                              0.750000    1.040642   -0.290642 (VIOLATED)
_105117_/Y                              0.750000    1.040041   -0.290041 (VIOLATED)
_095808_/X                              0.750000    1.039991   -0.289991 (VIOLATED)
_090078_/X                              0.750000    1.038597   -0.288597 (VIOLATED)
u_npu.u_npu_sram.g_sram[1].u_macro/din0[29]    0.750000    1.038577   -0.288577 (VIOLATED)
_097929_/A1                             0.750000    1.038496   -0.288496 (VIOLATED)
ANTENNA_1313/DIODE                      0.750000    1.038492   -0.288492 (VIOLATED)
ANTENNA_1311/DIODE                      0.750000    1.038491   -0.288491 (VIOLATED)
ANTENNA_1310/DIODE                      0.750000    1.038481   -0.288481 (VIOLATED)
ANTENNA_1312/DIODE                      0.750000    1.038439   -0.288439 (VIOLATED)
ANTENNA_360/DIODE                       0.750000    1.037492   -0.287492 (VIOLATED)
ANTENNA_358/DIODE                       0.750000    1.037491   -0.287491 (VIOLATED)
ANTENNA_356/DIODE                       0.750000    1.037491   -0.287491 (VIOLATED)
ANTENNA_354/DIODE                       0.750000    1.037490   -0.287490 (VIOLATED)
ANTENNA_352/DIODE                       0.750000    1.037488   -0.287488 (VIOLATED)
_095764_/A0                             0.750000    1.037487   -0.287487 (VIOLATED)
ANTENNA_351/DIODE                       0.750000    1.037450   -0.287450 (VIOLATED)
ANTENNA_353/DIODE                       0.750000    1.037422   -0.287422 (VIOLATED)
ANTENNA_355/DIODE                       0.750000    1.037419   -0.287419 (VIOLATED)
ANTENNA_357/DIODE                       0.750000    1.037415   -0.287415 (VIOLATED)
ANTENNA_359/DIODE                       0.750000    1.037411   -0.287411 (VIOLATED)
_191060_/RESET_B                        0.750000    1.036473   -0.286473 (VIOLATED)
load_slew10521/X                        0.750000    1.036455   -0.286455 (VIOLATED)
ANTENNA_175/DIODE                       0.750000    1.033870   -0.283870 (VIOLATED)
ANTENNA_173/DIODE                       0.750000    1.033868   -0.283868 (VIOLATED)
ANTENNA_171/DIODE                       0.750000    1.033866   -0.283866 (VIOLATED)
ANTENNA_169/DIODE                       0.750000    1.033865   -0.283865 (VIOLATED)
ANTENNA_167/DIODE                       0.750000    1.033864   -0.283864 (VIOLATED)
ANTENNA_168/DIODE                       0.750000    1.033859   -0.283859 (VIOLATED)
_179431_/A1                             0.750000    1.033856   -0.283856 (VIOLATED)
ANTENNA_166/DIODE                       0.750000    1.033854   -0.283855 (VIOLATED)
ANTENNA_176/DIODE                       0.750000    1.033826   -0.283826 (VIOLATED)
ANTENNA_174/DIODE                       0.750000    1.033822   -0.283822 (VIOLATED)
ANTENNA_172/DIODE                       0.750000    1.033795   -0.283795 (VIOLATED)
ANTENNA_170/DIODE                       0.750000    1.033777   -0.283777 (VIOLATED)
_145757_/X                              0.750000    1.033535   -0.283535 (VIOLATED)
ANTENNA_2534/DIODE                      0.750000    1.031590   -0.281590 (VIOLATED)
ANTENNA_2530/DIODE                      0.750000    1.031583   -0.281583 (VIOLATED)
ANTENNA_2532/DIODE                      0.750000    1.031582   -0.281582 (VIOLATED)
ANTENNA_2528/DIODE                      0.750000    1.031575   -0.281575 (VIOLATED)
_144156_/A0                             0.750000    1.031531   -0.281531 (VIOLATED)
ANTENNA_2524/DIODE                      0.750000    1.031442   -0.281442 (VIOLATED)
ANTENNA_2525/DIODE                      0.750000    1.031378   -0.281378 (VIOLATED)
ANTENNA_2526/DIODE                      0.750000    1.031371   -0.281371 (VIOLATED)
ANTENNA_2527/DIODE                      0.750000    1.031358   -0.281358 (VIOLATED)
ANTENNA_2529/DIODE                      0.750000    1.031339   -0.281339 (VIOLATED)
ANTENNA_2531/DIODE                      0.750000    1.031326   -0.281326 (VIOLATED)
ANTENNA_2533/DIODE                      0.750000    1.031227   -0.281227 (VIOLATED)
_097954_/A1                             0.750000    1.030868   -0.280868 (VIOLATED)
ANTENNA_1322/DIODE                      0.750000    1.030865   -0.280865 (VIOLATED)
_131739_/B                              0.750000    1.030204   -0.280204 (VIOLATED)
ANTENNA_10499/DIODE                     0.750000    1.030199   -0.280199 (VIOLATED)
_097784_/A                              0.750000    1.029748   -0.279748 (VIOLATED)
ANTENNA_1226/DIODE                      0.750000    1.029731   -0.279731 (VIOLATED)
_131737_/Y                              0.750000    1.029705   -0.279705 (VIOLATED)
_097953_/X                              0.750000    1.029619   -0.279619 (VIOLATED)
_145720_/X                              0.750000    1.028887   -0.278887 (VIOLATED)
u_npu.u_npu_sram.g_sram[2].u_macro/din0[25]    0.750000    1.028252   -0.278252 (VIOLATED)
u_data_ram.g_sram[3].u_macro/din0[29]    0.750000    1.027785   -0.277785 (VIOLATED)
wire1826/A                              0.750000    1.026579   -0.276579 (VIOLATED)
ANTENNA_2521/DIODE                      0.750000    1.026521   -0.276521 (VIOLATED)
ANTENNA_2523/DIODE                      0.750000    1.026520   -0.276520 (VIOLATED)
_144151_/A0                             0.750000    1.026520   -0.276520 (VIOLATED)
ANTENNA_2519/DIODE                      0.750000    1.026515   -0.276515 (VIOLATED)
ANTENNA_2520/DIODE                      0.750000    1.026505   -0.276505 (VIOLATED)
ANTENNA_2522/DIODE                      0.750000    1.026498   -0.276498 (VIOLATED)
_160052_/B1                             0.750000    1.024155   -0.274155 (VIOLATED)
_159962_/A1                             0.750000    1.024121   -0.274121 (VIOLATED)
_159931_/B1                             0.750000    1.024104   -0.274104 (VIOLATED)
_161148_/B2                             0.750000    1.023941   -0.273941 (VIOLATED)
_161116_/A2                             0.750000    1.023937   -0.273937 (VIOLATED)
_161477_/A                              0.750000    1.023816   -0.273816 (VIOLATED)
_161424_/A1                             0.750000    1.023766   -0.273766 (VIOLATED)
_161364_/A                              0.750000    1.023711   -0.273711 (VIOLATED)
_161242_/B2                             0.750000    1.023647   -0.273647 (VIOLATED)
_145602_/A                              0.750000    1.023646   -0.273646 (VIOLATED)
ANTENNA_4089/DIODE                      0.750000    1.023617   -0.273617 (VIOLATED)
_162465_/A1                             0.750000    1.023502   -0.273502 (VIOLATED)
fanout8883/X                            0.750000    1.023499   -0.273499 (VIOLATED)
_145687_/A0                             0.750000    1.022892   -0.272892 (VIOLATED)
ANTENNA_2596/DIODE                      0.750000    1.022891   -0.272891 (VIOLATED)
ANTENNA_2595/DIODE                      0.750000    1.022887   -0.272887 (VIOLATED)
ANTENNA_1509/DIODE                      0.750000    1.022352   -0.272352 (VIOLATED)
ANTENNA_1508/DIODE                      0.750000    1.022351   -0.272351 (VIOLATED)
ANTENNA_1507/DIODE                      0.750000    1.022350   -0.272350 (VIOLATED)
ANTENNA_1506/DIODE                      0.750000    1.022349   -0.272349 (VIOLATED)
ANTENNA_1505/DIODE                      0.750000    1.022348   -0.272348 (VIOLATED)
_098205_/A1                             0.750000    1.022346   -0.272346 (VIOLATED)
ANTENNA_1510/DIODE                      0.750000    1.022262   -0.272262 (VIOLATED)
u_npu.u_npu_sram.g_sram[7].u_macro/din0[24]    0.750000    1.022111   -0.272111 (VIOLATED)
u_data_ram.g_sram[3].u_macro/din0[28]    0.750000    1.021690   -0.271690 (VIOLATED)
_095760_/X                              0.750000    1.021092   -0.271093 (VIOLATED)
_179430_/X                              0.750000    1.020407   -0.270407 (VIOLATED)
_131925_/B2                             0.750000    1.018974   -0.268974 (VIOLATED)
ANTENNA_3096/DIODE                      0.750000    1.018969   -0.268969 (VIOLATED)
_097788_/A                              0.750000    1.018814   -0.268814 (VIOLATED)
ANTENNA_1228/DIODE                      0.750000    1.018812   -0.268812 (VIOLATED)
u_npu.u_npu_sram.g_sram[1].u_macro/din0[30]    0.750000    1.018075   -0.268075 (VIOLATED)
_098259_/X                              0.750000    1.017929   -0.267929 (VIOLATED)
_145599_/A                              0.750000    1.017816   -0.267816 (VIOLATED)
ANTENNA_4090/DIODE                      0.750000    1.017731   -0.267731 (VIOLATED)
load_slew1827/A                         0.750000    1.017466   -0.267466 (VIOLATED)
_097787_/X                              0.750000    1.017287   -0.267287 (VIOLATED)
_095710_/X                              0.750000    1.017280   -0.267280 (VIOLATED)
_145712_/A0                             0.750000    1.016408   -0.266408 (VIOLATED)
ANTENNA_2607/DIODE                      0.750000    1.016407   -0.266407 (VIOLATED)
_097928_/X                              0.750000    1.015141   -0.265141 (VIOLATED)
ANTENNA_3085/DIODE                      0.750000    1.013291   -0.263291 (VIOLATED)
_131913_/B2                             0.750000    1.013285   -0.263285 (VIOLATED)
ANTENNA_3083/DIODE                      0.750000    1.013275   -0.263275 (VIOLATED)
ANTENNA_3084/DIODE                      0.750000    1.013269   -0.263269 (VIOLATED)
_145685_/X                              0.750000    1.013162   -0.263162 (VIOLATED)
_146952_/A0                             0.750000    1.012244   -0.262244 (VIOLATED)
ANTENNA_12265/DIODE                     0.750000    1.012240   -0.262240 (VIOLATED)
_098292_/A1                             0.750000    1.012213   -0.262213 (VIOLATED)
ANTENNA_1577/DIODE                      0.750000    1.012210   -0.262210 (VIOLATED)
_144154_/X                              0.750000    1.011655   -0.261655 (VIOLATED)
ANTENNA_3098/DIODE                      0.750000    1.011629   -0.261629 (VIOLATED)
ANTENNA_3100/DIODE                      0.750000    1.011629   -0.261629 (VIOLATED)
_147261_/A1                             0.750000    1.011629   -0.261629 (VIOLATED)
ANTENNA_3097/DIODE                      0.750000    1.011629   -0.261629 (VIOLATED)
ANTENNA_3099/DIODE                      0.750000    1.011629   -0.261629 (VIOLATED)
_190317_/Q                              0.750000    1.011623   -0.261623 (VIOLATED)
_097796_/A                              0.750000    1.011053   -0.261053 (VIOLATED)
ANTENNA_10306/DIODE                     0.750000    1.011047   -0.261048 (VIOLATED)
_098291_/X                              0.750000    1.010924   -0.260924 (VIOLATED)
_147304_/A0                             0.750000    1.010572   -0.260572 (VIOLATED)
ANTENNA_5787/DIODE                      0.750000    1.010542   -0.260542 (VIOLATED)
ANTENNA_5785/DIODE                      0.750000    1.010537   -0.260537 (VIOLATED)
ANTENNA_5788/DIODE                      0.750000    1.010523   -0.260523 (VIOLATED)
ANTENNA_5786/DIODE                      0.750000    1.010516   -0.260516 (VIOLATED)
_174090_/A                              0.750000    1.009750   -0.259750 (VIOLATED)
ANTENNA_10822/DIODE                     0.750000    1.009738   -0.259738 (VIOLATED)
_174096_/B                              0.750000    1.009738   -0.259738 (VIOLATED)
ANTENNA_10823/DIODE                     0.750000    1.009727   -0.259727 (VIOLATED)
load_slew2430/A                         0.750000    1.009368   -0.259368 (VIOLATED)
ANTENNA_12266/DIODE                     0.750000    1.009367   -0.259367 (VIOLATED)
_132278_/X                              0.750000    1.009304   -0.259304 (VIOLATED)
max_cap2434/A                           0.750000    1.008945   -0.258945 (VIOLATED)
ANTENNA_4773/DIODE                      0.750000    1.008870   -0.258870 (VIOLATED)
ANTENNA_10292/DIODE                     0.750000    1.008858   -0.258858 (VIOLATED)
ANTENNA_10290/DIODE                     0.750000    1.008856   -0.258856 (VIOLATED)
ANTENNA_4771/DIODE                      0.750000    1.008849   -0.258849 (VIOLATED)
ANTENNA_4767/DIODE                      0.750000    1.008848   -0.258848 (VIOLATED)
_097776_/A                              0.750000    1.008847   -0.258847 (VIOLATED)
ANTENNA_4765/DIODE                      0.750000    1.008847   -0.258847 (VIOLATED)
ANTENNA_4769/DIODE                      0.750000    1.008847   -0.258847 (VIOLATED)
ANTENNA_10291/DIODE                     0.750000    1.008846   -0.258846 (VIOLATED)
ANTENNA_10293/DIODE                     0.750000    1.008846   -0.258846 (VIOLATED)
ANTENNA_10294/DIODE                     0.750000    1.008845   -0.258845 (VIOLATED)
ANTENNA_10288/DIODE                     0.750000    1.008844   -0.258844 (VIOLATED)
rebuffer38771/X                         0.750000    1.008840   -0.258840 (VIOLATED)
ANTENNA_10289/DIODE                     0.750000    1.008794   -0.258794 (VIOLATED)
ANTENNA_10295/DIODE                     0.750000    1.008730   -0.258731 (VIOLATED)
_097783_/X                              0.750000    1.007851   -0.257851 (VIOLATED)
_132270_/A2                             0.750000    1.007727   -0.257727 (VIOLATED)
ANTENNA_9328/DIODE                      0.750000    1.007709   -0.257709 (VIOLATED)
_097830_/S                              0.750000    1.006766   -0.256766 (VIOLATED)
_097850_/S                              0.750000    1.006766   -0.256766 (VIOLATED)
_097866_/S                              0.750000    1.006762   -0.256762 (VIOLATED)
_097882_/S                              0.750000    1.006758   -0.256758 (VIOLATED)
_097898_/S                              0.750000    1.006750   -0.256750 (VIOLATED)
_097914_/S                              0.750000    1.006738   -0.256738 (VIOLATED)
_097930_/S                              0.750000    1.006716   -0.256716 (VIOLATED)
_097946_/S                              0.750000    1.006708   -0.256708 (VIOLATED)
_097962_/S                              0.750000    1.006703   -0.256704 (VIOLATED)
_097978_/S                              0.750000    1.006675   -0.256675 (VIOLATED)
_098026_/S                              0.750000    1.006660   -0.256660 (VIOLATED)
_097994_/S                              0.750000    1.006653   -0.256653 (VIOLATED)
_098059_/S                              0.750000    1.006647   -0.256647 (VIOLATED)
_098010_/S                              0.750000    1.006642   -0.256642 (VIOLATED)
_098075_/S                              0.750000    1.006616   -0.256616 (VIOLATED)
_098042_/S                              0.750000    1.006598   -0.256598 (VIOLATED)
fanout6713/X                            0.750000    1.006589   -0.256589 (VIOLATED)
_095780_/A0                             0.750000    1.005937   -0.255937 (VIOLATED)
ANTENNA_369/DIODE                       0.750000    1.005927   -0.255927 (VIOLATED)
ANTENNA_10278/DIODE                     0.750000    1.005799   -0.255799 (VIOLATED)
_097770_/A                              0.750000    1.005796   -0.255796 (VIOLATED)
_098050_/A1                             0.750000    1.005611   -0.255611 (VIOLATED)
ANTENNA_1390/DIODE                      0.750000    1.005599   -0.255599 (VIOLATED)
ANTENNA_1389/DIODE                      0.750000    1.005592   -0.255592 (VIOLATED)
ANTENNA_1391/DIODE                      0.750000    1.005586   -0.255586 (VIOLATED)
ANTENNA_1392/DIODE                      0.750000    1.005542   -0.255542 (VIOLATED)
wire1860/A                              0.750000    1.005052   -0.255052 (VIOLATED)
u_instruction_ram.g_sram[0].u_macro/din0[17]    0.750000    1.004420   -0.254420 (VIOLATED)
_097769_/X                              0.750000    1.003963   -0.253963 (VIOLATED)
_144149_/X                              0.750000    1.003957   -0.253957 (VIOLATED)
u_npu.u_npu_sram.g_sram[0].u_macro/din0[14]    0.750000    1.003570   -0.253570 (VIOLATED)
_095776_/X                              0.750000    1.003102   -0.253102 (VIOLATED)
_098204_/X                              0.750000    1.002904   -0.252904 (VIOLATED)
u_npu.u_npu_sram.g_sram[0].u_macro/din0[31]    0.750000    1.000327   -0.250328 (VIOLATED)
_098310_/B1                             0.750000    0.999379   -0.249379 (VIOLATED)
ANTENNA_1591/DIODE                      0.750000    0.999359   -0.249359 (VIOLATED)
ANTENNA_1590/DIODE                      0.750000    0.999339   -0.249339 (VIOLATED)
ANTENNA_1593/DIODE                      0.750000    0.999335   -0.249335 (VIOLATED)
ANTENNA_1592/DIODE                      0.750000    0.999289   -0.249289 (VIOLATED)
ANTENNA_1594/DIODE                      0.750000    0.999262   -0.249263 (VIOLATED)
ANTENNA_1595/DIODE                      0.750000    0.999233   -0.249233 (VIOLATED)
u_data_ram.g_sram[2].u_macro/din0[12]    0.750000    0.997480   -0.247480 (VIOLATED)
_095845_/A0                             0.750000    0.996933   -0.246933 (VIOLATED)
ANTENNA_442/DIODE                       0.750000    0.996920   -0.246920 (VIOLATED)
_097794_/A                              0.750000    0.996626   -0.246626 (VIOLATED)
ANTENNA_1230/DIODE                      0.750000    0.996623   -0.246623 (VIOLATED)
_145710_/X                              0.750000    0.995767   -0.245767 (VIOLATED)
_173837_/B1                             0.750000    0.994628   -0.244628 (VIOLATED)
_173822_/B1                             0.750000    0.994619   -0.244619 (VIOLATED)
_173794_/B1                             0.750000    0.994613   -0.244613 (VIOLATED)
_173807_/B1                             0.750000    0.994614   -0.244614 (VIOLATED)
_173783_/B1                             0.750000    0.994600   -0.244600 (VIOLATED)
_173721_/B1                             0.750000    0.994527   -0.244527 (VIOLATED)
_173654_/B1                             0.750000    0.994523   -0.244523 (VIOLATED)
_173701_/B1                             0.750000    0.994523   -0.244523 (VIOLATED)
_173760_/B1                             0.750000    0.994513   -0.244513 (VIOLATED)
_173732_/B1                             0.750000    0.994509   -0.244509 (VIOLATED)
_173776_/B1                             0.750000    0.994506   -0.244506 (VIOLATED)
_173747_/B1                             0.750000    0.994504   -0.244504 (VIOLATED)
_090193_/A2                             0.750000    0.994442   -0.244442 (VIOLATED)
ANTENNA_2980/DIODE                      0.750000    0.994438   -0.244438 (VIOLATED)
ANTENNA_2978/DIODE                      0.750000    0.994430   -0.244430 (VIOLATED)
ANTENNA_2979/DIODE                      0.750000    0.994419   -0.244419 (VIOLATED)
ANTENNA_2981/DIODE                      0.750000    0.994368   -0.244368 (VIOLATED)
_174014_/B1                             0.750000    0.994346   -0.244346 (VIOLATED)
_174012_/B1                             0.750000    0.994336   -0.244336 (VIOLATED)
_174009_/B1                             0.750000    0.994335   -0.244335 (VIOLATED)
fanout7045/A                            0.750000    0.994259   -0.244259 (VIOLATED)
fanout7046/X                            0.750000    0.994256   -0.244256 (VIOLATED)
_142652_/S                              0.750000    0.991921   -0.241921 (VIOLATED)
_142672_/S                              0.750000    0.991918   -0.241918 (VIOLATED)
_142636_/S                              0.750000    0.991913   -0.241913 (VIOLATED)
_142662_/S                              0.750000    0.991906   -0.241906 (VIOLATED)
_142667_/S                              0.750000    0.991892   -0.241892 (VIOLATED)
_142647_/S                              0.750000    0.991879   -0.241879 (VIOLATED)
_142621_/S                              0.750000    0.991878   -0.241878 (VIOLATED)
_142642_/S                              0.750000    0.991871   -0.241872 (VIOLATED)
_142657_/S                              0.750000    0.991846   -0.241846 (VIOLATED)
_131708_/B2                             0.750000    0.991833   -0.241833 (VIOLATED)
_142610_/S                              0.750000    0.991814   -0.241814 (VIOLATED)
_142626_/S                              0.750000    0.991799   -0.241799 (VIOLATED)
_094626_/S                              0.750000    0.991788   -0.241788 (VIOLATED)
_094586_/A2                             0.750000    0.991777   -0.241777 (VIOLATED)
_094592_/A1                             0.750000    0.991776   -0.241776 (VIOLATED)
_094632_/S                              0.750000    0.991772   -0.241772 (VIOLATED)
_142708_/S                              0.750000    0.991770   -0.241770 (VIOLATED)
fanout9161/X                            0.750000    0.991770   -0.241770 (VIOLATED)
wire10273/A                             0.750000    0.990007   -0.240007 (VIOLATED)
ANTENNA_9383/DIODE                      0.750000    0.989960   -0.239960 (VIOLATED)
_097775_/X                              0.750000    0.989055   -0.239055 (VIOLATED)
hold31179/A                             0.750000    0.988664   -0.238664 (VIOLATED)
_191059_/Q                              0.750000    0.988657   -0.238657 (VIOLATED)
_097795_/X                              0.750000    0.987980   -0.237980 (VIOLATED)
_131537_/B                              0.750000    0.987844   -0.237844 (VIOLATED)
_095837_/X                              0.750000    0.987666   -0.237666 (VIOLATED)
ANTENNA_3087/DIODE                      0.750000    0.987599   -0.237599 (VIOLATED)
ANTENNA_3088/DIODE                      0.750000    0.987486   -0.237486 (VIOLATED)
ANTENNA_3086/DIODE                      0.750000    0.987415   -0.237415 (VIOLATED)
hold31151/A                             0.750000    0.987377   -0.237377 (VIOLATED)
_190309_/Q                              0.750000    0.987347   -0.237347 (VIOLATED)
ANTENNA_9329/DIODE                      0.750000    0.987171   -0.237171 (VIOLATED)
hold32056/A                             0.750000    0.987171   -0.237171 (VIOLATED)
_190303_/Q                              0.750000    0.987166   -0.237166 (VIOLATED)
load_slew1861/A                         0.750000    0.986772   -0.236772 (VIOLATED)
_145769_/A0                             0.750000    0.984763   -0.234763 (VIOLATED)
ANTENNA_10624/DIODE                     0.750000    0.984761   -0.234761 (VIOLATED)
ANTENNA_2686/DIODE                      0.750000    0.984760   -0.234760 (VIOLATED)
ANTENNA_2684/DIODE                      0.750000    0.984757   -0.234757 (VIOLATED)
ANTENNA_2685/DIODE                      0.750000    0.984756   -0.234756 (VIOLATED)
_095689_/X                              0.750000    0.984207   -0.234207 (VIOLATED)
ANTENNA_2514/DIODE                      0.750000    0.984199   -0.234199 (VIOLATED)
ANTENNA_2512/DIODE                      0.750000    0.984191   -0.234191 (VIOLATED)
ANTENNA_2510/DIODE                      0.750000    0.984172   -0.234172 (VIOLATED)
_144146_/A0                             0.750000    0.984170   -0.234170 (VIOLATED)
ANTENNA_2509/DIODE                      0.750000    0.984128   -0.234128 (VIOLATED)
ANTENNA_2513/DIODE                      0.750000    0.984107   -0.234108 (VIOLATED)
ANTENNA_2511/DIODE                      0.750000    0.984105   -0.234105 (VIOLATED)
ANTENNA_2518/DIODE                      0.750000    0.984095   -0.234095 (VIOLATED)
ANTENNA_2516/DIODE                      0.750000    0.984094   -0.234094 (VIOLATED)
ANTENNA_2508/DIODE                      0.750000    0.984089   -0.234089 (VIOLATED)
ANTENNA_2515/DIODE                      0.750000    0.984070   -0.234070 (VIOLATED)
ANTENNA_2517/DIODE                      0.750000    0.984055   -0.234055 (VIOLATED)
wire4210/X                              0.750000    0.982667   -0.232667 (VIOLATED)
_192378_/Q                              0.750000    0.982533   -0.232533 (VIOLATED)
_097970_/A1                             0.750000    0.982441   -0.232441 (VIOLATED)
ANTENNA_1327/DIODE                      0.750000    0.982418   -0.232418 (VIOLATED)
ANTENNA_1325/DIODE                      0.750000    0.982418   -0.232418 (VIOLATED)
ANTENNA_1326/DIODE                      0.750000    0.982406   -0.232406 (VIOLATED)
ANTENNA_1328/DIODE                      0.750000    0.982399   -0.232399 (VIOLATED)
_097931_/B1                             0.750000    0.982060   -0.232060 (VIOLATED)
ANTENNA_1314/DIODE                      0.750000    0.982058   -0.232058 (VIOLATED)
_098049_/X                              0.750000    0.981572   -0.231572 (VIOLATED)
_098309_/X                              0.750000    0.980147   -0.230147 (VIOLATED)
_179594_/B                              0.750000    0.978424   -0.228424 (VIOLATED)
ANTENNA_10192/DIODE                     0.750000    0.978411   -0.228411 (VIOLATED)
_090210_/C1                             0.750000    0.975548   -0.225548 (VIOLATED)
_090208_/Y                              0.750000    0.975366   -0.225366 (VIOLATED)
_095745_/S                              0.750000    0.974995   -0.224995 (VIOLATED)
_095765_/S                              0.750000    0.974992   -0.224992 (VIOLATED)
_095781_/S                              0.750000    0.974990   -0.224990 (VIOLATED)
_095797_/S                              0.750000    0.974985   -0.224985 (VIOLATED)
_095813_/S                              0.750000    0.974977   -0.224977 (VIOLATED)
_095829_/S                              0.750000    0.974970   -0.224970 (VIOLATED)
_095845_/S                              0.750000    0.974961   -0.224961 (VIOLATED)
_095861_/S                              0.750000    0.974945   -0.224945 (VIOLATED)
_095877_/S                              0.750000    0.974927   -0.224927 (VIOLATED)
_095893_/S                              0.750000    0.974904   -0.224904 (VIOLATED)
_095909_/S                              0.750000    0.974894   -0.224894 (VIOLATED)
_096240_/S                              0.750000    0.974871   -0.224871 (VIOLATED)
_096224_/S                              0.750000    0.974866   -0.224866 (VIOLATED)
_096256_/S                              0.750000    0.974863   -0.224863 (VIOLATED)
_096208_/S                              0.750000    0.974857   -0.224857 (VIOLATED)
fanout6659/A                            0.750000    0.974841   -0.224841 (VIOLATED)
fanout6660/X                            0.750000    0.974836   -0.224836 (VIOLATED)
u_npu.u_npu_sram.g_sram[0].u_macro/din0[18]    0.750000    0.974778   -0.224778 (VIOLATED)
u_npu.u_npu_sram.g_sram[0].u_macro/din0[29]    0.750000    0.973682   -0.223682 (VIOLATED)
_097793_/X                              0.750000    0.973490   -0.223490 (VIOLATED)
_131536_/Y                              0.750000    0.973308   -0.223308 (VIOLATED)
_177683_/A2                             0.750000    0.973252   -0.223252 (VIOLATED)
_177618_/A2                             0.750000    0.973251   -0.223251 (VIOLATED)
_177654_/A2                             0.750000    0.973247   -0.223247 (VIOLATED)
_177716_/A2                             0.750000    0.973237   -0.223237 (VIOLATED)
_177592_/A2                             0.750000    0.973225   -0.223225 (VIOLATED)
_177745_/A2                             0.750000    0.973214   -0.223214 (VIOLATED)
_177775_/A2                             0.750000    0.973200   -0.223200 (VIOLATED)
_177558_/A2                             0.750000    0.973187   -0.223187 (VIOLATED)
_093787_/B                              0.750000    0.973169   -0.223169 (VIOLATED)
_098347_/A                              0.750000    0.973121   -0.223121 (VIOLATED)
_098356_/A1                             0.750000    0.973096   -0.223096 (VIOLATED)
_098349_/A2                             0.750000    0.973085   -0.223085 (VIOLATED)
_093826_/A2                             0.750000    0.973070   -0.223070 (VIOLATED)
_098358_/A                              0.750000    0.973069   -0.223069 (VIOLATED)
_098361_/B1                             0.750000    0.973069   -0.223069 (VIOLATED)
_098363_/A                              0.750000    0.973069   -0.223069 (VIOLATED)
fanout7091/X                            0.750000    0.973067   -0.223067 (VIOLATED)
_097930_/X                              0.750000    0.972831   -0.222831 (VIOLATED)
_097774_/A                              0.750000    0.972667   -0.222667 (VIOLATED)
ANTENNA_1223/DIODE                      0.750000    0.972650   -0.222650 (VIOLATED)
ANTENNA_3006/DIODE                      0.750000    0.969735   -0.219735 (VIOLATED)
_179450_/A0                             0.750000    0.969735   -0.219735 (VIOLATED)
ANTENNA_3007/DIODE                      0.750000    0.969734   -0.219734 (VIOLATED)
_191664_/Q                              0.750000    0.969722   -0.219722 (VIOLATED)
_098018_/A1                             0.750000    0.969004   -0.219004 (VIOLATED)
ANTENNA_1370/DIODE                      0.750000    0.968999   -0.218999 (VIOLATED)
ANTENNA_1368/DIODE                      0.750000    0.968997   -0.218997 (VIOLATED)
ANTENNA_1367/DIODE                      0.750000    0.968987   -0.218987 (VIOLATED)
ANTENNA_1369/DIODE                      0.750000    0.968968   -0.218968 (VIOLATED)
u_data_ram.g_sram[3].u_macro/din0[1]    0.750000    0.968930   -0.218930 (VIOLATED)
u_npu.u_npu_sram.g_sram[2].u_macro/din0[24]    0.750000    0.968434   -0.218434 (VIOLATED)
u_data_ram.g_sram[3].u_macro/din0[4]    0.750000    0.967275   -0.217275 (VIOLATED)
_131924_/B2                             0.750000    0.967037   -0.217037 (VIOLATED)
ANTENNA_2986/DIODE                      0.750000    0.967034   -0.217034 (VIOLATED)
rebuffer38643/A                         0.750000    0.966325   -0.216325 (VIOLATED)
hold31617/A                             0.750000    0.966138   -0.216138 (VIOLATED)
ANTENNA_10696/DIODE                     0.750000    0.966119   -0.216119 (VIOLATED)
ANTENNA_10697/DIODE                     0.750000    0.966119   -0.216119 (VIOLATED)
ANTENNA_10698/DIODE                     0.750000    0.966119   -0.216119 (VIOLATED)
ANTENNA_10700/DIODE                     0.750000    0.966119   -0.216119 (VIOLATED)
ANTENNA_10701/DIODE                     0.750000    0.966119   -0.216119 (VIOLATED)
hold32085/A                             0.750000    0.966119   -0.216119 (VIOLATED)
ANTENNA_10699/DIODE                     0.750000    0.966119   -0.216119 (VIOLATED)
ANTENNA_10702/DIODE                     0.750000    0.966118   -0.216118 (VIOLATED)
_190231_/Q                              0.750000    0.966112   -0.216112 (VIOLATED)
_180940_/Q                              0.750000    0.966102   -0.216102 (VIOLATED)
ANTENNA_1219/DIODE                      0.750000    0.963760   -0.213760 (VIOLATED)
ANTENNA_1217/DIODE                      0.750000    0.963759   -0.213759 (VIOLATED)
ANTENNA_1215/DIODE                      0.750000    0.963759   -0.213759 (VIOLATED)
ANTENNA_1213/DIODE                      0.750000    0.963757   -0.213757 (VIOLATED)
_097707_/A1                             0.750000    0.963757   -0.213757 (VIOLATED)
u_npu.u_npu_sram.g_sram[3].u_macro/din0[25]    0.750000    0.963748   -0.213748 (VIOLATED)
ANTENNA_1212/DIODE                      0.750000    0.963721   -0.213721 (VIOLATED)
ANTENNA_1214/DIODE                      0.750000    0.963693   -0.213694 (VIOLATED)
_145586_/A                              0.750000    0.963667   -0.213667 (VIOLATED)
ANTENNA_1216/DIODE                      0.750000    0.963659   -0.213659 (VIOLATED)
ANTENNA_1218/DIODE                      0.750000    0.963626   -0.213626 (VIOLATED)
ANTENNA_4092/DIODE                      0.750000    0.963587   -0.213587 (VIOLATED)
_090210_/A2                             0.750000    0.962808   -0.212808 (VIOLATED)
_145767_/X                              0.750000    0.962806   -0.212806 (VIOLATED)
ANTENNA_3081/DIODE                      0.750000    0.962797   -0.212797 (VIOLATED)
_097969_/X                              0.750000    0.962764   -0.212764 (VIOLATED)
u_data_ram.g_sram[3].u_macro/din0[22]    0.750000    0.962435   -0.212435 (VIOLATED)
u_npu.u_npu_sram.g_sram[3].u_macro/din0[18]    0.750000    0.962362   -0.212362 (VIOLATED)
u_npu.u_npu_sram.g_sram[0].u_macro/din0[22]    0.750000    0.961712   -0.211712 (VIOLATED)
u_npu.u_npu_sram.g_sram[1].u_macro/din0[20]    0.750000    0.961089   -0.211089 (VIOLATED)
_097790_/A                              0.750000    0.960928   -0.210928 (VIOLATED)
ANTENNA_1229/DIODE                      0.750000    0.960926   -0.210926 (VIOLATED)
_097789_/X                              0.750000    0.960275   -0.210275 (VIOLATED)
_144144_/X                              0.750000    0.960197   -0.210197 (VIOLATED)
u_npu.u_npu_sram.g_sram[5].u_macro/din0[29]    0.750000    0.958931   -0.208931 (VIOLATED)
_192357_/Q                              0.750000    0.958337   -0.208337 (VIOLATED)
u_npu.u_npu_sram.g_sram[3].u_macro/din0[20]    0.750000    0.958087   -0.208087 (VIOLATED)
_167636_/A                              0.750000    0.957891   -0.207891 (VIOLATED)
_167342_/A                              0.750000    0.957878   -0.207878 (VIOLATED)
load_slew10329/A                        0.750000    0.957877   -0.207877 (VIOLATED)
ANTENNA_10606/DIODE                     0.750000    0.957478   -0.207478 (VIOLATED)
ANTENNA_10609/DIODE                     0.750000    0.957473   -0.207473 (VIOLATED)
ANTENNA_10611/DIODE                     0.750000    0.957472   -0.207472 (VIOLATED)
ANTENNA_10608/DIODE                     0.750000    0.957471   -0.207471 (VIOLATED)
ANTENNA_10612/DIODE                     0.750000    0.957471   -0.207471 (VIOLATED)
ANTENNA_10604/DIODE                     0.750000    0.957471   -0.207471 (VIOLATED)
ANTENNA_10605/DIODE                     0.750000    0.957468   -0.207468 (VIOLATED)
ANTENNA_10607/DIODE                     0.750000    0.957467   -0.207467 (VIOLATED)
ANTENNA_10602/DIODE                     0.750000    0.957467   -0.207467 (VIOLATED)
_144171_/A0                             0.750000    0.957460   -0.207460 (VIOLATED)
ANTENNA_10603/DIODE                     0.750000    0.957441   -0.207441 (VIOLATED)
ANTENNA_10610/DIODE                     0.750000    0.957381   -0.207381 (VIOLATED)
ANTENNA_10000/DIODE                     0.750000    0.957126   -0.207126 (VIOLATED)
ANTENNA_9998/DIODE                      0.750000    0.957125   -0.207125 (VIOLATED)
_097874_/A1                             0.750000    0.957122   -0.207122 (VIOLATED)
ANTENNA_9996/DIODE                      0.750000    0.957121   -0.207121 (VIOLATED)
ANTENNA_9994/DIODE                      0.750000    0.957117   -0.207117 (VIOLATED)
ANTENNA_9990/DIODE                      0.750000    0.957113   -0.207113 (VIOLATED)
ANTENNA_9992/DIODE                      0.750000    0.957113   -0.207113 (VIOLATED)
ANTENNA_9991/DIODE                      0.750000    0.957098   -0.207098 (VIOLATED)
ANTENNA_9993/DIODE                      0.750000    0.957087   -0.207087 (VIOLATED)
ANTENNA_9995/DIODE                      0.750000    0.957075   -0.207075 (VIOLATED)
ANTENNA_9997/DIODE                      0.750000    0.957063   -0.207063 (VIOLATED)
ANTENNA_9999/DIODE                      0.750000    0.956972   -0.206972 (VIOLATED)
u_npu.u_npu_sram.g_sram[1].u_macro/din0[25]    0.750000    0.956957   -0.206957 (VIOLATED)
_093965_/B1                             0.750000    0.956892   -0.206892 (VIOLATED)
_092233_/B1                             0.750000    0.956751   -0.206751 (VIOLATED)
_092207_/A                              0.750000    0.956743   -0.206743 (VIOLATED)
u_npu.u_npu_sram.g_sram[10].u_macro/din0[21]    0.750000    0.956739   -0.206739 (VIOLATED)
_092204_/B1                             0.750000    0.956689   -0.206689 (VIOLATED)
_092213_/A                              0.750000    0.956663   -0.206663 (VIOLATED)
_092215_/A                              0.750000    0.956611   -0.206611 (VIOLATED)
_092229_/C                              0.750000    0.956185   -0.206185 (VIOLATED)
_092232_/B1                             0.750000    0.955386   -0.205386 (VIOLATED)
_092205_/A                              0.750000    0.954492   -0.204492 (VIOLATED)
_097773_/X                              0.750000    0.954487   -0.204487 (VIOLATED)
u_npu.u_npu_sram.g_sram[6].u_macro/din0[25]    0.750000    0.954111   -0.204111 (VIOLATED)
wire897/A                               0.750000    0.953758   -0.203758 (VIOLATED)
ANTENNA_4261/DIODE                      0.750000    0.953695   -0.203696 (VIOLATED)
wire10319/A                             0.750000    0.952111   -0.202111 (VIOLATED)
ANTENNA_3464/DIODE                      0.750000    0.952087   -0.202087 (VIOLATED)
_145697_/A0                             0.750000    0.951749   -0.201749 (VIOLATED)
ANTENNA_2601/DIODE                      0.750000    0.951747   -0.201747 (VIOLATED)
ANTENNA_2600/DIODE                      0.750000    0.951737   -0.201737 (VIOLATED)
u_npu.u_npu_sram.g_sram[6].u_macro/din0[24]    0.750000    0.951204   -0.201204 (VIOLATED)
_145702_/A0                             0.750000    0.950105   -0.200105 (VIOLATED)
ANTENNA_2602/DIODE                      0.750000    0.950089   -0.200089 (VIOLATED)
ANTENNA_1588/DIODE                      0.750000    0.950016   -0.200016 (VIOLATED)
ANTENNA_1586/DIODE                      0.750000    0.950015   -0.200015 (VIOLATED)
_098308_/A1                             0.750000    0.950014   -0.200014 (VIOLATED)
ANTENNA_1587/DIODE                      0.750000    0.949960   -0.199960 (VIOLATED)
ANTENNA_1589/DIODE                      0.750000    0.949925   -0.199925 (VIOLATED)
_132683_/B2                             0.750000    0.948415   -0.198415 (VIOLATED)
ANTENNA_2992/DIODE                      0.750000    0.948402   -0.198402 (VIOLATED)
u_npu.u_npu_sram.g_sram[2].u_macro/din0[19]    0.750000    0.947463   -0.197463 (VIOLATED)
u_data_ram.g_sram[2].u_macro/wmask0[0]    0.040000    0.236520   -0.196520 (VIOLATED)
u_data_ram.g_sram[3].u_macro/din0[10]    0.750000    0.946246   -0.196246 (VIOLATED)
_174095_/A1                             0.750000    0.946227   -0.196227 (VIOLATED)
ANTENNA_9379/DIODE                      0.750000    0.946221   -0.196221 (VIOLATED)
_174225_/A                              0.750000    0.946212   -0.196212 (VIOLATED)
u_npu.u_npu_sram.g_sram[3].u_macro/din0[27]    0.750000    0.945979   -0.195979 (VIOLATED)
ANTENNA_2993/DIODE                      0.750000    0.945939   -0.195939 (VIOLATED)
_190219_/Q                              0.750000    0.945913   -0.195913 (VIOLATED)
hold32055/A                             0.750000    0.945913   -0.195913 (VIOLATED)
_097706_/X                              0.750000    0.945703   -0.195703 (VIOLATED)
_132470_/B2                             0.750000    0.945652   -0.195652 (VIOLATED)
ANTENNA_3009/DIODE                      0.750000    0.945638   -0.195638 (VIOLATED)
u_npu.u_npu_sram.g_sram[0].u_macro/din0[23]    0.750000    0.945148   -0.195148 (VIOLATED)
hold31782/A                             0.750000    0.944685   -0.194685 (VIOLATED)
ANTENNA_3440/DIODE                      0.750000    0.944678   -0.194679 (VIOLATED)
_191064_/Q                              0.750000    0.944667   -0.194667 (VIOLATED)
_098017_/X                              0.750000    0.944166   -0.194166 (VIOLATED)
u_data_ram.g_sram[1].u_macro/addr1[0]    0.040000    0.233277   -0.193277 (VIOLATED)
_097782_/A                              0.750000    0.942703   -0.192703 (VIOLATED)
ANTENNA_1225/DIODE                      0.750000    0.942701   -0.192701 (VIOLATED)
_145695_/X                              0.750000    0.941831   -0.191831 (VIOLATED)
_132743_/C1                             0.750000    0.941414   -0.191414 (VIOLATED)
ANTENNA_10554/DIODE                     0.750000    0.941414   -0.191414 (VIOLATED)
_144169_/X                              0.750000    0.941390   -0.191390 (VIOLATED)
_132742_/X                              0.750000    0.940564   -0.190564 (VIOLATED)
u_npu.u_npu_sram.g_sram[3].u_macro/din0[15]    0.750000    0.939788   -0.189788 (VIOLATED)
wire11650/X                             0.750000    0.939647   -0.189647 (VIOLATED)
_097873_/X                              0.750000    0.939398   -0.189398 (VIOLATED)
ANTENNA_10305/DIODE                     0.750000    0.939234   -0.189234 (VIOLATED)
ANTENNA_10303/DIODE                     0.750000    0.939232   -0.189232 (VIOLATED)
ANTENNA_10301/DIODE                     0.750000    0.939230   -0.189230 (VIOLATED)
ANTENNA_10298/DIODE                     0.750000    0.939224   -0.189224 (VIOLATED)
_097792_/A                              0.750000    0.939196   -0.189196 (VIOLATED)
ANTENNA_10297/DIODE                     0.750000    0.939190   -0.189190 (VIOLATED)
ANTENNA_10299/DIODE                     0.750000    0.939189   -0.189189 (VIOLATED)
ANTENNA_10300/DIODE                     0.750000    0.939189   -0.189189 (VIOLATED)
ANTENNA_10302/DIODE                     0.750000    0.939188   -0.189188 (VIOLATED)
ANTENNA_10304/DIODE                     0.750000    0.939186   -0.189186 (VIOLATED)
ANTENNA_10296/DIODE                     0.750000    0.939184   -0.189184 (VIOLATED)
ANTENNA_2538/DIODE                      0.750000    0.939184   -0.189184 (VIOLATED)
ANTENNA_2537/DIODE                      0.750000    0.939174   -0.189174 (VIOLATED)
ANTENNA_2535/DIODE                      0.750000    0.939164   -0.189164 (VIOLATED)
_144161_/A0                             0.750000    0.939164   -0.189164 (VIOLATED)
u_data_ram.g_sram[0].u_macro/din0[26]    0.750000    0.939149   -0.189149 (VIOLATED)
ANTENNA_2536/DIODE                      0.750000    0.939113   -0.189113 (VIOLATED)
u_data_ram.g_sram[1].u_macro/addr1[1]    0.040000    0.228831   -0.188831 (VIOLATED)
u_data_ram.g_sram[1].u_macro/wmask0[0]    0.040000    0.228783   -0.188783 (VIOLATED)
_105100_/A                              0.750000    0.938714   -0.188714 (VIOLATED)
ANTENNA_1852/DIODE                      0.750000    0.938710   -0.188710 (VIOLATED)
_174097_/B                              0.750000    0.938299   -0.188299 (VIOLATED)
ANTENNA_2542/DIODE                      0.750000    0.936630   -0.186630 (VIOLATED)
_144166_/A0                             0.750000    0.936630   -0.186630 (VIOLATED)
ANTENNA_2540/DIODE                      0.750000    0.936629   -0.186629 (VIOLATED)
ANTENNA_2541/DIODE                      0.750000    0.936628   -0.186628 (VIOLATED)
ANTENNA_2543/DIODE                      0.750000    0.936626   -0.186626 (VIOLATED)
_105099_/Y                              0.750000    0.936502   -0.186502 (VIOLATED)
u_data_ram.g_sram[2].u_macro/addr0[6]    0.040000    0.226200   -0.186200 (VIOLATED)
_144164_/X                              0.750000    0.935743   -0.185743 (VIOLATED)
_097781_/X                              0.750000    0.935658   -0.185658 (VIOLATED)
hold31434/A                             0.750000    0.935450   -0.185450 (VIOLATED)
ANTENNA_3441/DIODE                      0.750000    0.935446   -0.185446 (VIOLATED)
_180935_/Q                              0.750000    0.935446   -0.185446 (VIOLATED)
ANTENNA_9183/DIODE                      0.750000    0.934539   -0.184539 (VIOLATED)
ANTENNA_9185/DIODE                      0.750000    0.934540   -0.184540 (VIOLATED)
ANTENNA_9189/DIODE                      0.750000    0.934539   -0.184539 (VIOLATED)
ANTENNA_9191/DIODE                      0.750000    0.934539   -0.184539 (VIOLATED)
ANTENNA_9187/DIODE                      0.750000    0.934539   -0.184539 (VIOLATED)
ANTENNA_9181/DIODE                      0.750000    0.934532   -0.184532 (VIOLATED)
_115909_/A                              0.750000    0.934528   -0.184528 (VIOLATED)
ANTENNA_9182/DIODE                      0.750000    0.934518   -0.184518 (VIOLATED)
ANTENNA_9184/DIODE                      0.750000    0.934510   -0.184510 (VIOLATED)
ANTENNA_9186/DIODE                      0.750000    0.934509   -0.184509 (VIOLATED)
ANTENNA_9188/DIODE                      0.750000    0.934508   -0.184508 (VIOLATED)
ANTENNA_9190/DIODE                      0.750000    0.934507   -0.184507 (VIOLATED)
u_npu.u_npu_sram.g_sram[7].u_macro/din0[16]    0.750000    0.934236   -0.184236 (VIOLATED)
u_data_ram.g_sram[1].u_macro/wmask0[2]    0.040000    0.223936   -0.183936 (VIOLATED)
_115908_/X                              0.750000    0.933599   -0.183599 (VIOLATED)
u_data_ram.g_sram[2].u_macro/addr0[7]    0.040000    0.223569   -0.183569 (VIOLATED)
rebuffer18604/A                         0.750000    0.932197   -0.182197 (VIOLATED)
ANTENNA_3463/DIODE                      0.750000    0.932163   -0.182163 (VIOLATED)
ANTENNA_3461/DIODE                      0.750000    0.932143   -0.182143 (VIOLATED)
_145700_/X                              0.750000    0.932133   -0.182134 (VIOLATED)
ANTENNA_3462/DIODE                      0.750000    0.932130   -0.182130 (VIOLATED)
_180936_/Q                              0.750000    0.932124   -0.182124 (VIOLATED)
_144141_/A0                             0.750000    0.931855   -0.181856 (VIOLATED)
ANTENNA_2498/DIODE                      0.750000    0.931838   -0.181838 (VIOLATED)
ANTENNA_2506/DIODE                      0.750000    0.931828   -0.181828 (VIOLATED)
ANTENNA_2504/DIODE                      0.750000    0.931826   -0.181826 (VIOLATED)
ANTENNA_2502/DIODE                      0.750000    0.931824   -0.181824 (VIOLATED)
ANTENNA_2499/DIODE                      0.750000    0.931823   -0.181823 (VIOLATED)
ANTENNA_2497/DIODE                      0.750000    0.931822   -0.181822 (VIOLATED)
ANTENNA_2500/DIODE                      0.750000    0.931820   -0.181820 (VIOLATED)
ANTENNA_2501/DIODE                      0.750000    0.931804   -0.181804 (VIOLATED)
ANTENNA_2503/DIODE                      0.750000    0.931791   -0.181791 (VIOLATED)
ANTENNA_2505/DIODE                      0.750000    0.931779   -0.181779 (VIOLATED)
_098307_/X                              0.750000    0.931748   -0.181748 (VIOLATED)
ANTENNA_2507/DIODE                      0.750000    0.931729   -0.181729 (VIOLATED)
u_data_ram.g_sram[1].u_macro/wmask0[1]    0.040000    0.221275   -0.181275 (VIOLATED)
_177683_/B1                             0.750000    0.930065   -0.180065 (VIOLATED)
_177618_/B1                             0.750000    0.930064   -0.180064 (VIOLATED)
_177654_/B1                             0.750000    0.930060   -0.180060 (VIOLATED)
_177716_/B1                             0.750000    0.930056   -0.180056 (VIOLATED)
_177592_/B1                             0.750000    0.930052   -0.180052 (VIOLATED)
_177558_/B1                             0.750000    0.930048   -0.180048 (VIOLATED)
_177775_/B1                             0.750000    0.930047   -0.180047 (VIOLATED)
_177745_/B1                             0.750000    0.930042   -0.180042 (VIOLATED)
_105419_/A                              0.750000    0.930027   -0.180027 (VIOLATED)
_119144_/A1                             0.750000    0.930018   -0.180018 (VIOLATED)
_119153_/A3                             0.750000    0.930017   -0.180017 (VIOLATED)
_119161_/B2                             0.750000    0.930017   -0.180017 (VIOLATED)
_119167_/B2                             0.750000    0.930015   -0.180015 (VIOLATED)
_119148_/A1                             0.750000    0.930012   -0.180012 (VIOLATED)
_093841_/B                              0.750000    0.930009   -0.180009 (VIOLATED)
_093731_/A                              0.750000    0.930009   -0.180009 (VIOLATED)
fanout7092/X                            0.750000    0.930007   -0.180007 (VIOLATED)
u_npu.u_npu_sram.g_sram[10].u_macro/addr1[7]    0.040000    0.218983   -0.178983 (VIOLATED)
_145692_/A0                             0.750000    0.928967   -0.178967 (VIOLATED)
ANTENNA_2597/DIODE                      0.750000    0.928951   -0.178951 (VIOLATED)
ANTENNA_2598/DIODE                      0.750000    0.928945   -0.178945 (VIOLATED)
ANTENNA_2599/DIODE                      0.750000    0.928921   -0.178921 (VIOLATED)
ANTENNA_3011/DIODE                      0.750000    0.928358   -0.178358 (VIOLATED)
ANTENNA_3013/DIODE                      0.750000    0.928358   -0.178358 (VIOLATED)
ANTENNA_3019/DIODE                      0.750000    0.928321   -0.178321 (VIOLATED)
ANTENNA_3017/DIODE                      0.750000    0.928317   -0.178317 (VIOLATED)
ANTENNA_3015/DIODE                      0.750000    0.928312   -0.178312 (VIOLATED)
_179484_/A0                             0.750000    0.928249   -0.178249 (VIOLATED)
u_data_ram.g_sram[2].u_macro/wmask0[2]    0.040000    0.218244   -0.178244 (VIOLATED)
ANTENNA_3010/DIODE                      0.750000    0.928214   -0.178214 (VIOLATED)
ANTENNA_3012/DIODE                      0.750000    0.928214   -0.178214 (VIOLATED)
ANTENNA_3014/DIODE                      0.750000    0.928214   -0.178214 (VIOLATED)
ANTENNA_3016/DIODE                      0.750000    0.928214   -0.178214 (VIOLATED)
ANTENNA_3018/DIODE                      0.750000    0.928214   -0.178214 (VIOLATED)
ANTENNA_3020/DIODE                      0.750000    0.928214   -0.178214 (VIOLATED)
_191668_/Q                              0.750000    0.928198   -0.178198 (VIOLATED)
u_data_ram.g_sram[0].u_macro/addr1[8]    0.040000    0.216880   -0.176880 (VIOLATED)
u_npu.u_npu_sram.g_sram[4].u_macro/din0[14]    0.750000    0.925479   -0.175479 (VIOLATED)
u_instruction_ram.g_sram[3].u_macro/addr1[6]    0.040000    0.215477   -0.175477 (VIOLATED)
u_npu.u_npu_sram.g_sram[6].u_macro/addr1[5]    0.040000    0.215167   -0.175167 (VIOLATED)
u_data_ram.g_sram[2].u_macro/wmask0[1]    0.040000    0.214641   -0.174641 (VIOLATED)
u_npu.u_npu_sram.g_sram[1].u_macro/din0[16]    0.750000    0.924476   -0.174476 (VIOLATED)
_145583_/A                              0.750000    0.924422   -0.174422 (VIOLATED)
ANTENNA_4093/DIODE                      0.750000    0.924345   -0.174345 (VIOLATED)
u_data_ram.g_sram[0].u_macro/addr1[7]    0.040000    0.212950   -0.172950 (VIOLATED)
u_npu.u_npu_sram.g_sram[6].u_macro/addr1[8]    0.040000    0.212867   -0.172867 (VIOLATED)
_144159_/X                              0.750000    0.922376   -0.172376 (VIOLATED)
u_npu.u_npu_sram.g_sram[6].u_macro/addr0[3]    0.040000    0.212038   -0.172038 (VIOLATED)
u_data_ram.g_sram[0].u_macro/addr1[4]    0.040000    0.211996   -0.171996 (VIOLATED)
u_npu.u_npu_sram.g_sram[10].u_macro/addr1[8]    0.040000    0.211591   -0.171591 (VIOLATED)
ANTENNA_2746/DIODE                      0.750000    0.920880   -0.170880 (VIOLATED)
ANTENNA_2748/DIODE                      0.750000    0.920880   -0.170880 (VIOLATED)
ANTENNA_2750/DIODE                      0.750000    0.920880   -0.170880 (VIOLATED)
ANTENNA_2744/DIODE                      0.750000    0.920879   -0.170879 (VIOLATED)
ANTENNA_2742/DIODE                      0.750000    0.920871   -0.170871 (VIOLATED)
_145819_/A0                             0.750000    0.920868   -0.170868 (VIOLATED)
ANTENNA_2740/DIODE                      0.750000    0.920867   -0.170867 (VIOLATED)
ANTENNA_2741/DIODE                      0.750000    0.920854   -0.170854 (VIOLATED)
ANTENNA_2743/DIODE                      0.750000    0.920847   -0.170847 (VIOLATED)
ANTENNA_2745/DIODE                      0.750000    0.920837   -0.170837 (VIOLATED)
ANTENNA_2747/DIODE                      0.750000    0.920828   -0.170828 (VIOLATED)
ANTENNA_2749/DIODE                      0.750000    0.920812   -0.170812 (VIOLATED)
u_npu.u_npu_sram.g_sram[6].u_macro/addr1[7]    0.040000    0.210788   -0.170788 (VIOLATED)
_174096_/A                              0.750000    0.920594   -0.170594 (VIOLATED)
_174086_/A                              0.750000    0.920551   -0.170551 (VIOLATED)
u_npu.u_npu_sram.g_sram[3].u_macro/din0[21]    0.750000    0.920169   -0.170169 (VIOLATED)
hold31250/A                             0.750000    0.920039   -0.170039 (VIOLATED)
_191061_/Q                              0.750000    0.920033   -0.170033 (VIOLATED)
u_data_ram.g_sram[0].u_macro/addr0[6]    0.040000    0.210022   -0.170022 (VIOLATED)
u_npu.u_npu_sram.g_sram[13].u_macro/addr1[8]    0.040000    0.209776   -0.169776 (VIOLATED)
_097791_/X                              0.750000    0.919261   -0.169262 (VIOLATED)
hold28130/A                             0.750000    0.919254   -0.169254 (VIOLATED)
_103850_/X                              0.750000    0.919241   -0.169241 (VIOLATED)
ANTENNA_9982/DIODE                      0.750000    0.918992   -0.168992 (VIOLATED)
_097834_/B1                             0.750000    0.918983   -0.168983 (VIOLATED)
ANTENNA_9983/DIODE                      0.750000    0.918982   -0.168982 (VIOLATED)
ANTENNA_4274/DIODE                      0.750000    0.918944   -0.168944 (VIOLATED)
ANTENNA_4271/DIODE                      0.750000    0.918936   -0.168936 (VIOLATED)
ANTENNA_4268/DIODE                      0.750000    0.918919   -0.168919 (VIOLATED)
ANTENNA_4266/DIODE                      0.750000    0.918919   -0.168919 (VIOLATED)
ANTENNA_4270/DIODE                      0.750000    0.918916   -0.168916 (VIOLATED)
ANTENNA_4265/DIODE                      0.750000    0.918887   -0.168887 (VIOLATED)
ANTENNA_4267/DIODE                      0.750000    0.918840   -0.168840 (VIOLATED)
wire903/A                               0.750000    0.918830   -0.168831 (VIOLATED)
u_instruction_ram.g_sram[3].u_macro/addr1[4]    0.040000    0.208818   -0.168818 (VIOLATED)
ANTENNA_4272/DIODE                      0.750000    0.918644   -0.168644 (VIOLATED)
ANTENNA_4264/DIODE                      0.750000    0.918278   -0.168278 (VIOLATED)
ANTENNA_4273/DIODE                      0.750000    0.918093   -0.168093 (VIOLATED)
ANTENNA_4269/DIODE                      0.750000    0.918073   -0.168073 (VIOLATED)
u_data_ram.g_sram[1].u_macro/wmask0[3]    0.040000    0.207736   -0.167736 (VIOLATED)
u_npu.u_npu_sram.g_sram[0].u_macro/addr1[7]    0.040000    0.207582   -0.167582 (VIOLATED)
u_npu.u_npu_sram.g_sram[1].u_macro/din0[14]    0.750000    0.917138   -0.167138 (VIOLATED)
u_data_ram.g_sram[2].u_macro/wmask0[3]    0.040000    0.206839   -0.166839 (VIOLATED)
u_instruction_ram.g_sram[3].u_macro/addr1[3]    0.040000    0.206829   -0.166829 (VIOLATED)
u_npu.u_npu_sram.g_sram[9].u_macro/addr1[2]    0.040000    0.206386   -0.166386 (VIOLATED)
u_npu.u_npu_sram.g_sram[14].u_macro/addr1[6]    0.040000    0.206298   -0.166298 (VIOLATED)
u_instruction_ram.g_sram[0].u_macro/din0[20]    0.750000    0.915723   -0.165723 (VIOLATED)
u_data_ram.g_sram[2].u_macro/addr0[5]    0.040000    0.205356   -0.165356 (VIOLATED)
_147371_/A0                             0.750000    0.915266   -0.165266 (VIOLATED)
ANTENNA_6960/DIODE                      0.750000    0.915216   -0.165216 (VIOLATED)
ANTENNA_6959/DIODE                      0.750000    0.914591   -0.164591 (VIOLATED)
u_npu.u_npu_sram.g_sram[13].u_macro/addr1[7]    0.040000    0.204578   -0.164578 (VIOLATED)
_147140_/A0                             0.750000    0.914544   -0.164544 (VIOLATED)
_144139_/X                              0.750000    0.914122   -0.164122 (VIOLATED)
u_npu.u_npu_sram.g_sram[6].u_macro/addr1[4]    0.040000    0.203572   -0.163572 (VIOLATED)
u_instruction_ram.g_sram[3].u_macro/addr1[2]    0.040000    0.203513   -0.163513 (VIOLATED)
u_data_ram.g_sram[0].u_macro/addr0[4]    0.040000    0.203480   -0.163480 (VIOLATED)
u_data_ram.g_sram[2].u_macro/addr1[8]    0.040000    0.203475   -0.163475 (VIOLATED)
u_npu.u_npu_sram.g_sram[2].u_macro/addr1[8]    0.040000    0.202931   -0.162932 (VIOLATED)
u_data_ram.g_sram[2].u_macro/addr0[8]    0.040000    0.202412   -0.162412 (VIOLATED)
ANTENNA_9220/DIODE                      0.750000    0.911904   -0.161904 (VIOLATED)
ANTENNA_9217/DIODE                      0.750000    0.911903   -0.161903 (VIOLATED)
ANTENNA_9215/DIODE                      0.750000    0.911902   -0.161902 (VIOLATED)
ANTENNA_9213/DIODE                      0.750000    0.911901   -0.161901 (VIOLATED)
ANTENNA_9211/DIODE                      0.750000    0.911899   -0.161899 (VIOLATED)
_131273_/A                              0.750000    0.911878   -0.161878 (VIOLATED)
u_npu.u_npu_sram.g_sram[0].u_macro/din0[28]    0.750000    0.911871   -0.161871 (VIOLATED)
ANTENNA_9210/DIODE                      0.750000    0.911845   -0.161845 (VIOLATED)
u_npu.u_npu_sram.g_sram[4].u_macro/din0[31]    0.750000    0.911829   -0.161829 (VIOLATED)
ANTENNA_9212/DIODE                      0.750000    0.911818   -0.161818 (VIOLATED)
ANTENNA_9214/DIODE                      0.750000    0.911815   -0.161815 (VIOLATED)
ANTENNA_9216/DIODE                      0.750000    0.911812   -0.161812 (VIOLATED)
ANTENNA_9218/DIODE                      0.750000    0.911808   -0.161808 (VIOLATED)
ANTENNA_9219/DIODE                      0.750000    0.911804   -0.161804 (VIOLATED)
_144185_/B                              0.750000    0.911460   -0.161460 (VIOLATED)
_144187_/B                              0.750000    0.911451   -0.161451 (VIOLATED)
ANTENNA_9257/DIODE                      0.750000    0.911379   -0.161379 (VIOLATED)
u_npu.u_npu_sram.g_sram[7].u_macro/wmask0[3]    0.040000    0.201015   -0.161015 (VIOLATED)
u_instruction_ram.g_sram[3].u_macro/addr1[5]    0.040000    0.200923   -0.160923 (VIOLATED)
u_npu.u_npu_sram.g_sram[1].u_macro/din0[27]    0.750000    0.910476   -0.160476 (VIOLATED)
u_npu.u_npu_sram.g_sram[6].u_macro/addr0[4]    0.040000    0.200327   -0.160327 (VIOLATED)
u_npu.u_npu_sram.g_sram[6].u_macro/wmask0[0]    0.040000    0.200020   -0.160020 (VIOLATED)
u_data_ram.g_sram[0].u_macro/addr1[1]    0.040000    0.199685   -0.159685 (VIOLATED)
u_npu.u_npu_sram.g_sram[6].u_macro/addr0[5]    0.040000    0.199565   -0.159565 (VIOLATED)
u_instruction_ram.g_sram[1].u_macro/addr1[4]    0.040000    0.199420   -0.159420 (VIOLATED)
_145690_/X                              0.750000    0.909274   -0.159274 (VIOLATED)
u_npu.u_npu_sram.g_sram[13].u_macro/wmask0[3]    0.040000    0.198946   -0.158946 (VIOLATED)
u_npu.u_npu_sram.g_sram[9].u_macro/wmask0[0]    0.040000    0.198791   -0.158791 (VIOLATED)
u_npu.u_npu_sram.g_sram[5].u_macro/addr1[8]    0.040000    0.198701   -0.158701 (VIOLATED)
_132267_/B2                             0.750000    0.908320   -0.158320 (VIOLATED)
ANTENNA_10714/DIODE                     0.750000    0.908315   -0.158315 (VIOLATED)
u_data_ram.g_sram[2].u_macro/addr1[6]    0.040000    0.198181   -0.158181 (VIOLATED)
u_npu.u_npu_sram.g_sram[6].u_macro/addr0[6]    0.040000    0.197886   -0.157886 (VIOLATED)
u_data_ram.g_sram[0].u_macro/addr1[0]    0.040000    0.197553   -0.157553 (VIOLATED)
u_data_ram.g_sram[0].u_macro/addr0[5]    0.040000    0.197512   -0.157512 (VIOLATED)
u_npu.u_npu_sram.g_sram[6].u_macro/addr1[3]    0.040000    0.197176   -0.157176 (VIOLATED)
u_npu.u_npu_sram.g_sram[6].u_macro/addr1[6]    0.040000    0.197157   -0.157157 (VIOLATED)
_098157_/A1                             0.750000    0.907045   -0.157045 (VIOLATED)
_132290_/A                              0.750000    0.907036   -0.157036 (VIOLATED)
ANTENNA_1464/DIODE                      0.750000    0.907023   -0.157023 (VIOLATED)
ANTENNA_1462/DIODE                      0.750000    0.907022   -0.157022 (VIOLATED)
_131738_/A                              0.750000    0.907017   -0.157017 (VIOLATED)
_132267_/A1                             0.750000    0.907012   -0.157013 (VIOLATED)
ANTENNA_1461/DIODE                      0.750000    0.907011   -0.157011 (VIOLATED)
_131712_/A                              0.750000    0.907004   -0.157004 (VIOLATED)
_132704_/A1                             0.750000    0.906999   -0.156999 (VIOLATED)
_132106_/A1                             0.750000    0.906999   -0.156999 (VIOLATED)
ANTENNA_1463/DIODE                      0.750000    0.906987   -0.156987 (VIOLATED)
_131562_/A1                             0.750000    0.906980   -0.156980 (VIOLATED)
_131882_/A1                             0.750000    0.906963   -0.156963 (VIOLATED)
fanout6952/X                            0.750000    0.906957   -0.156957 (VIOLATED)
u_npu.u_npu_sram.g_sram[10].u_macro/addr0[1]    0.040000    0.196407   -0.156407 (VIOLATED)
u_npu.u_npu_sram.g_sram[6].u_macro/addr0[2]    0.040000    0.196322   -0.156322 (VIOLATED)
_145817_/X                              0.750000    0.906105   -0.156105 (VIOLATED)
u_npu.u_npu_sram.g_sram[14].u_macro/addr0[1]    0.040000    0.195920   -0.155920 (VIOLATED)
u_npu.u_npu_sram.g_sram[3].u_macro/addr0[1]    0.040000    0.195851   -0.155851 (VIOLATED)
u_data_ram.g_sram[0].u_macro/addr0[3]    0.040000    0.195786   -0.155786 (VIOLATED)
_097830_/X                              0.750000    0.905696   -0.155696 (VIOLATED)
u_data_ram.g_sram[0].u_macro/addr0[8]    0.040000    0.195664   -0.155664 (VIOLATED)
u_npu.u_npu_sram.g_sram[6].u_macro/addr1[2]    0.040000    0.195659   -0.155659 (VIOLATED)
u_npu.u_npu_sram.g_sram[9].u_macro/addr1[7]    0.040000    0.195522   -0.155522 (VIOLATED)
u_npu.u_npu_sram.g_sram[9].u_macro/addr0[0]    0.040000    0.195521   -0.155521 (VIOLATED)
u_instruction_ram.g_sram[1].u_macro/addr1[7]    0.040000    0.195352   -0.155352 (VIOLATED)
u_instruction_ram.g_sram[1].u_macro/addr1[2]    0.040000    0.195250   -0.155250 (VIOLATED)
u_instruction_ram.g_sram[1].u_macro/addr0[7]    0.040000    0.195097   -0.155097 (VIOLATED)
u_npu.u_npu_sram.g_sram[9].u_macro/addr1[8]    0.040000    0.194795   -0.154795 (VIOLATED)
_144835_/A0                             0.750000    0.904793   -0.154793 (VIOLATED)
ANTENNA_2583/DIODE                      0.750000    0.904792   -0.154792 (VIOLATED)
u_data_ram.g_sram[2].u_macro/addr1[7]    0.040000    0.194785   -0.154785 (VIOLATED)
u_npu.u_npu_sram.g_sram[6].u_macro/addr0[0]    0.040000    0.194721   -0.154721 (VIOLATED)
_144834_/X                              0.750000    0.904567   -0.154567 (VIOLATED)
u_instruction_ram.g_sram[1].u_macro/wmask0[2]    0.040000    0.194549   -0.154549 (VIOLATED)
u_data_ram.g_sram[0].u_macro/addr0[0]    0.040000    0.194365   -0.154365 (VIOLATED)
u_data_ram.g_sram[0].u_macro/wmask0[3]    0.040000    0.194304   -0.154304 (VIOLATED)
u_npu.u_npu_sram.g_sram[14].u_macro/wmask0[0]    0.040000    0.194152   -0.154152 (VIOLATED)
u_npu.u_npu_sram.g_sram[10].u_macro/addr1[6]    0.040000    0.194140   -0.154140 (VIOLATED)
u_npu.u_npu_sram.g_sram[12].u_macro/addr1[8]    0.040000    0.193845   -0.153845 (VIOLATED)
u_npu.u_npu_sram.g_sram[10].u_macro/wmask0[0]    0.040000    0.193813   -0.153813 (VIOLATED)
u_instruction_ram.g_sram[1].u_macro/wmask0[1]    0.040000    0.193710   -0.153710 (VIOLATED)
u_npu.u_npu_sram.g_sram[1].u_macro/wmask0[1]    0.040000    0.193558   -0.153558 (VIOLATED)
u_npu.u_npu_sram.g_sram[10].u_macro/addr0[6]    0.040000    0.193440   -0.153440 (VIOLATED)
u_npu.u_npu_sram.g_sram[0].u_macro/addr1[8]    0.040000    0.193397   -0.153397 (VIOLATED)
u_instruction_ram.g_sram[3].u_macro/addr1[7]    0.040000    0.193389   -0.153389 (VIOLATED)
u_data_ram.g_sram[3].u_macro/din0[0]    0.750000    0.903320   -0.153320 (VIOLATED)
u_npu.u_npu_sram.g_sram[10].u_macro/addr1[4]    0.040000    0.193203   -0.153203 (VIOLATED)
u_npu.u_npu_sram.g_sram[13].u_macro/addr1[1]    0.040000    0.193152   -0.153152 (VIOLATED)
u_npu.u_npu_sram.g_sram[5].u_macro/wmask0[1]    0.040000    0.193149   -0.153149 (VIOLATED)
u_npu.u_npu_sram.g_sram[2].u_macro/din0[14]    0.750000    0.902953   -0.152953 (VIOLATED)
u_npu.u_npu_sram.g_sram[3].u_macro/din0[9]    0.750000    0.902850   -0.152850 (VIOLATED)
u_npu.u_npu_sram.g_sram[6].u_macro/wmask0[1]    0.040000    0.192697   -0.152697 (VIOLATED)
u_instruction_ram.g_sram[1].u_macro/addr0[0]    0.040000    0.192436   -0.152436 (VIOLATED)
u_npu.u_npu_sram.g_sram[1].u_macro/addr0[1]    0.040000    0.192027   -0.152027 (VIOLATED)
u_npu.u_npu_sram.g_sram[10].u_macro/addr1[5]    0.040000    0.191924   -0.151924 (VIOLATED)
u_data_ram.g_sram[0].u_macro/addr0[7]    0.040000    0.191658   -0.151658 (VIOLATED)
u_npu.u_npu_sram.g_sram[5].u_macro/wmask0[3]    0.040000    0.191507   -0.151507 (VIOLATED)
u_npu.u_npu_sram.g_sram[0].u_macro/din0[24]    0.750000    0.901336   -0.151336 (VIOLATED)
u_npu.u_npu_sram.g_sram[14].u_macro/addr1[5]    0.040000    0.191257   -0.151257 (VIOLATED)
u_instruction_ram.g_sram[3].u_macro/addr1[8]    0.040000    0.191113   -0.151113 (VIOLATED)
u_npu.u_npu_sram.g_sram[5].u_macro/addr1[7]    0.040000    0.191051   -0.151051 (VIOLATED)
u_npu.u_npu_sram.g_sram[14].u_macro/addr1[3]    0.040000    0.190866   -0.150866 (VIOLATED)
u_instruction_ram.g_sram[1].u_macro/addr1[6]    0.040000    0.190861   -0.150861 (VIOLATED)
u_npu.u_npu_sram.g_sram[1].u_macro/din0[19]    0.750000    0.900848   -0.150848 (VIOLATED)
u_npu.u_npu_sram.g_sram[6].u_macro/addr0[1]    0.040000    0.190848   -0.150848 (VIOLATED)
u_npu.u_npu_sram.g_sram[4].u_macro/addr1[8]    0.040000    0.190819   -0.150819 (VIOLATED)
u_npu.u_npu_sram.g_sram[10].u_macro/addr0[7]    0.040000    0.190769   -0.150769 (VIOLATED)
u_data_ram.g_sram[2].u_macro/addr1[5]    0.040000    0.190736   -0.150736 (VIOLATED)
u_npu.u_npu_sram.g_sram[9].u_macro/addr1[5]    0.040000    0.190675   -0.150675 (VIOLATED)
u_npu.u_npu_sram.g_sram[14].u_macro/addr1[4]    0.040000    0.190492   -0.150492 (VIOLATED)
u_data_ram.g_sram[2].u_macro/addr0[3]    0.040000    0.190320   -0.150320 (VIOLATED)
u_npu.u_npu_sram.g_sram[12].u_macro/addr1[7]    0.040000    0.190315   -0.150315 (VIOLATED)
u_npu.u_npu_sram.g_sram[4].u_macro/addr1[7]    0.040000    0.190280   -0.150280 (VIOLATED)
u_data_ram.g_sram[2].u_macro/addr1[2]    0.040000    0.190249   -0.150249 (VIOLATED)
u_npu.u_npu_sram.g_sram[10].u_macro/addr0[3]    0.040000    0.190182   -0.150182 (VIOLATED)
u_npu.u_npu_sram.g_sram[10].u_macro/addr0[8]    0.040000    0.189970   -0.149970 (VIOLATED)
u_npu.u_npu_sram.g_sram[9].u_macro/addr1[1]    0.040000    0.189962   -0.149962 (VIOLATED)
u_npu.u_npu_sram.g_sram[4].u_macro/wmask0[3]    0.040000    0.189842   -0.149842 (VIOLATED)
u_data_ram.g_sram[3].u_macro/addr1[8]    0.040000    0.189547   -0.149547 (VIOLATED)
u_instruction_ram.g_sram[1].u_macro/wmask0[3]    0.040000    0.189527   -0.149527 (VIOLATED)
u_instruction_ram.g_sram[1].u_macro/addr0[6]    0.040000    0.189443   -0.149443 (VIOLATED)
u_instruction_ram.g_sram[1].u_macro/addr1[8]    0.040000    0.189442   -0.149442 (VIOLATED)
u_npu.u_npu_sram.g_sram[10].u_macro/addr1[3]    0.040000    0.189172   -0.149172 (VIOLATED)
u_npu.u_npu_sram.g_sram[10].u_macro/addr0[2]    0.040000    0.189162   -0.149162 (VIOLATED)
u_npu.u_npu_sram.g_sram[6].u_macro/addr0[8]    0.040000    0.189126   -0.149126 (VIOLATED)
_174085_/A                              0.750000    0.899113   -0.149113 (VIOLATED)
_174097_/A                              0.750000    0.899071   -0.149071 (VIOLATED)
u_npu.u_npu_sram.g_sram[10].u_macro/addr0[5]    0.040000    0.189001   -0.149001 (VIOLATED)
u_npu.u_npu_sram.g_sram[11].u_macro/wmask0[1]    0.040000    0.188968   -0.148968 (VIOLATED)
u_npu.u_npu_sram.g_sram[6].u_macro/addr1[0]    0.040000    0.188929   -0.148929 (VIOLATED)
u_npu.u_npu_sram.g_sram[1].u_macro/addr1[8]    0.040000    0.188893   -0.148893 (VIOLATED)
u_npu.u_npu_sram.g_sram[13].u_macro/addr0[0]    0.040000    0.188876   -0.148876 (VIOLATED)
u_npu.u_npu_sram.g_sram[1].u_macro/addr1[7]    0.040000    0.188752   -0.148752 (VIOLATED)
u_npu.u_npu_sram.g_sram[2].u_macro/addr1[7]    0.040000    0.188655   -0.148655 (VIOLATED)
u_npu.u_npu_sram.g_sram[10].u_macro/addr1[2]    0.040000    0.188609   -0.148609 (VIOLATED)
u_npu.u_npu_sram.g_sram[3].u_macro/wmask0[1]    0.040000    0.188592   -0.148592 (VIOLATED)
u_data_ram.g_sram[2].u_macro/addr0[0]    0.040000    0.188554   -0.148554 (VIOLATED)
u_npu.u_npu_sram.g_sram[10].u_macro/addr0[4]    0.040000    0.188540   -0.148540 (VIOLATED)
u_data_ram.g_sram[0].u_macro/addr1[3]    0.040000    0.188518   -0.148518 (VIOLATED)
u_instruction_ram.g_sram[1].u_macro/addr0[4]    0.040000    0.188474   -0.148474 (VIOLATED)
u_npu.u_npu_sram.g_sram[14].u_macro/addr1[2]    0.040000    0.188474   -0.148474 (VIOLATED)
u_instruction_ram.g_sram[1].u_macro/addr0[3]    0.040000    0.188424   -0.148424 (VIOLATED)
u_data_ram.g_sram[2].u_macro/addr1[4]    0.040000    0.188359   -0.148359 (VIOLATED)
hold31943/A                             0.750000    0.898310   -0.148310 (VIOLATED)
u_npu.u_npu_sram.g_sram[14].u_macro/wmask0[3]    0.040000    0.188304   -0.148304 (VIOLATED)
_190217_/Q                              0.750000    0.898297   -0.148298 (VIOLATED)
ANTENNA_12289/DIODE                     0.750000    0.898245   -0.148245 (VIOLATED)
hold31109/A                             0.750000    0.898234   -0.148234 (VIOLATED)
ANTENNA_12288/DIODE                     0.750000    0.898229   -0.148229 (VIOLATED)
_191060_/Q                              0.750000    0.898206   -0.148207 (VIOLATED)
u_npu.u_npu_sram.g_sram[11].u_macro/wmask0[2]    0.040000    0.188148   -0.148148 (VIOLATED)
u_instruction_ram.g_sram[1].u_macro/addr0[1]    0.040000    0.188139   -0.148139 (VIOLATED)
u_instruction_ram.g_sram[2].u_macro/addr1[7]    0.040000    0.188018   -0.148018 (VIOLATED)
u_instruction_ram.g_sram[2].u_macro/addr1[8]    0.040000    0.187938   -0.147938 (VIOLATED)
u_npu.u_npu_sram.g_sram[14].u_macro/addr1[7]    0.040000    0.187846   -0.147846 (VIOLATED)
u_npu.u_npu_sram.g_sram[10].u_macro/addr1[1]    0.040000    0.187822   -0.147822 (VIOLATED)
u_npu.u_npu_sram.g_sram[13].u_macro/addr1[5]    0.040000    0.187520   -0.147520 (VIOLATED)
u_instruction_ram.g_sram[0].u_macro/addr0[3]    0.040000    0.187440   -0.147440 (VIOLATED)
u_npu.u_npu_sram.g_sram[9].u_macro/addr0[1]    0.040000    0.187424   -0.147424 (VIOLATED)
u_npu.u_npu_sram.g_sram[1].u_macro/addr0[8]    0.040000    0.187418   -0.147418 (VIOLATED)
u_npu.u_npu_sram.g_sram[14].u_macro/addr1[1]    0.040000    0.187316   -0.147316 (VIOLATED)
u_npu.u_npu_sram.g_sram[3].u_macro/wmask0[0]    0.040000    0.187271   -0.147271 (VIOLATED)
u_npu.u_npu_sram.g_sram[10].u_macro/addr1[0]    0.040000    0.187230   -0.147230 (VIOLATED)
u_data_ram.g_sram[1].u_macro/addr0[2]    0.040000    0.187196   -0.147196 (VIOLATED)
u_npu.u_npu_sram.g_sram[10].u_macro/wmask0[3]    0.040000    0.187161   -0.147161 (VIOLATED)
u_npu.u_npu_sram.g_sram[11].u_macro/addr0[0]    0.040000    0.187052   -0.147052 (VIOLATED)
u_npu.u_npu_sram.g_sram[14].u_macro/addr1[0]    0.040000    0.186958   -0.146958 (VIOLATED)
u_instruction_ram.g_sram[1].u_macro/addr0[5]    0.040000    0.186922   -0.146922 (VIOLATED)
u_data_ram.g_sram[1].u_macro/addr0[6]    0.040000    0.186822   -0.146822 (VIOLATED)
u_data_ram.g_sram[1].u_macro/addr0[1]    0.040000    0.186699   -0.146699 (VIOLATED)
u_npu.u_npu_sram.g_sram[5].u_macro/wmask0[2]    0.040000    0.186641   -0.146641 (VIOLATED)
u_instruction_ram.g_sram[3].u_macro/addr0[5]    0.040000    0.186623   -0.146623 (VIOLATED)
u_npu.u_npu_sram.g_sram[9].u_macro/addr1[3]    0.040000    0.186622   -0.146622 (VIOLATED)
u_data_ram.g_sram[1].u_macro/addr1[5]    0.040000    0.186569   -0.146569 (VIOLATED)
u_npu.u_npu_sram.g_sram[2].u_macro/addr0[2]    0.040000    0.186394   -0.146394 (VIOLATED)
u_npu.u_npu_sram.g_sram[2].u_macro/addr0[5]    0.040000    0.186386   -0.146386 (VIOLATED)
_131268_/X                              0.750000    0.896367   -0.146367 (VIOLATED)
u_npu.u_npu_sram.g_sram[0].u_macro/din0[11]    0.750000    0.896284   -0.146284 (VIOLATED)
u_npu.u_npu_sram.g_sram[9].u_macro/wmask0[3]    0.040000    0.186193   -0.146193 (VIOLATED)
u_npu.u_npu_sram.g_sram[8].u_macro/addr1[7]    0.040000    0.186173   -0.146173 (VIOLATED)
u_data_ram.g_sram[0].u_macro/wmask0[2]    0.040000    0.186117   -0.146117 (VIOLATED)
u_instruction_ram.g_sram[1].u_macro/wmask0[0]    0.040000    0.186016   -0.146016 (VIOLATED)
u_npu.u_npu_sram.g_sram[2].u_macro/addr0[6]    0.040000    0.186016   -0.146016 (VIOLATED)
u_npu.u_npu_sram.g_sram[2].u_macro/addr0[4]    0.040000    0.185986   -0.145986 (VIOLATED)
u_instruction_ram.g_sram[1].u_macro/addr0[2]    0.040000    0.185902   -0.145902 (VIOLATED)
ANTENNA_4286/DIODE                      0.750000    0.895855   -0.145855 (VIOLATED)
ANTENNA_4284/DIODE                      0.750000    0.895844   -0.145844 (VIOLATED)
ANTENNA_4282/DIODE                      0.750000    0.895837   -0.145837 (VIOLATED)
ANTENNA_4280/DIODE                      0.750000    0.895823   -0.145823 (VIOLATED)
wire894/A                               0.750000    0.895820   -0.145820 (VIOLATED)
ANTENNA_4281/DIODE                      0.750000    0.895808   -0.145808 (VIOLATED)
ANTENNA_4285/DIODE                      0.750000    0.895805   -0.145805 (VIOLATED)
ANTENNA_4278/DIODE                      0.750000    0.895774   -0.145774 (VIOLATED)
ANTENNA_4279/DIODE                      0.750000    0.895767   -0.145767 (VIOLATED)
ANTENNA_4277/DIODE                      0.750000    0.895725   -0.145725 (VIOLATED)
u_npu.u_npu_sram.g_sram[9].u_macro/addr1[0]    0.040000    0.185695   -0.145695 (VIOLATED)
u_instruction_ram.g_sram[0].u_macro/addr0[6]    0.040000    0.185685   -0.145685 (VIOLATED)
ANTENNA_10913/DIODE                     0.750000    0.895670   -0.145670 (VIOLATED)
ANTENNA_10911/DIODE                     0.750000    0.895669   -0.145669 (VIOLATED)
ANTENNA_10909/DIODE                     0.750000    0.895668   -0.145668 (VIOLATED)
ANTENNA_10908/DIODE                     0.750000    0.895666   -0.145666 (VIOLATED)
ANTENNA_10907/DIODE                     0.750000    0.895665   -0.145665 (VIOLATED)
fanout6689/A                            0.750000    0.895665   -0.145665 (VIOLATED)
ANTENNA_10906/DIODE                     0.750000    0.895663   -0.145663 (VIOLATED)
ANTENNA_10905/DIODE                     0.750000    0.895660   -0.145660 (VIOLATED)
ANTENNA_4287/DIODE                      0.750000    0.895651   -0.145651 (VIOLATED)
u_npu.u_npu_sram.g_sram[13].u_macro/addr1[0]    0.040000    0.185651   -0.145651 (VIOLATED)
ANTENNA_4283/DIODE                      0.750000    0.895634   -0.145634 (VIOLATED)
u_data_ram.g_sram[2].u_macro/addr0[2]    0.040000    0.185589   -0.145589 (VIOLATED)
ANTENNA_10910/DIODE                     0.750000    0.895581   -0.145581 (VIOLATED)
ANTENNA_10912/DIODE                     0.750000    0.895533   -0.145533 (VIOLATED)
ANTENNA_10914/DIODE                     0.750000    0.895525   -0.145525 (VIOLATED)
u_data_ram.g_sram[0].u_macro/addr0[1]    0.040000    0.185517   -0.145517 (VIOLATED)
u_npu.u_npu_sram.g_sram[9].u_macro/addr1[6]    0.040000    0.185476   -0.145476 (VIOLATED)
u_npu.u_npu_sram.g_sram[14].u_macro/addr0[0]    0.040000    0.185446   -0.145446 (VIOLATED)
u_npu.u_npu_sram.g_sram[10].u_macro/addr0[0]    0.040000    0.185346   -0.145346 (VIOLATED)
u_npu.u_npu_sram.g_sram[1].u_macro/addr0[0]    0.040000    0.185341   -0.145341 (VIOLATED)
u_npu.u_npu_sram.g_sram[8].u_macro/addr1[8]    0.040000    0.185323   -0.145323 (VIOLATED)
u_npu.u_npu_sram.g_sram[2].u_macro/addr0[7]    0.040000    0.185305   -0.145305 (VIOLATED)
u_instruction_ram.g_sram[1].u_macro/addr1[5]    0.040000    0.185184   -0.145184 (VIOLATED)
u_npu.u_npu_sram.g_sram[13].u_macro/wmask0[0]    0.040000    0.185178   -0.145178 (VIOLATED)
u_npu.u_npu_sram.g_sram[6].u_macro/wmask0[3]    0.040000    0.185080   -0.145080 (VIOLATED)
u_npu.u_npu_sram.g_sram[2].u_macro/addr0[1]    0.040000    0.185059   -0.145059 (VIOLATED)
u_instruction_ram.g_sram[0].u_macro/addr0[7]    0.040000    0.184990   -0.144990 (VIOLATED)
u_npu.u_npu_sram.g_sram[7].u_macro/addr0[3]    0.040000    0.184975   -0.144975 (VIOLATED)
u_npu.u_npu_sram.g_sram[9].u_macro/addr0[5]    0.040000    0.184975   -0.144975 (VIOLATED)
u_npu.u_npu_sram.g_sram[7].u_macro/addr0[6]    0.040000    0.184865   -0.144865 (VIOLATED)
u_npu.u_npu_sram.g_sram[1].u_macro/addr0[2]    0.040000    0.184851   -0.144851 (VIOLATED)
u_npu.u_npu_sram.g_sram[11].u_macro/wmask0[3]    0.040000    0.184798   -0.144798 (VIOLATED)
u_instruction_ram.g_sram[3].u_macro/addr0[4]    0.040000    0.184724   -0.144724 (VIOLATED)
u_npu.u_npu_sram.g_sram[3].u_macro/addr0[8]    0.040000    0.184657   -0.144657 (VIOLATED)
u_npu.u_npu_sram.g_sram[14].u_macro/wmask0[2]    0.040000    0.184649   -0.144649 (VIOLATED)
u_instruction_ram.g_sram[0].u_macro/addr0[4]    0.040000    0.184642   -0.144642 (VIOLATED)
_098269_/A1                             0.750000    0.894614   -0.144614 (VIOLATED)
ANTENNA_1565/DIODE                      0.750000    0.894613   -0.144613 (VIOLATED)
u_npu.u_npu_sram.g_sram[7].u_macro/addr0[7]    0.040000    0.184506   -0.144506 (VIOLATED)
u_npu.u_npu_sram.g_sram[14].u_macro/addr0[8]    0.040000    0.184501   -0.144501 (VIOLATED)
u_instruction_ram.g_sram[1].u_macro/addr0[8]    0.040000    0.184491   -0.144491 (VIOLATED)
u_npu.u_npu_sram.g_sram[5].u_macro/addr0[6]    0.040000    0.184379   -0.144379 (VIOLATED)
u_npu.u_npu_sram.g_sram[7].u_macro/addr0[4]    0.040000    0.184364   -0.144364 (VIOLATED)
u_npu.u_npu_sram.g_sram[5].u_macro/addr0[7]    0.040000    0.184298   -0.144298 (VIOLATED)
u_instruction_ram.g_sram[0].u_macro/addr0[8]    0.040000    0.184296   -0.144296 (VIOLATED)
u_npu.u_npu_sram.g_sram[6].u_macro/addr0[7]    0.040000    0.184235   -0.144235 (VIOLATED)
u_data_ram.g_sram[1].u_macro/addr0[0]    0.040000    0.184161   -0.144161 (VIOLATED)
u_npu.u_npu_sram.g_sram[14].u_macro/addr0[4]    0.040000    0.184133   -0.144133 (VIOLATED)
u_npu.u_npu_sram.g_sram[5].u_macro/addr1[0]    0.040000    0.184099   -0.144099 (VIOLATED)
u_npu.u_npu_sram.g_sram[11].u_macro/wmask0[0]    0.040000    0.184062   -0.144062 (VIOLATED)
u_data_ram.g_sram[1].u_macro/addr0[7]    0.040000    0.184057   -0.144057 (VIOLATED)
u_npu.u_npu_sram.g_sram[13].u_macro/addr0[1]    0.040000    0.184050   -0.144050 (VIOLATED)
u_npu.u_npu_sram.g_sram[0].u_macro/addr0[2]    0.040000    0.184008   -0.144008 (VIOLATED)
_097701_/A1                             0.750000    0.893970   -0.143970 (VIOLATED)
ANTENNA_1209/DIODE                      0.750000    0.893969   -0.143969 (VIOLATED)
ANTENNA_1207/DIODE                      0.750000    0.893968   -0.143968 (VIOLATED)
ANTENNA_1208/DIODE                      0.750000    0.893960   -0.143960 (VIOLATED)
ANTENNA_1210/DIODE                      0.750000    0.893955   -0.143955 (VIOLATED)
u_npu.u_npu_sram.g_sram[10].u_macro/wmask0[1]    0.040000    0.183878   -0.143878 (VIOLATED)
u_data_ram.g_sram[2].u_macro/addr0[1]    0.040000    0.183856   -0.143856 (VIOLATED)
u_data_ram.g_sram[2].u_macro/addr1[3]    0.040000    0.183844   -0.143845 (VIOLATED)
u_npu.u_npu_sram.g_sram[9].u_macro/addr1[4]    0.040000    0.183832   -0.143832 (VIOLATED)
u_npu.u_npu_sram.g_sram[5].u_macro/addr0[4]    0.040000    0.183817   -0.143817 (VIOLATED)
u_npu.u_npu_sram.g_sram[3].u_macro/addr0[2]    0.040000    0.183804   -0.143804 (VIOLATED)
u_data_ram.g_sram[0].u_macro/addr1[2]    0.040000    0.183800   -0.143800 (VIOLATED)
u_npu.u_npu_sram.g_sram[14].u_macro/wmask0[1]    0.040000    0.183787   -0.143787 (VIOLATED)
u_npu.u_npu_sram.g_sram[0].u_macro/addr0[8]    0.040000    0.183782   -0.143782 (VIOLATED)
u_npu.u_npu_sram.g_sram[8].u_macro/addr0[5]    0.040000    0.183751   -0.143751 (VIOLATED)
u_npu.u_npu_sram.g_sram[14].u_macro/addr0[6]    0.040000    0.183699   -0.143699 (VIOLATED)
u_npu.u_npu_sram.g_sram[5].u_macro/addr0[3]    0.040000    0.183556   -0.143556 (VIOLATED)
u_npu.u_npu_sram.g_sram[9].u_macro/addr0[4]    0.040000    0.183442   -0.143442 (VIOLATED)
u_instruction_ram.g_sram[0].u_macro/addr1[7]    0.040000    0.183421   -0.143421 (VIOLATED)
u_npu.u_npu_sram.g_sram[4].u_macro/addr0[4]    0.040000    0.183335   -0.143335 (VIOLATED)
u_npu.u_npu_sram.g_sram[9].u_macro/addr0[3]    0.040000    0.183325   -0.143325 (VIOLATED)
u_npu.u_npu_sram.g_sram[14].u_macro/addr0[5]    0.040000    0.183320   -0.143320 (VIOLATED)
u_instruction_ram.g_sram[2].u_macro/wmask0[3]    0.040000    0.183232   -0.143232 (VIOLATED)
u_npu.u_npu_sram.g_sram[4].u_macro/addr0[6]    0.040000    0.183232   -0.143232 (VIOLATED)
ANTENNA_680/DIODE                       0.750000    0.893226   -0.143226 (VIOLATED)
ANTENNA_678/DIODE                       0.750000    0.893225   -0.143225 (VIOLATED)
u_npu.u_npu_sram.g_sram[0].u_macro/addr0[7]    0.040000    0.183220   -0.143220 (VIOLATED)
_096015_/A0                             0.750000    0.893213   -0.143213 (VIOLATED)
u_instruction_ram.g_sram[0].u_macro/addr1[8]    0.040000    0.183207   -0.143207 (VIOLATED)
u_npu.u_npu_sram.g_sram[0].u_macro/addr0[4]    0.040000    0.183206   -0.143206 (VIOLATED)
u_npu.u_npu_sram.g_sram[9].u_macro/wmask0[1]    0.040000    0.183196   -0.143196 (VIOLATED)
ANTENNA_679/DIODE                       0.750000    0.893167   -0.143167 (VIOLATED)
u_npu.u_npu_sram.g_sram[4].u_macro/addr0[3]    0.040000    0.183154   -0.143154 (VIOLATED)
u_instruction_ram.g_sram[0].u_macro/addr0[5]    0.040000    0.183153   -0.143153 (VIOLATED)
u_npu.u_npu_sram.g_sram[1].u_macro/addr0[6]    0.040000    0.183121   -0.143121 (VIOLATED)
u_npu.u_npu_sram.g_sram[7].u_macro/addr0[5]    0.040000    0.183052   -0.143052 (VIOLATED)
u_npu.u_npu_sram.g_sram[5].u_macro/addr0[5]    0.040000    0.183050   -0.143050 (VIOLATED)
u_npu.u_npu_sram.g_sram[4].u_macro/addr0[7]    0.040000    0.183002   -0.143002 (VIOLATED)
u_npu.u_npu_sram.g_sram[14].u_macro/addr0[7]    0.040000    0.182984   -0.142984 (VIOLATED)
u_data_ram.g_sram[0].u_macro/wmask0[0]    0.040000    0.182980   -0.142980 (VIOLATED)
u_npu.u_npu_sram.g_sram[0].u_macro/addr0[6]    0.040000    0.182877   -0.142877 (VIOLATED)
u_data_ram.g_sram[1].u_macro/addr1[2]    0.040000    0.182875   -0.142875 (VIOLATED)
u_npu.u_npu_sram.g_sram[1].u_macro/wmask0[0]    0.040000    0.182865   -0.142865 (VIOLATED)
u_npu.u_npu_sram.g_sram[2].u_macro/wmask0[0]    0.040000    0.182777   -0.142777 (VIOLATED)
u_instruction_ram.g_sram[3].u_macro/addr0[8]    0.040000    0.182774   -0.142774 (VIOLATED)
u_npu.u_npu_sram.g_sram[1].u_macro/addr0[4]    0.040000    0.182746   -0.142746 (VIOLATED)
u_instruction_ram.g_sram[0].u_macro/addr0[2]    0.040000    0.182726   -0.142726 (VIOLATED)
u_data_ram.g_sram[0].u_macro/wmask0[1]    0.040000    0.182724   -0.142724 (VIOLATED)
u_npu.u_npu_sram.g_sram[9].u_macro/addr0[7]    0.040000    0.182691   -0.142691 (VIOLATED)
u_npu.u_npu_sram.g_sram[3].u_macro/addr0[6]    0.040000    0.182671   -0.142671 (VIOLATED)
u_data_ram.g_sram[0].u_macro/addr0[2]    0.040000    0.182665   -0.142665 (VIOLATED)
u_npu.u_npu_sram.g_sram[11].u_macro/addr0[1]    0.040000    0.182638   -0.142638 (VIOLATED)
u_npu.u_npu_sram.g_sram[8].u_macro/addr0[7]    0.040000    0.182611   -0.142611 (VIOLATED)
u_npu.u_npu_sram.g_sram[1].u_macro/addr0[3]    0.040000    0.182590   -0.142590 (VIOLATED)
u_npu.u_npu_sram.g_sram[10].u_macro/wmask0[2]    0.040000    0.182582   -0.142582 (VIOLATED)
u_data_ram.g_sram[1].u_macro/addr0[4]    0.040000    0.182562   -0.142562 (VIOLATED)
u_npu.u_npu_sram.g_sram[7].u_macro/addr0[2]    0.040000    0.182559   -0.142559 (VIOLATED)
u_npu.u_npu_sram.g_sram[3].u_macro/addr0[5]    0.040000    0.182548   -0.142548 (VIOLATED)
u_npu.u_npu_sram.g_sram[3].u_macro/addr0[7]    0.040000    0.182468   -0.142468 (VIOLATED)
u_npu.u_npu_sram.g_sram[5].u_macro/addr0[8]    0.040000    0.182467   -0.142467 (VIOLATED)
u_npu.u_npu_sram.g_sram[0].u_macro/addr0[5]    0.040000    0.182443   -0.142443 (VIOLATED)
u_npu.u_npu_sram.g_sram[9].u_macro/addr0[2]    0.040000    0.182419   -0.142419 (VIOLATED)
u_instruction_ram.g_sram[3].u_macro/addr0[6]    0.040000    0.182405   -0.142405 (VIOLATED)
u_data_ram.g_sram[2].u_macro/addr0[4]    0.040000    0.182394   -0.142394 (VIOLATED)
u_data_ram.g_sram[1].u_macro/addr1[7]    0.040000    0.182381   -0.142381 (VIOLATED)
u_npu.u_npu_sram.g_sram[1].u_macro/addr0[5]    0.040000    0.182318   -0.142318 (VIOLATED)
u_npu.u_npu_sram.g_sram[14].u_macro/addr0[2]    0.040000    0.182313   -0.142313 (VIOLATED)
u_npu.u_npu_sram.g_sram[7].u_macro/addr0[8]    0.040000    0.182262   -0.142262 (VIOLATED)
u_npu.u_npu_sram.g_sram[13].u_macro/wmask0[1]    0.040000    0.182233   -0.142233 (VIOLATED)
u_npu.u_npu_sram.g_sram[3].u_macro/addr0[3]    0.040000    0.182172   -0.142172 (VIOLATED)
u_npu.u_npu_sram.g_sram[9].u_macro/wmask0[2]    0.040000    0.182165   -0.142165 (VIOLATED)
u_npu.u_npu_sram.g_sram[2].u_macro/addr0[3]    0.040000    0.182115   -0.142115 (VIOLATED)
u_npu.u_npu_sram.g_sram[7].u_macro/addr0[1]    0.040000    0.182082   -0.142082 (VIOLATED)
u_data_ram.g_sram[1].u_macro/addr0[5]    0.040000    0.182026   -0.142026 (VIOLATED)
u_npu.u_npu_sram.g_sram[3].u_macro/addr0[4]    0.040000    0.182004   -0.142004 (VIOLATED)
u_npu.u_npu_sram.g_sram[0].u_macro/addr0[3]    0.040000    0.181981   -0.141981 (VIOLATED)
u_instruction_ram.g_sram[0].u_macro/addr0[0]    0.040000    0.181960   -0.141960 (VIOLATED)
u_instruction_ram.g_sram[1].u_macro/addr1[3]    0.040000    0.181945   -0.141945 (VIOLATED)
u_npu.u_npu_sram.g_sram[4].u_macro/addr0[5]    0.040000    0.181875   -0.141875 (VIOLATED)
u_instruction_ram.g_sram[3].u_macro/wmask0[1]    0.040000    0.181858   -0.141858 (VIOLATED)
u_instruction_ram.g_sram[3].u_macro/addr0[7]    0.040000    0.181833   -0.141833 (VIOLATED)
u_npu.u_npu_sram.g_sram[5].u_macro/addr0[1]    0.040000    0.181829   -0.141829 (VIOLATED)
u_npu.u_npu_sram.g_sram[9].u_macro/addr0[6]    0.040000    0.181828   -0.141828 (VIOLATED)
u_npu.u_npu_sram.g_sram[2].u_macro/addr0[8]    0.040000    0.181704   -0.141704 (VIOLATED)
u_instruction_ram.g_sram[3].u_macro/addr0[2]    0.040000    0.181613   -0.141613 (VIOLATED)
u_npu.u_npu_sram.g_sram[1].u_macro/wmask0[2]    0.040000    0.181562   -0.141562 (VIOLATED)
load_slew898/A                          0.750000    0.891440   -0.141440 (VIOLATED)
u_npu.u_npu_sram.g_sram[5].u_macro/addr0[2]    0.040000    0.181397   -0.141397 (VIOLATED)
ANTENNA_4262/DIODE                      0.750000    0.891379   -0.141379 (VIOLATED)
u_data_ram.g_sram[0].u_macro/addr1[5]    0.040000    0.181362   -0.141362 (VIOLATED)
u_data_ram.g_sram[1].u_macro/addr0[8]    0.040000    0.181337   -0.141337 (VIOLATED)
u_instruction_ram.g_sram[3].u_macro/addr0[3]    0.040000    0.181279   -0.141279 (VIOLATED)
u_npu.u_npu_sram.g_sram[14].u_macro/addr0[3]    0.040000    0.181208   -0.141208 (VIOLATED)
u_npu.u_npu_sram.g_sram[8].u_macro/addr0[3]    0.040000    0.181139   -0.141139 (VIOLATED)
u_npu.u_npu_sram.g_sram[3].u_macro/addr1[8]    0.040000    0.181108   -0.141108 (VIOLATED)
u_data_ram.g_sram[1].u_macro/addr1[6]    0.040000    0.181040   -0.141040 (VIOLATED)
u_data_ram.g_sram[3].u_macro/addr1[7]    0.040000    0.181032   -0.141032 (VIOLATED)
u_npu.u_npu_sram.g_sram[8].u_macro/addr0[4]    0.040000    0.181017   -0.141017 (VIOLATED)
u_npu.u_npu_sram.g_sram[4].u_macro/addr0[2]    0.040000    0.180970   -0.140970 (VIOLATED)
u_npu.u_npu_sram.g_sram[1].u_macro/addr0[7]    0.040000    0.180959   -0.140959 (VIOLATED)
u_npu.u_npu_sram.g_sram[13].u_macro/wmask0[2]    0.040000    0.180879   -0.140879 (VIOLATED)
u_npu.u_npu_sram.g_sram[9].u_macro/addr0[8]    0.040000    0.180734   -0.140734 (VIOLATED)
u_npu.u_npu_sram.g_sram[3].u_macro/addr0[0]    0.040000    0.180703   -0.140703 (VIOLATED)
u_npu.u_npu_sram.g_sram[4].u_macro/addr0[8]    0.040000    0.180701   -0.140701 (VIOLATED)
u_npu.u_npu_sram.g_sram[0].u_macro/wmask0[0]    0.040000    0.180656   -0.140656 (VIOLATED)
ANTENNA_10315/DIODE                     0.750000    0.890362   -0.140362 (VIOLATED)
u_npu.u_npu_sram.g_sram[7].u_macro/wmask0[0]    0.040000    0.180352   -0.140352 (VIOLATED)
ANTENNA_10312/DIODE                     0.750000    0.890347   -0.140347 (VIOLATED)
ANTENNA_10309/DIODE                     0.750000    0.890315   -0.140315 (VIOLATED)
_097947_/B1                             0.750000    0.890312   -0.140312 (VIOLATED)
u_npu.u_npu_sram.g_sram[3].u_macro/addr1[7]    0.040000    0.180292   -0.140292 (VIOLATED)
ANTENNA_10310/DIODE                     0.750000    0.890286   -0.140286 (VIOLATED)
ANTENNA_10311/DIODE                     0.750000    0.890279   -0.140279 (VIOLATED)
ANTENNA_10313/DIODE                     0.750000    0.890270   -0.140270 (VIOLATED)
ANTENNA_10316/DIODE                     0.750000    0.890268   -0.140268 (VIOLATED)
ANTENNA_10314/DIODE                     0.750000    0.890245   -0.140245 (VIOLATED)
u_npu.u_npu_sram.g_sram[8].u_macro/addr0[2]    0.040000    0.180167   -0.140167 (VIOLATED)
u_data_ram.g_sram[1].u_macro/addr1[8]    0.040000    0.180103   -0.140103 (VIOLATED)
u_npu.u_npu_sram.g_sram[6].u_macro/wmask0[2]    0.040000    0.180069   -0.140069 (VIOLATED)
u_npu.u_npu_sram.g_sram[5].u_macro/addr1[6]    0.040000    0.180018   -0.140018 (VIOLATED)
u_npu.u_npu_sram.g_sram[8].u_macro/addr0[8]    0.040000    0.179970   -0.139970 (VIOLATED)
u_npu.u_npu_sram.g_sram[2].u_macro/wmask0[2]    0.040000    0.179840   -0.139840 (VIOLATED)
u_npu.u_npu_sram.g_sram[5].u_macro/wmask0[0]    0.040000    0.179766   -0.139766 (VIOLATED)
u_npu.u_npu_sram.g_sram[0].u_macro/addr0[1]    0.040000    0.179754   -0.139754 (VIOLATED)
u_instruction_ram.g_sram[0].u_macro/addr0[1]    0.040000    0.179706   -0.139707 (VIOLATED)
u_npu.u_npu_sram.g_sram[8].u_macro/addr0[6]    0.040000    0.179521   -0.139521 (VIOLATED)
u_npu.u_npu_sram.g_sram[2].u_macro/addr0[0]    0.040000    0.179496   -0.139496 (VIOLATED)
wire8920/X                              0.750000    0.889441   -0.139441 (VIOLATED)
u_npu.u_npu_sram.g_sram[11].u_macro/addr1[0]    0.040000    0.179400   -0.139400 (VIOLATED)
u_npu.u_npu_sram.g_sram[12].u_macro/addr0[1]    0.040000    0.179355   -0.139355 (VIOLATED)
u_npu.u_npu_sram.g_sram[0].u_macro/wmask0[2]    0.040000    0.179348   -0.139348 (VIOLATED)
u_npu.u_npu_sram.g_sram[0].u_macro/wmask0[1]    0.040000    0.179229   -0.139229 (VIOLATED)
u_npu.u_npu_sram.g_sram[2].u_macro/wmask0[1]    0.040000    0.179155   -0.139155 (VIOLATED)
u_npu.u_npu_sram.g_sram[0].u_macro/addr0[0]    0.040000    0.179135   -0.139135 (VIOLATED)
u_instruction_ram.g_sram[3].u_macro/addr1[0]    0.040000    0.179111   -0.139111 (VIOLATED)
u_npu.u_npu_sram.g_sram[3].u_macro/wmask0[2]    0.040000    0.179081   -0.139081 (VIOLATED)
u_npu.u_npu_sram.g_sram[7].u_macro/wmask0[2]    0.040000    0.178966   -0.138966 (VIOLATED)
wire3401/X                              0.750000    0.888782   -0.138782 (VIOLATED)
u_npu.u_npu_sram.g_sram[13].u_macro/addr1[4]    0.040000    0.178682   -0.138682 (VIOLATED)
u_instruction_ram.g_sram[0].u_macro/wmask0[0]    0.040000    0.178603   -0.138603 (VIOLATED)
u_data_ram.g_sram[1].u_macro/addr0[3]    0.040000    0.178466   -0.138466 (VIOLATED)
u_npu.u_npu_sram.g_sram[6].u_macro/addr1[1]    0.040000    0.178460   -0.138460 (VIOLATED)
u_npu.u_npu_sram.g_sram[8].u_macro/addr1[0]    0.040000    0.178239   -0.138239 (VIOLATED)
u_instruction_ram.g_sram[2].u_macro/wmask0[1]    0.040000    0.178188   -0.138188 (VIOLATED)
u_npu.u_npu_sram.g_sram[12].u_macro/wmask0[1]    0.040000    0.178148   -0.138148 (VIOLATED)
u_npu.u_npu_sram.g_sram[7].u_macro/addr0[0]    0.040000    0.178132   -0.138132 (VIOLATED)
u_npu.u_npu_sram.g_sram[5].u_macro/addr1[5]    0.040000    0.177934   -0.137934 (VIOLATED)
u_instruction_ram.g_sram[2].u_macro/addr1[0]    0.040000    0.177811   -0.137811 (VIOLATED)
u_instruction_ram.g_sram[0].u_macro/wmask0[1]    0.040000    0.177775   -0.137775 (VIOLATED)
u_instruction_ram.g_sram[0].u_macro/wmask0[3]    0.040000    0.177768   -0.137768 (VIOLATED)
u_npu.u_npu_sram.g_sram[1].u_macro/addr1[0]    0.040000    0.177683   -0.137683 (VIOLATED)
u_instruction_ram.g_sram[0].u_macro/wmask0[2]    0.040000    0.177545   -0.137545 (VIOLATED)
u_npu.u_npu_sram.g_sram[2].u_macro/addr1[0]    0.040000    0.177463   -0.137463 (VIOLATED)
ANTENNA_1932/DIODE                      0.750000    0.887358   -0.137358 (VIOLATED)
ANTENNA_1930/DIODE                      0.750000    0.887358   -0.137358 (VIOLATED)
ANTENNA_1928/DIODE                      0.750000    0.887357   -0.137358 (VIOLATED)
ANTENNA_1935/DIODE                      0.750000    0.887357   -0.137357 (VIOLATED)
ANTENNA_1934/DIODE                      0.750000    0.887356   -0.137356 (VIOLATED)
_131273_/C                              0.750000    0.887356   -0.137356 (VIOLATED)
ANTENNA_1926/DIODE                      0.750000    0.887356   -0.137356 (VIOLATED)
ANTENNA_1936/DIODE                      0.750000    0.887356   -0.137356 (VIOLATED)
ANTENNA_1927/DIODE                      0.750000    0.887355   -0.137355 (VIOLATED)
ANTENNA_1933/DIODE                      0.750000    0.887355   -0.137355 (VIOLATED)
ANTENNA_1929/DIODE                      0.750000    0.887354   -0.137355 (VIOLATED)
ANTENNA_1931/DIODE                      0.750000    0.887355   -0.137355 (VIOLATED)
u_npu.u_npu_sram.g_sram[5].u_macro/addr1[1]    0.040000    0.177320   -0.137320 (VIOLATED)
_098268_/X                              0.750000    0.887265   -0.137265 (VIOLATED)
u_npu.u_npu_sram.g_sram[8].u_macro/addr1[5]    0.040000    0.177242   -0.137242 (VIOLATED)
u_instruction_ram.g_sram[3].u_macro/wmask0[3]    0.040000    0.177044   -0.137044 (VIOLATED)
u_npu.u_npu_sram.g_sram[13].u_macro/addr1[3]    0.040000    0.177017   -0.137017 (VIOLATED)
u_npu.u_npu_sram.g_sram[5].u_macro/addr1[3]    0.040000    0.176987   -0.136987 (VIOLATED)
u_npu.u_npu_sram.g_sram[5].u_macro/addr1[2]    0.040000    0.176882   -0.136882 (VIOLATED)
u_npu.u_npu_sram.g_sram[7].u_macro/addr1[8]    0.040000    0.176648   -0.136648 (VIOLATED)
_131270_/X                              0.750000    0.886629   -0.136629 (VIOLATED)
u_instruction_ram.g_sram[0].u_macro/addr1[1]    0.040000    0.176476   -0.136476 (VIOLATED)
u_npu.u_npu_sram.g_sram[5].u_macro/addr0[0]    0.040000    0.176432   -0.136432 (VIOLATED)
u_npu.u_npu_sram.g_sram[7].u_macro/addr1[7]    0.040000    0.176426   -0.136426 (VIOLATED)
u_instruction_ram.g_sram[2].u_macro/wmask0[2]    0.040000    0.176296   -0.136296 (VIOLATED)
u_npu.u_npu_sram.g_sram[7].u_macro/wmask0[1]    0.040000    0.176147   -0.136147 (VIOLATED)
u_npu.u_npu_sram.g_sram[5].u_macro/addr1[4]    0.040000    0.175868   -0.135868 (VIOLATED)
_099780_/B                              0.750000    0.885811   -0.135811 (VIOLATED)
ANTENNA_1763/DIODE                      0.750000    0.885809   -0.135809 (VIOLATED)
ANTENNA_1764/DIODE                      0.750000    0.885809   -0.135809 (VIOLATED)
ANTENNA_1765/DIODE                      0.750000    0.885808   -0.135808 (VIOLATED)
ANTENNA_1766/DIODE                      0.750000    0.885808   -0.135808 (VIOLATED)
ANTENNA_1767/DIODE                      0.750000    0.885808   -0.135808 (VIOLATED)
ANTENNA_1773/DIODE                      0.750000    0.885808   -0.135808 (VIOLATED)
ANTENNA_1771/DIODE                      0.750000    0.885807   -0.135807 (VIOLATED)
ANTENNA_1772/DIODE                      0.750000    0.885807   -0.135807 (VIOLATED)
ANTENNA_1768/DIODE                      0.750000    0.885807   -0.135807 (VIOLATED)
ANTENNA_1770/DIODE                      0.750000    0.885807   -0.135807 (VIOLATED)
ANTENNA_1769/DIODE                      0.750000    0.885807   -0.135807 (VIOLATED)
u_instruction_ram.g_sram[2].u_macro/wmask0[0]    0.040000    0.175578   -0.135578 (VIOLATED)
u_npu.u_npu_sram.g_sram[0].u_macro/addr1[0]    0.040000    0.175499   -0.135499 (VIOLATED)
u_npu.u_npu_sram.g_sram[4].u_macro/addr1[0]    0.040000    0.175487   -0.135487 (VIOLATED)
u_instruction_ram.g_sram[2].u_macro/addr0[0]    0.040000    0.175417   -0.135417 (VIOLATED)
u_instruction_ram.g_sram[1].u_macro/addr1[0]    0.040000    0.175348   -0.135348 (VIOLATED)
_099743_/X                              0.750000    0.885347   -0.135347 (VIOLATED)
ANTENNA_4297/DIODE                      0.750000    0.885332   -0.135332 (VIOLATED)
load_slew895/A                          0.750000    0.885331   -0.135331 (VIOLATED)
ANTENNA_4295/DIODE                      0.750000    0.885328   -0.135328 (VIOLATED)
ANTENNA_4294/DIODE                      0.750000    0.885325   -0.135325 (VIOLATED)
ANTENNA_4292/DIODE                      0.750000    0.885323   -0.135323 (VIOLATED)
ANTENNA_4291/DIODE                      0.750000    0.885321   -0.135321 (VIOLATED)
ANTENNA_4293/DIODE                      0.750000    0.885320   -0.135320 (VIOLATED)
u_npu.u_npu_sram.g_sram[4].u_macro/addr0[0]    0.040000    0.175311   -0.135311 (VIOLATED)
ANTENNA_4288/DIODE                      0.750000    0.885275   -0.135276 (VIOLATED)
u_npu.u_npu_sram.g_sram[4].u_macro/wmask0[0]    0.040000    0.175258   -0.135258 (VIOLATED)
ANTENNA_4296/DIODE                      0.750000    0.885257   -0.135257 (VIOLATED)
ANTENNA_4298/DIODE                      0.750000    0.885255   -0.135255 (VIOLATED)
ANTENNA_4289/DIODE                      0.750000    0.885252   -0.135252 (VIOLATED)
u_npu.u_npu_sram.g_sram[13].u_macro/addr0[8]    0.040000    0.175221   -0.135221 (VIOLATED)
u_npu.u_npu_sram.g_sram[12].u_macro/wmask0[2]    0.040000    0.175186   -0.135186 (VIOLATED)
u_npu.u_npu_sram.g_sram[8].u_macro/addr0[0]    0.040000    0.175162   -0.135162 (VIOLATED)
ANTENNA_4290/DIODE                      0.750000    0.885048   -0.135048 (VIOLATED)
u_instruction_ram.g_sram[2].u_macro/addr0[1]    0.040000    0.174884   -0.134884 (VIOLATED)
u_npu.u_npu_sram.g_sram[11].u_macro/addr1[8]    0.040000    0.174786   -0.134786 (VIOLATED)
u_instruction_ram.g_sram[2].u_macro/addr1[5]    0.040000    0.174692   -0.134692 (VIOLATED)
u_npu.u_npu_sram.g_sram[4].u_macro/addr0[1]    0.040000    0.174638   -0.134638 (VIOLATED)
u_npu.u_npu_sram.g_sram[11].u_macro/addr0[6]    0.040000    0.174579   -0.134579 (VIOLATED)
u_npu.u_npu_sram.g_sram[12].u_macro/wmask0[0]    0.040000    0.174571   -0.134571 (VIOLATED)
u_data_ram.g_sram[3].u_macro/addr1[6]    0.040000    0.174549   -0.134549 (VIOLATED)
u_npu.u_npu_sram.g_sram[4].u_macro/wmask0[2]    0.040000    0.174547   -0.134547 (VIOLATED)
u_npu.u_npu_sram.g_sram[4].u_macro/wmask0[1]    0.040000    0.174508   -0.134508 (VIOLATED)
u_npu.u_npu_sram.g_sram[8].u_macro/addr1[1]    0.040000    0.174491   -0.134491 (VIOLATED)
u_npu.u_npu_sram.g_sram[2].u_macro/addr1[6]    0.040000    0.174241   -0.134242 (VIOLATED)
u_data_ram.g_sram[3].u_macro/addr1[5]    0.040000    0.174219   -0.134219 (VIOLATED)
u_npu.u_npu_sram.g_sram[2].u_macro/addr1[2]    0.040000    0.174200   -0.134200 (VIOLATED)
u_npu.u_npu_sram.g_sram[11].u_macro/addr1[7]    0.040000    0.174053   -0.134053 (VIOLATED)
u_instruction_ram.g_sram[2].u_macro/addr1[6]    0.040000    0.174026   -0.134026 (VIOLATED)
u_npu.u_npu_sram.g_sram[13].u_macro/addr0[2]    0.040000    0.173763   -0.133763 (VIOLATED)
_174095_/A4                             0.750000    0.883733   -0.133733 (VIOLATED)
ANTENNA_10824/DIODE                     0.750000    0.883729   -0.133729 (VIOLATED)
u_npu.u_npu_sram.g_sram[2].u_macro/addr1[4]    0.040000    0.173606   -0.133606 (VIOLATED)
u_instruction_ram.g_sram[1].u_macro/addr1[1]    0.040000    0.173445   -0.133445 (VIOLATED)
u_npu.u_npu_sram.g_sram[7].u_macro/addr1[6]    0.040000    0.173241   -0.133241 (VIOLATED)
hold31390/A                             0.750000    0.883093   -0.133093 (VIOLATED)
_191065_/Q                              0.750000    0.883082   -0.133082 (VIOLATED)
u_npu.u_npu_sram.g_sram[11].u_macro/addr0[5]    0.040000    0.173032   -0.133032 (VIOLATED)
u_npu.u_npu_sram.g_sram[2].u_macro/addr1[5]    0.040000    0.172972   -0.132972 (VIOLATED)
u_instruction_ram.g_sram[3].u_macro/addr0[1]    0.040000    0.172969   -0.132969 (VIOLATED)
u_npu.u_npu_sram.g_sram[12].u_macro/addr0[4]    0.040000    0.172944   -0.132944 (VIOLATED)
_097883_/B1                             0.750000    0.882870   -0.132870 (VIOLATED)
ANTENNA_1279/DIODE                      0.750000    0.882865   -0.132865 (VIOLATED)
ANTENNA_1278/DIODE                      0.750000    0.882860   -0.132860 (VIOLATED)
ANTENNA_1280/DIODE                      0.750000    0.882856   -0.132857 (VIOLATED)
u_instruction_ram.g_sram[0].u_macro/addr1[4]    0.040000    0.172815   -0.132815 (VIOLATED)
u_instruction_ram.g_sram[3].u_macro/wmask0[2]    0.040000    0.172773   -0.132773 (VIOLATED)
u_npu.u_npu_sram.g_sram[8].u_macro/wmask0[3]    0.040000    0.172753   -0.132753 (VIOLATED)
u_npu.u_npu_sram.g_sram[12].u_macro/addr0[2]    0.040000    0.172644   -0.132644 (VIOLATED)
u_npu.u_npu_sram.g_sram[2].u_macro/addr1[3]    0.040000    0.172580   -0.132580 (VIOLATED)
u_npu.u_npu_sram.g_sram[11].u_macro/addr0[3]    0.040000    0.172457   -0.132457 (VIOLATED)
u_npu.u_npu_sram.g_sram[7].u_macro/addr1[5]    0.040000    0.172393   -0.132393 (VIOLATED)
u_npu.u_npu_sram.g_sram[0].u_macro/din0[15]    0.750000    0.882278   -0.132278 (VIOLATED)
u_npu.u_npu_sram.g_sram[8].u_macro/addr0[1]    0.040000    0.172272   -0.132272 (VIOLATED)
u_npu.u_npu_sram.g_sram[13].u_macro/addr0[4]    0.040000    0.172259   -0.132259 (VIOLATED)
u_instruction_ram.g_sram[3].u_macro/wmask0[0]    0.040000    0.172239   -0.132239 (VIOLATED)
u_npu.u_npu_sram.g_sram[13].u_macro/addr0[7]    0.040000    0.172239   -0.132239 (VIOLATED)
u_npu.u_npu_sram.g_sram[0].u_macro/addr1[1]    0.040000    0.172238   -0.132238 (VIOLATED)
u_npu.u_npu_sram.g_sram[11].u_macro/addr1[6]    0.040000    0.172183   -0.132183 (VIOLATED)
u_npu.u_npu_sram.g_sram[13].u_macro/addr0[6]    0.040000    0.172162   -0.132162 (VIOLATED)
u_instruction_ram.g_sram[3].u_macro/addr0[0]    0.040000    0.172023   -0.132023 (VIOLATED)
u_npu.u_npu_sram.g_sram[8].u_macro/addr1[6]    0.040000    0.171938   -0.131938 (VIOLATED)
u_npu.u_npu_sram.g_sram[12].u_macro/addr1[1]    0.040000    0.171917   -0.131917 (VIOLATED)
u_instruction_ram.g_sram[2].u_macro/addr0[3]    0.040000    0.171891   -0.131891 (VIOLATED)
u_npu.u_npu_sram.g_sram[11].u_macro/addr0[7]    0.040000    0.171865   -0.131865 (VIOLATED)
u_npu.u_npu_sram.g_sram[7].u_macro/addr1[4]    0.040000    0.171810   -0.131810 (VIOLATED)
u_instruction_ram.g_sram[0].u_macro/addr1[0]    0.040000    0.171748   -0.131748 (VIOLATED)
u_npu.u_npu_sram.g_sram[8].u_macro/wmask0[0]    0.040000    0.171724   -0.131724 (VIOLATED)
u_npu.u_npu_sram.g_sram[13].u_macro/addr0[5]    0.040000    0.171661   -0.131661 (VIOLATED)
ANTENNA_8519/DIODE                      0.750000    0.881658   -0.131659 (VIOLATED)
u_npu.u_npu_sram.g_sram[8].u_macro/wmask0[1]    0.040000    0.171649   -0.131649 (VIOLATED)
u_instruction_ram.g_sram[2].u_macro/addr0[5]    0.040000    0.171645   -0.131645 (VIOLATED)
u_npu.u_npu_sram.g_sram[11].u_macro/addr0[2]    0.040000    0.171622   -0.131622 (VIOLATED)
ANTENNA_8518/DIODE                      0.750000    0.881579   -0.131579 (VIOLATED)
u_npu.u_npu_sram.g_sram[4].u_macro/addr1[6]    0.040000    0.171564   -0.131564 (VIOLATED)
u_npu.u_npu_sram.g_sram[12].u_macro/addr0[6]    0.040000    0.171513   -0.131513 (VIOLATED)
ANTENNA_8515/DIODE                      0.750000    0.881501   -0.131501 (VIOLATED)
u_npu.u_npu_sram.g_sram[13].u_macro/addr0[3]    0.040000    0.171487   -0.131487 (VIOLATED)
u_npu.u_npu_sram.g_sram[8].u_macro/wmask0[2]    0.040000    0.171422   -0.131422 (VIOLATED)
ANTENNA_8516/DIODE                      0.750000    0.881417   -0.131417 (VIOLATED)
u_npu.u_npu_sram.g_sram[11].u_macro/addr0[4]    0.040000    0.171411   -0.131411 (VIOLATED)
u_instruction_ram.g_sram[0].u_macro/addr1[6]    0.040000    0.171409   -0.131409 (VIOLATED)
_132705_/B2                             0.750000    0.881337   -0.131337 (VIOLATED)
u_instruction_ram.g_sram[0].u_macro/addr1[2]    0.040000    0.171337   -0.131337 (VIOLATED)
u_npu.u_npu_sram.g_sram[2].u_macro/addr1[1]    0.040000    0.171177   -0.131177 (VIOLATED)
u_npu.u_npu_sram.g_sram[1].u_macro/addr1[1]    0.040000    0.171106   -0.131106 (VIOLATED)
u_npu.u_npu_sram.g_sram[11].u_macro/addr1[3]    0.040000    0.171092   -0.131092 (VIOLATED)
u_npu.u_npu_sram.g_sram[4].u_macro/addr1[5]    0.040000    0.171082   -0.131082 (VIOLATED)
ANTENNA_8517/DIODE                      0.750000    0.881077   -0.131077 (VIOLATED)
u_npu.u_npu_sram.g_sram[12].u_macro/addr0[8]    0.040000    0.171037   -0.131037 (VIOLATED)
u_npu.u_npu_sram.g_sram[12].u_macro/addr0[3]    0.040000    0.171021   -0.131021 (VIOLATED)
u_data_ram.g_sram[3].u_macro/addr0[5]    0.040000    0.170956   -0.130956 (VIOLATED)
u_instruction_ram.g_sram[3].u_macro/addr1[1]    0.040000    0.170946   -0.130947 (VIOLATED)
u_npu.u_npu_sram.g_sram[13].u_macro/addr1[6]    0.040000    0.170937   -0.130937 (VIOLATED)
u_instruction_ram.g_sram[2].u_macro/addr1[1]    0.040000    0.170931   -0.130931 (VIOLATED)
u_instruction_ram.g_sram[2].u_macro/addr0[4]    0.040000    0.170919   -0.130919 (VIOLATED)
u_npu.u_npu_sram.g_sram[7].u_macro/addr1[3]    0.040000    0.170857   -0.130857 (VIOLATED)
u_npu.u_npu_sram.g_sram[1].u_macro/addr1[2]    0.040000    0.170850   -0.130850 (VIOLATED)
_133066_/A1                             0.750000    0.880842   -0.130842 (VIOLATED)
_133067_/A                              0.750000    0.880836   -0.130836 (VIOLATED)
u_npu.u_npu_sram.g_sram[12].u_macro/addr0[7]    0.040000    0.170820   -0.130820 (VIOLATED)
u_npu.u_npu_sram.g_sram[4].u_macro/addr1[1]    0.040000    0.170816   -0.130816 (VIOLATED)
ANTENNA_8520/DIODE                      0.750000    0.880790   -0.130790 (VIOLATED)
ANTENNA_8521/DIODE                      0.750000    0.880788   -0.130788 (VIOLATED)
ANTENNA_8522/DIODE                      0.750000    0.880784   -0.130784 (VIOLATED)
_133477_/A                              0.750000    0.880759   -0.130759 (VIOLATED)
u_instruction_ram.g_sram[0].u_macro/addr1[3]    0.040000    0.170758   -0.130758 (VIOLATED)
_133674_/A                              0.750000    0.880649   -0.130649 (VIOLATED)
u_npu.u_npu_sram.g_sram[7].u_macro/addr1[2]    0.040000    0.170633   -0.130633 (VIOLATED)
u_npu.u_npu_sram.g_sram[8].u_macro/addr1[3]    0.040000    0.170629   -0.130629 (VIOLATED)
u_npu.u_npu_sram.g_sram[3].u_macro/addr1[2]    0.040000    0.170610   -0.130610 (VIOLATED)
_133931_/A                              0.750000    0.880590   -0.130591 (VIOLATED)
_134139_/A                              0.750000    0.880562   -0.130562 (VIOLATED)
u_data_ram.g_sram[3].u_macro/addr0[7]    0.040000    0.170560   -0.130560 (VIOLATED)
_098317_/A1                             0.750000    0.880558   -0.130558 (VIOLATED)
u_data_ram.g_sram[3].u_macro/addr1[2]    0.040000    0.170558   -0.130558 (VIOLATED)
u_data_ram.g_sram[3].u_macro/addr1[3]    0.040000    0.170557   -0.130557 (VIOLATED)
u_npu.u_npu_sram.g_sram[13].u_macro/addr1[2]    0.040000    0.170525   -0.130525 (VIOLATED)
u_npu.u_npu_sram.g_sram[1].u_macro/addr1[6]    0.040000    0.170516   -0.130516 (VIOLATED)
u_npu.u_npu_sram.g_sram[11].u_macro/addr0[8]    0.040000    0.170498   -0.130498 (VIOLATED)
u_instruction_ram.g_sram[2].u_macro/addr1[2]    0.040000    0.170491   -0.130491 (VIOLATED)
_139110_/A                              0.750000    0.880469   -0.130469 (VIOLATED)
_138789_/B1                             0.750000    0.880468   -0.130468 (VIOLATED)
_138477_/A                              0.750000    0.880453   -0.130453 (VIOLATED)
fanout9407/X                            0.750000    0.880448   -0.130448 (VIOLATED)
u_instruction_ram.g_sram[0].u_macro/addr1[5]    0.040000    0.170442   -0.130442 (VIOLATED)
u_data_ram.g_sram[3].u_macro/wmask0[3]    0.040000    0.170425   -0.130425 (VIOLATED)
u_npu.u_npu_sram.g_sram[12].u_macro/addr1[0]    0.040000    0.170390   -0.130390 (VIOLATED)
u_data_ram.g_sram[3].u_macro/addr0[3]    0.040000    0.170388   -0.130388 (VIOLATED)
u_instruction_ram.g_sram[2].u_macro/addr0[2]    0.040000    0.170365   -0.130365 (VIOLATED)
u_npu.u_npu_sram.g_sram[8].u_macro/addr1[2]    0.040000    0.170307   -0.130307 (VIOLATED)
u_npu.u_npu_sram.g_sram[12].u_macro/addr0[5]    0.040000    0.170296   -0.130296 (VIOLATED)
u_npu.u_npu_sram.g_sram[7].u_macro/addr1[0]    0.040000    0.170182   -0.130182 (VIOLATED)
u_npu.u_npu_sram.g_sram[3].u_macro/addr1[6]    0.040000    0.170174   -0.130174 (VIOLATED)
u_data_ram.g_sram[3].u_macro/addr0[4]    0.040000    0.170119   -0.130119 (VIOLATED)
u_instruction_ram.g_sram[2].u_macro/addr1[3]    0.040000    0.170042   -0.130042 (VIOLATED)
u_instruction_ram.g_sram[2].u_macro/addr0[8]    0.040000    0.169940   -0.129940 (VIOLATED)
u_npu.u_npu_sram.g_sram[0].u_macro/addr1[2]    0.040000    0.169939   -0.129939 (VIOLATED)
u_npu.u_npu_sram.g_sram[4].u_macro/addr1[2]    0.040000    0.169916   -0.129916 (VIOLATED)
u_npu.u_npu_sram.g_sram[12].u_macro/addr1[6]    0.040000    0.169906   -0.129906 (VIOLATED)
u_instruction_ram.g_sram[2].u_macro/addr0[6]    0.040000    0.169890   -0.129890 (VIOLATED)
u_npu.u_npu_sram.g_sram[4].u_macro/addr1[4]    0.040000    0.169843   -0.129843 (VIOLATED)
_098156_/X                              0.750000    0.879779   -0.129779 (VIOLATED)
u_instruction_ram.g_sram[2].u_macro/addr0[7]    0.040000    0.169773   -0.129773 (VIOLATED)
u_npu.u_npu_sram.g_sram[4].u_macro/addr1[3]    0.040000    0.169708   -0.129708 (VIOLATED)
u_data_ram.g_sram[3].u_macro/addr0[1]    0.040000    0.169656   -0.129656 (VIOLATED)
u_data_ram.g_sram[3].u_macro/addr0[6]    0.040000    0.169642   -0.129642 (VIOLATED)
u_data_ram.g_sram[3].u_macro/addr1[4]    0.040000    0.169591   -0.129591 (VIOLATED)
u_npu.u_npu_sram.g_sram[11].u_macro/addr1[5]    0.040000    0.169541   -0.129541 (VIOLATED)
u_npu.u_npu_sram.g_sram[12].u_macro/addr1[2]    0.040000    0.169539   -0.129539 (VIOLATED)
u_data_ram.g_sram[3].u_macro/addr0[8]    0.040000    0.169501   -0.129501 (VIOLATED)
u_npu.u_npu_sram.g_sram[12].u_macro/addr1[4]    0.040000    0.169496   -0.129496 (VIOLATED)
u_npu.u_npu_sram.g_sram[11].u_macro/addr1[4]    0.040000    0.169419   -0.129419 (VIOLATED)
u_npu.u_npu_sram.g_sram[7].u_macro/din0[28]    0.750000    0.879398   -0.129398 (VIOLATED)
u_npu.u_npu_sram.g_sram[0].u_macro/addr1[6]    0.040000    0.169350   -0.129350 (VIOLATED)
u_npu.u_npu_sram.g_sram[1].u_macro/addr1[5]    0.040000    0.169334   -0.129334 (VIOLATED)
u_data_ram.g_sram[3].u_macro/addr0[2]    0.040000    0.169305   -0.129305 (VIOLATED)
u_npu.u_npu_sram.g_sram[3].u_macro/addr1[5]    0.040000    0.169190   -0.129190 (VIOLATED)
u_npu.u_npu_sram.g_sram[11].u_macro/addr1[2]    0.040000    0.169161   -0.129161 (VIOLATED)
u_npu.u_npu_sram.g_sram[12].u_macro/addr0[0]    0.040000    0.169134   -0.129134 (VIOLATED)
u_npu.u_npu_sram.g_sram[8].u_macro/addr1[4]    0.040000    0.169075   -0.129074 (VIOLATED)
u_npu.u_npu_sram.g_sram[12].u_macro/wmask0[3]    0.040000    0.169029   -0.129029 (VIOLATED)
u_npu.u_npu_sram.g_sram[3].u_macro/addr1[4]    0.040000    0.168742   -0.128742 (VIOLATED)
u_npu.u_npu_sram.g_sram[11].u_macro/addr1[1]    0.040000    0.168717   -0.128717 (VIOLATED)
u_npu.u_npu_sram.g_sram[12].u_macro/addr1[3]    0.040000    0.168657   -0.128657 (VIOLATED)
u_npu.u_npu_sram.g_sram[1].u_macro/addr1[4]    0.040000    0.168580   -0.128580 (VIOLATED)
u_npu.u_npu_sram.g_sram[14].u_macro/addr1[8]    0.040000    0.168571   -0.128571 (VIOLATED)
u_data_ram.g_sram[3].u_macro/wmask0[1]    0.040000    0.168352   -0.128352 (VIOLATED)
u_instruction_ram.g_sram[2].u_macro/addr1[4]    0.040000    0.168346   -0.128346 (VIOLATED)
u_npu.u_npu_sram.g_sram[3].u_macro/addr1[3]    0.040000    0.168254   -0.128254 (VIOLATED)
u_npu.u_npu_sram.g_sram[0].u_macro/addr1[5]    0.040000    0.168254   -0.128254 (VIOLATED)
u_data_ram.g_sram[3].u_macro/wmask0[2]    0.040000    0.168248   -0.128248 (VIOLATED)
u_data_ram.g_sram[3].u_macro/wmask0[0]    0.040000    0.168167   -0.128167 (VIOLATED)
u_npu.u_npu_sram.g_sram[0].u_macro/addr1[4]    0.040000    0.167995   -0.127995 (VIOLATED)
u_npu.u_npu_sram.g_sram[3].u_macro/addr1[1]    0.040000    0.167964   -0.127964 (VIOLATED)
hold31652/A                             0.750000    0.877874   -0.127874 (VIOLATED)
u_npu.u_npu_sram.g_sram[1].u_macro/addr1[3]    0.040000    0.167872   -0.127872 (VIOLATED)
_191062_/Q                              0.750000    0.877862   -0.127862 (VIOLATED)
u_npu.u_npu_sram.g_sram[3].u_macro/addr1[0]    0.040000    0.167743   -0.127743 (VIOLATED)
u_npu.u_npu_sram.g_sram[12].u_macro/addr1[5]    0.040000    0.167584   -0.127584 (VIOLATED)
u_npu.u_npu_sram.g_sram[5].u_macro/din0[20]    0.750000    0.877485   -0.127485 (VIOLATED)
u_npu.u_npu_sram.g_sram[0].u_macro/din0[21]    0.750000    0.877289   -0.127289 (VIOLATED)
_097700_/X                              0.750000    0.877285   -0.127285 (VIOLATED)
u_npu.u_npu_sram.g_sram[0].u_macro/addr1[3]    0.040000    0.167166   -0.127166 (VIOLATED)
fanout6706/A                            0.750000    0.877060   -0.127060 (VIOLATED)
fanout10779/A                           0.750000    0.876226   -0.126226 (VIOLATED)
fanout10776/A                           0.750000    0.876221   -0.126221 (VIOLATED)
fanout10774/A                           0.750000    0.876208   -0.126208 (VIOLATED)
fanout10771/A                           0.750000    0.876192   -0.126192 (VIOLATED)
fanout10787/A                           0.750000    0.876187   -0.126187 (VIOLATED)
fanout6709/A                            0.750000    0.876157   -0.126157 (VIOLATED)
fanout10769/A                           0.750000    0.876121   -0.126121 (VIOLATED)
fanout10766/A                           0.750000    0.876108   -0.126108 (VIOLATED)
_098076_/B1                             0.750000    0.876107   -0.126107 (VIOLATED)
fanout10753/A                           0.750000    0.876099   -0.126099 (VIOLATED)
fanout10756/A                           0.750000    0.876098   -0.126098 (VIOLATED)
ANTENNA_1418/DIODE                      0.750000    0.876092   -0.126092 (VIOLATED)
ANTENNA_1420/DIODE                      0.750000    0.876088   -0.126088 (VIOLATED)
ANTENNA_1417/DIODE                      0.750000    0.876065   -0.126065 (VIOLATED)
ANTENNA_1419/DIODE                      0.750000    0.876064   -0.126064 (VIOLATED)
fanout10764/A                           0.750000    0.876046   -0.126046 (VIOLATED)
fanout10761/A                           0.750000    0.876045   -0.126045 (VIOLATED)
ANTENNA_1421/DIODE                      0.750000    0.876044   -0.126044 (VIOLATED)
fanout10758/A                           0.750000    0.876010   -0.126010 (VIOLATED)
u_npu.u_npu_sram.g_sram[0].u_macro/din0[12]    0.750000    0.876009   -0.126009 (VIOLATED)
fanout10790/X                           0.750000    0.876002   -0.126002 (VIOLATED)
wire6712/A                              0.750000    0.875927   -0.125927 (VIOLATED)
_144191_/S                              0.750000    0.875452   -0.125452 (VIOLATED)
_144193_/S                              0.750000    0.875451   -0.125451 (VIOLATED)
_144207_/S                              0.750000    0.875446   -0.125446 (VIOLATED)
_144189_/S                              0.750000    0.875441   -0.125441 (VIOLATED)
_144199_/S                              0.750000    0.875427   -0.125427 (VIOLATED)
_144197_/S                              0.750000    0.875416   -0.125416 (VIOLATED)
_144195_/S                              0.750000    0.875413   -0.125413 (VIOLATED)
u_npu.u_npu_sram.g_sram[7].u_macro/addr1[1]    0.040000    0.165393   -0.125393 (VIOLATED)
_144205_/S                              0.750000    0.875363   -0.125363 (VIOLATED)
_144203_/S                              0.750000    0.875341   -0.125341 (VIOLATED)
_144209_/S                              0.750000    0.875315   -0.125315 (VIOLATED)
_144201_/S                              0.750000    0.875314   -0.125314 (VIOLATED)
_144211_/S                              0.750000    0.875288   -0.125288 (VIOLATED)
_144215_/S                              0.750000    0.875267   -0.125267 (VIOLATED)
_144213_/S                              0.750000    0.875258   -0.125258 (VIOLATED)
_144184_/X                              0.750000    0.875229   -0.125229 (VIOLATED)
u_instruction_ram.g_sram[0].u_macro/din0[21]    0.750000    0.875018   -0.125018 (VIOLATED)
u_npu.u_npu_sram.g_sram[0].u_macro/din0[9]    0.750000    0.874460   -0.124460 (VIOLATED)
_097882_/X                              0.750000    0.874248   -0.124248 (VIOLATED)
_097946_/X                              0.750000    0.873367   -0.123367 (VIOLATED)
_132082_/A                              0.750000    0.872588   -0.122588 (VIOLATED)
ANTENNA_2044/DIODE                      0.750000    0.872572   -0.122572 (VIOLATED)
u_npu.u_npu_sram.g_sram[3].u_macro/din0[13]    0.750000    0.872550   -0.122550 (VIOLATED)
_192384_/Q                              0.750000    0.872532   -0.122532 (VIOLATED)
u_npu.u_npu_sram.g_sram[1].u_macro/din0[7]    0.750000    0.872163   -0.122163 (VIOLATED)
u_data_ram.g_sram[3].u_macro/din0[13]    0.750000    0.871893   -0.121893 (VIOLATED)
ANTENNA_4004/DIODE                      0.750000    0.871763   -0.121763 (VIOLATED)
ANTENNA_4006/DIODE                      0.750000    0.871763   -0.121763 (VIOLATED)
ANTENNA_4008/DIODE                      0.750000    0.871763   -0.121763 (VIOLATED)
_179373_/B                              0.750000    0.871761   -0.121761 (VIOLATED)
ANTENNA_4005/DIODE                      0.750000    0.871758   -0.121758 (VIOLATED)
ANTENNA_4009/DIODE                      0.750000    0.871758   -0.121758 (VIOLATED)
ANTENNA_4011/DIODE                      0.750000    0.871758   -0.121758 (VIOLATED)
ANTENNA_4013/DIODE                      0.750000    0.871758   -0.121758 (VIOLATED)
ANTENNA_4012/DIODE                      0.750000    0.871758   -0.121758 (VIOLATED)
_179394_/A1                             0.750000    0.871758   -0.121758 (VIOLATED)
ANTENNA_4007/DIODE                      0.750000    0.871756   -0.121756 (VIOLATED)
ANTENNA_4010/DIODE                      0.750000    0.871756   -0.121756 (VIOLATED)
hold30729/A                             0.750000    0.871554   -0.121554 (VIOLATED)
_180044_/Q                              0.750000    0.871545   -0.121545 (VIOLATED)
u_data_ram.g_sram[1].u_macro/addr1[4]    0.040000    0.159280   -0.119280 (VIOLATED)
fanout7542/A                            0.750000    0.868441   -0.118441 (VIOLATED)
ANTENNA_10931/DIODE                     0.750000    0.868439   -0.118439 (VIOLATED)
_132080_/X                              0.750000    0.868353   -0.118353 (VIOLATED)
ANTENNA_716/DIODE                       0.750000    0.868021   -0.118021 (VIOLATED)
ANTENNA_714/DIODE                       0.750000    0.868019   -0.118019 (VIOLATED)
ANTENNA_712/DIODE                       0.750000    0.868017   -0.118017 (VIOLATED)
ANTENNA_710/DIODE                       0.750000    0.868014   -0.118014 (VIOLATED)
ANTENNA_708/DIODE                       0.750000    0.868011   -0.118011 (VIOLATED)
_096040_/A1                             0.750000    0.868005   -0.118005 (VIOLATED)
ANTENNA_707/DIODE                       0.750000    0.867900   -0.117900 (VIOLATED)
ANTENNA_709/DIODE                       0.750000    0.867823   -0.117823 (VIOLATED)
ANTENNA_711/DIODE                       0.750000    0.867791   -0.117792 (VIOLATED)
ANTENNA_713/DIODE                       0.750000    0.867623   -0.117623 (VIOLATED)
ANTENNA_715/DIODE                       0.750000    0.867515   -0.117515 (VIOLATED)
ANTENNA_717/DIODE                       0.750000    0.867504   -0.117504 (VIOLATED)
ANTENNA_12297/DIODE                     0.750000    0.867449   -0.117449 (VIOLATED)
ANTENNA_12296/DIODE                     0.750000    0.867444   -0.117444 (VIOLATED)
ANTENNA_12295/DIODE                     0.750000    0.867439   -0.117439 (VIOLATED)
ANTENNA_12294/DIODE                     0.750000    0.867432   -0.117432 (VIOLATED)
ANTENNA_12293/DIODE                     0.750000    0.867427   -0.117427 (VIOLATED)
ANTENNA_12292/DIODE                     0.750000    0.867380   -0.117380 (VIOLATED)
ANTENNA_12298/DIODE                     0.750000    0.867319   -0.117319 (VIOLATED)
ANTENNA_12299/DIODE                     0.750000    0.867319   -0.117319 (VIOLATED)
ANTENNA_12300/DIODE                     0.750000    0.867319   -0.117319 (VIOLATED)
ANTENNA_12291/DIODE                     0.750000    0.867317   -0.117317 (VIOLATED)
ANTENNA_12290/DIODE                     0.750000    0.867317   -0.117317 (VIOLATED)
fanout7573/A                            0.750000    0.867316   -0.117316 (VIOLATED)
_191702_/Q                              0.750000    0.867294   -0.117295 (VIOLATED)
ANTENNA_573/DIODE                       0.750000    0.867000   -0.117000 (VIOLATED)
ANTENNA_571/DIODE                       0.750000    0.866993   -0.116993 (VIOLATED)
ANTENNA_575/DIODE                       0.750000    0.866982   -0.116982 (VIOLATED)
ANTENNA_574/DIODE                       0.750000    0.866980   -0.116981 (VIOLATED)
_095941_/A0                             0.750000    0.866936   -0.116936 (VIOLATED)
ANTENNA_572/DIODE                       0.750000    0.866816   -0.116816 (VIOLATED)
u_npu.u_npu_sram.g_sram[7].u_macro/din0[22]    0.750000    0.866319   -0.116319 (VIOLATED)
fanout7591/A                            0.750000    0.865461   -0.115461 (VIOLATED)
ANTENNA_4017/DIODE                      0.750000    0.865461   -0.115461 (VIOLATED)
u_npu.u_npu_sram.g_sram[6].u_macro/din0[14]    0.750000    0.865219   -0.115219 (VIOLATED)
_100707_/A2                             0.750000    0.865045   -0.115045 (VIOLATED)
ANTENNA_1785/DIODE                      0.750000    0.865031   -0.115031 (VIOLATED)
fanout7615/A                            0.750000    0.864448   -0.114449 (VIOLATED)
ANTENNA_4018/DIODE                      0.750000    0.864448   -0.114448 (VIOLATED)
ANTENNA_4019/DIODE                      0.750000    0.864448   -0.114448 (VIOLATED)
_191701_/Q                              0.750000    0.864434   -0.114434 (VIOLATED)
u_npu.u_npu_sram.g_sram[3].u_macro/din0[6]    0.750000    0.864030   -0.114030 (VIOLATED)
_098316_/X                              0.750000    0.863909   -0.113909 (VIOLATED)
u_data_ram.g_sram[3].u_macro/addr0[0]    0.040000    0.152162   -0.112162 (VIOLATED)
u_npu.u_npu_sram.g_sram[7].u_macro/din0[20]    0.750000    0.861585   -0.111585 (VIOLATED)
u_npu.u_npu_sram.g_sram[7].u_macro/din0[18]    0.750000    0.861547   -0.111547 (VIOLATED)
_180019_/A0                             0.750000    0.860928   -0.110928 (VIOLATED)
ANTENNA_6982/DIODE                      0.750000    0.860906   -0.110906 (VIOLATED)
_147123_/A0                             0.750000    0.860514   -0.110514 (VIOLATED)
ANTENNA_6980/DIODE                      0.750000    0.860493   -0.110493 (VIOLATED)
_147355_/A0                             0.750000    0.860088   -0.110088 (VIOLATED)
ANTENNA_6981/DIODE                      0.750000    0.860067   -0.110067 (VIOLATED)
u_data_ram.g_sram[2].u_macro/din0[10]    0.750000    0.856390   -0.106390 (VIOLATED)
u_data_ram.g_sram[1].u_macro/addr1[3]    0.040000    0.146075   -0.106075 (VIOLATED)
u_npu.u_npu_sram.g_sram[4].u_macro/din0[18]    0.750000    0.854566   -0.104566 (VIOLATED)
wire227/X                               0.750000    0.854110   -0.104110 (VIOLATED)
u_npu.u_npu_sram.g_sram[3].u_macro/din0[30]    0.750000    0.853180   -0.103180 (VIOLATED)
u_npu.u_npu_sram.g_sram[2].u_macro/din0[20]    0.750000    0.852329   -0.102329 (VIOLATED)
load_slew904/A                          0.750000    0.850960   -0.100960 (VIOLATED)
ANTENNA_4275/DIODE                      0.750000    0.850946   -0.100946 (VIOLATED)
u_npu.u_npu_sram.g_sram[0].u_macro/din0[16]    0.750000    0.850417   -0.100417 (VIOLATED)
_100706_/X                              0.750000    0.849904   -0.099904 (VIOLATED)
_174080_/A                              0.750000    0.848881   -0.098881 (VIOLATED)
_174225_/B                              0.750000    0.848844   -0.098844 (VIOLATED)
_174095_/A2                             0.750000    0.848745   -0.098745 (VIOLATED)
u_npu.u_npu_sram.g_sram[0].u_macro/din0[20]    0.750000    0.848074   -0.098074 (VIOLATED)
ANTENNA_5815/DIODE                      0.750000    0.847460   -0.097460 (VIOLATED)
_103922_/A                              0.750000    0.847434   -0.097434 (VIOLATED)
wire228/X                               0.750000    0.847287   -0.097287 (VIOLATED)
_096003_/X                              0.750000    0.847165   -0.097165 (VIOLATED)
_145410_/A                              0.750000    0.846112   -0.096112 (VIOLATED)
_145293_/A                              0.750000    0.846106   -0.096106 (VIOLATED)
_092036_/Y                              0.750000    0.845785   -0.095785 (VIOLATED)
_092037_/B                              0.750000    0.845785   -0.095785 (VIOLATED)
u_npu.u_npu_sram.g_sram[5].u_macro/din0[30]    0.750000    0.845578   -0.095578 (VIOLATED)
u_npu.u_npu_sram.g_sram[1].u_macro/din0[6]    0.750000    0.845300   -0.095300 (VIOLATED)
u_npu.u_npu_sram.g_sram[0].u_macro/din0[25]    0.750000    0.845260   -0.095260 (VIOLATED)
_092197_/A                              0.750000    0.845249   -0.095249 (VIOLATED)
_173951_/B1                             0.750000    0.845244   -0.095244 (VIOLATED)
_173912_/B1                             0.750000    0.845233   -0.095233 (VIOLATED)
_173926_/B1                             0.750000    0.845231   -0.095231 (VIOLATED)
_173940_/B1                             0.750000    0.845225   -0.095225 (VIOLATED)
_173949_/B1                             0.750000    0.845216   -0.095216 (VIOLATED)
_173852_/B1                             0.750000    0.845214   -0.095215 (VIOLATED)
_173866_/B1                             0.750000    0.845213   -0.095213 (VIOLATED)
_173968_/B1                             0.750000    0.845206   -0.095206 (VIOLATED)
_173959_/B1                             0.750000    0.845201   -0.095201 (VIOLATED)
_173974_/B1                             0.750000    0.845200   -0.095201 (VIOLATED)
u_npu.u_npu_sram.g_sram[2].u_macro/din0[9]    0.750000    0.845140   -0.095140 (VIOLATED)
_174003_/B1                             0.750000    0.844953   -0.094953 (VIOLATED)
_173998_/B1                             0.750000    0.844952   -0.094952 (VIOLATED)
_173983_/B1                             0.750000    0.844951   -0.094951 (VIOLATED)
_173988_/B1                             0.750000    0.844951   -0.094951 (VIOLATED)
_173993_/B1                             0.750000    0.844951   -0.094951 (VIOLATED)
fanout7045/X                            0.750000    0.844951   -0.094951 (VIOLATED)
_136120_/B                              0.750000    0.843794   -0.093794 (VIOLATED)
_135281_/B                              0.750000    0.843794   -0.093794 (VIOLATED)
_136119_/A2                             0.750000    0.843793   -0.093793 (VIOLATED)
_136739_/A1                             0.750000    0.843791   -0.093791 (VIOLATED)
_136432_/A1                             0.750000    0.843789   -0.093789 (VIOLATED)
_136428_/B                              0.750000    0.843789   -0.093789 (VIOLATED)
_131490_/B                              0.750000    0.843784   -0.093784 (VIOLATED)
_131818_/A2                             0.750000    0.843783   -0.093783 (VIOLATED)
_131654_/A                              0.750000    0.843782   -0.093782 (VIOLATED)
_131819_/B                              0.750000    0.843781   -0.093781 (VIOLATED)
_132185_/A2                             0.750000    0.843771   -0.093771 (VIOLATED)
_132186_/A2                             0.750000    0.843771   -0.093771 (VIOLATED)
_132379_/A2                             0.750000    0.843766   -0.093766 (VIOLATED)
_132380_/A2                             0.750000    0.843760   -0.093760 (VIOLATED)
_137655_/A2                             0.750000    0.843753   -0.093753 (VIOLATED)
_137656_/A2                             0.750000    0.843752   -0.093752 (VIOLATED)
fanout9650/X                            0.750000    0.843750   -0.093750 (VIOLATED)
ANTENNA_944/DIODE                       0.750000    0.843070   -0.093070 (VIOLATED)
ANTENNA_943/DIODE                       0.750000    0.843067   -0.093067 (VIOLATED)
ANTENNA_942/DIODE                       0.750000    0.843036   -0.093036 (VIOLATED)
_096168_/A1                             0.750000    0.842984   -0.092984 (VIOLATED)
ANTENNA_934/DIODE                       0.750000    0.842904   -0.092904 (VIOLATED)
ANTENNA_935/DIODE                       0.750000    0.842851   -0.092851 (VIOLATED)
ANTENNA_936/DIODE                       0.750000    0.842845   -0.092845 (VIOLATED)
ANTENNA_937/DIODE                       0.750000    0.842838   -0.092838 (VIOLATED)
ANTENNA_938/DIODE                       0.750000    0.842831   -0.092831 (VIOLATED)
ANTENNA_939/DIODE                       0.750000    0.842823   -0.092823 (VIOLATED)
ANTENNA_940/DIODE                       0.750000    0.842814   -0.092814 (VIOLATED)
ANTENNA_941/DIODE                       0.750000    0.842804   -0.092804 (VIOLATED)
wire4059/A                              0.750000    0.841672   -0.091673 (VIOLATED)
u_npu.u_npu_sram.g_sram[1].u_macro/din0[23]    0.750000    0.841541   -0.091541 (VIOLATED)
_131318_/A2                             0.750000    0.841285   -0.091285 (VIOLATED)
_101184_/A1                             0.750000    0.841261   -0.091261 (VIOLATED)
_123447_/B1                             0.750000    0.841257   -0.091257 (VIOLATED)
hold25439/X                             0.750000    0.841257   -0.091257 (VIOLATED)
ANTENNA_2221/DIODE                      0.750000    0.840767   -0.090767 (VIOLATED)
_140025_/A                              0.750000    0.840766   -0.090766 (VIOLATED)
ANTENNA_2226/DIODE                      0.750000    0.840765   -0.090766 (VIOLATED)
ANTENNA_2224/DIODE                      0.750000    0.840765   -0.090765 (VIOLATED)
ANTENNA_2222/DIODE                      0.750000    0.840765   -0.090765 (VIOLATED)
ANTENNA_2223/DIODE                      0.750000    0.840757   -0.090757 (VIOLATED)
ANTENNA_2225/DIODE                      0.750000    0.840750   -0.090750 (VIOLATED)
u_instruction_ram.g_sram[0].u_macro/din0[31]    0.750000    0.840733   -0.090733 (VIOLATED)
u_npu.u_npu_sram.g_sram[0].u_macro/din0[6]    0.750000    0.840678   -0.090678 (VIOLATED)
_098011_/B1                             0.750000    0.840228   -0.090228 (VIOLATED)
ANTENNA_1366/DIODE                      0.750000    0.840206   -0.090206 (VIOLATED)
ANTENNA_2220/DIODE                      0.750000    0.839705   -0.089705 (VIOLATED)
ANTENNA_2219/DIODE                      0.750000    0.839702   -0.089702 (VIOLATED)
ANTENNA_2217/DIODE                      0.750000    0.839700   -0.089700 (VIOLATED)
ANTENNA_2215/DIODE                      0.750000    0.839697   -0.089697 (VIOLATED)
_139487_/A                              0.750000    0.839694   -0.089694 (VIOLATED)
ANTENNA_2216/DIODE                      0.750000    0.839689   -0.089689 (VIOLATED)
ANTENNA_2218/DIODE                      0.750000    0.839687   -0.089687 (VIOLATED)
_139486_/X                              0.750000    0.839662   -0.089662 (VIOLATED)
ANTENNA_728/DIODE                       0.750000    0.838331   -0.088332 (VIOLATED)
ANTENNA_724/DIODE                       0.750000    0.838327   -0.088327 (VIOLATED)
ANTENNA_722/DIODE                       0.750000    0.838326   -0.088326 (VIOLATED)
ANTENNA_720/DIODE                       0.750000    0.838323   -0.088323 (VIOLATED)
ANTENNA_718/DIODE                       0.750000    0.838322   -0.088322 (VIOLATED)
_096048_/A0                             0.750000    0.838319   -0.088319 (VIOLATED)
ANTENNA_719/DIODE                       0.750000    0.838304   -0.088304 (VIOLATED)
ANTENNA_721/DIODE                       0.750000    0.838299   -0.088299 (VIOLATED)
ANTENNA_723/DIODE                       0.750000    0.838294   -0.088294 (VIOLATED)
ANTENNA_725/DIODE                       0.750000    0.838283   -0.088283 (VIOLATED)
ANTENNA_726/DIODE                       0.750000    0.838277   -0.088277 (VIOLATED)
ANTENNA_727/DIODE                       0.750000    0.838274   -0.088274 (VIOLATED)
u_instruction_ram.g_sram[0].u_macro/din0[16]    0.750000    0.836282   -0.086282 (VIOLATED)
_090209_/B2                             0.750000    0.835689   -0.085689 (VIOLATED)
ANTENNA_2999/DIODE                      0.750000    0.835687   -0.085687 (VIOLATED)
ANTENNA_2997/DIODE                      0.750000    0.835686   -0.085686 (VIOLATED)
ANTENNA_2995/DIODE                      0.750000    0.835684   -0.085684 (VIOLATED)
ANTENNA_2994/DIODE                      0.750000    0.835671   -0.085671 (VIOLATED)
ANTENNA_2996/DIODE                      0.750000    0.835664   -0.085664 (VIOLATED)
ANTENNA_2998/DIODE                      0.750000    0.835655   -0.085655 (VIOLATED)
ANTENNA_3000/DIODE                      0.750000    0.835646   -0.085646 (VIOLATED)
_131714_/B                              0.750000    0.835269   -0.085269 (VIOLATED)
ANTENNA_2016/DIODE                      0.750000    0.835256   -0.085256 (VIOLATED)
u_npu.u_npu_sram.g_sram[3].u_macro/din0[3]    0.750000    0.834997   -0.084997 (VIOLATED)
fanout9162/A                            0.750000    0.834924   -0.084924 (VIOLATED)
_142795_/S                              0.750000    0.834839   -0.084839 (VIOLATED)
_142677_/S                              0.750000    0.834821   -0.084821 (VIOLATED)
_142701_/S                              0.750000    0.834799   -0.084799 (VIOLATED)
_142717_/S                              0.750000    0.834783   -0.084783 (VIOLATED)
_142753_/S                              0.750000    0.834756   -0.084756 (VIOLATED)
_142790_/S                              0.750000    0.834751   -0.084751 (VIOLATED)
_142766_/S                              0.750000    0.834738   -0.084738 (VIOLATED)
_142738_/S                              0.750000    0.834728   -0.084728 (VIOLATED)
_142730_/S                              0.750000    0.834724   -0.084724 (VIOLATED)
_142782_/S                              0.750000    0.834720   -0.084720 (VIOLATED)
fanout9163/X                            0.750000    0.834719   -0.084719 (VIOLATED)
ANTENNA_1487/DIODE                      0.750000    0.834666   -0.084666 (VIOLATED)
_098182_/B1                             0.750000    0.834666   -0.084666 (VIOLATED)
ANTENNA_1490/DIODE                      0.750000    0.834664   -0.084664 (VIOLATED)
ANTENNA_1488/DIODE                      0.750000    0.834664   -0.084664 (VIOLATED)
ANTENNA_1489/DIODE                      0.750000    0.834663   -0.084663 (VIOLATED)
_167120_/A                              0.750000    0.834572   -0.084572 (VIOLATED)
ANTENNA_9921/DIODE                      0.750000    0.834527   -0.084527 (VIOLATED)
_162399_/A0                             0.750000    0.834365   -0.084365 (VIOLATED)
ANTENNA_2930/DIODE                      0.750000    0.834365   -0.084365 (VIOLATED)
_097842_/A1                             0.750000    0.834340   -0.084340 (VIOLATED)
ANTENNA_1241/DIODE                      0.750000    0.834332   -0.084332 (VIOLATED)
_162630_/A0                             0.750000    0.834317   -0.084317 (VIOLATED)
ANTENNA_2931/DIODE                      0.750000    0.834317   -0.084317 (VIOLATED)
_162398_/X                              0.750000    0.834303   -0.084303 (VIOLATED)
ANTENNA_1240/DIODE                      0.750000    0.834299   -0.084299 (VIOLATED)
ANTENNA_1242/DIODE                      0.750000    0.834270   -0.084270 (VIOLATED)
ANTENNA_1243/DIODE                      0.750000    0.834251   -0.084251 (VIOLATED)
ANTENNA_2077/DIODE                      0.750000    0.833845   -0.083845 (VIOLATED)
_132280_/A_N                            0.750000    0.833845   -0.083845 (VIOLATED)
ANTENNA_2075/DIODE                      0.750000    0.833844   -0.083844 (VIOLATED)
_166827_/B                              0.750000    0.833835   -0.083835 (VIOLATED)
ANTENNA_2074/DIODE                      0.750000    0.833831   -0.083831 (VIOLATED)
ANTENNA_2076/DIODE                      0.750000    0.833820   -0.083821 (VIOLATED)
ANTENNA_2078/DIODE                      0.750000    0.833819   -0.083819 (VIOLATED)
ANTENNA_2079/DIODE                      0.750000    0.833818   -0.083818 (VIOLATED)
ANTENNA_2080/DIODE                      0.750000    0.833816   -0.083816 (VIOLATED)
ANTENNA_2081/DIODE                      0.750000    0.833814   -0.083814 (VIOLATED)
ANTENNA_2082/DIODE                      0.750000    0.833812   -0.083812 (VIOLATED)
ANTENNA_2083/DIODE                      0.750000    0.833810   -0.083810 (VIOLATED)
ANTENNA_2084/DIODE                      0.750000    0.833808   -0.083808 (VIOLATED)
_169735_/A                              0.750000    0.833487   -0.083487 (VIOLATED)
_170216_/A                              0.750000    0.833466   -0.083466 (VIOLATED)
ANTENNA_9393/DIODE                      0.750000    0.833464   -0.083464 (VIOLATED)
_170422_/A                              0.750000    0.833441   -0.083441 (VIOLATED)
_169961_/A                              0.750000    0.833423   -0.083423 (VIOLATED)
_145677_/A0                             0.750000    0.833253   -0.083253 (VIOLATED)
ANTENNA_2592/DIODE                      0.750000    0.833239   -0.083239 (VIOLATED)
hold31422/A                             0.750000    0.833009   -0.083009 (VIOLATED)
_191063_/Q                              0.750000    0.833005   -0.083005 (VIOLATED)
rebuffer38576/X                         0.750000    0.832965   -0.082965 (VIOLATED)
ANTENNA_12048/DIODE                     0.750000    0.832733   -0.082733 (VIOLATED)
_166615_/B                              0.750000    0.832719   -0.082719 (VIOLATED)
load_slew10165/A                        0.750000    0.832711   -0.082711 (VIOLATED)
ANTENNA_12047/DIODE                     0.750000    0.832303   -0.082303 (VIOLATED)
u_npu.u_npu_sram.g_sram[2].u_macro/din0[27]    0.750000    0.831734   -0.081734 (VIOLATED)
_098181_/X                              0.750000    0.831531   -0.081531 (VIOLATED)
_131713_/Y                              0.750000    0.830800   -0.080800 (VIOLATED)
u_npu.u_npu_sram.g_sram[0].u_macro/din0[13]    0.750000    0.830701   -0.080701 (VIOLATED)
_100632_/A2                             0.750000    0.830690   -0.080690 (VIOLATED)
_099127_/A2                             0.750000    0.829836   -0.079836 (VIOLATED)
ANTENNA_1709/DIODE                      0.750000    0.829832   -0.079832 (VIOLATED)
_099130_/A2                             0.750000    0.829823   -0.079823 (VIOLATED)
ANTENNA_1710/DIODE                      0.750000    0.829822   -0.079822 (VIOLATED)
_131909_/A2                             0.750000    0.829679   -0.079679 (VIOLATED)
_131742_/A2                             0.750000    0.829662   -0.079662 (VIOLATED)
ANTENNA_3082/DIODE                      0.750000    0.829646   -0.079646 (VIOLATED)
u_instruction_ram.g_sram[0].u_macro/din0[15]    0.750000    0.829564   -0.079564 (VIOLATED)
_100631_/X                              0.750000    0.829449   -0.079449 (VIOLATED)
_144814_/A1                             0.750000    0.829236   -0.079236 (VIOLATED)
hold30228/X                             0.750000    0.829236   -0.079236 (VIOLATED)
u_npu.u_npu_sram.g_sram[3].u_macro/din0[19]    0.750000    0.828785   -0.078785 (VIOLATED)
ANTENNA_1721/DIODE                      0.750000    0.828720   -0.078720 (VIOLATED)
ANTENNA_1719/DIODE                      0.750000    0.828720   -0.078720 (VIOLATED)
ANTENNA_1717/DIODE                      0.750000    0.828719   -0.078719 (VIOLATED)
_132273_/X                              0.750000    0.828719   -0.078719 (VIOLATED)
ANTENNA_1715/DIODE                      0.750000    0.828718   -0.078718 (VIOLATED)
ANTENNA_1713/DIODE                      0.750000    0.828716   -0.078716 (VIOLATED)
ANTENNA_1711/DIODE                      0.750000    0.828714   -0.078714 (VIOLATED)
_100006_/B                              0.750000    0.828712   -0.078712 (VIOLATED)
ANTENNA_1712/DIODE                      0.750000    0.828707   -0.078707 (VIOLATED)
ANTENNA_1714/DIODE                      0.750000    0.828703   -0.078703 (VIOLATED)
ANTENNA_1716/DIODE                      0.750000    0.828699   -0.078699 (VIOLATED)
ANTENNA_1718/DIODE                      0.750000    0.828694   -0.078694 (VIOLATED)
ANTENNA_1720/DIODE                      0.750000    0.828679   -0.078679 (VIOLATED)
u_npu.u_npu_sram.g_sram[10].u_macro/din0[26]    0.750000    0.827975   -0.077975 (VIOLATED)
ANTENNA_955/DIODE                       0.750000    0.827700   -0.077700 (VIOLATED)
ANTENNA_954/DIODE                       0.750000    0.827699   -0.077699 (VIOLATED)
ANTENNA_953/DIODE                       0.750000    0.827698   -0.077698 (VIOLATED)
ANTENNA_951/DIODE                       0.750000    0.827696   -0.077696 (VIOLATED)
ANTENNA_949/DIODE                       0.750000    0.827694   -0.077694 (VIOLATED)
ANTENNA_947/DIODE                       0.750000    0.827691   -0.077691 (VIOLATED)
ANTENNA_945/DIODE                       0.750000    0.827687   -0.077687 (VIOLATED)
_096176_/A0                             0.750000    0.827681   -0.077681 (VIOLATED)
ANTENNA_948/DIODE                       0.750000    0.827599   -0.077599 (VIOLATED)
ANTENNA_946/DIODE                       0.750000    0.827599   -0.077599 (VIOLATED)
ANTENNA_950/DIODE                       0.750000    0.827547   -0.077547 (VIOLATED)
ANTENNA_952/DIODE                       0.750000    0.827539   -0.077539 (VIOLATED)
wire4083/A                              0.750000    0.827482   -0.077482 (VIOLATED)
_100045_/A2                             0.750000    0.827455   -0.077455 (VIOLATED)
ANTENNA_824/DIODE                       0.750000    0.827230   -0.077230 (VIOLATED)
ANTENNA_822/DIODE                       0.750000    0.827228   -0.077228 (VIOLATED)
ANTENNA_820/DIODE                       0.750000    0.827227   -0.077227 (VIOLATED)
ANTENNA_815/DIODE                       0.750000    0.827177   -0.077177 (VIOLATED)
ANTENNA_816/DIODE                       0.750000    0.827175   -0.077175 (VIOLATED)
_096096_/A0                             0.750000    0.827173   -0.077173 (VIOLATED)
ANTENNA_817/DIODE                       0.750000    0.827117   -0.077117 (VIOLATED)
ANTENNA_818/DIODE                       0.750000    0.827111   -0.077111 (VIOLATED)
ANTENNA_819/DIODE                       0.750000    0.827103   -0.077103 (VIOLATED)
ANTENNA_821/DIODE                       0.750000    0.827096   -0.077096 (VIOLATED)
ANTENNA_823/DIODE                       0.750000    0.827088   -0.077088 (VIOLATED)
_099631_/A2                             0.750000    0.827087   -0.077087 (VIOLATED)
ANTENNA_825/DIODE                       0.750000    0.827079   -0.077079 (VIOLATED)
_099701_/A2                             0.750000    0.826146   -0.076146 (VIOLATED)
_099653_/A2                             0.750000    0.825994   -0.075995 (VIOLATED)
_098635_/X                              0.750000    0.825978   -0.075979 (VIOLATED)
u_data_ram.g_sram[0].u_macro/addr1[6]    0.040000    0.115004   -0.075004 (VIOLATED)
u_npu.u_npu_sram.g_sram[2].u_macro/din0[28]    0.750000    0.824992   -0.074992 (VIOLATED)
_171015_/A2                             0.750000    0.824670   -0.074670 (VIOLATED)
ANTENNA_9912/DIODE                      0.750000    0.824670   -0.074670 (VIOLATED)
rebuffer18521/X                         0.750000    0.824592   -0.074592 (VIOLATED)
u_npu.u_npu_sram.g_sram[8].u_macro/din0[29]    0.750000    0.824277   -0.074277 (VIOLATED)
wire230/X                               0.750000    0.824028   -0.074028 (VIOLATED)
u_npu.u_npu_sram.g_sram[5].u_macro/din0[16]    0.750000    0.823379   -0.073379 (VIOLATED)
_096088_/A1                             0.750000    0.823246   -0.073246 (VIOLATED)
ANTENNA_814/DIODE                       0.750000    0.823232   -0.073232 (VIOLATED)
ANTENNA_811/DIODE                       0.750000    0.823226   -0.073226 (VIOLATED)
ANTENNA_810/DIODE                       0.750000    0.823212   -0.073212 (VIOLATED)
ANTENNA_812/DIODE                       0.750000    0.823188   -0.073188 (VIOLATED)
u_npu.u_npu_sram.g_sram[4].u_macro/din0[24]    0.750000    0.823176   -0.073176 (VIOLATED)
ANTENNA_813/DIODE                       0.750000    0.823170   -0.073171 (VIOLATED)
u_npu.u_npu_sram.g_sram[4].u_macro/din0[29]    0.750000    0.823066   -0.073066 (VIOLATED)
u_npu.u_npu_sram.g_sram[10].u_macro/din0[24]    0.750000    0.821704   -0.071704 (VIOLATED)
_092076_/A                              0.750000    0.821624   -0.071624 (VIOLATED)
ANTENNA_264/DIODE                       0.750000    0.821620   -0.071620 (VIOLATED)
_131715_/B2                             0.750000    0.821462   -0.071462 (VIOLATED)
u_npu.u_npu_sram.g_sram[1].u_macro/wmask0[3]    0.040000    0.111371   -0.071371 (VIOLATED)
ANTENNA_8537/DIODE                      0.750000    0.821192   -0.071192 (VIOLATED)
u_npu.u_npu_sram.g_sram[2].u_macro/wmask0[3]    0.040000    0.111117   -0.071117 (VIOLATED)
wire3990/X                              0.750000    0.820983   -0.070983 (VIOLATED)
u_npu.u_npu_sram.g_sram[0].u_macro/wmask0[3]    0.040000    0.110312   -0.070312 (VIOLATED)
u_npu.u_npu_sram.g_sram[4].u_macro/din0[11]    0.750000    0.820309   -0.070309 (VIOLATED)
_192379_/Q                              0.750000    0.819996   -0.069996 (VIOLATED)
_145675_/X                              0.750000    0.819992   -0.069992 (VIOLATED)
u_npu.u_npu_sram.g_sram[3].u_macro/wmask0[3]    0.040000    0.109588   -0.069588 (VIOLATED)
_097841_/X                              0.750000    0.818895   -0.068895 (VIOLATED)
u_npu.u_npu_sram.g_sram[5].u_macro/din0[25]    0.750000    0.818635   -0.068635 (VIOLATED)
u_npu.u_npu_sram.g_sram[7].u_macro/din0[25]    0.750000    0.818128   -0.068128 (VIOLATED)
u_npu.u_npu_sram.g_sram[7].u_macro/din0[27]    0.750000    0.818059   -0.068059 (VIOLATED)
u_npu.u_npu_sram.g_sram[3].u_macro/din0[17]    0.750000    0.817961   -0.067961 (VIOLATED)
wire10035/A                             0.750000    0.817760   -0.067760 (VIOLATED)
ANTENNA_12039/DIODE                     0.750000    0.817759   -0.067759 (VIOLATED)
_097704_/A1                             0.750000    0.817542   -0.067542 (VIOLATED)
ANTENNA_1211/DIODE                      0.750000    0.817531   -0.067531 (VIOLATED)
u_npu.u_npu_sram.g_sram[1].u_macro/din0[18]    0.750000    0.817170   -0.067170 (VIOLATED)
wire10036/X                             0.750000    0.816541   -0.066541 (VIOLATED)
_132488_/C1                             0.750000    0.816428   -0.066428 (VIOLATED)
ANTENNA_10733/DIODE                     0.750000    0.815988   -0.065988 (VIOLATED)
ANTENNA_10734/DIODE                     0.750000    0.815988   -0.065988 (VIOLATED)
hold31845/A                             0.750000    0.815988   -0.065988 (VIOLATED)
_190308_/Q                              0.750000    0.815974   -0.065974 (VIOLATED)
u_npu.u_npu_sram.g_sram[3].u_macro/din0[8]    0.750000    0.815880   -0.065880 (VIOLATED)
u_npu.u_npu_sram.g_sram[3].u_macro/din0[11]    0.750000    0.815756   -0.065756 (VIOLATED)
u_npu.u_npu_sram.g_sram[2].u_macro/din0[17]    0.750000    0.815233   -0.065233 (VIOLATED)
ANTENNA_5816/DIODE                      0.750000    0.815124   -0.065124 (VIOLATED)
ANTENNA_888/DIODE                       0.750000    0.814871   -0.064871 (VIOLATED)
_096144_/A0                             0.750000    0.814846   -0.064846 (VIOLATED)
ANTENNA_898/DIODE                       0.750000    0.814812   -0.064812 (VIOLATED)
ANTENNA_897/DIODE                       0.750000    0.814681   -0.064681 (VIOLATED)
ANTENNA_895/DIODE                       0.750000    0.814679   -0.064679 (VIOLATED)
ANTENNA_891/DIODE                       0.750000    0.814676   -0.064676 (VIOLATED)
ANTENNA_889/DIODE                       0.750000    0.814583   -0.064584 (VIOLATED)
ANTENNA_890/DIODE                       0.750000    0.814578   -0.064578 (VIOLATED)
ANTENNA_892/DIODE                       0.750000    0.814569   -0.064569 (VIOLATED)
ANTENNA_893/DIODE                       0.750000    0.814559   -0.064559 (VIOLATED)
ANTENNA_894/DIODE                       0.750000    0.814548   -0.064548 (VIOLATED)
_132487_/Y                              0.750000    0.814546   -0.064546 (VIOLATED)
ANTENNA_896/DIODE                       0.750000    0.814418   -0.064418 (VIOLATED)
_099960_/A1                             0.750000    0.813609   -0.063609 (VIOLATED)
u_npu.u_npu_sram.g_sram[2].u_macro/din0[8]    0.750000    0.813549   -0.063549 (VIOLATED)
_145055_/A0                             0.750000    0.813400   -0.063400 (VIOLATED)
_097703_/X                              0.750000    0.813202   -0.063202 (VIOLATED)
u_npu.u_npu_sram.g_sram[1].u_macro/din0[15]    0.750000    0.812042   -0.062042 (VIOLATED)
_094885_/B                              0.750000    0.811569   -0.061569 (VIOLATED)
ANTENNA_8650/DIODE                      0.750000    0.811547   -0.061547 (VIOLATED)
ANTENNA_8649/DIODE                      0.750000    0.811534   -0.061535 (VIOLATED)
_191992_/D                              0.750000    0.811491   -0.061491 (VIOLATED)
_097858_/A1                             0.750000    0.810899   -0.060899 (VIOLATED)
ANTENNA_1249/DIODE                      0.750000    0.810898   -0.060898 (VIOLATED)
ANTENNA_1247/DIODE                      0.750000    0.810896   -0.060896 (VIOLATED)
ANTENNA_1246/DIODE                      0.750000    0.810853   -0.060853 (VIOLATED)
ANTENNA_1248/DIODE                      0.750000    0.810817   -0.060817 (VIOLATED)
u_npu.u_npu_sram.g_sram[4].u_macro/din0[22]    0.750000    0.810507   -0.060507 (VIOLATED)
u_npu.u_npu_sram.g_sram[0].u_macro/din0[7]    0.750000    0.810088   -0.060088 (VIOLATED)
_132268_/B2                             0.750000    0.809802   -0.059802 (VIOLATED)
ANTENNA_792/DIODE                       0.750000    0.809765   -0.059765 (VIOLATED)
ANTENNA_791/DIODE                       0.750000    0.809763   -0.059763 (VIOLATED)
ANTENNA_789/DIODE                       0.750000    0.809762   -0.059762 (VIOLATED)
ANTENNA_787/DIODE                       0.750000    0.809760   -0.059760 (VIOLATED)
ANTENNA_8536/DIODE                      0.750000    0.809740   -0.059740 (VIOLATED)
ANTENNA_785/DIODE                       0.750000    0.809726   -0.059726 (VIOLATED)
_096080_/A0                             0.750000    0.809696   -0.059696 (VIOLATED)
ANTENNA_786/DIODE                       0.750000    0.809623   -0.059623 (VIOLATED)
ANTENNA_788/DIODE                       0.750000    0.809566   -0.059566 (VIOLATED)
ANTENNA_790/DIODE                       0.750000    0.809559   -0.059559 (VIOLATED)
ANTENNA_793/DIODE                       0.750000    0.809546   -0.059546 (VIOLATED)
u_npu.u_npu_sram.g_sram[2].u_macro/csb1    0.750000    0.809241   -0.059241 (VIOLATED)
load_slew896/A                          0.750000    0.808304   -0.058304 (VIOLATED)
u_data_ram.g_sram[1].u_macro/din0[8]    0.750000    0.806843   -0.056843 (VIOLATED)
_147173_/A2                             0.750000    0.806622   -0.056622 (VIOLATED)
ANTENNA_2832/DIODE                      0.750000    0.806612   -0.056612 (VIOLATED)
_096096_/S                              0.750000    0.806105   -0.056105 (VIOLATED)
_096176_/S                              0.750000    0.806105   -0.056105 (VIOLATED)
_096128_/S                              0.750000    0.806105   -0.056105 (VIOLATED)
_096144_/S                              0.750000    0.806104   -0.056105 (VIOLATED)
_096160_/S                              0.750000    0.806102   -0.056102 (VIOLATED)
_096080_/S                              0.750000    0.806100   -0.056100 (VIOLATED)
_096064_/S                              0.750000    0.806097   -0.056097 (VIOLATED)
_096112_/S                              0.750000    0.806096   -0.056096 (VIOLATED)
_096048_/S                              0.750000    0.806093   -0.056093 (VIOLATED)
_095925_/S                              0.750000    0.806091   -0.056091 (VIOLATED)
_095941_/S                              0.750000    0.806091   -0.056091 (VIOLATED)
_095957_/S                              0.750000    0.806091   -0.056091 (VIOLATED)
_095974_/S                              0.750000    0.806091   -0.056091 (VIOLATED)
_095990_/S                              0.750000    0.806091   -0.056091 (VIOLATED)
_096015_/S                              0.750000    0.806091   -0.056091 (VIOLATED)
_096032_/S                              0.750000    0.806091   -0.056091 (VIOLATED)
fanout6659/X                            0.750000    0.806091   -0.056091 (VIOLATED)
u_data_ram.g_sram[2].u_macro/addr1[0]    0.040000    0.095882   -0.055882 (VIOLATED)
u_npu.u_npu_sram.g_sram[6].u_macro/din0[8]    0.750000    0.805174   -0.055174 (VIOLATED)
_132301_/A2                             0.750000    0.805121   -0.055121 (VIOLATED)
_101242_/A1                             0.750000    0.805093   -0.055093 (VIOLATED)
_123536_/B1                             0.750000    0.805090   -0.055090 (VIOLATED)
hold26240/X                             0.750000    0.805090   -0.055090 (VIOLATED)
u_data_ram.g_sram[2].u_macro/addr1[1]    0.040000    0.095077   -0.055077 (VIOLATED)
wire231/X                               0.750000    0.804615   -0.054615 (VIOLATED)
u_npu.u_npu_sram.g_sram[1].u_macro/din0[5]    0.750000    0.804328   -0.054328 (VIOLATED)
u_npu.u_npu_sram.g_sram[3].u_macro/din0[5]    0.750000    0.803827   -0.053827 (VIOLATED)
_096040_/X                              0.750000    0.803472   -0.053472 (VIOLATED)
clkbuf_leaf_1309_clk_i_regs/A           0.750000    0.803345   -0.053345 (VIOLATED)
u_npu.u_npu_sram.g_sram[6].u_macro/din0[19]    0.750000    0.803081   -0.053081 (VIOLATED)
_099941_/X                              0.750000    0.802531   -0.052531 (VIOLATED)
u_npu.u_npu_sram.g_sram[11].u_macro/din0[3]    0.750000    0.802358   -0.052358 (VIOLATED)
clkbuf_leaf_1307_clk_i_regs/A           0.750000    0.802150   -0.052150 (VIOLATED)
_098010_/X                              0.750000    0.801976   -0.051976 (VIOLATED)
u_data_ram.g_sram[0].u_macro/csb0       0.750000    0.801961   -0.051961 (VIOLATED)
u_data_ram.g_sram[0].u_macro/web0       0.750000    0.801921   -0.051921 (VIOLATED)
u_data_ram.g_sram[3].u_macro/addr1[1]    0.040000    0.091777   -0.051777 (VIOLATED)
clkbuf_leaf_1308_clk_i_regs/A           0.750000    0.801463   -0.051463 (VIOLATED)
u_data_ram.g_sram[3].u_macro/addr1[0]    0.040000    0.090969   -0.050969 (VIOLATED)
u_npu.u_npu_sram.g_sram[1].u_macro/din0[12]    0.750000    0.800669   -0.050669 (VIOLATED)
clkbuf_leaf_1290_clk_i_regs/A           0.750000    0.800363   -0.050363 (VIOLATED)
_147172_/Y                              0.750000    0.800083   -0.050083 (VIOLATED)
_098102_/B1                             0.750000    0.799823   -0.049823 (VIOLATED)
ANTENNA_1430/DIODE                      0.750000    0.799798   -0.049798 (VIOLATED)
ANTENNA_1429/DIODE                      0.750000    0.799796   -0.049796 (VIOLATED)
ANTENNA_1428/DIODE                      0.750000    0.799795   -0.049795 (VIOLATED)
ANTENNA_1427/DIODE                      0.750000    0.799793   -0.049793 (VIOLATED)
ANTENNA_1425/DIODE                      0.750000    0.799790   -0.049790 (VIOLATED)
ANTENNA_1423/DIODE                      0.750000    0.799787   -0.049787 (VIOLATED)
ANTENNA_1424/DIODE                      0.750000    0.799785   -0.049785 (VIOLATED)
ANTENNA_1426/DIODE                      0.750000    0.799762   -0.049763 (VIOLATED)
_090187_/A2                             0.750000    0.799712   -0.049712 (VIOLATED)
wire2675/A                              0.750000    0.799687   -0.049687 (VIOLATED)
_096074_/C1                             0.750000    0.799656   -0.049656 (VIOLATED)
ANTENNA_9323/DIODE                      0.750000    0.799655   -0.049655 (VIOLATED)
ANTENNA_794/DIODE                       0.750000    0.799642   -0.049642 (VIOLATED)
ANTENNA_798/DIODE                       0.750000    0.799641   -0.049641 (VIOLATED)
ANTENNA_796/DIODE                       0.750000    0.799640   -0.049640 (VIOLATED)
ANTENNA_795/DIODE                       0.750000    0.799640   -0.049640 (VIOLATED)
ANTENNA_797/DIODE                       0.750000    0.799632   -0.049632 (VIOLATED)
clkbuf_leaf_1291_clk_i_regs/A           0.750000    0.799061   -0.049062 (VIOLATED)
clkbuf_leaf_1306_clk_i_regs/A           0.750000    0.798920   -0.048920 (VIOLATED)
clkbuf_leaf_1294_clk_i_regs/A           0.750000    0.798840   -0.048840 (VIOLATED)
_174477_/B                              0.750000    0.798770   -0.048771 (VIOLATED)
ANTENNA_54/DIODE                        0.750000    0.798768   -0.048768 (VIOLATED)
rebuffer38768/X                         0.750000    0.798555   -0.048555 (VIOLATED)
u_npu.u_npu_sram.g_sram[2].u_macro/din0[26]    0.750000    0.798369   -0.048369 (VIOLATED)
clkbuf_leaf_1293_clk_i_regs/A           0.750000    0.798337   -0.048337 (VIOLATED)
_174476_/X                              0.750000    0.798331   -0.048331 (VIOLATED)
ANTENNA_2831/DIODE                      0.750000    0.797938   -0.047938 (VIOLATED)
_147003_/A2                             0.750000    0.797938   -0.047938 (VIOLATED)
_097857_/X                              0.750000    0.797446   -0.047446 (VIOLATED)
u_npu.u_npu_sram.g_sram[7].u_macro/din0[9]    0.750000    0.797426   -0.047426 (VIOLATED)
_143223_/B                              0.750000    0.796693   -0.046693 (VIOLATED)
_095048_/A                              0.750000    0.796688   -0.046688 (VIOLATED)
clkbuf_leaf_1305_clk_i_regs/A           0.750000    0.796336   -0.046336 (VIOLATED)
_145672_/A0                             0.750000    0.796255   -0.046255 (VIOLATED)
ANTENNA_2591/DIODE                      0.750000    0.796253   -0.046253 (VIOLATED)
ANTENNA_2590/DIODE                      0.750000    0.796236   -0.046236 (VIOLATED)
_131267_/A2                             0.750000    0.796195   -0.046195 (VIOLATED)
_144731_/A1                             0.750000    0.796175   -0.046175 (VIOLATED)
hold30513/X                             0.750000    0.796175   -0.046175 (VIOLATED)
wire3076/A                              0.750000    0.795859   -0.045859 (VIOLATED)
ANTENNA_1482/DIODE                      0.750000    0.795837   -0.045837 (VIOLATED)
clkbuf_leaf_1292_clk_i_regs/A           0.750000    0.795490   -0.045490 (VIOLATED)
u_npu.u_npu_sram.g_sram[14].u_macro/din0[24]    0.750000    0.795358   -0.045358 (VIOLATED)
clkbuf_leaf_1295_clk_i_regs/A           0.750000    0.795272   -0.045272 (VIOLATED)
ANTENNA_9952/DIODE                      0.750000    0.794622   -0.044622 (VIOLATED)
ANTENNA_1040/DIODE                      0.750000    0.794293   -0.044293 (VIOLATED)
ANTENNA_1042/DIODE                      0.750000    0.794292   -0.044292 (VIOLATED)
ANTENNA_1050/DIODE                      0.750000    0.794282   -0.044282 (VIOLATED)
ANTENNA_1048/DIODE                      0.750000    0.794281   -0.044281 (VIOLATED)
ANTENNA_1046/DIODE                      0.750000    0.794279   -0.044279 (VIOLATED)
ANTENNA_1044/DIODE                      0.750000    0.794276   -0.044276 (VIOLATED)
_096216_/A1                             0.750000    0.794268   -0.044268 (VIOLATED)
ANTENNA_1041/DIODE                      0.750000    0.794183   -0.044183 (VIOLATED)
_092075_/X                              0.750000    0.794175   -0.044175 (VIOLATED)
ANTENNA_1043/DIODE                      0.750000    0.794118   -0.044118 (VIOLATED)
ANTENNA_1045/DIODE                      0.750000    0.794111   -0.044111 (VIOLATED)
ANTENNA_1047/DIODE                      0.750000    0.794104   -0.044104 (VIOLATED)
ANTENNA_1049/DIODE                      0.750000    0.794099   -0.044099 (VIOLATED)
ANTENNA_783/DIODE                       0.750000    0.793775   -0.043775 (VIOLATED)
ANTENNA_781/DIODE                       0.750000    0.793774   -0.043774 (VIOLATED)
ANTENNA_779/DIODE                       0.750000    0.793772   -0.043772 (VIOLATED)
ANTENNA_777/DIODE                       0.750000    0.793770   -0.043770 (VIOLATED)
ANTENNA_775/DIODE                       0.750000    0.793767   -0.043767 (VIOLATED)
_096072_/A1                             0.750000    0.793762   -0.043762 (VIOLATED)
ANTENNA_774/DIODE                       0.750000    0.793672   -0.043672 (VIOLATED)
u_npu.u_npu_sram.g_sram[0].u_macro/din0[8]    0.750000    0.793627   -0.043627 (VIOLATED)
ANTENNA_776/DIODE                       0.750000    0.793606   -0.043606 (VIOLATED)
ANTENNA_778/DIODE                       0.750000    0.793599   -0.043599 (VIOLATED)
ANTENNA_780/DIODE                       0.750000    0.793591   -0.043591 (VIOLATED)
ANTENNA_782/DIODE                       0.750000    0.793582   -0.043582 (VIOLATED)
ANTENNA_784/DIODE                       0.750000    0.793573   -0.043573 (VIOLATED)
u_npu.u_npu_sram.g_sram[7].u_macro/din0[15]    0.750000    0.793113   -0.043113 (VIOLATED)
ANTENNA_887/DIODE                       0.750000    0.793083   -0.043083 (VIOLATED)
ANTENNA_885/DIODE                       0.750000    0.793074   -0.043074 (VIOLATED)
ANTENNA_883/DIODE                       0.750000    0.793072   -0.043072 (VIOLATED)
ANTENNA_881/DIODE                       0.750000    0.793044   -0.043044 (VIOLATED)
ANTENNA_879/DIODE                       0.750000    0.793041   -0.043041 (VIOLATED)
_096136_/A1                             0.750000    0.792992   -0.042992 (VIOLATED)
ANTENNA_880/DIODE                       0.750000    0.792961   -0.042961 (VIOLATED)
ANTENNA_882/DIODE                       0.750000    0.792954   -0.042954 (VIOLATED)
ANTENNA_884/DIODE                       0.750000    0.792946   -0.042946 (VIOLATED)
ANTENNA_886/DIODE                       0.750000    0.792941   -0.042941 (VIOLATED)
wire3079/A                              0.750000    0.792610   -0.042610 (VIOLATED)
u_npu.u_npu_sram.g_sram[3].u_macro/din0[12]    0.750000    0.792335   -0.042335 (VIOLATED)
u_npu.u_npu_sram.g_sram[2].u_macro/din0[13]    0.750000    0.792145   -0.042145 (VIOLATED)
wire7431/A                              0.750000    0.791870   -0.041870 (VIOLATED)
fanout7428/A                            0.750000    0.791863   -0.041863 (VIOLATED)
hold30988/X                             0.750000    0.791863   -0.041863 (VIOLATED)
ANTENNA_1612/DIODE                      0.750000    0.791557   -0.041557 (VIOLATED)
ANTENNA_1610/DIODE                      0.750000    0.791549   -0.041549 (VIOLATED)
_098333_/A1                             0.750000    0.791546   -0.041546 (VIOLATED)
ANTENNA_1609/DIODE                      0.750000    0.791514   -0.041514 (VIOLATED)
ANTENNA_1611/DIODE                      0.750000    0.791461   -0.041461 (VIOLATED)
wire4406/A                              0.750000    0.791393   -0.041393 (VIOLATED)
_093907_/A                              0.750000    0.790654   -0.040654 (VIOLATED)
u_npu.u_npu_sram.g_sram[4].u_macro/din0[16]    0.750000    0.790470   -0.040471 (VIOLATED)
ANTENNA_11880/DIODE                     0.750000    0.790466   -0.040466 (VIOLATED)
_092156_/A                              0.750000    0.790046   -0.040046 (VIOLATED)
_168212_/A                              0.750000    0.789807   -0.039807 (VIOLATED)
_168495_/A                              0.750000    0.789758   -0.039758 (VIOLATED)
_167903_/A                              0.750000    0.789664   -0.039664 (VIOLATED)
u_npu.u_npu_sram.g_sram[5].u_macro/din0[27]    0.750000    0.789538   -0.039538 (VIOLATED)
ANTENNA_1168/DIODE                      0.750000    0.789530   -0.039530 (VIOLATED)
ANTENNA_1162/DIODE                      0.750000    0.789519   -0.039519 (VIOLATED)
ANTENNA_1169/DIODE                      0.750000    0.789518   -0.039518 (VIOLATED)
ANTENNA_1166/DIODE                      0.750000    0.789517   -0.039517 (VIOLATED)
ANTENNA_1164/DIODE                      0.750000    0.789517   -0.039517 (VIOLATED)
_097684_/A                              0.750000    0.789515   -0.039515 (VIOLATED)
ANTENNA_1163/DIODE                      0.750000    0.789508   -0.039508 (VIOLATED)
ANTENNA_1165/DIODE                      0.750000    0.789505   -0.039505 (VIOLATED)
ANTENNA_1167/DIODE                      0.750000    0.789502   -0.039502 (VIOLATED)
_096073_/X                              0.750000    0.789181   -0.039181 (VIOLATED)
_094532_/A2                             0.750000    0.788829   -0.038829 (VIOLATED)
_094535_/B1_N                           0.750000    0.788828   -0.038828 (VIOLATED)
_094481_/Y                              0.750000    0.788820   -0.038820 (VIOLATED)
_147343_/A0                             0.750000    0.788052   -0.038052 (VIOLATED)
ANTENNA_1840/DIODE                      0.750000    0.788048   -0.038048 (VIOLATED)
ANTENNA_1838/DIODE                      0.750000    0.788047   -0.038047 (VIOLATED)
ANTENNA_1839/DIODE                      0.750000    0.787962   -0.037962 (VIOLATED)
ANTENNA_1841/DIODE                      0.750000    0.787901   -0.037901 (VIOLATED)
clkbuf_leaf_1296_clk_i_regs/A           0.750000    0.787893   -0.037893 (VIOLATED)
u_instruction_ram.g_sram[0].u_macro/din0[18]    0.750000    0.787630   -0.037630 (VIOLATED)
_147002_/X                              0.750000    0.787338   -0.037339 (VIOLATED)
u_npu.u_npu_sram.g_sram[4].u_macro/din0[21]    0.750000    0.787032   -0.037032 (VIOLATED)
_096088_/X                              0.750000    0.786817   -0.036817 (VIOLATED)
ANTENNA_9032/DIODE                      0.750000    0.786444   -0.036444 (VIOLATED)
load_slew4049/A                         0.750000    0.786209   -0.036209 (VIOLATED)
ANTENNA_1837/DIODE                      0.750000    0.786129   -0.036129 (VIOLATED)
ANTENNA_10927/DIODE                     0.750000    0.785331   -0.035331 (VIOLATED)
ANTENNA_10926/DIODE                     0.750000    0.785329   -0.035329 (VIOLATED)
_179364_/B                              0.750000    0.785324   -0.035324 (VIOLATED)
_179388_/A1                             0.750000    0.785324   -0.035324 (VIOLATED)
load_slew4048/A                         0.750000    0.785078   -0.035078 (VIOLATED)
ANTENNA_1836/DIODE                      0.750000    0.784772   -0.034772 (VIOLATED)
_192356_/Q                              0.750000    0.784330   -0.034330 (VIOLATED)
hold30373/A                             0.750000    0.784298   -0.034298 (VIOLATED)
ANTENNA_10928/DIODE                     0.750000    0.784297   -0.034297 (VIOLATED)
_180041_/Q                              0.750000    0.784276   -0.034276 (VIOLATED)
u_npu.u_npu_sram.g_sram[6].u_macro/din0[26]    0.750000    0.784264   -0.034264 (VIOLATED)
ANTENNA_1834/DIODE                      0.750000    0.784029   -0.034029 (VIOLATED)
_098332_/X                              0.750000    0.783991   -0.033991 (VIOLATED)
_145670_/X                              0.750000    0.783465   -0.033465 (VIOLATED)
clkbuf_leaf_1297_clk_i_regs/A           0.750000    0.783289   -0.033289 (VIOLATED)
ANTENNA_9033/DIODE                      0.750000    0.783240   -0.033240 (VIOLATED)
wire10055/A                             0.750000    0.782740   -0.032740 (VIOLATED)
ANTENNA_10826/DIODE                     0.750000    0.782739   -0.032739 (VIOLATED)
_093857_/A                              0.750000    0.782305   -0.032305 (VIOLATED)
ANTENNA_12334/DIODE                     0.750000    0.782283   -0.032283 (VIOLATED)
_169739_/B                              0.750000    0.781923   -0.031923 (VIOLATED)
_169958_/B                              0.750000    0.781798   -0.031798 (VIOLATED)
_170227_/B                              0.750000    0.781754   -0.031754 (VIOLATED)
load_slew10056/A                        0.750000    0.781739   -0.031739 (VIOLATED)
fanout10047/A                           0.750000    0.781737   -0.031737 (VIOLATED)
u_npu.u_npu_sram.g_sram[2].u_macro/din0[23]    0.750000    0.781655   -0.031655 (VIOLATED)
_098173_/X                              0.750000    0.781587   -0.031587 (VIOLATED)
hold31158/A                             0.750000    0.781491   -0.031491 (VIOLATED)
_180959_/Q                              0.750000    0.781482   -0.031482 (VIOLATED)
_131970_/C                              0.750000    0.781466   -0.031466 (VIOLATED)
_139288_/B                              0.750000    0.781465   -0.031465 (VIOLATED)
_131969_/X                              0.750000    0.781061   -0.031061 (VIOLATED)
u_npu.u_npu_sram.g_sram[2].u_macro/din0[2]    0.750000    0.780763   -0.030763 (VIOLATED)
_097867_/B1                             0.750000    0.780662   -0.030662 (VIOLATED)
ANTENNA_1272/DIODE                      0.750000    0.780649   -0.030649 (VIOLATED)
_092499_/A                              0.750000    0.780135   -0.030135 (VIOLATED)
_092201_/A                              0.750000    0.780116   -0.030116 (VIOLATED)
_174095_/A3                             0.750000    0.780090   -0.030090 (VIOLATED)
ANTENNA_10825/DIODE                     0.750000    0.780082   -0.030082 (VIOLATED)
_098075_/X                              0.750000    0.779675   -0.029675 (VIOLATED)
u_npu.u_npu_sram.g_sram[6].u_macro/din0[20]    0.750000    0.779139   -0.029139 (VIOLATED)
_095933_/X                              0.750000    0.779110   -0.029110 (VIOLATED)
_096167_/X                              0.750000    0.779090   -0.029090 (VIOLATED)
rebuffer38988/A                         0.750000    0.779084   -0.029084 (VIOLATED)
_096192_/A0                             0.750000    0.779015   -0.029015 (VIOLATED)
ANTENNA_978/DIODE                       0.750000    0.778993   -0.028993 (VIOLATED)
ANTENNA_981/DIODE                       0.750000    0.778969   -0.028969 (VIOLATED)
ANTENNA_979/DIODE                       0.750000    0.778968   -0.028968 (VIOLATED)
ANTENNA_986/DIODE                       0.750000    0.778928   -0.028928 (VIOLATED)
ANTENNA_988/DIODE                       0.750000    0.778927   -0.028927 (VIOLATED)
_097683_/X                              0.750000    0.778834   -0.028834 (VIOLATED)
hold26357/A                             0.750000    0.778734   -0.028734 (VIOLATED)
_096168_/X                              0.750000    0.777952   -0.027952 (VIOLATED)
ANTENNA_12343/DIODE                     0.750000    0.777917   -0.027917 (VIOLATED)
ANTENNA_12344/DIODE                     0.750000    0.777901   -0.027902 (VIOLATED)
ANTENNA_12341/DIODE                     0.750000    0.777901   -0.027901 (VIOLATED)
ANTENNA_12342/DIODE                     0.750000    0.777749   -0.027749 (VIOLATED)
_096003_/A1                             0.750000    0.777673   -0.027673 (VIOLATED)
ANTENNA_677/DIODE                       0.750000    0.777668   -0.027668 (VIOLATED)
ANTENNA_12347/DIODE                     0.750000    0.777545   -0.027545 (VIOLATED)
ANTENNA_12340/DIODE                     0.750000    0.777545   -0.027545 (VIOLATED)
ANTENNA_12346/DIODE                     0.750000    0.777545   -0.027545 (VIOLATED)
u_npu.u_npu_sram.g_sram[2].u_macro/din0[18]    0.750000    0.777379   -0.027379 (VIOLATED)
ANTENNA_12339/DIODE                     0.750000    0.777277   -0.027277 (VIOLATED)
ANTENNA_12345/DIODE                     0.750000    0.777188   -0.027188 (VIOLATED)
hold31950/A                             0.750000    0.777186   -0.027186 (VIOLATED)
rebuffer18674/X                         0.750000    0.777166   -0.027166 (VIOLATED)
u_npu.u_npu_sram.g_sram[5].u_macro/din0[19]    0.750000    0.776747   -0.026747 (VIOLATED)
wire1110/A                              0.750000    0.776653   -0.026653 (VIOLATED)
ANTENNA_4021/DIODE                      0.750000    0.776479   -0.026479 (VIOLATED)
u_npu.u_npu_sram.g_sram[4].u_macro/din0[20]    0.750000    0.776199   -0.026199 (VIOLATED)
_131708_/A2                             0.750000    0.776188   -0.026188 (VIOLATED)
ANTENNA_12126/DIODE                     0.750000    0.776185   -0.026185 (VIOLATED)
_147328_/A0                             0.750000    0.775532   -0.025532 (VIOLATED)
ANTENNA_9610/DIODE                      0.750000    0.775433   -0.025433 (VIOLATED)
_144215_/A0                             0.750000    0.775371   -0.025371 (VIOLATED)
_145310_/A1                             0.750000    0.775277   -0.025277 (VIOLATED)
hold29040/X                             0.750000    0.775277   -0.025277 (VIOLATED)
_132480_/A1                             0.750000    0.774729   -0.024729 (VIOLATED)
_144300_/A                              0.750000    0.774718   -0.024718 (VIOLATED)
_131887_/B1                             0.750000    0.774705   -0.024705 (VIOLATED)
_090216_/C                              0.750000    0.774702   -0.024702 (VIOLATED)
fanout6880/A                            0.750000    0.774701   -0.024701 (VIOLATED)
_092524_/A                              0.750000    0.774689   -0.024689 (VIOLATED)
_090264_/A1                             0.750000    0.774685   -0.024685 (VIOLATED)
_132493_/B1                             0.750000    0.774672   -0.024672 (VIOLATED)
u_data_ram.g_sram[1].u_macro/din0[2]    0.750000    0.774663   -0.024663 (VIOLATED)
_094422_/B1                             0.750000    0.774663   -0.024663 (VIOLATED)
_132262_/A1                             0.750000    0.774652   -0.024652 (VIOLATED)
fanout6883/X                            0.750000    0.774646   -0.024646 (VIOLATED)
wire3081/A                              0.750000    0.774431   -0.024432 (VIOLATED)
ANTENNA_1422/DIODE                      0.750000    0.774411   -0.024412 (VIOLATED)
wire2943/X                              0.750000    0.772998   -0.022998 (VIOLATED)
_132300_/A2                             0.750000    0.772792   -0.022792 (VIOLATED)
_101242_/A0                             0.750000    0.772768   -0.022768 (VIOLATED)
_145770_/A1                             0.750000    0.772768   -0.022768 (VIOLATED)
hold29764/X                             0.750000    0.772768   -0.022768 (VIOLATED)
_097817_/A1                             0.750000    0.772503   -0.022503 (VIOLATED)
ANTENNA_1236/DIODE                      0.750000    0.772501   -0.022501 (VIOLATED)
ANTENNA_1234/DIODE                      0.750000    0.772465   -0.022465 (VIOLATED)
ANTENNA_1235/DIODE                      0.750000    0.772437   -0.022437 (VIOLATED)
ANTENNA_1237/DIODE                      0.750000    0.772431   -0.022431 (VIOLATED)
_145661_/A0                             0.750000    0.772293   -0.022293 (VIOLATED)
ANTENNA_2586/DIODE                      0.750000    0.772280   -0.022280 (VIOLATED)
u_npu.u_npu_sram.g_sram[1].u_macro/din0[4]    0.750000    0.771915   -0.021915 (VIOLATED)
ANTENNA_503/DIODE                       0.750000    0.771670   -0.021670 (VIOLATED)
ANTENNA_501/DIODE                       0.750000    0.771655   -0.021655 (VIOLATED)
_095893_/A0                             0.750000    0.771616   -0.021616 (VIOLATED)
_096224_/A0                             0.750000    0.771561   -0.021561 (VIOLATED)
ANTENNA_1056/DIODE                      0.750000    0.771538   -0.021538 (VIOLATED)
ANTENNA_1058/DIODE                      0.750000    0.771536   -0.021536 (VIOLATED)
ANTENNA_1061/DIODE                      0.750000    0.771535   -0.021535 (VIOLATED)
ANTENNA_500/DIODE                       0.750000    0.771505   -0.021505 (VIOLATED)
ANTENNA_1060/DIODE                      0.750000    0.771498   -0.021498 (VIOLATED)
ANTENNA_1051/DIODE                      0.750000    0.771463   -0.021463 (VIOLATED)
ANTENNA_1052/DIODE                      0.750000    0.771455   -0.021455 (VIOLATED)
ANTENNA_1059/DIODE                      0.750000    0.771453   -0.021453 (VIOLATED)
ANTENNA_1057/DIODE                      0.750000    0.771452   -0.021452 (VIOLATED)
ANTENNA_1055/DIODE                      0.750000    0.771450   -0.021450 (VIOLATED)
ANTENNA_1054/DIODE                      0.750000    0.771449   -0.021449 (VIOLATED)
ANTENNA_1053/DIODE                      0.750000    0.771446   -0.021446 (VIOLATED)
ANTENNA_502/DIODE                       0.750000    0.771418   -0.021418 (VIOLATED)
_123176_/A2                             0.750000    0.770563   -0.020563 (VIOLATED)
_139205_/A                              0.750000    0.770548   -0.020548 (VIOLATED)
hold30149/X                             0.750000    0.770548   -0.020548 (VIOLATED)
u_data_ram.g_sram[2].u_macro/din0[14]    0.750000    0.770503   -0.020503 (VIOLATED)
u_npu.u_npu_sram.g_sram[0].u_macro/din0[30]    0.750000    0.770272   -0.020272 (VIOLATED)
_162364_/A                              0.750000    0.769956   -0.019956 (VIOLATED)
_147096_/A0                             0.750000    0.769630   -0.019630 (VIOLATED)
_092165_/A                              0.750000    0.769497   -0.019497 (VIOLATED)
wire924/A                               0.750000    0.769422   -0.019422 (VIOLATED)
_097866_/X                              0.750000    0.769367   -0.019367 (VIOLATED)
_090190_/B2                             0.750000    0.769174   -0.019174 (VIOLATED)
ANTENNA_10732/DIODE                     0.750000    0.769173   -0.019173 (VIOLATED)
u_npu.u_npu_sram.g_sram[1].u_macro/din0[13]    0.750000    0.769149   -0.019149 (VIOLATED)
u_npu.u_npu_sram.g_sram[5].u_macro/din0[14]    0.750000    0.768878   -0.018878 (VIOLATED)
ANTENNA_5725/DIODE                      0.750000    0.768841   -0.018841 (VIOLATED)
u_npu.u_npu_sram.g_sram[6].u_macro/din0[28]    0.750000    0.768565   -0.018565 (VIOLATED)
_094935_/Y                              0.750000    0.767828   -0.017828 (VIOLATED)
u_npu.u_npu_sram.g_sram[2].u_macro/din0[30]    0.750000    0.767571   -0.017571 (VIOLATED)
u_npu.u_npu_sram.g_sram[4].u_macro/din0[28]    0.750000    0.767508   -0.017508 (VIOLATED)
_095925_/A0                             0.750000    0.767399   -0.017399 (VIOLATED)
ANTENNA_548/DIODE                       0.750000    0.767396   -0.017396 (VIOLATED)
ANTENNA_549/DIODE                       0.750000    0.767395   -0.017395 (VIOLATED)
ANTENNA_546/DIODE                       0.750000    0.767386   -0.017386 (VIOLATED)
ANTENNA_547/DIODE                       0.750000    0.767295   -0.017295 (VIOLATED)
_095738_/B1                             0.750000    0.767227   -0.017227 (VIOLATED)
ANTENNA_9089/DIODE                      0.750000    0.767214   -0.017214 (VIOLATED)
ANTENNA_9087/DIODE                      0.750000    0.767214   -0.017214 (VIOLATED)
ANTENNA_9085/DIODE                      0.750000    0.767213   -0.017213 (VIOLATED)
ANTENNA_9083/DIODE                      0.750000    0.767212   -0.017212 (VIOLATED)
ANTENNA_9080/DIODE                      0.750000    0.767211   -0.017212 (VIOLATED)
ANTENNA_9081/DIODE                      0.750000    0.767211   -0.017211 (VIOLATED)
ANTENNA_9082/DIODE                      0.750000    0.767201   -0.017201 (VIOLATED)
ANTENNA_9084/DIODE                      0.750000    0.767198   -0.017198 (VIOLATED)
ANTENNA_9086/DIODE                      0.750000    0.767195   -0.017195 (VIOLATED)
ANTENNA_9088/DIODE                      0.750000    0.767191   -0.017191 (VIOLATED)
ANTENNA_9090/DIODE                      0.750000    0.767187   -0.017187 (VIOLATED)
u_npu.u_npu_sram.g_sram[6].u_macro/din0[9]    0.750000    0.767186   -0.017186 (VIOLATED)
_169770_/B                              0.750000    0.766996   -0.016996 (VIOLATED)
_169771_/B                              0.750000    0.766995   -0.016995 (VIOLATED)
u_npu.u_npu_sram.g_sram[6].u_macro/din0[27]    0.750000    0.766793   -0.016793 (VIOLATED)
_169768_/Y                              0.750000    0.766385   -0.016385 (VIOLATED)
hold30968/A                             0.750000    0.765825   -0.015825 (VIOLATED)
_191066_/Q                              0.750000    0.765821   -0.015821 (VIOLATED)
u_npu.u_npu_sram.g_sram[4].u_macro/din0[8]    0.750000    0.765333   -0.015333 (VIOLATED)
_174652_/A2                             0.750000    0.765278   -0.015278 (VIOLATED)
_159490_/A1                             0.750000    0.765229   -0.015229 (VIOLATED)
hold29364/X                             0.750000    0.765229   -0.015229 (VIOLATED)
ANTENNA_5216/DIODE                      0.750000    0.764483   -0.014483 (VIOLATED)
ANTENNA_5215/DIODE                      0.750000    0.764472   -0.014472 (VIOLATED)
ANTENNA_5214/DIODE                      0.750000    0.764470   -0.014470 (VIOLATED)
_098059_/A0                             0.750000    0.764465   -0.014465 (VIOLATED)
_098301_/A1                             0.750000    0.764421   -0.014421 (VIOLATED)
ANTENNA_10345/DIODE                     0.750000    0.764421   -0.014421 (VIOLATED)
ANTENNA_10346/DIODE                     0.750000    0.764396   -0.014396 (VIOLATED)
ANTENNA_5213/DIODE                      0.750000    0.764378   -0.014378 (VIOLATED)
ANTENNA_5211/DIODE                      0.750000    0.764375   -0.014375 (VIOLATED)
ANTENNA_5209/DIODE                      0.750000    0.764373   -0.014373 (VIOLATED)
_096136_/X                              0.750000    0.764307   -0.014307 (VIOLATED)
_098134_/B1                             0.750000    0.764194   -0.014194 (VIOLATED)
ANTENNA_1448/DIODE                      0.750000    0.764188   -0.014188 (VIOLATED)
ANTENNA_1449/DIODE                      0.750000    0.764167   -0.014167 (VIOLATED)
ANTENNA_1447/DIODE                      0.750000    0.764166   -0.014166 (VIOLATED)
ANTENNA_5208/DIODE                      0.750000    0.764091   -0.014091 (VIOLATED)
u_npu.u_npu_sram.g_sram[0].u_macro/din0[4]    0.750000    0.764081   -0.014081 (VIOLATED)
u_data_ram.g_sram[1].u_macro/din0[28]    0.750000    0.764046   -0.014047 (VIOLATED)
ANTENNA_5210/DIODE                      0.750000    0.763986   -0.013986 (VIOLATED)
ANTENNA_5212/DIODE                      0.750000    0.763927   -0.013927 (VIOLATED)
hold21330/A                             0.750000    0.763808   -0.013808 (VIOLATED)
u_npu.u_npu_sram.g_sram[3].u_macro/din0[4]    0.750000    0.763778   -0.013778 (VIOLATED)
u_npu.u_npu_sram.g_sram[5].u_macro/din0[7]    0.750000    0.763633   -0.013633 (VIOLATED)
_147634_/A                              0.750000    0.763537   -0.013537 (VIOLATED)
ANTENNA_2848/DIODE                      0.750000    0.763517   -0.013517 (VIOLATED)
ANTENNA_5218/DIODE                      0.750000    0.763466   -0.013466 (VIOLATED)
_179992_/A0                             0.750000    0.762911   -0.012911 (VIOLATED)
_131574_/A_N                            0.750000    0.762848   -0.012848 (VIOLATED)
ANTENNA_2004/DIODE                      0.750000    0.762844   -0.012844 (VIOLATED)
ANTENNA_2005/DIODE                      0.750000    0.762842   -0.012842 (VIOLATED)
ANTENNA_2006/DIODE                      0.750000    0.762842   -0.012842 (VIOLATED)
ANTENNA_2007/DIODE                      0.750000    0.762841   -0.012841 (VIOLATED)
ANTENNA_2008/DIODE                      0.750000    0.762841   -0.012841 (VIOLATED)
ANTENNA_5217/DIODE                      0.750000    0.762834   -0.012834 (VIOLATED)
_133989_/A2                             0.750000    0.762026   -0.012026 (VIOLATED)
_133990_/A2                             0.750000    0.762025   -0.012025 (VIOLATED)
_134214_/A2                             0.750000    0.762025   -0.012025 (VIOLATED)
_134215_/A2                             0.750000    0.762023   -0.012023 (VIOLATED)
_134463_/A2                             0.750000    0.762022   -0.012022 (VIOLATED)
_133745_/A2                             0.750000    0.762022   -0.012022 (VIOLATED)
_133744_/A2                             0.750000    0.762020   -0.012020 (VIOLATED)
_133529_/A2                             0.750000    0.762017   -0.012017 (VIOLATED)
_133530_/A2                             0.750000    0.762017   -0.012017 (VIOLATED)
_133316_/A2                             0.750000    0.762015   -0.012015 (VIOLATED)
_133315_/A2                             0.750000    0.762013   -0.012013 (VIOLATED)
_132666_/A2                             0.750000    0.762011   -0.012011 (VIOLATED)
_132667_/A2                             0.750000    0.762010   -0.012010 (VIOLATED)
_127608_/A1                             0.750000    0.762009   -0.012009 (VIOLATED)
_133113_/A2                             0.750000    0.762009   -0.012009 (VIOLATED)
_133114_/A2                             0.750000    0.762009   -0.012009 (VIOLATED)
fanout9648/X                            0.750000    0.762008   -0.012008 (VIOLATED)
_179398_/A1                             0.750000    0.761906   -0.011906 (VIOLATED)
_179379_/B                              0.750000    0.761892   -0.011892 (VIOLATED)
ANTENNA_4014/DIODE                      0.750000    0.761890   -0.011890 (VIOLATED)
u_npu.u_npu_sram.g_sram[4].u_macro/din0[23]    0.750000    0.761404   -0.011404 (VIOLATED)
_131567_/X                              0.750000    0.761321   -0.011321 (VIOLATED)
u_npu.u_npu_sram.g_sram[7].u_macro/din0[21]    0.750000    0.761298   -0.011298 (VIOLATED)
ANTENNA_976/DIODE                       0.750000    0.761198   -0.011198 (VIOLATED)
ANTENNA_974/DIODE                       0.750000    0.761197   -0.011197 (VIOLATED)
ANTENNA_972/DIODE                       0.750000    0.761196   -0.011196 (VIOLATED)
_096184_/A1                             0.750000    0.761156   -0.011156 (VIOLATED)
ANTENNA_968/DIODE                       0.750000    0.761140   -0.011140 (VIOLATED)
ANTENNA_967/DIODE                       0.750000    0.761081   -0.011081 (VIOLATED)
ANTENNA_969/DIODE                       0.750000    0.761073   -0.011073 (VIOLATED)
ANTENNA_970/DIODE                       0.750000    0.761064   -0.011064 (VIOLATED)
ANTENNA_971/DIODE                       0.750000    0.761055   -0.011055 (VIOLATED)
ANTENNA_973/DIODE                       0.750000    0.761044   -0.011044 (VIOLATED)
ANTENNA_975/DIODE                       0.750000    0.761033   -0.011033 (VIOLATED)
ANTENNA_977/DIODE                       0.750000    0.761016   -0.011016 (VIOLATED)
_096039_/X                              0.750000    0.760939   -0.010939 (VIOLATED)
_145657_/X                              0.750000    0.760822   -0.010822 (VIOLATED)
hold19825/A                             0.750000    0.760569   -0.010569 (VIOLATED)
_100853_/A1                             0.750000    0.760407   -0.010407 (VIOLATED)
ANTENNA_1687/DIODE                      0.750000    0.760406   -0.010406 (VIOLATED)
_100155_/A2                             0.750000    0.760342   -0.010342 (VIOLATED)
ANTENNA_1685/DIODE                      0.750000    0.760336   -0.010336 (VIOLATED)
hold28607/A                             0.750000    0.760093   -0.010093 (VIOLATED)
_100545_/B1                             0.750000    0.760081   -0.010081 (VIOLATED)
ANTENNA_1686/DIODE                      0.750000    0.760080   -0.010080 (VIOLATED)
_180046_/Q                              0.750000    0.760073   -0.010073 (VIOLATED)
load_slew2827/A                         0.750000    0.760039   -0.010039 (VIOLATED)
ANTENNA_1688/DIODE                      0.750000    0.760014   -0.010014 (VIOLATED)
_098683_/A2                             0.750000    0.759937   -0.009937 (VIOLATED)
ANTENNA_1684/DIODE                      0.750000    0.759924   -0.009924 (VIOLATED)
fanout8030/A                            0.750000    0.759655   -0.009655 (VIOLATED)
_098552_/X                              0.750000    0.759646   -0.009646 (VIOLATED)
_097814_/X                              0.750000    0.759528   -0.009528 (VIOLATED)
ANTENNA_5234/DIODE                      0.750000    0.759448   -0.009448 (VIOLATED)
ANTENNA_5233/DIODE                      0.750000    0.759423   -0.009423 (VIOLATED)
ANTENNA_5242/DIODE                      0.750000    0.759420   -0.009420 (VIOLATED)
ANTENNA_5240/DIODE                      0.750000    0.759418   -0.009418 (VIOLATED)
ANTENNA_5238/DIODE                      0.750000    0.759416   -0.009416 (VIOLATED)
ANTENNA_5232/DIODE                      0.750000    0.759414   -0.009414 (VIOLATED)
ANTENNA_5236/DIODE                      0.750000    0.759413   -0.009413 (VIOLATED)
ANTENNA_5235/DIODE                      0.750000    0.759409   -0.009409 (VIOLATED)
_097994_/A0                             0.750000    0.759347   -0.009347 (VIOLATED)
ANTENNA_12363/DIODE                     0.750000    0.759311   -0.009311 (VIOLATED)
ANTENNA_12359/DIODE                     0.750000    0.759311   -0.009311 (VIOLATED)
ANTENNA_12364/DIODE                     0.750000    0.759311   -0.009311 (VIOLATED)
ANTENNA_12158/DIODE                     0.750000    0.759311   -0.009311 (VIOLATED)
ANTENNA_12352/DIODE                     0.750000    0.759311   -0.009311 (VIOLATED)
ANTENNA_12365/DIODE                     0.750000    0.759311   -0.009311 (VIOLATED)
ANTENNA_12362/DIODE                     0.750000    0.759311   -0.009311 (VIOLATED)
max_cap8032/A                           0.750000    0.759286   -0.009286 (VIOLATED)
_177847_/A1                             0.750000    0.758980   -0.008980 (VIOLATED)
hold30709/X                             0.750000    0.758980   -0.008980 (VIOLATED)
ANTENNA_5237/DIODE                      0.750000    0.758869   -0.008870 (VIOLATED)
wire6796/A                              0.750000    0.758710   -0.008710 (VIOLATED)
ANTENNA_8371/DIODE                      0.750000    0.758704   -0.008704 (VIOLATED)
ANTENNA_5239/DIODE                      0.750000    0.758526   -0.008526 (VIOLATED)
ANTENNA_5241/DIODE                      0.750000    0.758473   -0.008473 (VIOLATED)
_132097_/A2                             0.750000    0.758344   -0.008344 (VIOLATED)
ANTENNA_10667/DIODE                     0.750000    0.758343   -0.008343 (VIOLATED)
ANTENNA_10666/DIODE                     0.750000    0.758342   -0.008342 (VIOLATED)
ANTENNA_10668/DIODE                     0.750000    0.758341   -0.008341 (VIOLATED)
ANTENNA_10669/DIODE                     0.750000    0.758341   -0.008341 (VIOLATED)
ANTENNA_10670/DIODE                     0.750000    0.758340   -0.008340 (VIOLATED)
ANTENNA_10671/DIODE                     0.750000    0.758340   -0.008340 (VIOLATED)
ANTENNA_10677/DIODE                     0.750000    0.757779   -0.007779 (VIOLATED)
ANTENNA_10676/DIODE                     0.750000    0.757779   -0.007779 (VIOLATED)
ANTENNA_10675/DIODE                     0.750000    0.757775   -0.007775 (VIOLATED)
ANTENNA_10674/DIODE                     0.750000    0.757772   -0.007772 (VIOLATED)
ANTENNA_10672/DIODE                     0.750000    0.757769   -0.007769 (VIOLATED)
ANTENNA_10673/DIODE                     0.750000    0.757742   -0.007742 (VIOLATED)
hold31061/A                             0.750000    0.757721   -0.007721 (VIOLATED)
_189780_/Q                              0.750000    0.757703   -0.007703 (VIOLATED)
u_npu.u_npu_sram.g_sram[1].u_macro/din0[17]    0.750000    0.757587   -0.007587 (VIOLATED)
fanout8569/A                            0.750000    0.757529   -0.007529 (VIOLATED)
rebuffer38597/A                         0.750000    0.757519   -0.007519 (VIOLATED)
wire3058/A                              0.750000    0.757508   -0.007508 (VIOLATED)
_192372_/Q                              0.750000    0.757461   -0.007461 (VIOLATED)
_177867_/A0                             0.750000    0.757416   -0.007416 (VIOLATED)
ANTENNA_5726/DIODE                      0.750000    0.757413   -0.007413 (VIOLATED)
_100160_/B1                             0.750000    0.756702   -0.006702 (VIOLATED)
ANTENNA_1674/DIODE                      0.750000    0.756701   -0.006701 (VIOLATED)
u_npu.u_npu_sram.g_sram[2].u_macro/din0[4]    0.750000    0.756566   -0.006566 (VIOLATED)
_099337_/A                              0.750000    0.756075   -0.006075 (VIOLATED)
ANTENNA_1673/DIODE                      0.750000    0.756071   -0.006071 (VIOLATED)
_095737_/X                              0.750000    0.756009   -0.006009 (VIOLATED)
_100208_/A3                             0.750000    0.755581   -0.005581 (VIOLATED)
wire3091/A                              0.750000    0.755275   -0.005275 (VIOLATED)
u_npu.u_npu_sram.g_sram[7].u_macro/din0[30]    0.750000    0.755215   -0.005215 (VIOLATED)
ANTENNA_1309/DIODE                      0.750000    0.755213   -0.005213 (VIOLATED)
_098088_/X                              0.750000    0.754994   -0.004994 (VIOLATED)
u_npu.u_npu_sram.g_sram[11].u_macro/din0[9]    0.750000    0.754567   -0.004567 (VIOLATED)
_098792_/A2                             0.750000    0.754461   -0.004461 (VIOLATED)
ANTENNA_1671/DIODE                      0.750000    0.754436   -0.004436 (VIOLATED)
u_instruction_ram.g_sram[0].u_macro/din0[2]    0.750000    0.754015   -0.004015 (VIOLATED)
u_npu.u_npu_sram.g_sram[1].u_macro/din0[21]    0.750000    0.753963   -0.003963 (VIOLATED)
_131902_/B                              0.750000    0.753891   -0.003891 (VIOLATED)
u_npu.u_npu_sram.g_sram[0].u_macro/din0[3]    0.750000    0.753777   -0.003777 (VIOLATED)
wire4248/X                              0.750000    0.753522   -0.003522 (VIOLATED)
_098795_/A2                             0.750000    0.753304   -0.003304 (VIOLATED)
ANTENNA_1672/DIODE                      0.750000    0.753303   -0.003303 (VIOLATED)
_099864_/B1                             0.750000    0.753174   -0.003174 (VIOLATED)
_098520_/X                              0.750000    0.753115   -0.003115 (VIOLATED)
_093976_/A                              0.750000    0.752836   -0.002836 (VIOLATED)
_146104_/A                              0.750000    0.752834   -0.002834 (VIOLATED)
_093975_/Y                              0.750000    0.752589   -0.002589 (VIOLATED)
u_npu.u_npu_sram.g_sram[1].u_macro/din0[1]    0.750000    0.752480   -0.002480 (VIOLATED)
_101266_/A0                             0.750000    0.752176   -0.002176 (VIOLATED)
hold31302/A                             0.750000    0.752153   -0.002153 (VIOLATED)
_189779_/Q                              0.750000    0.752142   -0.002142 (VIOLATED)
wire3077/A                              0.750000    0.752037   -0.002037 (VIOLATED)
ANTENNA_1465/DIODE                      0.750000    0.752028   -0.002028 (VIOLATED)
_147633_/X                              0.750000    0.751848   -0.001848 (VIOLATED)
u_npu.u_npu_sram.g_sram[0].u_macro/din0[19]    0.750000    0.751806   -0.001806 (VIOLATED)
_098300_/X                              0.750000    0.751761   -0.001761 (VIOLATED)
u_npu.u_npu_sram.g_sram[0].u_macro/din0[17]    0.750000    0.751537   -0.001537 (VIOLATED)
u_npu.u_npu_sram.g_sram[1].u_macro/din0[22]    0.750000    0.750917   -0.000917 (VIOLATED)
wire8580/A                              0.750000    0.750391   -0.000391 (VIOLATED)
hold29718/A                             0.750000    0.750390   -0.000390 (VIOLATED)
rebuffer18551/A                         0.750000    0.750390   -0.000390 (VIOLATED)
_191174_/Q                              0.750000    0.750377   -0.000377 (VIOLATED)
u_npu.u_npu_sram.g_sram[3].u_macro/din0[10]    0.750000    0.750222   -0.000222 (VIOLATED)

max fanout

Pin                                   Limit Fanout  Slack
---------------------------------------------------------
max_cap753/X                             16     36    -20 (VIOLATED)
wire2423/X                               16     36    -20 (VIOLATED)
wire909/X                                16     27    -11 (VIOLATED)
wire1649/X                               16     26    -10 (VIOLATED)
wire3656/X                               16     26    -10 (VIOLATED)
clkbuf_7_84_0_clk_i_regs/X               16     25     -9 (VIOLATED)
clkbuf_7_85_0_clk_i_regs/X               16     25     -9 (VIOLATED)
wire987/X                                16     25     -9 (VIOLATED)
wire4191/X                               16     24     -8 (VIOLATED)
max_cap150/X                             16     23     -7 (VIOLATED)
wire3386/X                               16     23     -7 (VIOLATED)
wire161/X                                16     22     -6 (VIOLATED)
_098635_/X                               16     21     -5 (VIOLATED)
clkbuf_7_87_0_clk_i_regs/X               16     21     -5 (VIOLATED)
clkbuf_7_95_0_clk_i_regs/X               16     21     -5 (VIOLATED)
max_cap751/X                             16     21     -5 (VIOLATED)
clkbuf_7_86_0_clk_i_regs/X               16     20     -4 (VIOLATED)
load_slew4173/X                          16     20     -4 (VIOLATED)
wire1571/X                               16     20     -4 (VIOLATED)
wire3024/X                               16     20     -4 (VIOLATED)
wire3325/X                               16     20     -4 (VIOLATED)
wire3647/X                               16     20     -4 (VIOLATED)
_140768_/Y                               16     19     -3 (VIOLATED)
_178806_/Y                               16     19     -3 (VIOLATED)
load_slew3356/X                          16     19     -3 (VIOLATED)
max_cap3560/X                            16     19     -3 (VIOLATED)
wire2920/X                               16     19     -3 (VIOLATED)
wire3232/X                               16     19     -3 (VIOLATED)
wire4190/X                               16     19     -3 (VIOLATED)
_093668_/X                               16     18     -2 (VIOLATED)
_106809_/X                               16     18     -2 (VIOLATED)
_106876_/X                               16     18     -2 (VIOLATED)
_149847_/X                               16     18     -2 (VIOLATED)
_157550_/Y                               16     18     -2 (VIOLATED)
clkbuf_7_116_0_clk_i_regs/X              16     18     -2 (VIOLATED)
clkbuf_7_117_0_clk_i_regs/X              16     18     -2 (VIOLATED)
clkbuf_7_39_0_clk_i_regs/X               16     18     -2 (VIOLATED)
clkbuf_7_81_0_clk_i_regs/X               16     18     -2 (VIOLATED)
load_slew3637/X                          16     18     -2 (VIOLATED)
max_cap4074/X                            16     18     -2 (VIOLATED)
wire2923/X                               16     18     -2 (VIOLATED)
wire3445/X                               16     18     -2 (VIOLATED)
wire3659/X                               16     18     -2 (VIOLATED)
wire4152/X                               16     18     -2 (VIOLATED)
wire4400/X                               16     18     -2 (VIOLATED)
_094567_/X                               16     17        (VIOLATED)
_096701_/X                               16     17        (VIOLATED)
_101623_/X                               16     17        (VIOLATED)
_101669_/X                               16     17        (VIOLATED)
_105628_/X                               16     17        (VIOLATED)
_105685_/X                               16     17        (VIOLATED)
_106799_/X                               16     17        (VIOLATED)
_106803_/X                               16     17        (VIOLATED)
_106862_/X                               16     17        (VIOLATED)
_108002_/X                               16     17        (VIOLATED)
_108013_/X                               16     17        (VIOLATED)
_108019_/X                               16     17        (VIOLATED)
_108072_/X                               16     17        (VIOLATED)
_119258_/X                               16     17        (VIOLATED)
_131616_/X                               16     17        (VIOLATED)
_139270_/X                               16     17        (VIOLATED)
_144184_/X                               16     17        (VIOLATED)
_148497_/X                               16     17        (VIOLATED)
clkbuf_7_111_0_clk_i_regs/X              16     17        (VIOLATED)
clkbuf_7_126_0_clk_i_regs/X              16     17        (VIOLATED)
clkbuf_7_44_0_clk_i_regs/X               16     17        (VIOLATED)
clkbuf_7_71_0_clk_i_regs/X               16     17        (VIOLATED)
clkbuf_7_80_0_clk_i_regs/X               16     17        (VIOLATED)
load_slew3363/X                          16     17        (VIOLATED)
max_cap2655/X                            16     17        (VIOLATED)
max_cap2774/X                            16     17        (VIOLATED)
max_cap3011/X                            16     17        (VIOLATED)
max_cap3437/X                            16     17        (VIOLATED)
rebuffer18674/X                          16     17        (VIOLATED)
wire1072/X                               16     17        (VIOLATED)
wire2876/X                               16     17        (VIOLATED)
wire3062/X                               16     17        (VIOLATED)
wire3435/X                               16     17        (VIOLATED)
wire3652/X                               16     17        (VIOLATED)
wire4044/X                               16     17        (VIOLATED)
wire4142/X                               16     17        (VIOLATED)

max capacitance

Pin                                        Limit         Cap       Slack
------------------------------------------------------------------------
clkbuf_2_3_1_clk_i/X                    0.200000    1.118477   -0.918477 (VIOLATED)
clkbuf_2_1_1_clk_i/X                    0.200000    1.012473   -0.812473 (VIOLATED)
clkbuf_2_0_1_clk_i/X                    0.200000    0.989141   -0.789141 (VIOLATED)
clkbuf_7_0_0_clk_i_regs/X               0.200000    0.688669   -0.488669 (VIOLATED)
clkbuf_2_2_1_clk_i/X                    0.200000    0.686248   -0.486248 (VIOLATED)
wire3651/X                              0.200000    0.662186   -0.462186 (VIOLATED)
clkbuf_7_3_0_clk_i_regs/X               0.200000    0.650310   -0.450309 (VIOLATED)
wire4065/X                              0.200000    0.649400   -0.449400 (VIOLATED)
max_cap9088/X                           0.200000    0.642391   -0.442391 (VIOLATED)
max_cap9084/X                           0.200000    0.621146   -0.421146 (VIOLATED)
wire3675/X                              0.200000    0.605208   -0.405208 (VIOLATED)
max_cap4051/X                           0.200000    0.599816   -0.399816 (VIOLATED)
load_slew4058/X                         0.200000    0.597634   -0.397634 (VIOLATED)
_090081_/X                              0.200000    0.578967   -0.378967 (VIOLATED)
clk_i                                   0.200000    0.556240   -0.356240 (VIOLATED)
wire4210/X                              0.200000    0.546715   -0.346715 (VIOLATED)
_090067_/Y                              0.200000    0.543898   -0.343898 (VIOLATED)
_189250_/Q                              0.200000    0.543403   -0.343403 (VIOLATED)
wire3990/X                              0.200000    0.538940   -0.338940 (VIOLATED)
wire8077/X                              0.200000    0.523342   -0.323342 (VIOLATED)
_190218_/Q                              0.200000    0.517481   -0.317481 (VIOLATED)
wire8920/X                              0.200000    0.495828   -0.295828 (VIOLATED)
wire909/X                               0.200000    0.490988   -0.290987 (VIOLATED)
wire4142/X                              0.200000    0.487403   -0.287403 (VIOLATED)
wire407/X                               0.200000    0.481790   -0.281790 (VIOLATED)
wire8073/X                              0.200000    0.478618   -0.278618 (VIOLATED)
wire2645/X                              0.200000    0.475611   -0.275611 (VIOLATED)
wire470/X                               0.200000    0.475352   -0.275352 (VIOLATED)
wire399/X                               0.200000    0.468997   -0.268997 (VIOLATED)
wire398/X                               0.200000    0.468801   -0.268801 (VIOLATED)
max_cap9067/X                           0.200000    0.468671   -0.268671 (VIOLATED)
wire3401/X                              0.200000    0.466618   -0.266618 (VIOLATED)
max_cap9100/X                           0.200000    0.463420   -0.263420 (VIOLATED)
_131312_/X                              0.200000    0.458606   -0.258606 (VIOLATED)
wire4402/X                              0.200000    0.458121   -0.258121 (VIOLATED)
_090148_/Y                              0.200000    0.457125   -0.257125 (VIOLATED)
hold18714/X                             0.200000    0.449453   -0.249453 (VIOLATED)
wire4400/X                              0.200000    0.448187   -0.248187 (VIOLATED)
wire8071/X                              0.200000    0.447190   -0.247190 (VIOLATED)
wire417/X                               0.200000    0.446960   -0.246960 (VIOLATED)
wire8072/X                              0.200000    0.444946   -0.244946 (VIOLATED)
hold18710/X                             0.200000    0.439889   -0.239889 (VIOLATED)
wire416/X                               0.200000    0.438112   -0.238112 (VIOLATED)
wire434/X                               0.200000    0.438095   -0.238095 (VIOLATED)
wire9157/X                              0.200000    0.436233   -0.236233 (VIOLATED)
load_slew3665/X                         0.200000    0.434902   -0.234902 (VIOLATED)
_191247_/Q                              0.200000    0.432990   -0.232990 (VIOLATED)
hold18712/X                             0.200000    0.431373   -0.231373 (VIOLATED)
max_cap9077/X                           0.200000    0.429590   -0.229590 (VIOLATED)
wire8960/X                              0.200000    0.428478   -0.228478 (VIOLATED)
hold31530/X                             0.200000    0.427147   -0.227147 (VIOLATED)
wire380/X                               0.200000    0.425577   -0.225577 (VIOLATED)
wire354/X                               0.200000    0.425064   -0.225064 (VIOLATED)
wire8079/X                              0.200000    0.424416   -0.224416 (VIOLATED)
wire372/X                               0.200000    0.423841   -0.223841 (VIOLATED)
wire2943/X                              0.200000    0.423810   -0.223810 (VIOLATED)
wire2419/X                              0.200000    0.423200   -0.223200 (VIOLATED)
hold31740/X                             0.200000    0.422504   -0.222504 (VIOLATED)
wire4329/X                              0.200000    0.421894   -0.221894 (VIOLATED)
hold31394/X                             0.200000    0.421628   -0.221628 (VIOLATED)
wire362/X                               0.200000    0.421619   -0.221619 (VIOLATED)
max_cap9082/X                           0.200000    0.419151   -0.219151 (VIOLATED)
max_cap9087/X                           0.200000    0.419048   -0.219048 (VIOLATED)
max_cap9099/X                           0.200000    0.418714   -0.218714 (VIOLATED)
wire358/X                               0.200000    0.418412   -0.218412 (VIOLATED)
wire515/X                               0.200000    0.416505   -0.216505 (VIOLATED)
wire3655/X                              0.200000    0.415041   -0.215041 (VIOLATED)
wire389/X                               0.200000    0.413408   -0.213408 (VIOLATED)
wire479/X                               0.200000    0.413345   -0.213345 (VIOLATED)
max_cap9094/X                           0.200000    0.413070   -0.213070 (VIOLATED)
wire781/X                               0.200000    0.412567   -0.212567 (VIOLATED)
wire8985/X                              0.200000    0.412452   -0.212452 (VIOLATED)
max_cap9097/X                           0.200000    0.411641   -0.211641 (VIOLATED)
wire381/X                               0.200000    0.411274   -0.211274 (VIOLATED)
wire9124/X                              0.200000    0.410762   -0.210762 (VIOLATED)
wire489/X                               0.200000    0.410060   -0.210060 (VIOLATED)
wire11709/X                             0.200000    0.409968   -0.209968 (VIOLATED)
hold18704/X                             0.200000    0.409623   -0.209623 (VIOLATED)
load_slew3670/X                         0.200000    0.408935   -0.208935 (VIOLATED)
wire371/X                               0.200000    0.406984   -0.206984 (VIOLATED)
wire4248/X                              0.200000    0.406727   -0.206727 (VIOLATED)
wire497/X                               0.200000    0.405445   -0.205445 (VIOLATED)
max_cap9090/X                           0.200000    0.405352   -0.205352 (VIOLATED)
max_cap9086/X                           0.200000    0.404785   -0.204785 (VIOLATED)
wire461/X                               0.200000    0.403688   -0.203688 (VIOLATED)
wire425/X                               0.200000    0.402950   -0.202950 (VIOLATED)
wire435/X                               0.200000    0.402374   -0.202374 (VIOLATED)
hold31389/X                             0.200000    0.402051   -0.202051 (VIOLATED)
hold31416/X                             0.200000    0.400266   -0.200266 (VIOLATED)
wire376/X                               0.200000    0.398558   -0.198558 (VIOLATED)
max_cap9089/X                           0.200000    0.397703   -0.197703 (VIOLATED)
wire353/X                               0.200000    0.397155   -0.197155 (VIOLATED)
max_cap9083/X                           0.200000    0.396799   -0.196799 (VIOLATED)
wire8955/X                              0.200000    0.396705   -0.196705 (VIOLATED)
wire452/X                               0.200000    0.396365   -0.196365 (VIOLATED)
wire763/X                               0.200000    0.396346   -0.196346 (VIOLATED)
_103960_/X                              0.200000    0.394912   -0.194912 (VIOLATED)
wire799/X                               0.200000    0.394395   -0.194395 (VIOLATED)
wire901/X                               0.200000    0.394022   -0.194022 (VIOLATED)
hold31464/X                             0.200000    0.393873   -0.193873 (VIOLATED)
wire3640/X                              0.200000    0.393682   -0.193682 (VIOLATED)
max_cap9072/X                           0.200000    0.393228   -0.193228 (VIOLATED)
wire509/X                               0.200000    0.392616   -0.192616 (VIOLATED)
wire769/X                               0.200000    0.392422   -0.192422 (VIOLATED)
wire2423/X                              0.200000    0.391717   -0.191717 (VIOLATED)
wire8963/X                              0.200000    0.391066   -0.191066 (VIOLATED)
max_cap4423/X                           0.200000    0.390751   -0.190751 (VIOLATED)
wire6806/X                              0.200000    0.390167   -0.190167 (VIOLATED)
max_cap906/X                            0.200000    0.390159   -0.190159 (VIOLATED)
wire507/X                               0.200000    0.389845   -0.189845 (VIOLATED)
wire443/X                               0.200000    0.389243   -0.189243 (VIOLATED)
_103903_/Y                              0.200000    0.388446   -0.188446 (VIOLATED)
max_cap9091/X                           0.200000    0.388392   -0.188392 (VIOLATED)
wire853/X                               0.200000    0.386114   -0.186114 (VIOLATED)
max_cap9092/X                           0.200000    0.386013   -0.186013 (VIOLATED)
wire338/X                               0.200000    0.385597   -0.185597 (VIOLATED)
max_cap9096/X                           0.200000    0.385012   -0.185012 (VIOLATED)
clkbuf_7_2_0_clk_i_regs/X               0.200000    0.383767   -0.183767 (VIOLATED)
hold18715/X                             0.200000    0.383744   -0.183744 (VIOLATED)
wire772/X                               0.200000    0.383663   -0.183663 (VIOLATED)
wire367/X                               0.200000    0.383065   -0.183065 (VIOLATED)
max_cap9098/X                           0.200000    0.382749   -0.182749 (VIOLATED)
wire446/X                               0.200000    0.382388   -0.182388 (VIOLATED)
wire437/X                               0.200000    0.381752   -0.181752 (VIOLATED)
hold31529/X                             0.200000    0.381704   -0.181704 (VIOLATED)
wire412/X                               0.200000    0.380938   -0.180938 (VIOLATED)
wire2429/X                              0.200000    0.380930   -0.180930 (VIOLATED)
max_cap9093/X                           0.200000    0.380928   -0.180928 (VIOLATED)
wire987/X                               0.200000    0.380083   -0.180083 (VIOLATED)
wire805/X                               0.200000    0.379600   -0.179600 (VIOLATED)
wire390/X                               0.200000    0.379404   -0.179404 (VIOLATED)
_190311_/Q                              0.200000    0.379357   -0.179357 (VIOLATED)
wire506/X                               0.200000    0.379261   -0.179261 (VIOLATED)
max_cap3334/X                           0.200000    0.377674   -0.177674 (VIOLATED)
wire471/X                               0.200000    0.377348   -0.177348 (VIOLATED)
wire1110/X                              0.200000    0.377284   -0.177284 (VIOLATED)
wire473/X                               0.200000    0.377247   -0.177247 (VIOLATED)
_094883_/Y                              0.200000    0.377119   -0.177119 (VIOLATED)
wire392/X                               0.200000    0.376708   -0.176708 (VIOLATED)
wire810/X                               0.200000    0.376434   -0.176434 (VIOLATED)
wire498/X                               0.200000    0.376295   -0.176295 (VIOLATED)
wire366/X                               0.200000    0.375619   -0.175619 (VIOLATED)
wire794/X                               0.200000    0.373982   -0.173982 (VIOLATED)
wire356/X                               0.200000    0.372303   -0.172303 (VIOLATED)
_091797_/X                              0.200000    0.372159   -0.172159 (VIOLATED)
wire8965/X                              0.200000    0.372147   -0.172147 (VIOLATED)
wire374/X                               0.200000    0.371894   -0.171894 (VIOLATED)
wire8975/X                              0.200000    0.371246   -0.171246 (VIOLATED)
wire8970/X                              0.200000    0.370672   -0.170672 (VIOLATED)
wire814/X                               0.200000    0.370252   -0.170252 (VIOLATED)
wire529/X                               0.200000    0.369979   -0.169979 (VIOLATED)
wire453/X                               0.200000    0.369570   -0.169570 (VIOLATED)
wire2682/X                              0.200000    0.369433   -0.169433 (VIOLATED)
wire511/X                               0.200000    0.369402   -0.169403 (VIOLATED)
wire4191/X                              0.200000    0.368604   -0.168604 (VIOLATED)
wire408/X                               0.200000    0.368523   -0.168523 (VIOLATED)
wire421/X                               0.200000    0.368370   -0.168370 (VIOLATED)
wire835/X                               0.200000    0.368077   -0.168077 (VIOLATED)
wire466/X                               0.200000    0.367453   -0.167453 (VIOLATED)
wire444/X                               0.200000    0.367421   -0.167421 (VIOLATED)
wire2632/X                              0.200000    0.366588   -0.166588 (VIOLATED)
_090078_/X                              0.200000    0.366523   -0.166523 (VIOLATED)
wire493/X                               0.200000    0.366509   -0.166509 (VIOLATED)
wire847/X                               0.200000    0.366325   -0.166325 (VIOLATED)
wire812/X                               0.200000    0.366092   -0.166092 (VIOLATED)
wire3671/X                              0.200000    0.365957   -0.165957 (VIOLATED)
wire457/X                               0.200000    0.365705   -0.165705 (VIOLATED)
max_cap3858/X                           0.200000    0.365694   -0.165694 (VIOLATED)
wire826/X                               0.200000    0.365212   -0.165212 (VIOLATED)
wire941/X                               0.200000    0.364889   -0.164889 (VIOLATED)
wire3677/X                              0.200000    0.364325   -0.164325 (VIOLATED)
wire792/X                               0.200000    0.363915   -0.163915 (VIOLATED)
_090245_/Y                              0.200000    0.362388   -0.162388 (VIOLATED)
wire365/X                               0.200000    0.361686   -0.161686 (VIOLATED)
wire776/X                               0.200000    0.360541   -0.160541 (VIOLATED)
wire455/X                               0.200000    0.360371   -0.160371 (VIOLATED)
wire394/X                               0.200000    0.359874   -0.159874 (VIOLATED)
load_slew6873/X                         0.200000    0.359562   -0.159562 (VIOLATED)
wire403/X                               0.200000    0.359389   -0.159389 (VIOLATED)
wire428/X                               0.200000    0.357451   -0.157451 (VIOLATED)
wire767/X                               0.200000    0.357388   -0.157388 (VIOLATED)
wire4076/X                              0.200000    0.357133   -0.157133 (VIOLATED)
wire383/X                               0.200000    0.357097   -0.157097 (VIOLATED)
wire808/X                               0.200000    0.355815   -0.155815 (VIOLATED)
wire500/X                               0.200000    0.355615   -0.155615 (VIOLATED)
wire823/X                               0.200000    0.355433   -0.155433 (VIOLATED)
wire4050/X                              0.200000    0.355196   -0.155196 (VIOLATED)
max_cap3329/X                           0.200000    0.355015   -0.155015 (VIOLATED)
wire6839/X                              0.200000    0.355014   -0.155014 (VIOLATED)
wire803/X                               0.200000    0.354193   -0.154193 (VIOLATED)
hold31741/X                             0.200000    0.354171   -0.154171 (VIOLATED)
hold31901/X                             0.200000    0.353998   -0.153998 (VIOLATED)
_190314_/Q                              0.200000    0.353884   -0.153884 (VIOLATED)
_103850_/X                              0.200000    0.353372   -0.153372 (VIOLATED)
wire829/X                               0.200000    0.352766   -0.152766 (VIOLATED)
wire439/X                               0.200000    0.352673   -0.152673 (VIOLATED)
wire752/X                               0.200000    0.352367   -0.152367 (VIOLATED)
wire817/X                               0.200000    0.352211   -0.152211 (VIOLATED)
hold31476/X                             0.200000    0.351581   -0.151581 (VIOLATED)
wire598/X                               0.200000    0.351285   -0.151285 (VIOLATED)
wire4406/X                              0.200000    0.351165   -0.151165 (VIOLATED)
wire516/X                               0.200000    0.350460   -0.150460 (VIOLATED)
max_cap753/X                            0.200000    0.350282   -0.150282 (VIOLATED)
wire464/X                               0.200000    0.350170   -0.150170 (VIOLATED)
wire419/X                               0.200000    0.349851   -0.149851 (VIOLATED)
wire790/X                               0.200000    0.349651   -0.149651 (VIOLATED)
_095710_/X                              0.200000    0.348513   -0.148513 (VIOLATED)
hold29505/X                             0.200000    0.347838   -0.147838 (VIOLATED)
wire4062/X                              0.200000    0.346765   -0.146765 (VIOLATED)
wire3644/X                              0.200000    0.346137   -0.146137 (VIOLATED)
hold31463/X                             0.200000    0.345531   -0.145531 (VIOLATED)
wire8979/X                              0.200000    0.345461   -0.145461 (VIOLATED)
wire8976/X                              0.200000    0.345353   -0.145353 (VIOLATED)
max_cap3869/X                           0.200000    0.345190   -0.145190 (VIOLATED)
wire8983/X                              0.200000    0.344315   -0.144315 (VIOLATED)
max_cap9085/X                           0.200000    0.344257   -0.144257 (VIOLATED)
wire8966/X                              0.200000    0.343969   -0.143969 (VIOLATED)
wire491/X                               0.200000    0.343758   -0.143758 (VIOLATED)
clkbuf_7_1_0_clk_i_regs/X               0.200000    0.343284   -0.143284 (VIOLATED)
wire819/X                               0.200000    0.342537   -0.142537 (VIOLATED)
wire787/X                               0.200000    0.342401   -0.142401 (VIOLATED)
wire8961/X                              0.200000    0.342391   -0.142391 (VIOLATED)
wire502/X                               0.200000    0.341987   -0.141987 (VIOLATED)
wire796/X                               0.200000    0.341861   -0.141861 (VIOLATED)
wire448/X                               0.200000    0.341757   -0.141757 (VIOLATED)
wire518/X                               0.200000    0.341681   -0.141681 (VIOLATED)
wire964/X                               0.200000    0.341655   -0.141655 (VIOLATED)
wire430/X                               0.200000    0.341314   -0.141314 (VIOLATED)
wire8962/X                              0.200000    0.340957   -0.140957 (VIOLATED)
wire8968/X                              0.200000    0.340446   -0.140446 (VIOLATED)
_097850_/X                              0.200000    0.340231   -0.140231 (VIOLATED)
wire8981/X                              0.200000    0.339964   -0.139964 (VIOLATED)
_094133_/Y                              0.200000    0.339949   -0.139949 (VIOLATED)
max_cap3333/X                           0.200000    0.339825   -0.139825 (VIOLATED)
max_cap3328/X                           0.200000    0.339538   -0.139538 (VIOLATED)
wire363/X                               0.200000    0.338792   -0.138792 (VIOLATED)
max_cap2655/X                           0.200000    0.338252   -0.138252 (VIOLATED)
wire3636/X                              0.200000    0.338099   -0.138099 (VIOLATED)
hold20048/X                             0.200000    0.337607   -0.137607 (VIOLATED)
wire830/X                               0.200000    0.337584   -0.137584 (VIOLATED)
wire862/X                               0.200000    0.337336   -0.137336 (VIOLATED)
wire844/X                               0.200000    0.337281   -0.137281 (VIOLATED)
_095689_/X                              0.200000    0.337167   -0.137167 (VIOLATED)
max_cap3330/X                           0.200000    0.335962   -0.135962 (VIOLATED)
wire758/X                               0.200000    0.335389   -0.135389 (VIOLATED)
wire410/X                               0.200000    0.334793   -0.134793 (VIOLATED)
wire838/X                               0.200000    0.334354   -0.134354 (VIOLATED)
wire801/X                               0.200000    0.334282   -0.134282 (VIOLATED)
wire475/X                               0.200000    0.334214   -0.134214 (VIOLATED)
wire480/X                               0.200000    0.333999   -0.133999 (VIOLATED)
wire462/X                               0.200000    0.333989   -0.133989 (VIOLATED)
wire865/X                               0.200000    0.333974   -0.133974 (VIOLATED)
wire832/X                               0.200000    0.333911   -0.133911 (VIOLATED)
hold31388/X                             0.200000    0.333459   -0.133459 (VIOLATED)
wire8973/X                              0.200000    0.333441   -0.133441 (VIOLATED)
wire839/X                               0.200000    0.333186   -0.133186 (VIOLATED)
max_cap9095/X                           0.200000    0.333008   -0.133008 (VIOLATED)
hold19789/X                             0.200000    0.332773   -0.132773 (VIOLATED)
wire4068/X                              0.200000    0.332366   -0.132366 (VIOLATED)
wire935/X                               0.200000    0.331954   -0.131954 (VIOLATED)
wire893/X                               0.200000    0.331626   -0.131626 (VIOLATED)
wire760/X                               0.200000    0.331530   -0.131530 (VIOLATED)
max_cap10101/X                          0.200000    0.331486   -0.131486 (VIOLATED)
wire774/X                               0.200000    0.329911   -0.129911 (VIOLATED)
wire785/X                               0.200000    0.329650   -0.129650 (VIOLATED)
max_cap3881/X                           0.200000    0.328944   -0.128944 (VIOLATED)
wire750/X                               0.200000    0.328338   -0.128338 (VIOLATED)
wire9062/X                              0.200000    0.327798   -0.127798 (VIOLATED)
load_slew3861/X                         0.200000    0.327288   -0.127288 (VIOLATED)
wire576/X                               0.200000    0.327198   -0.127198 (VIOLATED)
max_cap698/X                            0.200000    0.327075   -0.127075 (VIOLATED)
wire3836/X                              0.200000    0.326946   -0.126946 (VIOLATED)
wire9039/X                              0.200000    0.326910   -0.126910 (VIOLATED)
wire9129/X                              0.200000    0.326201   -0.126201 (VIOLATED)
wire531/X                               0.200000    0.326014   -0.126014 (VIOLATED)
wire4073/X                              0.200000    0.325538   -0.125538 (VIOLATED)
wire821/X                               0.200000    0.325161   -0.125161 (VIOLATED)
wire8957/X                              0.200000    0.324019   -0.124019 (VIOLATED)
hold31528/X                             0.200000    0.323394   -0.123394 (VIOLATED)
hold20724/X                             0.200000    0.322841   -0.122841 (VIOLATED)
max_cap3857/X                           0.200000    0.322770   -0.122770 (VIOLATED)
wire778/X                               0.200000    0.322048   -0.122048 (VIOLATED)
wire11650/X                             0.200000    0.321747   -0.121747 (VIOLATED)
wire3862/X                              0.200000    0.321674   -0.121674 (VIOLATED)
_095727_/Y                              0.200000    0.321660   -0.121660 (VIOLATED)
wire488/X                               0.200000    0.321369   -0.121369 (VIOLATED)
load_slew2880/X                         0.200000    0.321267   -0.121267 (VIOLATED)
max_cap4170/X                           0.200000    0.321142   -0.121142 (VIOLATED)
hold18713/X                             0.200000    0.320682   -0.120682 (VIOLATED)
wire783/X                               0.200000    0.320586   -0.120586 (VIOLATED)
load_slew451/X                          0.200000    0.320495   -0.120495 (VIOLATED)
wire227/X                               0.200000    0.317891   -0.117891 (VIOLATED)
wire765/X                               0.200000    0.317746   -0.117746 (VIOLATED)
hold31262/X                             0.200000    0.317741   -0.117741 (VIOLATED)
wire520/X                               0.200000    0.317228   -0.117228 (VIOLATED)
max_cap4074/X                           0.200000    0.316862   -0.116862 (VIOLATED)
_096059_/X                              0.200000    0.315801   -0.115801 (VIOLATED)
wire228/X                               0.200000    0.315763   -0.115763 (VIOLATED)
wire4192/X                              0.200000    0.315591   -0.115591 (VIOLATED)
wire447/X                               0.200000    0.315294   -0.115294 (VIOLATED)
wire4071/X                              0.200000    0.315279   -0.115279 (VIOLATED)
wire3081/X                              0.200000    0.314879   -0.114879 (VIOLATED)
hold20302/X                             0.200000    0.314772   -0.114772 (VIOLATED)
wire484/X                               0.200000    0.314007   -0.114007 (VIOLATED)
max_cap2857/X                           0.200000    0.313743   -0.113743 (VIOLATED)
hold28951/X                             0.200000    0.313565   -0.113565 (VIOLATED)
wire859/X                               0.200000    0.313284   -0.113284 (VIOLATED)
wire474/X                               0.200000    0.313243   -0.113243 (VIOLATED)
_192384_/Q                              0.200000    0.313225   -0.113225 (VIOLATED)
wire8951/X                              0.200000    0.313211   -0.113211 (VIOLATED)
wire841/X                               0.200000    0.313199   -0.113199 (VIOLATED)
wire3078/X                              0.200000    0.312596   -0.112596 (VIOLATED)
wire482/X                               0.200000    0.312128   -0.112128 (VIOLATED)
_144092_/X                              0.200000    0.312020   -0.112020 (VIOLATED)
wire375/X                               0.200000    0.311907   -0.111907 (VIOLATED)
wire958/X                               0.200000    0.311755   -0.111755 (VIOLATED)
_097812_/Y                              0.200000    0.310891   -0.110891 (VIOLATED)
wire850/X                               0.200000    0.310799   -0.110799 (VIOLATED)
max_cap2840/X                           0.200000    0.310434   -0.110434 (VIOLATED)
wire4424/X                              0.200000    0.310223   -0.110223 (VIOLATED)
wire777/X                               0.200000    0.310074   -0.110074 (VIOLATED)
wire357/X                               0.200000    0.309886   -0.109886 (VIOLATED)
wire426/X                               0.200000    0.309608   -0.109608 (VIOLATED)
clkbuf_7_95_0_clk_i_regs/X              0.200000    0.309466   -0.109466 (VIOLATED)
_132278_/X                              0.200000    0.309204   -0.109204 (VIOLATED)
wire524/X                               0.200000    0.309053   -0.109053 (VIOLATED)
wire8984/X                              0.200000    0.308765   -0.108765 (VIOLATED)
load_slew3649/X                         0.200000    0.308491   -0.108491 (VIOLATED)
wire8967/X                              0.200000    0.308221   -0.108221 (VIOLATED)
wire526/X                               0.200000    0.307874   -0.107874 (VIOLATED)
wire848/X                               0.200000    0.307488   -0.107488 (VIOLATED)
wire2417/X                              0.200000    0.307483   -0.107483 (VIOLATED)
wire9154/X                              0.200000    0.307440   -0.107440 (VIOLATED)
wire401/X                               0.200000    0.307189   -0.107189 (VIOLATED)
wire519/X                               0.200000    0.306622   -0.106622 (VIOLATED)
wire8977/X                              0.200000    0.306453   -0.106453 (VIOLATED)
wire411/X                               0.200000    0.306423   -0.106423 (VIOLATED)
max_cap3116/X                           0.200000    0.306238   -0.106238 (VIOLATED)
wire928/X                               0.200000    0.306210   -0.106210 (VIOLATED)
wire8964/X                              0.200000    0.305932   -0.105933 (VIOLATED)
wire4412/X                              0.200000    0.305440   -0.105440 (VIOLATED)
_095824_/X                              0.200000    0.305396   -0.105396 (VIOLATED)
max_cap721/X                            0.200000    0.305087   -0.105087 (VIOLATED)
wire7125/X                              0.200000    0.304894   -0.104894 (VIOLATED)
hold19461/X                             0.200000    0.304387   -0.104387 (VIOLATED)
wire3087/X                              0.200000    0.304026   -0.104026 (VIOLATED)
_097992_/X                              0.200000    0.303941   -0.103941 (VIOLATED)
wire4141/X                              0.200000    0.303428   -0.103428 (VIOLATED)
max_cap3880/X                           0.200000    0.303074   -0.103074 (VIOLATED)
wire9144/X                              0.200000    0.302961   -0.102961 (VIOLATED)
wire429/X                               0.200000    0.302929   -0.102929 (VIOLATED)
wire3080/X                              0.200000    0.302872   -0.102872 (VIOLATED)
clkbuf_7_96_0_clk_i_regs/X              0.200000    0.302865   -0.102865 (VIOLATED)
max_cap2654/X                           0.200000    0.302831   -0.102831 (VIOLATED)
load_slew3001/X                         0.200000    0.302580   -0.102580 (VIOLATED)
wire3131/X                              0.200000    0.302323   -0.102323 (VIOLATED)
load_slew3357/X                         0.200000    0.302062   -0.102062 (VIOLATED)
wire3083/X                              0.200000    0.301982   -0.101982 (VIOLATED)
load_slew2823/X                         0.200000    0.301439   -0.101439 (VIOLATED)
load_slew10193/X                        0.200000    0.301224   -0.101224 (VIOLATED)
wire501/X                               0.200000    0.299619   -0.099619 (VIOLATED)
_144184_/X                              0.200000    0.299458   -0.099458 (VIOLATED)
_096056_/X                              0.200000    0.299245   -0.099245 (VIOLATED)
_145792_/X                              0.200000    0.298985   -0.098985 (VIOLATED)
wire8959/X                              0.200000    0.298907   -0.098907 (VIOLATED)
max_cap2856/X                           0.200000    0.298845   -0.098846 (VIOLATED)
wire855/X                               0.200000    0.298795   -0.098795 (VIOLATED)
_096027_/X                              0.200000    0.298790   -0.098790 (VIOLATED)
_144027_/X                              0.200000    0.298694   -0.098694 (VIOLATED)
_096003_/X                              0.200000    0.298659   -0.098659 (VIOLATED)
wire3084/X                              0.200000    0.298600   -0.098600 (VIOLATED)
wire554/X                               0.200000    0.298599   -0.098599 (VIOLATED)
load_slew424/X                          0.200000    0.298200   -0.098200 (VIOLATED)
wire974/X                               0.200000    0.298151   -0.098151 (VIOLATED)
load_slew406/X                          0.200000    0.297621   -0.097621 (VIOLATED)
_095952_/X                              0.200000    0.296966   -0.096966 (VIOLATED)
wire438/X                               0.200000    0.296872   -0.096872 (VIOLATED)
_098008_/X                              0.200000    0.296446   -0.096446 (VIOLATED)
hold31568/X                             0.200000    0.296420   -0.096420 (VIOLATED)
wire582/X                               0.200000    0.295624   -0.095624 (VIOLATED)
wire510/X                               0.200000    0.295579   -0.095579 (VIOLATED)
wire483/X                               0.200000    0.295158   -0.095158 (VIOLATED)
wire4063/X                              0.200000    0.295134   -0.095133 (VIOLATED)
_098147_/X                              0.200000    0.295082   -0.095082 (VIOLATED)
wire3088/X                              0.200000    0.294681   -0.094681 (VIOLATED)
_098181_/X                              0.200000    0.294671   -0.094671 (VIOLATED)
_144052_/X                              0.200000    0.294518   -0.094518 (VIOLATED)
wire402/X                               0.200000    0.294450   -0.094450 (VIOLATED)
wire951/X                               0.200000    0.294159   -0.094159 (VIOLATED)
wire8971/X                              0.200000    0.294142   -0.094142 (VIOLATED)
wire620/X                               0.200000    0.294103   -0.094103 (VIOLATED)
wire456/X                               0.200000    0.294086   -0.094086 (VIOLATED)
wire3096/X                              0.200000    0.294023   -0.094023 (VIOLATED)
load_slew3637/X                         0.200000    0.293991   -0.093991 (VIOLATED)
wire981/X                               0.200000    0.293532   -0.093532 (VIOLATED)
_145812_/X                              0.200000    0.293392   -0.093392 (VIOLATED)
wire945/X                               0.200000    0.292938   -0.092938 (VIOLATED)
_095904_/X                              0.200000    0.292889   -0.092889 (VIOLATED)
wire4054/X                              0.200000    0.292862   -0.092862 (VIOLATED)
wire465/X                               0.200000    0.292210   -0.092210 (VIOLATED)
wire9024/X                              0.200000    0.292010   -0.092010 (VIOLATED)
wire6774/X                              0.200000    0.292008   -0.092008 (VIOLATED)
_097960_/X                              0.200000    0.291318   -0.091318 (VIOLATED)
wire907/X                               0.200000    0.291267   -0.091267 (VIOLATED)
wire710/X                               0.200000    0.290752   -0.090752 (VIOLATED)
wire3086/X                              0.200000    0.290097   -0.090097 (VIOLATED)
wire8958/X                              0.200000    0.288769   -0.088769 (VIOLATED)
_145807_/X                              0.200000    0.288712   -0.088712 (VIOLATED)
wire733/X                               0.200000    0.288453   -0.088453 (VIOLATED)
wire3079/X                              0.200000    0.288343   -0.088343 (VIOLATED)
_191667_/Q                              0.200000    0.288297   -0.088297 (VIOLATED)
_095856_/X                              0.200000    0.287979   -0.087979 (VIOLATED)
max_cap751/X                            0.200000    0.287606   -0.087606 (VIOLATED)
wire786/X                               0.200000    0.287232   -0.087232 (VIOLATED)
wire658/X                               0.200000    0.286612   -0.086612 (VIOLATED)
load_slew4173/X                         0.200000    0.286599   -0.086599 (VIOLATED)
_095916_/X                              0.200000    0.286557   -0.086557 (VIOLATED)
_098073_/X                              0.200000    0.286347   -0.086347 (VIOLATED)
wire492/X                               0.200000    0.286245   -0.086245 (VIOLATED)
wire3322/X                              0.200000    0.286213   -0.086213 (VIOLATED)
hold22582/X                             0.200000    0.285734   -0.085734 (VIOLATED)
_098057_/X                              0.200000    0.285729   -0.085729 (VIOLATED)
clkbuf_7_104_0_clk_i_regs/X             0.200000    0.285719   -0.085719 (VIOLATED)
hold21330/X                             0.200000    0.285337   -0.085337 (VIOLATED)
wire8954/X                              0.200000    0.284847   -0.084847 (VIOLATED)
wire3848/X                              0.200000    0.284754   -0.084754 (VIOLATED)
wire857/X                               0.200000    0.284556   -0.084556 (VIOLATED)
hold31522/X                             0.200000    0.284537   -0.084537 (VIOLATED)
wire420/X                               0.200000    0.284520   -0.084520 (VIOLATED)
_095872_/X                              0.200000    0.284505   -0.084505 (VIOLATED)
_191876_/Q                              0.200000    0.284134   -0.084134 (VIOLATED)
_096075_/X                              0.200000    0.284134   -0.084134 (VIOLATED)
wire10338/X                             0.200000    0.284039   -0.084039 (VIOLATED)
wire8953/X                              0.200000    0.283995   -0.083995 (VIOLATED)
_095948_/X                              0.200000    0.283991   -0.083991 (VIOLATED)
wire3094/X                              0.200000    0.283937   -0.083937 (VIOLATED)
_098163_/X                              0.200000    0.283846   -0.083846 (VIOLATED)
wire8974/X                              0.200000    0.283752   -0.083752 (VIOLATED)
wire230/X                               0.200000    0.283466   -0.083466 (VIOLATED)
wire4055/X                              0.200000    0.283194   -0.083194 (VIOLATED)
_095730_/Y                              0.200000    0.283045   -0.083045 (VIOLATED)
_096040_/X                              0.200000    0.282956   -0.082956 (VIOLATED)
wire635/X                               0.200000    0.282722   -0.082722 (VIOLATED)
_098635_/X                              0.200000    0.282480   -0.082480 (VIOLATED)
wire2820/X                              0.200000    0.282378   -0.082378 (VIOLATED)
_144032_/X                              0.200000    0.282080   -0.082080 (VIOLATED)
wire795/X                               0.200000    0.281973   -0.081973 (VIOLATED)
wire384/X                               0.200000    0.281856   -0.081856 (VIOLATED)
clkbuf_7_77_0_clk_i_regs/X              0.200000    0.281833   -0.081833 (VIOLATED)
_098010_/X                              0.200000    0.281772   -0.081772 (VIOLATED)
wire2832/X                              0.200000    0.281420   -0.081420 (VIOLATED)
wire10036/X                             0.200000    0.281378   -0.081378 (VIOLATED)
clkbuf_7_84_0_clk_i_regs/X              0.200000    0.281223   -0.081223 (VIOLATED)
load_slew523/X                          0.200000    0.281199   -0.081199 (VIOLATED)
wire4331/X                              0.200000    0.280924   -0.080924 (VIOLATED)
_092023_/X                              0.200000    0.280846   -0.080846 (VIOLATED)
wire4052/X                              0.200000    0.280841   -0.080841 (VIOLATED)
wire4149/X                              0.200000    0.280664   -0.080664 (VIOLATED)
wire385/X                               0.200000    0.280473   -0.080473 (VIOLATED)
_096251_/X                              0.200000    0.280300   -0.080300 (VIOLATED)
max_cap3196/X                           0.200000    0.280299   -0.080299 (VIOLATED)
wire6670/X                              0.200000    0.279934   -0.079934 (VIOLATED)
_097914_/X                              0.200000    0.279756   -0.079756 (VIOLATED)
_096043_/X                              0.200000    0.279696   -0.079696 (VIOLATED)
_097815_/Y                              0.200000    0.279573   -0.079573 (VIOLATED)
_092075_/X                              0.200000    0.279506   -0.079506 (VIOLATED)
wire759/X                               0.200000    0.278908   -0.078908 (VIOLATED)
wire3076/X                              0.200000    0.278895   -0.078895 (VIOLATED)
wire3386/X                              0.200000    0.278824   -0.078824 (VIOLATED)
wire3043/X                              0.200000    0.278796   -0.078796 (VIOLATED)
_096088_/X                              0.200000    0.278748   -0.078748 (VIOLATED)
_145777_/X                              0.200000    0.278273   -0.078273 (VIOLATED)
wire3523/X                              0.200000    0.278158   -0.078158 (VIOLATED)
wire3362/X                              0.200000    0.278087   -0.078087 (VIOLATED)
_103896_/X                              0.200000    0.277735   -0.077735 (VIOLATED)
_096152_/X                              0.200000    0.277703   -0.077703 (VIOLATED)
wire3830/X                              0.200000    0.277593   -0.077593 (VIOLATED)
_144037_/X                              0.200000    0.277426   -0.077426 (VIOLATED)
wire593/X                               0.200000    0.277364   -0.077364 (VIOLATED)
wire9045/X                              0.200000    0.277027   -0.077027 (VIOLATED)
wire7090/X                              0.200000    0.276794   -0.076794 (VIOLATED)
_095933_/X                              0.200000    0.276476   -0.076476 (VIOLATED)
_098173_/X                              0.200000    0.276382   -0.076382 (VIOLATED)
load_slew442/X                          0.200000    0.276042   -0.076042 (VIOLATED)
_098075_/X                              0.200000    0.275977   -0.075977 (VIOLATED)
wire340/X                               0.200000    0.275846   -0.075846 (VIOLATED)
_096168_/X                              0.200000    0.275319   -0.075319 (VIOLATED)
hold31393/X                             0.200000    0.275283   -0.075283 (VIOLATED)
_096167_/X                              0.200000    0.275265   -0.075265 (VIOLATED)
_097683_/X                              0.200000    0.275250   -0.075250 (VIOLATED)
wire231/X                               0.200000    0.275175   -0.075175 (VIOLATED)
wire3828/X                              0.200000    0.275154   -0.075154 (VIOLATED)
max_cap3517/X                           0.200000    0.274902   -0.074902 (VIOLATED)
_095888_/X                              0.200000    0.274821   -0.074821 (VIOLATED)
wire3028/X                              0.200000    0.274796   -0.074796 (VIOLATED)
load_slew621/X                          0.200000    0.274786   -0.074786 (VIOLATED)
wire3073/X                              0.200000    0.274667   -0.074667 (VIOLATED)
wire4148/X                              0.200000    0.274130   -0.074130 (VIOLATED)
_179253_/Y                              0.200000    0.274098   -0.074098 (VIOLATED)
_147191_/Y                              0.200000    0.274061   -0.074061 (VIOLATED)
wire6729/X                              0.200000    0.273766   -0.073766 (VIOLATED)
wire4044/X                              0.200000    0.273750   -0.073750 (VIOLATED)
_095981_/X                              0.200000    0.273728   -0.073728 (VIOLATED)
u_data_ram.g_sram[3].u_macro/dout1[19]    0.027560    0.101035   -0.073475 (VIOLATED)
wire9006/X                              0.200000    0.273224   -0.073224 (VIOLATED)
_145782_/X                              0.200000    0.272965   -0.072965 (VIOLATED)
_096024_/X                              0.200000    0.272674   -0.072674 (VIOLATED)
load_slew370/X                          0.200000    0.272646   -0.072646 (VIOLATED)
_144109_/X                              0.200000    0.272505   -0.072505 (VIOLATED)
wire822/X                               0.200000    0.272503   -0.072503 (VIOLATED)
max_cap2644/X                           0.200000    0.272488   -0.072488 (VIOLATED)
wire697/X                               0.200000    0.272469   -0.072469 (VIOLATED)
_098115_/X                              0.200000    0.272443   -0.072443 (VIOLATED)
wire3027/X                              0.200000    0.272436   -0.072436 (VIOLATED)
wire4041/X                              0.200000    0.272425   -0.072425 (VIOLATED)
wire3119/X                              0.200000    0.272358   -0.072358 (VIOLATED)
wire3703/X                              0.200000    0.272284   -0.072284 (VIOLATED)
_097691_/X                              0.200000    0.272277   -0.072277 (VIOLATED)
hold31475/X                             0.200000    0.272245   -0.072245 (VIOLATED)
hold31415/X                             0.200000    0.272068   -0.072068 (VIOLATED)
_096107_/X                              0.200000    0.271953   -0.071953 (VIOLATED)
wire1421/X                              0.200000    0.271881   -0.071881 (VIOLATED)
wire3667/X                              0.200000    0.271839   -0.071839 (VIOLATED)
load_slew3356/X                         0.200000    0.271807   -0.071807 (VIOLATED)
wire3800/X                              0.200000    0.271748   -0.071748 (VIOLATED)
_139599_/Y                              0.200000    0.271718   -0.071718 (VIOLATED)
u_npu.u_npu_sram.g_sram[14].u_macro/dout1[28]    0.027560    0.099114   -0.071554 (VIOLATED)
wire8070/X                              0.200000    0.271529   -0.071529 (VIOLATED)
wire9000/X                              0.200000    0.271526   -0.071526 (VIOLATED)
wire3360/X                              0.200000    0.271431   -0.071431 (VIOLATED)
_096120_/X                              0.200000    0.271191   -0.071191 (VIOLATED)
max_cap3332/X                           0.200000    0.271000   -0.071000 (VIOLATED)
wire3365/X                              0.200000    0.270944   -0.070944 (VIOLATED)
wire604/X                               0.200000    0.270943   -0.070943 (VIOLATED)
wire4066/X                              0.200000    0.270803   -0.070803 (VIOLATED)
_190215_/Q                              0.200000    0.270752   -0.070752 (VIOLATED)
_096136_/X                              0.200000    0.270739   -0.070739 (VIOLATED)
_096039_/X                              0.200000    0.270469   -0.070469 (VIOLATED)
_096008_/X                              0.200000    0.270275   -0.070275 (VIOLATED)
wire352/X                               0.200000    0.270135   -0.070135 (VIOLATED)
wire8987/X                              0.200000    0.269945   -0.069945 (VIOLATED)
wire3048/X                              0.200000    0.269928   -0.069928 (VIOLATED)
hold19825/X                             0.200000    0.269796   -0.069796 (VIOLATED)
wire3387/X                              0.200000    0.269766   -0.069766 (VIOLATED)
wire10234/X                             0.200000    0.269672   -0.069672 (VIOLATED)
_098097_/X                              0.200000    0.269529   -0.069529 (VIOLATED)
_098211_/X                              0.200000    0.269520   -0.069520 (VIOLATED)
load_slew764/X                          0.200000    0.269244   -0.069244 (VIOLATED)
max_cap3710/X                           0.200000    0.269196   -0.069196 (VIOLATED)
_132505_/X                              0.200000    0.269168   -0.069168 (VIOLATED)
_096203_/X                              0.200000    0.269156   -0.069156 (VIOLATED)
max_cap2427/X                           0.200000    0.269111   -0.069111 (VIOLATED)
wire3326/X                              0.200000    0.269095   -0.069095 (VIOLATED)
max_cap6838/X                           0.200000    0.269025   -0.069025 (VIOLATED)
wire4144/X                              0.200000    0.268643   -0.068643 (VIOLATED)
_191671_/Q                              0.200000    0.268573   -0.068573 (VIOLATED)
wire813/X                               0.200000    0.268569   -0.068569 (VIOLATED)
clkbuf_7_98_0_clk_i_regs/X              0.200000    0.268260   -0.068260 (VIOLATED)
wire4039/X                              0.200000    0.268159   -0.068159 (VIOLATED)
_096200_/X                              0.200000    0.267904   -0.067904 (VIOLATED)
wire991/X                               0.200000    0.267848   -0.067848 (VIOLATED)
wire8952/X                              0.200000    0.267833   -0.067833 (VIOLATED)
wire4138/X                              0.200000    0.267747   -0.067747 (VIOLATED)
wire3061/X                              0.200000    0.267544   -0.067544 (VIOLATED)
_145797_/X                              0.200000    0.267443   -0.067443 (VIOLATED)
wire3396/X                              0.200000    0.266959   -0.066959 (VIOLATED)
wire3097/X                              0.200000    0.266900   -0.066900 (VIOLATED)
wire2812/X                              0.200000    0.266734   -0.066734 (VIOLATED)
clkbuf_7_85_0_clk_i_regs/X              0.200000    0.266429   -0.066429 (VIOLATED)
wire768/X                               0.200000    0.266402   -0.066402 (VIOLATED)
wire3384/X                              0.200000    0.266220   -0.066220 (VIOLATED)
_144072_/X                              0.200000    0.266220   -0.066220 (VIOLATED)
max_cap856/X                            0.200000    0.265863   -0.065863 (VIOLATED)
_098088_/X                              0.200000    0.265848   -0.065848 (VIOLATED)
_145787_/X                              0.200000    0.265794   -0.065794 (VIOLATED)
_098040_/X                              0.200000    0.265573   -0.065573 (VIOLATED)
wire525/X                               0.200000    0.265441   -0.065441 (VIOLATED)
_096072_/X                              0.200000    0.265118   -0.065118 (VIOLATED)
_098197_/X                              0.200000    0.265030   -0.065030 (VIOLATED)
wire4147/X                              0.200000    0.264989   -0.064989 (VIOLATED)
wire881/X                               0.200000    0.264660   -0.064660 (VIOLATED)
wire8949/X                              0.200000    0.264533   -0.064533 (VIOLATED)
wire3652/X                              0.200000    0.264443   -0.064443 (VIOLATED)
max_cap2656/X                           0.200000    0.264358   -0.064358 (VIOLATED)
wire722/X                               0.200000    0.264357   -0.064357 (VIOLATED)
wire1458/X                              0.200000    0.264310   -0.064310 (VIOLATED)
clkbuf_7_94_0_clk_i_regs/X              0.200000    0.264171   -0.064171 (VIOLATED)
wire3052/X                              0.200000    0.264105   -0.064105 (VIOLATED)
wire7251/X                              0.200000    0.264008   -0.064008 (VIOLATED)
rebuffer18674/X                         0.200000    0.263936   -0.063936 (VIOLATED)
_092134_/X                              0.200000    0.263840   -0.063840 (VIOLATED)
clkbuf_7_86_0_clk_i_regs/X              0.200000    0.263816   -0.063816 (VIOLATED)
wire10248/X                             0.200000    0.263624   -0.063624 (VIOLATED)
wire3062/X                              0.200000    0.263600   -0.063600 (VIOLATED)
load_slew4056/X                         0.200000    0.263427   -0.063427 (VIOLATED)
load_slew397/X                          0.200000    0.263151   -0.063151 (VIOLATED)
_097896_/X                              0.200000    0.262998   -0.062998 (VIOLATED)
_096248_/X                              0.200000    0.262989   -0.062989 (VIOLATED)
wire3659/X                              0.200000    0.262908   -0.062908 (VIOLATED)
wire4047/X                              0.200000    0.262891   -0.062891 (VIOLATED)
max_cap4185/X                           0.200000    0.262849   -0.062849 (VIOLATED)
_096215_/X                              0.200000    0.262647   -0.062647 (VIOLATED)
wire736/X                               0.200000    0.262603   -0.062603 (VIOLATED)
_095936_/X                              0.200000    0.262466   -0.062466 (VIOLATED)
u_data_ram.g_sram[3].u_macro/dout1[20]    0.027560    0.089987   -0.062427 (VIOLATED)
_144062_/X                              0.200000    0.262388   -0.062388 (VIOLATED)
hold26357/X                             0.200000    0.262353   -0.062353 (VIOLATED)
_103836_/X                              0.200000    0.262309   -0.062309 (VIOLATED)
wire804/X                               0.200000    0.262227   -0.062227 (VIOLATED)
wire699/X                               0.200000    0.262201   -0.062201 (VIOLATED)
_096104_/X                              0.200000    0.261859   -0.061859 (VIOLATED)
_096155_/X                              0.200000    0.261829   -0.061829 (VIOLATED)
max_cap766/X                            0.200000    0.261786   -0.061786 (VIOLATED)
hold38411/X                             0.200000    0.261756   -0.061756 (VIOLATED)
wire3016/X                              0.200000    0.261402   -0.061402 (VIOLATED)
_098157_/X                              0.200000    0.261372   -0.061372 (VIOLATED)
wire3060/X                              0.200000    0.261343   -0.061343 (VIOLATED)
_098108_/X                              0.200000    0.261321   -0.061321 (VIOLATED)
wire3085/X                              0.200000    0.261119   -0.061119 (VIOLATED)
_098552_/X                              0.200000    0.261009   -0.061009 (VIOLATED)
wire6825/X                              0.200000    0.260973   -0.060973 (VIOLATED)
wire3082/X                              0.200000    0.260969   -0.060969 (VIOLATED)
load_slew4057/X                         0.200000    0.260902   -0.060902 (VIOLATED)
hold31577/X                             0.200000    0.260842   -0.060842 (VIOLATED)
_192390_/Q                              0.200000    0.260809   -0.060809 (VIOLATED)
_096139_/X                              0.200000    0.260618   -0.060618 (VIOLATED)
_097912_/X                              0.200000    0.260476   -0.060476 (VIOLATED)
max_cap4064/X                           0.200000    0.260469   -0.060469 (VIOLATED)
_096001_/X                              0.200000    0.260124   -0.060124 (VIOLATED)
wire3840/X                              0.200000    0.260101   -0.060101 (VIOLATED)
_145802_/X                              0.200000    0.259890   -0.059890 (VIOLATED)
wire2816/X                              0.200000    0.259803   -0.059803 (VIOLATED)
_132102_/X                              0.200000    0.259770   -0.059770 (VIOLATED)
_096087_/X                              0.200000    0.259716   -0.059716 (VIOLATED)
_097697_/X                              0.200000    0.259700   -0.059700 (VIOLATED)
rebuffer18604/X                         0.200000    0.259665   -0.059665 (VIOLATED)
load_slew3032/X                         0.200000    0.259486   -0.059486 (VIOLATED)
_098100_/X                              0.200000    0.259475   -0.059475 (VIOLATED)
_097694_/X                              0.200000    0.259456   -0.059456 (VIOLATED)
wire982/X                               0.200000    0.259318   -0.059318 (VIOLATED)
_095900_/X                              0.200000    0.259173   -0.059173 (VIOLATED)
load_slew388/X                          0.200000    0.259162   -0.059162 (VIOLATED)
_096071_/X                              0.200000    0.258709   -0.058709 (VIOLATED)
load_slew3704/X                         0.200000    0.258696   -0.058696 (VIOLATED)
wire3077/X                              0.200000    0.258622   -0.058622 (VIOLATED)
wire8956/X                              0.200000    0.258462   -0.058462 (VIOLATED)
wire3700/X                              0.200000    0.258404   -0.058404 (VIOLATED)
load_slew3657/X                         0.200000    0.258367   -0.058367 (VIOLATED)
_092076_/X                              0.200000    0.258356   -0.058356 (VIOLATED)
wire3701/X                              0.200000    0.258352   -0.058352 (VIOLATED)
_190300_/Q                              0.200000    0.258272   -0.058272 (VIOLATED)
wire8969/X                              0.200000    0.258141   -0.058141 (VIOLATED)
wire393/X                               0.200000    0.258127   -0.058127 (VIOLATED)
_098024_/X                              0.200000    0.258116   -0.058116 (VIOLATED)
rebuffer38628/X                         0.200000    0.258015   -0.058015 (VIOLATED)
max_cap2398/X                           0.200000    0.257858   -0.057858 (VIOLATED)
_098125_/X                              0.200000    0.257673   -0.057673 (VIOLATED)
load_slew3300/X                         0.200000    0.257652   -0.057652 (VIOLATED)
_144099_/X                              0.200000    0.257587   -0.057587 (VIOLATED)
load_slew379/X                          0.200000    0.257525   -0.057525 (VIOLATED)
_191122_/Q                              0.200000    0.257395   -0.057395 (VIOLATED)
wire1631/X                              0.200000    0.257374   -0.057374 (VIOLATED)
u_instruction_ram.g_sram[2].u_macro/dout1[17]    0.027560    0.084720   -0.057161 (VIOLATED)
_096216_/X                              0.200000    0.257079   -0.057079 (VIOLATED)
wire10228/X                             0.200000    0.256928   -0.056928 (VIOLATED)
wire3656/X                              0.200000    0.256920   -0.056920 (VIOLATED)
_098133_/X                              0.200000    0.256635   -0.056635 (VIOLATED)
_098520_/X                              0.200000    0.256608   -0.056608 (VIOLATED)
wire4083/X                              0.200000    0.256552   -0.056552 (VIOLATED)
wire4425/X                              0.200000    0.256393   -0.056393 (VIOLATED)
_132496_/X                              0.200000    0.256171   -0.056171 (VIOLATED)
hold32015/X                             0.200000    0.256162   -0.056162 (VIOLATED)
_096232_/X                              0.200000    0.256084   -0.056084 (VIOLATED)
wire2818/X                              0.200000    0.256006   -0.056006 (VIOLATED)
_096135_/X                              0.200000    0.256003   -0.056003 (VIOLATED)
wire970/X                               0.200000    0.255984   -0.055984 (VIOLATED)
wire10262/X                             0.200000    0.255833   -0.055833 (VIOLATED)
_097986_/X                              0.200000    0.255807   -0.055807 (VIOLATED)
wire3846/X                              0.200000    0.255686   -0.055686 (VIOLATED)
wire3708/X                              0.200000    0.255591   -0.055591 (VIOLATED)
hold31418/X                             0.200000    0.255575   -0.055575 (VIOLATED)
wire3672/X                              0.200000    0.255539   -0.055539 (VIOLATED)
wire3380/X                              0.200000    0.255340   -0.055340 (VIOLATED)
wire3075/X                              0.200000    0.255226   -0.055226 (VIOLATED)
clkbuf_7_107_0_clk_i_regs/X             0.200000    0.255199   -0.055199 (VIOLATED)
max_cap754/X                            0.200000    0.255105   -0.055105 (VIOLATED)
wire3378/X                              0.200000    0.255076   -0.055076 (VIOLATED)
load_slew6797/X                         0.200000    0.254957   -0.054957 (VIOLATED)
wire3093/X                              0.200000    0.254820   -0.054820 (VIOLATED)
max_cap9139/X                           0.200000    0.254811   -0.054811 (VIOLATED)
_090151_/Y                              0.200000    0.254678   -0.054678 (VIOLATED)
wire10125/X                             0.200000    0.254608   -0.054608 (VIOLATED)
wire3379/X                              0.200000    0.254555   -0.054555 (VIOLATED)
wire3709/X                              0.200000    0.254376   -0.054376 (VIOLATED)
wire1072/X                              0.200000    0.254300   -0.054300 (VIOLATED)
wire3044/X                              0.200000    0.254269   -0.054269 (VIOLATED)
_098131_/X                              0.200000    0.254260   -0.054260 (VIOLATED)
wire3074/X                              0.200000    0.254214   -0.054214 (VIOLATED)
load_slew3638/X                         0.200000    0.254166   -0.054166 (VIOLATED)
wire3702/X                              0.200000    0.254048   -0.054048 (VIOLATED)
_095969_/X                              0.200000    0.253857   -0.053857 (VIOLATED)
wire3361/X                              0.200000    0.253846   -0.053846 (VIOLATED)
_096103_/X                              0.200000    0.253844   -0.053844 (VIOLATED)
wire4154/X                              0.200000    0.253736   -0.053736 (VIOLATED)
wire3850/X                              0.200000    0.253597   -0.053597 (VIOLATED)
wire3018/X                              0.200000    0.253560   -0.053560 (VIOLATED)
load_slew433/X                          0.200000    0.253533   -0.053533 (VIOLATED)
_132724_/X                              0.200000    0.253162   -0.053162 (VIOLATED)
_098165_/X                              0.200000    0.252898   -0.052898 (VIOLATED)
u_npu.u_npu_sram.g_sram[11].u_macro/dout1[27]    0.027560    0.080379   -0.052819 (VIOLATED)
_096184_/X                              0.200000    0.252710   -0.052710 (VIOLATED)
_095737_/X                              0.200000    0.252537   -0.052537 (VIOLATED)
wire771/X                               0.200000    0.252447   -0.052447 (VIOLATED)
load_slew413/X                          0.200000    0.252377   -0.052377 (VIOLATED)
wire3063/X                              0.200000    0.252280   -0.052280 (VIOLATED)
_097767_/X                              0.200000    0.252247   -0.052247 (VIOLATED)
load_slew460/X                          0.200000    0.251997   -0.051997 (VIOLATED)
_191863_/Q                              0.200000    0.251891   -0.051891 (VIOLATED)
wire3394/X                              0.200000    0.251852   -0.051852 (VIOLATED)
_098059_/X                              0.200000    0.251820   -0.051820 (VIOLATED)
wire3089/X                              0.200000    0.251341   -0.051341 (VIOLATED)
wire3350/X                              0.200000    0.251320   -0.051320 (VIOLATED)
wire3368/X                              0.200000    0.251266   -0.051266 (VIOLATED)
max_cap793/X                            0.200000    0.251171   -0.051171 (VIOLATED)
wire3058/X                              0.200000    0.251124   -0.051124 (VIOLATED)
wire3661/X                              0.200000    0.251115   -0.051115 (VIOLATED)
_096235_/X                              0.200000    0.250918   -0.050918 (VIOLATED)
wire953/X                               0.200000    0.250775   -0.050775 (VIOLATED)
wire165/X                               0.200000    0.250734   -0.050734 (VIOLATED)
load_slew3033/X                         0.200000    0.250545   -0.050545 (VIOLATED)
wire840/X                               0.200000    0.250448   -0.050448 (VIOLATED)
_096219_/X                              0.200000    0.250408   -0.050408 (VIOLATED)
wire3366/X                              0.200000    0.250163   -0.050163 (VIOLATED)
wire9015/X                              0.200000    0.250162   -0.050162 (VIOLATED)
u_npu.u_npu_sram.g_sram[11].u_macro/dout1[29]    0.027560    0.077628   -0.050068 (VIOLATED)
wire689/X                               0.200000    0.250013   -0.050013 (VIOLATED)
_096119_/X                              0.200000    0.249931   -0.049931 (VIOLATED)
u_npu.u_npu_sram.g_sram[11].u_macro/dout1[18]    0.027560    0.077484   -0.049924 (VIOLATED)
u_data_ram.g_sram[3].u_macro/dout1[28]    0.027560    0.077450   -0.049890 (VIOLATED)
_132953_/X                              0.200000    0.249742   -0.049742 (VIOLATED)
max_cap1519/X                           0.200000    0.249739   -0.049739 (VIOLATED)
wire4084/X                              0.200000    0.249666   -0.049666 (VIOLATED)
wire4059/X                              0.200000    0.249466   -0.049466 (VIOLATED)
wire3031/X                              0.200000    0.249361   -0.049361 (VIOLATED)
_132289_/Y                              0.200000    0.249191   -0.049191 (VIOLATED)
_095985_/X                              0.200000    0.249141   -0.049141 (VIOLATED)
load_slew3367/X                         0.200000    0.249054   -0.049054 (VIOLATED)
wire8943/X                              0.200000    0.248888   -0.048888 (VIOLATED)
_095982_/X                              0.200000    0.248741   -0.048741 (VIOLATED)
_103877_/Y                              0.200000    0.248721   -0.048721 (VIOLATED)
max_cap9134/X                           0.200000    0.248560   -0.048560 (VIOLATED)
load_slew10150/X                        0.200000    0.248481   -0.048481 (VIOLATED)
wire703/X                               0.200000    0.248180   -0.048180 (VIOLATED)
max_cap3335/X                           0.200000    0.248165   -0.048165 (VIOLATED)
_098179_/X                              0.200000    0.248160   -0.048160 (VIOLATED)
_095917_/X                              0.200000    0.248067   -0.048067 (VIOLATED)
wire3707/X                              0.200000    0.248034   -0.048034 (VIOLATED)
wire3351/X                              0.200000    0.247896   -0.047896 (VIOLATED)
wire3718/X                              0.200000    0.247888   -0.047888 (VIOLATED)
load_slew3017/X                         0.200000    0.247816   -0.047816 (VIOLATED)
max_cap802/X                            0.200000    0.247772   -0.047772 (VIOLATED)
_096151_/X                              0.200000    0.247691   -0.047691 (VIOLATED)
wire858/X                               0.200000    0.247582   -0.047582 (VIOLATED)
load_slew1149/X                         0.200000    0.247488   -0.047488 (VIOLATED)
_098205_/X                              0.200000    0.247301   -0.047301 (VIOLATED)
_097688_/X                              0.200000    0.247267   -0.047267 (VIOLATED)
wire3021/X                              0.200000    0.247227   -0.047227 (VIOLATED)
wire3382/X                              0.200000    0.247209   -0.047209 (VIOLATED)
load_slew2825/X                         0.200000    0.247049   -0.047049 (VIOLATED)
wire807/X                               0.200000    0.247032   -0.047032 (VIOLATED)
wire3066/X                              0.200000    0.247023   -0.047023 (VIOLATED)
u_npu.u_npu_sram.g_sram[11].u_macro/dout1[28]    0.027560    0.074569   -0.047009 (VIOLATED)
wire629/X                               0.200000    0.247010   -0.047010 (VIOLATED)
_097831_/Y                              0.200000    0.246883   -0.046883 (VIOLATED)
wire538/X                               0.200000    0.246868   -0.046868 (VIOLATED)
wire3466/X                              0.200000    0.246697   -0.046697 (VIOLATED)
wire3679/X                              0.200000    0.246642   -0.046642 (VIOLATED)
wire4140/X                              0.200000    0.246612   -0.046612 (VIOLATED)
load_slew3034/X                         0.200000    0.246554   -0.046554 (VIOLATED)
wire3375/X                              0.200000    0.246487   -0.046487 (VIOLATED)
_131563_/X                              0.200000    0.246363   -0.046363 (VIOLATED)
wire3002/X                              0.200000    0.246330   -0.046330 (VIOLATED)
clkbuf_7_87_0_clk_i_regs/X              0.200000    0.246330   -0.046330 (VIOLATED)
wire3870/X                              0.200000    0.246311   -0.046311 (VIOLATED)
load_slew415/X                          0.200000    0.246290   -0.046290 (VIOLATED)
wire3383/X                              0.200000    0.246286   -0.046286 (VIOLATED)
wire3893/X                              0.200000    0.246214   -0.046214 (VIOLATED)
wire3435/X                              0.200000    0.246194   -0.046194 (VIOLATED)
wire2813/X                              0.200000    0.245999   -0.045999 (VIOLATED)
wire4145/X                              0.200000    0.245925   -0.045925 (VIOLATED)
_095901_/X                              0.200000    0.245806   -0.045806 (VIOLATED)
_098002_/X                              0.200000    0.245798   -0.045798 (VIOLATED)
u_instruction_ram.g_sram[2].u_macro/dout1[10]    0.027560    0.073351   -0.045791 (VIOLATED)
load_slew3621/X                         0.200000    0.245756   -0.045756 (VIOLATED)
wire3695/X                              0.200000    0.245623   -0.045623 (VIOLATED)
wire9009/X                              0.200000    0.245498   -0.045498 (VIOLATED)
load_slew10242/X                        0.200000    0.245470   -0.045470 (VIOLATED)
load_slew3722/X                         0.200000    0.245465   -0.045465 (VIOLATED)
wire3036/X                              0.200000    0.245395   -0.045395 (VIOLATED)
wire864/X                               0.200000    0.245388   -0.045388 (VIOLATED)
max_cap2595/X                           0.200000    0.245363   -0.045363 (VIOLATED)
load_slew2831/X                         0.200000    0.245304   -0.045304 (VIOLATED)
max_cap3244/X                           0.200000    0.245266   -0.045266 (VIOLATED)
wire3436/X                              0.200000    0.245152   -0.045152 (VIOLATED)
wire486/X                               0.200000    0.244950   -0.044950 (VIOLATED)
_095885_/X                              0.200000    0.244709   -0.044709 (VIOLATED)
wire720/X                               0.200000    0.244678   -0.044678 (VIOLATED)
_096247_/X                              0.200000    0.244618   -0.044618 (VIOLATED)
wire8994/X                              0.200000    0.244612   -0.044612 (VIOLATED)
wire9030/X                              0.200000    0.244450   -0.044450 (VIOLATED)
max_cap8836/X                           0.200000    0.244367   -0.044367 (VIOLATED)
wire846/X                               0.200000    0.244364   -0.044364 (VIOLATED)
max_cap4421/X                           0.200000    0.244362   -0.044362 (VIOLATED)
wire3059/X                              0.200000    0.244312   -0.044312 (VIOLATED)
load_slew782/X                          0.200000    0.244311   -0.044311 (VIOLATED)
load_slew3107/X                         0.200000    0.244266   -0.044266 (VIOLATED)
_095964_/X                              0.200000    0.244144   -0.044144 (VIOLATED)
hold20479/X                             0.200000    0.244107   -0.044107 (VIOLATED)
wire993/X                               0.200000    0.244090   -0.044090 (VIOLATED)
_098261_/X                              0.200000    0.244053   -0.044053 (VIOLATED)
_098042_/X                              0.200000    0.244041   -0.044041 (VIOLATED)
wire4143/X                              0.200000    0.244032   -0.044032 (VIOLATED)
wire414/X                               0.200000    0.244006   -0.044006 (VIOLATED)
_090147_/Y                              0.200000    0.244002   -0.044002 (VIOLATED)
_096199_/X                              0.200000    0.243953   -0.043953 (VIOLATED)
wire3393/X                              0.200000    0.243952   -0.043952 (VIOLATED)
wire3037/X                              0.200000    0.243895   -0.043895 (VIOLATED)
wire459/X                               0.200000    0.243823   -0.043823 (VIOLATED)
_191939_/Q                              0.200000    0.243724   -0.043724 (VIOLATED)
wire3647/X                              0.200000    0.243697   -0.043697 (VIOLATED)
wire3072/X                              0.200000    0.243494   -0.043494 (VIOLATED)
max_cap4053/X                           0.200000    0.243440   -0.043440 (VIOLATED)
u_npu.u_npu_sram.g_sram[11].u_macro/dout1[17]    0.027560    0.070939   -0.043379 (VIOLATED)
wire3390/X                              0.200000    0.243284   -0.043284 (VIOLATED)
_191096_/Q                              0.200000    0.243171   -0.043171 (VIOLATED)
rebuffer18593/X                         0.200000    0.243162   -0.043162 (VIOLATED)
load_slew3434/X                         0.200000    0.242970   -0.042970 (VIOLATED)
wire3054/X                              0.200000    0.242945   -0.042945 (VIOLATED)
load_slew3042/X                         0.200000    0.242935   -0.042935 (VIOLATED)
wire1032/X                              0.200000    0.242767   -0.042767 (VIOLATED)
wire8069/X                              0.200000    0.242709   -0.042709 (VIOLATED)
wire2826/X                              0.200000    0.242702   -0.042702 (VIOLATED)
clkbuf_7_126_0_clk_i_regs/X             0.200000    0.242670   -0.042670 (VIOLATED)
wire9012/X                              0.200000    0.242654   -0.042654 (VIOLATED)
_096183_/X                              0.200000    0.242543   -0.042543 (VIOLATED)
wire571/X                               0.200000    0.242518   -0.042518 (VIOLATED)
wire3381/X                              0.200000    0.242339   -0.042339 (VIOLATED)
load_slew3388/X                         0.200000    0.242324   -0.042324 (VIOLATED)
_162472_/Y                              0.200000    0.242141   -0.042141 (VIOLATED)
_145772_/X                              0.200000    0.242118   -0.042118 (VIOLATED)
load_slew3364/X                         0.200000    0.242057   -0.042057 (VIOLATED)
_096023_/X                              0.200000    0.242054   -0.042054 (VIOLATED)
wire728/X                               0.200000    0.242008   -0.042008 (VIOLATED)
wire852/X                               0.200000    0.241989   -0.041989 (VIOLATED)
wire3445/X                              0.200000    0.241778   -0.041778 (VIOLATED)
wire9042/X                              0.200000    0.241685   -0.041685 (VIOLATED)
_145762_/X                              0.200000    0.241341   -0.041341 (VIOLATED)
_096123_/X                              0.200000    0.241339   -0.041339 (VIOLATED)
wire9027/X                              0.200000    0.241334   -0.041334 (VIOLATED)
wire640/X                               0.200000    0.241333   -0.041333 (VIOLATED)
wire3003/X                              0.200000    0.241065   -0.041065 (VIOLATED)
_097994_/X                              0.200000    0.241061   -0.041061 (VIOLATED)
_098141_/X                              0.200000    0.241008   -0.041008 (VIOLATED)
wire3392/X                              0.200000    0.240977   -0.040977 (VIOLATED)
max_cap3696/X                           0.200000    0.240926   -0.040926 (VIOLATED)
_098067_/X                              0.200000    0.240833   -0.040833 (VIOLATED)
wire3325/X                              0.200000    0.240809   -0.040809 (VIOLATED)
_097922_/X                              0.200000    0.240800   -0.040800 (VIOLATED)
_098774_/X                              0.200000    0.240783   -0.040783 (VIOLATED)
hold31909/X                             0.200000    0.240755   -0.040755 (VIOLATED)
_191094_/Q                              0.200000    0.240582   -0.040582 (VIOLATED)
wire10205/X                             0.200000    0.240424   -0.040424 (VIOLATED)
hold31967/X                             0.200000    0.240414   -0.040414 (VIOLATED)
wire10112/X                             0.200000    0.240400   -0.040400 (VIOLATED)
wire3699/X                              0.200000    0.240276   -0.040276 (VIOLATED)
_098109_/X                              0.200000    0.240114   -0.040114 (VIOLATED)
wire9018/X                              0.200000    0.240094   -0.040094 (VIOLATED)
_098815_/X                              0.200000    0.240055   -0.040055 (VIOLATED)
u_npu.u_npu_sram.g_sram[8].u_macro/dout1[19]    0.027560    0.067575   -0.040015 (VIOLATED)
load_slew3051/X                         0.200000    0.239944   -0.039944 (VIOLATED)
wire4136/X                              0.200000    0.239841   -0.039841 (VIOLATED)
wire831/X                               0.200000    0.239811   -0.039811 (VIOLATED)
max_cap150/X                            0.200000    0.239691   -0.039691 (VIOLATED)
max_cap3336/X                           0.200000    0.239663   -0.039663 (VIOLATED)
load_slew3363/X                         0.200000    0.239635   -0.039635 (VIOLATED)
wire3305/X                              0.200000    0.239480   -0.039480 (VIOLATED)
load_slew863/X                          0.200000    0.239394   -0.039394 (VIOLATED)
_099094_/X                              0.200000    0.239393   -0.039393 (VIOLATED)
wire8939/X                              0.200000    0.239328   -0.039328 (VIOLATED)
u_data_ram.g_sram[3].u_macro/dout1[18]    0.027560    0.066884   -0.039324 (VIOLATED)
hold31930/X                             0.200000    0.239233   -0.039233 (VIOLATED)
wire4085/X                              0.200000    0.239211   -0.039211 (VIOLATED)
_096187_/X                              0.200000    0.239203   -0.039203 (VIOLATED)
load_slew496/X                          0.200000    0.239032   -0.039032 (VIOLATED)
wire4151/X                              0.200000    0.238866   -0.038866 (VIOLATED)
u_instruction_ram.g_sram[2].u_macro/dout1[20]    0.027560    0.066294   -0.038734 (VIOLATED)
wire565/X                               0.200000    0.238681   -0.038681 (VIOLATED)
u_data_ram.g_sram[3].u_macro/dout1[29]    0.027560    0.066118   -0.038558 (VIOLATED)
wire560/X                               0.200000    0.238510   -0.038510 (VIOLATED)
_104007_/X                              0.200000    0.238488   -0.038488 (VIOLATED)
_098050_/X                              0.200000    0.238437   -0.038437 (VIOLATED)
wire1517/X                              0.200000    0.238258   -0.038258 (VIOLATED)
_191093_/Q                              0.200000    0.238185   -0.038185 (VIOLATED)
_095789_/X                              0.200000    0.238153   -0.038153 (VIOLATED)
_098245_/X                              0.200000    0.238142   -0.038142 (VIOLATED)
_103892_/Y                              0.200000    0.238121   -0.038121 (VIOLATED)
wire3824/X                              0.200000    0.238095   -0.038095 (VIOLATED)
wire643/X                               0.200000    0.238041   -0.038041 (VIOLATED)
wire666/X                               0.200000    0.237884   -0.037884 (VIOLATED)
_097686_/X                              0.200000    0.237846   -0.037846 (VIOLATED)
max_cap4218/X                           0.200000    0.237804   -0.037804 (VIOLATED)
load_slew3045/X                         0.200000    0.237740   -0.037740 (VIOLATED)
_098837_/X                              0.200000    0.237706   -0.037706 (VIOLATED)
wire351/X                               0.200000    0.237636   -0.037636 (VIOLATED)
wire3385/X                              0.200000    0.237622   -0.037622 (VIOLATED)
_097702_/X                              0.200000    0.237603   -0.037603 (VIOLATED)
wire3090/X                              0.200000    0.237489   -0.037489 (VIOLATED)
wire3041/X                              0.200000    0.237449   -0.037449 (VIOLATED)
_097771_/X                              0.200000    0.237332   -0.037332 (VIOLATED)
_098086_/X                              0.200000    0.237318   -0.037318 (VIOLATED)
max_cap2817/X                           0.200000    0.237288   -0.037288 (VIOLATED)
wire959/X                               0.200000    0.237214   -0.037214 (VIOLATED)
wire3680/X                              0.200000    0.237206   -0.037206 (VIOLATED)
u_npu.u_npu_sram.g_sram[11].u_macro/dout1[31]    0.027560    0.064744   -0.037184 (VIOLATED)
_144008_/X                              0.200000    0.237104   -0.037104 (VIOLATED)
wire3712/X                              0.200000    0.237101   -0.037101 (VIOLATED)
wire9998/X                              0.200000    0.237097   -0.037097 (VIOLATED)
_145740_/X                              0.200000    0.237095   -0.037095 (VIOLATED)
load_slew3397/X                         0.200000    0.237077   -0.037077 (VIOLATED)
max_cap9149/X                           0.200000    0.236920   -0.036920 (VIOLATED)
wire3014/X                              0.200000    0.236822   -0.036822 (VIOLATED)
wire4328/X                              0.200000    0.236719   -0.036719 (VIOLATED)
_097761_/X                              0.200000    0.236638   -0.036638 (VIOLATED)
wire336/X                               0.200000    0.236552   -0.036552 (VIOLATED)
load_slew3040/X                         0.200000    0.236408   -0.036408 (VIOLATED)
load_slew355/X                          0.200000    0.236373   -0.036373 (VIOLATED)
wire3020/X                              0.200000    0.236261   -0.036261 (VIOLATED)
_103915_/X                              0.200000    0.236260   -0.036260 (VIOLATED)
u_npu.u_npu_sram.g_sram[11].u_macro/dout1[30]    0.027560    0.063813   -0.036253 (VIOLATED)
wire3064/X                              0.200000    0.236139   -0.036139 (VIOLATED)
load_slew431/X                          0.200000    0.236061   -0.036061 (VIOLATED)
wire3352/X                              0.200000    0.236055   -0.036055 (VIOLATED)
_145752_/X                              0.200000    0.236005   -0.036005 (VIOLATED)
_097827_/X                              0.200000    0.235970   -0.035970 (VIOLATED)
_097848_/X                              0.200000    0.235932   -0.035932 (VIOLATED)
wire2815/X                              0.200000    0.235750   -0.035750 (VIOLATED)
max_cap3872/X                           0.200000    0.235730   -0.035730 (VIOLATED)
_095772_/X                              0.200000    0.235725   -0.035725 (VIOLATED)
_098632_/X                              0.200000    0.235665   -0.035665 (VIOLATED)
wire3389/X                              0.200000    0.235532   -0.035532 (VIOLATED)
_096055_/X                              0.200000    0.235485   -0.035485 (VIOLATED)
_098341_/X                              0.200000    0.235474   -0.035474 (VIOLATED)
wire2810/X                              0.200000    0.235466   -0.035466 (VIOLATED)
wire4139/X                              0.200000    0.235438   -0.035438 (VIOLATED)
_191097_/Q                              0.200000    0.235410   -0.035410 (VIOLATED)
wire3349/X                              0.200000    0.235405   -0.035405 (VIOLATED)
_096171_/X                              0.200000    0.235395   -0.035395 (VIOLATED)
wire3717/X                              0.200000    0.235392   -0.035392 (VIOLATED)
hold31531/X                             0.200000    0.235369   -0.035369 (VIOLATED)
_179595_/X                              0.200000    0.235349   -0.035349 (VIOLATED)
_103907_/X                              0.200000    0.235239   -0.035239 (VIOLATED)
wire2464/X                              0.200000    0.235235   -0.035235 (VIOLATED)
max_cap2649/X                           0.200000    0.235187   -0.035187 (VIOLATED)
rebuffer18535/X                         0.200000    0.235178   -0.035178 (VIOLATED)
load_slew3299/X                         0.200000    0.235132   -0.035132 (VIOLATED)
load_slew3645/X                         0.200000    0.235118   -0.035118 (VIOLATED)
u_data_ram.g_sram[1].u_macro/dout1[5]    0.027560    0.062661   -0.035101 (VIOLATED)
wire1649/X                              0.200000    0.235064   -0.035064 (VIOLATED)
_190978_/Q                              0.200000    0.235047   -0.035047 (VIOLATED)
wire968/X                               0.200000    0.234940   -0.034940 (VIOLATED)
_097214_/X                              0.200000    0.234905   -0.034905 (VIOLATED)
_103922_/Y                              0.200000    0.234880   -0.034880 (VIOLATED)
_095805_/X                              0.200000    0.234597   -0.034597 (VIOLATED)
wire3673/X                              0.200000    0.234483   -0.034483 (VIOLATED)
wire3705/X                              0.200000    0.234462   -0.034462 (VIOLATED)
hold32027/X                             0.200000    0.234405   -0.034405 (VIOLATED)
max_cap4067/X                           0.200000    0.234391   -0.034391 (VIOLATED)
wire6731/X                              0.200000    0.234363   -0.034363 (VIOLATED)
wire9036/X                              0.200000    0.234236   -0.034236 (VIOLATED)
_098172_/X                              0.200000    0.234218   -0.034218 (VIOLATED)
_098018_/X                              0.200000    0.234181   -0.034181 (VIOLATED)
_095965_/X                              0.200000    0.234114   -0.034114 (VIOLATED)
hold32036/X                             0.200000    0.234104   -0.034104 (VIOLATED)
_097785_/X                              0.200000    0.233983   -0.033983 (VIOLATED)
_097976_/X                              0.200000    0.233961   -0.033961 (VIOLATED)
hold32063/X                             0.200000    0.233893   -0.033893 (VIOLATED)
u_npu.u_npu_sram.g_sram[8].u_macro/dout1[27]    0.027560    0.061212   -0.033652 (VIOLATED)
load_slew3298/X                         0.200000    0.233524   -0.033524 (VIOLATED)
hold32067/X                             0.200000    0.233420   -0.033420 (VIOLATED)
_147678_/X                              0.200000    0.233369   -0.033369 (VIOLATED)
wire11661/X                             0.200000    0.233322   -0.033322 (VIOLATED)
max_cap775/X                            0.200000    0.233254   -0.033254 (VIOLATED)
wire3697/X                              0.200000    0.233160   -0.033160 (VIOLATED)
load_slew3642/X                         0.200000    0.233149   -0.033149 (VIOLATED)
_097797_/X                              0.200000    0.233086   -0.033086 (VIOLATED)
wire1545/X                              0.200000    0.233082   -0.033082 (VIOLATED)
hold29542/X                             0.200000    0.233074   -0.033074 (VIOLATED)
wire6756/X                              0.200000    0.233006   -0.033006 (VIOLATED)
_191095_/Q                              0.200000    0.232983   -0.032983 (VIOLATED)
wire3047/X                              0.200000    0.232693   -0.032693 (VIOLATED)
_094137_/Y                              0.200000    0.232691   -0.032691 (VIOLATED)
max_cap8455/X                           0.200000    0.232436   -0.032436 (VIOLATED)
wire2537/X                              0.200000    0.232401   -0.032401 (VIOLATED)
_098556_/X                              0.200000    0.232378   -0.032378 (VIOLATED)
hold32079/X                             0.200000    0.232362   -0.032362 (VIOLATED)
_098498_/X                              0.200000    0.232337   -0.032337 (VIOLATED)
_097205_/X                              0.200000    0.232303   -0.032303 (VIOLATED)
wire513/X                               0.200000    0.232112   -0.032112 (VIOLATED)
wire713/X                               0.200000    0.232112   -0.032112 (VIOLATED)
_098149_/X                              0.200000    0.232102   -0.032102 (VIOLATED)
wire3359/X                              0.200000    0.232092   -0.032092 (VIOLATED)
wire2829/X                              0.200000    0.232064   -0.032064 (VIOLATED)
load_slew773/X                          0.200000    0.232050   -0.032050 (VIOLATED)
u_npu.u_npu_sram.g_sram[3].u_macro/dout1[30]    0.027560    0.059605   -0.032045 (VIOLATED)
load_slew530/X                          0.200000    0.232020   -0.032020 (VIOLATED)
_132106_/X                              0.200000    0.232018   -0.032018 (VIOLATED)
_144104_/X                              0.200000    0.231960   -0.031960 (VIOLATED)
wire161/X                               0.200000    0.231951   -0.031951 (VIOLATED)
_114901_/X                              0.200000    0.231719   -0.031719 (VIOLATED)
wire3358/X                              0.200000    0.231645   -0.031645 (VIOLATED)
wire10301/X                             0.200000    0.231637   -0.031637 (VIOLATED)
_098858_/X                              0.200000    0.231636   -0.031636 (VIOLATED)
hold31375/X                             0.200000    0.231559   -0.031559 (VIOLATED)
wire3068/X                              0.200000    0.231222   -0.031222 (VIOLATED)
hold20947/X                             0.200000    0.231221   -0.031221 (VIOLATED)
max_cap8820/X                           0.200000    0.231143   -0.031143 (VIOLATED)
_095821_/X                              0.200000    0.231071   -0.031071 (VIOLATED)
_098221_/X                              0.200000    0.231000   -0.031000 (VIOLATED)
wire3307/X                              0.200000    0.230975   -0.030975 (VIOLATED)
_098229_/X                              0.200000    0.230786   -0.030786 (VIOLATED)
_098411_/Y                              0.200000    0.230723   -0.030723 (VIOLATED)
_095920_/X                              0.200000    0.230622   -0.030622 (VIOLATED)
load_slew505/X                          0.200000    0.230598   -0.030598 (VIOLATED)
load_slew827/X                          0.200000    0.230526   -0.030526 (VIOLATED)
_189249_/Q                              0.200000    0.230497   -0.030497 (VIOLATED)
wire3309/X                              0.200000    0.230489   -0.030489 (VIOLATED)
wire3706/X                              0.200000    0.230487   -0.030487 (VIOLATED)
load_slew8464/X                         0.200000    0.230450   -0.030450 (VIOLATED)
wire3091/X                              0.200000    0.230293   -0.030293 (VIOLATED)
u_data_ram.g_sram[3].u_macro/dout1[16]    0.027560    0.057829   -0.030269 (VIOLATED)
_095792_/X                              0.200000    0.230206   -0.030206 (VIOLATED)
_098415_/X                              0.200000    0.230153   -0.030153 (VIOLATED)
_097985_/X                              0.200000    0.230087   -0.030087 (VIOLATED)
wire633/X                               0.200000    0.229986   -0.029986 (VIOLATED)
load_slew478/X                          0.200000    0.229961   -0.029961 (VIOLATED)
_190227_/Q                              0.200000    0.229881   -0.029881 (VIOLATED)
load_slew3323/X                         0.200000    0.229859   -0.029859 (VIOLATED)
_144124_/X                              0.200000    0.229827   -0.029827 (VIOLATED)
load_slew3674/X                         0.200000    0.229800   -0.029800 (VIOLATED)
wire762/X                               0.200000    0.229711   -0.029711 (VIOLATED)
_100965_/X                              0.200000    0.229601   -0.029601 (VIOLATED)
_095836_/X                              0.200000    0.229570   -0.029570 (VIOLATED)
wire3353/X                              0.200000    0.229312   -0.029312 (VIOLATED)
_132498_/X                              0.200000    0.229293   -0.029293 (VIOLATED)
wire3024/X                              0.200000    0.229271   -0.029271 (VIOLATED)
wire10156/X                             0.200000    0.229232   -0.029232 (VIOLATED)
wire3049/X                              0.200000    0.229180   -0.029180 (VIOLATED)
load_slew469/X                          0.200000    0.228983   -0.028983 (VIOLATED)
wire158/X                               0.200000    0.228968   -0.028968 (VIOLATED)
u_npu.u_npu_sram.g_sram[13].u_macro/dout1[14]    0.027560    0.056519   -0.028959 (VIOLATED)
load_slew373/X                          0.200000    0.228953   -0.028953 (VIOLATED)
wire705/X                               0.200000    0.228876   -0.028876 (VIOLATED)
wire609/X                               0.200000    0.228872   -0.028872 (VIOLATED)
max_cap3499/X                           0.200000    0.228856   -0.028856 (VIOLATED)
wire3050/X                              0.200000    0.228853   -0.028853 (VIOLATED)
wire3371/X                              0.200000    0.228838   -0.028838 (VIOLATED)
load_slew2824/X                         0.200000    0.228829   -0.028829 (VIOLATED)
u_npu.u_npu_sram.g_sram[13].u_macro/dout1[10]    0.027560    0.056367   -0.028807 (VIOLATED)
_096231_/X                              0.200000    0.228804   -0.028804 (VIOLATED)
load_slew436/X                          0.200000    0.228668   -0.028668 (VIOLATED)
wire4190/X                              0.200000    0.228640   -0.028640 (VIOLATED)
_098117_/X                              0.200000    0.228601   -0.028601 (VIOLATED)
wire789/X                               0.200000    0.228512   -0.028512 (VIOLATED)
max_cap2434/X                           0.200000    0.228376   -0.028376 (VIOLATED)
load_slew3376/X                         0.200000    0.228289   -0.028289 (VIOLATED)
load_slew3302/X                         0.200000    0.228247   -0.028247 (VIOLATED)
_096091_/X                              0.200000    0.228220   -0.028220 (VIOLATED)
wire947/X                               0.200000    0.228200   -0.028200 (VIOLATED)
hold31885/X                             0.200000    0.228199   -0.028199 (VIOLATED)
_132103_/X                              0.200000    0.228198   -0.028198 (VIOLATED)
wire151/X                               0.200000    0.228162   -0.028162 (VIOLATED)
_098277_/X                              0.200000    0.228048   -0.028048 (VIOLATED)
load_slew836/X                          0.200000    0.228024   -0.028024 (VIOLATED)
max_cap2790/X                           0.200000    0.228014   -0.028014 (VIOLATED)
wire3115/X                              0.200000    0.227965   -0.027965 (VIOLATED)
_145735_/X                              0.200000    0.227781   -0.027781 (VIOLATED)
wire10065/X                             0.200000    0.227778   -0.027778 (VIOLATED)
_180937_/Q                              0.200000    0.227773   -0.027773 (VIOLATED)
load_slew3618/X                         0.200000    0.227749   -0.027749 (VIOLATED)
max_cap3011/X                           0.200000    0.227735   -0.027735 (VIOLATED)
u_data_ram.g_sram[0].u_macro/dout1[13]    0.027560    0.055254   -0.027694 (VIOLATED)
_095932_/X                              0.200000    0.227679   -0.027679 (VIOLATED)
_097863_/X                              0.200000    0.227576   -0.027576 (VIOLATED)
load_slew359/X                          0.200000    0.227538   -0.027538 (VIOLATED)
wire3372/X                              0.200000    0.227478   -0.027478 (VIOLATED)
_095716_/Y                              0.200000    0.227445   -0.027445 (VIOLATED)
_092078_/X                              0.200000    0.227385   -0.027385 (VIOLATED)
wire423/X                               0.200000    0.227301   -0.027301 (VIOLATED)
wire1553/X                              0.200000    0.227223   -0.027223 (VIOLATED)
_144134_/X                              0.200000    0.227156   -0.027156 (VIOLATED)
hold38419/X                             0.200000    0.227130   -0.027130 (VIOLATED)
load_slew361/X                          0.200000    0.226989   -0.026989 (VIOLATED)
hold20164/X                             0.200000    0.226928   -0.026928 (VIOLATED)
wire3035/X                              0.200000    0.226894   -0.026894 (VIOLATED)
wire3303/X                              0.200000    0.226844   -0.026844 (VIOLATED)
wire3327/X                              0.200000    0.226659   -0.026659 (VIOLATED)
load_slew3311/X                         0.200000    0.226648   -0.026648 (VIOLATED)
wire8934/X                              0.200000    0.226615   -0.026615 (VIOLATED)
_188005_/Q                              0.200000    0.226595   -0.026595 (VIOLATED)
load_slew4087/X                         0.200000    0.226593   -0.026593 (VIOLATED)
_098606_/X                              0.200000    0.226547   -0.026547 (VIOLATED)
wire726/X                               0.200000    0.226520   -0.026520 (VIOLATED)
load_slew4153/X                         0.200000    0.226389   -0.026389 (VIOLATED)
max_cap3868/X                           0.200000    0.226347   -0.026347 (VIOLATED)
max_cap3331/X                           0.200000    0.226342   -0.026342 (VIOLATED)
wire3662/X                              0.200000    0.226333   -0.026333 (VIOLATED)
u_instruction_ram.g_sram[2].u_macro/dout1[21]    0.027560    0.053847   -0.026287 (VIOLATED)
wire1868/X                              0.200000    0.226192   -0.026192 (VIOLATED)
load_slew3310/X                         0.200000    0.226063   -0.026063 (VIOLATED)
wire8997/X                              0.200000    0.225943   -0.025943 (VIOLATED)
wire4110/X                              0.200000    0.225827   -0.025827 (VIOLATED)
wire2598/X                              0.200000    0.225773   -0.025773 (VIOLATED)
wire3668/X                              0.200000    0.225762   -0.025762 (VIOLATED)
load_slew809/X                          0.200000    0.225642   -0.025642 (VIOLATED)
wire2112/X                              0.200000    0.225551   -0.025551 (VIOLATED)
u_data_ram.g_sram[3].u_macro/dout1[10]    0.027560    0.052812   -0.025252 (VIOLATED)
max_cap4040/X                           0.200000    0.225220   -0.025220 (VIOLATED)
wire825/X                               0.200000    0.225201   -0.025201 (VIOLATED)
hold31945/X                             0.200000    0.225129   -0.025129 (VIOLATED)
wire936/X                               0.200000    0.225055   -0.025055 (VIOLATED)
wire4108/X                              0.200000    0.224978   -0.024978 (VIOLATED)
_097763_/X                              0.200000    0.224920   -0.024920 (VIOLATED)
_095868_/X                              0.200000    0.224836   -0.024836 (VIOLATED)
load_slew3646/X                         0.200000    0.224805   -0.024805 (VIOLATED)
wire4155/X                              0.200000    0.224710   -0.024710 (VIOLATED)
_178806_/Y                              0.200000    0.224527   -0.024527 (VIOLATED)
_190228_/Q                              0.200000    0.224514   -0.024515 (VIOLATED)
u_npu.u_npu_sram.g_sram[11].u_macro/dout1[16]    0.027560    0.052071   -0.024511 (VIOLATED)
load_slew6694/X                         0.200000    0.224468   -0.024468 (VIOLATED)
_095949_/X                              0.200000    0.224417   -0.024417 (VIOLATED)
_144119_/X                              0.200000    0.224383   -0.024383 (VIOLATED)
wire930/X                               0.200000    0.224348   -0.024348 (VIOLATED)
u_npu.u_npu_sram.g_sram[3].u_macro/dout1[31]    0.027560    0.051821   -0.024261 (VIOLATED)
u_npu.u_npu_sram.g_sram[9].u_macro/dout0[7]    0.027560    0.051516   -0.023956 (VIOLATED)
load_slew4086/X                         0.200000    0.223907   -0.023907 (VIOLATED)
wire8919/X                              0.200000    0.223904   -0.023904 (VIOLATED)
_098494_/X                              0.200000    0.223715   -0.023715 (VIOLATED)
clkbuf_7_109_0_clk_i_regs/X             0.200000    0.223703   -0.023703 (VIOLATED)
wire3720/X                              0.200000    0.223627   -0.023627 (VIOLATED)
wire3658/X                              0.200000    0.223416   -0.023416 (VIOLATED)
wire3663/X                              0.200000    0.223362   -0.023362 (VIOLATED)
_095804_/X                              0.200000    0.223358   -0.023358 (VIOLATED)
wire1571/X                              0.200000    0.223289   -0.023289 (VIOLATED)
wire1556/X                              0.200000    0.223284   -0.023284 (VIOLATED)
u_npu.u_npu_sram.g_sram[8].u_macro/dout1[30]    0.027560    0.050837   -0.023277 (VIOLATED)
_116201_/X                              0.200000    0.223241   -0.023241 (VIOLATED)
wire6800/X                              0.200000    0.223229   -0.023229 (VIOLATED)
wire360/X                               0.200000    0.223152   -0.023152 (VIOLATED)
clkbuf_7_127_0_clk_i_regs/X             0.200000    0.223133   -0.023133 (VIOLATED)
wire2639/X                              0.200000    0.222970   -0.022970 (VIOLATED)
hold31951/X                             0.200000    0.222930   -0.022930 (VIOLATED)
_145747_/X                              0.200000    0.222927   -0.022927 (VIOLATED)
_098189_/X                              0.200000    0.222899   -0.022899 (VIOLATED)
_191091_/Q                              0.200000    0.222764   -0.022764 (VIOLATED)
wire3373/X                              0.200000    0.222733   -0.022733 (VIOLATED)
_178639_/Y                              0.200000    0.222700   -0.022700 (VIOLATED)
wire3026/X                              0.200000    0.222634   -0.022634 (VIOLATED)
_145725_/X                              0.200000    0.222632   -0.022632 (VIOLATED)
_090071_/X                              0.200000    0.222610   -0.022610 (VIOLATED)
u_data_ram.g_sram[1].u_macro/dout1[9]    0.027560    0.050136   -0.022576 (VIOLATED)
wire3398/X                              0.200000    0.222560   -0.022560 (VIOLATED)
_098243_/X                              0.200000    0.222538   -0.022538 (VIOLATED)
wire1622/X                              0.200000    0.222345   -0.022345 (VIOLATED)
_098441_/X                              0.200000    0.222315   -0.022315 (VIOLATED)
max_cap3676/X                           0.200000    0.222184   -0.022184 (VIOLATED)
wire597/X                               0.200000    0.222073   -0.022073 (VIOLATED)
load_slew514/X                          0.200000    0.221958   -0.021958 (VIOLATED)
load_slew3056/X                         0.200000    0.221951   -0.021951 (VIOLATED)
u_npu.u_npu_sram.g_sram[13].u_macro/dout1[13]    0.027560    0.049477   -0.021917 (VIOLATED)
load_slew3648/X                         0.200000    0.221916   -0.021916 (VIOLATED)
wire2814/X                              0.200000    0.221903   -0.021903 (VIOLATED)
_098195_/X                              0.200000    0.221886   -0.021886 (VIOLATED)
_144114_/X                              0.200000    0.221737   -0.021737 (VIOLATED)
_162667_/X                              0.200000    0.221717   -0.021717 (VIOLATED)
wire11669/X                             0.200000    0.221657   -0.021657 (VIOLATED)
load_slew467/X                          0.200000    0.221568   -0.021568 (VIOLATED)
load_slew449/X                          0.200000    0.221477   -0.021477 (VIOLATED)
clkbuf_7_106_0_clk_i_regs/X             0.200000    0.221347   -0.021347 (VIOLATED)
load_slew800/X                          0.200000    0.221316   -0.021316 (VIOLATED)
wire3441/X                              0.200000    0.221294   -0.021294 (VIOLATED)
u_data_ram.g_sram[1].u_macro/dout1[3]    0.027560    0.048821   -0.021261 (VIOLATED)
load_slew404/X                          0.200000    0.221127   -0.021127 (VIOLATED)
_145730_/X                              0.200000    0.221092   -0.021092 (VIOLATED)
wire1826/X                              0.200000    0.221072   -0.021072 (VIOLATED)
_098213_/X                              0.200000    0.221055   -0.021055 (VIOLATED)
load_slew440/X                          0.200000    0.220990   -0.020990 (VIOLATED)
load_slew487/X                          0.200000    0.220980   -0.020980 (VIOLATED)
wire3095/X                              0.200000    0.220892   -0.020892 (VIOLATED)
_097954_/X                              0.200000    0.220873   -0.020873 (VIOLATED)
wire4103/X                              0.200000    0.220789   -0.020789 (VIOLATED)
wire816/X                               0.200000    0.220782   -0.020782 (VIOLATED)
_098518_/X                              0.200000    0.220779   -0.020779 (VIOLATED)
load_slew3312/X                         0.200000    0.220661   -0.020661 (VIOLATED)
wire468/X                               0.200000    0.220640   -0.020640 (VIOLATED)
_189823_/Q                              0.200000    0.220555   -0.020555 (VIOLATED)
_095788_/X                              0.200000    0.220554   -0.020554 (VIOLATED)
wire3092/X                              0.200000    0.220376   -0.020376 (VIOLATED)
wire1633/X                              0.200000    0.220307   -0.020307 (VIOLATED)
wire10136/X                             0.200000    0.220279   -0.020279 (VIOLATED)
wire1629/X                              0.200000    0.220216   -0.020216 (VIOLATED)
_097880_/X                              0.200000    0.220200   -0.020200 (VIOLATED)
max_cap3681/X                           0.200000    0.220194   -0.020194 (VIOLATED)
_090125_/Y                              0.200000    0.220111   -0.020111 (VIOLATED)
u_npu.u_npu_sram.g_sram[13].u_macro/dout1[8]    0.027560    0.047657   -0.020097 (VIOLATED)
wire3842/X                              0.200000    0.220026   -0.020026 (VIOLATED)
wire3698/X                              0.200000    0.219931   -0.019931 (VIOLATED)
wire3678/X                              0.200000    0.219899   -0.019899 (VIOLATED)
wire4100/X                              0.200000    0.219895   -0.019895 (VIOLATED)
u_npu.u_npu_sram.g_sram[9].u_macro/dout0[31]    0.027560    0.047396   -0.019836 (VIOLATED)
wire10257/X                             0.200000    0.219786   -0.019786 (VIOLATED)
max_cap3560/X                           0.200000    0.219762   -0.019762 (VIOLATED)
wire675/X                               0.200000    0.219718   -0.019718 (VIOLATED)
_097938_/X                              0.200000    0.219668   -0.019668 (VIOLATED)
_145705_/X                              0.200000    0.219477   -0.019477 (VIOLATED)
_098764_/X                              0.200000    0.219415   -0.019415 (VIOLATED)
wire543/X                               0.200000    0.219391   -0.019391 (VIOLATED)
wire1860/X                              0.200000    0.219379   -0.019379 (VIOLATED)
load_slew4060/X                         0.200000    0.219343   -0.019343 (VIOLATED)
u_data_ram.g_sram[3].u_macro/dout1[9]    0.027560    0.046720   -0.019160 (VIOLATED)
wire369/X                               0.200000    0.219138   -0.019138 (VIOLATED)
_092147_/X                              0.200000    0.218995   -0.018995 (VIOLATED)
_097777_/X                              0.200000    0.218917   -0.018917 (VIOLATED)
_174488_/X                              0.200000    0.218911   -0.018911 (VIOLATED)
_144082_/X                              0.200000    0.218909   -0.018909 (VIOLATED)
max_cap2822/X                           0.200000    0.218898   -0.018898 (VIOLATED)
wire3038/X                              0.200000    0.218874   -0.018874 (VIOLATED)
_095820_/X                              0.200000    0.218733   -0.018733 (VIOLATED)
wire4038/X                              0.200000    0.218662   -0.018662 (VIOLATED)
_097779_/X                              0.200000    0.218653   -0.018653 (VIOLATED)
max_cap3693/X                           0.200000    0.218610   -0.018610 (VIOLATED)
wire602/X                               0.200000    0.218531   -0.018531 (VIOLATED)
wire549/X                               0.200000    0.218428   -0.018428 (VIOLATED)
_099049_/X                              0.200000    0.218369   -0.018369 (VIOLATED)
wire9367/X                              0.200000    0.218357   -0.018357 (VIOLATED)
_098889_/X                              0.200000    0.218226   -0.018226 (VIOLATED)
max_cap3714/X                           0.200000    0.218012   -0.018012 (VIOLATED)
wire1810/X                              0.200000    0.217864   -0.017864 (VIOLATED)
_090208_/Y                              0.200000    0.217824   -0.017824 (VIOLATED)
load_slew3304/X                         0.200000    0.217820   -0.017820 (VIOLATED)
_098034_/X                              0.200000    0.217667   -0.017667 (VIOLATED)
max_cap1887/X                           0.200000    0.217647   -0.017647 (VIOLATED)
u_npu.u_npu_sram.g_sram[13].u_macro/dout1[7]    0.027560    0.045165   -0.017605 (VIOLATED)
_097705_/X                              0.200000    0.217588   -0.017588 (VIOLATED)
wire2113/X                              0.200000    0.217584   -0.017584 (VIOLATED)
max_cap3009/X                           0.200000    0.217509   -0.017509 (VIOLATED)
_095759_/X                              0.200000    0.217443   -0.017443 (VIOLATED)
wire711/X                               0.200000    0.217439   -0.017439 (VIOLATED)
_114842_/X                              0.200000    0.217428   -0.017428 (VIOLATED)
u_npu.u_npu_sram.g_sram[9].u_macro/dout0[6]    0.027560    0.044888   -0.017328 (VIOLATED)
hold19289/X                             0.200000    0.217175   -0.017175 (VIOLATED)
hold31836/X                             0.200000    0.217113   -0.017113 (VIOLATED)
wire3555/X                              0.200000    0.217100   -0.017100 (VIOLATED)
_098066_/X                              0.200000    0.216971   -0.016971 (VIOLATED)
max_cap3719/X                           0.200000    0.216911   -0.016911 (VIOLATED)
_098570_/X                              0.200000    0.216899   -0.016899 (VIOLATED)
wire3374/X                              0.200000    0.216872   -0.016872 (VIOLATED)
wire681/X                               0.200000    0.216859   -0.016859 (VIOLATED)
_190317_/Q                              0.200000    0.216772   -0.016772 (VIOLATED)
_098904_/X                              0.200000    0.216753   -0.016753 (VIOLATED)
hold31544/X                             0.200000    0.216752   -0.016752 (VIOLATED)
max_cap3019/X                           0.200000    0.216593   -0.016593 (VIOLATED)
load_slew10093/X                        0.200000    0.216478   -0.016478 (VIOLATED)
wire1580/X                              0.200000    0.216447   -0.016447 (VIOLATED)
wire6906/X                              0.200000    0.216446   -0.016446 (VIOLATED)
max_cap3904/X                           0.200000    0.216363   -0.016363 (VIOLATED)
hold31955/X                             0.200000    0.216352   -0.016352 (VIOLATED)
u_npu.u_npu_sram.g_sram[0].u_macro/dout1[28]    0.027560    0.043890   -0.016330 (VIOLATED)
wire1457/X                              0.200000    0.216259   -0.016259 (VIOLATED)
wire1039/X                              0.200000    0.216227   -0.016227 (VIOLATED)
u_data_ram.g_sram[1].u_macro/dout1[6]    0.027560    0.043767   -0.016207 (VIOLATED)
u_npu.u_npu_sram.g_sram[13].u_macro/dout1[2]    0.027560    0.043756   -0.016196 (VIOLATED)
load_slew3102/X                         0.200000    0.216139   -0.016139 (VIOLATED)
load_slew10521/X                        0.200000    0.216129   -0.016129 (VIOLATED)
load_slew3022/X                         0.200000    0.216127   -0.016127 (VIOLATED)
_095884_/X                              0.200000    0.216098   -0.016098 (VIOLATED)
u_npu.u_npu_sram.g_sram[13].u_macro/dout1[28]    0.027560    0.043592   -0.016032 (VIOLATED)
_094138_/Y                              0.200000    0.216010   -0.016010 (VIOLATED)
max_cap820/X                            0.200000    0.216005   -0.016005 (VIOLATED)
wire3067/X                              0.200000    0.215985   -0.015985 (VIOLATED)
wire3070/X                              0.200000    0.215875   -0.015875 (VIOLATED)
u_npu.u_npu_sram.g_sram[12].u_macro/dout0[0]    0.027560    0.043434   -0.015874 (VIOLATED)
max_cap3053/X                           0.200000    0.215778   -0.015778 (VIOLATED)
wire615/X                               0.200000    0.215756   -0.015756 (VIOLATED)
_095853_/X                              0.200000    0.215749   -0.015749 (VIOLATED)
_097944_/X                              0.200000    0.215749   -0.015749 (VIOLATED)
max_cap3567/X                           0.200000    0.215664   -0.015664 (VIOLATED)
max_cap3987/X                           0.200000    0.215567   -0.015567 (VIOLATED)
wire4318/X                              0.200000    0.215552   -0.015552 (VIOLATED)
max_cap2704/X                           0.200000    0.215536   -0.015536 (VIOLATED)
hold31830/X                             0.200000    0.215498   -0.015498 (VIOLATED)
max_cap3546/X                           0.200000    0.215480   -0.015480 (VIOLATED)
wire8065/X                              0.200000    0.215475   -0.015475 (VIOLATED)
_097765_/X                              0.200000    0.215474   -0.015474 (VIOLATED)
wire2528/X                              0.200000    0.215469   -0.015469 (VIOLATED)
wire1180/X                              0.200000    0.215361   -0.015361 (VIOLATED)
_097708_/X                              0.200000    0.215300   -0.015300 (VIOLATED)
u_data_ram.g_sram[0].u_macro/dout1[15]    0.027560    0.042704   -0.015144 (VIOLATED)
hold21274/X                             0.200000    0.215129   -0.015129 (VIOLATED)
wire3895/X                              0.200000    0.215122   -0.015122 (VIOLATED)
_131572_/X                              0.200000    0.215102   -0.015102 (VIOLATED)
wire6923/X                              0.200000    0.215061   -0.015061 (VIOLATED)
u_data_ram.g_sram[2].u_macro/dout1[15]    0.027560    0.042587   -0.015027 (VIOLATED)
max_cap4043/X                           0.200000    0.215021   -0.015021 (VIOLATED)
wire3953/X                              0.200000    0.214989   -0.014989 (VIOLATED)
_098275_/X                              0.200000    0.214966   -0.014966 (VIOLATED)
_098323_/X                              0.200000    0.214934   -0.014934 (VIOLATED)
wire843/X                               0.200000    0.214872   -0.014872 (VIOLATED)
wire1855/X                              0.200000    0.214817   -0.014817 (VIOLATED)
_191172_/Q                              0.200000    0.214671   -0.014671 (VIOLATED)
load_slew3620/X                         0.200000    0.214582   -0.014582 (VIOLATED)
wire976/X                               0.200000    0.214565   -0.014565 (VIOLATED)
_149847_/X                              0.200000    0.214512   -0.014512 (VIOLATED)
max_cap4020/X                           0.200000    0.214424   -0.014424 (VIOLATED)
wire2803/X                              0.200000    0.214379   -0.014379 (VIOLATED)
_094567_/X                              0.200000    0.214226   -0.014226 (VIOLATED)
load_slew3666/X                         0.200000    0.214220   -0.014220 (VIOLATED)
hold25931/X                             0.200000    0.214182   -0.014182 (VIOLATED)
_098188_/X                              0.200000    0.214177   -0.014177 (VIOLATED)
_101048_/Y                              0.200000    0.214057   -0.014057 (VIOLATED)
_098628_/X                              0.200000    0.214022   -0.014022 (VIOLATED)
max_cap1452/X                           0.200000    0.214010   -0.014010 (VIOLATED)
_098618_/X                              0.200000    0.213995   -0.013995 (VIOLATED)
_098542_/X                              0.200000    0.213879   -0.013879 (VIOLATED)
max_cap3055/X                           0.200000    0.213852   -0.013852 (VIOLATED)
max_cap3713/X                           0.200000    0.213777   -0.013777 (VIOLATED)
_097890_/X                              0.200000    0.213737   -0.013737 (VIOLATED)
wire1448/X                              0.200000    0.213698   -0.013698 (VIOLATED)
_098140_/X                              0.200000    0.213684   -0.013684 (VIOLATED)
hold31578/X                             0.200000    0.213604   -0.013604 (VIOLATED)
u_npu.u_npu_sram.g_sram[13].u_macro/dout1[6]    0.027560    0.041021   -0.013461 (VIOLATED)
_098769_/X                              0.200000    0.213456   -0.013456 (VIOLATED)
clkbuf_7_81_0_clk_i_regs/X              0.200000    0.213417   -0.013417 (VIOLATED)
max_cap3025/X                           0.200000    0.213346   -0.013346 (VIOLATED)
max_cap246/X                            0.200000    0.213330   -0.013330 (VIOLATED)
wire172/X                               0.200000    0.212977   -0.012977 (VIOLATED)
load_slew2285/X                         0.200000    0.212960   -0.012960 (VIOLATED)
_098339_/X                              0.200000    0.212894   -0.012894 (VIOLATED)
hold18711/X                             0.200000    0.212871   -0.012871 (VIOLATED)
hold31902/X                             0.200000    0.212821   -0.012821 (VIOLATED)
wire1902/X                              0.200000    0.212737   -0.012737 (VIOLATED)
wire580/X                               0.200000    0.212601   -0.012601 (VIOLATED)
wire1891/X                              0.200000    0.212579   -0.012579 (VIOLATED)
u_data_ram.g_sram[1].u_macro/dout1[7]    0.027560    0.040131   -0.012571 (VIOLATED)
wire11708/X                             0.200000    0.212565   -0.012565 (VIOLATED)
wire477/X                               0.200000    0.212558   -0.012558 (VIOLATED)
_144129_/X                              0.200000    0.212535   -0.012535 (VIOLATED)
wire3759/X                              0.200000    0.212519   -0.012519 (VIOLATED)
_097898_/X                              0.200000    0.212516   -0.012516 (VIOLATED)
u_npu.u_npu_sram.g_sram[8].u_macro/dout0[3]    0.027560    0.040051   -0.012491 (VIOLATED)
u_npu.u_npu_sram.g_sram[14].u_macro/dout1[29]    0.027560    0.039847   -0.012287 (VIOLATED)
_098561_/X                              0.200000    0.212284   -0.012284 (VIOLATED)
clkbuf_7_97_0_clk_i_regs/X              0.200000    0.212132   -0.012132 (VIOLATED)
max_cap3955/X                           0.200000    0.212108   -0.012108 (VIOLATED)
wire837/X                               0.200000    0.212057   -0.012057 (VIOLATED)
wire432/X                               0.200000    0.212039   -0.012039 (VIOLATED)
max_cap4061/X                           0.200000    0.212022   -0.012022 (VIOLATED)
_098903_/X                              0.200000    0.211936   -0.011936 (VIOLATED)
u_npu.u_npu_sram.g_sram[0].u_macro/dout1[30]    0.027560    0.039380   -0.011820 (VIOLATED)
_145715_/X                              0.200000    0.211811   -0.011811 (VIOLATED)
load_slew2827/X                         0.200000    0.211778   -0.011778 (VIOLATED)
load_slew463/X                          0.200000    0.211601   -0.011601 (VIOLATED)
wire2456/X                              0.200000    0.211601   -0.011601 (VIOLATED)
wire339/X                               0.200000    0.211577   -0.011577 (VIOLATED)
hold31923/X                             0.200000    0.211536   -0.011536 (VIOLATED)
wire4105/X                              0.200000    0.211445   -0.011445 (VIOLATED)
u_data_ram.g_sram[3].u_macro/dout1[6]    0.027560    0.038954   -0.011394 (VIOLATED)
max_cap1451/X                           0.200000    0.211349   -0.011349 (VIOLATED)
wire946/X                               0.200000    0.211335   -0.011335 (VIOLATED)
max_cap532/X                            0.200000    0.211321   -0.011321 (VIOLATED)
_097978_/X                              0.200000    0.211304   -0.011304 (VIOLATED)
wire3232/X                              0.200000    0.211298   -0.011298 (VIOLATED)
_101680_/X                              0.200000    0.211230   -0.011230 (VIOLATED)
_191059_/Q                              0.200000    0.211201   -0.011201 (VIOLATED)
wire3241/X                              0.200000    0.211186   -0.011186 (VIOLATED)
_103911_/X                              0.200000    0.211177   -0.011177 (VIOLATED)
_131556_/X                              0.200000    0.211160   -0.011160 (VIOLATED)
rebuffer38771/X                         0.200000    0.211156   -0.011156 (VIOLATED)
wire3505/X                              0.200000    0.211141   -0.011141 (VIOLATED)
load_slew2587/X                         0.200000    0.211124   -0.011124 (VIOLATED)
_098325_/X                              0.200000    0.210993   -0.010993 (VIOLATED)
max_cap4205/X                           0.200000    0.210971   -0.010971 (VIOLATED)
max_cap3716/X                           0.200000    0.210970   -0.010970 (VIOLATED)
_190303_/Q                              0.200000    0.210947   -0.010947 (VIOLATED)
_190309_/Q                              0.200000    0.210935   -0.010935 (VIOLATED)
max_cap3057/X                           0.200000    0.210774   -0.010774 (VIOLATED)
max_cap3340/X                           0.200000    0.210759   -0.010759 (VIOLATED)
wire337/X                               0.200000    0.210745   -0.010745 (VIOLATED)
load_slew2295/X                         0.200000    0.210686   -0.010686 (VIOLATED)
_097937_/X                              0.200000    0.210664   -0.010664 (VIOLATED)
load_slew4072/X                         0.200000    0.210626   -0.010626 (VIOLATED)
wire163/X                               0.200000    0.210532   -0.010532 (VIOLATED)
max_cap4070/X                           0.200000    0.210490   -0.010490 (VIOLATED)
wire1405/X                              0.200000    0.210446   -0.010446 (VIOLATED)
wire3069/X                              0.200000    0.210414   -0.010414 (VIOLATED)
wire1456/X                              0.200000    0.210398   -0.010398 (VIOLATED)
max_cap3236/X                           0.200000    0.210359   -0.010359 (VIOLATED)
wire798/X                               0.200000    0.210344   -0.010344 (VIOLATED)
u_npu.u_npu_sram.g_sram[0].u_macro/dout1[10]    0.027560    0.037862   -0.010302 (VIOLATED)
clkbuf_7_74_0_clk_i_regs/X              0.200000    0.210175   -0.010175 (VIOLATED)
u_data_ram.g_sram[0].u_macro/dout1[1]    0.027560    0.037734   -0.010174 (VIOLATED)
hold30980/X                             0.200000    0.210113   -0.010113 (VIOLATED)
wire9033/X                              0.200000    0.210061   -0.010061 (VIOLATED)
max_cap3010/X                           0.200000    0.210046   -0.010046 (VIOLATED)
_097970_/X                              0.200000    0.209950   -0.009950 (VIOLATED)
u_npu.u_npu_sram.g_sram[0].u_macro/dout1[6]    0.027560    0.037458   -0.009898 (VIOLATED)
load_slew3871/X                         0.200000    0.209885   -0.009885 (VIOLATED)
hold31263/X                             0.200000    0.209862   -0.009862 (VIOLATED)
hold30075/X                             0.200000    0.209855   -0.009855 (VIOLATED)
wire10182/X                             0.200000    0.209828   -0.009828 (VIOLATED)
load_slew3399/X                         0.200000    0.209817   -0.009817 (VIOLATED)
_114920_/X                              0.200000    0.209815   -0.009815 (VIOLATED)
wire2596/X                              0.200000    0.209779   -0.009779 (VIOLATED)
_179430_/X                              0.200000    0.209736   -0.009736 (VIOLATED)
_192378_/Q                              0.200000    0.209707   -0.009707 (VIOLATED)
_098293_/X                              0.200000    0.209704   -0.009704 (VIOLATED)
_098600_/X                              0.200000    0.209638   -0.009638 (VIOLATED)
u_npu.u_npu_sram.g_sram[12].u_macro/dout1[19]    0.027560    0.037107   -0.009547 (VIOLATED)
load_slew395/X                          0.200000    0.209537   -0.009537 (VIOLATED)
_131616_/X                              0.200000    0.209441   -0.009441 (VIOLATED)
wire679/X                               0.200000    0.209375   -0.009375 (VIOLATED)
wire2104/X                              0.200000    0.209296   -0.009296 (VIOLATED)
max_cap2293/X                           0.200000    0.209274   -0.009274 (VIOLATED)
wire3650/X                              0.200000    0.209243   -0.009243 (VIOLATED)
u_data_ram.g_sram[2].u_macro/dout1[13]    0.027560    0.036699   -0.009139 (VIOLATED)
max_cap1893/X                           0.200000    0.209128   -0.009128 (VIOLATED)
hold20086/X                             0.200000    0.209068   -0.009068 (VIOLATED)
_097921_/X                              0.200000    0.209060   -0.009060 (VIOLATED)
wire11668/X                             0.200000    0.208902   -0.008902 (VIOLATED)
wire1836/X                              0.200000    0.208890   -0.008890 (VIOLATED)
wire1581/X                              0.200000    0.208861   -0.008861 (VIOLATED)
_131624_/X                              0.200000    0.208837   -0.008837 (VIOLATED)
max_cap3245/X                           0.200000    0.208822   -0.008822 (VIOLATED)
_190977_/Q                              0.200000    0.208753   -0.008753 (VIOLATED)
u_data_ram.g_sram[2].u_macro/dout1[6]    0.027560    0.036301   -0.008741 (VIOLATED)
_098317_/X                              0.200000    0.208741   -0.008741 (VIOLATED)
u_npu.u_npu_sram.g_sram[7].u_macro/dout1[31]    0.027560    0.036269   -0.008709 (VIOLATED)
_190231_/Q                              0.200000    0.208672   -0.008672 (VIOLATED)
wire6712/X                              0.200000    0.208630   -0.008630 (VIOLATED)
max_cap9119/X                           0.200000    0.208599   -0.008599 (VIOLATED)
load_slew409/X                          0.200000    0.208495   -0.008495 (VIOLATED)
load_slew377/X                          0.200000    0.208477   -0.008477 (VIOLATED)
wire3820/X                              0.200000    0.208463   -0.008463 (VIOLATED)
u_npu.u_npu_sram.g_sram[13].u_macro/dout1[24]    0.027560    0.035933   -0.008373 (VIOLATED)
wire1889/X                              0.200000    0.208302   -0.008302 (VIOLATED)
wire1881/X                              0.200000    0.208271   -0.008271 (VIOLATED)
wire1015/X                              0.200000    0.208202   -0.008202 (VIOLATED)
wire1410/X                              0.200000    0.208174   -0.008174 (VIOLATED)
max_cap2811/X                           0.200000    0.208155   -0.008155 (VIOLATED)
_099002_/X                              0.200000    0.208101   -0.008101 (VIOLATED)
_098538_/X                              0.200000    0.208061   -0.008061 (VIOLATED)
_092314_/Y                              0.200000    0.207980   -0.007980 (VIOLATED)
wire4164/X                              0.200000    0.207950   -0.007950 (VIOLATED)
_095852_/X                              0.200000    0.207904   -0.007904 (VIOLATED)
_097905_/X                              0.200000    0.207869   -0.007869 (VIOLATED)
_144067_/X                              0.200000    0.207790   -0.007790 (VIOLATED)
max_cap784/X                            0.200000    0.207763   -0.007763 (VIOLATED)
max_cap4207/X                           0.200000    0.207608   -0.007608 (VIOLATED)
max_cap2582/X                           0.200000    0.207602   -0.007602 (VIOLATED)
max_cap2733/X                           0.200000    0.207566   -0.007566 (VIOLATED)
wire834/X                               0.200000    0.207557   -0.007557 (VIOLATED)
wire625/X                               0.200000    0.207445   -0.007445 (VIOLATED)
_191185_/Q                              0.200000    0.207431   -0.007431 (VIOLATED)
wire378/X                               0.200000    0.207384   -0.007384 (VIOLATED)
wire587/X                               0.200000    0.207301   -0.007301 (VIOLATED)
_191664_/Q                              0.200000    0.207296   -0.007296 (VIOLATED)
clkbuf_7_91_0_clk_i_regs/X              0.200000    0.207293   -0.007293 (VIOLATED)
_095869_/X                              0.200000    0.207270   -0.007270 (VIOLATED)
u_data_ram.g_sram[0].u_macro/dout1[0]    0.027560    0.034824   -0.007264 (VIOLATED)
u_npu.u_npu_sram.g_sram[13].u_macro/dout1[31]    0.027560    0.034816   -0.007256 (VIOLATED)
wire1910/X                              0.200000    0.207190   -0.007190 (VIOLATED)
_090274_/X                              0.200000    0.207172   -0.007172 (VIOLATED)
load_slew791/X                          0.200000    0.207034   -0.007034 (VIOLATED)
wire849/X                               0.200000    0.207009   -0.007009 (VIOLATED)
load_slew3894/X                         0.200000    0.206948   -0.006948 (VIOLATED)
load_slew368/X                          0.200000    0.206944   -0.006944 (VIOLATED)
wire652/X                               0.200000    0.206903   -0.006903 (VIOLATED)
_098765_/X                              0.200000    0.206885   -0.006885 (VIOLATED)
hold32022/X                             0.200000    0.206850   -0.006850 (VIOLATED)
hold32142/X                             0.200000    0.206781   -0.006781 (VIOLATED)
max_cap1630/X                           0.200000    0.206780   -0.006780 (VIOLATED)
u_npu.u_npu_sram.g_sram[7].u_macro/dout1[15]    0.027560    0.034337   -0.006777 (VIOLATED)
_131737_/Y                              0.200000    0.206571   -0.006571 (VIOLATED)
hold18707/X                             0.200000    0.206539   -0.006539 (VIOLATED)
_180940_/Q                              0.200000    0.206475   -0.006475 (VIOLATED)
_097889_/X                              0.200000    0.206396   -0.006396 (VIOLATED)
_098396_/X                              0.200000    0.206358   -0.006358 (VIOLATED)
wire1869/X                              0.200000    0.206330   -0.006330 (VIOLATED)
u_npu.u_npu_sram.g_sram[13].u_macro/dout1[5]    0.027560    0.033858   -0.006298 (VIOLATED)
u_npu.u_npu_sram.g_sram[13].u_macro/dout1[4]    0.027560    0.033796   -0.006236 (VIOLATED)
wire861/X                               0.200000    0.206200   -0.006200 (VIOLATED)
_098492_/X                              0.200000    0.206171   -0.006171 (VIOLATED)
u_data_ram.g_sram[3].u_macro/dout1[7]    0.027560    0.033710   -0.006150 (VIOLATED)
max_cap3694/X                           0.200000    0.206033   -0.006033 (VIOLATED)
u_npu.u_npu_sram.g_sram[14].u_macro/dout1[30]    0.027560    0.033511   -0.005951 (VIOLATED)
_098333_/X                              0.200000    0.205920   -0.005920 (VIOLATED)
max_cap811/X                            0.200000    0.205910   -0.005910 (VIOLATED)
u_npu.u_npu_sram.g_sram[7].u_macro/dout1[3]    0.027560    0.033461   -0.005901 (VIOLATED)
u_npu.u_npu_sram.g_sram[8].u_macro/dout1[28]    0.027560    0.033435   -0.005875 (VIOLATED)
_180956_/Q                              0.200000    0.205748   -0.005748 (VIOLATED)
wire663/X                               0.200000    0.205699   -0.005699 (VIOLATED)
load_slew2463/X                         0.200000    0.205671   -0.005671 (VIOLATED)
u_npu.u_npu_sram.g_sram[11].u_macro/dout0[18]    0.027560    0.033211   -0.005651 (VIOLATED)
hold31751/X                             0.200000    0.205642   -0.005642 (VIOLATED)
_095380_/Y                              0.200000    0.205626   -0.005626 (VIOLATED)
hold31840/X                             0.200000    0.205609   -0.005609 (VIOLATED)
u_data_ram.g_sram[1].u_macro/dout1[2]    0.027560    0.033154   -0.005594 (VIOLATED)
_192357_/Q                              0.200000    0.205563   -0.005563 (VIOLATED)
u_npu.u_npu_sram.g_sram[7].u_macro/dout1[20]    0.027560    0.033122   -0.005562 (VIOLATED)
u_npu.u_npu_sram.g_sram[7].u_macro/dout0[4]    0.027560    0.032995   -0.005435 (VIOLATED)
u_npu.u_npu_sram.g_sram[7].u_macro/dout1[10]    0.027560    0.032964   -0.005404 (VIOLATED)
wire11660/X                             0.200000    0.205352   -0.005352 (VIOLATED)
_098227_/X                              0.200000    0.205333   -0.005333 (VIOLATED)
u_npu.u_npu_sram.g_sram[11].u_macro/dout1[9]    0.027560    0.032772   -0.005212 (VIOLATED)
_097787_/X                              0.200000    0.205102   -0.005102 (VIOLATED)
wire3395/X                              0.200000    0.205077   -0.005077 (VIOLATED)
hold31179/X                             0.200000    0.205072   -0.005072 (VIOLATED)
max_cap2395/X                           0.200000    0.205058   -0.005058 (VIOLATED)
u_npu.u_npu_sram.g_sram[7].u_macro/dout0[1]    0.027560    0.032480   -0.004920 (VIOLATED)
u_npu.u_npu_sram.g_sram[7].u_macro/dout0[10]    0.027560    0.032480   -0.004920 (VIOLATED)
max_cap3254/X                           0.200000    0.204914   -0.004914 (VIOLATED)
load_slew4069/X                         0.200000    0.204843   -0.004843 (VIOLATED)
_098679_/X                              0.200000    0.204805   -0.004805 (VIOLATED)
load_slew512/X                          0.200000    0.204789   -0.004789 (VIOLATED)
_098124_/X                              0.200000    0.204772   -0.004772 (VIOLATED)
_098001_/X                              0.200000    0.204642   -0.004642 (VIOLATED)
max_cap1919/X                           0.200000    0.204641   -0.004641 (VIOLATED)
wire396/X                               0.200000    0.204632   -0.004632 (VIOLATED)
u_npu.u_npu_sram.g_sram[12].u_macro/dout1[12]    0.027560    0.032182   -0.004622 (VIOLATED)
_090974_/X                              0.200000    0.204593   -0.004593 (VIOLATED)
load_slew458/X                          0.200000    0.204586   -0.004586 (VIOLATED)
wire9021/X                              0.200000    0.204540   -0.004540 (VIOLATED)
u_data_ram.g_sram[2].u_macro/dout1[1]    0.027560    0.032017   -0.004457 (VIOLATED)
_097953_/X                              0.200000    0.204446   -0.004446 (VIOLATED)
max_cap8445/X                           0.200000    0.204366   -0.004366 (VIOLATED)
u_instruction_ram.g_sram[2].u_macro/dout1[31]    0.027560    0.031888   -0.004328 (VIOLATED)
load_slew503/X                          0.200000    0.204275   -0.004275 (VIOLATED)
u_data_ram.g_sram[1].u_macro/dout1[14]    0.027560    0.031828   -0.004268 (VIOLATED)
wire1831/X                              0.200000    0.204254   -0.004254 (VIOLATED)
_097864_/X                              0.200000    0.204250   -0.004250 (VIOLATED)
load_slew364/X                          0.200000    0.204239   -0.004239 (VIOLATED)
u_npu.u_npu_sram.g_sram[7].u_macro/dout1[7]    0.027560    0.031771   -0.004211 (VIOLATED)
_098888_/X                              0.200000    0.204082   -0.004082 (VIOLATED)
hold38426/X                             0.200000    0.204029   -0.004029 (VIOLATED)
u_data_ram.g_sram[0].u_macro/dout1[2]    0.027560    0.031581   -0.004021 (VIOLATED)
_098524_/X                              0.200000    0.203941   -0.003941 (VIOLATED)
load_slew386/X                          0.200000    0.203922   -0.003922 (VIOLATED)
u_data_ram.g_sram[1].u_macro/dout1[0]    0.027560    0.031454   -0.003894 (VIOLATED)
u_npu.u_npu_sram.g_sram[7].u_macro/dout0[8]    0.027560    0.031451   -0.003891 (VIOLATED)
u_npu.u_npu_sram.g_sram[7].u_macro/dout1[19]    0.027560    0.031400   -0.003840 (VIOLATED)
wire3071/X                              0.200000    0.203798   -0.003798 (VIOLATED)
_098499_/X                              0.200000    0.203647   -0.003647 (VIOLATED)
u_npu.u_npu_sram.g_sram[7].u_macro/dout1[14]    0.027560    0.031054   -0.003494 (VIOLATED)
wire3617/X                              0.200000    0.203454   -0.003454 (VIOLATED)
u_instruction_ram.g_sram[2].u_macro/dout1[27]    0.027560    0.030986   -0.003426 (VIOLATED)
wire747/X                               0.200000    0.203425   -0.003425 (VIOLATED)
_145757_/X                              0.200000    0.203406   -0.003406 (VIOLATED)
_097784_/X                              0.200000    0.203399   -0.003399 (VIOLATED)
wire4152/X                              0.200000    0.203384   -0.003384 (VIOLATED)
max_cap3224/X                           0.200000    0.203370   -0.003370 (VIOLATED)
max_cap3465/X                           0.200000    0.203301   -0.003301 (VIOLATED)
wire2876/X                              0.200000    0.203297   -0.003297 (VIOLATED)
wire1544/X                              0.200000    0.203244   -0.003244 (VIOLATED)
hold32073/X                             0.200000    0.203223   -0.003223 (VIOLATED)
u_npu.u_npu_sram.g_sram[3].u_macro/dout0[5]    0.027560    0.030776   -0.003216 (VIOLATED)
hold31953/X                             0.200000    0.203211   -0.003211 (VIOLATED)
max_cap1921/X                           0.200000    0.203126   -0.003126 (VIOLATED)
u_npu.u_npu_sram.g_sram[0].u_macro/dout1[23]    0.027560    0.030599   -0.003039 (VIOLATED)
u_npu.u_npu_sram.g_sram[12].u_macro/dout0[26]    0.027560    0.030536   -0.002976 (VIOLATED)
wire558/X                               0.200000    0.202967   -0.002967 (VIOLATED)
load_slew3488/X                         0.200000    0.202944   -0.002944 (VIOLATED)
wire1419/X                              0.200000    0.202910   -0.002910 (VIOLATED)
hold31488/X                             0.200000    0.202904   -0.002904 (VIOLATED)
_191064_/Q                              0.200000    0.202904   -0.002904 (VIOLATED)
_190219_/Q                              0.200000    0.202884   -0.002884 (VIOLATED)
max_cap3015/X                           0.200000    0.202808   -0.002808 (VIOLATED)
u_npu.u_npu_sram.g_sram[0].u_macro/dout0[3]    0.027560    0.030347   -0.002787 (VIOLATED)
max_cap3632/X                           0.200000    0.202782   -0.002782 (VIOLATED)
max_cap2774/X                           0.200000    0.202628   -0.002628 (VIOLATED)
wire3550/X                              0.200000    0.202580   -0.002580 (VIOLATED)
u_npu.u_npu_sram.g_sram[8].u_macro/dout0[19]    0.027560    0.030051   -0.002491 (VIOLATED)
u_npu.u_npu_sram.g_sram[7].u_macro/dout1[24]    0.027560    0.030022   -0.002462 (VIOLATED)
u_data_ram.g_sram[1].u_macro/dout1[17]    0.027560    0.029873   -0.002313 (VIOLATED)
_096701_/X                              0.200000    0.202308   -0.002308 (VIOLATED)
_097769_/X                              0.200000    0.202250   -0.002250 (VIOLATED)
u_npu.u_npu_sram.g_sram[8].u_macro/dout0[23]    0.027560    0.029805   -0.002245 (VIOLATED)
u_npu.u_npu_sram.g_sram[7].u_macro/dout0[7]    0.027560    0.029787   -0.002227 (VIOLATED)
wire522/X                               0.200000    0.202175   -0.002175 (VIOLATED)
u_npu.u_npu_sram.g_sram[12].u_macro/dout1[31]    0.027560    0.029710   -0.002150 (VIOLATED)
u_npu.u_npu_sram.g_sram[8].u_macro/dout0[26]    0.027560    0.029666   -0.002106 (VIOLATED)
hold32119/X                             0.200000    0.202094   -0.002094 (VIOLATED)
wire160/X                               0.200000    0.202052   -0.002052 (VIOLATED)
u_npu.u_npu_sram.g_sram[11].u_macro/dout0[8]    0.027560    0.029583   -0.002023 (VIOLATED)
u_npu.u_npu_sram.g_sram[7].u_macro/dout0[3]    0.027560    0.029473   -0.001913 (VIOLATED)
u_npu.u_npu_sram.g_sram[7].u_macro/dout1[4]    0.027560    0.029468   -0.001908 (VIOLATED)
wire3172/X                              0.200000    0.201859   -0.001859 (VIOLATED)
load_slew422/X                          0.200000    0.201845   -0.001845 (VIOLATED)
u_npu.u_npu_sram.g_sram[12].u_macro/dout0[25]    0.027560    0.029398   -0.001838 (VIOLATED)
u_npu.u_npu_sram.g_sram[3].u_macro/dout1[16]    0.027560    0.029394   -0.001834 (VIOLATED)
u_npu.u_npu_sram.g_sram[3].u_macro/dout0[8]    0.027560    0.029356   -0.001796 (VIOLATED)
max_cap8671/X                           0.200000    0.201780   -0.001780 (VIOLATED)
u_npu.u_npu_sram.g_sram[0].u_macro/dout0[22]    0.027560    0.029314   -0.001754 (VIOLATED)
u_npu.u_npu_sram.g_sram[12].u_macro/dout0[12]    0.027560    0.029308   -0.001748 (VIOLATED)
u_npu.u_npu_sram.g_sram[7].u_macro/dout1[8]    0.027560    0.029228   -0.001668 (VIOLATED)
rebuffer18665/X                         0.200000    0.201665   -0.001665 (VIOLATED)
hold31662/X                             0.200000    0.201662   -0.001662 (VIOLATED)
max_cap2846/X                           0.200000    0.201648   -0.001648 (VIOLATED)
_097783_/X                              0.200000    0.201584   -0.001584 (VIOLATED)
_148184_/X                              0.200000    0.201575   -0.001575 (VIOLATED)
wire1617/X                              0.200000    0.201563   -0.001563 (VIOLATED)
u_npu.u_npu_sram.g_sram[4].u_macro/dout1[23]    0.027560    0.029104   -0.001544 (VIOLATED)
hold31569/X                             0.200000    0.201540   -0.001540 (VIOLATED)
_098284_/X                              0.200000    0.201512   -0.001512 (VIOLATED)
u_npu.u_npu_sram.g_sram[7].u_macro/dout0[24]    0.027560    0.029071   -0.001511 (VIOLATED)
u_npu.u_npu_sram.g_sram[8].u_macro/dout0[29]    0.027560    0.029039   -0.001479 (VIOLATED)
load_slew3654/X                         0.200000    0.201474   -0.001474 (VIOLATED)
u_npu.u_npu_sram.g_sram[12].u_macro/dout0[17]    0.027560    0.028982   -0.001422 (VIOLATED)
u_npu.u_npu_sram.g_sram[7].u_macro/dout0[11]    0.027560    0.028967   -0.001407 (VIOLATED)
wire641/X                               0.200000    0.201377   -0.001377 (VIOLATED)
u_npu.u_npu_sram.g_sram[12].u_macro/dout0[27]    0.027560    0.028934   -0.001374 (VIOLATED)
max_cap3997/X                           0.200000    0.201368   -0.001368 (VIOLATED)
u_npu.u_npu_sram.g_sram[6].u_macro/dout1[31]    0.027560    0.028919   -0.001359 (VIOLATED)
u_data_ram.g_sram[1].u_macro/dout1[22]    0.027560    0.028896   -0.001336 (VIOLATED)
max_cap3547/X                           0.200000    0.201332   -0.001332 (VIOLATED)
u_npu.u_npu_sram.g_sram[4].u_macro/dout1[20]    0.027560    0.028881   -0.001321 (VIOLATED)
u_npu.u_npu_sram.g_sram[12].u_macro/dout1[17]    0.027560    0.028863   -0.001303 (VIOLATED)
max_cap4194/X                           0.200000    0.201270   -0.001270 (VIOLATED)
u_npu.u_npu_sram.g_sram[4].u_macro/dout0[10]    0.027560    0.028818   -0.001258 (VIOLATED)
load_slew472/X                          0.200000    0.201225   -0.001225 (VIOLATED)
u_instruction_ram.g_sram[2].u_macro/dout1[6]    0.027560    0.028782   -0.001222 (VIOLATED)
u_npu.u_npu_sram.g_sram[11].u_macro/dout1[19]    0.027560    0.028758   -0.001198 (VIOLATED)
u_npu.u_npu_sram.g_sram[4].u_macro/dout1[13]    0.027560    0.028736   -0.001176 (VIOLATED)
u_npu.u_npu_sram.g_sram[7].u_macro/dout0[12]    0.027560    0.028723   -0.001163 (VIOLATED)
u_npu.u_npu_sram.g_sram[7].u_macro/dout0[15]    0.027560    0.028647   -0.001087 (VIOLATED)
u_npu.u_npu_sram.g_sram[4].u_macro/dout1[15]    0.027560    0.028574   -0.001014 (VIOLATED)
wire1516/X                              0.200000    0.201009   -0.001009 (VIOLATED)
_145720_/X                              0.200000    0.200998   -0.000998 (VIOLATED)
wire3738/X                              0.200000    0.200942   -0.000942 (VIOLATED)
u_instruction_ram.g_sram[2].u_macro/dout1[1]    0.027560    0.028468   -0.000908 (VIOLATED)
u_npu.u_npu_sram.g_sram[7].u_macro/dout0[26]    0.027560    0.028392   -0.000832 (VIOLATED)
u_npu.u_npu_sram.g_sram[14].u_macro/dout1[25]    0.027560    0.028385   -0.000825 (VIOLATED)
u_npu.u_npu_sram.g_sram[11].u_macro/dout1[10]    0.027560    0.028381   -0.000821 (VIOLATED)
load_slew2638/X                         0.200000    0.200786   -0.000786 (VIOLATED)
wire1933/X                              0.200000    0.200764   -0.000764 (VIOLATED)
_119322_/X                              0.200000    0.200724   -0.000724 (VIOLATED)
u_npu.u_npu_sram.g_sram[13].u_macro/dout1[3]    0.027560    0.028277   -0.000717 (VIOLATED)
max_cap2942/X                           0.200000    0.200682   -0.000682 (VIOLATED)
_098236_/X                              0.200000    0.200667   -0.000667 (VIOLATED)
_098544_/X                              0.200000    0.200647   -0.000647 (VIOLATED)
u_npu.u_npu_sram.g_sram[4].u_macro/dout0[0]    0.027560    0.028201   -0.000641 (VIOLATED)
u_npu.u_npu_sram.g_sram[7].u_macro/dout0[27]    0.027560    0.028175   -0.000615 (VIOLATED)
u_npu.u_npu_sram.g_sram[11].u_macro/dout1[6]    0.027560    0.028146   -0.000586 (VIOLATED)
hold31779/X                             0.200000    0.200576   -0.000576 (VIOLATED)
u_npu.u_npu_sram.g_sram[11].u_macro/dout0[7]    0.027560    0.028093   -0.000533 (VIOLATED)
u_npu.u_npu_sram.g_sram[4].u_macro/dout0[3]    0.027560    0.028080   -0.000520 (VIOLATED)
max_cap3239/X                           0.200000    0.200510   -0.000510 (VIOLATED)
wire1682/X                              0.200000    0.200458   -0.000458 (VIOLATED)
u_npu.u_npu_sram.g_sram[4].u_macro/dout0[1]    0.027560    0.028006   -0.000446 (VIOLATED)
u_npu.u_npu_sram.g_sram[7].u_macro/dout1[16]    0.027560    0.027996   -0.000436 (VIOLATED)
clkbuf_3_6_0_clk_i_regs/X               0.200000    0.200423   -0.000423 (VIOLATED)
u_npu.u_npu_sram.g_sram[12].u_macro/dout0[9]    0.027560    0.027973   -0.000413 (VIOLATED)
u_npu.u_npu_sram.g_sram[12].u_macro/dout1[1]    0.027560    0.027971   -0.000411 (VIOLATED)
_098291_/X                              0.200000    0.200372   -0.000372 (VIOLATED)
wire828/X                               0.200000    0.200350   -0.000350 (VIOLATED)
wire3653/X                              0.200000    0.200312   -0.000312 (VIOLATED)
_098301_/X                              0.200000    0.200258   -0.000258 (VIOLATED)
u_npu.u_npu_sram.g_sram[3].u_macro/dout0[9]    0.027560    0.027769   -0.000209 (VIOLATED)
u_npu.u_npu_sram.g_sram[3].u_macro/dout1[6]    0.027560    0.027752   -0.000192 (VIOLATED)
u_npu.u_npu_sram.g_sram[7].u_macro/dout1[12]    0.027560    0.027742   -0.000182 (VIOLATED)
wire4195/X                              0.200000    0.200176   -0.000176 (VIOLATED)
max_cap4435/X                           0.200000    0.200116   -0.000116 (VIOLATED)
u_npu.u_npu_sram.g_sram[3].u_macro/dout0[3]    0.027560    0.027650   -0.000090 (VIOLATED)
wire528/X                               0.200000    0.200083   -0.000083 (VIOLATED)
u_npu.u_npu_sram.g_sram[11].u_macro/dout0[15]    0.027560    0.027615   -0.000055 (VIOLATED)
u_npu.u_npu_sram.g_sram[4].u_macro/dout0[28]    0.027560    0.027607   -0.000047 (VIOLATED)
u_data_ram.g_sram[3].u_macro/dout1[2]    0.027560    0.027563   -0.000003 (VIOLATED)



===========================================================================
report_parasitic_annotation -report_unannotated
============================================================================
Found 1493 unannotated drivers.
 _191993__11714/LO
 _192368__11713/HI
 clkload0/Y
 clkload1/Y
 clkload10/Y
 clkload100/X
 clkload1000/X
 clkload1001/Y
 clkload1002/X
 clkload1003/X
 clkload1004/Y
 clkload1005/Y
 clkload1006/Y
 clkload1007/Y
 clkload1008/Y
 clkload1009/X
 clkload101/Y
 clkload1010/X
 clkload1011/X
 clkload1012/Y
 clkload1013/X
 clkload1014/X
 clkload1015/X
 clkload1016/X
 clkload1017/Y
 clkload1018/X
 clkload1019/Y
 clkload102/Y
 clkload1020/Y
 clkload1021/X
 clkload1022/X
 clkload1023/X
 clkload1024/X
 clkload1025/X
 clkload1026/X
 clkload1027/X
 clkload1028/X
 clkload1029/Y
 clkload103/X
 clkload1030/X
 clkload1031/X
 clkload1032/X
 clkload1033/X
 clkload1034/Y
 clkload1035/X
 clkload1036/Y
 clkload1037/X
 clkload1038/X
 clkload1039/X
 clkload104/X
 clkload1040/X
 clkload1041/X
 clkload1042/Y
 clkload1043/X
 clkload1044/X
 clkload1045/X
 clkload1046/X
 clkload1047/Y
 clkload1048/X
 clkload1049/X
 clkload105/X
 clkload1050/Y
 clkload1051/X
 clkload1052/X
 clkload1053/X
 clkload1054/X
 clkload1055/X
 clkload1056/Y
 clkload1057/X
 clkload1058/X
 clkload1059/X
 clkload106/Y
 clkload1060/X
 clkload1061/X
 clkload1062/X
 clkload1063/X
 clkload1064/X
 clkload1065/X
 clkload1066/X
 clkload1067/X
 clkload1068/X
 clkload1069/X
 clkload107/Y
 clkload1070/X
 clkload1071/Y
 clkload1072/X
 clkload1073/X
 clkload1074/X
 clkload1075/X
 clkload1076/Y
 clkload1077/X
 clkload1078/Y
 clkload1079/X
 clkload108/X
 clkload1080/X
 clkload1081/X
 clkload1082/X
 clkload1083/X
 clkload1084/X
 clkload1085/X
 clkload1086/X
 clkload1087/X
 clkload1088/X
 clkload1089/X
 clkload109/X
 clkload1090/X
 clkload1091/X
 clkload1092/X
 clkload1093/X
 clkload1094/X
 clkload1095/X
 clkload1096/X
 clkload1097/X
 clkload1098/X
 clkload1099/X
 clkload11/Y
 clkload110/Y
 clkload1100/X
 clkload1101/X
 clkload1102/Y
 clkload1103/Y
 clkload1104/X
 clkload1105/X
 clkload1106/Y
 clkload1107/X
 clkload1108/Y
 clkload1109/X
 clkload111/Y
 clkload1110/X
 clkload1111/X
 clkload1112/Y
 clkload1113/X
 clkload1114/X
 clkload1115/X
 clkload1116/X
 clkload1117/X
 clkload1118/Y
 clkload1119/Y
 clkload112/X
 clkload1120/X
 clkload1121/X
 clkload1122/X
 clkload1123/Y
 clkload1124/X
 clkload1125/X
 clkload1126/Y
 clkload1127/Y
 clkload1128/Y
 clkload1129/X
 clkload113/Y
 clkload1130/X
 clkload1131/X
 clkload1132/X
 clkload1133/X
 clkload1134/X
 clkload1135/Y
 clkload1136/X
 clkload1137/X
 clkload1138/Y
 clkload1139/X
 clkload114/Y
 clkload1140/X
 clkload1141/X
 clkload1142/X
 clkload1143/X
 clkload1144/X
 clkload1145/X
 clkload1146/X
 clkload1147/Y
 clkload1148/X
 clkload1149/X
 clkload115/Y
 clkload1150/X
 clkload1151/X
 clkload1152/X
 clkload1153/X
 clkload1154/X
 clkload1155/X
 clkload1156/X
 clkload1157/Y
 clkload1158/X
 clkload1159/X
 clkload116/X
 clkload1160/X
 clkload1161/X
 clkload1162/X
 clkload1163/X
 clkload1164/X
 clkload1165/X
 clkload1166/X
 clkload1167/X
 clkload1168/X
 clkload1169/Y
 clkload117/X
 clkload1170/X
 clkload1171/X
 clkload1172/X
 clkload1173/Y
 clkload1174/X
 clkload1175/X
 clkload1176/X
 clkload1177/X
 clkload1178/X
 clkload1179/X
 clkload118/Y
 clkload1180/X
 clkload1181/X
 clkload1182/X
 clkload1183/Y
 clkload1184/X
 clkload1185/X
 clkload1186/X
 clkload1187/X
 clkload1188/X
 clkload1189/X
 clkload119/X
 clkload1190/Y
 clkload1191/Y
 clkload1192/Y
 clkload1193/X
 clkload1194/X
 clkload1195/X
 clkload1196/X
 clkload1197/X
 clkload1198/X
 clkload1199/X
 clkload12/Y
 clkload120/X
 clkload1200/X
 clkload1201/X
 clkload1202/X
 clkload1203/X
 clkload1204/X
 clkload1205/X
 clkload1206/Y
 clkload1207/X
 clkload1208/X
 clkload1209/X
 clkload121/Y
 clkload1210/X
 clkload1211/X
 clkload1212/X
 clkload1213/X
 clkload1214/X
 clkload1215/X
 clkload1216/X
 clkload1217/X
 clkload1218/Y
 clkload1219/Y
 clkload122/X
 clkload1220/X
 clkload1221/Y
 clkload1222/Y
 clkload1223/Y
 clkload1224/Y
 clkload1225/Y
 clkload1226/Y
 clkload1227/Y
 clkload1228/Y
 clkload1229/Y
 clkload123/Y
 clkload1230/Y
 clkload1231/Y
 clkload1232/Y
 clkload124/X
 clkload125/X
 clkload126/X
 clkload127/X
 clkload128/X
 clkload129/Y
 clkload13/Y
 clkload130/X
 clkload131/X
 clkload132/Y
 clkload133/X
 clkload134/X
 clkload135/X
 clkload136/Y
 clkload137/X
 clkload138/X
 clkload139/X
 clkload14/Y
 clkload140/X
 clkload141/Y
 clkload142/Y
 clkload143/X
 clkload144/X
 clkload145/Y
 clkload146/X
 clkload147/X
 clkload148/Y
 clkload149/X
 clkload15/Y
 clkload150/X
 clkload151/X
 clkload152/X
 clkload153/X
 clkload154/X
 clkload155/X
 clkload156/X
 clkload157/X
 clkload158/X
 clkload159/X
 clkload16/Y
 clkload160/X
 clkload161/X
 clkload162/X
 clkload163/X
 clkload164/X
 clkload165/Y
 clkload166/X
 clkload167/X
 clkload168/X
 clkload169/X
 clkload17/Y
 clkload170/X
 clkload171/X
 clkload172/X
 clkload173/X
 clkload174/X
 clkload175/X
 clkload176/X
 clkload177/X
 clkload178/X
 clkload179/X
 clkload18/Y
 clkload180/Y
 clkload181/Y
 clkload182/X
 clkload183/X
 clkload184/X
 clkload185/X
 clkload186/X
 clkload187/Y
 clkload188/X
 clkload189/X
 clkload19/Y
 clkload190/X
 clkload191/X
 clkload192/X
 clkload193/X
 clkload194/X
 clkload195/X
 clkload196/Y
 clkload197/X
 clkload198/X
 clkload199/X
 clkload2/Y
 clkload20/Y
 clkload200/X
 clkload201/X
 clkload202/X
 clkload203/X
 clkload204/Y
 clkload205/X
 clkload206/X
 clkload207/Y
 clkload208/Y
 clkload209/X
 clkload21/Y
 clkload210/Y
 clkload211/X
 clkload212/Y
 clkload213/X
 clkload214/X
 clkload215/X
 clkload216/X
 clkload217/X
 clkload218/X
 clkload219/X
 clkload22/Y
 clkload220/X
 clkload221/X
 clkload222/X
 clkload223/Y
 clkload224/X
 clkload225/Y
 clkload226/X
 clkload227/X
 clkload228/X
 clkload229/Y
 clkload23/Y
 clkload230/X
 clkload231/X
 clkload232/X
 clkload233/X
 clkload234/X
 clkload235/X
 clkload236/X
 clkload237/X
 clkload238/X
 clkload239/X
 clkload24/Y
 clkload240/X
 clkload241/Y
 clkload242/X
 clkload243/X
 clkload244/Y
 clkload245/Y
 clkload246/Y
 clkload247/X
 clkload248/Y
 clkload249/X
 clkload25/Y
 clkload250/X
 clkload251/X
 clkload252/Y
 clkload253/X
 clkload254/X
 clkload255/X
 clkload256/X
 clkload257/X
 clkload258/X
 clkload259/Y
 clkload26/Y
 clkload260/Y
 clkload261/Y
 clkload262/X
 clkload263/X
 clkload264/X
 clkload265/X
 clkload266/X
 clkload267/X
 clkload268/X
 clkload269/X
 clkload27/Y
 clkload270/X
 clkload271/X
 clkload272/X
 clkload273/X
 clkload274/X
 clkload275/X
 clkload276/X
 clkload277/X
 clkload278/Y
 clkload279/X
 clkload28/Y
 clkload280/X
 clkload281/X
 clkload282/X
 clkload283/X
 clkload284/X
 clkload285/X
 clkload286/X
 clkload287/X
 clkload288/X
 clkload289/Y
 clkload29/Y
 clkload290/X
 clkload291/X
 clkload292/X
 clkload293/Y
 clkload294/X
 clkload295/X
 clkload296/Y
 clkload297/X
 clkload298/Y
 clkload299/X
 clkload3/Y
 clkload30/Y
 clkload300/X
 clkload301/X
 clkload302/X
 clkload303/Y
 clkload304/X
 clkload305/X
 clkload306/X
 clkload307/X
 clkload308/X
 clkload309/X
 clkload31/Y
 clkload310/X
 clkload311/X
 clkload312/X
 clkload313/X
 clkload314/Y
 clkload315/X
 clkload316/X
 clkload317/Y
 clkload318/Y
 clkload319/Y
 clkload32/Y
 clkload320/X
 clkload321/X
 clkload322/X
 clkload323/X
 clkload324/Y
 clkload325/Y
 clkload326/X
 clkload327/X
 clkload328/X
 clkload329/X
 clkload33/Y
 clkload330/X
 clkload331/X
 clkload332/Y
 clkload333/X
 clkload334/X
 clkload335/X
 clkload336/X
 clkload337/Y
 clkload338/X
 clkload339/X
 clkload34/Y
 clkload340/X
 clkload341/X
 clkload342/X
 clkload343/X
 clkload344/X
 clkload345/X
 clkload346/X
 clkload347/Y
 clkload348/X
 clkload349/Y
 clkload35/Y
 clkload350/X
 clkload351/Y
 clkload352/X
 clkload353/Y
 clkload354/X
 clkload355/X
 clkload356/Y
 clkload357/X
 clkload358/X
 clkload359/Y
 clkload36/Y
 clkload360/X
 clkload361/X
 clkload362/X
 clkload363/X
 clkload364/X
 clkload365/X
 clkload366/X
 clkload367/X
 clkload368/X
 clkload369/X
 clkload37/Y
 clkload370/Y
 clkload371/X
 clkload372/Y
 clkload373/X
 clkload374/X
 clkload375/X
 clkload376/X
 clkload377/Y
 clkload378/Y
 clkload379/X
 clkload38/X
 clkload380/X
 clkload381/X
 clkload382/X
 clkload383/X
 clkload384/X
 clkload385/X
 clkload386/X
 clkload387/Y
 clkload388/X
 clkload389/Y
 clkload39/Y
 clkload390/X
 clkload391/X
 clkload392/Y
 clkload393/Y
 clkload394/X
 clkload395/Y
 clkload396/X
 clkload397/Y
 clkload398/X
 clkload399/X
 clkload4/Y
 clkload40/Y
 clkload400/X
 clkload401/X
 clkload402/X
 clkload403/X
 clkload404/X
 clkload405/X
 clkload406/X
 clkload407/X
 clkload408/X
 clkload409/X
 clkload41/Y
 clkload410/X
 clkload411/X
 clkload412/Y
 clkload413/X
 clkload414/X
 clkload415/Y
 clkload416/X
 clkload417/Y
 clkload418/X
 clkload419/Y
 clkload42/Y
 clkload420/X
 clkload421/Y
 clkload422/X
 clkload423/X
 clkload424/X
 clkload425/X
 clkload426/X
 clkload427/X
 clkload428/X
 clkload429/Y
 clkload43/Y
 clkload430/X
 clkload431/X
 clkload432/X
 clkload433/X
 clkload434/X
 clkload435/Y
 clkload436/Y
 clkload437/X
 clkload438/X
 clkload439/X
 clkload44/X
 clkload440/X
 clkload441/X
 clkload442/Y
 clkload443/X
 clkload444/X
 clkload445/X
 clkload446/X
 clkload447/X
 clkload448/X
 clkload449/X
 clkload45/Y
 clkload450/Y
 clkload451/Y
 clkload452/X
 clkload453/Y
 clkload454/X
 clkload455/Y
 clkload456/X
 clkload457/X
 clkload458/X
 clkload459/X
 clkload46/Y
 clkload460/X
 clkload461/X
 clkload462/X
 clkload463/X
 clkload464/X
 clkload465/X
 clkload466/X
 clkload467/X
 clkload468/X
 clkload469/X
 clkload47/Y
 clkload470/X
 clkload471/X
 clkload472/X
 clkload473/X
 clkload474/X
 clkload475/X
 clkload476/Y
 clkload477/X
 clkload478/X
 clkload479/X
 clkload48/Y
 clkload480/Y
 clkload481/X
 clkload482/X
 clkload483/X
 clkload484/X
 clkload485/X
 clkload486/X
 clkload487/X
 clkload488/X
 clkload489/X
 clkload49/Y
 clkload490/X
 clkload491/X
 clkload492/X
 clkload493/X
 clkload494/X
 clkload495/X
 clkload496/X
 clkload497/Y
 clkload498/Y
 clkload499/X
 clkload5/X
 clkload50/Y
 clkload500/X
 clkload501/X
 clkload502/X
 clkload503/X
 clkload504/Y
 clkload505/Y
 clkload506/X
 clkload507/Y
 clkload508/Y
 clkload509/Y
 clkload51/Y
 clkload510/X
 clkload511/X
 clkload512/X
 clkload513/Y
 clkload514/Y
 clkload515/X
 clkload516/Y
 clkload517/Y
 clkload518/X
 clkload519/X
 clkload52/Y
 clkload520/X
 clkload521/X
 clkload522/X
 clkload523/X
 clkload524/X
 clkload525/X
 clkload526/X
 clkload527/X
 clkload528/X
 clkload529/X
 clkload53/Y
 clkload530/Y
 clkload531/X
 clkload532/X
 clkload533/X
 clkload534/X
 clkload535/X
 clkload536/X
 clkload537/X
 clkload538/X
 clkload539/X
 clkload54/Y
 clkload540/X
 clkload541/X
 clkload542/X
 clkload543/Y
 clkload544/X
 clkload545/X
 clkload546/X
 clkload547/X
 clkload548/X
 clkload549/X
 clkload55/Y
 clkload550/X
 clkload551/X
 clkload552/X
 clkload553/X
 clkload554/Y
 clkload555/X
 clkload556/X
 clkload557/X
 clkload558/X
 clkload559/X
 clkload56/Y
 clkload560/Y
 clkload561/X
 clkload562/X
 clkload563/X
 clkload564/X
 clkload565/X
 clkload566/Y
 clkload567/X
 clkload568/X
 clkload569/X
 clkload57/Y
 clkload570/X
 clkload571/X
 clkload572/X
 clkload573/X
 clkload574/X
 clkload575/X
 clkload576/X
 clkload577/X
 clkload578/Y
 clkload579/Y
 clkload58/Y
 clkload580/X
 clkload581/X
 clkload582/X
 clkload583/X
 clkload584/X
 clkload585/X
 clkload586/Y
 clkload587/X
 clkload588/Y
 clkload589/X
 clkload59/Y
 clkload590/X
 clkload591/Y
 clkload592/Y
 clkload593/Y
 clkload594/X
 clkload595/X
 clkload596/Y
 clkload597/Y
 clkload598/X
 clkload599/X
 clkload6/Y
 clkload60/Y
 clkload600/Y
 clkload601/X
 clkload602/X
 clkload603/Y
 clkload604/X
 clkload605/Y
 clkload606/X
 clkload607/X
 clkload608/X
 clkload609/X
 clkload61/Y
 clkload610/X
 clkload611/Y
 clkload612/Y
 clkload613/Y
 clkload614/X
 clkload615/Y
 clkload616/Y
 clkload617/Y
 clkload618/X
 clkload619/X
 clkload62/Y
 clkload620/Y
 clkload621/X
 clkload622/X
 clkload623/X
 clkload624/Y
 clkload625/Y
 clkload626/X
 clkload627/Y
 clkload628/Y
 clkload629/Y
 clkload63/X
 clkload630/X
 clkload631/X
 clkload632/Y
 clkload633/X
 clkload634/X
 clkload635/Y
 clkload636/X
 clkload637/X
 clkload638/X
 clkload639/X
 clkload64/Y
 clkload640/X
 clkload641/X
 clkload642/X
 clkload643/X
 clkload644/X
 clkload645/Y
 clkload646/X
 clkload647/X
 clkload648/X
 clkload649/Y
 clkload65/Y
 clkload650/X
 clkload651/X
 clkload652/X
 clkload653/X
 clkload654/Y
 clkload655/Y
 clkload656/Y
 clkload657/X
 clkload658/X
 clkload659/Y
 clkload66/Y
 clkload660/X
 clkload661/X
 clkload662/Y
 clkload663/X
 clkload664/X
 clkload665/X
 clkload666/X
 clkload667/Y
 clkload668/Y
 clkload669/X
 clkload67/Y
 clkload670/X
 clkload671/Y
 clkload672/Y
 clkload673/X
 clkload674/X
 clkload675/X
 clkload676/Y
 clkload677/X
 clkload678/X
 clkload679/X
 clkload68/Y
 clkload680/Y
 clkload681/Y
 clkload682/X
 clkload683/X
 clkload684/X
 clkload685/X
 clkload686/Y
 clkload687/X
 clkload688/X
 clkload689/X
 clkload69/Y
 clkload690/X
 clkload691/X
 clkload692/Y
 clkload693/X
 clkload694/X
 clkload695/X
 clkload696/X
 clkload697/X
 clkload698/Y
 clkload699/Y
 clkload7/Y
 clkload70/Y
 clkload700/X
 clkload701/X
 clkload702/X
 clkload703/X
 clkload704/X
 clkload705/Y
 clkload706/Y
 clkload707/Y
 clkload708/Y
 clkload709/X
 clkload71/Y
 clkload710/Y
 clkload711/X
 clkload712/Y
 clkload713/X
 clkload714/X
 clkload715/Y
 clkload716/Y
 clkload717/Y
 clkload718/Y
 clkload719/Y
 clkload72/Y
 clkload720/X
 clkload721/Y
 clkload722/X
 clkload723/X
 clkload724/X
 clkload725/X
 clkload726/X
 clkload727/X
 clkload728/Y
 clkload729/X
 clkload73/Y
 clkload730/X
 clkload731/X
 clkload732/X
 clkload733/X
 clkload734/X
 clkload735/X
 clkload736/X
 clkload737/X
 clkload738/X
 clkload739/X
 clkload74/Y
 clkload740/Y
 clkload741/X
 clkload742/Y
 clkload743/Y
 clkload744/Y
 clkload745/X
 clkload746/X
 clkload747/Y
 clkload748/Y
 clkload749/Y
 clkload75/Y
 clkload750/X
 clkload751/Y
 clkload752/Y
 clkload753/X
 clkload754/Y
 clkload755/Y
 clkload756/Y
 clkload757/Y
 clkload758/Y
 clkload759/X
 clkload76/Y
 clkload760/Y
 clkload761/X
 clkload762/Y
 clkload763/Y
 clkload764/Y
 clkload765/X
 clkload766/Y
 clkload767/X
 clkload768/X
 clkload769/Y
 clkload77/Y
 clkload770/Y
 clkload771/Y
 clkload772/Y
 clkload773/Y
 clkload774/Y
 clkload775/Y
 clkload776/Y
 clkload777/Y
 clkload778/X
 clkload779/Y
 clkload78/Y
 clkload780/Y
 clkload781/Y
 clkload782/Y
 clkload783/X
 clkload784/X
 clkload785/X
 clkload786/X
 clkload787/X
 clkload788/Y
 clkload789/X
 clkload79/Y
 clkload790/X
 clkload791/X
 clkload792/X
 clkload793/X
 clkload794/X
 clkload795/X
 clkload796/Y
 clkload797/X
 clkload798/Y
 clkload799/X
 clkload8/Y
 clkload80/Y
 clkload800/X
 clkload801/X
 clkload802/X
 clkload803/Y
 clkload804/Y
 clkload805/X
 clkload806/X
 clkload807/Y
 clkload808/X
 clkload809/X
 clkload81/Y
 clkload810/X
 clkload811/X
 clkload812/X
 clkload813/X
 clkload814/X
 clkload815/X
 clkload816/X
 clkload817/X
 clkload818/X
 clkload819/X
 clkload82/Y
 clkload820/X
 clkload821/X
 clkload822/X
 clkload823/X
 clkload824/X
 clkload825/X
 clkload826/X
 clkload827/X
 clkload828/X
 clkload829/X
 clkload83/Y
 clkload830/X
 clkload831/X
 clkload832/X
 clkload833/Y
 clkload834/X
 clkload835/X
 clkload836/X
 clkload837/Y
 clkload838/X
 clkload839/X
 clkload84/Y
 clkload840/Y
 clkload841/X
 clkload842/X
 clkload843/X
 clkload844/X
 clkload845/Y
 clkload846/Y
 clkload847/X
 clkload848/X
 clkload849/X
 clkload85/Y
 clkload850/Y
 clkload851/X
 clkload852/Y
 clkload853/X
 clkload854/Y
 clkload855/X
 clkload856/Y
 clkload857/Y
 clkload858/Y
 clkload859/Y
 clkload86/X
 clkload860/X
 clkload861/Y
 clkload862/X
 clkload863/Y
 clkload864/X
 clkload865/X
 clkload866/X
 clkload867/Y
 clkload868/X
 clkload869/Y
 clkload87/Y
 clkload870/X
 clkload871/X
 clkload872/X
 clkload873/Y
 clkload874/X
 clkload875/X
 clkload876/X
 clkload877/X
 clkload878/X
 clkload879/X
 clkload88/Y
 clkload880/X
 clkload881/Y
 clkload882/Y
 clkload883/X
 clkload884/X
 clkload885/Y
 clkload886/X
 clkload887/X
 clkload888/X
 clkload889/Y
 clkload89/Y
 clkload890/X
 clkload891/Y
 clkload892/X
 clkload893/X
 clkload894/X
 clkload895/Y
 clkload896/Y
 clkload897/X
 clkload898/Y
 clkload899/X
 clkload9/Y
 clkload90/Y
 clkload900/Y
 clkload901/X
 clkload902/X
 clkload903/X
 clkload904/X
 clkload905/Y
 clkload906/Y
 clkload907/Y
 clkload908/Y
 clkload909/Y
 clkload91/X
 clkload910/Y
 clkload911/Y
 clkload912/Y
 clkload913/Y
 clkload914/X
 clkload915/Y
 clkload916/Y
 clkload917/Y
 clkload918/Y
 clkload919/X
 clkload92/Y
 clkload920/Y
 clkload921/X
 clkload922/Y
 clkload923/X
 clkload924/Y
 clkload925/X
 clkload926/Y
 clkload927/Y
 clkload928/Y
 clkload929/Y
 clkload93/Y
 clkload930/Y
 clkload931/Y
 clkload932/Y
 clkload933/Y
 clkload934/Y
 clkload935/Y
 clkload936/X
 clkload937/Y
 clkload938/X
 clkload939/X
 clkload94/Y
 clkload940/Y
 clkload941/X
 clkload942/Y
 clkload943/X
 clkload944/Y
 clkload945/X
 clkload946/Y
 clkload947/Y
 clkload948/Y
 clkload949/Y
 clkload95/Y
 clkload950/Y
 clkload951/Y
 clkload952/X
 clkload953/Y
 clkload954/X
 clkload955/X
 clkload956/X
 clkload957/Y
 clkload958/X
 clkload959/X
 clkload96/Y
 clkload960/Y
 clkload961/X
 clkload962/X
 clkload963/Y
 clkload964/Y
 clkload965/X
 clkload966/X
 clkload967/Y
 clkload968/X
 clkload969/X
 clkload97/X
 clkload970/Y
 clkload971/Y
 clkload972/X
 clkload973/Y
 clkload974/X
 clkload975/X
 clkload976/X
 clkload977/Y
 clkload978/Y
 clkload979/X
 clkload98/Y
 clkload980/Y
 clkload981/Y
 clkload982/X
 clkload983/Y
 clkload984/Y
 clkload985/Y
 clkload986/X
 clkload987/X
 clkload988/Y
 clkload989/Y
 clkload99/X
 clkload990/Y
 clkload991/Y
 clkload992/X
 clkload993/Y
 clkload994/X
 clkload995/X
 clkload996/Y
 clkload997/Y
 clkload998/Y
 clkload999/Y
 soc_top/HI
 soc_top_11712/HI
 u_data_ram.g_sram\[0\].u_macro/dout0[0]
 u_data_ram.g_sram\[0\].u_macro/dout0[10]
 u_data_ram.g_sram\[0\].u_macro/dout0[11]
 u_data_ram.g_sram\[0\].u_macro/dout0[12]
 u_data_ram.g_sram\[0\].u_macro/dout0[13]
 u_data_ram.g_sram\[0\].u_macro/dout0[14]
 u_data_ram.g_sram\[0\].u_macro/dout0[15]
 u_data_ram.g_sram\[0\].u_macro/dout0[16]
 u_data_ram.g_sram\[0\].u_macro/dout0[17]
 u_data_ram.g_sram\[0\].u_macro/dout0[18]
 u_data_ram.g_sram\[0\].u_macro/dout0[19]
 u_data_ram.g_sram\[0\].u_macro/dout0[1]
 u_data_ram.g_sram\[0\].u_macro/dout0[20]
 u_data_ram.g_sram\[0\].u_macro/dout0[21]
 u_data_ram.g_sram\[0\].u_macro/dout0[22]
 u_data_ram.g_sram\[0\].u_macro/dout0[23]
 u_data_ram.g_sram\[0\].u_macro/dout0[24]
 u_data_ram.g_sram\[0\].u_macro/dout0[25]
 u_data_ram.g_sram\[0\].u_macro/dout0[26]
 u_data_ram.g_sram\[0\].u_macro/dout0[27]
 u_data_ram.g_sram\[0\].u_macro/dout0[28]
 u_data_ram.g_sram\[0\].u_macro/dout0[29]
 u_data_ram.g_sram\[0\].u_macro/dout0[2]
 u_data_ram.g_sram\[0\].u_macro/dout0[30]
 u_data_ram.g_sram\[0\].u_macro/dout0[31]
 u_data_ram.g_sram\[0\].u_macro/dout0[3]
 u_data_ram.g_sram\[0\].u_macro/dout0[4]
 u_data_ram.g_sram\[0\].u_macro/dout0[5]
 u_data_ram.g_sram\[0\].u_macro/dout0[6]
 u_data_ram.g_sram\[0\].u_macro/dout0[7]
 u_data_ram.g_sram\[0\].u_macro/dout0[8]
 u_data_ram.g_sram\[0\].u_macro/dout0[9]
 u_data_ram.g_sram\[1\].u_macro/dout0[0]
 u_data_ram.g_sram\[1\].u_macro/dout0[10]
 u_data_ram.g_sram\[1\].u_macro/dout0[11]
 u_data_ram.g_sram\[1\].u_macro/dout0[12]
 u_data_ram.g_sram\[1\].u_macro/dout0[13]
 u_data_ram.g_sram\[1\].u_macro/dout0[14]
 u_data_ram.g_sram\[1\].u_macro/dout0[15]
 u_data_ram.g_sram\[1\].u_macro/dout0[16]
 u_data_ram.g_sram\[1\].u_macro/dout0[17]
 u_data_ram.g_sram\[1\].u_macro/dout0[18]
 u_data_ram.g_sram\[1\].u_macro/dout0[19]
 u_data_ram.g_sram\[1\].u_macro/dout0[1]
 u_data_ram.g_sram\[1\].u_macro/dout0[20]
 u_data_ram.g_sram\[1\].u_macro/dout0[21]
 u_data_ram.g_sram\[1\].u_macro/dout0[22]
 u_data_ram.g_sram\[1\].u_macro/dout0[23]
 u_data_ram.g_sram\[1\].u_macro/dout0[24]
 u_data_ram.g_sram\[1\].u_macro/dout0[25]
 u_data_ram.g_sram\[1\].u_macro/dout0[26]
 u_data_ram.g_sram\[1\].u_macro/dout0[27]
 u_data_ram.g_sram\[1\].u_macro/dout0[28]
 u_data_ram.g_sram\[1\].u_macro/dout0[29]
 u_data_ram.g_sram\[1\].u_macro/dout0[2]
 u_data_ram.g_sram\[1\].u_macro/dout0[30]
 u_data_ram.g_sram\[1\].u_macro/dout0[31]
 u_data_ram.g_sram\[1\].u_macro/dout0[3]
 u_data_ram.g_sram\[1\].u_macro/dout0[4]
 u_data_ram.g_sram\[1\].u_macro/dout0[5]
 u_data_ram.g_sram\[1\].u_macro/dout0[6]
 u_data_ram.g_sram\[1\].u_macro/dout0[7]
 u_data_ram.g_sram\[1\].u_macro/dout0[8]
 u_data_ram.g_sram\[1\].u_macro/dout0[9]
 u_data_ram.g_sram\[2\].u_macro/dout0[0]
 u_data_ram.g_sram\[2\].u_macro/dout0[10]
 u_data_ram.g_sram\[2\].u_macro/dout0[11]
 u_data_ram.g_sram\[2\].u_macro/dout0[12]
 u_data_ram.g_sram\[2\].u_macro/dout0[13]
 u_data_ram.g_sram\[2\].u_macro/dout0[14]
 u_data_ram.g_sram\[2\].u_macro/dout0[15]
 u_data_ram.g_sram\[2\].u_macro/dout0[16]
 u_data_ram.g_sram\[2\].u_macro/dout0[17]
 u_data_ram.g_sram\[2\].u_macro/dout0[18]
 u_data_ram.g_sram\[2\].u_macro/dout0[19]
 u_data_ram.g_sram\[2\].u_macro/dout0[1]
 u_data_ram.g_sram\[2\].u_macro/dout0[20]
 u_data_ram.g_sram\[2\].u_macro/dout0[21]
 u_data_ram.g_sram\[2\].u_macro/dout0[22]
 u_data_ram.g_sram\[2\].u_macro/dout0[23]
 u_data_ram.g_sram\[2\].u_macro/dout0[24]
 u_data_ram.g_sram\[2\].u_macro/dout0[25]
 u_data_ram.g_sram\[2\].u_macro/dout0[26]
 u_data_ram.g_sram\[2\].u_macro/dout0[27]
 u_data_ram.g_sram\[2\].u_macro/dout0[28]
 u_data_ram.g_sram\[2\].u_macro/dout0[29]
 u_data_ram.g_sram\[2\].u_macro/dout0[2]
 u_data_ram.g_sram\[2\].u_macro/dout0[30]
 u_data_ram.g_sram\[2\].u_macro/dout0[31]
 u_data_ram.g_sram\[2\].u_macro/dout0[3]
 u_data_ram.g_sram\[2\].u_macro/dout0[4]
 u_data_ram.g_sram\[2\].u_macro/dout0[5]
 u_data_ram.g_sram\[2\].u_macro/dout0[6]
 u_data_ram.g_sram\[2\].u_macro/dout0[7]
 u_data_ram.g_sram\[2\].u_macro/dout0[8]
 u_data_ram.g_sram\[2\].u_macro/dout0[9]
 u_data_ram.g_sram\[3\].u_macro/dout0[0]
 u_data_ram.g_sram\[3\].u_macro/dout0[10]
 u_data_ram.g_sram\[3\].u_macro/dout0[11]
 u_data_ram.g_sram\[3\].u_macro/dout0[12]
 u_data_ram.g_sram\[3\].u_macro/dout0[13]
 u_data_ram.g_sram\[3\].u_macro/dout0[14]
 u_data_ram.g_sram\[3\].u_macro/dout0[15]
 u_data_ram.g_sram\[3\].u_macro/dout0[16]
 u_data_ram.g_sram\[3\].u_macro/dout0[17]
 u_data_ram.g_sram\[3\].u_macro/dout0[18]
 u_data_ram.g_sram\[3\].u_macro/dout0[19]
 u_data_ram.g_sram\[3\].u_macro/dout0[1]
 u_data_ram.g_sram\[3\].u_macro/dout0[20]
 u_data_ram.g_sram\[3\].u_macro/dout0[21]
 u_data_ram.g_sram\[3\].u_macro/dout0[22]
 u_data_ram.g_sram\[3\].u_macro/dout0[23]
 u_data_ram.g_sram\[3\].u_macro/dout0[24]
 u_data_ram.g_sram\[3\].u_macro/dout0[25]
 u_data_ram.g_sram\[3\].u_macro/dout0[26]
 u_data_ram.g_sram\[3\].u_macro/dout0[27]
 u_data_ram.g_sram\[3\].u_macro/dout0[28]
 u_data_ram.g_sram\[3\].u_macro/dout0[29]
 u_data_ram.g_sram\[3\].u_macro/dout0[2]
 u_data_ram.g_sram\[3\].u_macro/dout0[30]
 u_data_ram.g_sram\[3\].u_macro/dout0[31]
 u_data_ram.g_sram\[3\].u_macro/dout0[3]
 u_data_ram.g_sram\[3\].u_macro/dout0[4]
 u_data_ram.g_sram\[3\].u_macro/dout0[5]
 u_data_ram.g_sram\[3\].u_macro/dout0[6]
 u_data_ram.g_sram\[3\].u_macro/dout0[7]
 u_data_ram.g_sram\[3\].u_macro/dout0[8]
 u_data_ram.g_sram\[3\].u_macro/dout0[9]
 u_instruction_ram.g_sram\[0\].u_macro/dout0[0]
 u_instruction_ram.g_sram\[0\].u_macro/dout0[10]
 u_instruction_ram.g_sram\[0\].u_macro/dout0[11]
 u_instruction_ram.g_sram\[0\].u_macro/dout0[12]
 u_instruction_ram.g_sram\[0\].u_macro/dout0[13]
 u_instruction_ram.g_sram\[0\].u_macro/dout0[14]
 u_instruction_ram.g_sram\[0\].u_macro/dout0[15]
 u_instruction_ram.g_sram\[0\].u_macro/dout0[16]
 u_instruction_ram.g_sram\[0\].u_macro/dout0[17]
 u_instruction_ram.g_sram\[0\].u_macro/dout0[18]
 u_instruction_ram.g_sram\[0\].u_macro/dout0[19]
 u_instruction_ram.g_sram\[0\].u_macro/dout0[1]
 u_instruction_ram.g_sram\[0\].u_macro/dout0[20]
 u_instruction_ram.g_sram\[0\].u_macro/dout0[21]
 u_instruction_ram.g_sram\[0\].u_macro/dout0[22]
 u_instruction_ram.g_sram\[0\].u_macro/dout0[23]
 u_instruction_ram.g_sram\[0\].u_macro/dout0[24]
 u_instruction_ram.g_sram\[0\].u_macro/dout0[25]
 u_instruction_ram.g_sram\[0\].u_macro/dout0[26]
 u_instruction_ram.g_sram\[0\].u_macro/dout0[27]
 u_instruction_ram.g_sram\[0\].u_macro/dout0[28]
 u_instruction_ram.g_sram\[0\].u_macro/dout0[29]
 u_instruction_ram.g_sram\[0\].u_macro/dout0[2]
 u_instruction_ram.g_sram\[0\].u_macro/dout0[30]
 u_instruction_ram.g_sram\[0\].u_macro/dout0[31]
 u_instruction_ram.g_sram\[0\].u_macro/dout0[3]
 u_instruction_ram.g_sram\[0\].u_macro/dout0[4]
 u_instruction_ram.g_sram\[0\].u_macro/dout0[5]
 u_instruction_ram.g_sram\[0\].u_macro/dout0[6]
 u_instruction_ram.g_sram\[0\].u_macro/dout0[7]
 u_instruction_ram.g_sram\[0\].u_macro/dout0[8]
 u_instruction_ram.g_sram\[0\].u_macro/dout0[9]
 u_instruction_ram.g_sram\[1\].u_macro/dout0[0]
 u_instruction_ram.g_sram\[1\].u_macro/dout0[10]
 u_instruction_ram.g_sram\[1\].u_macro/dout0[11]
 u_instruction_ram.g_sram\[1\].u_macro/dout0[12]
 u_instruction_ram.g_sram\[1\].u_macro/dout0[13]
 u_instruction_ram.g_sram\[1\].u_macro/dout0[14]
 u_instruction_ram.g_sram\[1\].u_macro/dout0[15]
 u_instruction_ram.g_sram\[1\].u_macro/dout0[16]
 u_instruction_ram.g_sram\[1\].u_macro/dout0[17]
 u_instruction_ram.g_sram\[1\].u_macro/dout0[18]
 u_instruction_ram.g_sram\[1\].u_macro/dout0[19]
 u_instruction_ram.g_sram\[1\].u_macro/dout0[1]
 u_instruction_ram.g_sram\[1\].u_macro/dout0[20]
 u_instruction_ram.g_sram\[1\].u_macro/dout0[21]
 u_instruction_ram.g_sram\[1\].u_macro/dout0[22]
 u_instruction_ram.g_sram\[1\].u_macro/dout0[23]
 u_instruction_ram.g_sram\[1\].u_macro/dout0[24]
 u_instruction_ram.g_sram\[1\].u_macro/dout0[25]
 u_instruction_ram.g_sram\[1\].u_macro/dout0[26]
 u_instruction_ram.g_sram\[1\].u_macro/dout0[27]
 u_instruction_ram.g_sram\[1\].u_macro/dout0[28]
 u_instruction_ram.g_sram\[1\].u_macro/dout0[29]
 u_instruction_ram.g_sram\[1\].u_macro/dout0[2]
 u_instruction_ram.g_sram\[1\].u_macro/dout0[30]
 u_instruction_ram.g_sram\[1\].u_macro/dout0[31]
 u_instruction_ram.g_sram\[1\].u_macro/dout0[3]
 u_instruction_ram.g_sram\[1\].u_macro/dout0[4]
 u_instruction_ram.g_sram\[1\].u_macro/dout0[5]
 u_instruction_ram.g_sram\[1\].u_macro/dout0[6]
 u_instruction_ram.g_sram\[1\].u_macro/dout0[7]
 u_instruction_ram.g_sram\[1\].u_macro/dout0[8]
 u_instruction_ram.g_sram\[1\].u_macro/dout0[9]
 u_instruction_ram.g_sram\[2\].u_macro/dout0[0]
 u_instruction_ram.g_sram\[2\].u_macro/dout0[10]
 u_instruction_ram.g_sram\[2\].u_macro/dout0[11]
 u_instruction_ram.g_sram\[2\].u_macro/dout0[12]
 u_instruction_ram.g_sram\[2\].u_macro/dout0[13]
 u_instruction_ram.g_sram\[2\].u_macro/dout0[14]
 u_instruction_ram.g_sram\[2\].u_macro/dout0[15]
 u_instruction_ram.g_sram\[2\].u_macro/dout0[16]
 u_instruction_ram.g_sram\[2\].u_macro/dout0[17]
 u_instruction_ram.g_sram\[2\].u_macro/dout0[18]
 u_instruction_ram.g_sram\[2\].u_macro/dout0[19]
 u_instruction_ram.g_sram\[2\].u_macro/dout0[1]
 u_instruction_ram.g_sram\[2\].u_macro/dout0[20]
 u_instruction_ram.g_sram\[2\].u_macro/dout0[21]
 u_instruction_ram.g_sram\[2\].u_macro/dout0[22]
 u_instruction_ram.g_sram\[2\].u_macro/dout0[23]
 u_instruction_ram.g_sram\[2\].u_macro/dout0[24]
 u_instruction_ram.g_sram\[2\].u_macro/dout0[25]
 u_instruction_ram.g_sram\[2\].u_macro/dout0[26]
 u_instruction_ram.g_sram\[2\].u_macro/dout0[27]
 u_instruction_ram.g_sram\[2\].u_macro/dout0[28]
 u_instruction_ram.g_sram\[2\].u_macro/dout0[29]
 u_instruction_ram.g_sram\[2\].u_macro/dout0[2]
 u_instruction_ram.g_sram\[2\].u_macro/dout0[30]
 u_instruction_ram.g_sram\[2\].u_macro/dout0[31]
 u_instruction_ram.g_sram\[2\].u_macro/dout0[3]
 u_instruction_ram.g_sram\[2\].u_macro/dout0[4]
 u_instruction_ram.g_sram\[2\].u_macro/dout0[5]
 u_instruction_ram.g_sram\[2\].u_macro/dout0[6]
 u_instruction_ram.g_sram\[2\].u_macro/dout0[7]
 u_instruction_ram.g_sram\[2\].u_macro/dout0[8]
 u_instruction_ram.g_sram\[2\].u_macro/dout0[9]
 u_instruction_ram.g_sram\[3\].u_macro/dout0[0]
 u_instruction_ram.g_sram\[3\].u_macro/dout0[10]
 u_instruction_ram.g_sram\[3\].u_macro/dout0[11]
 u_instruction_ram.g_sram\[3\].u_macro/dout0[12]
 u_instruction_ram.g_sram\[3\].u_macro/dout0[13]
 u_instruction_ram.g_sram\[3\].u_macro/dout0[14]
 u_instruction_ram.g_sram\[3\].u_macro/dout0[15]
 u_instruction_ram.g_sram\[3\].u_macro/dout0[16]
 u_instruction_ram.g_sram\[3\].u_macro/dout0[17]
 u_instruction_ram.g_sram\[3\].u_macro/dout0[18]
 u_instruction_ram.g_sram\[3\].u_macro/dout0[19]
 u_instruction_ram.g_sram\[3\].u_macro/dout0[1]
 u_instruction_ram.g_sram\[3\].u_macro/dout0[20]
 u_instruction_ram.g_sram\[3\].u_macro/dout0[21]
 u_instruction_ram.g_sram\[3\].u_macro/dout0[22]
 u_instruction_ram.g_sram\[3\].u_macro/dout0[23]
 u_instruction_ram.g_sram\[3\].u_macro/dout0[24]
 u_instruction_ram.g_sram\[3\].u_macro/dout0[25]
 u_instruction_ram.g_sram\[3\].u_macro/dout0[26]
 u_instruction_ram.g_sram\[3\].u_macro/dout0[27]
 u_instruction_ram.g_sram\[3\].u_macro/dout0[28]
 u_instruction_ram.g_sram\[3\].u_macro/dout0[29]
 u_instruction_ram.g_sram\[3\].u_macro/dout0[2]
 u_instruction_ram.g_sram\[3\].u_macro/dout0[30]
 u_instruction_ram.g_sram\[3\].u_macro/dout0[31]
 u_instruction_ram.g_sram\[3\].u_macro/dout0[3]
 u_instruction_ram.g_sram\[3\].u_macro/dout0[4]
 u_instruction_ram.g_sram\[3\].u_macro/dout0[5]
 u_instruction_ram.g_sram\[3\].u_macro/dout0[6]
 u_instruction_ram.g_sram\[3\].u_macro/dout0[7]
 u_instruction_ram.g_sram\[3\].u_macro/dout0[8]
 u_instruction_ram.g_sram\[3\].u_macro/dout0[9]
Found 0 partially unannotated drivers.

===========================================================================
max slew violation count 4322
max fanout violation count 81
max cap violation count 1685
============================================================================

===========================================================================
check_setup -verbose -unconstrained_endpoints -multiple_clock -no_clock -no_input_delay -loops -generated_clocks
===========================================================================
Warning: There are 2 input ports missing set_input_delay.
  uart1_rxd
  uart2_rxd
Warning: There are 2 unconstrained endpoints.
  _192263_/D
  _192304_/D
