
===========================================================================
report_checks -unconstrained
===========================================================================
======================= nom_tt_025C_1v80 Corner ===================================

Startpoint: _84360_ (rising edge-triggered flip-flop clocked by clk_i)
Endpoint: _83698_ (recovery check against rising-edge clock clk_i)
Path Group: asynchronous
Path Type: max

Fanout         Cap        Slew       Delay        Time   Description
---------------------------------------------------------------------------------------------
                                  0.000000    0.000000   clock clk_i (rise edge)
                                  0.000000    0.000000   clock source latency
     2    0.310893    0.000000    0.000000    0.000000 ^ clk_i (in)
                                                         clk_i (net)
                      0.330404    0.165202    0.165202 ^ clkbuf_regs_0_clk_i/A (sky130_fd_sc_hd__clkbuf_16)
     1    0.011274    0.040315    0.201613    0.366815 ^ clkbuf_regs_0_clk_i/X (sky130_fd_sc_hd__clkbuf_16)
                                                         clk_i_regs (net)
                      0.040315    0.000220    0.367035 ^ clkbuf_0_clk_i_regs/A (sky130_fd_sc_hd__clkbuf_16)
     2    0.074149    0.091127    0.164700    0.531735 ^ clkbuf_0_clk_i_regs/X (sky130_fd_sc_hd__clkbuf_16)
                                                         clknet_0_clk_i_regs (net)
                      0.091232    0.002483    0.534218 ^ clkbuf_1_0_0_clk_i_regs/A (sky130_fd_sc_hd__clkbuf_8)
     2    0.043971    0.088517    0.176861    0.711078 ^ clkbuf_1_0_0_clk_i_regs/X (sky130_fd_sc_hd__clkbuf_8)
                                                         clknet_1_0_0_clk_i_regs (net)
                      0.088918    0.004735    0.715813 ^ clkbuf_2_1_0_clk_i_regs/A (sky130_fd_sc_hd__clkbuf_8)
     1    0.039348    0.081059    0.170882    0.886695 ^ clkbuf_2_1_0_clk_i_regs/X (sky130_fd_sc_hd__clkbuf_8)
                                                         clknet_2_1_0_clk_i_regs (net)
                      0.081478    0.004572    0.891267 ^ clkbuf_2_1_1_clk_i_regs/A (sky130_fd_sc_hd__clkbuf_8)
     4    0.073241    0.134687    0.209337    1.100604 ^ clkbuf_2_1_1_clk_i_regs/X (sky130_fd_sc_hd__clkbuf_8)
                                                         clknet_2_1_1_clk_i_regs (net)
                      0.134894    0.004318    1.104922 ^ clkbuf_4_6_0_clk_i_regs/A (sky130_fd_sc_hd__clkbuf_8)
     2    0.043939    0.088573    0.192814    1.297737 ^ clkbuf_4_6_0_clk_i_regs/X (sky130_fd_sc_hd__clkbuf_8)
                                                         clknet_4_6_0_clk_i_regs (net)
                      0.088842    0.003422    1.301159 ^ clkbuf_5_12_0_clk_i_regs/A (sky130_fd_sc_hd__clkbuf_8)
     4    0.056832    0.108738    0.192877    1.494036 ^ clkbuf_5_12_0_clk_i_regs/X (sky130_fd_sc_hd__clkbuf_8)
                                                         clknet_5_12_0_clk_i_regs (net)
                      0.108861    0.002187    1.496223 ^ clkbuf_7_48__f_clk_i_regs/A (sky130_fd_sc_hd__clkbuf_16)
     9    0.094980    0.111060    0.205898    1.702121 ^ clkbuf_7_48__f_clk_i_regs/X (sky130_fd_sc_hd__clkbuf_16)
                                                         clknet_7_48__leaf_clk_i_regs (net)
                      0.111077    0.001433    1.703554 ^ clkbuf_leaf_578_clk_i_regs/A (sky130_fd_sc_hd__clkbuf_8)
    12    0.031079    0.068038    0.170425    1.873979 ^ clkbuf_leaf_578_clk_i_regs/X (sky130_fd_sc_hd__clkbuf_8)
                                                         clknet_leaf_578_clk_i_regs (net)
                      0.068038    0.000113    1.874092 ^ _84360_/CLK (sky130_fd_sc_hd__dfrtp_2)
     1    0.045380    0.131806    0.498369    2.372461 v _84360_/Q (sky130_fd_sc_hd__dfrtp_2)
                                                         u_uart2.fifo_clr_r (net)
                      0.132339    0.006684    2.379145 v _38533_/A_N (sky130_fd_sc_hd__and2b_2)
    18    0.114242    0.556706    0.612439    2.991584 ^ _38533_/X (sky130_fd_sc_hd__and2b_2)
                                                         u_uart2.u_rx_fifo.rst_n (net)
                      0.557041    0.011389    3.002973 ^ _83698_/RESET_B (sky130_fd_sc_hd__dfrtp_4)
                                              3.002973   data arrival time

                                 20.000000   20.000000   clock clk_i (rise edge)
                                  0.000000   20.000000   clock source latency
     2    0.310893    0.000000    0.000000   20.000000 ^ clk_i (in)
                                                         clk_i (net)
                      0.330404    0.165201   20.165201 ^ clkbuf_regs_0_clk_i/A (sky130_fd_sc_hd__clkbuf_16)
     1    0.011274    0.040315    0.201615   20.366816 ^ clkbuf_regs_0_clk_i/X (sky130_fd_sc_hd__clkbuf_16)
                                                         clk_i_regs (net)
                      0.040315    0.000218   20.367035 ^ clkbuf_0_clk_i_regs/A (sky130_fd_sc_hd__clkbuf_16)
     2    0.074149    0.091127    0.164700   20.531734 ^ clkbuf_0_clk_i_regs/X (sky130_fd_sc_hd__clkbuf_16)
                                                         clknet_0_clk_i_regs (net)
                      0.091232    0.002483   20.534218 ^ clkbuf_1_0_0_clk_i_regs/A (sky130_fd_sc_hd__clkbuf_8)
     2    0.043971    0.088517    0.176861   20.711081 ^ clkbuf_1_0_0_clk_i_regs/X (sky130_fd_sc_hd__clkbuf_8)
                                                         clknet_1_0_0_clk_i_regs (net)
                      0.088710    0.003311   20.714392 ^ clkbuf_2_0_0_clk_i_regs/A (sky130_fd_sc_hd__clkbuf_8)
     1    0.040680    0.083150    0.172106   20.886497 ^ clkbuf_2_0_0_clk_i_regs/X (sky130_fd_sc_hd__clkbuf_8)
                                                         clknet_2_0_0_clk_i_regs (net)
                      0.083752    0.005540   20.892036 ^ clkbuf_2_0_1_clk_i_regs/A (sky130_fd_sc_hd__clkbuf_8)
     4    0.066605    0.124883    0.200437   21.092474 ^ clkbuf_2_0_1_clk_i_regs/X (sky130_fd_sc_hd__clkbuf_8)
                                                         clknet_2_0_1_clk_i_regs (net)
                      0.125286    0.005777   21.098251 ^ clkbuf_4_0_0_clk_i_regs/A (sky130_fd_sc_hd__clkbuf_8)
     2    0.018171    0.048623    0.158623   21.256874 ^ clkbuf_4_0_0_clk_i_regs/X (sky130_fd_sc_hd__clkbuf_8)
                                                         clknet_4_0_0_clk_i_regs (net)
                      0.048635    0.000759   21.257633 ^ clkbuf_5_1_0_clk_i_regs/A (sky130_fd_sc_hd__clkbuf_8)
     4    0.065306    0.122232    0.188459   21.446093 ^ clkbuf_5_1_0_clk_i_regs/X (sky130_fd_sc_hd__clkbuf_8)
                                                         clknet_5_1_0_clk_i_regs (net)
                      0.122293    0.000931   21.447023 ^ clkbuf_7_5__f_clk_i_regs/A (sky130_fd_sc_hd__clkbuf_16)
    10    0.078789    0.095718    0.198838   21.645861 ^ clkbuf_7_5__f_clk_i_regs/X (sky130_fd_sc_hd__clkbuf_16)
                                                         clknet_7_5__leaf_clk_i_regs (net)
                      0.095718    0.000499   21.646360 ^ clkbuf_leaf_977_clk_i_regs/A (sky130_fd_sc_hd__clkbuf_8)
    10    0.029143    0.065017    0.162375   21.808735 ^ clkbuf_leaf_977_clk_i_regs/X (sky130_fd_sc_hd__clkbuf_8)
                                                         clknet_leaf_977_clk_i_regs (net)
                      0.065017    0.000032   21.808767 ^ _83698_/CLK (sky130_fd_sc_hd__dfrtp_4)
                                 -0.250000   21.558767   clock uncertainty
                                  0.000000   21.558767   clock reconvergence pessimism
                                  0.052727   21.611496   library recovery time
                                             21.611496   data required time
---------------------------------------------------------------------------------------------
                                             21.611496   data required time
                                             -3.002973   data arrival time
---------------------------------------------------------------------------------------------
                                             18.608522   slack (MET)


Startpoint: u_data_ram.g_sram[1].u_macro
            (falling edge-triggered flip-flop clocked by clk_i)
Endpoint: _80605_ (rising edge-triggered flip-flop clocked by clk_i)
Path Group: clk_i
Path Type: max

Fanout         Cap        Slew       Delay        Time   Description
---------------------------------------------------------------------------------------------
                                 10.000000   10.000000   clock clk_i (fall edge)
                                  0.000000   10.000000   clock source latency
     2    0.308905    0.000000    0.000000   10.000000 v clk_i (in)
                                                         clk_i (net)
                      0.355736    0.177868   10.177869 v clkbuf_0_clk_i/A (sky130_fd_sc_hd__clkbuf_16)
     2    0.068123    0.064860    0.311851   10.489719 v clkbuf_0_clk_i/X (sky130_fd_sc_hd__clkbuf_16)
                                                         clknet_0_clk_i (net)
                      0.064950    0.002403   10.492122 v clkbuf_1_0_0_clk_i/A (sky130_fd_sc_hd__clkbuf_8)
     8    0.600016    0.600804    0.489708   10.981830 v clkbuf_1_0_0_clk_i/X (sky130_fd_sc_hd__clkbuf_8)
                                                         clknet_1_0_0_clk_i (net)
                      0.641026    0.120000   11.101830 v clkbuf_leaf_3_clk_i/A (sky130_fd_sc_hd__clkbuf_8)
     4    0.101131    0.120031    0.450449   11.552279 v clkbuf_leaf_3_clk_i/X (sky130_fd_sc_hd__clkbuf_8)
                                                         clknet_leaf_3_clk_i (net)
                      0.160328    0.004659   11.556938 v u_data_ram.g_sram[1].u_macro/clk1 (sky130_sram_2kbyte_1rw1r_32x512_8)
     1    0.019033    0.011462    0.480735   12.037673 v u_data_ram.g_sram[1].u_macro/dout1[11] (sky130_sram_2kbyte_1rw1r_32x512_8)
                                                         u_data_ram.dout_r[75] (net)
                      0.008597    0.000772   12.038445 v wire4072/A (sky130_fd_sc_hd__clkbuf_2)
     1    0.020558    0.083846    0.135169   12.173615 v wire4072/X (sky130_fd_sc_hd__clkbuf_2)
                                                         net4072 (net)
                      0.083894    0.000864   12.174479 v wire4071/A (sky130_fd_sc_hd__clkbuf_2)
     1    0.020813    0.084792    0.168622   12.343101 v wire4071/X (sky130_fd_sc_hd__clkbuf_2)
                                                         net4071 (net)
                      0.084799    0.000869   12.343968 v wire4070/A (sky130_fd_sc_hd__buf_6)
     1    0.020634    0.033807    0.144591   12.488560 v wire4070/X (sky130_fd_sc_hd__buf_6)
                                                         net4070 (net)
                      0.033824    0.000854   12.489413 v wire4069/A (sky130_fd_sc_hd__buf_6)
     1    0.020449    0.033709    0.121493   12.610907 v wire4069/X (sky130_fd_sc_hd__buf_6)
                                                         net4069 (net)
                      0.033725    0.000853   12.611759 v wire4068/A (sky130_fd_sc_hd__buf_4)
     1    0.020612    0.043989    0.148235   12.759995 v wire4068/X (sky130_fd_sc_hd__buf_4)
                                                         net4068 (net)
                      0.044008    0.000844   12.760839 v wire4067/A (sky130_fd_sc_hd__buf_6)
     1    0.020325    0.033578    0.125808   12.886646 v wire4067/X (sky130_fd_sc_hd__buf_6)
                                                         net4067 (net)
                      0.033594    0.000821   12.887466 v wire4066/A (sky130_fd_sc_hd__buf_6)
     1    0.020558    0.033781    0.121459   13.008925 v wire4066/X (sky130_fd_sc_hd__buf_6)
                                                         net4066 (net)
                      0.033797    0.000838   13.009765 v wire4065/A (sky130_fd_sc_hd__buf_6)
     1    0.020485    0.033732    0.121511   13.131275 v wire4065/X (sky130_fd_sc_hd__buf_6)
                                                         net4065 (net)
                      0.033749    0.000861   13.132135 v _38029_/A1 (sky130_fd_sc_hd__mux4_2)
     1    0.003585    0.082839    0.441632   13.573768 v _38029_/X (sky130_fd_sc_hd__mux4_2)
                                                         _12153_ (net)
                      0.082839    0.000025   13.573792 v _38030_/A1 (sky130_fd_sc_hd__mux2_4)
     2    0.056148    0.116580    0.359855   13.933647 v _38030_/X (sky130_fd_sc_hd__mux2_4)
                                                         s2_rdata[11] (net)
                      0.117935    0.009683   13.943331 v _58119_/A1 (sky130_fd_sc_hd__a221oi_4)
     2    0.009080    0.231896    0.313725   14.257055 ^ _58119_/Y (sky130_fd_sc_hd__a221oi_4)
                                                         _24326_ (net)
                      0.231896    0.000081   14.257136 ^ _58121_/B (sky130_fd_sc_hd__nor2_2)
     5    0.041387    0.133733    0.155451   14.412587 v _58121_/Y (sky130_fd_sc_hd__nor2_2)
                                                         _24328_ (net)
                      0.133830    0.002977   14.415565 v _58122_/B1 (sky130_fd_sc_hd__a22o_2)
     1    0.002716    0.039525    0.232919   14.648483 v _58122_/X (sky130_fd_sc_hd__a22o_2)
                                                         _24329_ (net)
                      0.039525    0.000008   14.648491 v _58134_/A2 (sky130_fd_sc_hd__a22o_2)
     1    0.004037    0.042622    0.252538   14.901030 v _58134_/X (sky130_fd_sc_hd__a22o_2)
                                                         _24341_ (net)
                      0.042622    0.000030   14.901059 v _58135_/A2_N (sky130_fd_sc_hd__a2bb2o_2)
     2    0.010712    0.074243    0.245707   15.146766 ^ _58135_/X (sky130_fd_sc_hd__a2bb2o_2)
                                                         _24342_ (net)
                      0.074243    0.000044   15.146811 ^ _58136_/A (sky130_fd_sc_hd__inv_2)
     1    0.002774    0.019371    0.030532   15.177342 v _58136_/Y (sky130_fd_sc_hd__inv_2)
                                                         _24343_ (net)
                      0.019371    0.000009   15.177351 v _58137_/A1 (sky130_fd_sc_hd__mux2_4)
     3    0.037803    0.097048    0.312321   15.489673 v _58137_/X (sky130_fd_sc_hd__mux2_4)
                                                         _24344_ (net)
                      0.097143    0.002771   15.492443 v _58138_/B1 (sky130_fd_sc_hd__a22o_2)
     1    0.002438    0.038588    0.217515   15.709958 v _58138_/X (sky130_fd_sc_hd__a22o_2)
                                                         _24345_ (net)
                      0.038588    0.000004   15.709962 v _58139_/A1 (sky130_fd_sc_hd__mux2_4)
     3    0.071709    0.135807    0.359094   16.069056 v _58139_/X (sky130_fd_sc_hd__mux2_4)
                                                         _24346_ (net)
                      0.137876    0.011946   16.081001 v wire99/A (sky130_fd_sc_hd__buf_12)
     1    0.137206    0.068595    0.202386   16.283388 v wire99/X (sky130_fd_sc_hd__buf_12)
                                                         net99 (net)
                      0.128741    0.054316   16.337704 v _58140_/A1 (sky130_fd_sc_hd__a21o_4)
     2    0.148258    0.192342    0.360156   16.697859 v _58140_/X (sky130_fd_sc_hd__a21o_4)
                                                         _24347_ (net)
                      0.235587    0.068649   16.766508 v _58144_/A2 (sky130_fd_sc_hd__a21o_2)
     1    0.003747    0.036210    0.278231   17.044739 v _58144_/X (sky130_fd_sc_hd__a21o_2)
                                                         _24351_ (net)
                      0.036210    0.000025   17.044764 v _58146_/B1 (sky130_fd_sc_hd__a22o_2)
     1    0.002721    0.039591    0.197462   17.242226 v _58146_/X (sky130_fd_sc_hd__a22o_2)
                                                         _07557_ (net)
                      0.039591    0.000007   17.242233 v _80605_/D (sky130_fd_sc_hd__dfrtp_2)
                                             17.242233   data arrival time

                                 20.000000   20.000000   clock clk_i (rise edge)
                                  0.000000   20.000000   clock source latency
     2    0.310893    0.000000    0.000000   20.000000 ^ clk_i (in)
                                                         clk_i (net)
                      0.330404    0.165201   20.165201 ^ clkbuf_regs_0_clk_i/A (sky130_fd_sc_hd__clkbuf_16)
     1    0.011274    0.040315    0.201615   20.366816 ^ clkbuf_regs_0_clk_i/X (sky130_fd_sc_hd__clkbuf_16)
                                                         clk_i_regs (net)
                      0.040315    0.000218   20.367035 ^ clkbuf_0_clk_i_regs/A (sky130_fd_sc_hd__clkbuf_16)
     2    0.074149    0.091127    0.164700   20.531734 ^ clkbuf_0_clk_i_regs/X (sky130_fd_sc_hd__clkbuf_16)
                                                         clknet_0_clk_i_regs (net)
                      0.091518    0.004720   20.536455 ^ clkbuf_1_1_0_clk_i_regs/A (sky130_fd_sc_hd__clkbuf_8)
     2    0.054346    0.105139    0.188043   20.724499 ^ clkbuf_1_1_0_clk_i_regs/X (sky130_fd_sc_hd__clkbuf_8)
                                                         clknet_1_1_0_clk_i_regs (net)
                      0.105817    0.006764   20.731262 ^ clkbuf_2_2_0_clk_i_regs/A (sky130_fd_sc_hd__clkbuf_8)
     1    0.043546    0.087429    0.182427   20.913689 ^ clkbuf_2_2_0_clk_i_regs/X (sky130_fd_sc_hd__clkbuf_8)
                                                         clknet_2_2_0_clk_i_regs (net)
                      0.087717    0.003974   20.917664 ^ clkbuf_2_2_1_clk_i_regs/A (sky130_fd_sc_hd__clkbuf_8)
     4    0.076344    0.138405    0.215843   21.133507 ^ clkbuf_2_2_1_clk_i_regs/X (sky130_fd_sc_hd__clkbuf_8)
                                                         clknet_2_2_1_clk_i_regs (net)
                      0.138500    0.002970   21.136477 ^ clkbuf_4_10_0_clk_i_regs/A (sky130_fd_sc_hd__clkbuf_8)
     2    0.036741    0.077242    0.185462   21.321939 ^ clkbuf_4_10_0_clk_i_regs/X (sky130_fd_sc_hd__clkbuf_8)
                                                         clknet_4_10_0_clk_i_regs (net)
                      0.077529    0.003286   21.325224 ^ clkbuf_5_20_0_clk_i_regs/A (sky130_fd_sc_hd__clkbuf_8)
     4    0.063329    0.119589    0.194163   21.519388 ^ clkbuf_5_20_0_clk_i_regs/X (sky130_fd_sc_hd__clkbuf_8)
                                                         clknet_5_20_0_clk_i_regs (net)
                      0.119680    0.002746   21.522135 ^ clkbuf_7_83__f_clk_i_regs/A (sky130_fd_sc_hd__clkbuf_16)
     7    0.070536    0.087906    0.191978   21.714111 ^ clkbuf_7_83__f_clk_i_regs/X (sky130_fd_sc_hd__clkbuf_16)
                                                         clknet_7_83__leaf_clk_i_regs (net)
                      0.087906    0.000147   21.714260 ^ clkbuf_leaf_247_clk_i_regs/A (sky130_fd_sc_hd__clkbuf_8)
     8    0.027798    0.062939    0.157797   21.872057 ^ clkbuf_leaf_247_clk_i_regs/X (sky130_fd_sc_hd__clkbuf_8)
                                                         clknet_leaf_247_clk_i_regs (net)
                      0.062939    0.000201   21.872257 ^ _80605_/CLK (sky130_fd_sc_hd__dfrtp_2)
                                 -0.250000   21.622259   clock uncertainty
                                  0.000000   21.622259   clock reconvergence pessimism
                                 -0.108974   21.513285   library setup time
                                             21.513285   data required time
---------------------------------------------------------------------------------------------
                                             21.513285   data required time
                                            -17.242233   data arrival time
---------------------------------------------------------------------------------------------
                                              4.271051   slack (MET)


Startpoint: _82720_ (rising edge-triggered flip-flop clocked by jtag_clk)
Endpoint: _82637_ (rising edge-triggered flip-flop clocked by jtag_clk)
Path Group: jtag_clk
Path Type: max

Fanout         Cap        Slew       Delay        Time   Description
---------------------------------------------------------------------------------------------
                                  0.000000    0.000000   clock jtag_clk (rise edge)
                                  0.000000    0.000000   clock source latency
     1    0.093527    0.000000    0.000000    0.000000 ^ jtag_tck (in)
                                                         jtag_tck (net)
                      0.035910    0.017955    0.017955 ^ clkbuf_0_jtag_tck/A (sky130_fd_sc_hd__clkbuf_16)
    16    0.100998    0.116719    0.183610    0.201565 ^ clkbuf_0_jtag_tck/X (sky130_fd_sc_hd__clkbuf_16)
                                                         clknet_0_jtag_tck (net)
                      0.116736    0.001472    0.203037 ^ clkbuf_4_13_0_jtag_tck/A (sky130_fd_sc_hd__clkbuf_8)
    11    0.040114    0.082128    0.183562    0.386599 ^ clkbuf_4_13_0_jtag_tck/X (sky130_fd_sc_hd__clkbuf_8)
                                                         clknet_4_13_0_jtag_tck (net)
                      0.082128    0.000096    0.386696 ^ _82720_/CLK (sky130_fd_sc_hd__dfstp_2)
     5    0.012609    0.073436    0.559347    0.946043 ^ _82720_/Q (sky130_fd_sc_hd__dfstp_2)
                                                         u_jtag.ir_reg[0] (net)
                      0.073436    0.000062    0.946104 ^ _67384_/D_N (sky130_fd_sc_hd__or4b_2)
     4    0.013450    0.140976    0.653543    1.599647 v _67384_/X (sky130_fd_sc_hd__or4b_2)
                                                         _31574_ (net)
                      0.140976    0.000056    1.599703 v _67387_/A3 (sky130_fd_sc_hd__a31o_2)
    33    0.109029    0.258602    0.491890    2.091593 v _67387_/X (sky130_fd_sc_hd__a31o_2)
                                                         _31577_ (net)
                      0.258602    0.000020    2.091613 v max_cap1424/A (sky130_fd_sc_hd__buf_12)
    32    0.102471    0.064871    0.257445    2.349057 v max_cap1424/X (sky130_fd_sc_hd__buf_12)
                                                         net1424 (net)
                      0.064927    0.001770    2.350827 v _67409_/B1 (sky130_fd_sc_hd__a211o_2)
     1    0.003002    0.048232    0.304430    2.655257 v _67409_/X (sky130_fd_sc_hd__a211o_2)
                                                         _31585_ (net)
                      0.048232    0.000009    2.655267 v _67410_/B1 (sky130_fd_sc_hd__o21a_2)
     1    0.002377    0.032792    0.108653    2.763919 v _67410_/X (sky130_fd_sc_hd__o21a_2)
                                                         _09588_ (net)
                      0.032792    0.000005    2.763924 v _82637_/D (sky130_fd_sc_hd__dfrtp_2)
                                              2.763924   data arrival time

                                100.000000  100.000000   clock jtag_clk (rise edge)
                                  0.000000  100.000000   clock source latency
     1    0.093527    0.000000    0.000000  100.000000 ^ jtag_tck (in)
                                                         jtag_tck (net)
                      0.035910    0.017955  100.017952 ^ clkbuf_0_jtag_tck/A (sky130_fd_sc_hd__clkbuf_16)
    16    0.100998    0.116719    0.183611  100.201561 ^ clkbuf_0_jtag_tck/X (sky130_fd_sc_hd__clkbuf_16)
                                                         clknet_0_jtag_tck (net)
                      0.116749    0.001826  100.203392 ^ clkbuf_4_11_0_jtag_tck/A (sky130_fd_sc_hd__clkbuf_8)
    10    0.037936    0.078723    0.180883  100.384270 ^ clkbuf_4_11_0_jtag_tck/X (sky130_fd_sc_hd__clkbuf_8)
                                                         clknet_4_11_0_jtag_tck (net)
                      0.078723    0.000071  100.384346 ^ _82637_/CLK (sky130_fd_sc_hd__dfrtp_2)
                                  0.000000  100.384346   clock reconvergence pessimism
                                 -0.102347  100.281998   library setup time
                                            100.281998   data required time
---------------------------------------------------------------------------------------------
                                            100.281998   data required time
                                             -2.763924   data arrival time
---------------------------------------------------------------------------------------------
                                             97.518074   slack (MET)




===========================================================================
report_checks --slack_max -0.01
============================================================================
======================= nom_tt_025C_1v80 Corner ===================================

No paths found.


===========================================================================
 report_check_types -max_slew -max_cap -max_fanout -violators
============================================================================
======================= nom_tt_025C_1v80 Corner ===================================

max slew

Pin                                        Limit        Slew       Slack
------------------------------------------------------------------------
u_npu.u_npu_sram.g_sram[0].u_macro/addr0[5]    0.040000    0.154753   -0.114753 (VIOLATED)
u_npu.u_npu_sram.g_sram[3].u_macro/addr0[5]    0.040000    0.153921   -0.113921 (VIOLATED)
u_npu.u_npu_sram.g_sram[1].u_macro/addr0[5]    0.040000    0.153470   -0.113470 (VIOLATED)
u_npu.u_npu_sram.g_sram[2].u_macro/addr0[5]    0.040000    0.153214   -0.113214 (VIOLATED)
u_npu.u_npu_sram.g_sram[2].u_macro/addr0[2]    0.040000    0.153066   -0.113066 (VIOLATED)
u_npu.u_npu_sram.g_sram[2].u_macro/addr0[4]    0.040000    0.152617   -0.112617 (VIOLATED)
u_npu.u_npu_sram.g_sram[0].u_macro/addr0[3]    0.040000    0.152406   -0.112406 (VIOLATED)
u_npu.u_npu_sram.g_sram[0].u_macro/addr0[4]    0.040000    0.152406   -0.112406 (VIOLATED)
u_npu.u_npu_sram.g_sram[3].u_macro/addr0[8]    0.040000    0.152353   -0.112353 (VIOLATED)
u_npu.u_npu_sram.g_sram[3].u_macro/addr0[3]    0.040000    0.151937   -0.111937 (VIOLATED)
u_npu.u_npu_sram.g_sram[10].u_macro/addr1[1]    0.040000    0.151767   -0.111767 (VIOLATED)
u_npu.u_npu_sram.g_sram[0].u_macro/addr0[2]    0.040000    0.151694   -0.111694 (VIOLATED)
u_npu.u_npu_sram.g_sram[0].u_macro/addr0[8]    0.040000    0.151694   -0.111694 (VIOLATED)
u_npu.u_npu_sram.g_sram[1].u_macro/addr0[2]    0.040000    0.151603   -0.111603 (VIOLATED)
u_npu.u_npu_sram.g_sram[3].u_macro/addr0[7]    0.040000    0.151598   -0.111598 (VIOLATED)
u_npu.u_npu_sram.g_sram[1].u_macro/addr0[8]    0.040000    0.151597   -0.111597 (VIOLATED)
u_npu.u_npu_sram.g_sram[2].u_macro/addr0[8]    0.040000    0.151343   -0.111343 (VIOLATED)
u_npu.u_npu_sram.g_sram[3].u_macro/addr0[6]    0.040000    0.151243   -0.111243 (VIOLATED)
u_npu.u_npu_sram.g_sram[1].u_macro/addr0[4]    0.040000    0.151127   -0.111127 (VIOLATED)
u_npu.u_npu_sram.g_sram[1].u_macro/addr0[3]    0.040000    0.151122   -0.111122 (VIOLATED)
u_npu.u_npu_sram.g_sram[0].u_macro/addr0[6]    0.040000    0.150912   -0.110912 (VIOLATED)
u_npu.u_npu_sram.g_sram[0].u_macro/addr0[7]    0.040000    0.150912   -0.110912 (VIOLATED)
u_npu.u_npu_sram.g_sram[2].u_macro/addr0[3]    0.040000    0.150867   -0.110867 (VIOLATED)
u_npu.u_npu_sram.g_sram[1].u_macro/addr0[6]    0.040000    0.150814   -0.110814 (VIOLATED)
u_npu.u_npu_sram.g_sram[1].u_macro/addr0[7]    0.040000    0.150814   -0.110814 (VIOLATED)
u_npu.u_npu_sram.g_sram[3].u_macro/addr0[2]    0.040000    0.150809   -0.110809 (VIOLATED)
u_npu.u_npu_sram.g_sram[2].u_macro/addr0[7]    0.040000    0.150559   -0.110559 (VIOLATED)
u_npu.u_npu_sram.g_sram[2].u_macro/addr0[6]    0.040000    0.150558   -0.110558 (VIOLATED)
u_npu.u_npu_sram.g_sram[3].u_macro/addr0[4]    0.040000    0.150331   -0.110331 (VIOLATED)
u_data_ram.g_sram[0].u_macro/addr0[0]    0.040000    0.147082   -0.107082 (VIOLATED)
u_instruction_ram.g_sram[2].u_macro/addr1[1]    0.040000    0.146790   -0.106790 (VIOLATED)
u_npu.u_npu_sram.g_sram[2].u_macro/addr1[5]    0.040000    0.146416   -0.106416 (VIOLATED)
u_npu.u_npu_sram.g_sram[10].u_macro/addr1[0]    0.040000    0.146413   -0.106413 (VIOLATED)
u_instruction_ram.g_sram[0].u_macro/addr0[5]    0.040000    0.146026   -0.106026 (VIOLATED)
u_npu.u_npu_sram.g_sram[13].u_macro/addr1[7]    0.040000    0.145821   -0.105821 (VIOLATED)
u_data_ram.g_sram[2].u_macro/addr1[2]    0.040000    0.145301   -0.105301 (VIOLATED)
u_npu.u_npu_sram.g_sram[10].u_macro/addr1[8]    0.040000    0.145076   -0.105076 (VIOLATED)
u_npu.u_npu_sram.g_sram[6].u_macro/addr1[5]    0.040000    0.145060   -0.105060 (VIOLATED)
u_npu.u_npu_sram.g_sram[6].u_macro/addr0[4]    0.040000    0.144798   -0.104797 (VIOLATED)
u_npu.u_npu_sram.g_sram[10].u_macro/addr0[4]    0.040000    0.144575   -0.104575 (VIOLATED)
u_instruction_ram.g_sram[0].u_macro/addr0[2]    0.040000    0.144434   -0.104434 (VIOLATED)
u_data_ram.g_sram[0].u_macro/addr1[0]    0.040000    0.144391   -0.104391 (VIOLATED)
u_data_ram.g_sram[0].u_macro/addr1[1]    0.040000    0.144370   -0.104370 (VIOLATED)
u_npu.u_npu_sram.g_sram[0].u_macro/addr1[5]    0.040000    0.144200   -0.104200 (VIOLATED)
u_instruction_ram.g_sram[0].u_macro/addr0[0]    0.040000    0.144200   -0.104200 (VIOLATED)
u_data_ram.g_sram[0].u_macro/addr1[7]    0.040000    0.144186   -0.104186 (VIOLATED)
u_npu.u_npu_sram.g_sram[7].u_macro/addr0[3]    0.040000    0.144086   -0.104086 (VIOLATED)
u_npu.u_npu_sram.g_sram[10].u_macro/addr0[2]    0.040000    0.144078   -0.104078 (VIOLATED)
u_instruction_ram.g_sram[0].u_macro/addr0[8]    0.040000    0.144075   -0.104075 (VIOLATED)
u_npu.u_npu_sram.g_sram[14].u_macro/addr1[5]    0.040000    0.144058   -0.104058 (VIOLATED)
u_instruction_ram.g_sram[0].u_macro/addr0[4]    0.040000    0.143929   -0.103929 (VIOLATED)
u_npu.u_npu_sram.g_sram[10].u_macro/addr1[5]    0.040000    0.143684   -0.103684 (VIOLATED)
u_instruction_ram.g_sram[0].u_macro/addr0[3]    0.040000    0.143643   -0.103643 (VIOLATED)
u_npu.u_npu_sram.g_sram[1].u_macro/addr1[5]    0.040000    0.143472   -0.103472 (VIOLATED)
u_npu.u_npu_sram.g_sram[3].u_macro/addr1[5]    0.040000    0.143470   -0.103470 (VIOLATED)
u_instruction_ram.g_sram[0].u_macro/addr0[7]    0.040000    0.143399   -0.103399 (VIOLATED)
u_npu.u_npu_sram.g_sram[8].u_macro/addr0[2]    0.040000    0.143342   -0.103342 (VIOLATED)
u_npu.u_npu_sram.g_sram[8].u_macro/addr0[8]    0.040000    0.143342   -0.103342 (VIOLATED)
u_data_ram.g_sram[0].u_macro/addr1[8]    0.040000    0.143292   -0.103292 (VIOLATED)
u_npu.u_npu_sram.g_sram[7].u_macro/addr0[5]    0.040000    0.143220   -0.103220 (VIOLATED)
u_instruction_ram.g_sram[2].u_macro/addr1[6]    0.040000    0.143056   -0.103056 (VIOLATED)
u_data_ram.g_sram[3].u_macro/addr1[6]    0.040000    0.143042   -0.103042 (VIOLATED)
u_npu.u_npu_sram.g_sram[11].u_macro/addr0[8]    0.040000    0.142967   -0.102967 (VIOLATED)
u_data_ram.g_sram[0].u_macro/addr1[5]    0.040000    0.142961   -0.102961 (VIOLATED)
u_data_ram.g_sram[0].u_macro/addr1[3]    0.040000    0.142953   -0.102953 (VIOLATED)
u_instruction_ram.g_sram[0].u_macro/addr1[2]    0.040000    0.142779   -0.102779 (VIOLATED)
u_npu.u_npu_sram.g_sram[5].u_macro/addr0[5]    0.040000    0.142709   -0.102709 (VIOLATED)
u_npu.u_npu_sram.g_sram[10].u_macro/addr0[1]    0.040000    0.142695   -0.102695 (VIOLATED)
u_npu.u_npu_sram.g_sram[12].u_macro/addr0[2]    0.040000    0.142667   -0.102667 (VIOLATED)
u_npu.u_npu_sram.g_sram[12].u_macro/addr0[8]    0.040000    0.142667   -0.102667 (VIOLATED)
u_instruction_ram.g_sram[2].u_macro/addr0[5]    0.040000    0.142597   -0.102597 (VIOLATED)
u_npu.u_npu_sram.g_sram[8].u_macro/addr0[6]    0.040000    0.142552   -0.102552 (VIOLATED)
u_npu.u_npu_sram.g_sram[8].u_macro/addr0[7]    0.040000    0.142552   -0.102552 (VIOLATED)
u_npu.u_npu_sram.g_sram[6].u_macro/addr0[2]    0.040000    0.142528   -0.102528 (VIOLATED)
u_npu.u_npu_sram.g_sram[4].u_macro/addr1[5]    0.040000    0.142527   -0.102527 (VIOLATED)
u_instruction_ram.g_sram[2].u_macro/addr1[2]    0.040000    0.142516   -0.102516 (VIOLATED)
u_instruction_ram.g_sram[0].u_macro/addr1[3]    0.040000    0.142464   -0.102464 (VIOLATED)
u_npu.u_npu_sram.g_sram[6].u_macro/addr0[5]    0.040000    0.142446   -0.102446 (VIOLATED)
u_npu.u_npu_sram.g_sram[0].u_macro/addr1[4]    0.040000    0.142312   -0.102312 (VIOLATED)
u_instruction_ram.g_sram[2].u_macro/addr1[5]    0.040000    0.142292   -0.102292 (VIOLATED)
u_instruction_ram.g_sram[3].u_macro/addr0[5]    0.040000    0.142287   -0.102287 (VIOLATED)
u_npu.u_npu_sram.g_sram[13].u_macro/addr0[5]    0.040000    0.142270   -0.102270 (VIOLATED)
u_npu.u_npu_sram.g_sram[13].u_macro/addr1[5]    0.040000    0.142270   -0.102270 (VIOLATED)
u_instruction_ram.g_sram[3].u_macro/addr1[6]    0.040000    0.142268   -0.102268 (VIOLATED)
u_npu.u_npu_sram.g_sram[11].u_macro/addr0[7]    0.040000    0.142257   -0.102257 (VIOLATED)
u_npu.u_npu_sram.g_sram[7].u_macro/addr0[4]    0.040000    0.142255   -0.102255 (VIOLATED)
u_npu.u_npu_sram.g_sram[14].u_macro/addr0[5]    0.040000    0.142185   -0.102185 (VIOLATED)
u_data_ram.g_sram[2].u_macro/addr0[8]    0.040000    0.142104   -0.102104 (VIOLATED)
u_data_ram.g_sram[2].u_macro/addr0[2]    0.040000    0.142084   -0.102084 (VIOLATED)
u_npu.u_npu_sram.g_sram[9].u_macro/addr0[2]    0.040000    0.142059   -0.102059 (VIOLATED)
u_npu.u_npu_sram.g_sram[9].u_macro/addr0[8]    0.040000    0.142052   -0.102052 (VIOLATED)
u_npu.u_npu_sram.g_sram[11].u_macro/addr0[3]    0.040000    0.141999   -0.101999 (VIOLATED)
u_npu.u_npu_sram.g_sram[2].u_macro/addr1[4]    0.040000    0.141993   -0.101993 (VIOLATED)
u_npu.u_npu_sram.g_sram[12].u_macro/addr1[4]    0.040000    0.141891   -0.101891 (VIOLATED)
u_npu.u_npu_sram.g_sram[11].u_macro/addr0[6]    0.040000    0.141885   -0.101885 (VIOLATED)
u_npu.u_npu_sram.g_sram[12].u_macro/addr0[6]    0.040000    0.141878   -0.101878 (VIOLATED)
u_npu.u_npu_sram.g_sram[12].u_macro/addr0[7]    0.040000    0.141878   -0.101878 (VIOLATED)
u_data_ram.g_sram[0].u_macro/addr0[4]    0.040000    0.141829   -0.101829 (VIOLATED)
u_npu.u_npu_sram.g_sram[1].u_macro/addr1[4]    0.040000    0.141822   -0.101822 (VIOLATED)
u_instruction_ram.g_sram[2].u_macro/addr1[3]    0.040000    0.141803   -0.101803 (VIOLATED)
u_npu.u_npu_sram.g_sram[10].u_macro/addr0[8]    0.040000    0.141797   -0.101797 (VIOLATED)
u_npu.u_npu_sram.g_sram[13].u_macro/addr0[3]    0.040000    0.141792   -0.101792 (VIOLATED)
u_npu.u_npu_sram.g_sram[13].u_macro/addr0[4]    0.040000    0.141792   -0.101792 (VIOLATED)
u_npu.u_npu_sram.g_sram[5].u_macro/addr1[5]    0.040000    0.141787   -0.101787 (VIOLATED)
u_data_ram.g_sram[3].u_macro/addr0[8]    0.040000    0.141785   -0.101785 (VIOLATED)
u_data_ram.g_sram[3].u_macro/addr0[2]    0.040000    0.141769   -0.101769 (VIOLATED)
u_npu.u_npu_sram.g_sram[7].u_macro/addr0[8]    0.040000    0.141766   -0.101766 (VIOLATED)
u_npu.u_npu_sram.g_sram[14].u_macro/addr0[3]    0.040000    0.141708   -0.101708 (VIOLATED)
u_npu.u_npu_sram.g_sram[7].u_macro/addr1[5]    0.040000    0.141680   -0.101680 (VIOLATED)
u_npu.u_npu_sram.g_sram[8].u_macro/addr1[3]    0.040000    0.141612   -0.101612 (VIOLATED)
u_data_ram.g_sram[0].u_macro/addr0[3]    0.040000    0.141565   -0.101565 (VIOLATED)
u_npu.u_npu_sram.g_sram[8].u_macro/addr1[2]    0.040000    0.141557   -0.101557 (VIOLATED)
u_npu.u_npu_sram.g_sram[14].u_macro/addr1[4]    0.040000    0.141531   -0.101531 (VIOLATED)
u_npu.u_npu_sram.g_sram[13].u_macro/addr0[6]    0.040000    0.141485   -0.101485 (VIOLATED)
u_npu.u_npu_sram.g_sram[13].u_macro/addr0[7]    0.040000    0.141485   -0.101485 (VIOLATED)
u_npu.u_npu_sram.g_sram[3].u_macro/addr1[4]    0.040000    0.141464   -0.101464 (VIOLATED)
u_data_ram.g_sram[2].u_macro/addr1[3]    0.040000    0.141448   -0.101448 (VIOLATED)
u_npu.u_npu_sram.g_sram[12].u_macro/addr1[5]    0.040000    0.141435   -0.101435 (VIOLATED)
u_npu.u_npu_sram.g_sram[6].u_macro/addr1[6]    0.040000    0.141427   -0.101427 (VIOLATED)
u_npu.u_npu_sram.g_sram[14].u_macro/addr0[6]    0.040000    0.141402   -0.101402 (VIOLATED)
u_npu.u_npu_sram.g_sram[14].u_macro/addr0[7]    0.040000    0.141402   -0.101402 (VIOLATED)
u_npu.u_npu_sram.g_sram[5].u_macro/addr1[6]    0.040000    0.141399   -0.101399 (VIOLATED)
u_npu.u_npu_sram.g_sram[11].u_macro/addr1[3]    0.040000    0.141397   -0.101397 (VIOLATED)
u_npu.u_npu_sram.g_sram[8].u_macro/addr1[4]    0.040000    0.141395   -0.101395 (VIOLATED)
u_data_ram.g_sram[2].u_macro/addr0[7]    0.040000    0.141329   -0.101329 (VIOLATED)
u_data_ram.g_sram[2].u_macro/addr0[6]    0.040000    0.141325   -0.101325 (VIOLATED)
u_instruction_ram.g_sram[2].u_macro/addr1[4]    0.040000    0.141318   -0.101318 (VIOLATED)
u_npu.u_npu_sram.g_sram[13].u_macro/addr1[4]    0.040000    0.141292   -0.101292 (VIOLATED)
u_npu.u_npu_sram.g_sram[9].u_macro/addr0[6]    0.040000    0.141282   -0.101282 (VIOLATED)
u_npu.u_npu_sram.g_sram[9].u_macro/addr0[7]    0.040000    0.141282   -0.101282 (VIOLATED)
u_npu.u_npu_sram.g_sram[10].u_macro/addr1[6]    0.040000    0.141268   -0.101268 (VIOLATED)
u_data_ram.g_sram[0].u_macro/addr0[6]    0.040000    0.141243   -0.101243 (VIOLATED)
u_npu.u_npu_sram.g_sram[10].u_macro/addr1[3]    0.040000    0.141243   -0.101243 (VIOLATED)
u_instruction_ram.g_sram[0].u_macro/addr1[4]    0.040000    0.141211   -0.101211 (VIOLATED)
u_npu.u_npu_sram.g_sram[0].u_macro/addr1[6]    0.040000    0.141179   -0.101179 (VIOLATED)
u_npu.u_npu_sram.g_sram[9].u_macro/addr1[3]    0.040000    0.141138   -0.101138 (VIOLATED)
u_npu.u_npu_sram.g_sram[12].u_macro/addr0[5]    0.040000    0.141100   -0.101100 (VIOLATED)
u_npu.u_npu_sram.g_sram[11].u_macro/addr0[2]    0.040000    0.141088   -0.101088 (VIOLATED)
u_npu.u_npu_sram.g_sram[9].u_macro/addr1[2]    0.040000    0.141081   -0.101081 (VIOLATED)
u_npu.u_npu_sram.g_sram[8].u_macro/addr0[3]    0.040000    0.141071   -0.101071 (VIOLATED)
u_npu.u_npu_sram.g_sram[8].u_macro/addr0[4]    0.040000    0.141071   -0.101071 (VIOLATED)
u_npu.u_npu_sram.g_sram[4].u_macro/addr1[3]    0.040000    0.141040   -0.101040 (VIOLATED)
u_npu.u_npu_sram.g_sram[10].u_macro/addr0[7]    0.040000    0.141024   -0.101024 (VIOLATED)
u_npu.u_npu_sram.g_sram[10].u_macro/addr0[6]    0.040000    0.141022   -0.101022 (VIOLATED)
u_npu.u_npu_sram.g_sram[12].u_macro/addr1[6]    0.040000    0.141015   -0.101015 (VIOLATED)
u_data_ram.g_sram[2].u_macro/addr0[3]    0.040000    0.141010   -0.101010 (VIOLATED)
u_data_ram.g_sram[2].u_macro/addr0[4]    0.040000    0.141006   -0.101006 (VIOLATED)
u_data_ram.g_sram[3].u_macro/addr0[7]    0.040000    0.141006   -0.101006 (VIOLATED)
u_data_ram.g_sram[3].u_macro/addr0[6]    0.040000    0.141003   -0.101003 (VIOLATED)
u_instruction_ram.g_sram[3].u_macro/addr1[3]    0.040000    0.140998   -0.100998 (VIOLATED)
u_data_ram.g_sram[0].u_macro/addr1[2]    0.040000    0.140992   -0.100992 (VIOLATED)
u_npu.u_npu_sram.g_sram[9].u_macro/addr0[4]    0.040000    0.140988   -0.100988 (VIOLATED)
u_npu.u_npu_sram.g_sram[9].u_macro/addr0[3]    0.040000    0.140980   -0.100980 (VIOLATED)
u_npu.u_npu_sram.g_sram[4].u_macro/addr0[2]    0.040000    0.140956   -0.100956 (VIOLATED)
u_npu.u_npu_sram.g_sram[4].u_macro/addr0[8]    0.040000    0.140956   -0.100956 (VIOLATED)
u_npu.u_npu_sram.g_sram[3].u_macro/addr1[6]    0.040000    0.140932   -0.100932 (VIOLATED)
u_instruction_ram.g_sram[3].u_macro/addr1[5]    0.040000    0.140906   -0.100906 (VIOLATED)
u_instruction_ram.g_sram[0].u_macro/addr1[6]    0.040000    0.140902   -0.100902 (VIOLATED)
u_npu.u_npu_sram.g_sram[9].u_macro/addr1[4]    0.040000    0.140896   -0.100896 (VIOLATED)
u_npu.u_npu_sram.g_sram[9].u_macro/addr1[7]    0.040000    0.140891   -0.100891 (VIOLATED)
u_npu.u_npu_sram.g_sram[5].u_macro/addr0[2]    0.040000    0.140872   -0.100872 (VIOLATED)
u_npu.u_npu_sram.g_sram[4].u_macro/addr0[6]    0.040000    0.140871   -0.100871 (VIOLATED)
u_npu.u_npu_sram.g_sram[4].u_macro/addr0[7]    0.040000    0.140871   -0.100871 (VIOLATED)
u_npu.u_npu_sram.g_sram[5].u_macro/addr0[8]    0.040000    0.140865   -0.100865 (VIOLATED)
u_instruction_ram.g_sram[2].u_macro/addr0[8]    0.040000    0.140791   -0.100791 (VIOLATED)
u_npu.u_npu_sram.g_sram[14].u_macro/addr0[4]    0.040000    0.140777   -0.100777 (VIOLATED)
u_npu.u_npu_sram.g_sram[7].u_macro/addr1[3]    0.040000    0.140756   -0.100756 (VIOLATED)
u_npu.u_npu_sram.g_sram[2].u_macro/addr1[6]    0.040000    0.140727   -0.100727 (VIOLATED)
u_npu.u_npu_sram.g_sram[10].u_macro/addr0[3]    0.040000    0.140721   -0.100721 (VIOLATED)
u_npu.u_npu_sram.g_sram[13].u_macro/addr0[2]    0.040000    0.140708   -0.100708 (VIOLATED)
u_npu.u_npu_sram.g_sram[13].u_macro/addr0[8]    0.040000    0.140708   -0.100708 (VIOLATED)
u_npu.u_npu_sram.g_sram[1].u_macro/addr1[6]    0.040000    0.140708   -0.100708 (VIOLATED)
u_instruction_ram.g_sram[3].u_macro/addr1[2]    0.040000    0.140702   -0.100702 (VIOLATED)
u_data_ram.g_sram[3].u_macro/addr0[3]    0.040000    0.140688   -0.100688 (VIOLATED)
u_data_ram.g_sram[3].u_macro/addr0[4]    0.040000    0.140684   -0.100684 (VIOLATED)
u_npu.u_npu_sram.g_sram[14].u_macro/addr0[2]    0.040000    0.140640   -0.100640 (VIOLATED)
u_npu.u_npu_sram.g_sram[14].u_macro/addr0[8]    0.040000    0.140626   -0.100626 (VIOLATED)
u_npu.u_npu_sram.g_sram[6].u_macro/addr0[8]    0.040000    0.140600   -0.100600 (VIOLATED)
u_npu.u_npu_sram.g_sram[6].u_macro/addr1[3]    0.040000    0.140582   -0.100582 (VIOLATED)
u_npu.u_npu_sram.g_sram[5].u_macro/addr1[3]    0.040000    0.140577   -0.100577 (VIOLATED)
u_instruction_ram.g_sram[2].u_macro/addr0[2]    0.040000    0.140566   -0.100566 (VIOLATED)
u_npu.u_npu_sram.g_sram[6].u_macro/wmask0[0]    0.040000    0.140558   -0.100558 (VIOLATED)
u_npu.u_npu_sram.g_sram[14].u_macro/addr1[6]    0.040000    0.140556   -0.100557 (VIOLATED)
u_npu.u_npu_sram.g_sram[13].u_macro/addr1[6]    0.040000    0.140507   -0.100507 (VIOLATED)
u_npu.u_npu_sram.g_sram[11].u_macro/addr1[4]    0.040000    0.140495   -0.100495 (VIOLATED)
u_instruction_ram.g_sram[3].u_macro/addr0[8]    0.040000    0.140470   -0.100470 (VIOLATED)
u_data_ram.g_sram[0].u_macro/addr0[5]    0.040000    0.140452   -0.100452 (VIOLATED)
u_npu.u_npu_sram.g_sram[7].u_macro/addr0[7]    0.040000    0.140385   -0.100385 (VIOLATED)
u_data_ram.g_sram[0].u_macro/addr1[4]    0.040000    0.140337   -0.100337 (VIOLATED)
u_npu.u_npu_sram.g_sram[4].u_macro/addr1[2]    0.040000    0.140284   -0.100284 (VIOLATED)
u_instruction_ram.g_sram[2].u_macro/addr1[0]    0.040000    0.140227   -0.100227 (VIOLATED)
u_instruction_ram.g_sram[3].u_macro/addr0[2]    0.040000    0.140212   -0.100212 (VIOLATED)
u_data_ram.g_sram[2].u_macro/addr1[4]    0.040000    0.140191   -0.100191 (VIOLATED)
u_npu.u_npu_sram.g_sram[11].u_macro/addr1[2]    0.040000    0.140127   -0.100127 (VIOLATED)
u_instruction_ram.g_sram[0].u_macro/addr1[5]    0.040000    0.140117   -0.100117 (VIOLATED)
u_npu.u_npu_sram.g_sram[4].u_macro/addr0[5]    0.040000    0.140085   -0.100085 (VIOLATED)
u_npu.u_npu_sram.g_sram[7].u_macro/addr0[6]    0.040000    0.140036   -0.100036 (VIOLATED)
u_npu.u_npu_sram.g_sram[6].u_macro/addr1[8]    0.040000    0.140033   -0.100033 (VIOLATED)
u_npu.u_npu_sram.g_sram[11].u_macro/addr0[4]    0.040000    0.140004   -0.100004 (VIOLATED)
u_npu.u_npu_sram.g_sram[10].u_macro/addr1[2]    0.040000    0.139996   -0.099996 (VIOLATED)
u_npu.u_npu_sram.g_sram[7].u_macro/addr1[2]    0.040000    0.139978   -0.099978 (VIOLATED)
u_npu.u_npu_sram.g_sram[5].u_macro/addr1[7]    0.040000    0.139975   -0.099975 (VIOLATED)
u_npu.u_npu_sram.g_sram[0].u_macro/addr1[3]    0.040000    0.139961   -0.099961 (VIOLATED)
u_npu.u_npu_sram.g_sram[11].u_macro/addr0[5]    0.040000    0.139948   -0.099948 (VIOLATED)
u_npu.u_npu_sram.g_sram[7].u_macro/addr0[2]    0.040000    0.139912   -0.099912 (VIOLATED)
u_data_ram.g_sram[2].u_macro/addr1[6]    0.040000    0.139855   -0.099855 (VIOLATED)
u_npu.u_npu_sram.g_sram[6].u_macro/addr1[2]    0.040000    0.139847   -0.099847 (VIOLATED)
u_npu.u_npu_sram.g_sram[8].u_macro/addr1[5]    0.040000    0.139845   -0.099845 (VIOLATED)
u_npu.u_npu_sram.g_sram[5].u_macro/addr1[2]    0.040000    0.139821   -0.099821 (VIOLATED)
u_data_ram.g_sram[0].u_macro/addr1[6]    0.040000    0.139805   -0.099805 (VIOLATED)
u_npu.u_npu_sram.g_sram[12].u_macro/addr1[3]    0.040000    0.139774   -0.099774 (VIOLATED)
u_data_ram.g_sram[0].u_macro/addr0[1]    0.040000    0.139759   -0.099759 (VIOLATED)
u_npu.u_npu_sram.g_sram[4].u_macro/addr1[4]    0.040000    0.139709   -0.099709 (VIOLATED)
u_npu.u_npu_sram.g_sram[8].u_macro/addr1[6]    0.040000    0.139664   -0.099664 (VIOLATED)
u_npu.u_npu_sram.g_sram[10].u_macro/addr1[7]    0.040000    0.139664   -0.099664 (VIOLATED)
u_npu.u_npu_sram.g_sram[3].u_macro/addr1[3]    0.040000    0.139663   -0.099663 (VIOLATED)
u_npu.u_npu_sram.g_sram[0].u_macro/addr1[2]    0.040000    0.139608   -0.099608 (VIOLATED)
u_npu.u_npu_sram.g_sram[5].u_macro/addr0[6]    0.040000    0.139588   -0.099588 (VIOLATED)
u_npu.u_npu_sram.g_sram[5].u_macro/addr0[7]    0.040000    0.139588   -0.099588 (VIOLATED)
u_npu.u_npu_sram.g_sram[8].u_macro/addr0[5]    0.040000    0.139507   -0.099507 (VIOLATED)
u_npu.u_npu_sram.g_sram[12].u_macro/addr0[3]    0.040000    0.139501   -0.099501 (VIOLATED)
u_npu.u_npu_sram.g_sram[12].u_macro/addr0[4]    0.040000    0.139501   -0.099501 (VIOLATED)
u_npu.u_npu_sram.g_sram[1].u_macro/addr1[3]    0.040000    0.139499   -0.099499 (VIOLATED)
u_npu.u_npu_sram.g_sram[6].u_macro/addr0[1]    0.040000    0.139485   -0.099485 (VIOLATED)
u_npu.u_npu_sram.g_sram[2].u_macro/addr1[3]    0.040000    0.139478   -0.099478 (VIOLATED)
u_npu.u_npu_sram.g_sram[9].u_macro/wmask0[3]    0.040000    0.139475   -0.099475 (VIOLATED)
u_npu.u_npu_sram.g_sram[11].u_macro/addr1[6]    0.040000    0.139463   -0.099463 (VIOLATED)
u_npu.u_npu_sram.g_sram[12].u_macro/addr1[2]    0.040000    0.139452   -0.099452 (VIOLATED)
u_data_ram.g_sram[2].u_macro/addr0[5]    0.040000    0.139451   -0.099451 (VIOLATED)
u_instruction_ram.g_sram[2].u_macro/addr0[7]    0.040000    0.139450   -0.099450 (VIOLATED)
u_data_ram.g_sram[0].u_macro/addr0[8]    0.040000    0.139431   -0.099431 (VIOLATED)
u_npu.u_npu_sram.g_sram[6].u_macro/addr0[0]    0.040000    0.139425   -0.099425 (VIOLATED)
u_npu.u_npu_sram.g_sram[9].u_macro/addr0[0]    0.040000    0.139412   -0.099412 (VIOLATED)
u_npu.u_npu_sram.g_sram[9].u_macro/addr0[5]    0.040000    0.139411   -0.099412 (VIOLATED)
u_instruction_ram.g_sram[2].u_macro/addr0[6]    0.040000    0.139407   -0.099407 (VIOLATED)
u_npu.u_npu_sram.g_sram[6].u_macro/addr1[4]    0.040000    0.139381   -0.099381 (VIOLATED)
u_npu.u_npu_sram.g_sram[4].u_macro/addr0[3]    0.040000    0.139378   -0.099378 (VIOLATED)
u_npu.u_npu_sram.g_sram[4].u_macro/addr0[4]    0.040000    0.139378   -0.099378 (VIOLATED)
u_instruction_ram.g_sram[1].u_macro/wmask0[2]    0.040000    0.139361   -0.099361 (VIOLATED)
u_npu.u_npu_sram.g_sram[6].u_macro/addr0[7]    0.040000    0.139335   -0.099335 (VIOLATED)
u_npu.u_npu_sram.g_sram[6].u_macro/addr0[6]    0.040000    0.139334   -0.099334 (VIOLATED)
u_npu.u_npu_sram.g_sram[3].u_macro/addr1[2]    0.040000    0.139297   -0.099297 (VIOLATED)
u_npu.u_npu_sram.g_sram[5].u_macro/addr0[4]    0.040000    0.139287   -0.099287 (VIOLATED)
u_npu.u_npu_sram.g_sram[5].u_macro/addr0[3]    0.040000    0.139281   -0.099281 (VIOLATED)
u_npu.u_npu_sram.g_sram[13].u_macro/addr1[3]    0.040000    0.139236   -0.099236 (VIOLATED)
u_npu.u_npu_sram.g_sram[14].u_macro/addr1[3]    0.040000    0.139222   -0.099222 (VIOLATED)
u_npu.u_npu_sram.g_sram[5].u_macro/addr1[4]    0.040000    0.139210   -0.099210 (VIOLATED)
u_npu.u_npu_sram.g_sram[9].u_macro/addr1[6]    0.040000    0.139200   -0.099200 (VIOLATED)
u_data_ram.g_sram[0].u_macro/addr0[2]    0.040000    0.139195   -0.099195 (VIOLATED)
u_instruction_ram.g_sram[2].u_macro/addr0[3]    0.040000    0.139181   -0.099181 (VIOLATED)
u_npu.u_npu_sram.g_sram[8].u_macro/addr1[8]    0.040000    0.139176   -0.099176 (VIOLATED)
u_npu.u_npu_sram.g_sram[7].u_macro/wmask0[3]    0.040000    0.139168   -0.099168 (VIOLATED)
u_npu.u_npu_sram.g_sram[2].u_macro/addr1[2]    0.040000    0.139166   -0.099166 (VIOLATED)
u_npu.u_npu_sram.g_sram[10].u_macro/addr1[4]    0.040000    0.139164   -0.099164 (VIOLATED)
u_npu.u_npu_sram.g_sram[10].u_macro/addr0[5]    0.040000    0.139162   -0.099162 (VIOLATED)
u_instruction_ram.g_sram[3].u_macro/addr0[7]    0.040000    0.139155   -0.099155 (VIOLATED)
u_npu.u_npu_sram.g_sram[1].u_macro/addr1[2]    0.040000    0.139145   -0.099145 (VIOLATED)
u_data_ram.g_sram[3].u_macro/addr0[5]    0.040000    0.139144   -0.099144 (VIOLATED)
u_instruction_ram.g_sram[3].u_macro/addr0[6]    0.040000    0.139117   -0.099117 (VIOLATED)
u_npu.u_npu_sram.g_sram[14].u_macro/addr1[2]    0.040000    0.139110   -0.099110 (VIOLATED)
u_npu.u_npu_sram.g_sram[9].u_macro/addr1[5]    0.040000    0.139108   -0.099108 (VIOLATED)
u_npu.u_npu_sram.g_sram[11].u_macro/addr1[5]    0.040000    0.139100   -0.099100 (VIOLATED)
u_npu.u_npu_sram.g_sram[6].u_macro/addr0[3]    0.040000    0.139028   -0.099028 (VIOLATED)
u_instruction_ram.g_sram[2].u_macro/addr0[4]    0.040000    0.139027   -0.099027 (VIOLATED)
u_npu.u_npu_sram.g_sram[13].u_macro/addr1[2]    0.040000    0.138996   -0.098996 (VIOLATED)
u_npu.u_npu_sram.g_sram[11].u_macro/wmask0[3]    0.040000    0.138990   -0.098990 (VIOLATED)
u_npu.u_npu_sram.g_sram[7].u_macro/wmask0[1]    0.040000    0.138947   -0.098947 (VIOLATED)
u_npu.u_npu_sram.g_sram[7].u_macro/addr1[4]    0.040000    0.138946   -0.098946 (VIOLATED)
u_instruction_ram.g_sram[0].u_macro/addr1[0]    0.040000    0.138902   -0.098902 (VIOLATED)
u_instruction_ram.g_sram[3].u_macro/addr0[3]    0.040000    0.138883   -0.098883 (VIOLATED)
u_npu.u_npu_sram.g_sram[7].u_macro/wmask0[0]    0.040000    0.138870   -0.098870 (VIOLATED)
u_instruction_ram.g_sram[2].u_macro/wmask0[3]    0.040000    0.138861   -0.098861 (VIOLATED)
u_npu.u_npu_sram.g_sram[9].u_macro/addr1[8]    0.040000    0.138832   -0.098832 (VIOLATED)
u_npu.u_npu_sram.g_sram[1].u_macro/addr0[0]    0.040000    0.138824   -0.098824 (VIOLATED)
u_npu.u_npu_sram.g_sram[13].u_macro/wmask0[1]    0.040000    0.138819   -0.098819 (VIOLATED)
u_data_ram.g_sram[2].u_macro/addr1[5]    0.040000    0.138787   -0.098787 (VIOLATED)
u_instruction_ram.g_sram[3].u_macro/addr1[4]    0.040000    0.138776   -0.098776 (VIOLATED)
u_npu.u_npu_sram.g_sram[4].u_macro/addr1[7]    0.040000    0.138771   -0.098771 (VIOLATED)
u_npu.u_npu_sram.g_sram[7].u_macro/wmask0[2]    0.040000    0.138755   -0.098755 (VIOLATED)
u_instruction_ram.g_sram[0].u_macro/addr1[1]    0.040000    0.138719   -0.098719 (VIOLATED)
u_instruction_ram.g_sram[3].u_macro/addr0[4]    0.040000    0.138717   -0.098717 (VIOLATED)
u_npu.u_npu_sram.g_sram[14].u_macro/wmask0[0]    0.040000    0.138636   -0.098636 (VIOLATED)
u_npu.u_npu_sram.g_sram[5].u_macro/wmask0[2]    0.040000    0.138622   -0.098622 (VIOLATED)
u_instruction_ram.g_sram[2].u_macro/wmask0[2]    0.040000    0.138605   -0.098605 (VIOLATED)
u_npu.u_npu_sram.g_sram[11].u_macro/wmask0[2]    0.040000    0.138577   -0.098577 (VIOLATED)
u_npu.u_npu_sram.g_sram[14].u_macro/addr0[1]    0.040000    0.138576   -0.098576 (VIOLATED)
u_instruction_ram.g_sram[1].u_macro/wmask0[1]    0.040000    0.138554   -0.098554 (VIOLATED)
u_instruction_ram.g_sram[2].u_macro/wmask0[1]    0.040000    0.138542   -0.098542 (VIOLATED)
u_npu.u_npu_sram.g_sram[10].u_macro/addr0[0]    0.040000    0.138497   -0.098497 (VIOLATED)
u_npu.u_npu_sram.g_sram[12].u_macro/addr1[7]    0.040000    0.138406   -0.098406 (VIOLATED)
u_instruction_ram.g_sram[3].u_macro/wmask0[2]    0.040000    0.138403   -0.098403 (VIOLATED)
u_data_ram.g_sram[0].u_macro/addr0[7]    0.040000    0.138392   -0.098392 (VIOLATED)
u_npu.u_npu_sram.g_sram[13].u_macro/wmask0[3]    0.040000    0.138322   -0.098322 (VIOLATED)
u_instruction_ram.g_sram[1].u_macro/wmask0[3]    0.040000    0.138317   -0.098317 (VIOLATED)
u_npu.u_npu_sram.g_sram[4].u_macro/addr1[6]    0.040000    0.138236   -0.098236 (VIOLATED)
u_instruction_ram.g_sram[0].u_macro/addr1[7]    0.040000    0.138232   -0.098232 (VIOLATED)
u_npu.u_npu_sram.g_sram[11].u_macro/wmask0[1]    0.040000    0.138221   -0.098221 (VIOLATED)
u_data_ram.g_sram[3].u_macro/addr0[1]    0.040000    0.138185   -0.098185 (VIOLATED)
u_npu.u_npu_sram.g_sram[6].u_macro/addr1[1]    0.040000    0.138166   -0.098166 (VIOLATED)
u_instruction_ram.g_sram[3].u_macro/wmask0[3]    0.040000    0.138140   -0.098140 (VIOLATED)
u_instruction_ram.g_sram[2].u_macro/addr1[7]    0.040000    0.138095   -0.098095 (VIOLATED)
u_npu.u_npu_sram.g_sram[11].u_macro/wmask0[0]    0.040000    0.138081   -0.098081 (VIOLATED)
u_npu.u_npu_sram.g_sram[7].u_macro/addr1[8]    0.040000    0.138080   -0.098080 (VIOLATED)
u_npu.u_npu_sram.g_sram[7].u_macro/addr1[6]    0.040000    0.138006   -0.098006 (VIOLATED)
u_data_ram.g_sram[2].u_macro/addr1[0]    0.040000    0.137991   -0.097991 (VIOLATED)
u_instruction_ram.g_sram[1].u_macro/wmask0[0]    0.040000    0.137942   -0.097942 (VIOLATED)
u_instruction_ram.g_sram[2].u_macro/wmask0[0]    0.040000    0.137934   -0.097934 (VIOLATED)
u_npu.u_npu_sram.g_sram[2].u_macro/addr1[8]    0.040000    0.137904   -0.097904 (VIOLATED)
u_npu.u_npu_sram.g_sram[8].u_macro/addr1[0]    0.040000    0.137895   -0.097895 (VIOLATED)
u_npu.u_npu_sram.g_sram[4].u_macro/addr1[8]    0.040000    0.137891   -0.097891 (VIOLATED)
u_npu.u_npu_sram.g_sram[14].u_macro/addr1[8]    0.040000    0.137846   -0.097846 (VIOLATED)
u_npu.u_npu_sram.g_sram[9].u_macro/addr1[0]    0.040000    0.137836   -0.097836 (VIOLATED)
u_instruction_ram.g_sram[3].u_macro/wmask0[1]    0.040000    0.137813   -0.097813 (VIOLATED)
u_instruction_ram.g_sram[3].u_macro/wmask0[0]    0.040000    0.137800   -0.097800 (VIOLATED)
u_instruction_ram.g_sram[2].u_macro/addr1[8]    0.040000    0.137795   -0.097795 (VIOLATED)
u_npu.u_npu_sram.g_sram[1].u_macro/wmask0[2]    0.040000    0.137782   -0.097782 (VIOLATED)
u_npu.u_npu_sram.g_sram[6].u_macro/addr1[0]    0.040000    0.137773   -0.097773 (VIOLATED)
u_npu.u_npu_sram.g_sram[7].u_macro/addr0[0]    0.040000    0.137761   -0.097761 (VIOLATED)
u_npu.u_npu_sram.g_sram[6].u_macro/addr1[7]    0.040000    0.137731   -0.097731 (VIOLATED)
u_npu.u_npu_sram.g_sram[5].u_macro/wmask0[1]    0.040000    0.137674   -0.097674 (VIOLATED)
u_npu.u_npu_sram.g_sram[12].u_macro/addr1[8]    0.040000    0.137659   -0.097659 (VIOLATED)
u_npu.u_npu_sram.g_sram[2].u_macro/addr0[1]    0.040000    0.137625   -0.097625 (VIOLATED)
u_npu.u_npu_sram.g_sram[5].u_macro/wmask0[0]    0.040000    0.137622   -0.097622 (VIOLATED)
u_npu.u_npu_sram.g_sram[2].u_macro/addr0[0]    0.040000    0.137567   -0.097567 (VIOLATED)
u_data_ram.g_sram[2].u_macro/addr1[1]    0.040000    0.137564   -0.097564 (VIOLATED)
u_npu.u_npu_sram.g_sram[4].u_macro/wmask0[1]    0.040000    0.137562   -0.097562 (VIOLATED)
u_npu.u_npu_sram.g_sram[6].u_macro/wmask0[2]    0.040000    0.137535   -0.097535 (VIOLATED)
u_npu.u_npu_sram.g_sram[5].u_macro/wmask0[3]    0.040000    0.137534   -0.097534 (VIOLATED)
u_npu.u_npu_sram.g_sram[13].u_macro/wmask0[0]    0.040000    0.137528   -0.097528 (VIOLATED)
u_npu.u_npu_sram.g_sram[5].u_macro/addr0[1]    0.040000    0.137517   -0.097517 (VIOLATED)
u_npu.u_npu_sram.g_sram[2].u_macro/addr1[1]    0.040000    0.137514   -0.097514 (VIOLATED)
u_npu.u_npu_sram.g_sram[9].u_macro/addr1[1]    0.040000    0.137498   -0.097498 (VIOLATED)
u_npu.u_npu_sram.g_sram[8].u_macro/addr1[1]    0.040000    0.137495   -0.097495 (VIOLATED)
u_data_ram.g_sram[3].u_macro/addr1[1]    0.040000    0.137494   -0.097494 (VIOLATED)
u_npu.u_npu_sram.g_sram[5].u_macro/addr0[0]    0.040000    0.137487   -0.097487 (VIOLATED)
u_npu.u_npu_sram.g_sram[5].u_macro/addr1[8]    0.040000    0.137451   -0.097451 (VIOLATED)
u_npu.u_npu_sram.g_sram[4].u_macro/wmask0[0]    0.040000    0.137438   -0.097438 (VIOLATED)
u_npu.u_npu_sram.g_sram[4].u_macro/wmask0[2]    0.040000    0.137430   -0.097430 (VIOLATED)
u_npu.u_npu_sram.g_sram[4].u_macro/addr0[1]    0.040000    0.137420   -0.097420 (VIOLATED)
u_npu.u_npu_sram.g_sram[14].u_macro/addr1[1]    0.040000    0.137377   -0.097377 (VIOLATED)
u_data_ram.g_sram[3].u_macro/addr1[0]    0.040000    0.137355   -0.097355 (VIOLATED)
u_instruction_ram.g_sram[0].u_macro/addr1[8]    0.040000    0.137344   -0.097344 (VIOLATED)
u_npu.u_npu_sram.g_sram[4].u_macro/addr0[0]    0.040000    0.137325   -0.097325 (VIOLATED)
u_npu.u_npu_sram.g_sram[11].u_macro/addr1[1]    0.040000    0.137317   -0.097317 (VIOLATED)
u_instruction_ram.g_sram[3].u_macro/addr1[8]    0.040000    0.137293   -0.097293 (VIOLATED)
u_npu.u_npu_sram.g_sram[6].u_macro/wmask0[3]    0.040000    0.137293   -0.097293 (VIOLATED)
u_npu.u_npu_sram.g_sram[3].u_macro/wmask0[3]    0.040000    0.137260   -0.097260 (VIOLATED)
u_npu.u_npu_sram.g_sram[3].u_macro/wmask0[0]    0.040000    0.137253   -0.097253 (VIOLATED)
u_npu.u_npu_sram.g_sram[11].u_macro/addr1[8]    0.040000    0.137243   -0.097243 (VIOLATED)
u_npu.u_npu_sram.g_sram[10].u_macro/wmask0[1]    0.040000    0.137242   -0.097242 (VIOLATED)
u_npu.u_npu_sram.g_sram[7].u_macro/addr0[1]    0.040000    0.137222   -0.097222 (VIOLATED)
u_npu.u_npu_sram.g_sram[4].u_macro/wmask0[3]    0.040000    0.137194   -0.097194 (VIOLATED)
u_npu.u_npu_sram.g_sram[7].u_macro/addr1[7]    0.040000    0.137183   -0.097183 (VIOLATED)
u_npu.u_npu_sram.g_sram[11].u_macro/addr1[0]    0.040000    0.137139   -0.097139 (VIOLATED)
u_npu.u_npu_sram.g_sram[2].u_macro/addr1[0]    0.040000    0.137120   -0.097120 (VIOLATED)
u_npu.u_npu_sram.g_sram[6].u_macro/wmask0[1]    0.040000    0.137115   -0.097115 (VIOLATED)
u_instruction_ram.g_sram[2].u_macro/addr0[1]    0.040000    0.137071   -0.097071 (VIOLATED)
u_instruction_ram.g_sram[3].u_macro/addr1[7]    0.040000    0.137067   -0.097067 (VIOLATED)
u_instruction_ram.g_sram[3].u_macro/addr0[1]    0.040000    0.137041   -0.097041 (VIOLATED)
u_npu.u_npu_sram.g_sram[3].u_macro/wmask0[1]    0.040000    0.137037   -0.097037 (VIOLATED)
u_npu.u_npu_sram.g_sram[1].u_macro/wmask0[0]    0.040000    0.137027   -0.097027 (VIOLATED)
u_instruction_ram.g_sram[2].u_macro/addr0[0]    0.040000    0.136988   -0.096988 (VIOLATED)
u_npu.u_npu_sram.g_sram[14].u_macro/addr1[0]    0.040000    0.136974   -0.096974 (VIOLATED)
u_npu.u_npu_sram.g_sram[11].u_macro/addr0[1]    0.040000    0.136965   -0.096965 (VIOLATED)
u_instruction_ram.g_sram[3].u_macro/addr0[0]    0.040000    0.136953   -0.096953 (VIOLATED)
u_npu.u_npu_sram.g_sram[11].u_macro/addr0[0]    0.040000    0.136930   -0.096930 (VIOLATED)
u_npu.u_npu_sram.g_sram[3].u_macro/wmask0[2]    0.040000    0.136891   -0.096891 (VIOLATED)
u_data_ram.g_sram[2].u_macro/addr0[1]    0.040000    0.136861   -0.096861 (VIOLATED)
u_npu.u_npu_sram.g_sram[9].u_macro/addr0[1]    0.040000    0.136834   -0.096834 (VIOLATED)
u_npu.u_npu_sram.g_sram[9].u_macro/wmask0[0]    0.040000    0.136805   -0.096805 (VIOLATED)
u_npu.u_npu_sram.g_sram[13].u_macro/addr0[0]    0.040000    0.136803   -0.096803 (VIOLATED)
u_npu.u_npu_sram.g_sram[8].u_macro/addr1[7]    0.040000    0.136802   -0.096802 (VIOLATED)
u_data_ram.g_sram[2].u_macro/addr0[0]    0.040000    0.136772   -0.096772 (VIOLATED)
u_npu.u_npu_sram.g_sram[10].u_macro/wmask0[0]    0.040000    0.136759   -0.096759 (VIOLATED)
u_npu.u_npu_sram.g_sram[8].u_macro/wmask0[1]    0.040000    0.136740   -0.096740 (VIOLATED)
u_npu.u_npu_sram.g_sram[4].u_macro/addr1[0]    0.040000    0.136738   -0.096738 (VIOLATED)
u_npu.u_npu_sram.g_sram[10].u_macro/wmask0[2]    0.040000    0.136734   -0.096734 (VIOLATED)
u_npu.u_npu_sram.g_sram[5].u_macro/addr1[0]    0.040000    0.136672   -0.096672 (VIOLATED)
u_npu.u_npu_sram.g_sram[9].u_macro/wmask0[2]    0.040000    0.136659   -0.096659 (VIOLATED)
u_npu.u_npu_sram.g_sram[8].u_macro/wmask0[0]    0.040000    0.136616   -0.096616 (VIOLATED)
u_npu.u_npu_sram.g_sram[8].u_macro/wmask0[2]    0.040000    0.136607   -0.096607 (VIOLATED)
u_npu.u_npu_sram.g_sram[8].u_macro/addr0[1]    0.040000    0.136597   -0.096597 (VIOLATED)
u_data_ram.g_sram[3].u_macro/addr0[0]    0.040000    0.136588   -0.096588 (VIOLATED)
u_npu.u_npu_sram.g_sram[2].u_macro/addr1[7]    0.040000    0.136576   -0.096576 (VIOLATED)
u_npu.u_npu_sram.g_sram[8].u_macro/addr0[0]    0.040000    0.136501   -0.096501 (VIOLATED)
u_npu.u_npu_sram.g_sram[10].u_macro/wmask0[3]    0.040000    0.136472   -0.096472 (VIOLATED)
u_data_ram.g_sram[3].u_macro/addr1[8]    0.040000    0.136460   -0.096460 (VIOLATED)
u_npu.u_npu_sram.g_sram[8].u_macro/wmask0[3]    0.040000    0.136371   -0.096371 (VIOLATED)
u_npu.u_npu_sram.g_sram[9].u_macro/wmask0[1]    0.040000    0.136355   -0.096355 (VIOLATED)
u_npu.u_npu_sram.g_sram[11].u_macro/addr1[7]    0.040000    0.136348   -0.096348 (VIOLATED)
u_npu.u_npu_sram.g_sram[4].u_macro/addr1[1]    0.040000    0.136335   -0.096335 (VIOLATED)
u_npu.u_npu_sram.g_sram[5].u_macro/addr1[1]    0.040000    0.136327   -0.096327 (VIOLATED)
u_npu.u_npu_sram.g_sram[1].u_macro/addr1[7]    0.040000    0.136311   -0.096311 (VIOLATED)
u_data_ram.g_sram[3].u_macro/addr1[7]    0.040000    0.136201   -0.096201 (VIOLATED)
u_data_ram.g_sram[2].u_macro/addr1[7]    0.040000    0.136175   -0.096175 (VIOLATED)
u_npu.u_npu_sram.g_sram[7].u_macro/addr1[1]    0.040000    0.136145   -0.096145 (VIOLATED)
u_npu.u_npu_sram.g_sram[0].u_macro/addr1[0]    0.040000    0.136089   -0.096089 (VIOLATED)
u_npu.u_npu_sram.g_sram[1].u_macro/addr1[0]    0.040000    0.136018   -0.096018 (VIOLATED)
u_npu.u_npu_sram.g_sram[7].u_macro/addr1[0]    0.040000    0.135968   -0.095968 (VIOLATED)
u_npu.u_npu_sram.g_sram[1].u_macro/wmask0[3]    0.040000    0.135919   -0.095919 (VIOLATED)
u_data_ram.g_sram[2].u_macro/addr1[8]    0.040000    0.135884   -0.095884 (VIOLATED)
u_instruction_ram.g_sram[3].u_macro/addr1[1]    0.040000    0.135852   -0.095852 (VIOLATED)
u_npu.u_npu_sram.g_sram[3].u_macro/addr0[0]    0.040000    0.135785   -0.095785 (VIOLATED)
u_npu.u_npu_sram.g_sram[0].u_macro/addr1[8]    0.040000    0.135739   -0.095739 (VIOLATED)
u_npu.u_npu_sram.g_sram[0].u_macro/addr1[7]    0.040000    0.135737   -0.095737 (VIOLATED)
u_npu.u_npu_sram.g_sram[1].u_macro/wmask0[1]    0.040000    0.135715   -0.095715 (VIOLATED)
u_npu.u_npu_sram.g_sram[13].u_macro/addr1[0]    0.040000    0.135694   -0.095694 (VIOLATED)
u_npu.u_npu_sram.g_sram[12].u_macro/addr1[0]    0.040000    0.135688   -0.095688 (VIOLATED)
u_npu.u_npu_sram.g_sram[0].u_macro/addr1[1]    0.040000    0.135684   -0.095684 (VIOLATED)
u_instruction_ram.g_sram[3].u_macro/addr1[0]    0.040000    0.135679   -0.095679 (VIOLATED)
u_npu.u_npu_sram.g_sram[1].u_macro/addr1[1]    0.040000    0.135673   -0.095673 (VIOLATED)
u_npu.u_npu_sram.g_sram[1].u_macro/addr0[1]    0.040000    0.135637   -0.095637 (VIOLATED)
u_npu.u_npu_sram.g_sram[0].u_macro/wmask0[1]    0.040000    0.135604   -0.095604 (VIOLATED)
u_npu.u_npu_sram.g_sram[2].u_macro/wmask0[0]    0.040000    0.135603   -0.095603 (VIOLATED)
u_npu.u_npu_sram.g_sram[2].u_macro/wmask0[2]    0.040000    0.135568   -0.095568 (VIOLATED)
u_npu.u_npu_sram.g_sram[1].u_macro/addr1[8]    0.040000    0.135508   -0.095508 (VIOLATED)
u_npu.u_npu_sram.g_sram[3].u_macro/addr1[1]    0.040000    0.135491   -0.095491 (VIOLATED)
u_npu.u_npu_sram.g_sram[0].u_macro/wmask0[0]    0.040000    0.135481   -0.095481 (VIOLATED)
u_npu.u_npu_sram.g_sram[0].u_macro/wmask0[2]    0.040000    0.135472   -0.095472 (VIOLATED)
u_npu.u_npu_sram.g_sram[0].u_macro/addr0[1]    0.040000    0.135467   -0.095467 (VIOLATED)
u_npu.u_npu_sram.g_sram[14].u_macro/addr1[7]    0.040000    0.135386   -0.095386 (VIOLATED)
u_npu.u_npu_sram.g_sram[0].u_macro/addr0[0]    0.040000    0.135371   -0.095371 (VIOLATED)
u_npu.u_npu_sram.g_sram[2].u_macro/wmask0[3]    0.040000    0.135323   -0.095323 (VIOLATED)
u_npu.u_npu_sram.g_sram[3].u_macro/addr1[0]    0.040000    0.135314   -0.095314 (VIOLATED)
u_npu.u_npu_sram.g_sram[13].u_macro/addr1[8]    0.040000    0.135286   -0.095286 (VIOLATED)
u_npu.u_npu_sram.g_sram[14].u_macro/wmask0[2]    0.040000    0.135286   -0.095286 (VIOLATED)
u_npu.u_npu_sram.g_sram[13].u_macro/addr1[1]    0.040000    0.135278   -0.095278 (VIOLATED)
u_npu.u_npu_sram.g_sram[3].u_macro/addr1[7]    0.040000    0.135273   -0.095273 (VIOLATED)
u_npu.u_npu_sram.g_sram[12].u_macro/addr1[1]    0.040000    0.135262   -0.095262 (VIOLATED)
u_npu.u_npu_sram.g_sram[3].u_macro/addr0[1]    0.040000    0.135246   -0.095246 (VIOLATED)
u_npu.u_npu_sram.g_sram[0].u_macro/wmask0[3]    0.040000    0.135237   -0.095237 (VIOLATED)
u_npu.u_npu_sram.g_sram[12].u_macro/wmask0[1]    0.040000    0.135227   -0.095227 (VIOLATED)
u_npu.u_npu_sram.g_sram[13].u_macro/wmask0[2]    0.040000    0.135165   -0.095165 (VIOLATED)
u_npu.u_npu_sram.g_sram[2].u_macro/wmask0[1]    0.040000    0.135147   -0.095147 (VIOLATED)
u_npu.u_npu_sram.g_sram[12].u_macro/addr0[1]    0.040000    0.135106   -0.095106 (VIOLATED)
u_npu.u_npu_sram.g_sram[12].u_macro/wmask0[0]    0.040000    0.135103   -0.095103 (VIOLATED)
u_instruction_ram.g_sram[0].u_macro/addr0[1]    0.040000    0.135093   -0.095093 (VIOLATED)
u_npu.u_npu_sram.g_sram[12].u_macro/wmask0[2]    0.040000    0.135092   -0.095092 (VIOLATED)
u_npu.u_npu_sram.g_sram[14].u_macro/addr0[0]    0.040000    0.135013   -0.095013 (VIOLATED)
u_npu.u_npu_sram.g_sram[14].u_macro/wmask0[3]    0.040000    0.135010   -0.095010 (VIOLATED)
u_npu.u_npu_sram.g_sram[12].u_macro/addr0[0]    0.040000    0.135010   -0.095010 (VIOLATED)
u_npu.u_npu_sram.g_sram[13].u_macro/addr0[1]    0.040000    0.134985   -0.094985 (VIOLATED)
u_npu.u_npu_sram.g_sram[3].u_macro/addr1[8]    0.040000    0.134949   -0.094949 (VIOLATED)
u_npu.u_npu_sram.g_sram[12].u_macro/wmask0[3]    0.040000    0.134855   -0.094855 (VIOLATED)
u_npu.u_npu_sram.g_sram[14].u_macro/wmask0[1]    0.040000    0.134831   -0.094831 (VIOLATED)
u_data_ram.g_sram[3].u_macro/addr1[5]    0.040000    0.127812   -0.087812 (VIOLATED)
u_data_ram.g_sram[3].u_macro/addr1[4]    0.040000    0.126885   -0.086885 (VIOLATED)
u_instruction_ram.g_sram[0].u_macro/wmask0[2]    0.040000    0.126856   -0.086856 (VIOLATED)
u_data_ram.g_sram[3].u_macro/addr1[3]    0.040000    0.125958   -0.085958 (VIOLATED)
u_data_ram.g_sram[3].u_macro/addr1[2]    0.040000    0.125732   -0.085732 (VIOLATED)
u_instruction_ram.g_sram[0].u_macro/wmask0[1]    0.040000    0.125392   -0.085392 (VIOLATED)
u_instruction_ram.g_sram[0].u_macro/wmask0[0]    0.040000    0.124794   -0.084794 (VIOLATED)
u_data_ram.g_sram[0].u_macro/wmask0[3]    0.040000    0.124072   -0.084072 (VIOLATED)
u_data_ram.g_sram[0].u_macro/wmask0[2]    0.040000    0.124007   -0.084007 (VIOLATED)
u_data_ram.g_sram[0].u_macro/wmask0[1]    0.040000    0.122374   -0.082374 (VIOLATED)
u_instruction_ram.g_sram[0].u_macro/wmask0[3]    0.040000    0.122222   -0.082222 (VIOLATED)
u_data_ram.g_sram[1].u_macro/wmask0[2]    0.040000    0.119209   -0.079209 (VIOLATED)
u_data_ram.g_sram[2].u_macro/wmask0[2]    0.040000    0.118209   -0.078209 (VIOLATED)
u_data_ram.g_sram[1].u_macro/wmask0[3]    0.040000    0.118070   -0.078070 (VIOLATED)
u_data_ram.g_sram[1].u_macro/wmask0[1]    0.040000    0.117771   -0.077771 (VIOLATED)
u_data_ram.g_sram[2].u_macro/wmask0[3]    0.040000    0.117630   -0.077630 (VIOLATED)
u_data_ram.g_sram[2].u_macro/wmask0[1]    0.040000    0.117324   -0.077324 (VIOLATED)
u_data_ram.g_sram[3].u_macro/wmask0[0]    0.040000    0.116933   -0.076933 (VIOLATED)
u_data_ram.g_sram[1].u_macro/wmask0[0]    0.040000    0.115868   -0.075868 (VIOLATED)
u_data_ram.g_sram[3].u_macro/wmask0[1]    0.040000    0.115721   -0.075721 (VIOLATED)
u_data_ram.g_sram[2].u_macro/wmask0[0]    0.040000    0.115243   -0.075243 (VIOLATED)
u_data_ram.g_sram[0].u_macro/wmask0[0]    0.040000    0.114934   -0.074934 (VIOLATED)
u_data_ram.g_sram[3].u_macro/wmask0[2]    0.040000    0.113010   -0.073010 (VIOLATED)
u_data_ram.g_sram[3].u_macro/wmask0[3]    0.040000    0.112070   -0.072070 (VIOLATED)
u_data_ram.g_sram[1].u_macro/addr1[2]    0.040000    0.089728   -0.049728 (VIOLATED)
u_instruction_ram.g_sram[1].u_macro/addr1[8]    0.040000    0.084194   -0.044194 (VIOLATED)
u_instruction_ram.g_sram[1].u_macro/addr1[7]    0.040000    0.083506   -0.043506 (VIOLATED)
u_data_ram.g_sram[1].u_macro/addr0[1]    0.040000    0.082618   -0.042618 (VIOLATED)
u_data_ram.g_sram[1].u_macro/addr0[0]    0.040000    0.082132   -0.042132 (VIOLATED)
u_instruction_ram.g_sram[1].u_macro/addr1[0]    0.040000    0.081623   -0.041623 (VIOLATED)
u_data_ram.g_sram[1].u_macro/addr1[0]    0.040000    0.081435   -0.041435 (VIOLATED)
u_instruction_ram.g_sram[1].u_macro/addr1[1]    0.040000    0.081215   -0.041215 (VIOLATED)
u_instruction_ram.g_sram[1].u_macro/addr0[1]    0.040000    0.080691   -0.040691 (VIOLATED)
u_data_ram.g_sram[1].u_macro/addr1[1]    0.040000    0.080591   -0.040591 (VIOLATED)
u_instruction_ram.g_sram[1].u_macro/addr1[4]    0.040000    0.080266   -0.040266 (VIOLATED)
u_instruction_ram.g_sram[1].u_macro/addr0[0]    0.040000    0.080207   -0.040207 (VIOLATED)
u_instruction_ram.g_sram[1].u_macro/addr1[6]    0.040000    0.079912   -0.039912 (VIOLATED)
u_instruction_ram.g_sram[1].u_macro/addr1[5]    0.040000    0.079687   -0.039687 (VIOLATED)
u_instruction_ram.g_sram[1].u_macro/addr1[2]    0.040000    0.079484   -0.039484 (VIOLATED)
u_instruction_ram.g_sram[1].u_macro/addr1[3]    0.040000    0.079243   -0.039243 (VIOLATED)
u_instruction_ram.g_sram[1].u_macro/addr0[7]    0.040000    0.078950   -0.038950 (VIOLATED)
u_data_ram.g_sram[1].u_macro/addr0[5]    0.040000    0.078866   -0.038866 (VIOLATED)
u_instruction_ram.g_sram[1].u_macro/addr0[5]    0.040000    0.078789   -0.038789 (VIOLATED)
u_data_ram.g_sram[1].u_macro/addr0[8]    0.040000    0.078782   -0.038782 (VIOLATED)
u_instruction_ram.g_sram[1].u_macro/addr0[6]    0.040000    0.078697   -0.038697 (VIOLATED)
u_data_ram.g_sram[1].u_macro/addr0[2]    0.040000    0.078676   -0.038676 (VIOLATED)
u_instruction_ram.g_sram[1].u_macro/addr0[3]    0.040000    0.078660   -0.038660 (VIOLATED)
u_data_ram.g_sram[1].u_macro/addr0[7]    0.040000    0.078422   -0.038422 (VIOLATED)
u_data_ram.g_sram[1].u_macro/addr0[6]    0.040000    0.078403   -0.038403 (VIOLATED)
u_instruction_ram.g_sram[0].u_macro/addr0[6]    0.040000    0.078355   -0.038355 (VIOLATED)
u_instruction_ram.g_sram[1].u_macro/addr0[8]    0.040000    0.077864   -0.037864 (VIOLATED)
u_data_ram.g_sram[1].u_macro/addr0[3]    0.040000    0.077825   -0.037825 (VIOLATED)
u_data_ram.g_sram[1].u_macro/addr0[4]    0.040000    0.077805   -0.037805 (VIOLATED)
u_instruction_ram.g_sram[1].u_macro/addr0[4]    0.040000    0.077773   -0.037773 (VIOLATED)
u_data_ram.g_sram[1].u_macro/addr1[8]    0.040000    0.077299   -0.037299 (VIOLATED)
u_instruction_ram.g_sram[1].u_macro/addr0[2]    0.040000    0.076695   -0.036695 (VIOLATED)
u_data_ram.g_sram[1].u_macro/addr1[7]    0.040000    0.076524   -0.036524 (VIOLATED)
u_data_ram.g_sram[1].u_macro/addr1[5]    0.040000    0.075688   -0.035688 (VIOLATED)
u_data_ram.g_sram[1].u_macro/addr1[3]    0.040000    0.075307   -0.035307 (VIOLATED)
u_data_ram.g_sram[1].u_macro/addr1[4]    0.040000    0.074635   -0.034635 (VIOLATED)
u_data_ram.g_sram[1].u_macro/addr1[6]    0.040000    0.074515   -0.034515 (VIOLATED)



===========================================================================
report_parasitic_annotation -report_unannotated
============================================================================
Found 1782 unannotated drivers.
 i2c_scl_i
 _83935__4681/LO
 clkload0/X
 clkload1/Y
 clkload10/Y
 clkload100/Y
 clkload1000/Y
 clkload1001/Y
 clkload1002/X
 clkload1003/X
 clkload1004/X
 clkload1005/X
 clkload1006/X
 clkload1007/Y
 clkload1008/X
 clkload1009/X
 clkload101/Y
 clkload1010/X
 clkload1011/Y
 clkload1012/X
 clkload1013/X
 clkload1014/Y
 clkload1015/Y
 clkload1016/Y
 clkload1017/X
 clkload1018/X
 clkload1019/X
 clkload102/Y
 clkload1020/X
 clkload1021/X
 clkload1022/X
 clkload1023/X
 clkload1024/Y
 clkload1025/Y
 clkload1026/X
 clkload1027/Y
 clkload1028/Y
 clkload1029/Y
 clkload103/Y
 clkload1030/Y
 clkload1031/Y
 clkload1032/Y
 clkload1033/Y
 clkload1034/Y
 clkload1035/Y
 clkload1036/Y
 clkload1037/X
 clkload1038/Y
 clkload1039/Y
 clkload104/X
 clkload1040/Y
 clkload1041/Y
 clkload105/X
 clkload106/X
 clkload107/X
 clkload108/X
 clkload109/X
 clkload11/Y
 clkload110/X
 clkload111/Y
 clkload112/Y
 clkload113/Y
 clkload114/Y
 clkload115/Y
 clkload116/Y
 clkload117/Y
 clkload118/X
 clkload119/Y
 clkload12/Y
 clkload120/X
 clkload121/X
 clkload122/X
 clkload123/X
 clkload124/Y
 clkload125/X
 clkload126/X
 clkload127/X
 clkload128/X
 clkload129/X
 clkload13/Y
 clkload130/X
 clkload131/X
 clkload132/X
 clkload133/Y
 clkload134/X
 clkload135/Y
 clkload136/Y
 clkload137/Y
 clkload138/Y
 clkload139/Y
 clkload14/Y
 clkload140/Y
 clkload141/X
 clkload142/Y
 clkload143/X
 clkload144/X
 clkload145/Y
 clkload146/Y
 clkload147/Y
 clkload148/X
 clkload149/X
 clkload15/Y
 clkload150/Y
 clkload151/Y
 clkload152/Y
 clkload153/X
 clkload154/X
 clkload155/X
 clkload156/Y
 clkload157/Y
 clkload158/Y
 clkload159/Y
 clkload16/Y
 clkload160/Y
 clkload161/Y
 clkload162/X
 clkload163/X
 clkload164/X
 clkload165/X
 clkload166/X
 clkload167/X
 clkload168/Y
 clkload169/X
 clkload17/Y
 clkload170/Y
 clkload171/X
 clkload172/X
 clkload173/X
 clkload174/X
 clkload175/X
 clkload176/X
 clkload177/X
 clkload178/X
 clkload179/X
 clkload18/Y
 clkload180/Y
 clkload181/Y
 clkload182/X
 clkload183/X
 clkload184/X
 clkload185/X
 clkload186/X
 clkload187/Y
 clkload188/X
 clkload189/X
 clkload19/Y
 clkload190/Y
 clkload191/Y
 clkload192/X
 clkload193/Y
 clkload194/X
 clkload195/X
 clkload196/X
 clkload197/X
 clkload198/X
 clkload199/Y
 clkload2/Y
 clkload20/Y
 clkload200/X
 clkload201/X
 clkload202/X
 clkload203/X
 clkload204/X
 clkload205/X
 clkload206/X
 clkload207/X
 clkload208/X
 clkload209/Y
 clkload21/Y
 clkload210/X
 clkload211/X
 clkload212/Y
 clkload213/X
 clkload214/Y
 clkload215/Y
 clkload216/X
 clkload217/X
 clkload218/X
 clkload219/Y
 clkload22/Y
 clkload220/X
 clkload221/X
 clkload222/X
 clkload223/X
 clkload224/X
 clkload225/X
 clkload226/Y
 clkload227/X
 clkload228/Y
 clkload229/X
 clkload23/Y
 clkload230/X
 clkload231/X
 clkload232/X
 clkload233/X
 clkload234/X
 clkload235/Y
 clkload236/X
 clkload237/Y
 clkload238/X
 clkload239/X
 clkload24/Y
 clkload240/X
 clkload241/X
 clkload242/X
 clkload243/X
 clkload244/X
 clkload245/X
 clkload246/X
 clkload247/X
 clkload248/Y
 clkload249/X
 clkload25/Y
 clkload250/X
 clkload251/X
 clkload252/X
 clkload253/X
 clkload254/X
 clkload255/X
 clkload256/X
 clkload257/X
 clkload258/Y
 clkload259/X
 clkload26/X
 clkload260/Y
 clkload261/X
 clkload262/X
 clkload263/X
 clkload264/Y
 clkload265/X
 clkload266/X
 clkload267/X
 clkload268/X
 clkload269/Y
 clkload27/X
 clkload270/X
 clkload271/X
 clkload272/X
 clkload273/Y
 clkload274/Y
 clkload275/X
 clkload276/X
 clkload277/X
 clkload278/X
 clkload279/X
 clkload28/Y
 clkload280/X
 clkload281/X
 clkload282/Y
 clkload283/X
 clkload284/X
 clkload285/X
 clkload286/X
 clkload287/X
 clkload288/X
 clkload289/Y
 clkload29/Y
 clkload290/X
 clkload291/X
 clkload292/X
 clkload293/X
 clkload294/Y
 clkload295/X
 clkload296/Y
 clkload297/Y
 clkload298/X
 clkload299/X
 clkload3/Y
 clkload30/Y
 clkload300/X
 clkload301/Y
 clkload302/X
 clkload303/X
 clkload304/X
 clkload305/Y
 clkload306/Y
 clkload307/X
 clkload308/X
 clkload309/X
 clkload31/Y
 clkload310/X
 clkload311/X
 clkload312/Y
 clkload313/Y
 clkload314/Y
 clkload315/Y
 clkload316/Y
 clkload317/X
 clkload318/Y
 clkload319/Y
 clkload32/Y
 clkload320/Y
 clkload321/X
 clkload322/Y
 clkload323/Y
 clkload324/Y
 clkload325/Y
 clkload326/Y
 clkload327/X
 clkload328/X
 clkload329/X
 clkload33/Y
 clkload330/X
 clkload331/X
 clkload332/X
 clkload333/X
 clkload334/X
 clkload335/X
 clkload336/X
 clkload337/X
 clkload338/X
 clkload339/X
 clkload34/Y
 clkload340/Y
 clkload341/Y
 clkload342/X
 clkload343/Y
 clkload344/X
 clkload345/X
 clkload346/X
 clkload347/X
 clkload348/X
 clkload349/X
 clkload35/Y
 clkload350/X
 clkload351/X
 clkload352/Y
 clkload353/X
 clkload354/X
 clkload355/X
 clkload356/X
 clkload357/X
 clkload358/Y
 clkload359/Y
 clkload36/Y
 clkload360/X
 clkload361/X
 clkload362/X
 clkload363/X
 clkload364/Y
 clkload365/X
 clkload366/X
 clkload367/X
 clkload368/Y
 clkload369/Y
 clkload37/Y
 clkload370/X
 clkload371/X
 clkload372/X
 clkload373/X
 clkload374/X
 clkload375/X
 clkload376/X
 clkload377/X
 clkload378/X
 clkload379/X
 clkload38/Y
 clkload380/X
 clkload381/X
 clkload382/X
 clkload383/X
 clkload384/X
 clkload385/X
 clkload386/X
 clkload387/X
 clkload388/X
 clkload389/X
 clkload39/Y
 clkload390/X
 clkload391/X
 clkload392/X
 clkload393/X
 clkload394/X
 clkload395/X
 clkload396/Y
 clkload397/Y
 clkload398/X
 clkload399/Y
 clkload4/Y
 clkload40/Y
 clkload400/X
 clkload401/X
 clkload402/X
 clkload403/Y
 clkload404/Y
 clkload405/X
 clkload406/X
 clkload407/X
 clkload408/X
 clkload409/X
 clkload41/Y
 clkload410/X
 clkload411/X
 clkload412/X
 clkload413/Y
 clkload414/X
 clkload415/X
 clkload416/X
 clkload417/Y
 clkload418/Y
 clkload419/X
 clkload42/Y
 clkload420/Y
 clkload421/Y
 clkload422/X
 clkload423/X
 clkload424/X
 clkload425/X
 clkload426/X
 clkload427/Y
 clkload428/X
 clkload429/Y
 clkload43/Y
 clkload430/Y
 clkload431/Y
 clkload432/X
 clkload433/Y
 clkload434/Y
 clkload435/X
 clkload436/X
 clkload437/X
 clkload438/X
 clkload439/X
 clkload44/Y
 clkload440/X
 clkload441/X
 clkload442/X
 clkload443/X
 clkload444/X
 clkload445/X
 clkload446/X
 clkload447/X
 clkload448/X
 clkload449/X
 clkload45/Y
 clkload450/X
 clkload451/X
 clkload452/X
 clkload453/X
 clkload454/X
 clkload455/X
 clkload456/Y
 clkload457/X
 clkload458/X
 clkload459/X
 clkload46/Y
 clkload460/X
 clkload461/Y
 clkload462/X
 clkload463/X
 clkload464/X
 clkload465/Y
 clkload466/X
 clkload467/X
 clkload468/X
 clkload469/X
 clkload47/Y
 clkload470/Y
 clkload471/X
 clkload472/X
 clkload473/X
 clkload474/X
 clkload475/X
 clkload476/X
 clkload477/X
 clkload478/Y
 clkload479/X
 clkload48/Y
 clkload480/X
 clkload481/X
 clkload482/X
 clkload483/X
 clkload484/X
 clkload485/X
 clkload486/X
 clkload487/X
 clkload488/Y
 clkload489/X
 clkload49/Y
 clkload490/X
 clkload491/X
 clkload492/X
 clkload493/X
 clkload494/X
 clkload495/X
 clkload496/X
 clkload497/X
 clkload498/X
 clkload499/X
 clkload5/Y
 clkload50/Y
 clkload500/X
 clkload501/Y
 clkload502/X
 clkload503/X
 clkload504/Y
 clkload505/X
 clkload506/Y
 clkload507/Y
 clkload508/X
 clkload509/X
 clkload51/X
 clkload510/Y
 clkload511/X
 clkload512/Y
 clkload513/X
 clkload514/X
 clkload515/X
 clkload516/X
 clkload517/X
 clkload518/X
 clkload519/Y
 clkload52/Y
 clkload520/Y
 clkload521/X
 clkload522/X
 clkload523/Y
 clkload524/X
 clkload525/X
 clkload526/X
 clkload527/X
 clkload528/Y
 clkload529/X
 clkload53/X
 clkload530/Y
 clkload531/X
 clkload532/X
 clkload533/X
 clkload534/X
 clkload535/X
 clkload536/Y
 clkload537/Y
 clkload538/X
 clkload539/Y
 clkload54/Y
 clkload540/X
 clkload541/X
 clkload542/X
 clkload543/Y
 clkload544/X
 clkload545/X
 clkload546/X
 clkload547/X
 clkload548/Y
 clkload549/X
 clkload55/Y
 clkload550/X
 clkload551/X
 clkload552/X
 clkload553/X
 clkload554/X
 clkload555/X
 clkload556/X
 clkload557/X
 clkload558/X
 clkload559/X
 clkload56/Y
 clkload560/X
 clkload561/X
 clkload562/Y
 clkload563/X
 clkload564/Y
 clkload565/Y
 clkload566/X
 clkload567/Y
 clkload568/X
 clkload569/X
 clkload57/X
 clkload570/Y
 clkload571/X
 clkload572/X
 clkload573/Y
 clkload574/X
 clkload575/X
 clkload576/X
 clkload577/X
 clkload578/X
 clkload579/X
 clkload58/X
 clkload580/Y
 clkload581/X
 clkload582/X
 clkload583/X
 clkload584/X
 clkload585/X
 clkload586/Y
 clkload587/X
 clkload588/Y
 clkload589/X
 clkload59/Y
 clkload590/X
 clkload591/X
 clkload592/X
 clkload593/X
 clkload594/X
 clkload595/X
 clkload596/X
 clkload597/X
 clkload598/Y
 clkload599/X
 clkload6/Y
 clkload60/Y
 clkload600/Y
 clkload601/X
 clkload602/X
 clkload603/X
 clkload604/X
 clkload605/X
 clkload606/X
 clkload607/X
 clkload608/X
 clkload609/X
 clkload61/Y
 clkload610/X
 clkload611/X
 clkload612/X
 clkload613/X
 clkload614/X
 clkload615/Y
 clkload616/X
 clkload617/X
 clkload618/X
 clkload619/X
 clkload62/Y
 clkload620/Y
 clkload621/Y
 clkload622/X
 clkload623/Y
 clkload624/X
 clkload625/X
 clkload626/X
 clkload627/X
 clkload628/X
 clkload629/X
 clkload63/Y
 clkload630/X
 clkload631/Y
 clkload632/Y
 clkload633/Y
 clkload634/X
 clkload635/Y
 clkload636/X
 clkload637/Y
 clkload638/X
 clkload639/X
 clkload64/Y
 clkload640/Y
 clkload641/Y
 clkload642/Y
 clkload643/X
 clkload644/Y
 clkload645/X
 clkload646/Y
 clkload647/X
 clkload648/X
 clkload649/X
 clkload65/X
 clkload650/Y
 clkload651/X
 clkload652/X
 clkload653/Y
 clkload654/X
 clkload655/Y
 clkload656/X
 clkload657/Y
 clkload658/X
 clkload659/Y
 clkload66/X
 clkload660/X
 clkload661/X
 clkload662/Y
 clkload663/Y
 clkload664/Y
 clkload665/X
 clkload666/X
 clkload667/X
 clkload668/Y
 clkload669/X
 clkload67/X
 clkload670/X
 clkload671/X
 clkload672/X
 clkload673/Y
 clkload674/X
 clkload675/X
 clkload676/X
 clkload677/Y
 clkload678/Y
 clkload679/X
 clkload68/Y
 clkload680/X
 clkload681/Y
 clkload682/X
 clkload683/X
 clkload684/X
 clkload685/X
 clkload686/X
 clkload687/X
 clkload688/X
 clkload689/X
 clkload69/Y
 clkload690/X
 clkload691/X
 clkload692/X
 clkload693/X
 clkload694/Y
 clkload695/Y
 clkload696/X
 clkload697/Y
 clkload698/X
 clkload699/X
 clkload7/Y
 clkload70/Y
 clkload700/X
 clkload701/Y
 clkload702/Y
 clkload703/X
 clkload704/X
 clkload705/X
 clkload706/X
 clkload707/X
 clkload708/X
 clkload709/X
 clkload71/Y
 clkload710/Y
 clkload711/X
 clkload712/Y
 clkload713/Y
 clkload714/Y
 clkload715/Y
 clkload716/X
 clkload717/X
 clkload718/Y
 clkload719/X
 clkload72/Y
 clkload720/X
 clkload721/X
 clkload722/X
 clkload723/X
 clkload724/Y
 clkload725/X
 clkload726/X
 clkload727/X
 clkload728/X
 clkload729/X
 clkload73/X
 clkload730/X
 clkload731/X
 clkload732/X
 clkload733/Y
 clkload734/X
 clkload735/X
 clkload736/Y
 clkload737/X
 clkload738/Y
 clkload739/Y
 clkload74/Y
 clkload740/X
 clkload741/X
 clkload742/Y
 clkload743/X
 clkload744/X
 clkload745/X
 clkload746/X
 clkload747/Y
 clkload748/Y
 clkload749/Y
 clkload75/Y
 clkload750/Y
 clkload751/Y
 clkload752/Y
 clkload753/Y
 clkload754/X
 clkload755/Y
 clkload756/Y
 clkload757/Y
 clkload758/Y
 clkload759/Y
 clkload76/Y
 clkload760/X
 clkload761/Y
 clkload762/X
 clkload763/X
 clkload764/Y
 clkload765/Y
 clkload766/Y
 clkload767/X
 clkload768/X
 clkload769/Y
 clkload77/Y
 clkload770/Y
 clkload771/X
 clkload772/Y
 clkload773/X
 clkload774/Y
 clkload775/X
 clkload776/Y
 clkload777/X
 clkload778/X
 clkload779/X
 clkload78/Y
 clkload780/X
 clkload781/X
 clkload782/X
 clkload783/Y
 clkload784/X
 clkload785/Y
 clkload786/Y
 clkload787/Y
 clkload788/X
 clkload789/Y
 clkload79/Y
 clkload790/X
 clkload791/X
 clkload792/Y
 clkload793/Y
 clkload794/X
 clkload795/Y
 clkload796/X
 clkload797/X
 clkload798/X
 clkload799/X
 clkload8/Y
 clkload80/Y
 clkload800/Y
 clkload801/X
 clkload802/X
 clkload803/X
 clkload804/X
 clkload805/X
 clkload806/Y
 clkload807/X
 clkload808/X
 clkload809/X
 clkload81/Y
 clkload810/X
 clkload811/X
 clkload812/X
 clkload813/X
 clkload814/X
 clkload815/Y
 clkload816/Y
 clkload817/X
 clkload818/Y
 clkload819/Y
 clkload82/Y
 clkload820/X
 clkload821/X
 clkload822/X
 clkload823/X
 clkload824/Y
 clkload825/X
 clkload826/Y
 clkload827/X
 clkload828/X
 clkload829/X
 clkload83/Y
 clkload830/X
 clkload831/X
 clkload832/Y
 clkload833/X
 clkload834/Y
 clkload835/Y
 clkload836/X
 clkload837/Y
 clkload838/X
 clkload839/X
 clkload84/Y
 clkload840/Y
 clkload841/X
 clkload842/Y
 clkload843/X
 clkload844/X
 clkload845/X
 clkload846/X
 clkload847/X
 clkload848/X
 clkload849/X
 clkload85/Y
 clkload850/X
 clkload851/Y
 clkload852/Y
 clkload853/Y
 clkload854/Y
 clkload855/Y
 clkload856/Y
 clkload857/Y
 clkload858/Y
 clkload859/X
 clkload86/X
 clkload860/X
 clkload861/Y
 clkload862/Y
 clkload863/X
 clkload864/X
 clkload865/X
 clkload866/X
 clkload867/X
 clkload868/X
 clkload869/X
 clkload87/Y
 clkload870/X
 clkload871/Y
 clkload872/Y
 clkload873/Y
 clkload874/Y
 clkload875/X
 clkload876/X
 clkload877/Y
 clkload878/X
 clkload879/X
 clkload88/Y
 clkload880/Y
 clkload881/X
 clkload882/X
 clkload883/X
 clkload884/X
 clkload885/Y
 clkload886/X
 clkload887/Y
 clkload888/Y
 clkload889/Y
 clkload89/Y
 clkload890/Y
 clkload891/Y
 clkload892/Y
 clkload893/Y
 clkload894/X
 clkload895/Y
 clkload896/X
 clkload897/Y
 clkload898/Y
 clkload899/X
 clkload9/Y
 clkload90/Y
 clkload900/Y
 clkload901/X
 clkload902/X
 clkload903/Y
 clkload904/Y
 clkload905/Y
 clkload906/X
 clkload907/X
 clkload908/X
 clkload909/X
 clkload91/Y
 clkload910/X
 clkload911/Y
 clkload912/X
 clkload913/X
 clkload914/Y
 clkload915/X
 clkload916/Y
 clkload917/X
 clkload918/X
 clkload919/Y
 clkload92/Y
 clkload920/X
 clkload921/Y
 clkload922/X
 clkload923/X
 clkload924/Y
 clkload925/X
 clkload926/X
 clkload927/X
 clkload928/X
 clkload929/X
 clkload93/X
 clkload930/X
 clkload931/X
 clkload932/X
 clkload933/X
 clkload934/X
 clkload935/Y
 clkload936/Y
 clkload937/Y
 clkload938/X
 clkload939/X
 clkload94/Y
 clkload940/X
 clkload941/Y
 clkload942/X
 clkload943/X
 clkload944/X
 clkload945/Y
 clkload946/Y
 clkload947/X
 clkload948/X
 clkload949/X
 clkload95/Y
 clkload950/X
 clkload951/X
 clkload952/X
 clkload953/X
 clkload954/X
 clkload955/Y
 clkload956/Y
 clkload957/Y
 clkload958/Y
 clkload959/X
 clkload96/Y
 clkload960/X
 clkload961/X
 clkload962/X
 clkload963/X
 clkload964/X
 clkload965/Y
 clkload966/X
 clkload967/X
 clkload968/X
 clkload969/X
 clkload97/Y
 clkload970/X
 clkload971/X
 clkload972/Y
 clkload973/Y
 clkload974/X
 clkload975/X
 clkload976/X
 clkload977/X
 clkload978/X
 clkload979/X
 clkload98/Y
 clkload980/X
 clkload981/X
 clkload982/X
 clkload983/Y
 clkload984/X
 clkload985/Y
 clkload986/Y
 clkload987/Y
 clkload988/Y
 clkload989/Y
 clkload99/Y
 clkload990/Y
 clkload991/Y
 clkload992/Y
 clkload993/Y
 clkload994/Y
 clkload995/Y
 clkload996/X
 clkload997/Y
 clkload998/Y
 clkload999/X
 soc_top/HI
 soc_top_4680/HI
 u_data_ram.g_sram\[0\].u_macro/dout0[0]
 u_data_ram.g_sram\[0\].u_macro/dout0[10]
 u_data_ram.g_sram\[0\].u_macro/dout0[11]
 u_data_ram.g_sram\[0\].u_macro/dout0[12]
 u_data_ram.g_sram\[0\].u_macro/dout0[13]
 u_data_ram.g_sram\[0\].u_macro/dout0[14]
 u_data_ram.g_sram\[0\].u_macro/dout0[15]
 u_data_ram.g_sram\[0\].u_macro/dout0[16]
 u_data_ram.g_sram\[0\].u_macro/dout0[17]
 u_data_ram.g_sram\[0\].u_macro/dout0[18]
 u_data_ram.g_sram\[0\].u_macro/dout0[19]
 u_data_ram.g_sram\[0\].u_macro/dout0[1]
 u_data_ram.g_sram\[0\].u_macro/dout0[20]
 u_data_ram.g_sram\[0\].u_macro/dout0[21]
 u_data_ram.g_sram\[0\].u_macro/dout0[22]
 u_data_ram.g_sram\[0\].u_macro/dout0[23]
 u_data_ram.g_sram\[0\].u_macro/dout0[24]
 u_data_ram.g_sram\[0\].u_macro/dout0[25]
 u_data_ram.g_sram\[0\].u_macro/dout0[26]
 u_data_ram.g_sram\[0\].u_macro/dout0[27]
 u_data_ram.g_sram\[0\].u_macro/dout0[28]
 u_data_ram.g_sram\[0\].u_macro/dout0[29]
 u_data_ram.g_sram\[0\].u_macro/dout0[2]
 u_data_ram.g_sram\[0\].u_macro/dout0[30]
 u_data_ram.g_sram\[0\].u_macro/dout0[31]
 u_data_ram.g_sram\[0\].u_macro/dout0[3]
 u_data_ram.g_sram\[0\].u_macro/dout0[4]
 u_data_ram.g_sram\[0\].u_macro/dout0[5]
 u_data_ram.g_sram\[0\].u_macro/dout0[6]
 u_data_ram.g_sram\[0\].u_macro/dout0[7]
 u_data_ram.g_sram\[0\].u_macro/dout0[8]
 u_data_ram.g_sram\[0\].u_macro/dout0[9]
 u_data_ram.g_sram\[1\].u_macro/dout0[0]
 u_data_ram.g_sram\[1\].u_macro/dout0[10]
 u_data_ram.g_sram\[1\].u_macro/dout0[11]
 u_data_ram.g_sram\[1\].u_macro/dout0[12]
 u_data_ram.g_sram\[1\].u_macro/dout0[13]
 u_data_ram.g_sram\[1\].u_macro/dout0[14]
 u_data_ram.g_sram\[1\].u_macro/dout0[15]
 u_data_ram.g_sram\[1\].u_macro/dout0[16]
 u_data_ram.g_sram\[1\].u_macro/dout0[17]
 u_data_ram.g_sram\[1\].u_macro/dout0[18]
 u_data_ram.g_sram\[1\].u_macro/dout0[19]
 u_data_ram.g_sram\[1\].u_macro/dout0[1]
 u_data_ram.g_sram\[1\].u_macro/dout0[20]
 u_data_ram.g_sram\[1\].u_macro/dout0[21]
 u_data_ram.g_sram\[1\].u_macro/dout0[22]
 u_data_ram.g_sram\[1\].u_macro/dout0[23]
 u_data_ram.g_sram\[1\].u_macro/dout0[24]
 u_data_ram.g_sram\[1\].u_macro/dout0[25]
 u_data_ram.g_sram\[1\].u_macro/dout0[26]
 u_data_ram.g_sram\[1\].u_macro/dout0[27]
 u_data_ram.g_sram\[1\].u_macro/dout0[28]
 u_data_ram.g_sram\[1\].u_macro/dout0[29]
 u_data_ram.g_sram\[1\].u_macro/dout0[2]
 u_data_ram.g_sram\[1\].u_macro/dout0[30]
 u_data_ram.g_sram\[1\].u_macro/dout0[31]
 u_data_ram.g_sram\[1\].u_macro/dout0[3]
 u_data_ram.g_sram\[1\].u_macro/dout0[4]
 u_data_ram.g_sram\[1\].u_macro/dout0[5]
 u_data_ram.g_sram\[1\].u_macro/dout0[6]
 u_data_ram.g_sram\[1\].u_macro/dout0[7]
 u_data_ram.g_sram\[1\].u_macro/dout0[8]
 u_data_ram.g_sram\[1\].u_macro/dout0[9]
 u_data_ram.g_sram\[2\].u_macro/dout0[0]
 u_data_ram.g_sram\[2\].u_macro/dout0[10]
 u_data_ram.g_sram\[2\].u_macro/dout0[11]
 u_data_ram.g_sram\[2\].u_macro/dout0[12]
 u_data_ram.g_sram\[2\].u_macro/dout0[13]
 u_data_ram.g_sram\[2\].u_macro/dout0[14]
 u_data_ram.g_sram\[2\].u_macro/dout0[15]
 u_data_ram.g_sram\[2\].u_macro/dout0[16]
 u_data_ram.g_sram\[2\].u_macro/dout0[17]
 u_data_ram.g_sram\[2\].u_macro/dout0[18]
 u_data_ram.g_sram\[2\].u_macro/dout0[19]
 u_data_ram.g_sram\[2\].u_macro/dout0[1]
 u_data_ram.g_sram\[2\].u_macro/dout0[20]
 u_data_ram.g_sram\[2\].u_macro/dout0[21]
 u_data_ram.g_sram\[2\].u_macro/dout0[22]
 u_data_ram.g_sram\[2\].u_macro/dout0[23]
 u_data_ram.g_sram\[2\].u_macro/dout0[24]
 u_data_ram.g_sram\[2\].u_macro/dout0[25]
 u_data_ram.g_sram\[2\].u_macro/dout0[26]
 u_data_ram.g_sram\[2\].u_macro/dout0[27]
 u_data_ram.g_sram\[2\].u_macro/dout0[28]
 u_data_ram.g_sram\[2\].u_macro/dout0[29]
 u_data_ram.g_sram\[2\].u_macro/dout0[2]
 u_data_ram.g_sram\[2\].u_macro/dout0[30]
 u_data_ram.g_sram\[2\].u_macro/dout0[31]
 u_data_ram.g_sram\[2\].u_macro/dout0[3]
 u_data_ram.g_sram\[2\].u_macro/dout0[4]
 u_data_ram.g_sram\[2\].u_macro/dout0[5]
 u_data_ram.g_sram\[2\].u_macro/dout0[6]
 u_data_ram.g_sram\[2\].u_macro/dout0[7]
 u_data_ram.g_sram\[2\].u_macro/dout0[8]
 u_data_ram.g_sram\[2\].u_macro/dout0[9]
 u_data_ram.g_sram\[3\].u_macro/dout0[0]
 u_data_ram.g_sram\[3\].u_macro/dout0[10]
 u_data_ram.g_sram\[3\].u_macro/dout0[11]
 u_data_ram.g_sram\[3\].u_macro/dout0[12]
 u_data_ram.g_sram\[3\].u_macro/dout0[13]
 u_data_ram.g_sram\[3\].u_macro/dout0[14]
 u_data_ram.g_sram\[3\].u_macro/dout0[15]
 u_data_ram.g_sram\[3\].u_macro/dout0[16]
 u_data_ram.g_sram\[3\].u_macro/dout0[17]
 u_data_ram.g_sram\[3\].u_macro/dout0[18]
 u_data_ram.g_sram\[3\].u_macro/dout0[19]
 u_data_ram.g_sram\[3\].u_macro/dout0[1]
 u_data_ram.g_sram\[3\].u_macro/dout0[20]
 u_data_ram.g_sram\[3\].u_macro/dout0[21]
 u_data_ram.g_sram\[3\].u_macro/dout0[22]
 u_data_ram.g_sram\[3\].u_macro/dout0[23]
 u_data_ram.g_sram\[3\].u_macro/dout0[24]
 u_data_ram.g_sram\[3\].u_macro/dout0[25]
 u_data_ram.g_sram\[3\].u_macro/dout0[26]
 u_data_ram.g_sram\[3\].u_macro/dout0[27]
 u_data_ram.g_sram\[3\].u_macro/dout0[28]
 u_data_ram.g_sram\[3\].u_macro/dout0[29]
 u_data_ram.g_sram\[3\].u_macro/dout0[2]
 u_data_ram.g_sram\[3\].u_macro/dout0[30]
 u_data_ram.g_sram\[3\].u_macro/dout0[31]
 u_data_ram.g_sram\[3\].u_macro/dout0[3]
 u_data_ram.g_sram\[3\].u_macro/dout0[4]
 u_data_ram.g_sram\[3\].u_macro/dout0[5]
 u_data_ram.g_sram\[3\].u_macro/dout0[6]
 u_data_ram.g_sram\[3\].u_macro/dout0[7]
 u_data_ram.g_sram\[3\].u_macro/dout0[8]
 u_data_ram.g_sram\[3\].u_macro/dout0[9]
 u_instruction_ram.g_sram\[0\].u_macro/dout0[0]
 u_instruction_ram.g_sram\[0\].u_macro/dout0[10]
 u_instruction_ram.g_sram\[0\].u_macro/dout0[11]
 u_instruction_ram.g_sram\[0\].u_macro/dout0[12]
 u_instruction_ram.g_sram\[0\].u_macro/dout0[13]
 u_instruction_ram.g_sram\[0\].u_macro/dout0[14]
 u_instruction_ram.g_sram\[0\].u_macro/dout0[15]
 u_instruction_ram.g_sram\[0\].u_macro/dout0[16]
 u_instruction_ram.g_sram\[0\].u_macro/dout0[17]
 u_instruction_ram.g_sram\[0\].u_macro/dout0[18]
 u_instruction_ram.g_sram\[0\].u_macro/dout0[19]
 u_instruction_ram.g_sram\[0\].u_macro/dout0[1]
 u_instruction_ram.g_sram\[0\].u_macro/dout0[20]
 u_instruction_ram.g_sram\[0\].u_macro/dout0[21]
 u_instruction_ram.g_sram\[0\].u_macro/dout0[22]
 u_instruction_ram.g_sram\[0\].u_macro/dout0[23]
 u_instruction_ram.g_sram\[0\].u_macro/dout0[24]
 u_instruction_ram.g_sram\[0\].u_macro/dout0[25]
 u_instruction_ram.g_sram\[0\].u_macro/dout0[26]
 u_instruction_ram.g_sram\[0\].u_macro/dout0[27]
 u_instruction_ram.g_sram\[0\].u_macro/dout0[28]
 u_instruction_ram.g_sram\[0\].u_macro/dout0[29]
 u_instruction_ram.g_sram\[0\].u_macro/dout0[2]
 u_instruction_ram.g_sram\[0\].u_macro/dout0[30]
 u_instruction_ram.g_sram\[0\].u_macro/dout0[31]
 u_instruction_ram.g_sram\[0\].u_macro/dout0[3]
 u_instruction_ram.g_sram\[0\].u_macro/dout0[4]
 u_instruction_ram.g_sram\[0\].u_macro/dout0[5]
 u_instruction_ram.g_sram\[0\].u_macro/dout0[6]
 u_instruction_ram.g_sram\[0\].u_macro/dout0[7]
 u_instruction_ram.g_sram\[0\].u_macro/dout0[8]
 u_instruction_ram.g_sram\[0\].u_macro/dout0[9]
 u_instruction_ram.g_sram\[1\].u_macro/dout0[0]
 u_instruction_ram.g_sram\[1\].u_macro/dout0[10]
 u_instruction_ram.g_sram\[1\].u_macro/dout0[11]
 u_instruction_ram.g_sram\[1\].u_macro/dout0[12]
 u_instruction_ram.g_sram\[1\].u_macro/dout0[13]
 u_instruction_ram.g_sram\[1\].u_macro/dout0[14]
 u_instruction_ram.g_sram\[1\].u_macro/dout0[15]
 u_instruction_ram.g_sram\[1\].u_macro/dout0[16]
 u_instruction_ram.g_sram\[1\].u_macro/dout0[17]
 u_instruction_ram.g_sram\[1\].u_macro/dout0[18]
 u_instruction_ram.g_sram\[1\].u_macro/dout0[19]
 u_instruction_ram.g_sram\[1\].u_macro/dout0[1]
 u_instruction_ram.g_sram\[1\].u_macro/dout0[20]
 u_instruction_ram.g_sram\[1\].u_macro/dout0[21]
 u_instruction_ram.g_sram\[1\].u_macro/dout0[22]
 u_instruction_ram.g_sram\[1\].u_macro/dout0[23]
 u_instruction_ram.g_sram\[1\].u_macro/dout0[24]
 u_instruction_ram.g_sram\[1\].u_macro/dout0[25]
 u_instruction_ram.g_sram\[1\].u_macro/dout0[26]
 u_instruction_ram.g_sram\[1\].u_macro/dout0[27]
 u_instruction_ram.g_sram\[1\].u_macro/dout0[28]
 u_instruction_ram.g_sram\[1\].u_macro/dout0[29]
 u_instruction_ram.g_sram\[1\].u_macro/dout0[2]
 u_instruction_ram.g_sram\[1\].u_macro/dout0[30]
 u_instruction_ram.g_sram\[1\].u_macro/dout0[31]
 u_instruction_ram.g_sram\[1\].u_macro/dout0[3]
 u_instruction_ram.g_sram\[1\].u_macro/dout0[4]
 u_instruction_ram.g_sram\[1\].u_macro/dout0[5]
 u_instruction_ram.g_sram\[1\].u_macro/dout0[6]
 u_instruction_ram.g_sram\[1\].u_macro/dout0[7]
 u_instruction_ram.g_sram\[1\].u_macro/dout0[8]
 u_instruction_ram.g_sram\[1\].u_macro/dout0[9]
 u_instruction_ram.g_sram\[2\].u_macro/dout0[0]
 u_instruction_ram.g_sram\[2\].u_macro/dout0[10]
 u_instruction_ram.g_sram\[2\].u_macro/dout0[11]
 u_instruction_ram.g_sram\[2\].u_macro/dout0[12]
 u_instruction_ram.g_sram\[2\].u_macro/dout0[13]
 u_instruction_ram.g_sram\[2\].u_macro/dout0[14]
 u_instruction_ram.g_sram\[2\].u_macro/dout0[15]
 u_instruction_ram.g_sram\[2\].u_macro/dout0[16]
 u_instruction_ram.g_sram\[2\].u_macro/dout0[17]
 u_instruction_ram.g_sram\[2\].u_macro/dout0[18]
 u_instruction_ram.g_sram\[2\].u_macro/dout0[19]
 u_instruction_ram.g_sram\[2\].u_macro/dout0[1]
 u_instruction_ram.g_sram\[2\].u_macro/dout0[20]
 u_instruction_ram.g_sram\[2\].u_macro/dout0[21]
 u_instruction_ram.g_sram\[2\].u_macro/dout0[22]
 u_instruction_ram.g_sram\[2\].u_macro/dout0[23]
 u_instruction_ram.g_sram\[2\].u_macro/dout0[24]
 u_instruction_ram.g_sram\[2\].u_macro/dout0[25]
 u_instruction_ram.g_sram\[2\].u_macro/dout0[26]
 u_instruction_ram.g_sram\[2\].u_macro/dout0[27]
 u_instruction_ram.g_sram\[2\].u_macro/dout0[28]
 u_instruction_ram.g_sram\[2\].u_macro/dout0[29]
 u_instruction_ram.g_sram\[2\].u_macro/dout0[2]
 u_instruction_ram.g_sram\[2\].u_macro/dout0[30]
 u_instruction_ram.g_sram\[2\].u_macro/dout0[31]
 u_instruction_ram.g_sram\[2\].u_macro/dout0[3]
 u_instruction_ram.g_sram\[2\].u_macro/dout0[4]
 u_instruction_ram.g_sram\[2\].u_macro/dout0[5]
 u_instruction_ram.g_sram\[2\].u_macro/dout0[6]
 u_instruction_ram.g_sram\[2\].u_macro/dout0[7]
 u_instruction_ram.g_sram\[2\].u_macro/dout0[8]
 u_instruction_ram.g_sram\[2\].u_macro/dout0[9]
 u_instruction_ram.g_sram\[3\].u_macro/dout0[0]
 u_instruction_ram.g_sram\[3\].u_macro/dout0[10]
 u_instruction_ram.g_sram\[3\].u_macro/dout0[11]
 u_instruction_ram.g_sram\[3\].u_macro/dout0[12]
 u_instruction_ram.g_sram\[3\].u_macro/dout0[13]
 u_instruction_ram.g_sram\[3\].u_macro/dout0[14]
 u_instruction_ram.g_sram\[3\].u_macro/dout0[15]
 u_instruction_ram.g_sram\[3\].u_macro/dout0[16]
 u_instruction_ram.g_sram\[3\].u_macro/dout0[17]
 u_instruction_ram.g_sram\[3\].u_macro/dout0[18]
 u_instruction_ram.g_sram\[3\].u_macro/dout0[19]
 u_instruction_ram.g_sram\[3\].u_macro/dout0[1]
 u_instruction_ram.g_sram\[3\].u_macro/dout0[20]
 u_instruction_ram.g_sram\[3\].u_macro/dout0[21]
 u_instruction_ram.g_sram\[3\].u_macro/dout0[22]
 u_instruction_ram.g_sram\[3\].u_macro/dout0[23]
 u_instruction_ram.g_sram\[3\].u_macro/dout0[24]
 u_instruction_ram.g_sram\[3\].u_macro/dout0[25]
 u_instruction_ram.g_sram\[3\].u_macro/dout0[26]
 u_instruction_ram.g_sram\[3\].u_macro/dout0[27]
 u_instruction_ram.g_sram\[3\].u_macro/dout0[28]
 u_instruction_ram.g_sram\[3\].u_macro/dout0[29]
 u_instruction_ram.g_sram\[3\].u_macro/dout0[2]
 u_instruction_ram.g_sram\[3\].u_macro/dout0[30]
 u_instruction_ram.g_sram\[3\].u_macro/dout0[31]
 u_instruction_ram.g_sram\[3\].u_macro/dout0[3]
 u_instruction_ram.g_sram\[3\].u_macro/dout0[4]
 u_instruction_ram.g_sram\[3\].u_macro/dout0[5]
 u_instruction_ram.g_sram\[3\].u_macro/dout0[6]
 u_instruction_ram.g_sram\[3\].u_macro/dout0[7]
 u_instruction_ram.g_sram\[3\].u_macro/dout0[8]
 u_instruction_ram.g_sram\[3\].u_macro/dout0[9]
 u_npu.u_npu_sram.g_sram\[0\].u_macro/dout1[0]
 u_npu.u_npu_sram.g_sram\[0\].u_macro/dout1[10]
 u_npu.u_npu_sram.g_sram\[0\].u_macro/dout1[11]
 u_npu.u_npu_sram.g_sram\[0\].u_macro/dout1[12]
 u_npu.u_npu_sram.g_sram\[0\].u_macro/dout1[13]
 u_npu.u_npu_sram.g_sram\[0\].u_macro/dout1[14]
 u_npu.u_npu_sram.g_sram\[0\].u_macro/dout1[15]
 u_npu.u_npu_sram.g_sram\[0\].u_macro/dout1[16]
 u_npu.u_npu_sram.g_sram\[0\].u_macro/dout1[17]
 u_npu.u_npu_sram.g_sram\[0\].u_macro/dout1[18]
 u_npu.u_npu_sram.g_sram\[0\].u_macro/dout1[19]
 u_npu.u_npu_sram.g_sram\[0\].u_macro/dout1[1]
 u_npu.u_npu_sram.g_sram\[0\].u_macro/dout1[20]
 u_npu.u_npu_sram.g_sram\[0\].u_macro/dout1[21]
 u_npu.u_npu_sram.g_sram\[0\].u_macro/dout1[22]
 u_npu.u_npu_sram.g_sram\[0\].u_macro/dout1[23]
 u_npu.u_npu_sram.g_sram\[0\].u_macro/dout1[24]
 u_npu.u_npu_sram.g_sram\[0\].u_macro/dout1[25]
 u_npu.u_npu_sram.g_sram\[0\].u_macro/dout1[26]
 u_npu.u_npu_sram.g_sram\[0\].u_macro/dout1[27]
 u_npu.u_npu_sram.g_sram\[0\].u_macro/dout1[28]
 u_npu.u_npu_sram.g_sram\[0\].u_macro/dout1[29]
 u_npu.u_npu_sram.g_sram\[0\].u_macro/dout1[2]
 u_npu.u_npu_sram.g_sram\[0\].u_macro/dout1[30]
 u_npu.u_npu_sram.g_sram\[0\].u_macro/dout1[31]
 u_npu.u_npu_sram.g_sram\[0\].u_macro/dout1[3]
 u_npu.u_npu_sram.g_sram\[0\].u_macro/dout1[4]
 u_npu.u_npu_sram.g_sram\[0\].u_macro/dout1[5]
 u_npu.u_npu_sram.g_sram\[0\].u_macro/dout1[6]
 u_npu.u_npu_sram.g_sram\[0\].u_macro/dout1[7]
 u_npu.u_npu_sram.g_sram\[0\].u_macro/dout1[8]
 u_npu.u_npu_sram.g_sram\[0\].u_macro/dout1[9]
 u_npu.u_npu_sram.g_sram\[10\].u_macro/dout1[0]
 u_npu.u_npu_sram.g_sram\[10\].u_macro/dout1[10]
 u_npu.u_npu_sram.g_sram\[10\].u_macro/dout1[11]
 u_npu.u_npu_sram.g_sram\[10\].u_macro/dout1[12]
 u_npu.u_npu_sram.g_sram\[10\].u_macro/dout1[13]
 u_npu.u_npu_sram.g_sram\[10\].u_macro/dout1[14]
 u_npu.u_npu_sram.g_sram\[10\].u_macro/dout1[15]
 u_npu.u_npu_sram.g_sram\[10\].u_macro/dout1[16]
 u_npu.u_npu_sram.g_sram\[10\].u_macro/dout1[17]
 u_npu.u_npu_sram.g_sram\[10\].u_macro/dout1[18]
 u_npu.u_npu_sram.g_sram\[10\].u_macro/dout1[19]
 u_npu.u_npu_sram.g_sram\[10\].u_macro/dout1[1]
 u_npu.u_npu_sram.g_sram\[10\].u_macro/dout1[20]
 u_npu.u_npu_sram.g_sram\[10\].u_macro/dout1[21]
 u_npu.u_npu_sram.g_sram\[10\].u_macro/dout1[22]
 u_npu.u_npu_sram.g_sram\[10\].u_macro/dout1[23]
 u_npu.u_npu_sram.g_sram\[10\].u_macro/dout1[24]
 u_npu.u_npu_sram.g_sram\[10\].u_macro/dout1[25]
 u_npu.u_npu_sram.g_sram\[10\].u_macro/dout1[26]
 u_npu.u_npu_sram.g_sram\[10\].u_macro/dout1[27]
 u_npu.u_npu_sram.g_sram\[10\].u_macro/dout1[28]
 u_npu.u_npu_sram.g_sram\[10\].u_macro/dout1[29]
 u_npu.u_npu_sram.g_sram\[10\].u_macro/dout1[2]
 u_npu.u_npu_sram.g_sram\[10\].u_macro/dout1[30]
 u_npu.u_npu_sram.g_sram\[10\].u_macro/dout1[31]
 u_npu.u_npu_sram.g_sram\[10\].u_macro/dout1[3]
 u_npu.u_npu_sram.g_sram\[10\].u_macro/dout1[4]
 u_npu.u_npu_sram.g_sram\[10\].u_macro/dout1[5]
 u_npu.u_npu_sram.g_sram\[10\].u_macro/dout1[6]
 u_npu.u_npu_sram.g_sram\[10\].u_macro/dout1[7]
 u_npu.u_npu_sram.g_sram\[10\].u_macro/dout1[8]
 u_npu.u_npu_sram.g_sram\[10\].u_macro/dout1[9]
 u_npu.u_npu_sram.g_sram\[11\].u_macro/dout1[0]
 u_npu.u_npu_sram.g_sram\[11\].u_macro/dout1[10]
 u_npu.u_npu_sram.g_sram\[11\].u_macro/dout1[11]
 u_npu.u_npu_sram.g_sram\[11\].u_macro/dout1[12]
 u_npu.u_npu_sram.g_sram\[11\].u_macro/dout1[13]
 u_npu.u_npu_sram.g_sram\[11\].u_macro/dout1[14]
 u_npu.u_npu_sram.g_sram\[11\].u_macro/dout1[15]
 u_npu.u_npu_sram.g_sram\[11\].u_macro/dout1[16]
 u_npu.u_npu_sram.g_sram\[11\].u_macro/dout1[17]
 u_npu.u_npu_sram.g_sram\[11\].u_macro/dout1[18]
 u_npu.u_npu_sram.g_sram\[11\].u_macro/dout1[19]
 u_npu.u_npu_sram.g_sram\[11\].u_macro/dout1[1]
 u_npu.u_npu_sram.g_sram\[11\].u_macro/dout1[20]
 u_npu.u_npu_sram.g_sram\[11\].u_macro/dout1[21]
 u_npu.u_npu_sram.g_sram\[11\].u_macro/dout1[22]
 u_npu.u_npu_sram.g_sram\[11\].u_macro/dout1[23]
 u_npu.u_npu_sram.g_sram\[11\].u_macro/dout1[24]
 u_npu.u_npu_sram.g_sram\[11\].u_macro/dout1[25]
 u_npu.u_npu_sram.g_sram\[11\].u_macro/dout1[26]
 u_npu.u_npu_sram.g_sram\[11\].u_macro/dout1[27]
 u_npu.u_npu_sram.g_sram\[11\].u_macro/dout1[28]
 u_npu.u_npu_sram.g_sram\[11\].u_macro/dout1[29]
 u_npu.u_npu_sram.g_sram\[11\].u_macro/dout1[2]
 u_npu.u_npu_sram.g_sram\[11\].u_macro/dout1[30]
 u_npu.u_npu_sram.g_sram\[11\].u_macro/dout1[31]
 u_npu.u_npu_sram.g_sram\[11\].u_macro/dout1[3]
 u_npu.u_npu_sram.g_sram\[11\].u_macro/dout1[4]
 u_npu.u_npu_sram.g_sram\[11\].u_macro/dout1[5]
 u_npu.u_npu_sram.g_sram\[11\].u_macro/dout1[6]
 u_npu.u_npu_sram.g_sram\[11\].u_macro/dout1[7]
 u_npu.u_npu_sram.g_sram\[11\].u_macro/dout1[8]
 u_npu.u_npu_sram.g_sram\[11\].u_macro/dout1[9]
 u_npu.u_npu_sram.g_sram\[12\].u_macro/dout1[0]
 u_npu.u_npu_sram.g_sram\[12\].u_macro/dout1[10]
 u_npu.u_npu_sram.g_sram\[12\].u_macro/dout1[11]
 u_npu.u_npu_sram.g_sram\[12\].u_macro/dout1[12]
 u_npu.u_npu_sram.g_sram\[12\].u_macro/dout1[13]
 u_npu.u_npu_sram.g_sram\[12\].u_macro/dout1[14]
 u_npu.u_npu_sram.g_sram\[12\].u_macro/dout1[15]
 u_npu.u_npu_sram.g_sram\[12\].u_macro/dout1[16]
 u_npu.u_npu_sram.g_sram\[12\].u_macro/dout1[17]
 u_npu.u_npu_sram.g_sram\[12\].u_macro/dout1[18]
 u_npu.u_npu_sram.g_sram\[12\].u_macro/dout1[19]
 u_npu.u_npu_sram.g_sram\[12\].u_macro/dout1[1]
 u_npu.u_npu_sram.g_sram\[12\].u_macro/dout1[20]
 u_npu.u_npu_sram.g_sram\[12\].u_macro/dout1[21]
 u_npu.u_npu_sram.g_sram\[12\].u_macro/dout1[22]
 u_npu.u_npu_sram.g_sram\[12\].u_macro/dout1[23]
 u_npu.u_npu_sram.g_sram\[12\].u_macro/dout1[24]
 u_npu.u_npu_sram.g_sram\[12\].u_macro/dout1[25]
 u_npu.u_npu_sram.g_sram\[12\].u_macro/dout1[26]
 u_npu.u_npu_sram.g_sram\[12\].u_macro/dout1[27]
 u_npu.u_npu_sram.g_sram\[12\].u_macro/dout1[28]
 u_npu.u_npu_sram.g_sram\[12\].u_macro/dout1[29]
 u_npu.u_npu_sram.g_sram\[12\].u_macro/dout1[2]
 u_npu.u_npu_sram.g_sram\[12\].u_macro/dout1[30]
 u_npu.u_npu_sram.g_sram\[12\].u_macro/dout1[31]
 u_npu.u_npu_sram.g_sram\[12\].u_macro/dout1[3]
 u_npu.u_npu_sram.g_sram\[12\].u_macro/dout1[4]
 u_npu.u_npu_sram.g_sram\[12\].u_macro/dout1[5]
 u_npu.u_npu_sram.g_sram\[12\].u_macro/dout1[6]
 u_npu.u_npu_sram.g_sram\[12\].u_macro/dout1[7]
 u_npu.u_npu_sram.g_sram\[12\].u_macro/dout1[8]
 u_npu.u_npu_sram.g_sram\[12\].u_macro/dout1[9]
 u_npu.u_npu_sram.g_sram\[13\].u_macro/dout1[0]
 u_npu.u_npu_sram.g_sram\[13\].u_macro/dout1[10]
 u_npu.u_npu_sram.g_sram\[13\].u_macro/dout1[11]
 u_npu.u_npu_sram.g_sram\[13\].u_macro/dout1[12]
 u_npu.u_npu_sram.g_sram\[13\].u_macro/dout1[13]
 u_npu.u_npu_sram.g_sram\[13\].u_macro/dout1[14]
 u_npu.u_npu_sram.g_sram\[13\].u_macro/dout1[15]
 u_npu.u_npu_sram.g_sram\[13\].u_macro/dout1[16]
 u_npu.u_npu_sram.g_sram\[13\].u_macro/dout1[17]
 u_npu.u_npu_sram.g_sram\[13\].u_macro/dout1[18]
 u_npu.u_npu_sram.g_sram\[13\].u_macro/dout1[19]
 u_npu.u_npu_sram.g_sram\[13\].u_macro/dout1[1]
 u_npu.u_npu_sram.g_sram\[13\].u_macro/dout1[20]
 u_npu.u_npu_sram.g_sram\[13\].u_macro/dout1[21]
 u_npu.u_npu_sram.g_sram\[13\].u_macro/dout1[22]
 u_npu.u_npu_sram.g_sram\[13\].u_macro/dout1[23]
 u_npu.u_npu_sram.g_sram\[13\].u_macro/dout1[24]
 u_npu.u_npu_sram.g_sram\[13\].u_macro/dout1[25]
 u_npu.u_npu_sram.g_sram\[13\].u_macro/dout1[26]
 u_npu.u_npu_sram.g_sram\[13\].u_macro/dout1[27]
 u_npu.u_npu_sram.g_sram\[13\].u_macro/dout1[28]
 u_npu.u_npu_sram.g_sram\[13\].u_macro/dout1[29]
 u_npu.u_npu_sram.g_sram\[13\].u_macro/dout1[2]
 u_npu.u_npu_sram.g_sram\[13\].u_macro/dout1[30]
 u_npu.u_npu_sram.g_sram\[13\].u_macro/dout1[31]
 u_npu.u_npu_sram.g_sram\[13\].u_macro/dout1[3]
 u_npu.u_npu_sram.g_sram\[13\].u_macro/dout1[4]
 u_npu.u_npu_sram.g_sram\[13\].u_macro/dout1[5]
 u_npu.u_npu_sram.g_sram\[13\].u_macro/dout1[6]
 u_npu.u_npu_sram.g_sram\[13\].u_macro/dout1[7]
 u_npu.u_npu_sram.g_sram\[13\].u_macro/dout1[8]
 u_npu.u_npu_sram.g_sram\[13\].u_macro/dout1[9]
 u_npu.u_npu_sram.g_sram\[14\].u_macro/dout1[0]
 u_npu.u_npu_sram.g_sram\[14\].u_macro/dout1[10]
 u_npu.u_npu_sram.g_sram\[14\].u_macro/dout1[11]
 u_npu.u_npu_sram.g_sram\[14\].u_macro/dout1[12]
 u_npu.u_npu_sram.g_sram\[14\].u_macro/dout1[13]
 u_npu.u_npu_sram.g_sram\[14\].u_macro/dout1[14]
 u_npu.u_npu_sram.g_sram\[14\].u_macro/dout1[15]
 u_npu.u_npu_sram.g_sram\[14\].u_macro/dout1[16]
 u_npu.u_npu_sram.g_sram\[14\].u_macro/dout1[17]
 u_npu.u_npu_sram.g_sram\[14\].u_macro/dout1[18]
 u_npu.u_npu_sram.g_sram\[14\].u_macro/dout1[19]
 u_npu.u_npu_sram.g_sram\[14\].u_macro/dout1[1]
 u_npu.u_npu_sram.g_sram\[14\].u_macro/dout1[20]
 u_npu.u_npu_sram.g_sram\[14\].u_macro/dout1[21]
 u_npu.u_npu_sram.g_sram\[14\].u_macro/dout1[22]
 u_npu.u_npu_sram.g_sram\[14\].u_macro/dout1[23]
 u_npu.u_npu_sram.g_sram\[14\].u_macro/dout1[24]
 u_npu.u_npu_sram.g_sram\[14\].u_macro/dout1[25]
 u_npu.u_npu_sram.g_sram\[14\].u_macro/dout1[26]
 u_npu.u_npu_sram.g_sram\[14\].u_macro/dout1[27]
 u_npu.u_npu_sram.g_sram\[14\].u_macro/dout1[28]
 u_npu.u_npu_sram.g_sram\[14\].u_macro/dout1[29]
 u_npu.u_npu_sram.g_sram\[14\].u_macro/dout1[2]
 u_npu.u_npu_sram.g_sram\[14\].u_macro/dout1[30]
 u_npu.u_npu_sram.g_sram\[14\].u_macro/dout1[31]
 u_npu.u_npu_sram.g_sram\[14\].u_macro/dout1[3]
 u_npu.u_npu_sram.g_sram\[14\].u_macro/dout1[4]
 u_npu.u_npu_sram.g_sram\[14\].u_macro/dout1[5]
 u_npu.u_npu_sram.g_sram\[14\].u_macro/dout1[6]
 u_npu.u_npu_sram.g_sram\[14\].u_macro/dout1[7]
 u_npu.u_npu_sram.g_sram\[14\].u_macro/dout1[8]
 u_npu.u_npu_sram.g_sram\[14\].u_macro/dout1[9]
 u_npu.u_npu_sram.g_sram\[1\].u_macro/dout1[0]
 u_npu.u_npu_sram.g_sram\[1\].u_macro/dout1[10]
 u_npu.u_npu_sram.g_sram\[1\].u_macro/dout1[11]
 u_npu.u_npu_sram.g_sram\[1\].u_macro/dout1[12]
 u_npu.u_npu_sram.g_sram\[1\].u_macro/dout1[13]
 u_npu.u_npu_sram.g_sram\[1\].u_macro/dout1[14]
 u_npu.u_npu_sram.g_sram\[1\].u_macro/dout1[15]
 u_npu.u_npu_sram.g_sram\[1\].u_macro/dout1[16]
 u_npu.u_npu_sram.g_sram\[1\].u_macro/dout1[17]
 u_npu.u_npu_sram.g_sram\[1\].u_macro/dout1[18]
 u_npu.u_npu_sram.g_sram\[1\].u_macro/dout1[19]
 u_npu.u_npu_sram.g_sram\[1\].u_macro/dout1[1]
 u_npu.u_npu_sram.g_sram\[1\].u_macro/dout1[20]
 u_npu.u_npu_sram.g_sram\[1\].u_macro/dout1[21]
 u_npu.u_npu_sram.g_sram\[1\].u_macro/dout1[22]
 u_npu.u_npu_sram.g_sram\[1\].u_macro/dout1[23]
 u_npu.u_npu_sram.g_sram\[1\].u_macro/dout1[24]
 u_npu.u_npu_sram.g_sram\[1\].u_macro/dout1[25]
 u_npu.u_npu_sram.g_sram\[1\].u_macro/dout1[26]
 u_npu.u_npu_sram.g_sram\[1\].u_macro/dout1[27]
 u_npu.u_npu_sram.g_sram\[1\].u_macro/dout1[28]
 u_npu.u_npu_sram.g_sram\[1\].u_macro/dout1[29]
 u_npu.u_npu_sram.g_sram\[1\].u_macro/dout1[2]
 u_npu.u_npu_sram.g_sram\[1\].u_macro/dout1[30]
 u_npu.u_npu_sram.g_sram\[1\].u_macro/dout1[31]
 u_npu.u_npu_sram.g_sram\[1\].u_macro/dout1[3]
 u_npu.u_npu_sram.g_sram\[1\].u_macro/dout1[4]
 u_npu.u_npu_sram.g_sram\[1\].u_macro/dout1[5]
 u_npu.u_npu_sram.g_sram\[1\].u_macro/dout1[6]
 u_npu.u_npu_sram.g_sram\[1\].u_macro/dout1[7]
 u_npu.u_npu_sram.g_sram\[1\].u_macro/dout1[8]
 u_npu.u_npu_sram.g_sram\[1\].u_macro/dout1[9]
 u_npu.u_npu_sram.g_sram\[2\].u_macro/dout1[0]
 u_npu.u_npu_sram.g_sram\[2\].u_macro/dout1[10]
 u_npu.u_npu_sram.g_sram\[2\].u_macro/dout1[11]
 u_npu.u_npu_sram.g_sram\[2\].u_macro/dout1[12]
 u_npu.u_npu_sram.g_sram\[2\].u_macro/dout1[13]
 u_npu.u_npu_sram.g_sram\[2\].u_macro/dout1[14]
 u_npu.u_npu_sram.g_sram\[2\].u_macro/dout1[15]
 u_npu.u_npu_sram.g_sram\[2\].u_macro/dout1[16]
 u_npu.u_npu_sram.g_sram\[2\].u_macro/dout1[17]
 u_npu.u_npu_sram.g_sram\[2\].u_macro/dout1[18]
 u_npu.u_npu_sram.g_sram\[2\].u_macro/dout1[19]
 u_npu.u_npu_sram.g_sram\[2\].u_macro/dout1[1]
 u_npu.u_npu_sram.g_sram\[2\].u_macro/dout1[20]
 u_npu.u_npu_sram.g_sram\[2\].u_macro/dout1[21]
 u_npu.u_npu_sram.g_sram\[2\].u_macro/dout1[22]
 u_npu.u_npu_sram.g_sram\[2\].u_macro/dout1[23]
 u_npu.u_npu_sram.g_sram\[2\].u_macro/dout1[24]
 u_npu.u_npu_sram.g_sram\[2\].u_macro/dout1[25]
 u_npu.u_npu_sram.g_sram\[2\].u_macro/dout1[26]
 u_npu.u_npu_sram.g_sram\[2\].u_macro/dout1[27]
 u_npu.u_npu_sram.g_sram\[2\].u_macro/dout1[28]
 u_npu.u_npu_sram.g_sram\[2\].u_macro/dout1[29]
 u_npu.u_npu_sram.g_sram\[2\].u_macro/dout1[2]
 u_npu.u_npu_sram.g_sram\[2\].u_macro/dout1[30]
 u_npu.u_npu_sram.g_sram\[2\].u_macro/dout1[31]
 u_npu.u_npu_sram.g_sram\[2\].u_macro/dout1[3]
 u_npu.u_npu_sram.g_sram\[2\].u_macro/dout1[4]
 u_npu.u_npu_sram.g_sram\[2\].u_macro/dout1[5]
 u_npu.u_npu_sram.g_sram\[2\].u_macro/dout1[6]
 u_npu.u_npu_sram.g_sram\[2\].u_macro/dout1[7]
 u_npu.u_npu_sram.g_sram\[2\].u_macro/dout1[8]
 u_npu.u_npu_sram.g_sram\[2\].u_macro/dout1[9]
 u_npu.u_npu_sram.g_sram\[3\].u_macro/dout1[0]
 u_npu.u_npu_sram.g_sram\[3\].u_macro/dout1[10]
 u_npu.u_npu_sram.g_sram\[3\].u_macro/dout1[11]
 u_npu.u_npu_sram.g_sram\[3\].u_macro/dout1[12]
 u_npu.u_npu_sram.g_sram\[3\].u_macro/dout1[13]
 u_npu.u_npu_sram.g_sram\[3\].u_macro/dout1[14]
 u_npu.u_npu_sram.g_sram\[3\].u_macro/dout1[15]
 u_npu.u_npu_sram.g_sram\[3\].u_macro/dout1[16]
 u_npu.u_npu_sram.g_sram\[3\].u_macro/dout1[17]
 u_npu.u_npu_sram.g_sram\[3\].u_macro/dout1[18]
 u_npu.u_npu_sram.g_sram\[3\].u_macro/dout1[19]
 u_npu.u_npu_sram.g_sram\[3\].u_macro/dout1[1]
 u_npu.u_npu_sram.g_sram\[3\].u_macro/dout1[20]
 u_npu.u_npu_sram.g_sram\[3\].u_macro/dout1[21]
 u_npu.u_npu_sram.g_sram\[3\].u_macro/dout1[22]
 u_npu.u_npu_sram.g_sram\[3\].u_macro/dout1[23]
 u_npu.u_npu_sram.g_sram\[3\].u_macro/dout1[24]
 u_npu.u_npu_sram.g_sram\[3\].u_macro/dout1[25]
 u_npu.u_npu_sram.g_sram\[3\].u_macro/dout1[26]
 u_npu.u_npu_sram.g_sram\[3\].u_macro/dout1[27]
 u_npu.u_npu_sram.g_sram\[3\].u_macro/dout1[28]
 u_npu.u_npu_sram.g_sram\[3\].u_macro/dout1[29]
 u_npu.u_npu_sram.g_sram\[3\].u_macro/dout1[2]
 u_npu.u_npu_sram.g_sram\[3\].u_macro/dout1[30]
 u_npu.u_npu_sram.g_sram\[3\].u_macro/dout1[31]
 u_npu.u_npu_sram.g_sram\[3\].u_macro/dout1[3]
 u_npu.u_npu_sram.g_sram\[3\].u_macro/dout1[4]
 u_npu.u_npu_sram.g_sram\[3\].u_macro/dout1[5]
 u_npu.u_npu_sram.g_sram\[3\].u_macro/dout1[6]
 u_npu.u_npu_sram.g_sram\[3\].u_macro/dout1[7]
 u_npu.u_npu_sram.g_sram\[3\].u_macro/dout1[8]
 u_npu.u_npu_sram.g_sram\[3\].u_macro/dout1[9]
 u_npu.u_npu_sram.g_sram\[4\].u_macro/dout1[0]
 u_npu.u_npu_sram.g_sram\[4\].u_macro/dout1[10]
 u_npu.u_npu_sram.g_sram\[4\].u_macro/dout1[11]
 u_npu.u_npu_sram.g_sram\[4\].u_macro/dout1[12]
 u_npu.u_npu_sram.g_sram\[4\].u_macro/dout1[13]
 u_npu.u_npu_sram.g_sram\[4\].u_macro/dout1[14]
 u_npu.u_npu_sram.g_sram\[4\].u_macro/dout1[15]
 u_npu.u_npu_sram.g_sram\[4\].u_macro/dout1[16]
 u_npu.u_npu_sram.g_sram\[4\].u_macro/dout1[17]
 u_npu.u_npu_sram.g_sram\[4\].u_macro/dout1[18]
 u_npu.u_npu_sram.g_sram\[4\].u_macro/dout1[19]
 u_npu.u_npu_sram.g_sram\[4\].u_macro/dout1[1]
 u_npu.u_npu_sram.g_sram\[4\].u_macro/dout1[20]
 u_npu.u_npu_sram.g_sram\[4\].u_macro/dout1[21]
 u_npu.u_npu_sram.g_sram\[4\].u_macro/dout1[22]
 u_npu.u_npu_sram.g_sram\[4\].u_macro/dout1[23]
 u_npu.u_npu_sram.g_sram\[4\].u_macro/dout1[24]
 u_npu.u_npu_sram.g_sram\[4\].u_macro/dout1[25]
 u_npu.u_npu_sram.g_sram\[4\].u_macro/dout1[26]
 u_npu.u_npu_sram.g_sram\[4\].u_macro/dout1[27]
 u_npu.u_npu_sram.g_sram\[4\].u_macro/dout1[28]
 u_npu.u_npu_sram.g_sram\[4\].u_macro/dout1[29]
 u_npu.u_npu_sram.g_sram\[4\].u_macro/dout1[2]
 u_npu.u_npu_sram.g_sram\[4\].u_macro/dout1[30]
 u_npu.u_npu_sram.g_sram\[4\].u_macro/dout1[31]
 u_npu.u_npu_sram.g_sram\[4\].u_macro/dout1[3]
 u_npu.u_npu_sram.g_sram\[4\].u_macro/dout1[4]
 u_npu.u_npu_sram.g_sram\[4\].u_macro/dout1[5]
 u_npu.u_npu_sram.g_sram\[4\].u_macro/dout1[6]
 u_npu.u_npu_sram.g_sram\[4\].u_macro/dout1[7]
 u_npu.u_npu_sram.g_sram\[4\].u_macro/dout1[8]
 u_npu.u_npu_sram.g_sram\[4\].u_macro/dout1[9]
 u_npu.u_npu_sram.g_sram\[5\].u_macro/dout1[0]
 u_npu.u_npu_sram.g_sram\[5\].u_macro/dout1[10]
 u_npu.u_npu_sram.g_sram\[5\].u_macro/dout1[11]
 u_npu.u_npu_sram.g_sram\[5\].u_macro/dout1[12]
 u_npu.u_npu_sram.g_sram\[5\].u_macro/dout1[13]
 u_npu.u_npu_sram.g_sram\[5\].u_macro/dout1[14]
 u_npu.u_npu_sram.g_sram\[5\].u_macro/dout1[15]
 u_npu.u_npu_sram.g_sram\[5\].u_macro/dout1[16]
 u_npu.u_npu_sram.g_sram\[5\].u_macro/dout1[17]
 u_npu.u_npu_sram.g_sram\[5\].u_macro/dout1[18]
 u_npu.u_npu_sram.g_sram\[5\].u_macro/dout1[19]
 u_npu.u_npu_sram.g_sram\[5\].u_macro/dout1[1]
 u_npu.u_npu_sram.g_sram\[5\].u_macro/dout1[20]
 u_npu.u_npu_sram.g_sram\[5\].u_macro/dout1[21]
 u_npu.u_npu_sram.g_sram\[5\].u_macro/dout1[22]
 u_npu.u_npu_sram.g_sram\[5\].u_macro/dout1[23]
 u_npu.u_npu_sram.g_sram\[5\].u_macro/dout1[24]
 u_npu.u_npu_sram.g_sram\[5\].u_macro/dout1[25]
 u_npu.u_npu_sram.g_sram\[5\].u_macro/dout1[26]
 u_npu.u_npu_sram.g_sram\[5\].u_macro/dout1[27]
 u_npu.u_npu_sram.g_sram\[5\].u_macro/dout1[28]
 u_npu.u_npu_sram.g_sram\[5\].u_macro/dout1[29]
 u_npu.u_npu_sram.g_sram\[5\].u_macro/dout1[2]
 u_npu.u_npu_sram.g_sram\[5\].u_macro/dout1[30]
 u_npu.u_npu_sram.g_sram\[5\].u_macro/dout1[31]
 u_npu.u_npu_sram.g_sram\[5\].u_macro/dout1[3]
 u_npu.u_npu_sram.g_sram\[5\].u_macro/dout1[4]
 u_npu.u_npu_sram.g_sram\[5\].u_macro/dout1[5]
 u_npu.u_npu_sram.g_sram\[5\].u_macro/dout1[6]
 u_npu.u_npu_sram.g_sram\[5\].u_macro/dout1[7]
 u_npu.u_npu_sram.g_sram\[5\].u_macro/dout1[8]
 u_npu.u_npu_sram.g_sram\[5\].u_macro/dout1[9]
 u_npu.u_npu_sram.g_sram\[6\].u_macro/dout1[0]
 u_npu.u_npu_sram.g_sram\[6\].u_macro/dout1[10]
 u_npu.u_npu_sram.g_sram\[6\].u_macro/dout1[11]
 u_npu.u_npu_sram.g_sram\[6\].u_macro/dout1[12]
 u_npu.u_npu_sram.g_sram\[6\].u_macro/dout1[13]
 u_npu.u_npu_sram.g_sram\[6\].u_macro/dout1[14]
 u_npu.u_npu_sram.g_sram\[6\].u_macro/dout1[15]
 u_npu.u_npu_sram.g_sram\[6\].u_macro/dout1[16]
 u_npu.u_npu_sram.g_sram\[6\].u_macro/dout1[17]
 u_npu.u_npu_sram.g_sram\[6\].u_macro/dout1[18]
 u_npu.u_npu_sram.g_sram\[6\].u_macro/dout1[19]
 u_npu.u_npu_sram.g_sram\[6\].u_macro/dout1[1]
 u_npu.u_npu_sram.g_sram\[6\].u_macro/dout1[20]
 u_npu.u_npu_sram.g_sram\[6\].u_macro/dout1[21]
 u_npu.u_npu_sram.g_sram\[6\].u_macro/dout1[22]
 u_npu.u_npu_sram.g_sram\[6\].u_macro/dout1[23]
 u_npu.u_npu_sram.g_sram\[6\].u_macro/dout1[24]
 u_npu.u_npu_sram.g_sram\[6\].u_macro/dout1[25]
 u_npu.u_npu_sram.g_sram\[6\].u_macro/dout1[26]
 u_npu.u_npu_sram.g_sram\[6\].u_macro/dout1[27]
 u_npu.u_npu_sram.g_sram\[6\].u_macro/dout1[28]
 u_npu.u_npu_sram.g_sram\[6\].u_macro/dout1[29]
 u_npu.u_npu_sram.g_sram\[6\].u_macro/dout1[2]
 u_npu.u_npu_sram.g_sram\[6\].u_macro/dout1[30]
 u_npu.u_npu_sram.g_sram\[6\].u_macro/dout1[31]
 u_npu.u_npu_sram.g_sram\[6\].u_macro/dout1[3]
 u_npu.u_npu_sram.g_sram\[6\].u_macro/dout1[4]
 u_npu.u_npu_sram.g_sram\[6\].u_macro/dout1[5]
 u_npu.u_npu_sram.g_sram\[6\].u_macro/dout1[6]
 u_npu.u_npu_sram.g_sram\[6\].u_macro/dout1[7]
 u_npu.u_npu_sram.g_sram\[6\].u_macro/dout1[8]
 u_npu.u_npu_sram.g_sram\[6\].u_macro/dout1[9]
 u_npu.u_npu_sram.g_sram\[7\].u_macro/dout1[0]
 u_npu.u_npu_sram.g_sram\[7\].u_macro/dout1[10]
 u_npu.u_npu_sram.g_sram\[7\].u_macro/dout1[11]
 u_npu.u_npu_sram.g_sram\[7\].u_macro/dout1[12]
 u_npu.u_npu_sram.g_sram\[7\].u_macro/dout1[13]
 u_npu.u_npu_sram.g_sram\[7\].u_macro/dout1[14]
 u_npu.u_npu_sram.g_sram\[7\].u_macro/dout1[15]
 u_npu.u_npu_sram.g_sram\[7\].u_macro/dout1[16]
 u_npu.u_npu_sram.g_sram\[7\].u_macro/dout1[17]
 u_npu.u_npu_sram.g_sram\[7\].u_macro/dout1[18]
 u_npu.u_npu_sram.g_sram\[7\].u_macro/dout1[19]
 u_npu.u_npu_sram.g_sram\[7\].u_macro/dout1[1]
 u_npu.u_npu_sram.g_sram\[7\].u_macro/dout1[20]
 u_npu.u_npu_sram.g_sram\[7\].u_macro/dout1[21]
 u_npu.u_npu_sram.g_sram\[7\].u_macro/dout1[22]
 u_npu.u_npu_sram.g_sram\[7\].u_macro/dout1[23]
 u_npu.u_npu_sram.g_sram\[7\].u_macro/dout1[24]
 u_npu.u_npu_sram.g_sram\[7\].u_macro/dout1[25]
 u_npu.u_npu_sram.g_sram\[7\].u_macro/dout1[26]
 u_npu.u_npu_sram.g_sram\[7\].u_macro/dout1[27]
 u_npu.u_npu_sram.g_sram\[7\].u_macro/dout1[28]
 u_npu.u_npu_sram.g_sram\[7\].u_macro/dout1[29]
 u_npu.u_npu_sram.g_sram\[7\].u_macro/dout1[2]
 u_npu.u_npu_sram.g_sram\[7\].u_macro/dout1[30]
 u_npu.u_npu_sram.g_sram\[7\].u_macro/dout1[31]
 u_npu.u_npu_sram.g_sram\[7\].u_macro/dout1[3]
 u_npu.u_npu_sram.g_sram\[7\].u_macro/dout1[4]
 u_npu.u_npu_sram.g_sram\[7\].u_macro/dout1[5]
 u_npu.u_npu_sram.g_sram\[7\].u_macro/dout1[6]
 u_npu.u_npu_sram.g_sram\[7\].u_macro/dout1[7]
 u_npu.u_npu_sram.g_sram\[7\].u_macro/dout1[8]
 u_npu.u_npu_sram.g_sram\[7\].u_macro/dout1[9]
 u_npu.u_npu_sram.g_sram\[8\].u_macro/dout1[0]
 u_npu.u_npu_sram.g_sram\[8\].u_macro/dout1[10]
 u_npu.u_npu_sram.g_sram\[8\].u_macro/dout1[11]
 u_npu.u_npu_sram.g_sram\[8\].u_macro/dout1[12]
 u_npu.u_npu_sram.g_sram\[8\].u_macro/dout1[13]
 u_npu.u_npu_sram.g_sram\[8\].u_macro/dout1[14]
 u_npu.u_npu_sram.g_sram\[8\].u_macro/dout1[15]
 u_npu.u_npu_sram.g_sram\[8\].u_macro/dout1[16]
 u_npu.u_npu_sram.g_sram\[8\].u_macro/dout1[17]
 u_npu.u_npu_sram.g_sram\[8\].u_macro/dout1[18]
 u_npu.u_npu_sram.g_sram\[8\].u_macro/dout1[19]
 u_npu.u_npu_sram.g_sram\[8\].u_macro/dout1[1]
 u_npu.u_npu_sram.g_sram\[8\].u_macro/dout1[20]
 u_npu.u_npu_sram.g_sram\[8\].u_macro/dout1[21]
 u_npu.u_npu_sram.g_sram\[8\].u_macro/dout1[22]
 u_npu.u_npu_sram.g_sram\[8\].u_macro/dout1[23]
 u_npu.u_npu_sram.g_sram\[8\].u_macro/dout1[24]
 u_npu.u_npu_sram.g_sram\[8\].u_macro/dout1[25]
 u_npu.u_npu_sram.g_sram\[8\].u_macro/dout1[26]
 u_npu.u_npu_sram.g_sram\[8\].u_macro/dout1[27]
 u_npu.u_npu_sram.g_sram\[8\].u_macro/dout1[28]
 u_npu.u_npu_sram.g_sram\[8\].u_macro/dout1[29]
 u_npu.u_npu_sram.g_sram\[8\].u_macro/dout1[2]
 u_npu.u_npu_sram.g_sram\[8\].u_macro/dout1[30]
 u_npu.u_npu_sram.g_sram\[8\].u_macro/dout1[31]
 u_npu.u_npu_sram.g_sram\[8\].u_macro/dout1[3]
 u_npu.u_npu_sram.g_sram\[8\].u_macro/dout1[4]
 u_npu.u_npu_sram.g_sram\[8\].u_macro/dout1[5]
 u_npu.u_npu_sram.g_sram\[8\].u_macro/dout1[6]
 u_npu.u_npu_sram.g_sram\[8\].u_macro/dout1[7]
 u_npu.u_npu_sram.g_sram\[8\].u_macro/dout1[8]
 u_npu.u_npu_sram.g_sram\[8\].u_macro/dout1[9]
 u_npu.u_npu_sram.g_sram\[9\].u_macro/dout1[0]
 u_npu.u_npu_sram.g_sram\[9\].u_macro/dout1[10]
 u_npu.u_npu_sram.g_sram\[9\].u_macro/dout1[11]
 u_npu.u_npu_sram.g_sram\[9\].u_macro/dout1[12]
 u_npu.u_npu_sram.g_sram\[9\].u_macro/dout1[13]
 u_npu.u_npu_sram.g_sram\[9\].u_macro/dout1[14]
 u_npu.u_npu_sram.g_sram\[9\].u_macro/dout1[15]
 u_npu.u_npu_sram.g_sram\[9\].u_macro/dout1[16]
 u_npu.u_npu_sram.g_sram\[9\].u_macro/dout1[17]
 u_npu.u_npu_sram.g_sram\[9\].u_macro/dout1[18]
 u_npu.u_npu_sram.g_sram\[9\].u_macro/dout1[19]
 u_npu.u_npu_sram.g_sram\[9\].u_macro/dout1[1]
 u_npu.u_npu_sram.g_sram\[9\].u_macro/dout1[20]
 u_npu.u_npu_sram.g_sram\[9\].u_macro/dout1[21]
 u_npu.u_npu_sram.g_sram\[9\].u_macro/dout1[22]
 u_npu.u_npu_sram.g_sram\[9\].u_macro/dout1[23]
 u_npu.u_npu_sram.g_sram\[9\].u_macro/dout1[24]
 u_npu.u_npu_sram.g_sram\[9\].u_macro/dout1[25]
 u_npu.u_npu_sram.g_sram\[9\].u_macro/dout1[26]
 u_npu.u_npu_sram.g_sram\[9\].u_macro/dout1[27]
 u_npu.u_npu_sram.g_sram\[9\].u_macro/dout1[28]
 u_npu.u_npu_sram.g_sram\[9\].u_macro/dout1[29]
 u_npu.u_npu_sram.g_sram\[9\].u_macro/dout1[2]
 u_npu.u_npu_sram.g_sram\[9\].u_macro/dout1[30]
 u_npu.u_npu_sram.g_sram\[9\].u_macro/dout1[31]
 u_npu.u_npu_sram.g_sram\[9\].u_macro/dout1[3]
 u_npu.u_npu_sram.g_sram\[9\].u_macro/dout1[4]
 u_npu.u_npu_sram.g_sram\[9\].u_macro/dout1[5]
 u_npu.u_npu_sram.g_sram\[9\].u_macro/dout1[6]
 u_npu.u_npu_sram.g_sram\[9\].u_macro/dout1[7]
 u_npu.u_npu_sram.g_sram\[9\].u_macro/dout1[8]
 u_npu.u_npu_sram.g_sram\[9\].u_macro/dout1[9]
Found 0 partially unannotated drivers.

===========================================================================
max slew violation count 506
Writing metric design__max_slew_violation__count__corner:nom_tt_025C_1v80: 506
max fanout violation count 0
Writing metric design__max_fanout_violation__count__corner:nom_tt_025C_1v80: 0
max cap violation count 0
Writing metric design__max_cap_violation__count__corner:nom_tt_025C_1v80: 0
============================================================================

===========================================================================
check_setup -verbose -unconstrained_endpoints -multiple_clock -no_clock -no_input_delay -loops -generated_clocks
===========================================================================
