
===========================================================================
report_checks -unconstrained
===========================================================================
======================= nom_tt_025C_1v80 Corner ===================================

Startpoint: _84360_ (rising edge-triggered flip-flop clocked by clk_i)
Endpoint: _83698_ (recovery check against rising-edge clock clk_i)
Path Group: asynchronous
Path Type: max

Fanout         Cap        Slew       Delay        Time   Description
---------------------------------------------------------------------------------------------
                                  0.000000    0.000000   clock clk_i (rise edge)
                                  0.000000    0.000000   clock source latency
     4    0.315126    0.000000    0.000000    0.000000 ^ clk_i (in)
                                                         clk_i (net)
                      0.639820    0.319910    0.319910 ^ clkbuf_regs_0_clk_i/A (sky130_fd_sc_hd__clkbuf_16)
     1    0.011801    0.050014    0.255445    0.575355 ^ clkbuf_regs_0_clk_i/X (sky130_fd_sc_hd__clkbuf_16)
                                                         clk_i_regs (net)
                      0.050016    0.000703    0.576058 ^ clkbuf_0_clk_i_regs/A (sky130_fd_sc_hd__clkbuf_16)
     2    0.075240    0.092731    0.165946    0.742004 ^ clkbuf_0_clk_i_regs/X (sky130_fd_sc_hd__clkbuf_16)
                                                         clknet_0_clk_i_regs (net)
                      0.093849    0.008026    0.750030 ^ clkbuf_1_0_0_clk_i_regs/A (sky130_fd_sc_hd__clkbuf_8)
     2    0.045392    0.091308    0.176950    0.926980 ^ clkbuf_1_0_0_clk_i_regs/X (sky130_fd_sc_hd__clkbuf_8)
                                                         clknet_1_0_0_clk_i_regs (net)
                      0.093341    0.010731    0.937711 ^ clkbuf_2_1_0_clk_i_regs/A (sky130_fd_sc_hd__clkbuf_8)
     1    0.040189    0.082429    0.172385    1.110096 ^ clkbuf_2_1_0_clk_i_regs/X (sky130_fd_sc_hd__clkbuf_8)
                                                         clknet_2_1_0_clk_i_regs (net)
                      0.083517    0.007448    1.117545 ^ clkbuf_2_1_1_clk_i_regs/A (sky130_fd_sc_hd__clkbuf_8)
     4    0.075280    0.137284    0.210227    1.327772 ^ clkbuf_2_1_1_clk_i_regs/X (sky130_fd_sc_hd__clkbuf_8)
                                                         clknet_2_1_1_clk_i_regs (net)
                      0.138130    0.008633    1.336405 ^ clkbuf_4_6_0_clk_i_regs/A (sky130_fd_sc_hd__clkbuf_8)
     2    0.045679    0.091512    0.193192    1.529596 ^ clkbuf_4_6_0_clk_i_regs/X (sky130_fd_sc_hd__clkbuf_8)
                                                         clknet_4_6_0_clk_i_regs (net)
                      0.093032    0.009325    1.538922 ^ clkbuf_5_12_0_clk_i_regs/A (sky130_fd_sc_hd__clkbuf_8)
     4    0.058864    0.112376    0.194846    1.733767 ^ clkbuf_5_12_0_clk_i_regs/X (sky130_fd_sc_hd__clkbuf_8)
                                                         clknet_5_12_0_clk_i_regs (net)
                      0.113042    0.006940    1.740708 ^ clkbuf_7_48__f_clk_i_regs/A (sky130_fd_sc_hd__clkbuf_16)
     9    0.098822    0.115159    0.208323    1.949031 ^ clkbuf_7_48__f_clk_i_regs/X (sky130_fd_sc_hd__clkbuf_16)
                                                         clknet_7_48__leaf_clk_i_regs (net)
                      0.115583    0.005197    1.954228 ^ clkbuf_leaf_578_clk_i_regs/A (sky130_fd_sc_hd__clkbuf_8)
    12    0.036364    0.076201    0.178104    2.132332 ^ clkbuf_leaf_578_clk_i_regs/X (sky130_fd_sc_hd__clkbuf_8)
                                                         clknet_leaf_578_clk_i_regs (net)
                      0.076212    0.000922    2.133253 ^ _84360_/CLK (sky130_fd_sc_hd__dfrtp_2)
    12    0.108743    0.279770    0.587127    2.720380 v _84360_/Q (sky130_fd_sc_hd__dfrtp_2)
                                                         u_uart2.fifo_clr_r (net)
                      0.295871    0.052220    2.772599 v _38533_/A_N (sky130_fd_sc_hd__and2b_2)
    18    0.118754    0.580010    0.685058    3.457657 ^ _38533_/X (sky130_fd_sc_hd__and2b_2)
                                                         u_uart2.u_rx_fifo.rst_n (net)
                      0.581592    0.024980    3.482637 ^ _83698_/RESET_B (sky130_fd_sc_hd__dfrtp_4)
                                              3.482637   data arrival time

                                 20.000000   20.000000   clock clk_i (rise edge)
                                  0.000000   20.000000   clock source latency
     4    0.315126    0.000000    0.000000   20.000000 ^ clk_i (in)
                                                         clk_i (net)
                      0.639820    0.319909   20.319910 ^ clkbuf_regs_0_clk_i/A (sky130_fd_sc_hd__clkbuf_16)
     1    0.011801    0.050014    0.255445   20.575356 ^ clkbuf_regs_0_clk_i/X (sky130_fd_sc_hd__clkbuf_16)
                                                         clk_i_regs (net)
                      0.050016    0.000703   20.576059 ^ clkbuf_0_clk_i_regs/A (sky130_fd_sc_hd__clkbuf_16)
     2    0.075240    0.092731    0.165945   20.742004 ^ clkbuf_0_clk_i_regs/X (sky130_fd_sc_hd__clkbuf_16)
                                                         clknet_0_clk_i_regs (net)
                      0.093849    0.008026   20.750031 ^ clkbuf_1_0_0_clk_i_regs/A (sky130_fd_sc_hd__clkbuf_8)
     2    0.045392    0.091308    0.176950   20.926979 ^ clkbuf_1_0_0_clk_i_regs/X (sky130_fd_sc_hd__clkbuf_8)
                                                         clknet_1_0_0_clk_i_regs (net)
                      0.092173    0.007033   20.934013 ^ clkbuf_2_0_0_clk_i_regs/A (sky130_fd_sc_hd__clkbuf_8)
     1    0.080361    0.146069    0.206498   21.140511 ^ clkbuf_2_0_0_clk_i_regs/X (sky130_fd_sc_hd__clkbuf_8)
                                                         clknet_2_0_0_clk_i_regs (net)
                      0.160089    0.034843   21.175354 ^ clkbuf_2_0_1_clk_i_regs/A (sky130_fd_sc_hd__clkbuf_8)
     4    0.067812    0.128310    0.224063   21.399416 ^ clkbuf_2_0_1_clk_i_regs/X (sky130_fd_sc_hd__clkbuf_8)
                                                         clknet_2_0_1_clk_i_regs (net)
                      0.130203    0.012461   21.411877 ^ clkbuf_4_0_0_clk_i_regs/A (sky130_fd_sc_hd__clkbuf_8)
     2    0.019881    0.051524    0.162139   21.574017 ^ clkbuf_4_0_0_clk_i_regs/X (sky130_fd_sc_hd__clkbuf_8)
                                                         clknet_4_0_0_clk_i_regs (net)
                      0.051630    0.002048   21.576065 ^ clkbuf_5_1_0_clk_i_regs/A (sky130_fd_sc_hd__clkbuf_8)
     4    0.066136    0.123277    0.190015   21.766079 ^ clkbuf_5_1_0_clk_i_regs/X (sky130_fd_sc_hd__clkbuf_8)
                                                         clknet_5_1_0_clk_i_regs (net)
                      0.123397    0.002510   21.768589 ^ clkbuf_7_5__f_clk_i_regs/A (sky130_fd_sc_hd__clkbuf_16)
    10    0.082940    0.100029    0.200611   21.969200 ^ clkbuf_7_5__f_clk_i_regs/X (sky130_fd_sc_hd__clkbuf_16)
                                                         clknet_7_5__leaf_clk_i_regs (net)
                      0.100128    0.002562   21.971762 ^ clkbuf_leaf_977_clk_i_regs/A (sky130_fd_sc_hd__clkbuf_8)
    10    0.032418    0.070033    0.167692   22.139454 ^ clkbuf_leaf_977_clk_i_regs/X (sky130_fd_sc_hd__clkbuf_8)
                                                         clknet_leaf_977_clk_i_regs (net)
                      0.070039    0.000709   22.140162 ^ _83698_/CLK (sky130_fd_sc_hd__dfrtp_4)
                                 -0.250000   21.890163   clock uncertainty
                                  0.000000   21.890163   clock reconvergence pessimism
                                  0.044146   21.934309   library recovery time
                                             21.934309   data required time
---------------------------------------------------------------------------------------------
                                             21.934309   data required time
                                             -3.482637   data arrival time
---------------------------------------------------------------------------------------------
                                             18.451674   slack (MET)


Startpoint: u_data_ram.g_sram[2].u_macro
            (falling edge-triggered flip-flop clocked by clk_i)
Endpoint: _80757_ (rising edge-triggered flip-flop clocked by clk_i)
Path Group: clk_i
Path Type: max

Fanout         Cap        Slew       Delay        Time   Description
---------------------------------------------------------------------------------------------
                                 10.000000   10.000000   clock clk_i (fall edge)
                                  0.000000   10.000000   clock source latency
     4    0.313052    0.000000    0.000000   10.000000 v clk_i (in)
                                                         clk_i (net)
                      0.689074    0.344537   10.344537 v clkbuf_0_clk_i/A (sky130_fd_sc_hd__clkbuf_16)
     2    0.068441    0.074644    0.429778   10.774315 v clkbuf_0_clk_i/X (sky130_fd_sc_hd__clkbuf_16)
                                                         clknet_0_clk_i (net)
                      0.076215    0.007477   10.781792 v clkbuf_1_0_0_clk_i/A (sky130_fd_sc_hd__clkbuf_8)
     8    0.653014    0.624009    0.346898   11.128690 v clkbuf_1_0_0_clk_i/X (sky130_fd_sc_hd__clkbuf_8)
                                                         clknet_1_0_0_clk_i (net)
                      0.991568    0.415319   11.544009 v clkbuf_leaf_4_clk_i/A (sky130_fd_sc_hd__clkbuf_8)
     4    0.346848    0.256319    0.570702   12.114711 v clkbuf_leaf_4_clk_i/X (sky130_fd_sc_hd__clkbuf_8)
                                                         clknet_leaf_4_clk_i (net)
                      0.593749    0.156801   12.271511 v u_data_ram.g_sram[2].u_macro/clk1 (sky130_sram_2kbyte_1rw1r_32x512_8)
     1    0.040140    0.022695    0.600205   12.871716 v u_data_ram.g_sram[2].u_macro/dout1[7] (sky130_sram_2kbyte_1rw1r_32x512_8)
                                                         u_data_ram.dout_r[39] (net)
                      0.017021    0.001869   12.873586 v wire3721/A (sky130_fd_sc_hd__clkbuf_2)
     1    0.021647    0.087644    0.140766   13.014351 v wire3721/X (sky130_fd_sc_hd__clkbuf_2)
                                                         net3721 (net)
                      0.087783    0.002882   13.017233 v wire3720/A (sky130_fd_sc_hd__clkbuf_2)
     1    0.020855    0.084988    0.170401   13.187634 v wire3720/X (sky130_fd_sc_hd__clkbuf_2)
                                                         net3720 (net)
                      0.084997    0.000887   13.188521 v wire3719/A (sky130_fd_sc_hd__buf_6)
     1    0.021083    0.034153    0.144782   13.333303 v wire3719/X (sky130_fd_sc_hd__buf_6)
                                                         net3719 (net)
                      0.034250    0.001770   13.335073 v _38021_/A2 (sky130_fd_sc_hd__mux4_2)
     1    0.020855    0.129929    0.530268   13.865342 v _38021_/X (sky130_fd_sc_hd__mux4_2)
                                                         _12149_ (net)
                      0.129993    0.002705   13.868048 v _38022_/A1 (sky130_fd_sc_hd__mux2_4)
    13    0.118583    0.193313    0.421981   14.290029 v _38022_/X (sky130_fd_sc_hd__mux2_4)
                                                         s2_rdata[7] (net)
                      0.217474    0.052080   14.342109 v _58685_/A1 (sky130_fd_sc_hd__a2111o_2)
     1    0.015521    0.097760    0.527237   14.869346 v _58685_/X (sky130_fd_sc_hd__a2111o_2)
                                                         _24888_ (net)
                      0.097760    0.001154   14.870499 v _58686_/B1 (sky130_fd_sc_hd__a21oi_4)
     2    0.012073    0.136248    0.157825   15.028324 ^ _58686_/Y (sky130_fd_sc_hd__a21oi_4)
                                                         _24889_ (net)
                      0.136248    0.000282   15.028606 ^ _58688_/A (sky130_fd_sc_hd__nor2_4)
     2    0.031573    0.091603    0.087761   15.116367 v _58688_/Y (sky130_fd_sc_hd__nor2_4)
                                                         _24891_ (net)
                      0.091752    0.002828   15.119195 v _58800_/B1 (sky130_fd_sc_hd__a221o_2)
     1    0.011357    0.077625    0.380123   15.499318 v _58800_/X (sky130_fd_sc_hd__a221o_2)
                                                         _25002_ (net)
                      0.077628    0.000602   15.499920 v _58801_/C (sky130_fd_sc_hd__nand3_4)
     3    0.026424    0.113012    0.131879   15.631799 ^ _58801_/Y (sky130_fd_sc_hd__nand3_4)
                                                         _25003_ (net)
                      0.113059    0.001467   15.633265 ^ _58802_/A (sky130_fd_sc_hd__inv_8)
     4    0.017974    0.031715    0.042879   15.676146 v _58802_/Y (sky130_fd_sc_hd__inv_8)
                                                         _25004_ (net)
                      0.031752    0.000865   15.677011 v rebuffer4886/A (sky130_fd_sc_hd__buf_2)
     2    0.014462    0.047944    0.137431   15.814442 v rebuffer4886/X (sky130_fd_sc_hd__buf_2)
                                                         net4887 (net)
                      0.047962    0.000876   15.815317 v _59628_/B1 (sky130_fd_sc_hd__a21oi_4)
     2    0.009339    0.119986    0.125915   15.941233 ^ _59628_/Y (sky130_fd_sc_hd__a21oi_4)
                                                         _25824_ (net)
                      0.119986    0.000323   15.941556 ^ _59629_/A (sky130_fd_sc_hd__inv_2)
     1    0.002924    0.026862    0.037018   15.978574 v _59629_/Y (sky130_fd_sc_hd__inv_2)
                                                         _25825_ (net)
                      0.026862    0.000069   15.978642 v _59630_/A1 (sky130_fd_sc_hd__mux2_4)
     2    0.024764    0.079393    0.294014   16.272657 v _59630_/X (sky130_fd_sc_hd__mux2_4)
                                                         _25826_ (net)
                      0.079572    0.002892   16.275549 v wire448/A (sky130_fd_sc_hd__buf_12)
     3    0.030550    0.033610    0.145450   16.420998 v wire448/X (sky130_fd_sc_hd__buf_12)
                                                         net448 (net)
                      0.034374    0.003665   16.424664 v _59631_/B1 (sky130_fd_sc_hd__a22o_2)
     1    0.003076    0.039364    0.198733   16.623396 v _59631_/X (sky130_fd_sc_hd__a22o_2)
                                                         _25827_ (net)
                      0.039565    0.000099   16.623495 v _59632_/A1 (sky130_fd_sc_hd__mux2_4)
     2    0.032149    0.092547    0.308811   16.932306 v _59632_/X (sky130_fd_sc_hd__mux2_4)
                                                         _25828_ (net)
                      0.092996    0.005357   16.937664 v rebuffer4876/A (sky130_fd_sc_hd__buf_2)
     2    0.015461    0.049803    0.166775   17.104439 v rebuffer4876/X (sky130_fd_sc_hd__buf_2)
                                                         net4877 (net)
                      0.049813    0.000696   17.105135 v _62923_/A1 (sky130_fd_sc_hd__o22a_2)
     2    0.356989    0.749398    0.519250   17.624386 v _62923_/X (sky130_fd_sc_hd__o22a_2)
                                                         _29087_ (net)
                      1.430163    0.631907   18.256292 v _63125_/A1 (sky130_fd_sc_hd__mux2_1)
     1    0.003149    0.080299    0.801911   19.058205 v _63125_/X (sky130_fd_sc_hd__mux2_1)
                                                         _07709_ (net)
                      0.080299    0.000103   19.058308 v _80757_/D (sky130_fd_sc_hd__dfrtp_2)
                                             19.058308   data arrival time

                                 20.000000   20.000000   clock clk_i (rise edge)
                                  0.000000   20.000000   clock source latency
     4    0.315126    0.000000    0.000000   20.000000 ^ clk_i (in)
                                                         clk_i (net)
                      0.639820    0.319909   20.319910 ^ clkbuf_regs_0_clk_i/A (sky130_fd_sc_hd__clkbuf_16)
     1    0.011801    0.050014    0.255445   20.575356 ^ clkbuf_regs_0_clk_i/X (sky130_fd_sc_hd__clkbuf_16)
                                                         clk_i_regs (net)
                      0.050016    0.000703   20.576059 ^ clkbuf_0_clk_i_regs/A (sky130_fd_sc_hd__clkbuf_16)
     2    0.075240    0.092731    0.165945   20.742004 ^ clkbuf_0_clk_i_regs/X (sky130_fd_sc_hd__clkbuf_16)
                                                         clknet_0_clk_i_regs (net)
                      0.095010    0.011475   20.753479 ^ clkbuf_1_1_0_clk_i_regs/A (sky130_fd_sc_hd__clkbuf_8)
     2    0.054742    0.106631    0.186422   20.939901 ^ clkbuf_1_1_0_clk_i_regs/X (sky130_fd_sc_hd__clkbuf_8)
                                                         clknet_1_1_0_clk_i_regs (net)
                      0.108995    0.012484   20.952385 ^ clkbuf_2_2_0_clk_i_regs/A (sky130_fd_sc_hd__clkbuf_8)
     1    0.043813    0.087959    0.181322   21.133707 ^ clkbuf_2_2_0_clk_i_regs/X (sky130_fd_sc_hd__clkbuf_8)
                                                         clknet_2_2_0_clk_i_regs (net)
                      0.090119    0.010745   21.144453 ^ clkbuf_2_2_1_clk_i_regs/A (sky130_fd_sc_hd__clkbuf_8)
     4    0.077186    0.140339    0.214715   21.359167 ^ clkbuf_2_2_1_clk_i_regs/X (sky130_fd_sc_hd__clkbuf_8)
                                                         clknet_2_2_1_clk_i_regs (net)
                      0.141164    0.008642   21.367809 ^ clkbuf_4_10_0_clk_i_regs/A (sky130_fd_sc_hd__clkbuf_8)
     2    0.038920    0.080810    0.187477   21.555286 ^ clkbuf_4_10_0_clk_i_regs/X (sky130_fd_sc_hd__clkbuf_8)
                                                         clknet_4_10_0_clk_i_regs (net)
                      0.081731    0.006802   21.562088 ^ clkbuf_5_20_0_clk_i_regs/A (sky130_fd_sc_hd__clkbuf_8)
     4    0.065973    0.125042    0.194486   21.756575 ^ clkbuf_5_20_0_clk_i_regs/X (sky130_fd_sc_hd__clkbuf_8)
                                                         clknet_5_20_0_clk_i_regs (net)
                      0.127818    0.014783   21.771357 ^ clkbuf_7_81__f_clk_i_regs/A (sky130_fd_sc_hd__clkbuf_16)
     9    0.088095    0.105128    0.204663   21.976019 ^ clkbuf_7_81__f_clk_i_regs/X (sky130_fd_sc_hd__clkbuf_16)
                                                         clknet_7_81__leaf_clk_i_regs (net)
                      0.105762    0.006541   21.982561 ^ clkbuf_leaf_25_clk_i_regs/A (sky130_fd_sc_hd__clkbuf_8)
    11    0.031904    0.069235    0.168997   22.151558 ^ clkbuf_leaf_25_clk_i_regs/X (sky130_fd_sc_hd__clkbuf_8)
                                                         clknet_leaf_25_clk_i_regs (net)
                      0.069249    0.000965   22.152523 ^ _80757_/CLK (sky130_fd_sc_hd__dfrtp_2)
                                 -0.250000   21.902523   clock uncertainty
                                  0.000000   21.902523   clock reconvergence pessimism
                                 -0.125353   21.777170   library setup time
                                             21.777170   data required time
---------------------------------------------------------------------------------------------
                                             21.777170   data required time
                                            -19.058308   data arrival time
---------------------------------------------------------------------------------------------
                                              2.718863   slack (MET)


Startpoint: _82720_ (rising edge-triggered flip-flop clocked by jtag_clk)
Endpoint: _82647_ (rising edge-triggered flip-flop clocked by jtag_clk)
Path Group: jtag_clk
Path Type: max

Fanout         Cap        Slew       Delay        Time   Description
---------------------------------------------------------------------------------------------
                                  0.000000    0.000000   clock jtag_clk (rise edge)
                                  0.000000    0.000000   clock source latency
     1    0.158346    0.000000    0.000000    0.000000 ^ jtag_tck (in)
                                                         jtag_tck (net)
                      0.199939    0.099969    0.099969 ^ clkbuf_0_jtag_tck/A (sky130_fd_sc_hd__clkbuf_16)
    16    0.106768    0.121634    0.240907    0.340877 ^ clkbuf_0_jtag_tck/X (sky130_fd_sc_hd__clkbuf_16)
                                                         clknet_0_jtag_tck (net)
                      0.122041    0.005607    0.346484 ^ clkbuf_4_13_0_jtag_tck/A (sky130_fd_sc_hd__clkbuf_8)
    11    0.045929    0.091233    0.191960    0.538444 ^ clkbuf_4_13_0_jtag_tck/X (sky130_fd_sc_hd__clkbuf_8)
                                                         clknet_4_13_0_jtag_tck (net)
                      0.091244    0.001043    0.539487 ^ _82720_/CLK (sky130_fd_sc_hd__dfstp_2)
     5    0.014028    0.079924    0.567264    1.106750 ^ _82720_/Q (sky130_fd_sc_hd__dfstp_2)
                                                         u_jtag.ir_reg[0] (net)
                      0.079924    0.000372    1.107122 ^ _67384_/D_N (sky130_fd_sc_hd__or4b_2)
     4    0.015097    0.145401    0.661949    1.769071 v _67384_/X (sky130_fd_sc_hd__or4b_2)
                                                         _31574_ (net)
                      0.145401    0.000396    1.769467 v _67387_/A3 (sky130_fd_sc_hd__a31o_2)
    33    0.115418    0.274883    0.494499    2.263966 v _67387_/X (sky130_fd_sc_hd__a31o_2)
                                                         _31577_ (net)
                      0.274894    0.001530    2.265496 v max_cap1424/A (sky130_fd_sc_hd__buf_12)
    32    0.105069    0.068558    0.259067    2.524563 v max_cap1424/X (sky130_fd_sc_hd__buf_12)
                                                         net1424 (net)
                      0.071682    0.011364    2.535927 v _67423_/B1 (sky130_fd_sc_hd__a211o_2)
     1    0.003946    0.050757    0.312667    2.848594 v _67423_/X (sky130_fd_sc_hd__a211o_2)
                                                         _31589_ (net)
                      0.050757    0.000142    2.848736 v _67424_/B1 (sky130_fd_sc_hd__o21a_2)
     1    0.002650    0.032744    0.110796    2.959532 v _67424_/X (sky130_fd_sc_hd__o21a_2)
                                                         _09598_ (net)
                      0.032744    0.000059    2.959591 v _82647_/D (sky130_fd_sc_hd__dfrtp_2)
                                              2.959591   data arrival time

                                100.000000  100.000000   clock jtag_clk (rise edge)
                                  0.000000  100.000000   clock source latency
     1    0.158346    0.000000    0.000000  100.000000 ^ jtag_tck (in)
                                                         jtag_tck (net)
                      0.199939    0.099966  100.099960 ^ clkbuf_0_jtag_tck/A (sky130_fd_sc_hd__clkbuf_16)
    16    0.106768    0.121634    0.240910  100.340874 ^ clkbuf_0_jtag_tck/X (sky130_fd_sc_hd__clkbuf_16)
                                                         clknet_0_jtag_tck (net)
                      0.121992    0.005272  100.346146 ^ clkbuf_4_8_0_jtag_tck/A (sky130_fd_sc_hd__clkbuf_8)
    11    0.043051    0.086698    0.188564  100.534706 ^ clkbuf_4_8_0_jtag_tck/X (sky130_fd_sc_hd__clkbuf_8)
                                                         clknet_4_8_0_jtag_tck (net)
                      0.086701    0.000682  100.535393 ^ _82647_/CLK (sky130_fd_sc_hd__dfrtp_2)
                                  0.000000  100.535393   clock reconvergence pessimism
                                 -0.100484  100.434906   library setup time
                                            100.434906   data required time
---------------------------------------------------------------------------------------------
                                            100.434906   data required time
                                             -2.959591   data arrival time
---------------------------------------------------------------------------------------------
                                             97.475319   slack (MET)




===========================================================================
report_checks --slack_max -0.01
============================================================================
======================= nom_tt_025C_1v80 Corner ===================================

No paths found.


===========================================================================
 report_check_types -max_slew -max_cap -max_fanout -violators
============================================================================
======================= nom_tt_025C_1v80 Corner ===================================

max slew

Pin                                        Limit        Slew       Slack
------------------------------------------------------------------------
_54269_/A0                              1.500000    2.143191   -0.643191 (VIOLATED)
_59108_/A1                              1.500000    2.142824   -0.642824 (VIOLATED)
_54721_/A1                              1.500000    2.142437   -0.642437 (VIOLATED)
_54720_/A1                              1.500000    2.142213   -0.642213 (VIOLATED)
_63125_/A1                              1.500000    2.117727   -0.617727 (VIOLATED)
_62924_/B1                              1.500000    2.117708   -0.617708 (VIOLATED)
_37490_/B                               1.500000    1.994128   -0.494128 (VIOLATED)
_37507_/A2                              1.500000    1.993464   -0.493464 (VIOLATED)
_37471_/B                               1.500000    1.993453   -0.493453 (VIOLATED)
_37489_/B                               1.500000    1.993452   -0.493452 (VIOLATED)
_36600_/A                               1.500000    1.983479   -0.483479 (VIOLATED)
_37383_/A                               1.500000    1.983479   -0.483479 (VIOLATED)
_58060_/B2                              1.500000    1.983479   -0.483479 (VIOLATED)
_58054_/A1_N                            1.500000    1.983478   -0.483478 (VIOLATED)
_37384_/A                               1.500000    1.983475   -0.483475 (VIOLATED)
_62888_/A1                              1.500000    1.983411   -0.483411 (VIOLATED)
_80637_/Q                               1.504316    1.983398   -0.479082 (VIOLATED)
_62149_/A1                              1.500000    1.887420   -0.387420 (VIOLATED)
_62150_/A                               1.500000    1.887397   -0.387397 (VIOLATED)
_62371_/B                               1.500000    1.887252   -0.387252 (VIOLATED)
_62370_/A1_N                            1.500000    1.887250   -0.387250 (VIOLATED)
_62729_/B                               1.500000    1.886959   -0.386959 (VIOLATED)
_62592_/B                               1.500000    1.886838   -0.386838 (VIOLATED)
_62727_/A2                              1.500000    1.886827   -0.386827 (VIOLATED)
_55658_/A1                              1.500000    1.884823   -0.384823 (VIOLATED)
_36748_/A                               1.500000    1.884337   -0.384337 (VIOLATED)
_62923_/X                               1.504549    1.743046   -0.238497 (VIOLATED)
_58669_/A2                              1.500000    1.649431   -0.149431 (VIOLATED)
u_npu.u_npu_sram.g_sram[9].u_macro/wmask0[3]    0.040000    0.168373   -0.128373 (VIOLATED)
u_npu.u_npu_sram.g_sram[0].u_macro/addr0[7]    0.040000    0.166962   -0.126962 (VIOLATED)
u_npu.u_npu_sram.g_sram[0].u_macro/addr0[5]    0.040000    0.166956   -0.126956 (VIOLATED)
u_npu.u_npu_sram.g_sram[9].u_macro/addr0[0]    0.040000    0.166817   -0.126817 (VIOLATED)
u_instruction_ram.g_sram[2].u_macro/addr1[0]    0.040000    0.166674   -0.126674 (VIOLATED)
u_npu.u_npu_sram.g_sram[3].u_macro/addr0[7]    0.040000    0.166147   -0.126147 (VIOLATED)
u_npu.u_npu_sram.g_sram[2].u_macro/addr0[7]    0.040000    0.165983   -0.125983 (VIOLATED)
u_npu.u_npu_sram.g_sram[3].u_macro/addr0[5]    0.040000    0.165836   -0.125836 (VIOLATED)
u_npu.u_npu_sram.g_sram[0].u_macro/addr0[3]    0.040000    0.165729   -0.125729 (VIOLATED)
u_npu.u_npu_sram.g_sram[2].u_macro/addr0[5]    0.040000    0.165382   -0.125382 (VIOLATED)
u_npu.u_npu_sram.g_sram[3].u_macro/addr0[3]    0.040000    0.165320   -0.125320 (VIOLATED)
u_npu.u_npu_sram.g_sram[1].u_macro/addr0[5]    0.040000    0.165117   -0.125117 (VIOLATED)
u_npu.u_npu_sram.g_sram[1].u_macro/addr0[7]    0.040000    0.164857   -0.124857 (VIOLATED)
u_npu.u_npu_sram.g_sram[1].u_macro/addr0[3]    0.040000    0.164323   -0.124323 (VIOLATED)
u_npu.u_npu_sram.g_sram[2].u_macro/addr0[3]    0.040000    0.164144   -0.124144 (VIOLATED)
u_npu.u_npu_sram.g_sram[3].u_macro/addr0[8]    0.040000    0.164059   -0.124059 (VIOLATED)
u_npu.u_npu_sram.g_sram[2].u_macro/addr0[8]    0.040000    0.163846   -0.123846 (VIOLATED)
u_npu.u_npu_sram.g_sram[0].u_macro/addr0[8]    0.040000    0.163780   -0.123780 (VIOLATED)
u_npu.u_npu_sram.g_sram[8].u_macro/addr0[0]    0.040000    0.163363   -0.123363 (VIOLATED)
u_npu.u_npu_sram.g_sram[1].u_macro/addr0[8]    0.040000    0.163106   -0.123106 (VIOLATED)
u_npu.u_npu_sram.g_sram[11].u_macro/wmask0[3]    0.040000    0.163100   -0.123100 (VIOLATED)
u_npu.u_npu_sram.g_sram[2].u_macro/addr0[4]    0.040000    0.162867   -0.122867 (VIOLATED)
u_npu.u_npu_sram.g_sram[13].u_macro/addr1[4]    0.040000    0.162623   -0.122623 (VIOLATED)
u_npu.u_npu_sram.g_sram[0].u_macro/addr0[4]    0.040000    0.162213   -0.122213 (VIOLATED)
u_npu.u_npu_sram.g_sram[10].u_macro/wmask0[3]    0.040000    0.162049   -0.122049 (VIOLATED)
u_npu.u_npu_sram.g_sram[11].u_macro/addr1[3]    0.040000    0.161955   -0.121955 (VIOLATED)
u_npu.u_npu_sram.g_sram[2].u_macro/addr0[2]    0.040000    0.161931   -0.121931 (VIOLATED)
u_data_ram.g_sram[2].u_macro/addr1[3]    0.040000    0.161878   -0.121878 (VIOLATED)
u_npu.u_npu_sram.g_sram[10].u_macro/addr1[3]    0.040000    0.161729   -0.121729 (VIOLATED)
u_data_ram.g_sram[2].u_macro/addr0[0]    0.040000    0.161640   -0.121640 (VIOLATED)
u_npu.u_npu_sram.g_sram[3].u_macro/addr0[6]    0.040000    0.161506   -0.121506 (VIOLATED)
u_npu.u_npu_sram.g_sram[0].u_macro/addr0[6]    0.040000    0.161405   -0.121405 (VIOLATED)
u_npu.u_npu_sram.g_sram[9].u_macro/addr1[3]    0.040000    0.161384   -0.121384 (VIOLATED)
u_npu.u_npu_sram.g_sram[10].u_macro/addr0[1]    0.040000    0.161241   -0.121241 (VIOLATED)
u_npu.u_npu_sram.g_sram[2].u_macro/addr0[6]    0.040000    0.161192   -0.121192 (VIOLATED)
u_npu.u_npu_sram.g_sram[1].u_macro/addr0[6]    0.040000    0.160829   -0.120829 (VIOLATED)
u_npu.u_npu_sram.g_sram[8].u_macro/addr1[3]    0.040000    0.160790   -0.120790 (VIOLATED)
u_npu.u_npu_sram.g_sram[0].u_macro/addr0[2]    0.040000    0.160514   -0.120514 (VIOLATED)
u_npu.u_npu_sram.g_sram[1].u_macro/addr0[2]    0.040000    0.160358   -0.120358 (VIOLATED)
u_npu.u_npu_sram.g_sram[1].u_macro/addr0[4]    0.040000    0.160221   -0.120221 (VIOLATED)
u_npu.u_npu_sram.g_sram[3].u_macro/addr0[4]    0.040000    0.160013   -0.120013 (VIOLATED)
u_instruction_ram.g_sram[0].u_macro/addr1[2]    0.040000    0.159695   -0.119695 (VIOLATED)
u_npu.u_npu_sram.g_sram[8].u_macro/addr1[8]    0.040000    0.159582   -0.119582 (VIOLATED)
u_npu.u_npu_sram.g_sram[3].u_macro/addr0[2]    0.040000    0.159530   -0.119530 (VIOLATED)
u_npu.u_npu_sram.g_sram[1].u_macro/addr0[0]    0.040000    0.159475   -0.119475 (VIOLATED)
u_npu.u_npu_sram.g_sram[11].u_macro/addr1[5]    0.040000    0.159395   -0.119395 (VIOLATED)
u_data_ram.g_sram[2].u_macro/addr0[5]    0.040000    0.159238   -0.119238 (VIOLATED)
u_npu.u_npu_sram.g_sram[8].u_macro/addr1[5]    0.040000    0.159151   -0.119151 (VIOLATED)
u_npu.u_npu_sram.g_sram[9].u_macro/addr1[2]    0.040000    0.159066   -0.119066 (VIOLATED)
u_npu.u_npu_sram.g_sram[13].u_macro/addr1[5]    0.040000    0.159051   -0.119051 (VIOLATED)
u_npu.u_npu_sram.g_sram[9].u_macro/addr1[5]    0.040000    0.158933   -0.118933 (VIOLATED)
u_npu.u_npu_sram.g_sram[6].u_macro/addr1[0]    0.040000    0.158823   -0.118823 (VIOLATED)
u_data_ram.g_sram[2].u_macro/addr1[5]    0.040000    0.158819   -0.118819 (VIOLATED)
u_npu.u_npu_sram.g_sram[2].u_macro/addr0[0]    0.040000    0.158647   -0.118647 (VIOLATED)
u_npu.u_npu_sram.g_sram[2].u_macro/addr1[5]    0.040000    0.158582   -0.118582 (VIOLATED)
u_data_ram.g_sram[3].u_macro/addr0[5]    0.040000    0.158435   -0.118435 (VIOLATED)
u_npu.u_npu_sram.g_sram[8].u_macro/addr1[2]    0.040000    0.158324   -0.118324 (VIOLATED)
u_npu.u_npu_sram.g_sram[9].u_macro/addr1[7]    0.040000    0.158213   -0.118213 (VIOLATED)
u_npu.u_npu_sram.g_sram[14].u_macro/addr0[8]    0.040000    0.158109   -0.118109 (VIOLATED)
u_npu.u_npu_sram.g_sram[6].u_macro/addr0[0]    0.040000    0.157991   -0.117991 (VIOLATED)
u_instruction_ram.g_sram[0].u_macro/addr0[8]    0.040000    0.157885   -0.117885 (VIOLATED)
u_npu.u_npu_sram.g_sram[3].u_macro/wmask0[2]    0.040000    0.157874   -0.117874 (VIOLATED)
u_npu.u_npu_sram.g_sram[13].u_macro/addr0[8]    0.040000    0.157675   -0.117675 (VIOLATED)
u_data_ram.g_sram[0].u_macro/addr1[1]    0.040000    0.157534   -0.117534 (VIOLATED)
u_npu.u_npu_sram.g_sram[3].u_macro/wmask0[3]    0.040000    0.157504   -0.117504 (VIOLATED)
u_instruction_ram.g_sram[3].u_macro/addr1[0]    0.040000    0.157082   -0.117082 (VIOLATED)
u_instruction_ram.g_sram[0].u_macro/addr0[3]    0.040000    0.157047   -0.117047 (VIOLATED)
u_instruction_ram.g_sram[3].u_macro/wmask0[3]    0.040000    0.156912   -0.116912 (VIOLATED)
u_npu.u_npu_sram.g_sram[11].u_macro/addr0[5]    0.040000    0.156849   -0.116849 (VIOLATED)
u_npu.u_npu_sram.g_sram[10].u_macro/addr1[8]    0.040000    0.156803   -0.116803 (VIOLATED)
u_npu.u_npu_sram.g_sram[0].u_macro/addr0[0]    0.040000    0.156802   -0.116802 (VIOLATED)
u_npu.u_npu_sram.g_sram[10].u_macro/addr1[1]    0.040000    0.156729   -0.116729 (VIOLATED)
u_npu.u_npu_sram.g_sram[12].u_macro/addr0[4]    0.040000    0.156724   -0.116724 (VIOLATED)
u_npu.u_npu_sram.g_sram[7].u_macro/wmask0[3]    0.040000    0.156648   -0.116648 (VIOLATED)
u_npu.u_npu_sram.g_sram[8].u_macro/addr0[5]    0.040000    0.156537   -0.116537 (VIOLATED)
u_npu.u_npu_sram.g_sram[14].u_macro/addr0[5]    0.040000    0.156364   -0.116364 (VIOLATED)
u_npu.u_npu_sram.g_sram[10].u_macro/addr0[5]    0.040000    0.156164   -0.116164 (VIOLATED)
u_npu.u_npu_sram.g_sram[7].u_macro/addr1[0]    0.040000    0.156151   -0.116151 (VIOLATED)
u_npu.u_npu_sram.g_sram[5].u_macro/addr1[0]    0.040000    0.156116   -0.116116 (VIOLATED)
u_npu.u_npu_sram.g_sram[14].u_macro/addr1[5]    0.040000    0.156102   -0.116102 (VIOLATED)
u_npu.u_npu_sram.g_sram[5].u_macro/wmask0[3]    0.040000    0.156043   -0.116043 (VIOLATED)
u_npu.u_npu_sram.g_sram[4].u_macro/addr0[0]    0.040000    0.156035   -0.116035 (VIOLATED)
u_instruction_ram.g_sram[2].u_macro/addr0[0]    0.040000    0.155952   -0.115952 (VIOLATED)
u_npu.u_npu_sram.g_sram[9].u_macro/addr0[5]    0.040000    0.155933   -0.115933 (VIOLATED)
u_instruction_ram.g_sram[3].u_macro/addr0[7]    0.040000    0.155905   -0.115905 (VIOLATED)
u_npu.u_npu_sram.g_sram[2].u_macro/addr1[0]    0.040000    0.155890   -0.115890 (VIOLATED)
u_npu.u_npu_sram.g_sram[13].u_macro/addr0[5]    0.040000    0.155887   -0.115887 (VIOLATED)
u_npu.u_npu_sram.g_sram[12].u_macro/addr0[0]    0.040000    0.155823   -0.115823 (VIOLATED)
u_npu.u_npu_sram.g_sram[3].u_macro/addr1[5]    0.040000    0.155779   -0.115779 (VIOLATED)
u_npu.u_npu_sram.g_sram[2].u_macro/wmask0[3]    0.040000    0.155766   -0.115766 (VIOLATED)
u_npu.u_npu_sram.g_sram[0].u_macro/addr1[5]    0.040000    0.155607   -0.115607 (VIOLATED)
u_npu.u_npu_sram.g_sram[11].u_macro/addr1[0]    0.040000    0.155537   -0.115537 (VIOLATED)
u_npu.u_npu_sram.g_sram[1].u_macro/addr1[5]    0.040000    0.155532   -0.115532 (VIOLATED)
u_npu.u_npu_sram.g_sram[9].u_macro/addr1[0]    0.040000    0.155449   -0.115449 (VIOLATED)
u_npu.u_npu_sram.g_sram[3].u_macro/addr1[3]    0.040000    0.155226   -0.115226 (VIOLATED)
u_npu.u_npu_sram.g_sram[2].u_macro/addr1[3]    0.040000    0.155142   -0.115142 (VIOLATED)
u_instruction_ram.g_sram[3].u_macro/addr0[0]    0.040000    0.155078   -0.115078 (VIOLATED)
u_data_ram.g_sram[2].u_macro/addr1[2]    0.040000    0.155077   -0.115077 (VIOLATED)
u_npu.u_npu_sram.g_sram[14].u_macro/wmask0[3]    0.040000    0.155071   -0.115071 (VIOLATED)
u_data_ram.g_sram[3].u_macro/addr1[6]    0.040000    0.155018   -0.115018 (VIOLATED)
u_npu.u_npu_sram.g_sram[10].u_macro/addr0[0]    0.040000    0.155008   -0.115008 (VIOLATED)
u_npu.u_npu_sram.g_sram[1].u_macro/addr1[3]    0.040000    0.155007   -0.115007 (VIOLATED)
u_npu.u_npu_sram.g_sram[6].u_macro/wmask0[3]    0.040000    0.154996   -0.114996 (VIOLATED)
u_data_ram.g_sram[0].u_macro/addr0[5]    0.040000    0.154954   -0.114954 (VIOLATED)
u_npu.u_npu_sram.g_sram[11].u_macro/wmask0[2]    0.040000    0.154887   -0.114887 (VIOLATED)
u_npu.u_npu_sram.g_sram[14].u_macro/addr0[3]    0.040000    0.154850   -0.114850 (VIOLATED)
u_npu.u_npu_sram.g_sram[13].u_macro/addr0[3]    0.040000    0.154730   -0.114730 (VIOLATED)
u_npu.u_npu_sram.g_sram[14].u_macro/addr1[0]    0.040000    0.154617   -0.114617 (VIOLATED)
u_data_ram.g_sram[3].u_macro/addr1[0]    0.040000    0.154609   -0.114609 (VIOLATED)
u_npu.u_npu_sram.g_sram[5].u_macro/addr0[0]    0.040000    0.154593   -0.114593 (VIOLATED)
u_npu.u_npu_sram.g_sram[0].u_macro/addr1[3]    0.040000    0.154539   -0.114539 (VIOLATED)
u_instruction_ram.g_sram[0].u_macro/addr0[4]    0.040000    0.154441   -0.114441 (VIOLATED)
u_data_ram.g_sram[2].u_macro/addr1[0]    0.040000    0.154433   -0.114433 (VIOLATED)
u_npu.u_npu_sram.g_sram[8].u_macro/wmask0[3]    0.040000    0.154409   -0.114409 (VIOLATED)
u_instruction_ram.g_sram[2].u_macro/addr0[7]    0.040000    0.154377   -0.114377 (VIOLATED)
u_npu.u_npu_sram.g_sram[2].u_macro/addr1[4]    0.040000    0.154245   -0.114245 (VIOLATED)
u_npu.u_npu_sram.g_sram[1].u_macro/addr1[4]    0.040000    0.154113   -0.114113 (VIOLATED)
u_npu.u_npu_sram.g_sram[14].u_macro/addr1[3]    0.040000    0.153922   -0.113922 (VIOLATED)
u_npu.u_npu_sram.g_sram[13].u_macro/addr1[3]    0.040000    0.153821   -0.113821 (VIOLATED)
u_data_ram.g_sram[0].u_macro/addr1[8]    0.040000    0.153820   -0.113820 (VIOLATED)
u_npu.u_npu_sram.g_sram[3].u_macro/addr1[4]    0.040000    0.153812   -0.113812 (VIOLATED)
u_npu.u_npu_sram.g_sram[14].u_macro/addr0[4]    0.040000    0.153799   -0.113799 (VIOLATED)
u_npu.u_npu_sram.g_sram[0].u_macro/addr1[4]    0.040000    0.153608   -0.113608 (VIOLATED)
u_npu.u_npu_sram.g_sram[8].u_macro/wmask0[2]    0.040000    0.153594   -0.113594 (VIOLATED)
u_data_ram.g_sram[0].u_macro/addr0[7]    0.040000    0.153565   -0.113565 (VIOLATED)
u_npu.u_npu_sram.g_sram[12].u_macro/addr1[3]    0.040000    0.153376   -0.113376 (VIOLATED)
u_instruction_ram.g_sram[0].u_macro/addr0[7]    0.040000    0.153333   -0.113333 (VIOLATED)
u_npu.u_npu_sram.g_sram[6].u_macro/addr0[2]    0.040000    0.153303   -0.113303 (VIOLATED)
u_instruction_ram.g_sram[0].u_macro/addr1[4]    0.040000    0.153289   -0.113289 (VIOLATED)
u_data_ram.g_sram[2].u_macro/addr1[4]    0.040000    0.153287   -0.113287 (VIOLATED)
u_npu.u_npu_sram.g_sram[13].u_macro/wmask0[0]    0.040000    0.153277   -0.113277 (VIOLATED)
u_npu.u_npu_sram.g_sram[3].u_macro/addr1[0]    0.040000    0.153275   -0.113275 (VIOLATED)
u_npu.u_npu_sram.g_sram[13].u_macro/wmask0[1]    0.040000    0.153273   -0.113274 (VIOLATED)
u_npu.u_npu_sram.g_sram[1].u_macro/addr1[0]    0.040000    0.153251   -0.113251 (VIOLATED)
u_instruction_ram.g_sram[0].u_macro/addr0[5]    0.040000    0.153218   -0.113218 (VIOLATED)
u_npu.u_npu_sram.g_sram[9].u_macro/addr1[4]    0.040000    0.153184   -0.113184 (VIOLATED)
u_data_ram.g_sram[0].u_macro/addr0[3]    0.040000    0.153146   -0.113146 (VIOLATED)
u_npu.u_npu_sram.g_sram[6].u_macro/addr1[5]    0.040000    0.152959   -0.112959 (VIOLATED)
u_instruction_ram.g_sram[0].u_macro/addr1[3]    0.040000    0.152862   -0.112862 (VIOLATED)
u_npu.u_npu_sram.g_sram[11].u_macro/addr0[0]    0.040000    0.152786   -0.112786 (VIOLATED)
u_npu.u_npu_sram.g_sram[14].u_macro/addr1[4]    0.040000    0.152758   -0.112758 (VIOLATED)
u_npu.u_npu_sram.g_sram[11].u_macro/addr1[4]    0.040000    0.152665   -0.112665 (VIOLATED)
u_npu.u_npu_sram.g_sram[10].u_macro/addr1[7]    0.040000    0.152657   -0.112657 (VIOLATED)
u_instruction_ram.g_sram[2].u_macro/addr1[1]    0.040000    0.152563   -0.112563 (VIOLATED)
u_npu.u_npu_sram.g_sram[12].u_macro/addr1[8]    0.040000    0.152449   -0.112449 (VIOLATED)
u_npu.u_npu_sram.g_sram[8].u_macro/addr1[4]    0.040000    0.152387   -0.112387 (VIOLATED)
u_instruction_ram.g_sram[0].u_macro/addr1[5]    0.040000    0.152294   -0.112294 (VIOLATED)
u_npu.u_npu_sram.g_sram[12].u_macro/addr1[5]    0.040000    0.152286   -0.112286 (VIOLATED)
u_npu.u_npu_sram.g_sram[10].u_macro/wmask0[2]    0.040000    0.152272   -0.112272 (VIOLATED)
u_npu.u_npu_sram.g_sram[10].u_macro/addr1[5]    0.040000    0.152266   -0.112266 (VIOLATED)
u_npu.u_npu_sram.g_sram[9].u_macro/wmask0[2]    0.040000    0.152085   -0.112085 (VIOLATED)
u_instruction_ram.g_sram[0].u_macro/addr0[2]    0.040000    0.151954   -0.111954 (VIOLATED)
u_instruction_ram.g_sram[0].u_macro/addr0[0]    0.040000    0.151903   -0.111903 (VIOLATED)
u_npu.u_npu_sram.g_sram[12].u_macro/addr1[4]    0.040000    0.151880   -0.111880 (VIOLATED)
u_data_ram.g_sram[0].u_macro/addr1[7]    0.040000    0.151797   -0.111797 (VIOLATED)
u_npu.u_npu_sram.g_sram[4].u_macro/addr0[2]    0.040000    0.151766   -0.111766 (VIOLATED)
u_data_ram.g_sram[2].u_macro/addr1[6]    0.040000    0.151711   -0.111711 (VIOLATED)
u_data_ram.g_sram[0].u_macro/addr1[4]    0.040000    0.151687   -0.111687 (VIOLATED)
u_npu.u_npu_sram.g_sram[8].u_macro/addr0[1]    0.040000    0.151630   -0.111630 (VIOLATED)
u_npu.u_npu_sram.g_sram[5].u_macro/addr0[2]    0.040000    0.151611   -0.111611 (VIOLATED)
u_data_ram.g_sram[3].u_macro/addr0[0]    0.040000    0.151301   -0.111301 (VIOLATED)
u_data_ram.g_sram[0].u_macro/addr0[0]    0.040000    0.151242   -0.111242 (VIOLATED)
u_npu.u_npu_sram.g_sram[13].u_macro/addr1[7]    0.040000    0.151083   -0.111083 (VIOLATED)
u_npu.u_npu_sram.g_sram[11].u_macro/addr1[2]    0.040000    0.151012   -0.111012 (VIOLATED)
u_npu.u_npu_sram.g_sram[6].u_macro/addr1[4]    0.040000    0.150949   -0.110949 (VIOLATED)
u_instruction_ram.g_sram[1].u_macro/wmask0[2]    0.040000    0.150921   -0.110921 (VIOLATED)
u_npu.u_npu_sram.g_sram[5].u_macro/addr1[4]    0.040000    0.150880   -0.110880 (VIOLATED)
u_npu.u_npu_sram.g_sram[10].u_macro/addr1[2]    0.040000    0.150860   -0.110860 (VIOLATED)
u_npu.u_npu_sram.g_sram[7].u_macro/addr0[2]    0.040000    0.150810   -0.110810 (VIOLATED)
u_instruction_ram.g_sram[0].u_macro/addr1[6]    0.040000    0.150775   -0.110775 (VIOLATED)
u_npu.u_npu_sram.g_sram[8].u_macro/addr0[7]    0.040000    0.150531   -0.110531 (VIOLATED)
u_instruction_ram.g_sram[3].u_macro/addr1[4]    0.040000    0.150512   -0.110512 (VIOLATED)
u_npu.u_npu_sram.g_sram[7].u_macro/addr1[4]    0.040000    0.150510   -0.110510 (VIOLATED)
u_data_ram.g_sram[0].u_macro/addr1[3]    0.040000    0.150438   -0.110438 (VIOLATED)
u_npu.u_npu_sram.g_sram[11].u_macro/addr0[1]    0.040000    0.150426   -0.110426 (VIOLATED)
u_npu.u_npu_sram.g_sram[3].u_macro/addr1[6]    0.040000    0.150387   -0.110387 (VIOLATED)
u_instruction_ram.g_sram[2].u_macro/addr0[2]    0.040000    0.150343   -0.110343 (VIOLATED)
u_npu.u_npu_sram.g_sram[13].u_macro/addr1[8]    0.040000    0.150341   -0.110341 (VIOLATED)
u_npu.u_npu_sram.g_sram[11].u_macro/addr1[6]    0.040000    0.150336   -0.110336 (VIOLATED)
u_npu.u_npu_sram.g_sram[11].u_macro/addr0[7]    0.040000    0.150335   -0.110335 (VIOLATED)
u_npu.u_npu_sram.g_sram[11].u_macro/addr1[8]    0.040000    0.150335   -0.110335 (VIOLATED)
u_npu.u_npu_sram.g_sram[4].u_macro/addr1[4]    0.040000    0.150298   -0.110298 (VIOLATED)
u_instruction_ram.g_sram[0].u_macro/addr1[1]    0.040000    0.150237   -0.110237 (VIOLATED)
u_npu.u_npu_sram.g_sram[2].u_macro/addr1[6]    0.040000    0.150181   -0.110181 (VIOLATED)
u_npu.u_npu_sram.g_sram[1].u_macro/addr1[6]    0.040000    0.150167   -0.110167 (VIOLATED)
u_instruction_ram.g_sram[1].u_macro/wmask0[3]    0.040000    0.150154   -0.110154 (VIOLATED)
u_npu.u_npu_sram.g_sram[6].u_macro/addr0[4]    0.040000    0.150075   -0.110075 (VIOLATED)
u_npu.u_npu_sram.g_sram[9].u_macro/addr1[6]    0.040000    0.150063   -0.110063 (VIOLATED)
u_npu.u_npu_sram.g_sram[6].u_macro/addr1[1]    0.040000    0.150030   -0.110030 (VIOLATED)
u_npu.u_npu_sram.g_sram[13].u_macro/wmask0[3]    0.040000    0.149998   -0.109998 (VIOLATED)
u_instruction_ram.g_sram[3].u_macro/addr0[2]    0.040000    0.149777   -0.109777 (VIOLATED)
u_npu.u_npu_sram.g_sram[10].u_macro/addr0[7]    0.040000    0.149717   -0.109717 (VIOLATED)
u_data_ram.g_sram[2].u_macro/addr0[1]    0.040000    0.149709   -0.109709 (VIOLATED)
u_npu.u_npu_sram.g_sram[11].u_macro/wmask0[1]    0.040000    0.149683   -0.109683 (VIOLATED)
u_npu.u_npu_sram.g_sram[12].u_macro/addr0[5]    0.040000    0.149644   -0.109644 (VIOLATED)
u_npu.u_npu_sram.g_sram[3].u_macro/addr1[2]    0.040000    0.149601   -0.109601 (VIOLATED)
u_npu.u_npu_sram.g_sram[10].u_macro/addr1[4]    0.040000    0.149589   -0.109589 (VIOLATED)
u_npu.u_npu_sram.g_sram[10].u_macro/wmask0[1]    0.040000    0.149571   -0.109571 (VIOLATED)
u_npu.u_npu_sram.g_sram[11].u_macro/wmask0[0]    0.040000    0.149514   -0.109514 (VIOLATED)
u_npu.u_npu_sram.g_sram[2].u_macro/addr1[2]    0.040000    0.149441   -0.109441 (VIOLATED)
u_data_ram.g_sram[0].u_macro/addr1[6]    0.040000    0.149438   -0.109438 (VIOLATED)
u_npu.u_npu_sram.g_sram[1].u_macro/addr1[2]    0.040000    0.149435   -0.109435 (VIOLATED)
u_npu.u_npu_sram.g_sram[10].u_macro/addr1[0]    0.040000    0.149432   -0.109432 (VIOLATED)
u_npu.u_npu_sram.g_sram[0].u_macro/addr1[6]    0.040000    0.149368   -0.109368 (VIOLATED)
u_instruction_ram.g_sram[2].u_macro/wmask0[3]    0.040000    0.149349   -0.109349 (VIOLATED)
u_npu.u_npu_sram.g_sram[8].u_macro/addr1[6]    0.040000    0.149312   -0.109312 (VIOLATED)
u_instruction_ram.g_sram[3].u_macro/addr1[2]    0.040000    0.149301   -0.109301 (VIOLATED)
u_npu.u_npu_sram.g_sram[10].u_macro/addr0[2]    0.040000    0.149257   -0.109257 (VIOLATED)
u_data_ram.g_sram[0].u_macro/addr1[0]    0.040000    0.149207   -0.109207 (VIOLATED)
u_instruction_ram.g_sram[2].u_macro/addr1[4]    0.040000    0.149149   -0.109149 (VIOLATED)
u_instruction_ram.g_sram[3].u_macro/addr1[5]    0.040000    0.149147   -0.109147 (VIOLATED)
u_npu.u_npu_sram.g_sram[8].u_macro/wmask0[1]    0.040000    0.149145   -0.109145 (VIOLATED)
u_instruction_ram.g_sram[2].u_macro/addr1[3]    0.040000    0.149103   -0.109103 (VIOLATED)
u_data_ram.g_sram[0].u_macro/addr1[2]    0.040000    0.149075   -0.109075 (VIOLATED)
u_npu.u_npu_sram.g_sram[9].u_macro/addr0[1]    0.040000    0.149037   -0.109037 (VIOLATED)
u_npu.u_npu_sram.g_sram[10].u_macro/addr1[6]    0.040000    0.149005   -0.109005 (VIOLATED)
u_npu.u_npu_sram.g_sram[9].u_macro/addr0[7]    0.040000    0.148957   -0.108957 (VIOLATED)
u_npu.u_npu_sram.g_sram[4].u_macro/addr1[0]    0.040000    0.148941   -0.108941 (VIOLATED)
u_npu.u_npu_sram.g_sram[7].u_macro/addr1[5]    0.040000    0.148927   -0.108927 (VIOLATED)
u_npu.u_npu_sram.g_sram[8].u_macro/wmask0[0]    0.040000    0.148896   -0.108896 (VIOLATED)
u_npu.u_npu_sram.g_sram[14].u_macro/addr1[6]    0.040000    0.148884   -0.108884 (VIOLATED)
u_npu.u_npu_sram.g_sram[12].u_macro/addr0[3]    0.040000    0.148865   -0.108865 (VIOLATED)
u_npu.u_npu_sram.g_sram[13].u_macro/addr1[6]    0.040000    0.148820   -0.108820 (VIOLATED)
u_npu.u_npu_sram.g_sram[9].u_macro/addr1[8]    0.040000    0.148810   -0.108810 (VIOLATED)
u_npu.u_npu_sram.g_sram[9].u_macro/wmask0[1]    0.040000    0.148809   -0.108809 (VIOLATED)
u_instruction_ram.g_sram[2].u_macro/wmask0[2]    0.040000    0.148802   -0.108802 (VIOLATED)
u_npu.u_npu_sram.g_sram[4].u_macro/addr1[5]    0.040000    0.148747   -0.108747 (VIOLATED)
u_instruction_ram.g_sram[3].u_macro/addr1[3]    0.040000    0.148727   -0.108727 (VIOLATED)
u_npu.u_npu_sram.g_sram[12].u_macro/addr0[8]    0.040000    0.148686   -0.108686 (VIOLATED)
u_npu.u_npu_sram.g_sram[0].u_macro/addr1[2]    0.040000    0.148684   -0.108684 (VIOLATED)
u_npu.u_npu_sram.g_sram[5].u_macro/addr1[5]    0.040000    0.148684   -0.108684 (VIOLATED)
u_npu.u_npu_sram.g_sram[10].u_macro/wmask0[0]    0.040000    0.148582   -0.108582 (VIOLATED)
u_npu.u_npu_sram.g_sram[9].u_macro/wmask0[0]    0.040000    0.148431   -0.108431 (VIOLATED)
u_npu.u_npu_sram.g_sram[4].u_macro/addr0[7]    0.040000    0.148384   -0.108384 (VIOLATED)
u_data_ram.g_sram[3].u_macro/addr1[8]    0.040000    0.148349   -0.108349 (VIOLATED)
u_npu.u_npu_sram.g_sram[14].u_macro/addr1[2]    0.040000    0.148325   -0.108325 (VIOLATED)
u_npu.u_npu_sram.g_sram[6].u_macro/addr1[3]    0.040000    0.148285   -0.108285 (VIOLATED)
u_instruction_ram.g_sram[2].u_macro/addr1[2]    0.040000    0.148256   -0.108256 (VIOLATED)
u_npu.u_npu_sram.g_sram[11].u_macro/addr1[7]    0.040000    0.148237   -0.108237 (VIOLATED)
u_npu.u_npu_sram.g_sram[7].u_macro/addr1[3]    0.040000    0.148232   -0.108232 (VIOLATED)
u_npu.u_npu_sram.g_sram[0].u_macro/wmask0[3]    0.040000    0.148212   -0.108212 (VIOLATED)
u_npu.u_npu_sram.g_sram[8].u_macro/addr1[0]    0.040000    0.148200   -0.108200 (VIOLATED)
u_npu.u_npu_sram.g_sram[7].u_macro/addr0[7]    0.040000    0.148159   -0.108159 (VIOLATED)
u_npu.u_npu_sram.g_sram[13].u_macro/addr1[2]    0.040000    0.148145   -0.108145 (VIOLATED)
u_npu.u_npu_sram.g_sram[12].u_macro/addr1[6]    0.040000    0.148097   -0.108097 (VIOLATED)
u_npu.u_npu_sram.g_sram[4].u_macro/addr0[4]    0.040000    0.148062   -0.108062 (VIOLATED)
u_data_ram.g_sram[2].u_macro/addr1[8]    0.040000    0.148047   -0.108047 (VIOLATED)
u_data_ram.g_sram[2].u_macro/addr0[7]    0.040000    0.148033   -0.108033 (VIOLATED)
u_instruction_ram.g_sram[2].u_macro/addr1[5]    0.040000    0.147993   -0.107993 (VIOLATED)
u_npu.u_npu_sram.g_sram[5].u_macro/addr1[3]    0.040000    0.147955   -0.107955 (VIOLATED)
u_data_ram.g_sram[3].u_macro/addr0[7]    0.040000    0.147901   -0.107901 (VIOLATED)
u_npu.u_npu_sram.g_sram[8].u_macro/addr0[8]    0.040000    0.147887   -0.107887 (VIOLATED)
u_npu.u_npu_sram.g_sram[4].u_macro/addr1[1]    0.040000    0.147811   -0.107811 (VIOLATED)
u_npu.u_npu_sram.g_sram[6].u_macro/addr0[7]    0.040000    0.147811   -0.107811 (VIOLATED)
u_data_ram.g_sram[2].u_macro/addr0[8]    0.040000    0.147728   -0.107728 (VIOLATED)
u_npu.u_npu_sram.g_sram[7].u_macro/addr1[6]    0.040000    0.147569   -0.107569 (VIOLATED)
u_npu.u_npu_sram.g_sram[6].u_macro/addr1[6]    0.040000    0.147546   -0.107546 (VIOLATED)
u_npu.u_npu_sram.g_sram[4].u_macro/addr1[3]    0.040000    0.147505   -0.107505 (VIOLATED)
u_npu.u_npu_sram.g_sram[4].u_macro/addr0[6]    0.040000    0.147483   -0.107483 (VIOLATED)
u_data_ram.g_sram[0].u_macro/addr1[5]    0.040000    0.147467   -0.107467 (VIOLATED)
u_npu.u_npu_sram.g_sram[0].u_macro/wmask0[2]    0.040000    0.147460   -0.107460 (VIOLATED)
u_npu.u_npu_sram.g_sram[4].u_macro/wmask0[3]    0.040000    0.147434   -0.107434 (VIOLATED)
u_data_ram.g_sram[3].u_macro/addr0[1]    0.040000    0.147368   -0.107368 (VIOLATED)
u_npu.u_npu_sram.g_sram[8].u_macro/addr1[7]    0.040000    0.147366   -0.107366 (VIOLATED)
u_instruction_ram.g_sram[2].u_macro/addr1[6]    0.040000    0.147360   -0.107360 (VIOLATED)
u_npu.u_npu_sram.g_sram[12].u_macro/addr1[2]    0.040000    0.147356   -0.107356 (VIOLATED)
u_npu.u_npu_sram.g_sram[11].u_macro/addr0[8]    0.040000    0.147354   -0.107354 (VIOLATED)
u_npu.u_npu_sram.g_sram[5].u_macro/addr1[6]    0.040000    0.147344   -0.107344 (VIOLATED)
u_npu.u_npu_sram.g_sram[2].u_macro/addr0[1]    0.040000    0.147291   -0.107291 (VIOLATED)
u_npu.u_npu_sram.g_sram[12].u_macro/wmask0[3]    0.040000    0.147281   -0.107281 (VIOLATED)
u_npu.u_npu_sram.g_sram[5].u_macro/addr0[4]    0.040000    0.147272   -0.107272 (VIOLATED)
u_npu.u_npu_sram.g_sram[2].u_macro/addr1[1]    0.040000    0.147268   -0.107268 (VIOLATED)
u_data_ram.g_sram[3].u_macro/addr0[8]    0.040000    0.147232   -0.107232 (VIOLATED)
u_npu.u_npu_sram.g_sram[6].u_macro/addr1[2]    0.040000    0.147212   -0.107212 (VIOLATED)
u_npu.u_npu_sram.g_sram[7].u_macro/addr1[2]    0.040000    0.147179   -0.107179 (VIOLATED)
u_npu.u_npu_sram.g_sram[8].u_macro/addr1[1]    0.040000    0.147140   -0.107140 (VIOLATED)
u_npu.u_npu_sram.g_sram[11].u_macro/addr1[1]    0.040000    0.147114   -0.107114 (VIOLATED)
u_instruction_ram.g_sram[3].u_macro/addr1[1]    0.040000    0.147105   -0.107105 (VIOLATED)
u_npu.u_npu_sram.g_sram[10].u_macro/addr0[4]    0.040000    0.147081   -0.107081 (VIOLATED)
u_instruction_ram.g_sram[0].u_macro/addr1[7]    0.040000    0.147078   -0.107078 (VIOLATED)
u_npu.u_npu_sram.g_sram[7].u_macro/addr0[4]    0.040000    0.147066   -0.107066 (VIOLATED)
u_npu.u_npu_sram.g_sram[5].u_macro/addr1[2]    0.040000    0.147013   -0.107013 (VIOLATED)
u_npu.u_npu_sram.g_sram[7].u_macro/wmask0[2]    0.040000    0.146913   -0.106913 (VIOLATED)
u_instruction_ram.g_sram[3].u_macro/wmask0[2]    0.040000    0.146806   -0.106806 (VIOLATED)
u_npu.u_npu_sram.g_sram[5].u_macro/addr0[7]    0.040000    0.146784   -0.106784 (VIOLATED)
u_npu.u_npu_sram.g_sram[7].u_macro/addr0[8]    0.040000    0.146774   -0.106774 (VIOLATED)
u_npu.u_npu_sram.g_sram[10].u_macro/addr0[8]    0.040000    0.146691   -0.106691 (VIOLATED)
u_npu.u_npu_sram.g_sram[5].u_macro/addr1[1]    0.040000    0.146681   -0.106681 (VIOLATED)
u_npu.u_npu_sram.g_sram[7].u_macro/addr1[1]    0.040000    0.146643   -0.106643 (VIOLATED)
u_npu.u_npu_sram.g_sram[4].u_macro/wmask0[2]    0.040000    0.146637   -0.106637 (VIOLATED)
u_npu.u_npu_sram.g_sram[4].u_macro/addr1[6]    0.040000    0.146551   -0.106551 (VIOLATED)
u_npu.u_npu_sram.g_sram[7].u_macro/addr0[6]    0.040000    0.146501   -0.106501 (VIOLATED)
u_npu.u_npu_sram.g_sram[4].u_macro/addr0[8]    0.040000    0.146405   -0.106405 (VIOLATED)
u_npu.u_npu_sram.g_sram[1].u_macro/wmask0[3]    0.040000    0.146382   -0.106382 (VIOLATED)
u_npu.u_npu_sram.g_sram[6].u_macro/addr0[8]    0.040000    0.146377   -0.106377 (VIOLATED)
u_npu.u_npu_sram.g_sram[4].u_macro/addr1[2]    0.040000    0.146264   -0.106264 (VIOLATED)
u_npu.u_npu_sram.g_sram[14].u_macro/addr0[1]    0.040000    0.146256   -0.106256 (VIOLATED)
u_instruction_ram.g_sram[2].u_macro/addr0[6]    0.040000    0.146246   -0.106246 (VIOLATED)
u_npu.u_npu_sram.g_sram[6].u_macro/addr0[6]    0.040000    0.146199   -0.106200 (VIOLATED)
u_npu.u_npu_sram.g_sram[4].u_macro/addr0[5]    0.040000    0.146185   -0.106185 (VIOLATED)
u_npu.u_npu_sram.g_sram[14].u_macro/wmask0[0]    0.040000    0.146148   -0.106148 (VIOLATED)
u_npu.u_npu_sram.g_sram[12].u_macro/addr0[2]    0.040000    0.146135   -0.106135 (VIOLATED)
u_instruction_ram.g_sram[2].u_macro/addr0[4]    0.040000    0.146106   -0.106106 (VIOLATED)
u_npu.u_npu_sram.g_sram[0].u_macro/addr1[0]    0.040000    0.146100   -0.106100 (VIOLATED)
u_npu.u_npu_sram.g_sram[9].u_macro/addr0[8]    0.040000    0.146061   -0.106061 (VIOLATED)
u_npu.u_npu_sram.g_sram[3].u_macro/addr0[0]    0.040000    0.146047   -0.106047 (VIOLATED)
u_npu.u_npu_sram.g_sram[12].u_macro/addr0[6]    0.040000    0.146035   -0.106035 (VIOLATED)
u_npu.u_npu_sram.g_sram[14].u_macro/addr1[8]    0.040000    0.146033   -0.106033 (VIOLATED)
u_data_ram.g_sram[3].u_macro/addr1[7]    0.040000    0.146031   -0.106031 (VIOLATED)
u_data_ram.g_sram[2].u_macro/addr1[7]    0.040000    0.146030   -0.106030 (VIOLATED)
u_npu.u_npu_sram.g_sram[9].u_macro/addr1[1]    0.040000    0.146014   -0.106014 (VIOLATED)
u_instruction_ram.g_sram[3].u_macro/addr0[4]    0.040000    0.145948   -0.105948 (VIOLATED)
u_npu.u_npu_sram.g_sram[5].u_macro/addr0[6]    0.040000    0.145914   -0.105914 (VIOLATED)
u_npu.u_npu_sram.g_sram[6].u_macro/addr1[8]    0.040000    0.145893   -0.105893 (VIOLATED)
u_npu.u_npu_sram.g_sram[12].u_macro/wmask0[2]    0.040000    0.145858   -0.105858 (VIOLATED)
u_npu.u_npu_sram.g_sram[2].u_macro/wmask0[2]    0.040000    0.145775   -0.105775 (VIOLATED)
u_data_ram.g_sram[0].u_macro/addr0[6]    0.040000    0.145715   -0.105715 (VIOLATED)
u_npu.u_npu_sram.g_sram[5].u_macro/addr0[8]    0.040000    0.145666   -0.105666 (VIOLATED)
u_instruction_ram.g_sram[3].u_macro/addr0[6]    0.040000    0.145603   -0.105603 (VIOLATED)
u_data_ram.g_sram[0].u_macro/addr0[4]    0.040000    0.145519   -0.105519 (VIOLATED)
u_instruction_ram.g_sram[3].u_macro/addr1[6]    0.040000    0.145425   -0.105425 (VIOLATED)
u_npu.u_npu_sram.g_sram[7].u_macro/addr0[0]    0.040000    0.145386   -0.105386 (VIOLATED)
u_npu.u_npu_sram.g_sram[6].u_macro/addr0[1]    0.040000    0.145356   -0.105356 (VIOLATED)
u_npu.u_npu_sram.g_sram[0].u_macro/addr0[1]    0.040000    0.145325   -0.105325 (VIOLATED)
u_data_ram.g_sram[3].u_macro/addr0[2]    0.040000    0.145303   -0.105303 (VIOLATED)
u_data_ram.g_sram[0].u_macro/addr0[2]    0.040000    0.145302   -0.105302 (VIOLATED)
u_npu.u_npu_sram.g_sram[8].u_macro/addr0[2]    0.040000    0.145275   -0.105275 (VIOLATED)
u_npu.u_npu_sram.g_sram[14].u_macro/addr1[1]    0.040000    0.145271   -0.105271 (VIOLATED)
u_instruction_ram.g_sram[1].u_macro/wmask0[1]    0.040000    0.145230   -0.105230 (VIOLATED)
u_instruction_ram.g_sram[2].u_macro/addr0[8]    0.040000    0.145179   -0.105179 (VIOLATED)
u_npu.u_npu_sram.g_sram[7].u_macro/addr0[5]    0.040000    0.145125   -0.105125 (VIOLATED)
u_npu.u_npu_sram.g_sram[6].u_macro/wmask0[2]    0.040000    0.145110   -0.105110 (VIOLATED)
u_npu.u_npu_sram.g_sram[1].u_macro/addr0[1]    0.040000    0.145103   -0.105103 (VIOLATED)
u_npu.u_npu_sram.g_sram[14].u_macro/addr0[7]    0.040000    0.144999   -0.104999 (VIOLATED)
u_npu.u_npu_sram.g_sram[14].u_macro/addr0[0]    0.040000    0.144997   -0.104997 (VIOLATED)
u_npu.u_npu_sram.g_sram[0].u_macro/addr1[1]    0.040000    0.144949   -0.104949 (VIOLATED)
u_data_ram.g_sram[3].u_macro/addr1[1]    0.040000    0.144923   -0.104923 (VIOLATED)
u_data_ram.g_sram[2].u_macro/addr1[1]    0.040000    0.144917   -0.104917 (VIOLATED)
u_npu.u_npu_sram.g_sram[7].u_macro/addr0[3]    0.040000    0.144914   -0.104914 (VIOLATED)
u_instruction_ram.g_sram[2].u_macro/addr0[5]    0.040000    0.144813   -0.104813 (VIOLATED)
u_npu.u_npu_sram.g_sram[12].u_macro/addr1[7]    0.040000    0.144775   -0.104775 (VIOLATED)
u_npu.u_npu_sram.g_sram[14].u_macro/wmask0[2]    0.040000    0.144719   -0.104719 (VIOLATED)
u_npu.u_npu_sram.g_sram[1].u_macro/wmask0[0]    0.040000    0.144677   -0.104677 (VIOLATED)
u_npu.u_npu_sram.g_sram[10].u_macro/addr0[3]    0.040000    0.144655   -0.104655 (VIOLATED)
u_npu.u_npu_sram.g_sram[6].u_macro/addr0[5]    0.040000    0.144625   -0.104625 (VIOLATED)
u_npu.u_npu_sram.g_sram[6].u_macro/wmask0[0]    0.040000    0.144607   -0.104607 (VIOLATED)
u_data_ram.g_sram[2].u_macro/addr0[3]    0.040000    0.144581   -0.104581 (VIOLATED)
u_npu.u_npu_sram.g_sram[13].u_macro/wmask0[2]    0.040000    0.144579   -0.104579 (VIOLATED)
u_instruction_ram.g_sram[3].u_macro/addr0[8]    0.040000    0.144575   -0.104575 (VIOLATED)
u_npu.u_npu_sram.g_sram[4].u_macro/addr0[1]    0.040000    0.144525   -0.104525 (VIOLATED)
u_npu.u_npu_sram.g_sram[13].u_macro/addr0[7]    0.040000    0.144509   -0.104509 (VIOLATED)
u_data_ram.g_sram[3].u_macro/addr0[4]    0.040000    0.144452   -0.104452 (VIOLATED)
u_npu.u_npu_sram.g_sram[8].u_macro/addr0[6]    0.040000    0.144430   -0.104430 (VIOLATED)
u_npu.u_npu_sram.g_sram[5].u_macro/addr0[5]    0.040000    0.144367   -0.104367 (VIOLATED)
u_npu.u_npu_sram.g_sram[2].u_macro/addr1[8]    0.040000    0.144364   -0.104364 (VIOLATED)
u_instruction_ram.g_sram[2].u_macro/wmask0[1]    0.040000    0.144299   -0.104299 (VIOLATED)
u_instruction_ram.g_sram[3].u_macro/addr0[5]    0.040000    0.144296   -0.104296 (VIOLATED)
u_npu.u_npu_sram.g_sram[1].u_macro/wmask0[2]    0.040000    0.144258   -0.104258 (VIOLATED)
u_npu.u_npu_sram.g_sram[14].u_macro/addr0[2]    0.040000    0.144234   -0.104234 (VIOLATED)
u_npu.u_npu_sram.g_sram[12].u_macro/addr0[1]    0.040000    0.144183   -0.104183 (VIOLATED)
u_npu.u_npu_sram.g_sram[12].u_macro/addr1[0]    0.040000    0.144174   -0.104174 (VIOLATED)
u_npu.u_npu_sram.g_sram[14].u_macro/addr0[6]    0.040000    0.144154   -0.104154 (VIOLATED)
u_npu.u_npu_sram.g_sram[4].u_macro/addr0[3]    0.040000    0.144117   -0.104117 (VIOLATED)
u_instruction_ram.g_sram[1].u_macro/wmask0[0]    0.040000    0.144068   -0.104068 (VIOLATED)
u_data_ram.g_sram[3].u_macro/addr0[3]    0.040000    0.144019   -0.104019 (VIOLATED)
u_npu.u_npu_sram.g_sram[11].u_macro/addr0[3]    0.040000    0.144000   -0.104000 (VIOLATED)
u_npu.u_npu_sram.g_sram[9].u_macro/addr0[2]    0.040000    0.143964   -0.103964 (VIOLATED)
u_npu.u_npu_sram.g_sram[5].u_macro/addr0[3]    0.040000    0.143895   -0.103895 (VIOLATED)
u_data_ram.g_sram[0].u_macro/addr0[8]    0.040000    0.143869   -0.103869 (VIOLATED)
u_npu.u_npu_sram.g_sram[12].u_macro/addr0[7]    0.040000    0.143869   -0.103869 (VIOLATED)
u_data_ram.g_sram[0].u_macro/addr0[1]    0.040000    0.143867   -0.103867 (VIOLATED)
u_npu.u_npu_sram.g_sram[8].u_macro/addr0[4]    0.040000    0.143856   -0.103856 (VIOLATED)
u_npu.u_npu_sram.g_sram[13].u_macro/addr0[2]    0.040000    0.143848   -0.103848 (VIOLATED)
u_data_ram.g_sram[2].u_macro/addr0[4]    0.040000    0.143848   -0.103848 (VIOLATED)
u_npu.u_npu_sram.g_sram[0].u_macro/addr1[8]    0.040000    0.143838   -0.103838 (VIOLATED)
u_npu.u_npu_sram.g_sram[1].u_macro/addr1[1]    0.040000    0.143821   -0.103821 (VIOLATED)
u_instruction_ram.g_sram[2].u_macro/addr0[1]    0.040000    0.143817   -0.103817 (VIOLATED)
u_npu.u_npu_sram.g_sram[5].u_macro/wmask0[2]    0.040000    0.143799   -0.103799 (VIOLATED)
u_npu.u_npu_sram.g_sram[3].u_macro/addr1[1]    0.040000    0.143782   -0.103782 (VIOLATED)
u_data_ram.g_sram[2].u_macro/addr0[2]    0.040000    0.143769   -0.103769 (VIOLATED)
u_npu.u_npu_sram.g_sram[6].u_macro/addr0[3]    0.040000    0.143742   -0.103742 (VIOLATED)
u_npu.u_npu_sram.g_sram[13].u_macro/addr0[6]    0.040000    0.143711   -0.103711 (VIOLATED)
u_npu.u_npu_sram.g_sram[11].u_macro/addr0[6]    0.040000    0.143702   -0.103702 (VIOLATED)
u_instruction_ram.g_sram[2].u_macro/addr1[8]    0.040000    0.143626   -0.103626 (VIOLATED)
u_npu.u_npu_sram.g_sram[3].u_macro/wmask0[0]    0.040000    0.143626   -0.103626 (VIOLATED)
u_instruction_ram.g_sram[3].u_macro/addr0[1]    0.040000    0.143407   -0.103407 (VIOLATED)
u_instruction_ram.g_sram[3].u_macro/addr1[8]    0.040000    0.143379   -0.103379 (VIOLATED)
u_npu.u_npu_sram.g_sram[12].u_macro/addr1[1]    0.040000    0.143344   -0.103344 (VIOLATED)
u_instruction_ram.g_sram[2].u_macro/wmask0[0]    0.040000    0.143304   -0.103304 (VIOLATED)
u_instruction_ram.g_sram[2].u_macro/addr0[3]    0.040000    0.143295   -0.103295 (VIOLATED)
u_npu.u_npu_sram.g_sram[1].u_macro/addr1[8]    0.040000    0.143276   -0.103276 (VIOLATED)
u_npu.u_npu_sram.g_sram[11].u_macro/addr0[2]    0.040000    0.143270   -0.103270 (VIOLATED)
u_npu.u_npu_sram.g_sram[5].u_macro/addr1[7]    0.040000    0.143260   -0.103260 (VIOLATED)
u_data_ram.g_sram[2].u_macro/addr0[6]    0.040000    0.143233   -0.103233 (VIOLATED)
u_npu.u_npu_sram.g_sram[7].u_macro/addr1[8]    0.040000    0.143197   -0.103197 (VIOLATED)
u_npu.u_npu_sram.g_sram[13].u_macro/addr0[4]    0.040000    0.143164   -0.103164 (VIOLATED)
u_npu.u_npu_sram.g_sram[10].u_macro/addr0[6]    0.040000    0.143159   -0.103159 (VIOLATED)
u_npu.u_npu_sram.g_sram[9].u_macro/addr0[4]    0.040000    0.143157   -0.103157 (VIOLATED)
u_data_ram.g_sram[3].u_macro/addr0[6]    0.040000    0.143132   -0.103132 (VIOLATED)
u_npu.u_npu_sram.g_sram[3].u_macro/addr0[1]    0.040000    0.143111   -0.103111 (VIOLATED)
u_npu.u_npu_sram.g_sram[3].u_macro/wmask0[1]    0.040000    0.143097   -0.103097 (VIOLATED)
u_npu.u_npu_sram.g_sram[9].u_macro/addr0[6]    0.040000    0.143094   -0.103094 (VIOLATED)
u_npu.u_npu_sram.g_sram[8].u_macro/addr0[3]    0.040000    0.143084   -0.103084 (VIOLATED)
u_npu.u_npu_sram.g_sram[0].u_macro/wmask0[1]    0.040000    0.143029   -0.103029 (VIOLATED)
u_instruction_ram.g_sram[3].u_macro/addr0[3]    0.040000    0.143013   -0.103013 (VIOLATED)
u_npu.u_npu_sram.g_sram[11].u_macro/addr0[4]    0.040000    0.142988   -0.102988 (VIOLATED)
u_npu.u_npu_sram.g_sram[9].u_macro/addr0[3]    0.040000    0.142885   -0.102885 (VIOLATED)
u_npu.u_npu_sram.g_sram[3].u_macro/addr1[8]    0.040000    0.142779   -0.102779 (VIOLATED)
u_npu.u_npu_sram.g_sram[13].u_macro/addr0[0]    0.040000    0.142753   -0.102753 (VIOLATED)
u_npu.u_npu_sram.g_sram[13].u_macro/addr1[0]    0.040000    0.142733   -0.102733 (VIOLATED)
u_npu.u_npu_sram.g_sram[1].u_macro/wmask0[1]    0.040000    0.142727   -0.102727 (VIOLATED)
u_npu.u_npu_sram.g_sram[0].u_macro/wmask0[0]    0.040000    0.142699   -0.102699 (VIOLATED)
u_instruction_ram.g_sram[0].u_macro/addr0[1]    0.040000    0.142642   -0.102642 (VIOLATED)
u_instruction_ram.g_sram[0].u_macro/addr1[8]    0.040000    0.142605   -0.102605 (VIOLATED)
u_npu.u_npu_sram.g_sram[5].u_macro/addr0[1]    0.040000    0.142585   -0.102585 (VIOLATED)
u_npu.u_npu_sram.g_sram[7].u_macro/addr0[1]    0.040000    0.142451   -0.102451 (VIOLATED)
u_npu.u_npu_sram.g_sram[7].u_macro/wmask0[0]    0.040000    0.142390   -0.102390 (VIOLATED)
u_npu.u_npu_sram.g_sram[7].u_macro/wmask0[1]    0.040000    0.142378   -0.102378 (VIOLATED)
u_instruction_ram.g_sram[3].u_macro/wmask0[1]    0.040000    0.142323   -0.102323 (VIOLATED)
u_npu.u_npu_sram.g_sram[4].u_macro/wmask0[1]    0.040000    0.142206   -0.102206 (VIOLATED)
u_npu.u_npu_sram.g_sram[13].u_macro/addr1[1]    0.040000    0.142189   -0.102189 (VIOLATED)
u_instruction_ram.g_sram[3].u_macro/wmask0[0]    0.040000    0.142166   -0.102166 (VIOLATED)
u_npu.u_npu_sram.g_sram[2].u_macro/wmask0[0]    0.040000    0.142059   -0.102059 (VIOLATED)
u_npu.u_npu_sram.g_sram[2].u_macro/addr1[7]    0.040000    0.141990   -0.101990 (VIOLATED)
u_npu.u_npu_sram.g_sram[5].u_macro/wmask0[1]    0.040000    0.141950   -0.101950 (VIOLATED)
u_npu.u_npu_sram.g_sram[4].u_macro/wmask0[0]    0.040000    0.141922   -0.101922 (VIOLATED)
u_npu.u_npu_sram.g_sram[0].u_macro/addr1[7]    0.040000    0.141867   -0.101867 (VIOLATED)
u_instruction_ram.g_sram[2].u_macro/addr1[7]    0.040000    0.141603   -0.101603 (VIOLATED)
u_npu.u_npu_sram.g_sram[2].u_macro/wmask0[1]    0.040000    0.141579   -0.101579 (VIOLATED)
u_npu.u_npu_sram.g_sram[5].u_macro/wmask0[0]    0.040000    0.141463   -0.101463 (VIOLATED)
u_npu.u_npu_sram.g_sram[12].u_macro/wmask0[1]    0.040000    0.141433   -0.101433 (VIOLATED)
u_npu.u_npu_sram.g_sram[4].u_macro/addr1[7]    0.040000    0.141399   -0.101399 (VIOLATED)
u_npu.u_npu_sram.g_sram[5].u_macro/addr1[8]    0.040000    0.141364   -0.101364 (VIOLATED)
u_npu.u_npu_sram.g_sram[12].u_macro/wmask0[0]    0.040000    0.141253   -0.101253 (VIOLATED)
u_npu.u_npu_sram.g_sram[7].u_macro/addr1[7]    0.040000    0.141141   -0.101141 (VIOLATED)
u_npu.u_npu_sram.g_sram[13].u_macro/addr0[1]    0.040000    0.141116   -0.101116 (VIOLATED)
u_npu.u_npu_sram.g_sram[6].u_macro/wmask0[1]    0.040000    0.140916   -0.100916 (VIOLATED)
u_npu.u_npu_sram.g_sram[4].u_macro/addr1[8]    0.040000    0.140758   -0.100758 (VIOLATED)
u_npu.u_npu_sram.g_sram[3].u_macro/addr1[7]    0.040000    0.140726   -0.100726 (VIOLATED)
u_npu.u_npu_sram.g_sram[14].u_macro/wmask0[1]    0.040000    0.140695   -0.100695 (VIOLATED)
u_npu.u_npu_sram.g_sram[14].u_macro/addr1[7]    0.040000    0.140552   -0.100552 (VIOLATED)
u_npu.u_npu_sram.g_sram[1].u_macro/addr1[7]    0.040000    0.140495   -0.100495 (VIOLATED)
u_npu.u_npu_sram.g_sram[6].u_macro/addr1[7]    0.040000    0.140357   -0.100357 (VIOLATED)
u_instruction_ram.g_sram[3].u_macro/addr1[7]    0.040000    0.140296   -0.100296 (VIOLATED)
u_instruction_ram.g_sram[0].u_macro/addr1[0]    0.040000    0.139973   -0.099973 (VIOLATED)
u_data_ram.g_sram[3].u_macro/addr1[2]    0.040000    0.139801   -0.099801 (VIOLATED)
u_data_ram.g_sram[3].u_macro/addr1[5]    0.040000    0.139082   -0.099082 (VIOLATED)
u_data_ram.g_sram[1].u_macro/addr1[0]    0.040000    0.138987   -0.098987 (VIOLATED)
u_instruction_ram.g_sram[0].u_macro/wmask0[2]    0.040000    0.134208   -0.094208 (VIOLATED)
u_data_ram.g_sram[1].u_macro/wmask0[2]    0.040000    0.133945   -0.093945 (VIOLATED)
u_data_ram.g_sram[3].u_macro/addr1[3]    0.040000    0.133240   -0.093240 (VIOLATED)
u_data_ram.g_sram[3].u_macro/addr1[4]    0.040000    0.132689   -0.092689 (VIOLATED)
u_data_ram.g_sram[1].u_macro/wmask0[3]    0.040000    0.131492   -0.091492 (VIOLATED)
u_data_ram.g_sram[2].u_macro/wmask0[2]    0.040000    0.131349   -0.091349 (VIOLATED)
u_data_ram.g_sram[2].u_macro/wmask0[3]    0.040000    0.131132   -0.091132 (VIOLATED)
u_data_ram.g_sram[1].u_macro/wmask0[1]    0.040000    0.129874   -0.089874 (VIOLATED)
u_instruction_ram.g_sram[0].u_macro/wmask0[1]    0.040000    0.128919   -0.088919 (VIOLATED)
u_instruction_ram.g_sram[0].u_macro/wmask0[0]    0.040000    0.127763   -0.087763 (VIOLATED)
u_data_ram.g_sram[2].u_macro/wmask0[1]    0.040000    0.127367   -0.087367 (VIOLATED)
u_data_ram.g_sram[1].u_macro/wmask0[0]    0.040000    0.127259   -0.087259 (VIOLATED)
u_data_ram.g_sram[3].u_macro/wmask0[0]    0.040000    0.126686   -0.086686 (VIOLATED)
u_data_ram.g_sram[0].u_macro/wmask0[2]    0.040000    0.126650   -0.086650 (VIOLATED)
u_data_ram.g_sram[0].u_macro/wmask0[3]    0.040000    0.125119   -0.085119 (VIOLATED)
u_data_ram.g_sram[0].u_macro/wmask0[1]    0.040000    0.124478   -0.084478 (VIOLATED)
u_data_ram.g_sram[3].u_macro/wmask0[3]    0.040000    0.124373   -0.084373 (VIOLATED)
u_instruction_ram.g_sram[0].u_macro/wmask0[3]    0.040000    0.124324   -0.084324 (VIOLATED)
u_data_ram.g_sram[2].u_macro/wmask0[0]    0.040000    0.123907   -0.083907 (VIOLATED)
u_data_ram.g_sram[3].u_macro/wmask0[1]    0.040000    0.119882   -0.079882 (VIOLATED)
u_data_ram.g_sram[0].u_macro/wmask0[0]    0.040000    0.116951   -0.076951 (VIOLATED)
u_data_ram.g_sram[3].u_macro/wmask0[2]    0.040000    0.116768   -0.076768 (VIOLATED)
_71828_/B1                              1.500000    1.571864   -0.071864 (VIOLATED)
_71820_/B1                              1.500000    1.571858   -0.071858 (VIOLATED)
_71848_/B1                              1.500000    1.571778   -0.071778 (VIOLATED)
_71836_/B1                              1.500000    1.571778   -0.071778 (VIOLATED)
_71842_/B1                              1.500000    1.571772   -0.071772 (VIOLATED)
_71854_/B1                              1.500000    1.571693   -0.071693 (VIOLATED)
_63107_/A0                              1.500000    1.571485   -0.071485 (VIOLATED)
_71860_/B1                              1.500000    1.571425   -0.071425 (VIOLATED)
_71866_/B1                              1.500000    1.570547   -0.070548 (VIOLATED)
_80739_/Q                               1.504316    1.571472   -0.067156 (VIOLATED)
u_instruction_ram.g_sram[1].u_macro/addr1[0]    0.040000    0.101185   -0.061185 (VIOLATED)
u_data_ram.g_sram[1].u_macro/addr1[7]    0.040000    0.096947   -0.056947 (VIOLATED)
u_data_ram.g_sram[1].u_macro/addr1[2]    0.040000    0.096767   -0.056767 (VIOLATED)
u_data_ram.g_sram[1].u_macro/addr0[5]    0.040000    0.095408   -0.055408 (VIOLATED)
u_data_ram.g_sram[1].u_macro/addr0[0]    0.040000    0.093576   -0.053576 (VIOLATED)
u_data_ram.g_sram[1].u_macro/addr0[1]    0.040000    0.091579   -0.051579 (VIOLATED)
u_data_ram.g_sram[1].u_macro/addr0[4]    0.040000    0.090860   -0.050860 (VIOLATED)
u_instruction_ram.g_sram[1].u_macro/addr0[6]    0.040000    0.090044   -0.050044 (VIOLATED)
u_instruction_ram.g_sram[1].u_macro/addr0[0]    0.040000    0.089390   -0.049390 (VIOLATED)
u_instruction_ram.g_sram[1].u_macro/addr0[1]    0.040000    0.088280   -0.048280 (VIOLATED)
u_instruction_ram.g_sram[1].u_macro/addr0[7]    0.040000    0.088261   -0.048261 (VIOLATED)
u_instruction_ram.g_sram[1].u_macro/addr0[2]    0.040000    0.087091   -0.047091 (VIOLATED)
u_data_ram.g_sram[1].u_macro/addr0[8]    0.040000    0.087054   -0.047054 (VIOLATED)
u_instruction_ram.g_sram[1].u_macro/addr1[7]    0.040000    0.086922   -0.046922 (VIOLATED)
u_instruction_ram.g_sram[1].u_macro/addr0[5]    0.040000    0.086697   -0.046697 (VIOLATED)
u_instruction_ram.g_sram[1].u_macro/addr1[8]    0.040000    0.086616   -0.046616 (VIOLATED)
u_instruction_ram.g_sram[1].u_macro/addr0[8]    0.040000    0.086321   -0.046321 (VIOLATED)
u_instruction_ram.g_sram[1].u_macro/addr1[4]    0.040000    0.086162   -0.046162 (VIOLATED)
u_instruction_ram.g_sram[1].u_macro/addr1[1]    0.040000    0.086017   -0.046017 (VIOLATED)
u_data_ram.g_sram[1].u_macro/addr0[3]    0.040000    0.085914   -0.045914 (VIOLATED)
u_instruction_ram.g_sram[1].u_macro/addr1[2]    0.040000    0.085671   -0.045671 (VIOLATED)
u_instruction_ram.g_sram[1].u_macro/addr1[3]    0.040000    0.085228   -0.045228 (VIOLATED)
u_instruction_ram.g_sram[0].u_macro/addr0[6]    0.040000    0.085222   -0.045222 (VIOLATED)
u_data_ram.g_sram[1].u_macro/addr1[3]    0.040000    0.085181   -0.045181 (VIOLATED)
u_instruction_ram.g_sram[1].u_macro/addr1[6]    0.040000    0.084740   -0.044740 (VIOLATED)
u_instruction_ram.g_sram[1].u_macro/addr1[5]    0.040000    0.084658   -0.044658 (VIOLATED)
u_data_ram.g_sram[1].u_macro/addr1[1]    0.040000    0.084618   -0.044618 (VIOLATED)
u_data_ram.g_sram[1].u_macro/addr1[5]    0.040000    0.084592   -0.044592 (VIOLATED)
u_instruction_ram.g_sram[1].u_macro/addr0[3]    0.040000    0.084293   -0.044293 (VIOLATED)
u_data_ram.g_sram[1].u_macro/addr0[6]    0.040000    0.084091   -0.044091 (VIOLATED)
u_data_ram.g_sram[1].u_macro/addr0[7]    0.040000    0.083350   -0.043350 (VIOLATED)
u_instruction_ram.g_sram[1].u_macro/addr0[4]    0.040000    0.083026   -0.043026 (VIOLATED)
u_data_ram.g_sram[1].u_macro/addr1[8]    0.040000    0.082727   -0.042727 (VIOLATED)
u_data_ram.g_sram[1].u_macro/addr0[2]    0.040000    0.082630   -0.042630 (VIOLATED)
u_data_ram.g_sram[1].u_macro/addr1[4]    0.040000    0.082327   -0.042327 (VIOLATED)
u_data_ram.g_sram[1].u_macro/addr1[6]    0.040000    0.082306   -0.042306 (VIOLATED)

max capacitance

Pin                                        Limit         Cap       Slack
------------------------------------------------------------------------
_80637_/Q                               0.322276    0.426833   -0.104557 (VIOLATED)
_62923_/X                               0.304880    0.357437   -0.052557 (VIOLATED)
u_instruction_ram.g_sram[0].u_macro/dout1[29]    0.027560    0.049037   -0.021477 (VIOLATED)
u_instruction_ram.g_sram[0].u_macro/dout1[7]    0.027560    0.047435   -0.019875 (VIOLATED)
_80739_/Q                               0.322276    0.341690   -0.019414 (VIOLATED)
u_data_ram.g_sram[1].u_macro/dout1[17]    0.027560    0.046311   -0.018751 (VIOLATED)
u_data_ram.g_sram[1].u_macro/dout1[9]    0.027560    0.045963   -0.018403 (VIOLATED)
u_instruction_ram.g_sram[0].u_macro/dout1[30]    0.027560    0.045249   -0.017689 (VIOLATED)
u_data_ram.g_sram[1].u_macro/dout1[10]    0.027560    0.043390   -0.015830 (VIOLATED)
u_data_ram.g_sram[3].u_macro/dout1[19]    0.027560    0.041610   -0.014050 (VIOLATED)
u_data_ram.g_sram[1].u_macro/dout1[21]    0.027560    0.041235   -0.013675 (VIOLATED)
u_data_ram.g_sram[2].u_macro/dout1[7]    0.027560    0.040370   -0.012810 (VIOLATED)
u_data_ram.g_sram[1].u_macro/dout1[22]    0.027560    0.036210   -0.008650 (VIOLATED)
_82888_/Q                               0.322276    0.322286   -0.000010 (VIOLATED)



===========================================================================
report_parasitic_annotation -report_unannotated
============================================================================
Found 1782 unannotated drivers.
 i2c_scl_i
 _83935__4681/LO
 clkload0/X
 clkload1/Y
 clkload10/Y
 clkload100/Y
 clkload1000/Y
 clkload1001/Y
 clkload1002/X
 clkload1003/X
 clkload1004/X
 clkload1005/X
 clkload1006/X
 clkload1007/Y
 clkload1008/X
 clkload1009/X
 clkload101/Y
 clkload1010/X
 clkload1011/Y
 clkload1012/X
 clkload1013/X
 clkload1014/Y
 clkload1015/Y
 clkload1016/Y
 clkload1017/X
 clkload1018/X
 clkload1019/X
 clkload102/Y
 clkload1020/X
 clkload1021/X
 clkload1022/X
 clkload1023/X
 clkload1024/Y
 clkload1025/Y
 clkload1026/X
 clkload1027/Y
 clkload1028/Y
 clkload1029/Y
 clkload103/Y
 clkload1030/Y
 clkload1031/Y
 clkload1032/Y
 clkload1033/Y
 clkload1034/Y
 clkload1035/Y
 clkload1036/Y
 clkload1037/X
 clkload1038/Y
 clkload1039/Y
 clkload104/X
 clkload1040/Y
 clkload1041/Y
 clkload105/X
 clkload106/X
 clkload107/X
 clkload108/X
 clkload109/X
 clkload11/Y
 clkload110/X
 clkload111/Y
 clkload112/Y
 clkload113/Y
 clkload114/Y
 clkload115/Y
 clkload116/Y
 clkload117/Y
 clkload118/X
 clkload119/Y
 clkload12/Y
 clkload120/X
 clkload121/X
 clkload122/X
 clkload123/X
 clkload124/Y
 clkload125/X
 clkload126/X
 clkload127/X
 clkload128/X
 clkload129/X
 clkload13/Y
 clkload130/X
 clkload131/X
 clkload132/X
 clkload133/Y
 clkload134/X
 clkload135/Y
 clkload136/Y
 clkload137/Y
 clkload138/Y
 clkload139/Y
 clkload14/Y
 clkload140/Y
 clkload141/X
 clkload142/Y
 clkload143/X
 clkload144/X
 clkload145/Y
 clkload146/Y
 clkload147/Y
 clkload148/X
 clkload149/X
 clkload15/Y
 clkload150/Y
 clkload151/Y
 clkload152/Y
 clkload153/X
 clkload154/X
 clkload155/X
 clkload156/Y
 clkload157/Y
 clkload158/Y
 clkload159/Y
 clkload16/Y
 clkload160/Y
 clkload161/Y
 clkload162/X
 clkload163/X
 clkload164/X
 clkload165/X
 clkload166/X
 clkload167/X
 clkload168/Y
 clkload169/X
 clkload17/Y
 clkload170/Y
 clkload171/X
 clkload172/X
 clkload173/X
 clkload174/X
 clkload175/X
 clkload176/X
 clkload177/X
 clkload178/X
 clkload179/X
 clkload18/Y
 clkload180/Y
 clkload181/Y
 clkload182/X
 clkload183/X
 clkload184/X
 clkload185/X
 clkload186/X
 clkload187/Y
 clkload188/X
 clkload189/X
 clkload19/Y
 clkload190/Y
 clkload191/Y
 clkload192/X
 clkload193/Y
 clkload194/X
 clkload195/X
 clkload196/X
 clkload197/X
 clkload198/X
 clkload199/Y
 clkload2/Y
 clkload20/Y
 clkload200/X
 clkload201/X
 clkload202/X
 clkload203/X
 clkload204/X
 clkload205/X
 clkload206/X
 clkload207/X
 clkload208/X
 clkload209/Y
 clkload21/Y
 clkload210/X
 clkload211/X
 clkload212/Y
 clkload213/X
 clkload214/Y
 clkload215/Y
 clkload216/X
 clkload217/X
 clkload218/X
 clkload219/Y
 clkload22/Y
 clkload220/X
 clkload221/X
 clkload222/X
 clkload223/X
 clkload224/X
 clkload225/X
 clkload226/Y
 clkload227/X
 clkload228/Y
 clkload229/X
 clkload23/Y
 clkload230/X
 clkload231/X
 clkload232/X
 clkload233/X
 clkload234/X
 clkload235/Y
 clkload236/X
 clkload237/Y
 clkload238/X
 clkload239/X
 clkload24/Y
 clkload240/X
 clkload241/X
 clkload242/X
 clkload243/X
 clkload244/X
 clkload245/X
 clkload246/X
 clkload247/X
 clkload248/Y
 clkload249/X
 clkload25/Y
 clkload250/X
 clkload251/X
 clkload252/X
 clkload253/X
 clkload254/X
 clkload255/X
 clkload256/X
 clkload257/X
 clkload258/Y
 clkload259/X
 clkload26/X
 clkload260/Y
 clkload261/X
 clkload262/X
 clkload263/X
 clkload264/Y
 clkload265/X
 clkload266/X
 clkload267/X
 clkload268/X
 clkload269/Y
 clkload27/X
 clkload270/X
 clkload271/X
 clkload272/X
 clkload273/Y
 clkload274/Y
 clkload275/X
 clkload276/X
 clkload277/X
 clkload278/X
 clkload279/X
 clkload28/Y
 clkload280/X
 clkload281/X
 clkload282/Y
 clkload283/X
 clkload284/X
 clkload285/X
 clkload286/X
 clkload287/X
 clkload288/X
 clkload289/Y
 clkload29/Y
 clkload290/X
 clkload291/X
 clkload292/X
 clkload293/X
 clkload294/Y
 clkload295/X
 clkload296/Y
 clkload297/Y
 clkload298/X
 clkload299/X
 clkload3/Y
 clkload30/Y
 clkload300/X
 clkload301/Y
 clkload302/X
 clkload303/X
 clkload304/X
 clkload305/Y
 clkload306/Y
 clkload307/X
 clkload308/X
 clkload309/X
 clkload31/Y
 clkload310/X
 clkload311/X
 clkload312/Y
 clkload313/Y
 clkload314/Y
 clkload315/Y
 clkload316/Y
 clkload317/X
 clkload318/Y
 clkload319/Y
 clkload32/Y
 clkload320/Y
 clkload321/X
 clkload322/Y
 clkload323/Y
 clkload324/Y
 clkload325/Y
 clkload326/Y
 clkload327/X
 clkload328/X
 clkload329/X
 clkload33/Y
 clkload330/X
 clkload331/X
 clkload332/X
 clkload333/X
 clkload334/X
 clkload335/X
 clkload336/X
 clkload337/X
 clkload338/X
 clkload339/X
 clkload34/Y
 clkload340/Y
 clkload341/Y
 clkload342/X
 clkload343/Y
 clkload344/X
 clkload345/X
 clkload346/X
 clkload347/X
 clkload348/X
 clkload349/X
 clkload35/Y
 clkload350/X
 clkload351/X
 clkload352/Y
 clkload353/X
 clkload354/X
 clkload355/X
 clkload356/X
 clkload357/X
 clkload358/Y
 clkload359/Y
 clkload36/Y
 clkload360/X
 clkload361/X
 clkload362/X
 clkload363/X
 clkload364/Y
 clkload365/X
 clkload366/X
 clkload367/X
 clkload368/Y
 clkload369/Y
 clkload37/Y
 clkload370/X
 clkload371/X
 clkload372/X
 clkload373/X
 clkload374/X
 clkload375/X
 clkload376/X
 clkload377/X
 clkload378/X
 clkload379/X
 clkload38/Y
 clkload380/X
 clkload381/X
 clkload382/X
 clkload383/X
 clkload384/X
 clkload385/X
 clkload386/X
 clkload387/X
 clkload388/X
 clkload389/X
 clkload39/Y
 clkload390/X
 clkload391/X
 clkload392/X
 clkload393/X
 clkload394/X
 clkload395/X
 clkload396/Y
 clkload397/Y
 clkload398/X
 clkload399/Y
 clkload4/Y
 clkload40/Y
 clkload400/X
 clkload401/X
 clkload402/X
 clkload403/Y
 clkload404/Y
 clkload405/X
 clkload406/X
 clkload407/X
 clkload408/X
 clkload409/X
 clkload41/Y
 clkload410/X
 clkload411/X
 clkload412/X
 clkload413/Y
 clkload414/X
 clkload415/X
 clkload416/X
 clkload417/Y
 clkload418/Y
 clkload419/X
 clkload42/Y
 clkload420/Y
 clkload421/Y
 clkload422/X
 clkload423/X
 clkload424/X
 clkload425/X
 clkload426/X
 clkload427/Y
 clkload428/X
 clkload429/Y
 clkload43/Y
 clkload430/Y
 clkload431/Y
 clkload432/X
 clkload433/Y
 clkload434/Y
 clkload435/X
 clkload436/X
 clkload437/X
 clkload438/X
 clkload439/X
 clkload44/Y
 clkload440/X
 clkload441/X
 clkload442/X
 clkload443/X
 clkload444/X
 clkload445/X
 clkload446/X
 clkload447/X
 clkload448/X
 clkload449/X
 clkload45/Y
 clkload450/X
 clkload451/X
 clkload452/X
 clkload453/X
 clkload454/X
 clkload455/X
 clkload456/Y
 clkload457/X
 clkload458/X
 clkload459/X
 clkload46/Y
 clkload460/X
 clkload461/Y
 clkload462/X
 clkload463/X
 clkload464/X
 clkload465/Y
 clkload466/X
 clkload467/X
 clkload468/X
 clkload469/X
 clkload47/Y
 clkload470/Y
 clkload471/X
 clkload472/X
 clkload473/X
 clkload474/X
 clkload475/X
 clkload476/X
 clkload477/X
 clkload478/Y
 clkload479/X
 clkload48/Y
 clkload480/X
 clkload481/X
 clkload482/X
 clkload483/X
 clkload484/X
 clkload485/X
 clkload486/X
 clkload487/X
 clkload488/Y
 clkload489/X
 clkload49/Y
 clkload490/X
 clkload491/X
 clkload492/X
 clkload493/X
 clkload494/X
 clkload495/X
 clkload496/X
 clkload497/X
 clkload498/X
 clkload499/X
 clkload5/Y
 clkload50/Y
 clkload500/X
 clkload501/Y
 clkload502/X
 clkload503/X
 clkload504/Y
 clkload505/X
 clkload506/Y
 clkload507/Y
 clkload508/X
 clkload509/X
 clkload51/X
 clkload510/Y
 clkload511/X
 clkload512/Y
 clkload513/X
 clkload514/X
 clkload515/X
 clkload516/X
 clkload517/X
 clkload518/X
 clkload519/Y
 clkload52/Y
 clkload520/Y
 clkload521/X
 clkload522/X
 clkload523/Y
 clkload524/X
 clkload525/X
 clkload526/X
 clkload527/X
 clkload528/Y
 clkload529/X
 clkload53/X
 clkload530/Y
 clkload531/X
 clkload532/X
 clkload533/X
 clkload534/X
 clkload535/X
 clkload536/Y
 clkload537/Y
 clkload538/X
 clkload539/Y
 clkload54/Y
 clkload540/X
 clkload541/X
 clkload542/X
 clkload543/Y
 clkload544/X
 clkload545/X
 clkload546/X
 clkload547/X
 clkload548/Y
 clkload549/X
 clkload55/Y
 clkload550/X
 clkload551/X
 clkload552/X
 clkload553/X
 clkload554/X
 clkload555/X
 clkload556/X
 clkload557/X
 clkload558/X
 clkload559/X
 clkload56/Y
 clkload560/X
 clkload561/X
 clkload562/Y
 clkload563/X
 clkload564/Y
 clkload565/Y
 clkload566/X
 clkload567/Y
 clkload568/X
 clkload569/X
 clkload57/X
 clkload570/Y
 clkload571/X
 clkload572/X
 clkload573/Y
 clkload574/X
 clkload575/X
 clkload576/X
 clkload577/X
 clkload578/X
 clkload579/X
 clkload58/X
 clkload580/Y
 clkload581/X
 clkload582/X
 clkload583/X
 clkload584/X
 clkload585/X
 clkload586/Y
 clkload587/X
 clkload588/Y
 clkload589/X
 clkload59/Y
 clkload590/X
 clkload591/X
 clkload592/X
 clkload593/X
 clkload594/X
 clkload595/X
 clkload596/X
 clkload597/X
 clkload598/Y
 clkload599/X
 clkload6/Y
 clkload60/Y
 clkload600/Y
 clkload601/X
 clkload602/X
 clkload603/X
 clkload604/X
 clkload605/X
 clkload606/X
 clkload607/X
 clkload608/X
 clkload609/X
 clkload61/Y
 clkload610/X
 clkload611/X
 clkload612/X
 clkload613/X
 clkload614/X
 clkload615/Y
 clkload616/X
 clkload617/X
 clkload618/X
 clkload619/X
 clkload62/Y
 clkload620/Y
 clkload621/Y
 clkload622/X
 clkload623/Y
 clkload624/X
 clkload625/X
 clkload626/X
 clkload627/X
 clkload628/X
 clkload629/X
 clkload63/Y
 clkload630/X
 clkload631/Y
 clkload632/Y
 clkload633/Y
 clkload634/X
 clkload635/Y
 clkload636/X
 clkload637/Y
 clkload638/X
 clkload639/X
 clkload64/Y
 clkload640/Y
 clkload641/Y
 clkload642/Y
 clkload643/X
 clkload644/Y
 clkload645/X
 clkload646/Y
 clkload647/X
 clkload648/X
 clkload649/X
 clkload65/X
 clkload650/Y
 clkload651/X
 clkload652/X
 clkload653/Y
 clkload654/X
 clkload655/Y
 clkload656/X
 clkload657/Y
 clkload658/X
 clkload659/Y
 clkload66/X
 clkload660/X
 clkload661/X
 clkload662/Y
 clkload663/Y
 clkload664/Y
 clkload665/X
 clkload666/X
 clkload667/X
 clkload668/Y
 clkload669/X
 clkload67/X
 clkload670/X
 clkload671/X
 clkload672/X
 clkload673/Y
 clkload674/X
 clkload675/X
 clkload676/X
 clkload677/Y
 clkload678/Y
 clkload679/X
 clkload68/Y
 clkload680/X
 clkload681/Y
 clkload682/X
 clkload683/X
 clkload684/X
 clkload685/X
 clkload686/X
 clkload687/X
 clkload688/X
 clkload689/X
 clkload69/Y
 clkload690/X
 clkload691/X
 clkload692/X
 clkload693/X
 clkload694/Y
 clkload695/Y
 clkload696/X
 clkload697/Y
 clkload698/X
 clkload699/X
 clkload7/Y
 clkload70/Y
 clkload700/X
 clkload701/Y
 clkload702/Y
 clkload703/X
 clkload704/X
 clkload705/X
 clkload706/X
 clkload707/X
 clkload708/X
 clkload709/X
 clkload71/Y
 clkload710/Y
 clkload711/X
 clkload712/Y
 clkload713/Y
 clkload714/Y
 clkload715/Y
 clkload716/X
 clkload717/X
 clkload718/Y
 clkload719/X
 clkload72/Y
 clkload720/X
 clkload721/X
 clkload722/X
 clkload723/X
 clkload724/Y
 clkload725/X
 clkload726/X
 clkload727/X
 clkload728/X
 clkload729/X
 clkload73/X
 clkload730/X
 clkload731/X
 clkload732/X
 clkload733/Y
 clkload734/X
 clkload735/X
 clkload736/Y
 clkload737/X
 clkload738/Y
 clkload739/Y
 clkload74/Y
 clkload740/X
 clkload741/X
 clkload742/Y
 clkload743/X
 clkload744/X
 clkload745/X
 clkload746/X
 clkload747/Y
 clkload748/Y
 clkload749/Y
 clkload75/Y
 clkload750/Y
 clkload751/Y
 clkload752/Y
 clkload753/Y
 clkload754/X
 clkload755/Y
 clkload756/Y
 clkload757/Y
 clkload758/Y
 clkload759/Y
 clkload76/Y
 clkload760/X
 clkload761/Y
 clkload762/X
 clkload763/X
 clkload764/Y
 clkload765/Y
 clkload766/Y
 clkload767/X
 clkload768/X
 clkload769/Y
 clkload77/Y
 clkload770/Y
 clkload771/X
 clkload772/Y
 clkload773/X
 clkload774/Y
 clkload775/X
 clkload776/Y
 clkload777/X
 clkload778/X
 clkload779/X
 clkload78/Y
 clkload780/X
 clkload781/X
 clkload782/X
 clkload783/Y
 clkload784/X
 clkload785/Y
 clkload786/Y
 clkload787/Y
 clkload788/X
 clkload789/Y
 clkload79/Y
 clkload790/X
 clkload791/X
 clkload792/Y
 clkload793/Y
 clkload794/X
 clkload795/Y
 clkload796/X
 clkload797/X
 clkload798/X
 clkload799/X
 clkload8/Y
 clkload80/Y
 clkload800/Y
 clkload801/X
 clkload802/X
 clkload803/X
 clkload804/X
 clkload805/X
 clkload806/Y
 clkload807/X
 clkload808/X
 clkload809/X
 clkload81/Y
 clkload810/X
 clkload811/X
 clkload812/X
 clkload813/X
 clkload814/X
 clkload815/Y
 clkload816/Y
 clkload817/X
 clkload818/Y
 clkload819/Y
 clkload82/Y
 clkload820/X
 clkload821/X
 clkload822/X
 clkload823/X
 clkload824/Y
 clkload825/X
 clkload826/Y
 clkload827/X
 clkload828/X
 clkload829/X
 clkload83/Y
 clkload830/X
 clkload831/X
 clkload832/Y
 clkload833/X
 clkload834/Y
 clkload835/Y
 clkload836/X
 clkload837/Y
 clkload838/X
 clkload839/X
 clkload84/Y
 clkload840/Y
 clkload841/X
 clkload842/Y
 clkload843/X
 clkload844/X
 clkload845/X
 clkload846/X
 clkload847/X
 clkload848/X
 clkload849/X
 clkload85/Y
 clkload850/X
 clkload851/Y
 clkload852/Y
 clkload853/Y
 clkload854/Y
 clkload855/Y
 clkload856/Y
 clkload857/Y
 clkload858/Y
 clkload859/X
 clkload86/X
 clkload860/X
 clkload861/Y
 clkload862/Y
 clkload863/X
 clkload864/X
 clkload865/X
 clkload866/X
 clkload867/X
 clkload868/X
 clkload869/X
 clkload87/Y
 clkload870/X
 clkload871/Y
 clkload872/Y
 clkload873/Y
 clkload874/Y
 clkload875/X
 clkload876/X
 clkload877/Y
 clkload878/X
 clkload879/X
 clkload88/Y
 clkload880/Y
 clkload881/X
 clkload882/X
 clkload883/X
 clkload884/X
 clkload885/Y
 clkload886/X
 clkload887/Y
 clkload888/Y
 clkload889/Y
 clkload89/Y
 clkload890/Y
 clkload891/Y
 clkload892/Y
 clkload893/Y
 clkload894/X
 clkload895/Y
 clkload896/X
 clkload897/Y
 clkload898/Y
 clkload899/X
 clkload9/Y
 clkload90/Y
 clkload900/Y
 clkload901/X
 clkload902/X
 clkload903/Y
 clkload904/Y
 clkload905/Y
 clkload906/X
 clkload907/X
 clkload908/X
 clkload909/X
 clkload91/Y
 clkload910/X
 clkload911/Y
 clkload912/X
 clkload913/X
 clkload914/Y
 clkload915/X
 clkload916/Y
 clkload917/X
 clkload918/X
 clkload919/Y
 clkload92/Y
 clkload920/X
 clkload921/Y
 clkload922/X
 clkload923/X
 clkload924/Y
 clkload925/X
 clkload926/X
 clkload927/X
 clkload928/X
 clkload929/X
 clkload93/X
 clkload930/X
 clkload931/X
 clkload932/X
 clkload933/X
 clkload934/X
 clkload935/Y
 clkload936/Y
 clkload937/Y
 clkload938/X
 clkload939/X
 clkload94/Y
 clkload940/X
 clkload941/Y
 clkload942/X
 clkload943/X
 clkload944/X
 clkload945/Y
 clkload946/Y
 clkload947/X
 clkload948/X
 clkload949/X
 clkload95/Y
 clkload950/X
 clkload951/X
 clkload952/X
 clkload953/X
 clkload954/X
 clkload955/Y
 clkload956/Y
 clkload957/Y
 clkload958/Y
 clkload959/X
 clkload96/Y
 clkload960/X
 clkload961/X
 clkload962/X
 clkload963/X
 clkload964/X
 clkload965/Y
 clkload966/X
 clkload967/X
 clkload968/X
 clkload969/X
 clkload97/Y
 clkload970/X
 clkload971/X
 clkload972/Y
 clkload973/Y
 clkload974/X
 clkload975/X
 clkload976/X
 clkload977/X
 clkload978/X
 clkload979/X
 clkload98/Y
 clkload980/X
 clkload981/X
 clkload982/X
 clkload983/Y
 clkload984/X
 clkload985/Y
 clkload986/Y
 clkload987/Y
 clkload988/Y
 clkload989/Y
 clkload99/Y
 clkload990/Y
 clkload991/Y
 clkload992/Y
 clkload993/Y
 clkload994/Y
 clkload995/Y
 clkload996/X
 clkload997/Y
 clkload998/Y
 clkload999/X
 soc_top/HI
 soc_top_4680/HI
 u_data_ram.g_sram\[0\].u_macro/dout0[0]
 u_data_ram.g_sram\[0\].u_macro/dout0[10]
 u_data_ram.g_sram\[0\].u_macro/dout0[11]
 u_data_ram.g_sram\[0\].u_macro/dout0[12]
 u_data_ram.g_sram\[0\].u_macro/dout0[13]
 u_data_ram.g_sram\[0\].u_macro/dout0[14]
 u_data_ram.g_sram\[0\].u_macro/dout0[15]
 u_data_ram.g_sram\[0\].u_macro/dout0[16]
 u_data_ram.g_sram\[0\].u_macro/dout0[17]
 u_data_ram.g_sram\[0\].u_macro/dout0[18]
 u_data_ram.g_sram\[0\].u_macro/dout0[19]
 u_data_ram.g_sram\[0\].u_macro/dout0[1]
 u_data_ram.g_sram\[0\].u_macro/dout0[20]
 u_data_ram.g_sram\[0\].u_macro/dout0[21]
 u_data_ram.g_sram\[0\].u_macro/dout0[22]
 u_data_ram.g_sram\[0\].u_macro/dout0[23]
 u_data_ram.g_sram\[0\].u_macro/dout0[24]
 u_data_ram.g_sram\[0\].u_macro/dout0[25]
 u_data_ram.g_sram\[0\].u_macro/dout0[26]
 u_data_ram.g_sram\[0\].u_macro/dout0[27]
 u_data_ram.g_sram\[0\].u_macro/dout0[28]
 u_data_ram.g_sram\[0\].u_macro/dout0[29]
 u_data_ram.g_sram\[0\].u_macro/dout0[2]
 u_data_ram.g_sram\[0\].u_macro/dout0[30]
 u_data_ram.g_sram\[0\].u_macro/dout0[31]
 u_data_ram.g_sram\[0\].u_macro/dout0[3]
 u_data_ram.g_sram\[0\].u_macro/dout0[4]
 u_data_ram.g_sram\[0\].u_macro/dout0[5]
 u_data_ram.g_sram\[0\].u_macro/dout0[6]
 u_data_ram.g_sram\[0\].u_macro/dout0[7]
 u_data_ram.g_sram\[0\].u_macro/dout0[8]
 u_data_ram.g_sram\[0\].u_macro/dout0[9]
 u_data_ram.g_sram\[1\].u_macro/dout0[0]
 u_data_ram.g_sram\[1\].u_macro/dout0[10]
 u_data_ram.g_sram\[1\].u_macro/dout0[11]
 u_data_ram.g_sram\[1\].u_macro/dout0[12]
 u_data_ram.g_sram\[1\].u_macro/dout0[13]
 u_data_ram.g_sram\[1\].u_macro/dout0[14]
 u_data_ram.g_sram\[1\].u_macro/dout0[15]
 u_data_ram.g_sram\[1\].u_macro/dout0[16]
 u_data_ram.g_sram\[1\].u_macro/dout0[17]
 u_data_ram.g_sram\[1\].u_macro/dout0[18]
 u_data_ram.g_sram\[1\].u_macro/dout0[19]
 u_data_ram.g_sram\[1\].u_macro/dout0[1]
 u_data_ram.g_sram\[1\].u_macro/dout0[20]
 u_data_ram.g_sram\[1\].u_macro/dout0[21]
 u_data_ram.g_sram\[1\].u_macro/dout0[22]
 u_data_ram.g_sram\[1\].u_macro/dout0[23]
 u_data_ram.g_sram\[1\].u_macro/dout0[24]
 u_data_ram.g_sram\[1\].u_macro/dout0[25]
 u_data_ram.g_sram\[1\].u_macro/dout0[26]
 u_data_ram.g_sram\[1\].u_macro/dout0[27]
 u_data_ram.g_sram\[1\].u_macro/dout0[28]
 u_data_ram.g_sram\[1\].u_macro/dout0[29]
 u_data_ram.g_sram\[1\].u_macro/dout0[2]
 u_data_ram.g_sram\[1\].u_macro/dout0[30]
 u_data_ram.g_sram\[1\].u_macro/dout0[31]
 u_data_ram.g_sram\[1\].u_macro/dout0[3]
 u_data_ram.g_sram\[1\].u_macro/dout0[4]
 u_data_ram.g_sram\[1\].u_macro/dout0[5]
 u_data_ram.g_sram\[1\].u_macro/dout0[6]
 u_data_ram.g_sram\[1\].u_macro/dout0[7]
 u_data_ram.g_sram\[1\].u_macro/dout0[8]
 u_data_ram.g_sram\[1\].u_macro/dout0[9]
 u_data_ram.g_sram\[2\].u_macro/dout0[0]
 u_data_ram.g_sram\[2\].u_macro/dout0[10]
 u_data_ram.g_sram\[2\].u_macro/dout0[11]
 u_data_ram.g_sram\[2\].u_macro/dout0[12]
 u_data_ram.g_sram\[2\].u_macro/dout0[13]
 u_data_ram.g_sram\[2\].u_macro/dout0[14]
 u_data_ram.g_sram\[2\].u_macro/dout0[15]
 u_data_ram.g_sram\[2\].u_macro/dout0[16]
 u_data_ram.g_sram\[2\].u_macro/dout0[17]
 u_data_ram.g_sram\[2\].u_macro/dout0[18]
 u_data_ram.g_sram\[2\].u_macro/dout0[19]
 u_data_ram.g_sram\[2\].u_macro/dout0[1]
 u_data_ram.g_sram\[2\].u_macro/dout0[20]
 u_data_ram.g_sram\[2\].u_macro/dout0[21]
 u_data_ram.g_sram\[2\].u_macro/dout0[22]
 u_data_ram.g_sram\[2\].u_macro/dout0[23]
 u_data_ram.g_sram\[2\].u_macro/dout0[24]
 u_data_ram.g_sram\[2\].u_macro/dout0[25]
 u_data_ram.g_sram\[2\].u_macro/dout0[26]
 u_data_ram.g_sram\[2\].u_macro/dout0[27]
 u_data_ram.g_sram\[2\].u_macro/dout0[28]
 u_data_ram.g_sram\[2\].u_macro/dout0[29]
 u_data_ram.g_sram\[2\].u_macro/dout0[2]
 u_data_ram.g_sram\[2\].u_macro/dout0[30]
 u_data_ram.g_sram\[2\].u_macro/dout0[31]
 u_data_ram.g_sram\[2\].u_macro/dout0[3]
 u_data_ram.g_sram\[2\].u_macro/dout0[4]
 u_data_ram.g_sram\[2\].u_macro/dout0[5]
 u_data_ram.g_sram\[2\].u_macro/dout0[6]
 u_data_ram.g_sram\[2\].u_macro/dout0[7]
 u_data_ram.g_sram\[2\].u_macro/dout0[8]
 u_data_ram.g_sram\[2\].u_macro/dout0[9]
 u_data_ram.g_sram\[3\].u_macro/dout0[0]
 u_data_ram.g_sram\[3\].u_macro/dout0[10]
 u_data_ram.g_sram\[3\].u_macro/dout0[11]
 u_data_ram.g_sram\[3\].u_macro/dout0[12]
 u_data_ram.g_sram\[3\].u_macro/dout0[13]
 u_data_ram.g_sram\[3\].u_macro/dout0[14]
 u_data_ram.g_sram\[3\].u_macro/dout0[15]
 u_data_ram.g_sram\[3\].u_macro/dout0[16]
 u_data_ram.g_sram\[3\].u_macro/dout0[17]
 u_data_ram.g_sram\[3\].u_macro/dout0[18]
 u_data_ram.g_sram\[3\].u_macro/dout0[19]
 u_data_ram.g_sram\[3\].u_macro/dout0[1]
 u_data_ram.g_sram\[3\].u_macro/dout0[20]
 u_data_ram.g_sram\[3\].u_macro/dout0[21]
 u_data_ram.g_sram\[3\].u_macro/dout0[22]
 u_data_ram.g_sram\[3\].u_macro/dout0[23]
 u_data_ram.g_sram\[3\].u_macro/dout0[24]
 u_data_ram.g_sram\[3\].u_macro/dout0[25]
 u_data_ram.g_sram\[3\].u_macro/dout0[26]
 u_data_ram.g_sram\[3\].u_macro/dout0[27]
 u_data_ram.g_sram\[3\].u_macro/dout0[28]
 u_data_ram.g_sram\[3\].u_macro/dout0[29]
 u_data_ram.g_sram\[3\].u_macro/dout0[2]
 u_data_ram.g_sram\[3\].u_macro/dout0[30]
 u_data_ram.g_sram\[3\].u_macro/dout0[31]
 u_data_ram.g_sram\[3\].u_macro/dout0[3]
 u_data_ram.g_sram\[3\].u_macro/dout0[4]
 u_data_ram.g_sram\[3\].u_macro/dout0[5]
 u_data_ram.g_sram\[3\].u_macro/dout0[6]
 u_data_ram.g_sram\[3\].u_macro/dout0[7]
 u_data_ram.g_sram\[3\].u_macro/dout0[8]
 u_data_ram.g_sram\[3\].u_macro/dout0[9]
 u_instruction_ram.g_sram\[0\].u_macro/dout0[0]
 u_instruction_ram.g_sram\[0\].u_macro/dout0[10]
 u_instruction_ram.g_sram\[0\].u_macro/dout0[11]
 u_instruction_ram.g_sram\[0\].u_macro/dout0[12]
 u_instruction_ram.g_sram\[0\].u_macro/dout0[13]
 u_instruction_ram.g_sram\[0\].u_macro/dout0[14]
 u_instruction_ram.g_sram\[0\].u_macro/dout0[15]
 u_instruction_ram.g_sram\[0\].u_macro/dout0[16]
 u_instruction_ram.g_sram\[0\].u_macro/dout0[17]
 u_instruction_ram.g_sram\[0\].u_macro/dout0[18]
 u_instruction_ram.g_sram\[0\].u_macro/dout0[19]
 u_instruction_ram.g_sram\[0\].u_macro/dout0[1]
 u_instruction_ram.g_sram\[0\].u_macro/dout0[20]
 u_instruction_ram.g_sram\[0\].u_macro/dout0[21]
 u_instruction_ram.g_sram\[0\].u_macro/dout0[22]
 u_instruction_ram.g_sram\[0\].u_macro/dout0[23]
 u_instruction_ram.g_sram\[0\].u_macro/dout0[24]
 u_instruction_ram.g_sram\[0\].u_macro/dout0[25]
 u_instruction_ram.g_sram\[0\].u_macro/dout0[26]
 u_instruction_ram.g_sram\[0\].u_macro/dout0[27]
 u_instruction_ram.g_sram\[0\].u_macro/dout0[28]
 u_instruction_ram.g_sram\[0\].u_macro/dout0[29]
 u_instruction_ram.g_sram\[0\].u_macro/dout0[2]
 u_instruction_ram.g_sram\[0\].u_macro/dout0[30]
 u_instruction_ram.g_sram\[0\].u_macro/dout0[31]
 u_instruction_ram.g_sram\[0\].u_macro/dout0[3]
 u_instruction_ram.g_sram\[0\].u_macro/dout0[4]
 u_instruction_ram.g_sram\[0\].u_macro/dout0[5]
 u_instruction_ram.g_sram\[0\].u_macro/dout0[6]
 u_instruction_ram.g_sram\[0\].u_macro/dout0[7]
 u_instruction_ram.g_sram\[0\].u_macro/dout0[8]
 u_instruction_ram.g_sram\[0\].u_macro/dout0[9]
 u_instruction_ram.g_sram\[1\].u_macro/dout0[0]
 u_instruction_ram.g_sram\[1\].u_macro/dout0[10]
 u_instruction_ram.g_sram\[1\].u_macro/dout0[11]
 u_instruction_ram.g_sram\[1\].u_macro/dout0[12]
 u_instruction_ram.g_sram\[1\].u_macro/dout0[13]
 u_instruction_ram.g_sram\[1\].u_macro/dout0[14]
 u_instruction_ram.g_sram\[1\].u_macro/dout0[15]
 u_instruction_ram.g_sram\[1\].u_macro/dout0[16]
 u_instruction_ram.g_sram\[1\].u_macro/dout0[17]
 u_instruction_ram.g_sram\[1\].u_macro/dout0[18]
 u_instruction_ram.g_sram\[1\].u_macro/dout0[19]
 u_instruction_ram.g_sram\[1\].u_macro/dout0[1]
 u_instruction_ram.g_sram\[1\].u_macro/dout0[20]
 u_instruction_ram.g_sram\[1\].u_macro/dout0[21]
 u_instruction_ram.g_sram\[1\].u_macro/dout0[22]
 u_instruction_ram.g_sram\[1\].u_macro/dout0[23]
 u_instruction_ram.g_sram\[1\].u_macro/dout0[24]
 u_instruction_ram.g_sram\[1\].u_macro/dout0[25]
 u_instruction_ram.g_sram\[1\].u_macro/dout0[26]
 u_instruction_ram.g_sram\[1\].u_macro/dout0[27]
 u_instruction_ram.g_sram\[1\].u_macro/dout0[28]
 u_instruction_ram.g_sram\[1\].u_macro/dout0[29]
 u_instruction_ram.g_sram\[1\].u_macro/dout0[2]
 u_instruction_ram.g_sram\[1\].u_macro/dout0[30]
 u_instruction_ram.g_sram\[1\].u_macro/dout0[31]
 u_instruction_ram.g_sram\[1\].u_macro/dout0[3]
 u_instruction_ram.g_sram\[1\].u_macro/dout0[4]
 u_instruction_ram.g_sram\[1\].u_macro/dout0[5]
 u_instruction_ram.g_sram\[1\].u_macro/dout0[6]
 u_instruction_ram.g_sram\[1\].u_macro/dout0[7]
 u_instruction_ram.g_sram\[1\].u_macro/dout0[8]
 u_instruction_ram.g_sram\[1\].u_macro/dout0[9]
 u_instruction_ram.g_sram\[2\].u_macro/dout0[0]
 u_instruction_ram.g_sram\[2\].u_macro/dout0[10]
 u_instruction_ram.g_sram\[2\].u_macro/dout0[11]
 u_instruction_ram.g_sram\[2\].u_macro/dout0[12]
 u_instruction_ram.g_sram\[2\].u_macro/dout0[13]
 u_instruction_ram.g_sram\[2\].u_macro/dout0[14]
 u_instruction_ram.g_sram\[2\].u_macro/dout0[15]
 u_instruction_ram.g_sram\[2\].u_macro/dout0[16]
 u_instruction_ram.g_sram\[2\].u_macro/dout0[17]
 u_instruction_ram.g_sram\[2\].u_macro/dout0[18]
 u_instruction_ram.g_sram\[2\].u_macro/dout0[19]
 u_instruction_ram.g_sram\[2\].u_macro/dout0[1]
 u_instruction_ram.g_sram\[2\].u_macro/dout0[20]
 u_instruction_ram.g_sram\[2\].u_macro/dout0[21]
 u_instruction_ram.g_sram\[2\].u_macro/dout0[22]
 u_instruction_ram.g_sram\[2\].u_macro/dout0[23]
 u_instruction_ram.g_sram\[2\].u_macro/dout0[24]
 u_instruction_ram.g_sram\[2\].u_macro/dout0[25]
 u_instruction_ram.g_sram\[2\].u_macro/dout0[26]
 u_instruction_ram.g_sram\[2\].u_macro/dout0[27]
 u_instruction_ram.g_sram\[2\].u_macro/dout0[28]
 u_instruction_ram.g_sram\[2\].u_macro/dout0[29]
 u_instruction_ram.g_sram\[2\].u_macro/dout0[2]
 u_instruction_ram.g_sram\[2\].u_macro/dout0[30]
 u_instruction_ram.g_sram\[2\].u_macro/dout0[31]
 u_instruction_ram.g_sram\[2\].u_macro/dout0[3]
 u_instruction_ram.g_sram\[2\].u_macro/dout0[4]
 u_instruction_ram.g_sram\[2\].u_macro/dout0[5]
 u_instruction_ram.g_sram\[2\].u_macro/dout0[6]
 u_instruction_ram.g_sram\[2\].u_macro/dout0[7]
 u_instruction_ram.g_sram\[2\].u_macro/dout0[8]
 u_instruction_ram.g_sram\[2\].u_macro/dout0[9]
 u_instruction_ram.g_sram\[3\].u_macro/dout0[0]
 u_instruction_ram.g_sram\[3\].u_macro/dout0[10]
 u_instruction_ram.g_sram\[3\].u_macro/dout0[11]
 u_instruction_ram.g_sram\[3\].u_macro/dout0[12]
 u_instruction_ram.g_sram\[3\].u_macro/dout0[13]
 u_instruction_ram.g_sram\[3\].u_macro/dout0[14]
 u_instruction_ram.g_sram\[3\].u_macro/dout0[15]
 u_instruction_ram.g_sram\[3\].u_macro/dout0[16]
 u_instruction_ram.g_sram\[3\].u_macro/dout0[17]
 u_instruction_ram.g_sram\[3\].u_macro/dout0[18]
 u_instruction_ram.g_sram\[3\].u_macro/dout0[19]
 u_instruction_ram.g_sram\[3\].u_macro/dout0[1]
 u_instruction_ram.g_sram\[3\].u_macro/dout0[20]
 u_instruction_ram.g_sram\[3\].u_macro/dout0[21]
 u_instruction_ram.g_sram\[3\].u_macro/dout0[22]
 u_instruction_ram.g_sram\[3\].u_macro/dout0[23]
 u_instruction_ram.g_sram\[3\].u_macro/dout0[24]
 u_instruction_ram.g_sram\[3\].u_macro/dout0[25]
 u_instruction_ram.g_sram\[3\].u_macro/dout0[26]
 u_instruction_ram.g_sram\[3\].u_macro/dout0[27]
 u_instruction_ram.g_sram\[3\].u_macro/dout0[28]
 u_instruction_ram.g_sram\[3\].u_macro/dout0[29]
 u_instruction_ram.g_sram\[3\].u_macro/dout0[2]
 u_instruction_ram.g_sram\[3\].u_macro/dout0[30]
 u_instruction_ram.g_sram\[3\].u_macro/dout0[31]
 u_instruction_ram.g_sram\[3\].u_macro/dout0[3]
 u_instruction_ram.g_sram\[3\].u_macro/dout0[4]
 u_instruction_ram.g_sram\[3\].u_macro/dout0[5]
 u_instruction_ram.g_sram\[3\].u_macro/dout0[6]
 u_instruction_ram.g_sram\[3\].u_macro/dout0[7]
 u_instruction_ram.g_sram\[3\].u_macro/dout0[8]
 u_instruction_ram.g_sram\[3\].u_macro/dout0[9]
 u_npu.u_npu_sram.g_sram\[0\].u_macro/dout1[0]
 u_npu.u_npu_sram.g_sram\[0\].u_macro/dout1[10]
 u_npu.u_npu_sram.g_sram\[0\].u_macro/dout1[11]
 u_npu.u_npu_sram.g_sram\[0\].u_macro/dout1[12]
 u_npu.u_npu_sram.g_sram\[0\].u_macro/dout1[13]
 u_npu.u_npu_sram.g_sram\[0\].u_macro/dout1[14]
 u_npu.u_npu_sram.g_sram\[0\].u_macro/dout1[15]
 u_npu.u_npu_sram.g_sram\[0\].u_macro/dout1[16]
 u_npu.u_npu_sram.g_sram\[0\].u_macro/dout1[17]
 u_npu.u_npu_sram.g_sram\[0\].u_macro/dout1[18]
 u_npu.u_npu_sram.g_sram\[0\].u_macro/dout1[19]
 u_npu.u_npu_sram.g_sram\[0\].u_macro/dout1[1]
 u_npu.u_npu_sram.g_sram\[0\].u_macro/dout1[20]
 u_npu.u_npu_sram.g_sram\[0\].u_macro/dout1[21]
 u_npu.u_npu_sram.g_sram\[0\].u_macro/dout1[22]
 u_npu.u_npu_sram.g_sram\[0\].u_macro/dout1[23]
 u_npu.u_npu_sram.g_sram\[0\].u_macro/dout1[24]
 u_npu.u_npu_sram.g_sram\[0\].u_macro/dout1[25]
 u_npu.u_npu_sram.g_sram\[0\].u_macro/dout1[26]
 u_npu.u_npu_sram.g_sram\[0\].u_macro/dout1[27]
 u_npu.u_npu_sram.g_sram\[0\].u_macro/dout1[28]
 u_npu.u_npu_sram.g_sram\[0\].u_macro/dout1[29]
 u_npu.u_npu_sram.g_sram\[0\].u_macro/dout1[2]
 u_npu.u_npu_sram.g_sram\[0\].u_macro/dout1[30]
 u_npu.u_npu_sram.g_sram\[0\].u_macro/dout1[31]
 u_npu.u_npu_sram.g_sram\[0\].u_macro/dout1[3]
 u_npu.u_npu_sram.g_sram\[0\].u_macro/dout1[4]
 u_npu.u_npu_sram.g_sram\[0\].u_macro/dout1[5]
 u_npu.u_npu_sram.g_sram\[0\].u_macro/dout1[6]
 u_npu.u_npu_sram.g_sram\[0\].u_macro/dout1[7]
 u_npu.u_npu_sram.g_sram\[0\].u_macro/dout1[8]
 u_npu.u_npu_sram.g_sram\[0\].u_macro/dout1[9]
 u_npu.u_npu_sram.g_sram\[10\].u_macro/dout1[0]
 u_npu.u_npu_sram.g_sram\[10\].u_macro/dout1[10]
 u_npu.u_npu_sram.g_sram\[10\].u_macro/dout1[11]
 u_npu.u_npu_sram.g_sram\[10\].u_macro/dout1[12]
 u_npu.u_npu_sram.g_sram\[10\].u_macro/dout1[13]
 u_npu.u_npu_sram.g_sram\[10\].u_macro/dout1[14]
 u_npu.u_npu_sram.g_sram\[10\].u_macro/dout1[15]
 u_npu.u_npu_sram.g_sram\[10\].u_macro/dout1[16]
 u_npu.u_npu_sram.g_sram\[10\].u_macro/dout1[17]
 u_npu.u_npu_sram.g_sram\[10\].u_macro/dout1[18]
 u_npu.u_npu_sram.g_sram\[10\].u_macro/dout1[19]
 u_npu.u_npu_sram.g_sram\[10\].u_macro/dout1[1]
 u_npu.u_npu_sram.g_sram\[10\].u_macro/dout1[20]
 u_npu.u_npu_sram.g_sram\[10\].u_macro/dout1[21]
 u_npu.u_npu_sram.g_sram\[10\].u_macro/dout1[22]
 u_npu.u_npu_sram.g_sram\[10\].u_macro/dout1[23]
 u_npu.u_npu_sram.g_sram\[10\].u_macro/dout1[24]
 u_npu.u_npu_sram.g_sram\[10\].u_macro/dout1[25]
 u_npu.u_npu_sram.g_sram\[10\].u_macro/dout1[26]
 u_npu.u_npu_sram.g_sram\[10\].u_macro/dout1[27]
 u_npu.u_npu_sram.g_sram\[10\].u_macro/dout1[28]
 u_npu.u_npu_sram.g_sram\[10\].u_macro/dout1[29]
 u_npu.u_npu_sram.g_sram\[10\].u_macro/dout1[2]
 u_npu.u_npu_sram.g_sram\[10\].u_macro/dout1[30]
 u_npu.u_npu_sram.g_sram\[10\].u_macro/dout1[31]
 u_npu.u_npu_sram.g_sram\[10\].u_macro/dout1[3]
 u_npu.u_npu_sram.g_sram\[10\].u_macro/dout1[4]
 u_npu.u_npu_sram.g_sram\[10\].u_macro/dout1[5]
 u_npu.u_npu_sram.g_sram\[10\].u_macro/dout1[6]
 u_npu.u_npu_sram.g_sram\[10\].u_macro/dout1[7]
 u_npu.u_npu_sram.g_sram\[10\].u_macro/dout1[8]
 u_npu.u_npu_sram.g_sram\[10\].u_macro/dout1[9]
 u_npu.u_npu_sram.g_sram\[11\].u_macro/dout1[0]
 u_npu.u_npu_sram.g_sram\[11\].u_macro/dout1[10]
 u_npu.u_npu_sram.g_sram\[11\].u_macro/dout1[11]
 u_npu.u_npu_sram.g_sram\[11\].u_macro/dout1[12]
 u_npu.u_npu_sram.g_sram\[11\].u_macro/dout1[13]
 u_npu.u_npu_sram.g_sram\[11\].u_macro/dout1[14]
 u_npu.u_npu_sram.g_sram\[11\].u_macro/dout1[15]
 u_npu.u_npu_sram.g_sram\[11\].u_macro/dout1[16]
 u_npu.u_npu_sram.g_sram\[11\].u_macro/dout1[17]
 u_npu.u_npu_sram.g_sram\[11\].u_macro/dout1[18]
 u_npu.u_npu_sram.g_sram\[11\].u_macro/dout1[19]
 u_npu.u_npu_sram.g_sram\[11\].u_macro/dout1[1]
 u_npu.u_npu_sram.g_sram\[11\].u_macro/dout1[20]
 u_npu.u_npu_sram.g_sram\[11\].u_macro/dout1[21]
 u_npu.u_npu_sram.g_sram\[11\].u_macro/dout1[22]
 u_npu.u_npu_sram.g_sram\[11\].u_macro/dout1[23]
 u_npu.u_npu_sram.g_sram\[11\].u_macro/dout1[24]
 u_npu.u_npu_sram.g_sram\[11\].u_macro/dout1[25]
 u_npu.u_npu_sram.g_sram\[11\].u_macro/dout1[26]
 u_npu.u_npu_sram.g_sram\[11\].u_macro/dout1[27]
 u_npu.u_npu_sram.g_sram\[11\].u_macro/dout1[28]
 u_npu.u_npu_sram.g_sram\[11\].u_macro/dout1[29]
 u_npu.u_npu_sram.g_sram\[11\].u_macro/dout1[2]
 u_npu.u_npu_sram.g_sram\[11\].u_macro/dout1[30]
 u_npu.u_npu_sram.g_sram\[11\].u_macro/dout1[31]
 u_npu.u_npu_sram.g_sram\[11\].u_macro/dout1[3]
 u_npu.u_npu_sram.g_sram\[11\].u_macro/dout1[4]
 u_npu.u_npu_sram.g_sram\[11\].u_macro/dout1[5]
 u_npu.u_npu_sram.g_sram\[11\].u_macro/dout1[6]
 u_npu.u_npu_sram.g_sram\[11\].u_macro/dout1[7]
 u_npu.u_npu_sram.g_sram\[11\].u_macro/dout1[8]
 u_npu.u_npu_sram.g_sram\[11\].u_macro/dout1[9]
 u_npu.u_npu_sram.g_sram\[12\].u_macro/dout1[0]
 u_npu.u_npu_sram.g_sram\[12\].u_macro/dout1[10]
 u_npu.u_npu_sram.g_sram\[12\].u_macro/dout1[11]
 u_npu.u_npu_sram.g_sram\[12\].u_macro/dout1[12]
 u_npu.u_npu_sram.g_sram\[12\].u_macro/dout1[13]
 u_npu.u_npu_sram.g_sram\[12\].u_macro/dout1[14]
 u_npu.u_npu_sram.g_sram\[12\].u_macro/dout1[15]
 u_npu.u_npu_sram.g_sram\[12\].u_macro/dout1[16]
 u_npu.u_npu_sram.g_sram\[12\].u_macro/dout1[17]
 u_npu.u_npu_sram.g_sram\[12\].u_macro/dout1[18]
 u_npu.u_npu_sram.g_sram\[12\].u_macro/dout1[19]
 u_npu.u_npu_sram.g_sram\[12\].u_macro/dout1[1]
 u_npu.u_npu_sram.g_sram\[12\].u_macro/dout1[20]
 u_npu.u_npu_sram.g_sram\[12\].u_macro/dout1[21]
 u_npu.u_npu_sram.g_sram\[12\].u_macro/dout1[22]
 u_npu.u_npu_sram.g_sram\[12\].u_macro/dout1[23]
 u_npu.u_npu_sram.g_sram\[12\].u_macro/dout1[24]
 u_npu.u_npu_sram.g_sram\[12\].u_macro/dout1[25]
 u_npu.u_npu_sram.g_sram\[12\].u_macro/dout1[26]
 u_npu.u_npu_sram.g_sram\[12\].u_macro/dout1[27]
 u_npu.u_npu_sram.g_sram\[12\].u_macro/dout1[28]
 u_npu.u_npu_sram.g_sram\[12\].u_macro/dout1[29]
 u_npu.u_npu_sram.g_sram\[12\].u_macro/dout1[2]
 u_npu.u_npu_sram.g_sram\[12\].u_macro/dout1[30]
 u_npu.u_npu_sram.g_sram\[12\].u_macro/dout1[31]
 u_npu.u_npu_sram.g_sram\[12\].u_macro/dout1[3]
 u_npu.u_npu_sram.g_sram\[12\].u_macro/dout1[4]
 u_npu.u_npu_sram.g_sram\[12\].u_macro/dout1[5]
 u_npu.u_npu_sram.g_sram\[12\].u_macro/dout1[6]
 u_npu.u_npu_sram.g_sram\[12\].u_macro/dout1[7]
 u_npu.u_npu_sram.g_sram\[12\].u_macro/dout1[8]
 u_npu.u_npu_sram.g_sram\[12\].u_macro/dout1[9]
 u_npu.u_npu_sram.g_sram\[13\].u_macro/dout1[0]
 u_npu.u_npu_sram.g_sram\[13\].u_macro/dout1[10]
 u_npu.u_npu_sram.g_sram\[13\].u_macro/dout1[11]
 u_npu.u_npu_sram.g_sram\[13\].u_macro/dout1[12]
 u_npu.u_npu_sram.g_sram\[13\].u_macro/dout1[13]
 u_npu.u_npu_sram.g_sram\[13\].u_macro/dout1[14]
 u_npu.u_npu_sram.g_sram\[13\].u_macro/dout1[15]
 u_npu.u_npu_sram.g_sram\[13\].u_macro/dout1[16]
 u_npu.u_npu_sram.g_sram\[13\].u_macro/dout1[17]
 u_npu.u_npu_sram.g_sram\[13\].u_macro/dout1[18]
 u_npu.u_npu_sram.g_sram\[13\].u_macro/dout1[19]
 u_npu.u_npu_sram.g_sram\[13\].u_macro/dout1[1]
 u_npu.u_npu_sram.g_sram\[13\].u_macro/dout1[20]
 u_npu.u_npu_sram.g_sram\[13\].u_macro/dout1[21]
 u_npu.u_npu_sram.g_sram\[13\].u_macro/dout1[22]
 u_npu.u_npu_sram.g_sram\[13\].u_macro/dout1[23]
 u_npu.u_npu_sram.g_sram\[13\].u_macro/dout1[24]
 u_npu.u_npu_sram.g_sram\[13\].u_macro/dout1[25]
 u_npu.u_npu_sram.g_sram\[13\].u_macro/dout1[26]
 u_npu.u_npu_sram.g_sram\[13\].u_macro/dout1[27]
 u_npu.u_npu_sram.g_sram\[13\].u_macro/dout1[28]
 u_npu.u_npu_sram.g_sram\[13\].u_macro/dout1[29]
 u_npu.u_npu_sram.g_sram\[13\].u_macro/dout1[2]
 u_npu.u_npu_sram.g_sram\[13\].u_macro/dout1[30]
 u_npu.u_npu_sram.g_sram\[13\].u_macro/dout1[31]
 u_npu.u_npu_sram.g_sram\[13\].u_macro/dout1[3]
 u_npu.u_npu_sram.g_sram\[13\].u_macro/dout1[4]
 u_npu.u_npu_sram.g_sram\[13\].u_macro/dout1[5]
 u_npu.u_npu_sram.g_sram\[13\].u_macro/dout1[6]
 u_npu.u_npu_sram.g_sram\[13\].u_macro/dout1[7]
 u_npu.u_npu_sram.g_sram\[13\].u_macro/dout1[8]
 u_npu.u_npu_sram.g_sram\[13\].u_macro/dout1[9]
 u_npu.u_npu_sram.g_sram\[14\].u_macro/dout1[0]
 u_npu.u_npu_sram.g_sram\[14\].u_macro/dout1[10]
 u_npu.u_npu_sram.g_sram\[14\].u_macro/dout1[11]
 u_npu.u_npu_sram.g_sram\[14\].u_macro/dout1[12]
 u_npu.u_npu_sram.g_sram\[14\].u_macro/dout1[13]
 u_npu.u_npu_sram.g_sram\[14\].u_macro/dout1[14]
 u_npu.u_npu_sram.g_sram\[14\].u_macro/dout1[15]
 u_npu.u_npu_sram.g_sram\[14\].u_macro/dout1[16]
 u_npu.u_npu_sram.g_sram\[14\].u_macro/dout1[17]
 u_npu.u_npu_sram.g_sram\[14\].u_macro/dout1[18]
 u_npu.u_npu_sram.g_sram\[14\].u_macro/dout1[19]
 u_npu.u_npu_sram.g_sram\[14\].u_macro/dout1[1]
 u_npu.u_npu_sram.g_sram\[14\].u_macro/dout1[20]
 u_npu.u_npu_sram.g_sram\[14\].u_macro/dout1[21]
 u_npu.u_npu_sram.g_sram\[14\].u_macro/dout1[22]
 u_npu.u_npu_sram.g_sram\[14\].u_macro/dout1[23]
 u_npu.u_npu_sram.g_sram\[14\].u_macro/dout1[24]
 u_npu.u_npu_sram.g_sram\[14\].u_macro/dout1[25]
 u_npu.u_npu_sram.g_sram\[14\].u_macro/dout1[26]
 u_npu.u_npu_sram.g_sram\[14\].u_macro/dout1[27]
 u_npu.u_npu_sram.g_sram\[14\].u_macro/dout1[28]
 u_npu.u_npu_sram.g_sram\[14\].u_macro/dout1[29]
 u_npu.u_npu_sram.g_sram\[14\].u_macro/dout1[2]
 u_npu.u_npu_sram.g_sram\[14\].u_macro/dout1[30]
 u_npu.u_npu_sram.g_sram\[14\].u_macro/dout1[31]
 u_npu.u_npu_sram.g_sram\[14\].u_macro/dout1[3]
 u_npu.u_npu_sram.g_sram\[14\].u_macro/dout1[4]
 u_npu.u_npu_sram.g_sram\[14\].u_macro/dout1[5]
 u_npu.u_npu_sram.g_sram\[14\].u_macro/dout1[6]
 u_npu.u_npu_sram.g_sram\[14\].u_macro/dout1[7]
 u_npu.u_npu_sram.g_sram\[14\].u_macro/dout1[8]
 u_npu.u_npu_sram.g_sram\[14\].u_macro/dout1[9]
 u_npu.u_npu_sram.g_sram\[1\].u_macro/dout1[0]
 u_npu.u_npu_sram.g_sram\[1\].u_macro/dout1[10]
 u_npu.u_npu_sram.g_sram\[1\].u_macro/dout1[11]
 u_npu.u_npu_sram.g_sram\[1\].u_macro/dout1[12]
 u_npu.u_npu_sram.g_sram\[1\].u_macro/dout1[13]
 u_npu.u_npu_sram.g_sram\[1\].u_macro/dout1[14]
 u_npu.u_npu_sram.g_sram\[1\].u_macro/dout1[15]
 u_npu.u_npu_sram.g_sram\[1\].u_macro/dout1[16]
 u_npu.u_npu_sram.g_sram\[1\].u_macro/dout1[17]
 u_npu.u_npu_sram.g_sram\[1\].u_macro/dout1[18]
 u_npu.u_npu_sram.g_sram\[1\].u_macro/dout1[19]
 u_npu.u_npu_sram.g_sram\[1\].u_macro/dout1[1]
 u_npu.u_npu_sram.g_sram\[1\].u_macro/dout1[20]
 u_npu.u_npu_sram.g_sram\[1\].u_macro/dout1[21]
 u_npu.u_npu_sram.g_sram\[1\].u_macro/dout1[22]
 u_npu.u_npu_sram.g_sram\[1\].u_macro/dout1[23]
 u_npu.u_npu_sram.g_sram\[1\].u_macro/dout1[24]
 u_npu.u_npu_sram.g_sram\[1\].u_macro/dout1[25]
 u_npu.u_npu_sram.g_sram\[1\].u_macro/dout1[26]
 u_npu.u_npu_sram.g_sram\[1\].u_macro/dout1[27]
 u_npu.u_npu_sram.g_sram\[1\].u_macro/dout1[28]
 u_npu.u_npu_sram.g_sram\[1\].u_macro/dout1[29]
 u_npu.u_npu_sram.g_sram\[1\].u_macro/dout1[2]
 u_npu.u_npu_sram.g_sram\[1\].u_macro/dout1[30]
 u_npu.u_npu_sram.g_sram\[1\].u_macro/dout1[31]
 u_npu.u_npu_sram.g_sram\[1\].u_macro/dout1[3]
 u_npu.u_npu_sram.g_sram\[1\].u_macro/dout1[4]
 u_npu.u_npu_sram.g_sram\[1\].u_macro/dout1[5]
 u_npu.u_npu_sram.g_sram\[1\].u_macro/dout1[6]
 u_npu.u_npu_sram.g_sram\[1\].u_macro/dout1[7]
 u_npu.u_npu_sram.g_sram\[1\].u_macro/dout1[8]
 u_npu.u_npu_sram.g_sram\[1\].u_macro/dout1[9]
 u_npu.u_npu_sram.g_sram\[2\].u_macro/dout1[0]
 u_npu.u_npu_sram.g_sram\[2\].u_macro/dout1[10]
 u_npu.u_npu_sram.g_sram\[2\].u_macro/dout1[11]
 u_npu.u_npu_sram.g_sram\[2\].u_macro/dout1[12]
 u_npu.u_npu_sram.g_sram\[2\].u_macro/dout1[13]
 u_npu.u_npu_sram.g_sram\[2\].u_macro/dout1[14]
 u_npu.u_npu_sram.g_sram\[2\].u_macro/dout1[15]
 u_npu.u_npu_sram.g_sram\[2\].u_macro/dout1[16]
 u_npu.u_npu_sram.g_sram\[2\].u_macro/dout1[17]
 u_npu.u_npu_sram.g_sram\[2\].u_macro/dout1[18]
 u_npu.u_npu_sram.g_sram\[2\].u_macro/dout1[19]
 u_npu.u_npu_sram.g_sram\[2\].u_macro/dout1[1]
 u_npu.u_npu_sram.g_sram\[2\].u_macro/dout1[20]
 u_npu.u_npu_sram.g_sram\[2\].u_macro/dout1[21]
 u_npu.u_npu_sram.g_sram\[2\].u_macro/dout1[22]
 u_npu.u_npu_sram.g_sram\[2\].u_macro/dout1[23]
 u_npu.u_npu_sram.g_sram\[2\].u_macro/dout1[24]
 u_npu.u_npu_sram.g_sram\[2\].u_macro/dout1[25]
 u_npu.u_npu_sram.g_sram\[2\].u_macro/dout1[26]
 u_npu.u_npu_sram.g_sram\[2\].u_macro/dout1[27]
 u_npu.u_npu_sram.g_sram\[2\].u_macro/dout1[28]
 u_npu.u_npu_sram.g_sram\[2\].u_macro/dout1[29]
 u_npu.u_npu_sram.g_sram\[2\].u_macro/dout1[2]
 u_npu.u_npu_sram.g_sram\[2\].u_macro/dout1[30]
 u_npu.u_npu_sram.g_sram\[2\].u_macro/dout1[31]
 u_npu.u_npu_sram.g_sram\[2\].u_macro/dout1[3]
 u_npu.u_npu_sram.g_sram\[2\].u_macro/dout1[4]
 u_npu.u_npu_sram.g_sram\[2\].u_macro/dout1[5]
 u_npu.u_npu_sram.g_sram\[2\].u_macro/dout1[6]
 u_npu.u_npu_sram.g_sram\[2\].u_macro/dout1[7]
 u_npu.u_npu_sram.g_sram\[2\].u_macro/dout1[8]
 u_npu.u_npu_sram.g_sram\[2\].u_macro/dout1[9]
 u_npu.u_npu_sram.g_sram\[3\].u_macro/dout1[0]
 u_npu.u_npu_sram.g_sram\[3\].u_macro/dout1[10]
 u_npu.u_npu_sram.g_sram\[3\].u_macro/dout1[11]
 u_npu.u_npu_sram.g_sram\[3\].u_macro/dout1[12]
 u_npu.u_npu_sram.g_sram\[3\].u_macro/dout1[13]
 u_npu.u_npu_sram.g_sram\[3\].u_macro/dout1[14]
 u_npu.u_npu_sram.g_sram\[3\].u_macro/dout1[15]
 u_npu.u_npu_sram.g_sram\[3\].u_macro/dout1[16]
 u_npu.u_npu_sram.g_sram\[3\].u_macro/dout1[17]
 u_npu.u_npu_sram.g_sram\[3\].u_macro/dout1[18]
 u_npu.u_npu_sram.g_sram\[3\].u_macro/dout1[19]
 u_npu.u_npu_sram.g_sram\[3\].u_macro/dout1[1]
 u_npu.u_npu_sram.g_sram\[3\].u_macro/dout1[20]
 u_npu.u_npu_sram.g_sram\[3\].u_macro/dout1[21]
 u_npu.u_npu_sram.g_sram\[3\].u_macro/dout1[22]
 u_npu.u_npu_sram.g_sram\[3\].u_macro/dout1[23]
 u_npu.u_npu_sram.g_sram\[3\].u_macro/dout1[24]
 u_npu.u_npu_sram.g_sram\[3\].u_macro/dout1[25]
 u_npu.u_npu_sram.g_sram\[3\].u_macro/dout1[26]
 u_npu.u_npu_sram.g_sram\[3\].u_macro/dout1[27]
 u_npu.u_npu_sram.g_sram\[3\].u_macro/dout1[28]
 u_npu.u_npu_sram.g_sram\[3\].u_macro/dout1[29]
 u_npu.u_npu_sram.g_sram\[3\].u_macro/dout1[2]
 u_npu.u_npu_sram.g_sram\[3\].u_macro/dout1[30]
 u_npu.u_npu_sram.g_sram\[3\].u_macro/dout1[31]
 u_npu.u_npu_sram.g_sram\[3\].u_macro/dout1[3]
 u_npu.u_npu_sram.g_sram\[3\].u_macro/dout1[4]
 u_npu.u_npu_sram.g_sram\[3\].u_macro/dout1[5]
 u_npu.u_npu_sram.g_sram\[3\].u_macro/dout1[6]
 u_npu.u_npu_sram.g_sram\[3\].u_macro/dout1[7]
 u_npu.u_npu_sram.g_sram\[3\].u_macro/dout1[8]
 u_npu.u_npu_sram.g_sram\[3\].u_macro/dout1[9]
 u_npu.u_npu_sram.g_sram\[4\].u_macro/dout1[0]
 u_npu.u_npu_sram.g_sram\[4\].u_macro/dout1[10]
 u_npu.u_npu_sram.g_sram\[4\].u_macro/dout1[11]
 u_npu.u_npu_sram.g_sram\[4\].u_macro/dout1[12]
 u_npu.u_npu_sram.g_sram\[4\].u_macro/dout1[13]
 u_npu.u_npu_sram.g_sram\[4\].u_macro/dout1[14]
 u_npu.u_npu_sram.g_sram\[4\].u_macro/dout1[15]
 u_npu.u_npu_sram.g_sram\[4\].u_macro/dout1[16]
 u_npu.u_npu_sram.g_sram\[4\].u_macro/dout1[17]
 u_npu.u_npu_sram.g_sram\[4\].u_macro/dout1[18]
 u_npu.u_npu_sram.g_sram\[4\].u_macro/dout1[19]
 u_npu.u_npu_sram.g_sram\[4\].u_macro/dout1[1]
 u_npu.u_npu_sram.g_sram\[4\].u_macro/dout1[20]
 u_npu.u_npu_sram.g_sram\[4\].u_macro/dout1[21]
 u_npu.u_npu_sram.g_sram\[4\].u_macro/dout1[22]
 u_npu.u_npu_sram.g_sram\[4\].u_macro/dout1[23]
 u_npu.u_npu_sram.g_sram\[4\].u_macro/dout1[24]
 u_npu.u_npu_sram.g_sram\[4\].u_macro/dout1[25]
 u_npu.u_npu_sram.g_sram\[4\].u_macro/dout1[26]
 u_npu.u_npu_sram.g_sram\[4\].u_macro/dout1[27]
 u_npu.u_npu_sram.g_sram\[4\].u_macro/dout1[28]
 u_npu.u_npu_sram.g_sram\[4\].u_macro/dout1[29]
 u_npu.u_npu_sram.g_sram\[4\].u_macro/dout1[2]
 u_npu.u_npu_sram.g_sram\[4\].u_macro/dout1[30]
 u_npu.u_npu_sram.g_sram\[4\].u_macro/dout1[31]
 u_npu.u_npu_sram.g_sram\[4\].u_macro/dout1[3]
 u_npu.u_npu_sram.g_sram\[4\].u_macro/dout1[4]
 u_npu.u_npu_sram.g_sram\[4\].u_macro/dout1[5]
 u_npu.u_npu_sram.g_sram\[4\].u_macro/dout1[6]
 u_npu.u_npu_sram.g_sram\[4\].u_macro/dout1[7]
 u_npu.u_npu_sram.g_sram\[4\].u_macro/dout1[8]
 u_npu.u_npu_sram.g_sram\[4\].u_macro/dout1[9]
 u_npu.u_npu_sram.g_sram\[5\].u_macro/dout1[0]
 u_npu.u_npu_sram.g_sram\[5\].u_macro/dout1[10]
 u_npu.u_npu_sram.g_sram\[5\].u_macro/dout1[11]
 u_npu.u_npu_sram.g_sram\[5\].u_macro/dout1[12]
 u_npu.u_npu_sram.g_sram\[5\].u_macro/dout1[13]
 u_npu.u_npu_sram.g_sram\[5\].u_macro/dout1[14]
 u_npu.u_npu_sram.g_sram\[5\].u_macro/dout1[15]
 u_npu.u_npu_sram.g_sram\[5\].u_macro/dout1[16]
 u_npu.u_npu_sram.g_sram\[5\].u_macro/dout1[17]
 u_npu.u_npu_sram.g_sram\[5\].u_macro/dout1[18]
 u_npu.u_npu_sram.g_sram\[5\].u_macro/dout1[19]
 u_npu.u_npu_sram.g_sram\[5\].u_macro/dout1[1]
 u_npu.u_npu_sram.g_sram\[5\].u_macro/dout1[20]
 u_npu.u_npu_sram.g_sram\[5\].u_macro/dout1[21]
 u_npu.u_npu_sram.g_sram\[5\].u_macro/dout1[22]
 u_npu.u_npu_sram.g_sram\[5\].u_macro/dout1[23]
 u_npu.u_npu_sram.g_sram\[5\].u_macro/dout1[24]
 u_npu.u_npu_sram.g_sram\[5\].u_macro/dout1[25]
 u_npu.u_npu_sram.g_sram\[5\].u_macro/dout1[26]
 u_npu.u_npu_sram.g_sram\[5\].u_macro/dout1[27]
 u_npu.u_npu_sram.g_sram\[5\].u_macro/dout1[28]
 u_npu.u_npu_sram.g_sram\[5\].u_macro/dout1[29]
 u_npu.u_npu_sram.g_sram\[5\].u_macro/dout1[2]
 u_npu.u_npu_sram.g_sram\[5\].u_macro/dout1[30]
 u_npu.u_npu_sram.g_sram\[5\].u_macro/dout1[31]
 u_npu.u_npu_sram.g_sram\[5\].u_macro/dout1[3]
 u_npu.u_npu_sram.g_sram\[5\].u_macro/dout1[4]
 u_npu.u_npu_sram.g_sram\[5\].u_macro/dout1[5]
 u_npu.u_npu_sram.g_sram\[5\].u_macro/dout1[6]
 u_npu.u_npu_sram.g_sram\[5\].u_macro/dout1[7]
 u_npu.u_npu_sram.g_sram\[5\].u_macro/dout1[8]
 u_npu.u_npu_sram.g_sram\[5\].u_macro/dout1[9]
 u_npu.u_npu_sram.g_sram\[6\].u_macro/dout1[0]
 u_npu.u_npu_sram.g_sram\[6\].u_macro/dout1[10]
 u_npu.u_npu_sram.g_sram\[6\].u_macro/dout1[11]
 u_npu.u_npu_sram.g_sram\[6\].u_macro/dout1[12]
 u_npu.u_npu_sram.g_sram\[6\].u_macro/dout1[13]
 u_npu.u_npu_sram.g_sram\[6\].u_macro/dout1[14]
 u_npu.u_npu_sram.g_sram\[6\].u_macro/dout1[15]
 u_npu.u_npu_sram.g_sram\[6\].u_macro/dout1[16]
 u_npu.u_npu_sram.g_sram\[6\].u_macro/dout1[17]
 u_npu.u_npu_sram.g_sram\[6\].u_macro/dout1[18]
 u_npu.u_npu_sram.g_sram\[6\].u_macro/dout1[19]
 u_npu.u_npu_sram.g_sram\[6\].u_macro/dout1[1]
 u_npu.u_npu_sram.g_sram\[6\].u_macro/dout1[20]
 u_npu.u_npu_sram.g_sram\[6\].u_macro/dout1[21]
 u_npu.u_npu_sram.g_sram\[6\].u_macro/dout1[22]
 u_npu.u_npu_sram.g_sram\[6\].u_macro/dout1[23]
 u_npu.u_npu_sram.g_sram\[6\].u_macro/dout1[24]
 u_npu.u_npu_sram.g_sram\[6\].u_macro/dout1[25]
 u_npu.u_npu_sram.g_sram\[6\].u_macro/dout1[26]
 u_npu.u_npu_sram.g_sram\[6\].u_macro/dout1[27]
 u_npu.u_npu_sram.g_sram\[6\].u_macro/dout1[28]
 u_npu.u_npu_sram.g_sram\[6\].u_macro/dout1[29]
 u_npu.u_npu_sram.g_sram\[6\].u_macro/dout1[2]
 u_npu.u_npu_sram.g_sram\[6\].u_macro/dout1[30]
 u_npu.u_npu_sram.g_sram\[6\].u_macro/dout1[31]
 u_npu.u_npu_sram.g_sram\[6\].u_macro/dout1[3]
 u_npu.u_npu_sram.g_sram\[6\].u_macro/dout1[4]
 u_npu.u_npu_sram.g_sram\[6\].u_macro/dout1[5]
 u_npu.u_npu_sram.g_sram\[6\].u_macro/dout1[6]
 u_npu.u_npu_sram.g_sram\[6\].u_macro/dout1[7]
 u_npu.u_npu_sram.g_sram\[6\].u_macro/dout1[8]
 u_npu.u_npu_sram.g_sram\[6\].u_macro/dout1[9]
 u_npu.u_npu_sram.g_sram\[7\].u_macro/dout1[0]
 u_npu.u_npu_sram.g_sram\[7\].u_macro/dout1[10]
 u_npu.u_npu_sram.g_sram\[7\].u_macro/dout1[11]
 u_npu.u_npu_sram.g_sram\[7\].u_macro/dout1[12]
 u_npu.u_npu_sram.g_sram\[7\].u_macro/dout1[13]
 u_npu.u_npu_sram.g_sram\[7\].u_macro/dout1[14]
 u_npu.u_npu_sram.g_sram\[7\].u_macro/dout1[15]
 u_npu.u_npu_sram.g_sram\[7\].u_macro/dout1[16]
 u_npu.u_npu_sram.g_sram\[7\].u_macro/dout1[17]
 u_npu.u_npu_sram.g_sram\[7\].u_macro/dout1[18]
 u_npu.u_npu_sram.g_sram\[7\].u_macro/dout1[19]
 u_npu.u_npu_sram.g_sram\[7\].u_macro/dout1[1]
 u_npu.u_npu_sram.g_sram\[7\].u_macro/dout1[20]
 u_npu.u_npu_sram.g_sram\[7\].u_macro/dout1[21]
 u_npu.u_npu_sram.g_sram\[7\].u_macro/dout1[22]
 u_npu.u_npu_sram.g_sram\[7\].u_macro/dout1[23]
 u_npu.u_npu_sram.g_sram\[7\].u_macro/dout1[24]
 u_npu.u_npu_sram.g_sram\[7\].u_macro/dout1[25]
 u_npu.u_npu_sram.g_sram\[7\].u_macro/dout1[26]
 u_npu.u_npu_sram.g_sram\[7\].u_macro/dout1[27]
 u_npu.u_npu_sram.g_sram\[7\].u_macro/dout1[28]
 u_npu.u_npu_sram.g_sram\[7\].u_macro/dout1[29]
 u_npu.u_npu_sram.g_sram\[7\].u_macro/dout1[2]
 u_npu.u_npu_sram.g_sram\[7\].u_macro/dout1[30]
 u_npu.u_npu_sram.g_sram\[7\].u_macro/dout1[31]
 u_npu.u_npu_sram.g_sram\[7\].u_macro/dout1[3]
 u_npu.u_npu_sram.g_sram\[7\].u_macro/dout1[4]
 u_npu.u_npu_sram.g_sram\[7\].u_macro/dout1[5]
 u_npu.u_npu_sram.g_sram\[7\].u_macro/dout1[6]
 u_npu.u_npu_sram.g_sram\[7\].u_macro/dout1[7]
 u_npu.u_npu_sram.g_sram\[7\].u_macro/dout1[8]
 u_npu.u_npu_sram.g_sram\[7\].u_macro/dout1[9]
 u_npu.u_npu_sram.g_sram\[8\].u_macro/dout1[0]
 u_npu.u_npu_sram.g_sram\[8\].u_macro/dout1[10]
 u_npu.u_npu_sram.g_sram\[8\].u_macro/dout1[11]
 u_npu.u_npu_sram.g_sram\[8\].u_macro/dout1[12]
 u_npu.u_npu_sram.g_sram\[8\].u_macro/dout1[13]
 u_npu.u_npu_sram.g_sram\[8\].u_macro/dout1[14]
 u_npu.u_npu_sram.g_sram\[8\].u_macro/dout1[15]
 u_npu.u_npu_sram.g_sram\[8\].u_macro/dout1[16]
 u_npu.u_npu_sram.g_sram\[8\].u_macro/dout1[17]
 u_npu.u_npu_sram.g_sram\[8\].u_macro/dout1[18]
 u_npu.u_npu_sram.g_sram\[8\].u_macro/dout1[19]
 u_npu.u_npu_sram.g_sram\[8\].u_macro/dout1[1]
 u_npu.u_npu_sram.g_sram\[8\].u_macro/dout1[20]
 u_npu.u_npu_sram.g_sram\[8\].u_macro/dout1[21]
 u_npu.u_npu_sram.g_sram\[8\].u_macro/dout1[22]
 u_npu.u_npu_sram.g_sram\[8\].u_macro/dout1[23]
 u_npu.u_npu_sram.g_sram\[8\].u_macro/dout1[24]
 u_npu.u_npu_sram.g_sram\[8\].u_macro/dout1[25]
 u_npu.u_npu_sram.g_sram\[8\].u_macro/dout1[26]
 u_npu.u_npu_sram.g_sram\[8\].u_macro/dout1[27]
 u_npu.u_npu_sram.g_sram\[8\].u_macro/dout1[28]
 u_npu.u_npu_sram.g_sram\[8\].u_macro/dout1[29]
 u_npu.u_npu_sram.g_sram\[8\].u_macro/dout1[2]
 u_npu.u_npu_sram.g_sram\[8\].u_macro/dout1[30]
 u_npu.u_npu_sram.g_sram\[8\].u_macro/dout1[31]
 u_npu.u_npu_sram.g_sram\[8\].u_macro/dout1[3]
 u_npu.u_npu_sram.g_sram\[8\].u_macro/dout1[4]
 u_npu.u_npu_sram.g_sram\[8\].u_macro/dout1[5]
 u_npu.u_npu_sram.g_sram\[8\].u_macro/dout1[6]
 u_npu.u_npu_sram.g_sram\[8\].u_macro/dout1[7]
 u_npu.u_npu_sram.g_sram\[8\].u_macro/dout1[8]
 u_npu.u_npu_sram.g_sram\[8\].u_macro/dout1[9]
 u_npu.u_npu_sram.g_sram\[9\].u_macro/dout1[0]
 u_npu.u_npu_sram.g_sram\[9\].u_macro/dout1[10]
 u_npu.u_npu_sram.g_sram\[9\].u_macro/dout1[11]
 u_npu.u_npu_sram.g_sram\[9\].u_macro/dout1[12]
 u_npu.u_npu_sram.g_sram\[9\].u_macro/dout1[13]
 u_npu.u_npu_sram.g_sram\[9\].u_macro/dout1[14]
 u_npu.u_npu_sram.g_sram\[9\].u_macro/dout1[15]
 u_npu.u_npu_sram.g_sram\[9\].u_macro/dout1[16]
 u_npu.u_npu_sram.g_sram\[9\].u_macro/dout1[17]
 u_npu.u_npu_sram.g_sram\[9\].u_macro/dout1[18]
 u_npu.u_npu_sram.g_sram\[9\].u_macro/dout1[19]
 u_npu.u_npu_sram.g_sram\[9\].u_macro/dout1[1]
 u_npu.u_npu_sram.g_sram\[9\].u_macro/dout1[20]
 u_npu.u_npu_sram.g_sram\[9\].u_macro/dout1[21]
 u_npu.u_npu_sram.g_sram\[9\].u_macro/dout1[22]
 u_npu.u_npu_sram.g_sram\[9\].u_macro/dout1[23]
 u_npu.u_npu_sram.g_sram\[9\].u_macro/dout1[24]
 u_npu.u_npu_sram.g_sram\[9\].u_macro/dout1[25]
 u_npu.u_npu_sram.g_sram\[9\].u_macro/dout1[26]
 u_npu.u_npu_sram.g_sram\[9\].u_macro/dout1[27]
 u_npu.u_npu_sram.g_sram\[9\].u_macro/dout1[28]
 u_npu.u_npu_sram.g_sram\[9\].u_macro/dout1[29]
 u_npu.u_npu_sram.g_sram\[9\].u_macro/dout1[2]
 u_npu.u_npu_sram.g_sram\[9\].u_macro/dout1[30]
 u_npu.u_npu_sram.g_sram\[9\].u_macro/dout1[31]
 u_npu.u_npu_sram.g_sram\[9\].u_macro/dout1[3]
 u_npu.u_npu_sram.g_sram\[9\].u_macro/dout1[4]
 u_npu.u_npu_sram.g_sram\[9\].u_macro/dout1[5]
 u_npu.u_npu_sram.g_sram\[9\].u_macro/dout1[6]
 u_npu.u_npu_sram.g_sram\[9\].u_macro/dout1[7]
 u_npu.u_npu_sram.g_sram\[9\].u_macro/dout1[8]
 u_npu.u_npu_sram.g_sram\[9\].u_macro/dout1[9]
Found 0 partially unannotated drivers.

===========================================================================
max slew violation count 544
Writing metric design__max_slew_violation__count__corner:nom_tt_025C_1v80: 544
max fanout violation count 0
Writing metric design__max_fanout_violation__count__corner:nom_tt_025C_1v80: 0
max cap violation count 14
Writing metric design__max_cap_violation__count__corner:nom_tt_025C_1v80: 14
============================================================================

===========================================================================
check_setup -verbose -unconstrained_endpoints -multiple_clock -no_clock -no_input_delay -loops -generated_clocks
===========================================================================
