
===========================================================================
report_checks -path_delay max (Setup)
============================================================================
======================= nom_tt_025C_1v80 Corner ===================================

Startpoint: u_instruction_ram.g_sram[2].u_macro
            (falling edge-triggered flip-flop clocked by clk_i)
Endpoint: _196567_ (rising edge-triggered flip-flop clocked by clk_i)
Path Group: clk_i
Path Type: max

Fanout         Cap        Slew       Delay        Time   Description
---------------------------------------------------------------------------------------------
                                 10.000000   10.000000   clock clk_i (fall edge)
                                  0.000000   10.000000   clock source latency
     3    0.551646    0.150000    0.000000   10.000000 v clk_i (in)
                                                         clk_i (net)
                      1.757706    0.803853   10.803853 v clkbuf_0_clk_i/A (sky130_fd_sc_hd__clkbuf_16)
     2    0.114959    0.123871    0.739686   11.543539 v clkbuf_0_clk_i/X (sky130_fd_sc_hd__clkbuf_16)
                                                         clknet_0_clk_i (net)
                      0.124525    0.011698   11.555237 v clkbuf_1_0_0_clk_i/A (sky130_fd_sc_hd__clkbuf_8)
     1    0.057197    0.075753    0.209698   11.764935 v clkbuf_1_0_0_clk_i/X (sky130_fd_sc_hd__clkbuf_8)
                                                         clknet_1_0_0_clk_i (net)
                      0.079852    0.013629   11.778564 v clkbuf_1_0_1_clk_i/A (sky130_fd_sc_hd__clkbuf_8)
    11    0.964894    0.943762    0.521675   12.300240 v clkbuf_1_0_1_clk_i/X (sky130_fd_sc_hd__clkbuf_8)
                                                         clknet_1_0_1_clk_i (net)
                      1.237671    0.426757   12.726996 v clkbuf_leaf_3_clk_i/A (sky130_fd_sc_hd__clkbuf_8)
     4    0.122865    0.152541    0.614900   13.341897 v clkbuf_leaf_3_clk_i/X (sky130_fd_sc_hd__clkbuf_8)
                                                         clknet_leaf_3_clk_i (net)
                      0.205656    0.012004   13.353901 v u_instruction_ram.g_sram[2].u_macro/clk1 (sky130_sram_2kbyte_1rw1r_32x512_8)
     2    0.019077    0.011485    0.480981   13.834881 ^ u_instruction_ram.g_sram[2].u_macro/dout1[7] (sky130_sram_2kbyte_1rw1r_32x512_8)
                                                         u_instruction_ram.dout_r[39] (net)
                      0.008614    0.000755   13.835636 ^ wire4852/A (sky130_fd_sc_hd__buf_2)
     2    0.073480    0.356288    0.301148   14.136784 ^ wire4852/X (sky130_fd_sc_hd__buf_2)
                                                         net4852 (net)
                      0.358125    0.020862   14.157646 ^ wire4850/A (sky130_fd_sc_hd__buf_6)
     1    0.030012    0.072668    0.186147   14.343793 ^ wire4850/X (sky130_fd_sc_hd__buf_6)
                                                         net4850 (net)
                      0.073096    0.004358   14.348151 ^ wire4849/A (sky130_fd_sc_hd__buf_6)
     1    0.044618    0.096306    0.145977   14.494128 ^ wire4849/X (sky130_fd_sc_hd__buf_6)
                                                         net4849 (net)
                      0.097068    0.006851   14.500978 ^ _096099_/A0 (sky130_fd_sc_hd__mux2_4)
     2    0.169673    0.485650    0.434429   14.935408 ^ _096099_/X (sky130_fd_sc_hd__mux2_4)
                                                         _033364_ (net)
                      0.514246    0.091662   15.027070 ^ _096101_/A0 (sky130_fd_sc_hd__mux2_4)
     1    0.063246    0.195066    0.371507   15.398577 ^ _096101_/X (sky130_fd_sc_hd__mux2_4)
                                                         _033366_ (net)
                      0.197501    0.017396   15.415973 ^ _096102_/A1 (sky130_fd_sc_hd__mux2_2)
     1    0.002428    0.045314    0.180314   15.596288 ^ _096102_/X (sky130_fd_sc_hd__mux2_2)
                                                         _033367_ (net)
                      0.045314    0.000048   15.596335 ^ _096103_/A (sky130_fd_sc_hd__clkbuf_1)
     2    0.021415    0.254840    0.227221   15.823556 ^ _096103_/X (sky130_fd_sc_hd__clkbuf_1)
                                                         iram_m0_rdata[7] (net)
                      0.254852    0.001485   15.825041 ^ wire2416/A (sky130_fd_sc_hd__buf_4)
     8    0.097079    0.269607    0.325267   16.150309 ^ wire2416/X (sky130_fd_sc_hd__buf_4)
                                                         net2416 (net)
                      0.272393    0.022117   16.172426 ^ _136653_/B1 (sky130_fd_sc_hd__a221o_2)
     1    0.003524    0.053462    0.202537   16.374962 ^ _136653_/X (sky130_fd_sc_hd__a221o_2)
                                                         _065422_ (net)
                      0.053462    0.000105   16.375067 ^ _136654_/D1 (sky130_fd_sc_hd__a2111o_2)
     2    0.562089    2.590986    1.478929   17.853996 ^ _136654_/X (sky130_fd_sc_hd__a2111o_2)
                                                         _065423_ (net)
                      2.820378    0.590791   18.444788 ^ _136655_/B (sky130_fd_sc_hd__nand2_4)
     2    0.025427    0.353506    0.188827   18.633614 v _136655_/Y (sky130_fd_sc_hd__nand2_4)
                                                         _065424_ (net)
                      0.353512    0.001089   18.634703 v rebuffer7887/A (sky130_fd_sc_hd__buf_2)
     1    0.002997    0.029691    0.239543   18.874247 v rebuffer7887/X (sky130_fd_sc_hd__buf_2)
                                                         net7887 (net)
                      0.029691    0.000094   18.874340 v rebuffer7883/A (sky130_fd_sc_hd__buf_2)
     4    0.021560    0.062633    0.149729   19.024071 v rebuffer7883/X (sky130_fd_sc_hd__buf_2)
                                                         net7883 (net)
                      0.062652    0.001039   19.025108 v _138400_/A2 (sky130_fd_sc_hd__o21ai_2)
     1    0.005143    0.108833    0.123320   19.148430 ^ _138400_/Y (sky130_fd_sc_hd__o21ai_2)
                                                         _067161_ (net)
                      0.108833    0.000153   19.148582 ^ _138401_/A (sky130_fd_sc_hd__inv_2)
     2    0.007401    0.034699    0.049877   19.198458 v _138401_/Y (sky130_fd_sc_hd__inv_2)
                                                         _067162_ (net)
                      0.034699    0.000167   19.198626 v _138673_/B1 (sky130_fd_sc_hd__a221o_2)
     2    0.020253    0.097486    0.388326   19.586952 v _138673_/X (sky130_fd_sc_hd__a221o_2)
                                                         _067433_ (net)
                      0.097489    0.000705   19.587656 v _138674_/A (sky130_fd_sc_hd__nand2_8)
     4    0.055329    0.110586    0.127587   19.715242 ^ _138674_/Y (sky130_fd_sc_hd__nand2_8)
                                                         _067434_ (net)
                      0.110605    0.001162   19.716406 ^ clone14024/A (sky130_fd_sc_hd__clkinvlp_4)
     6    0.050029    0.243668    0.248038   19.964443 v clone14024/Y (sky130_fd_sc_hd__clkinvlp_4)
                                                         net14024 (net)
                      0.243741    0.001627   19.966070 v _139500_/B1 (sky130_fd_sc_hd__o21ai_2)
     2    0.007243    0.126439    0.141906   20.107977 ^ _139500_/Y (sky130_fd_sc_hd__o21ai_2)
                                                         _068257_ (net)
                      0.126439    0.000211   20.108189 ^ _139501_/A0 (sky130_fd_sc_hd__mux2_4)
     1    0.051972    0.162628    0.265503   20.373692 ^ _139501_/X (sky130_fd_sc_hd__mux2_4)
                                                         _068258_ (net)
                      0.163602    0.009514   20.383205 ^ wire703/A (sky130_fd_sc_hd__buf_12)
     3    0.064344    0.084522    0.166253   20.549458 ^ wire703/X (sky130_fd_sc_hd__buf_12)
                                                         net703 (net)
                      0.084768    0.003613   20.553070 ^ rebuffer14003/A (sky130_fd_sc_hd__buf_2)
    13    0.252449    1.206526    0.909596   21.462667 ^ rebuffer14003/X (sky130_fd_sc_hd__buf_2)
                                                         net14003 (net)
                      1.208802    0.043400   21.506067 ^ _144071_/A (sky130_fd_sc_hd__clkbuf_2)
     7    0.050418    0.277648    0.434147   21.940214 ^ _144071_/X (sky130_fd_sc_hd__clkbuf_2)
                                                         _072618_ (net)
                      0.277648    0.001226   21.941439 ^ max_cap685/A (sky130_fd_sc_hd__buf_8)
    13    0.097721    0.163205    0.231450   22.172890 ^ max_cap685/X (sky130_fd_sc_hd__buf_8)
                                                         net685 (net)
                      0.163554    0.006301   22.179192 ^ _145433_/A (sky130_fd_sc_hd__nand2_2)
     1    0.005419    0.086598    0.068834   22.248024 v _145433_/Y (sky130_fd_sc_hd__nand2_2)
                                                         _073436_ (net)
                      0.086598    0.000178   22.248201 v _145434_/C1 (sky130_fd_sc_hd__o221ai_2)
     1    0.003563    0.146668    0.072054   22.320257 ^ _145434_/Y (sky130_fd_sc_hd__o221ai_2)
                                                         _008901_ (net)
                      0.146668    0.000117   22.320374 ^ _196567_/D (sky130_fd_sc_hd__dfrtp_2)
                                             22.320374   data arrival time

                                 20.000000   20.000000   clock clk_i (rise edge)
                                  0.000000   20.000000   clock source latency
     3    0.553677    0.150000    0.000000   20.000000 ^ clk_i (in)
                                                         clk_i (net)
                      1.802483    0.826242   20.826242 ^ clkbuf_regs_0_clk_i/A (sky130_fd_sc_hd__clkbuf_16)
     1    0.008116    0.075231    0.340210   21.166452 ^ clkbuf_regs_0_clk_i/X (sky130_fd_sc_hd__clkbuf_16)
                                                         clk_i_regs (net)
                      0.075231    0.000234   21.166687 ^ clkbuf_0_clk_i_regs/A (sky130_fd_sc_hd__clkbuf_16)
     2    0.111687    0.126029    0.200114   21.366800 ^ clkbuf_0_clk_i_regs/X (sky130_fd_sc_hd__clkbuf_16)
                                                         clknet_0_clk_i_regs (net)
                      0.128021    0.012481   21.379282 ^ clkbuf_1_1_0_clk_i_regs/A (sky130_fd_sc_hd__clkbuf_8)
     1    0.100037    0.177738    0.252358   21.631639 ^ clkbuf_1_1_0_clk_i_regs/X (sky130_fd_sc_hd__clkbuf_8)
                                                         clknet_1_1_0_clk_i_regs (net)
                      0.179155    0.012784   21.644424 ^ clkbuf_1_1_1_clk_i_regs/A (sky130_fd_sc_hd__clkbuf_8)
     2    0.074134    0.137796    0.234945   21.879368 ^ clkbuf_1_1_1_clk_i_regs/X (sky130_fd_sc_hd__clkbuf_8)
                                                         clknet_1_1_1_clk_i_regs (net)
                      0.142326    0.019677   21.899044 ^ clkbuf_2_2_0_clk_i_regs/A (sky130_fd_sc_hd__clkbuf_8)
     2    0.056485    0.109605    0.205407   22.104452 ^ clkbuf_2_2_0_clk_i_regs/X (sky130_fd_sc_hd__clkbuf_8)
                                                         clknet_2_2_0_clk_i_regs (net)
                      0.111952    0.012639   22.117090 ^ clkbuf_3_5_0_clk_i_regs/A (sky130_fd_sc_hd__clkbuf_8)
     4    0.352959    0.597353    0.505073   22.622164 ^ clkbuf_3_5_0_clk_i_regs/X (sky130_fd_sc_hd__clkbuf_8)
                                                         clknet_3_5_0_clk_i_regs (net)
                      0.610878    0.071649   22.693813 ^ clkbuf_4_10_0_clk_i_regs/A (sky130_fd_sc_hd__clkbuf_8)
     2    0.089323    0.164214    0.355728   23.049541 ^ clkbuf_4_10_0_clk_i_regs/X (sky130_fd_sc_hd__clkbuf_8)
                                                         clknet_4_10_0_clk_i_regs (net)
                      0.164689    0.006448   23.055990 ^ clkbuf_5_21_0_clk_i_regs/A (sky130_fd_sc_hd__clkbuf_8)
     4    0.175068    0.301879    0.348630   23.404619 ^ clkbuf_5_21_0_clk_i_regs/X (sky130_fd_sc_hd__clkbuf_8)
                                                         clknet_5_21_0_clk_i_regs (net)
                      0.302702    0.012962   23.417582 ^ clkbuf_7_84__f_clk_i_regs/A (sky130_fd_sc_hd__clkbuf_16)
    21    0.246264    0.256032    0.362565   23.780146 ^ clkbuf_7_84__f_clk_i_regs/X (sky130_fd_sc_hd__clkbuf_16)
                                                         clknet_7_84__leaf_clk_i_regs (net)
                      0.258662    0.020744   23.800890 ^ clkbuf_leaf_279_clk_i_regs/A (sky130_fd_sc_hd__clkbuf_8)
    11    0.035029    0.076255    0.222052   24.022942 ^ clkbuf_leaf_279_clk_i_regs/X (sky130_fd_sc_hd__clkbuf_8)
                                                         clknet_leaf_279_clk_i_regs (net)
                      0.076261    0.000750   24.023693 ^ _196567_/CLK (sky130_fd_sc_hd__dfrtp_2)
                                 -0.250000   23.773693   clock uncertainty
                                  0.000000   23.773693   clock reconvergence pessimism
                                 -0.082320   23.691374   library setup time
                                             23.691374   data required time
---------------------------------------------------------------------------------------------
                                             23.691374   data required time
                                            -22.320374   data arrival time
---------------------------------------------------------------------------------------------
                                              1.370999   slack (MET)


Startpoint: u_instruction_ram.g_sram[2].u_macro
            (falling edge-triggered flip-flop clocked by clk_i)
Endpoint: _196599_ (rising edge-triggered flip-flop clocked by clk_i)
Path Group: clk_i
Path Type: max

Fanout         Cap        Slew       Delay        Time   Description
---------------------------------------------------------------------------------------------
                                 10.000000   10.000000   clock clk_i (fall edge)
                                  0.000000   10.000000   clock source latency
     3    0.551646    0.150000    0.000000   10.000000 v clk_i (in)
                                                         clk_i (net)
                      1.757706    0.803853   10.803853 v clkbuf_0_clk_i/A (sky130_fd_sc_hd__clkbuf_16)
     2    0.114959    0.123871    0.739686   11.543539 v clkbuf_0_clk_i/X (sky130_fd_sc_hd__clkbuf_16)
                                                         clknet_0_clk_i (net)
                      0.124525    0.011698   11.555237 v clkbuf_1_0_0_clk_i/A (sky130_fd_sc_hd__clkbuf_8)
     1    0.057197    0.075753    0.209698   11.764935 v clkbuf_1_0_0_clk_i/X (sky130_fd_sc_hd__clkbuf_8)
                                                         clknet_1_0_0_clk_i (net)
                      0.079852    0.013629   11.778564 v clkbuf_1_0_1_clk_i/A (sky130_fd_sc_hd__clkbuf_8)
    11    0.964894    0.943762    0.521675   12.300240 v clkbuf_1_0_1_clk_i/X (sky130_fd_sc_hd__clkbuf_8)
                                                         clknet_1_0_1_clk_i (net)
                      1.237671    0.426757   12.726996 v clkbuf_leaf_3_clk_i/A (sky130_fd_sc_hd__clkbuf_8)
     4    0.122865    0.152541    0.614900   13.341897 v clkbuf_leaf_3_clk_i/X (sky130_fd_sc_hd__clkbuf_8)
                                                         clknet_leaf_3_clk_i (net)
                      0.205656    0.012004   13.353901 v u_instruction_ram.g_sram[2].u_macro/clk1 (sky130_sram_2kbyte_1rw1r_32x512_8)
     2    0.019077    0.011485    0.480981   13.834881 ^ u_instruction_ram.g_sram[2].u_macro/dout1[7] (sky130_sram_2kbyte_1rw1r_32x512_8)
                                                         u_instruction_ram.dout_r[39] (net)
                      0.008614    0.000755   13.835636 ^ wire4852/A (sky130_fd_sc_hd__buf_2)
     2    0.073480    0.356288    0.301148   14.136784 ^ wire4852/X (sky130_fd_sc_hd__buf_2)
                                                         net4852 (net)
                      0.358125    0.020862   14.157646 ^ wire4850/A (sky130_fd_sc_hd__buf_6)
     1    0.030012    0.072668    0.186147   14.343793 ^ wire4850/X (sky130_fd_sc_hd__buf_6)
                                                         net4850 (net)
                      0.073096    0.004358   14.348151 ^ wire4849/A (sky130_fd_sc_hd__buf_6)
     1    0.044618    0.096306    0.145977   14.494128 ^ wire4849/X (sky130_fd_sc_hd__buf_6)
                                                         net4849 (net)
                      0.097068    0.006851   14.500978 ^ _096099_/A0 (sky130_fd_sc_hd__mux2_4)
     2    0.169673    0.485650    0.434429   14.935408 ^ _096099_/X (sky130_fd_sc_hd__mux2_4)
                                                         _033364_ (net)
                      0.514246    0.091662   15.027070 ^ _096101_/A0 (sky130_fd_sc_hd__mux2_4)
     1    0.063246    0.195066    0.371507   15.398577 ^ _096101_/X (sky130_fd_sc_hd__mux2_4)
                                                         _033366_ (net)
                      0.197501    0.017396   15.415973 ^ _096102_/A1 (sky130_fd_sc_hd__mux2_2)
     1    0.002428    0.045314    0.180314   15.596288 ^ _096102_/X (sky130_fd_sc_hd__mux2_2)
                                                         _033367_ (net)
                      0.045314    0.000048   15.596335 ^ _096103_/A (sky130_fd_sc_hd__clkbuf_1)
     2    0.021415    0.254840    0.227221   15.823556 ^ _096103_/X (sky130_fd_sc_hd__clkbuf_1)
                                                         iram_m0_rdata[7] (net)
                      0.254852    0.001485   15.825041 ^ wire2416/A (sky130_fd_sc_hd__buf_4)
     8    0.097079    0.269607    0.325267   16.150309 ^ wire2416/X (sky130_fd_sc_hd__buf_4)
                                                         net2416 (net)
                      0.272393    0.022117   16.172426 ^ _136653_/B1 (sky130_fd_sc_hd__a221o_2)
     1    0.003524    0.053462    0.202537   16.374962 ^ _136653_/X (sky130_fd_sc_hd__a221o_2)
                                                         _065422_ (net)
                      0.053462    0.000105   16.375067 ^ _136654_/D1 (sky130_fd_sc_hd__a2111o_2)
     2    0.562089    2.590986    1.478929   17.853996 ^ _136654_/X (sky130_fd_sc_hd__a2111o_2)
                                                         _065423_ (net)
                      2.820378    0.590791   18.444788 ^ _136655_/B (sky130_fd_sc_hd__nand2_4)
     2    0.025427    0.353506    0.188827   18.633614 v _136655_/Y (sky130_fd_sc_hd__nand2_4)
                                                         _065424_ (net)
                      0.353512    0.001089   18.634703 v rebuffer7887/A (sky130_fd_sc_hd__buf_2)
     1    0.002997    0.029691    0.239543   18.874247 v rebuffer7887/X (sky130_fd_sc_hd__buf_2)
                                                         net7887 (net)
                      0.029691    0.000094   18.874340 v rebuffer7883/A (sky130_fd_sc_hd__buf_2)
     4    0.021560    0.062633    0.149729   19.024071 v rebuffer7883/X (sky130_fd_sc_hd__buf_2)
                                                         net7883 (net)
                      0.062652    0.001039   19.025108 v _138400_/A2 (sky130_fd_sc_hd__o21ai_2)
     1    0.005143    0.108833    0.123320   19.148430 ^ _138400_/Y (sky130_fd_sc_hd__o21ai_2)
                                                         _067161_ (net)
                      0.108833    0.000153   19.148582 ^ _138401_/A (sky130_fd_sc_hd__inv_2)
     2    0.007401    0.034699    0.049877   19.198458 v _138401_/Y (sky130_fd_sc_hd__inv_2)
                                                         _067162_ (net)
                      0.034699    0.000167   19.198626 v _138673_/B1 (sky130_fd_sc_hd__a221o_2)
     2    0.020253    0.097486    0.388326   19.586952 v _138673_/X (sky130_fd_sc_hd__a221o_2)
                                                         _067433_ (net)
                      0.097489    0.000705   19.587656 v _138674_/A (sky130_fd_sc_hd__nand2_8)
     4    0.055329    0.110586    0.127587   19.715242 ^ _138674_/Y (sky130_fd_sc_hd__nand2_8)
                                                         _067434_ (net)
                      0.110605    0.001162   19.716406 ^ clone14024/A (sky130_fd_sc_hd__clkinvlp_4)
     6    0.050029    0.243668    0.248038   19.964443 v clone14024/Y (sky130_fd_sc_hd__clkinvlp_4)
                                                         net14024 (net)
                      0.243741    0.001627   19.966070 v _139500_/B1 (sky130_fd_sc_hd__o21ai_2)
     2    0.007243    0.126439    0.141906   20.107977 ^ _139500_/Y (sky130_fd_sc_hd__o21ai_2)
                                                         _068257_ (net)
                      0.126439    0.000211   20.108189 ^ _139501_/A0 (sky130_fd_sc_hd__mux2_4)
     1    0.051972    0.162628    0.265503   20.373692 ^ _139501_/X (sky130_fd_sc_hd__mux2_4)
                                                         _068258_ (net)
                      0.163602    0.009514   20.383205 ^ wire703/A (sky130_fd_sc_hd__buf_12)
     3    0.064344    0.084522    0.166253   20.549458 ^ wire703/X (sky130_fd_sc_hd__buf_12)
                                                         net703 (net)
                      0.084768    0.003613   20.553070 ^ rebuffer14003/A (sky130_fd_sc_hd__buf_2)
    13    0.252449    1.206526    0.909596   21.462667 ^ rebuffer14003/X (sky130_fd_sc_hd__buf_2)
                                                         net14003 (net)
                      1.208802    0.043400   21.506067 ^ _144071_/A (sky130_fd_sc_hd__clkbuf_2)
     7    0.050418    0.277648    0.434147   21.940214 ^ _144071_/X (sky130_fd_sc_hd__clkbuf_2)
                                                         _072618_ (net)
                      0.277648    0.001226   21.941439 ^ max_cap685/A (sky130_fd_sc_hd__buf_8)
    13    0.097721    0.163205    0.231450   22.172890 ^ max_cap685/X (sky130_fd_sc_hd__buf_8)
                                                         net685 (net)
                      0.163446    0.005279   22.178169 ^ _145509_/A (sky130_fd_sc_hd__nand2_2)
     1    0.005330    0.089140    0.068445   22.246614 v _145509_/Y (sky130_fd_sc_hd__nand2_2)
                                                         _073480_ (net)
                      0.089140    0.000172   22.246786 v _145510_/C1 (sky130_fd_sc_hd__o221ai_2)
     1    0.002320    0.149335    0.067674   22.314461 ^ _145510_/Y (sky130_fd_sc_hd__o221ai_2)
                                                         _008933_ (net)
                      0.149335    0.000066   22.314526 ^ _196599_/D (sky130_fd_sc_hd__dfrtp_2)
                                             22.314526   data arrival time

                                 20.000000   20.000000   clock clk_i (rise edge)
                                  0.000000   20.000000   clock source latency
     3    0.553677    0.150000    0.000000   20.000000 ^ clk_i (in)
                                                         clk_i (net)
                      1.802483    0.826242   20.826242 ^ clkbuf_regs_0_clk_i/A (sky130_fd_sc_hd__clkbuf_16)
     1    0.008116    0.075231    0.340210   21.166452 ^ clkbuf_regs_0_clk_i/X (sky130_fd_sc_hd__clkbuf_16)
                                                         clk_i_regs (net)
                      0.075231    0.000234   21.166687 ^ clkbuf_0_clk_i_regs/A (sky130_fd_sc_hd__clkbuf_16)
     2    0.111687    0.126029    0.200114   21.366800 ^ clkbuf_0_clk_i_regs/X (sky130_fd_sc_hd__clkbuf_16)
                                                         clknet_0_clk_i_regs (net)
                      0.128021    0.012481   21.379282 ^ clkbuf_1_1_0_clk_i_regs/A (sky130_fd_sc_hd__clkbuf_8)
     1    0.100037    0.177738    0.252358   21.631639 ^ clkbuf_1_1_0_clk_i_regs/X (sky130_fd_sc_hd__clkbuf_8)
                                                         clknet_1_1_0_clk_i_regs (net)
                      0.179155    0.012784   21.644424 ^ clkbuf_1_1_1_clk_i_regs/A (sky130_fd_sc_hd__clkbuf_8)
     2    0.074134    0.137796    0.234945   21.879368 ^ clkbuf_1_1_1_clk_i_regs/X (sky130_fd_sc_hd__clkbuf_8)
                                                         clknet_1_1_1_clk_i_regs (net)
                      0.142326    0.019677   21.899044 ^ clkbuf_2_2_0_clk_i_regs/A (sky130_fd_sc_hd__clkbuf_8)
     2    0.056485    0.109605    0.205407   22.104452 ^ clkbuf_2_2_0_clk_i_regs/X (sky130_fd_sc_hd__clkbuf_8)
                                                         clknet_2_2_0_clk_i_regs (net)
                      0.111952    0.012639   22.117090 ^ clkbuf_3_5_0_clk_i_regs/A (sky130_fd_sc_hd__clkbuf_8)
     4    0.352959    0.597353    0.505073   22.622164 ^ clkbuf_3_5_0_clk_i_regs/X (sky130_fd_sc_hd__clkbuf_8)
                                                         clknet_3_5_0_clk_i_regs (net)
                      0.610878    0.071649   22.693813 ^ clkbuf_4_10_0_clk_i_regs/A (sky130_fd_sc_hd__clkbuf_8)
     2    0.089323    0.164214    0.355728   23.049541 ^ clkbuf_4_10_0_clk_i_regs/X (sky130_fd_sc_hd__clkbuf_8)
                                                         clknet_4_10_0_clk_i_regs (net)
                      0.164689    0.006448   23.055990 ^ clkbuf_5_21_0_clk_i_regs/A (sky130_fd_sc_hd__clkbuf_8)
     4    0.175068    0.301879    0.348630   23.404619 ^ clkbuf_5_21_0_clk_i_regs/X (sky130_fd_sc_hd__clkbuf_8)
                                                         clknet_5_21_0_clk_i_regs (net)
                      0.302702    0.012962   23.417582 ^ clkbuf_7_84__f_clk_i_regs/A (sky130_fd_sc_hd__clkbuf_16)
    21    0.246264    0.256032    0.362565   23.780146 ^ clkbuf_7_84__f_clk_i_regs/X (sky130_fd_sc_hd__clkbuf_16)
                                                         clknet_7_84__leaf_clk_i_regs (net)
                      0.258662    0.020744   23.800890 ^ clkbuf_leaf_279_clk_i_regs/A (sky130_fd_sc_hd__clkbuf_8)
    11    0.035029    0.076255    0.222052   24.022942 ^ clkbuf_leaf_279_clk_i_regs/X (sky130_fd_sc_hd__clkbuf_8)
                                                         clknet_leaf_279_clk_i_regs (net)
                      0.076260    0.000689   24.023632 ^ _196599_/CLK (sky130_fd_sc_hd__dfrtp_2)
                                 -0.250000   23.773632   clock uncertainty
                                  0.000000   23.773632   clock reconvergence pessimism
                                 -0.082939   23.690695   library setup time
                                             23.690695   data required time
---------------------------------------------------------------------------------------------
                                             23.690695   data required time
                                            -22.314526   data arrival time
---------------------------------------------------------------------------------------------
                                              1.376169   slack (MET)


Startpoint: clk_i (clock source 'clk_i')
Endpoint: qspi_sck (output port clocked by clk_i)
Path Group: clk_i
Path Type: max

Fanout         Cap        Slew       Delay        Time   Description
---------------------------------------------------------------------------------------------
                                 10.000000   10.000000   clock clk_i (fall edge)
                                  0.000000   10.000000   clock source latency
     3    0.551646    0.150000    0.000000   10.000000 v clk_i (in)
                                                         clk_i (net)
                      1.793267    0.821633   10.821633 v clkbuf_regs_0_clk_i/A (sky130_fd_sc_hd__clkbuf_16)
     1    0.007122    0.070382    0.654667   11.476300 v clkbuf_regs_0_clk_i/X (sky130_fd_sc_hd__clkbuf_16)
                                                         clk_i_regs (net)
                      0.070383    0.000205   11.476505 v clkbuf_0_clk_i_regs/A (sky130_fd_sc_hd__clkbuf_16)
     2    0.110727    0.084718    0.204351   11.680857 v clkbuf_0_clk_i_regs/X (sky130_fd_sc_hd__clkbuf_16)
                                                         clknet_0_clk_i_regs (net)
                      0.088473    0.013874   11.694731 v clkbuf_1_0_0_clk_i_regs/A (sky130_fd_sc_hd__clkbuf_8)
     2    0.078810    0.093130    0.206761   11.901492 v clkbuf_1_0_0_clk_i_regs/X (sky130_fd_sc_hd__clkbuf_8)
                                                         clknet_1_0_0_clk_i_regs (net)
                      0.100424    0.020126   11.921618 v clkbuf_1_0_1_clk_i_regs/A (sky130_fd_sc_hd__clkbuf_8)
     2    0.126471    0.138639    0.248255   12.169872 v clkbuf_1_0_1_clk_i_regs/X (sky130_fd_sc_hd__clkbuf_8)
                                                         clknet_1_0_1_clk_i_regs (net)
                      0.140767    0.013785   12.183657 v clkbuf_2_1_0_clk_i_regs/A (sky130_fd_sc_hd__clkbuf_8)
     2    0.051344    0.070457    0.213285   12.396941 v clkbuf_2_1_0_clk_i_regs/X (sky130_fd_sc_hd__clkbuf_8)
                                                         clknet_2_1_0_clk_i_regs (net)
                      0.072353    0.009136   12.406077 v clkbuf_3_3_0_clk_i_regs/A (sky130_fd_sc_hd__clkbuf_8)
     2    0.080793    0.093879    0.208620   12.614697 v clkbuf_3_3_0_clk_i_regs/X (sky130_fd_sc_hd__clkbuf_8)
                                                         clknet_3_3_0_clk_i_regs (net)
                      0.094438    0.005786   12.620483 v clkbuf_4_6_0_clk_i_regs/A (sky130_fd_sc_hd__clkbuf_8)
     2    0.046362    0.063782    0.191102   12.811586 v clkbuf_4_6_0_clk_i_regs/X (sky130_fd_sc_hd__clkbuf_8)
                                                         clknet_4_6_0_clk_i_regs (net)
                      0.063876    0.002201   12.813787 v clkbuf_5_13_0_clk_i_regs/A (sky130_fd_sc_hd__clkbuf_8)
     4    0.097202    0.109291    0.216421   13.030208 v clkbuf_5_13_0_clk_i_regs/X (sky130_fd_sc_hd__clkbuf_8)
                                                         clknet_5_13_0_clk_i_regs (net)
                      0.109582    0.004117   13.034325 v clkbuf_7_53__f_clk_i_regs/A (sky130_fd_sc_hd__clkbuf_16)
     8    0.075252    0.066244    0.208634   13.242958 v clkbuf_7_53__f_clk_i_regs/X (sky130_fd_sc_hd__clkbuf_16)
                                                         clknet_7_53__leaf_clk_i_regs (net)
                      0.066247    0.000696   13.243654 v clkbuf_leaf_712_clk_i_regs/A (sky130_fd_sc_hd__clkbuf_8)
    10    0.033376    0.051592    0.167613   13.411268 v clkbuf_leaf_712_clk_i_regs/X (sky130_fd_sc_hd__clkbuf_8)
                                                         clknet_leaf_712_clk_i_regs (net)
                      0.051603    0.000735   13.412004 v _096749__7859/A (sky130_fd_sc_hd__inv_2)
     1    0.002913    0.024287    0.043372   13.455376 ^ _096749__7859/Y (sky130_fd_sc_hd__inv_2)
                                                         net7859 (net)
                      0.024287    0.000083   13.455460 ^ _096757_/A1 (sky130_fd_sc_hd__o211a_2)
     6    0.077299    0.437708    0.452111   13.907571 ^ _096757_/X (sky130_fd_sc_hd__o211a_2)
                                                         net72 (net)
                      0.437777    0.004584   13.912154 ^ output72/A (sky130_fd_sc_hd__clkdlybuf4s25_1)
     1    0.021134    0.218279    0.456480   14.368634 ^ output72/X (sky130_fd_sc_hd__clkdlybuf4s25_1)
                                                         qspi_sck (net)
                      0.218279    0.000418   14.369053 ^ qspi_sck (out)
                                             14.369053   data arrival time

                                 20.000000   20.000000   clock clk_i (rise edge)
                                  0.000000   20.000000   clock network delay (propagated)
                                 -0.250000   19.750002   clock uncertainty
                                  0.000000   19.750002   clock reconvergence pessimism
                                 -4.000000   15.750001   output external delay
                                             15.750001   data required time
---------------------------------------------------------------------------------------------
                                             15.750001   data required time
                                            -14.369053   data arrival time
---------------------------------------------------------------------------------------------
                                              1.380948   slack (MET)


Startpoint: u_instruction_ram.g_sram[2].u_macro
            (falling edge-triggered flip-flop clocked by clk_i)
Endpoint: _196535_ (rising edge-triggered flip-flop clocked by clk_i)
Path Group: clk_i
Path Type: max

Fanout         Cap        Slew       Delay        Time   Description
---------------------------------------------------------------------------------------------
                                 10.000000   10.000000   clock clk_i (fall edge)
                                  0.000000   10.000000   clock source latency
     3    0.551646    0.150000    0.000000   10.000000 v clk_i (in)
                                                         clk_i (net)
                      1.757706    0.803853   10.803853 v clkbuf_0_clk_i/A (sky130_fd_sc_hd__clkbuf_16)
     2    0.114959    0.123871    0.739686   11.543539 v clkbuf_0_clk_i/X (sky130_fd_sc_hd__clkbuf_16)
                                                         clknet_0_clk_i (net)
                      0.124525    0.011698   11.555237 v clkbuf_1_0_0_clk_i/A (sky130_fd_sc_hd__clkbuf_8)
     1    0.057197    0.075753    0.209698   11.764935 v clkbuf_1_0_0_clk_i/X (sky130_fd_sc_hd__clkbuf_8)
                                                         clknet_1_0_0_clk_i (net)
                      0.079852    0.013629   11.778564 v clkbuf_1_0_1_clk_i/A (sky130_fd_sc_hd__clkbuf_8)
    11    0.964894    0.943762    0.521675   12.300240 v clkbuf_1_0_1_clk_i/X (sky130_fd_sc_hd__clkbuf_8)
                                                         clknet_1_0_1_clk_i (net)
                      1.237671    0.426757   12.726996 v clkbuf_leaf_3_clk_i/A (sky130_fd_sc_hd__clkbuf_8)
     4    0.122865    0.152541    0.614900   13.341897 v clkbuf_leaf_3_clk_i/X (sky130_fd_sc_hd__clkbuf_8)
                                                         clknet_leaf_3_clk_i (net)
                      0.205656    0.012004   13.353901 v u_instruction_ram.g_sram[2].u_macro/clk1 (sky130_sram_2kbyte_1rw1r_32x512_8)
     2    0.019077    0.011485    0.480981   13.834881 ^ u_instruction_ram.g_sram[2].u_macro/dout1[7] (sky130_sram_2kbyte_1rw1r_32x512_8)
                                                         u_instruction_ram.dout_r[39] (net)
                      0.008614    0.000755   13.835636 ^ wire4852/A (sky130_fd_sc_hd__buf_2)
     2    0.073480    0.356288    0.301148   14.136784 ^ wire4852/X (sky130_fd_sc_hd__buf_2)
                                                         net4852 (net)
                      0.358125    0.020862   14.157646 ^ wire4850/A (sky130_fd_sc_hd__buf_6)
     1    0.030012    0.072668    0.186147   14.343793 ^ wire4850/X (sky130_fd_sc_hd__buf_6)
                                                         net4850 (net)
                      0.073096    0.004358   14.348151 ^ wire4849/A (sky130_fd_sc_hd__buf_6)
     1    0.044618    0.096306    0.145977   14.494128 ^ wire4849/X (sky130_fd_sc_hd__buf_6)
                                                         net4849 (net)
                      0.097068    0.006851   14.500978 ^ _096099_/A0 (sky130_fd_sc_hd__mux2_4)
     2    0.169673    0.485650    0.434429   14.935408 ^ _096099_/X (sky130_fd_sc_hd__mux2_4)
                                                         _033364_ (net)
                      0.514246    0.091662   15.027070 ^ _096101_/A0 (sky130_fd_sc_hd__mux2_4)
     1    0.063246    0.195066    0.371507   15.398577 ^ _096101_/X (sky130_fd_sc_hd__mux2_4)
                                                         _033366_ (net)
                      0.197501    0.017396   15.415973 ^ _096102_/A1 (sky130_fd_sc_hd__mux2_2)
     1    0.002428    0.045314    0.180314   15.596288 ^ _096102_/X (sky130_fd_sc_hd__mux2_2)
                                                         _033367_ (net)
                      0.045314    0.000048   15.596335 ^ _096103_/A (sky130_fd_sc_hd__clkbuf_1)
     2    0.021415    0.254840    0.227221   15.823556 ^ _096103_/X (sky130_fd_sc_hd__clkbuf_1)
                                                         iram_m0_rdata[7] (net)
                      0.254852    0.001485   15.825041 ^ wire2416/A (sky130_fd_sc_hd__buf_4)
     8    0.097079    0.269607    0.325267   16.150309 ^ wire2416/X (sky130_fd_sc_hd__buf_4)
                                                         net2416 (net)
                      0.272393    0.022117   16.172426 ^ _136653_/B1 (sky130_fd_sc_hd__a221o_2)
     1    0.003524    0.053462    0.202537   16.374962 ^ _136653_/X (sky130_fd_sc_hd__a221o_2)
                                                         _065422_ (net)
                      0.053462    0.000105   16.375067 ^ _136654_/D1 (sky130_fd_sc_hd__a2111o_2)
     2    0.562089    2.590986    1.478929   17.853996 ^ _136654_/X (sky130_fd_sc_hd__a2111o_2)
                                                         _065423_ (net)
                      2.820378    0.590791   18.444788 ^ _136655_/B (sky130_fd_sc_hd__nand2_4)
     2    0.025427    0.353506    0.188827   18.633614 v _136655_/Y (sky130_fd_sc_hd__nand2_4)
                                                         _065424_ (net)
                      0.353512    0.001089   18.634703 v rebuffer7887/A (sky130_fd_sc_hd__buf_2)
     1    0.002997    0.029691    0.239543   18.874247 v rebuffer7887/X (sky130_fd_sc_hd__buf_2)
                                                         net7887 (net)
                      0.029691    0.000094   18.874340 v rebuffer7883/A (sky130_fd_sc_hd__buf_2)
     4    0.021560    0.062633    0.149729   19.024071 v rebuffer7883/X (sky130_fd_sc_hd__buf_2)
                                                         net7883 (net)
                      0.062652    0.001039   19.025108 v _138400_/A2 (sky130_fd_sc_hd__o21ai_2)
     1    0.005143    0.108833    0.123320   19.148430 ^ _138400_/Y (sky130_fd_sc_hd__o21ai_2)
                                                         _067161_ (net)
                      0.108833    0.000153   19.148582 ^ _138401_/A (sky130_fd_sc_hd__inv_2)
     2    0.007401    0.034699    0.049877   19.198458 v _138401_/Y (sky130_fd_sc_hd__inv_2)
                                                         _067162_ (net)
                      0.034699    0.000167   19.198626 v _138673_/B1 (sky130_fd_sc_hd__a221o_2)
     2    0.020253    0.097486    0.388326   19.586952 v _138673_/X (sky130_fd_sc_hd__a221o_2)
                                                         _067433_ (net)
                      0.097489    0.000705   19.587656 v _138674_/A (sky130_fd_sc_hd__nand2_8)
     4    0.055329    0.110586    0.127587   19.715242 ^ _138674_/Y (sky130_fd_sc_hd__nand2_8)
                                                         _067434_ (net)
                      0.110605    0.001162   19.716406 ^ clone14024/A (sky130_fd_sc_hd__clkinvlp_4)
     6    0.050029    0.243668    0.248038   19.964443 v clone14024/Y (sky130_fd_sc_hd__clkinvlp_4)
                                                         net14024 (net)
                      0.243741    0.001627   19.966070 v _139500_/B1 (sky130_fd_sc_hd__o21ai_2)
     2    0.007243    0.126439    0.141906   20.107977 ^ _139500_/Y (sky130_fd_sc_hd__o21ai_2)
                                                         _068257_ (net)
                      0.126439    0.000211   20.108189 ^ _139501_/A0 (sky130_fd_sc_hd__mux2_4)
     1    0.051972    0.162628    0.265503   20.373692 ^ _139501_/X (sky130_fd_sc_hd__mux2_4)
                                                         _068258_ (net)
                      0.163602    0.009514   20.383205 ^ wire703/A (sky130_fd_sc_hd__buf_12)
     3    0.064344    0.084522    0.166253   20.549458 ^ wire703/X (sky130_fd_sc_hd__buf_12)
                                                         net703 (net)
                      0.084768    0.003613   20.553070 ^ rebuffer14003/A (sky130_fd_sc_hd__buf_2)
    13    0.252449    1.206526    0.909596   21.462667 ^ rebuffer14003/X (sky130_fd_sc_hd__buf_2)
                                                         net14003 (net)
                      1.208802    0.043400   21.506067 ^ _144071_/A (sky130_fd_sc_hd__clkbuf_2)
     7    0.050418    0.277648    0.434147   21.940214 ^ _144071_/X (sky130_fd_sc_hd__clkbuf_2)
                                                         _072618_ (net)
                      0.277648    0.001226   21.941439 ^ max_cap685/A (sky130_fd_sc_hd__buf_8)
    13    0.097721    0.163205    0.231450   22.172890 ^ max_cap685/X (sky130_fd_sc_hd__buf_8)
                                                         net685 (net)
                      0.163743    0.007748   22.180639 ^ _145356_/A (sky130_fd_sc_hd__nand2_2)
     1    0.004253    0.049543    0.063935   22.244574 v _145356_/Y (sky130_fd_sc_hd__nand2_2)
                                                         _073391_ (net)
                      0.049543    0.000082   22.244656 v _145357_/C1 (sky130_fd_sc_hd__o221ai_2)
     1    0.003265    0.140260    0.055028   22.299683 ^ _145357_/Y (sky130_fd_sc_hd__o221ai_2)
                                                         _008869_ (net)
                      0.140260    0.000099   22.299782 ^ _196535_/D (sky130_fd_sc_hd__dfrtp_2)
                                             22.299782   data arrival time

                                 20.000000   20.000000   clock clk_i (rise edge)
                                  0.000000   20.000000   clock source latency
     3    0.553677    0.150000    0.000000   20.000000 ^ clk_i (in)
                                                         clk_i (net)
                      1.802483    0.826242   20.826242 ^ clkbuf_regs_0_clk_i/A (sky130_fd_sc_hd__clkbuf_16)
     1    0.008116    0.075231    0.340210   21.166452 ^ clkbuf_regs_0_clk_i/X (sky130_fd_sc_hd__clkbuf_16)
                                                         clk_i_regs (net)
                      0.075231    0.000234   21.166687 ^ clkbuf_0_clk_i_regs/A (sky130_fd_sc_hd__clkbuf_16)
     2    0.111687    0.126029    0.200114   21.366800 ^ clkbuf_0_clk_i_regs/X (sky130_fd_sc_hd__clkbuf_16)
                                                         clknet_0_clk_i_regs (net)
                      0.128021    0.012481   21.379282 ^ clkbuf_1_1_0_clk_i_regs/A (sky130_fd_sc_hd__clkbuf_8)
     1    0.100037    0.177738    0.252358   21.631639 ^ clkbuf_1_1_0_clk_i_regs/X (sky130_fd_sc_hd__clkbuf_8)
                                                         clknet_1_1_0_clk_i_regs (net)
                      0.179155    0.012784   21.644424 ^ clkbuf_1_1_1_clk_i_regs/A (sky130_fd_sc_hd__clkbuf_8)
     2    0.074134    0.137796    0.234945   21.879368 ^ clkbuf_1_1_1_clk_i_regs/X (sky130_fd_sc_hd__clkbuf_8)
                                                         clknet_1_1_1_clk_i_regs (net)
                      0.142326    0.019677   21.899044 ^ clkbuf_2_2_0_clk_i_regs/A (sky130_fd_sc_hd__clkbuf_8)
     2    0.056485    0.109605    0.205407   22.104452 ^ clkbuf_2_2_0_clk_i_regs/X (sky130_fd_sc_hd__clkbuf_8)
                                                         clknet_2_2_0_clk_i_regs (net)
                      0.111952    0.012639   22.117090 ^ clkbuf_3_5_0_clk_i_regs/A (sky130_fd_sc_hd__clkbuf_8)
     4    0.352959    0.597353    0.505073   22.622164 ^ clkbuf_3_5_0_clk_i_regs/X (sky130_fd_sc_hd__clkbuf_8)
                                                         clknet_3_5_0_clk_i_regs (net)
                      0.610878    0.071649   22.693813 ^ clkbuf_4_10_0_clk_i_regs/A (sky130_fd_sc_hd__clkbuf_8)
     2    0.089323    0.164214    0.355728   23.049541 ^ clkbuf_4_10_0_clk_i_regs/X (sky130_fd_sc_hd__clkbuf_8)
                                                         clknet_4_10_0_clk_i_regs (net)
                      0.164689    0.006448   23.055990 ^ clkbuf_5_21_0_clk_i_regs/A (sky130_fd_sc_hd__clkbuf_8)
     4    0.175068    0.301879    0.348630   23.404619 ^ clkbuf_5_21_0_clk_i_regs/X (sky130_fd_sc_hd__clkbuf_8)
                                                         clknet_5_21_0_clk_i_regs (net)
                      0.302702    0.012962   23.417582 ^ clkbuf_7_84__f_clk_i_regs/A (sky130_fd_sc_hd__clkbuf_16)
    21    0.246264    0.256032    0.362565   23.780146 ^ clkbuf_7_84__f_clk_i_regs/X (sky130_fd_sc_hd__clkbuf_16)
                                                         clknet_7_84__leaf_clk_i_regs (net)
                      0.258662    0.020744   23.800890 ^ clkbuf_leaf_279_clk_i_regs/A (sky130_fd_sc_hd__clkbuf_8)
    11    0.035029    0.076255    0.222052   24.022942 ^ clkbuf_leaf_279_clk_i_regs/X (sky130_fd_sc_hd__clkbuf_8)
                                                         clknet_leaf_279_clk_i_regs (net)
                      0.076257    0.000531   24.023474 ^ _196535_/CLK (sky130_fd_sc_hd__dfrtp_2)
                                 -0.250000   23.773474   clock uncertainty
                                  0.000000   23.773474   clock reconvergence pessimism
                                 -0.080834   23.692642   library setup time
                                             23.692642   data required time
---------------------------------------------------------------------------------------------
                                             23.692642   data required time
                                            -22.299782   data arrival time
---------------------------------------------------------------------------------------------
                                              1.392859   slack (MET)


Startpoint: u_instruction_ram.g_sram[2].u_macro
            (falling edge-triggered flip-flop clocked by clk_i)
Endpoint: _196503_ (rising edge-triggered flip-flop clocked by clk_i)
Path Group: clk_i
Path Type: max

Fanout         Cap        Slew       Delay        Time   Description
---------------------------------------------------------------------------------------------
                                 10.000000   10.000000   clock clk_i (fall edge)
                                  0.000000   10.000000   clock source latency
     3    0.551646    0.150000    0.000000   10.000000 v clk_i (in)
                                                         clk_i (net)
                      1.757706    0.803853   10.803853 v clkbuf_0_clk_i/A (sky130_fd_sc_hd__clkbuf_16)
     2    0.114959    0.123871    0.739686   11.543539 v clkbuf_0_clk_i/X (sky130_fd_sc_hd__clkbuf_16)
                                                         clknet_0_clk_i (net)
                      0.124525    0.011698   11.555237 v clkbuf_1_0_0_clk_i/A (sky130_fd_sc_hd__clkbuf_8)
     1    0.057197    0.075753    0.209698   11.764935 v clkbuf_1_0_0_clk_i/X (sky130_fd_sc_hd__clkbuf_8)
                                                         clknet_1_0_0_clk_i (net)
                      0.079852    0.013629   11.778564 v clkbuf_1_0_1_clk_i/A (sky130_fd_sc_hd__clkbuf_8)
    11    0.964894    0.943762    0.521675   12.300240 v clkbuf_1_0_1_clk_i/X (sky130_fd_sc_hd__clkbuf_8)
                                                         clknet_1_0_1_clk_i (net)
                      1.237671    0.426757   12.726996 v clkbuf_leaf_3_clk_i/A (sky130_fd_sc_hd__clkbuf_8)
     4    0.122865    0.152541    0.614900   13.341897 v clkbuf_leaf_3_clk_i/X (sky130_fd_sc_hd__clkbuf_8)
                                                         clknet_leaf_3_clk_i (net)
                      0.205656    0.012004   13.353901 v u_instruction_ram.g_sram[2].u_macro/clk1 (sky130_sram_2kbyte_1rw1r_32x512_8)
     2    0.019077    0.011485    0.480981   13.834881 ^ u_instruction_ram.g_sram[2].u_macro/dout1[7] (sky130_sram_2kbyte_1rw1r_32x512_8)
                                                         u_instruction_ram.dout_r[39] (net)
                      0.008614    0.000755   13.835636 ^ wire4852/A (sky130_fd_sc_hd__buf_2)
     2    0.073480    0.356288    0.301148   14.136784 ^ wire4852/X (sky130_fd_sc_hd__buf_2)
                                                         net4852 (net)
                      0.358125    0.020862   14.157646 ^ wire4850/A (sky130_fd_sc_hd__buf_6)
     1    0.030012    0.072668    0.186147   14.343793 ^ wire4850/X (sky130_fd_sc_hd__buf_6)
                                                         net4850 (net)
                      0.073096    0.004358   14.348151 ^ wire4849/A (sky130_fd_sc_hd__buf_6)
     1    0.044618    0.096306    0.145977   14.494128 ^ wire4849/X (sky130_fd_sc_hd__buf_6)
                                                         net4849 (net)
                      0.097068    0.006851   14.500978 ^ _096099_/A0 (sky130_fd_sc_hd__mux2_4)
     2    0.169673    0.485650    0.434429   14.935408 ^ _096099_/X (sky130_fd_sc_hd__mux2_4)
                                                         _033364_ (net)
                      0.514246    0.091662   15.027070 ^ _096101_/A0 (sky130_fd_sc_hd__mux2_4)
     1    0.063246    0.195066    0.371507   15.398577 ^ _096101_/X (sky130_fd_sc_hd__mux2_4)
                                                         _033366_ (net)
                      0.197501    0.017396   15.415973 ^ _096102_/A1 (sky130_fd_sc_hd__mux2_2)
     1    0.002428    0.045314    0.180314   15.596288 ^ _096102_/X (sky130_fd_sc_hd__mux2_2)
                                                         _033367_ (net)
                      0.045314    0.000048   15.596335 ^ _096103_/A (sky130_fd_sc_hd__clkbuf_1)
     2    0.021415    0.254840    0.227221   15.823556 ^ _096103_/X (sky130_fd_sc_hd__clkbuf_1)
                                                         iram_m0_rdata[7] (net)
                      0.254852    0.001485   15.825041 ^ wire2416/A (sky130_fd_sc_hd__buf_4)
     8    0.097079    0.269607    0.325267   16.150309 ^ wire2416/X (sky130_fd_sc_hd__buf_4)
                                                         net2416 (net)
                      0.272393    0.022117   16.172426 ^ _136653_/B1 (sky130_fd_sc_hd__a221o_2)
     1    0.003524    0.053462    0.202537   16.374962 ^ _136653_/X (sky130_fd_sc_hd__a221o_2)
                                                         _065422_ (net)
                      0.053462    0.000105   16.375067 ^ _136654_/D1 (sky130_fd_sc_hd__a2111o_2)
     2    0.562089    2.590986    1.478929   17.853996 ^ _136654_/X (sky130_fd_sc_hd__a2111o_2)
                                                         _065423_ (net)
                      2.820378    0.590791   18.444788 ^ _136655_/B (sky130_fd_sc_hd__nand2_4)
     2    0.025427    0.353506    0.188827   18.633614 v _136655_/Y (sky130_fd_sc_hd__nand2_4)
                                                         _065424_ (net)
                      0.353512    0.001089   18.634703 v rebuffer7887/A (sky130_fd_sc_hd__buf_2)
     1    0.002997    0.029691    0.239543   18.874247 v rebuffer7887/X (sky130_fd_sc_hd__buf_2)
                                                         net7887 (net)
                      0.029691    0.000094   18.874340 v rebuffer7883/A (sky130_fd_sc_hd__buf_2)
     4    0.021560    0.062633    0.149729   19.024071 v rebuffer7883/X (sky130_fd_sc_hd__buf_2)
                                                         net7883 (net)
                      0.062652    0.001039   19.025108 v _138400_/A2 (sky130_fd_sc_hd__o21ai_2)
     1    0.005143    0.108833    0.123320   19.148430 ^ _138400_/Y (sky130_fd_sc_hd__o21ai_2)
                                                         _067161_ (net)
                      0.108833    0.000153   19.148582 ^ _138401_/A (sky130_fd_sc_hd__inv_2)
     2    0.007401    0.034699    0.049877   19.198458 v _138401_/Y (sky130_fd_sc_hd__inv_2)
                                                         _067162_ (net)
                      0.034699    0.000167   19.198626 v _138673_/B1 (sky130_fd_sc_hd__a221o_2)
     2    0.020253    0.097486    0.388326   19.586952 v _138673_/X (sky130_fd_sc_hd__a221o_2)
                                                         _067433_ (net)
                      0.097489    0.000705   19.587656 v _138674_/A (sky130_fd_sc_hd__nand2_8)
     4    0.055329    0.110586    0.127587   19.715242 ^ _138674_/Y (sky130_fd_sc_hd__nand2_8)
                                                         _067434_ (net)
                      0.110605    0.001162   19.716406 ^ clone14024/A (sky130_fd_sc_hd__clkinvlp_4)
     6    0.050029    0.243668    0.248038   19.964443 v clone14024/Y (sky130_fd_sc_hd__clkinvlp_4)
                                                         net14024 (net)
                      0.243741    0.001627   19.966070 v _139500_/B1 (sky130_fd_sc_hd__o21ai_2)
     2    0.007243    0.126439    0.141906   20.107977 ^ _139500_/Y (sky130_fd_sc_hd__o21ai_2)
                                                         _068257_ (net)
                      0.126439    0.000211   20.108189 ^ _139501_/A0 (sky130_fd_sc_hd__mux2_4)
     1    0.051972    0.162628    0.265503   20.373692 ^ _139501_/X (sky130_fd_sc_hd__mux2_4)
                                                         _068258_ (net)
                      0.163602    0.009514   20.383205 ^ wire703/A (sky130_fd_sc_hd__buf_12)
     3    0.064344    0.084522    0.166253   20.549458 ^ wire703/X (sky130_fd_sc_hd__buf_12)
                                                         net703 (net)
                      0.084768    0.003613   20.553070 ^ rebuffer14003/A (sky130_fd_sc_hd__buf_2)
    13    0.252449    1.206526    0.909596   21.462667 ^ rebuffer14003/X (sky130_fd_sc_hd__buf_2)
                                                         net14003 (net)
                      1.208802    0.043400   21.506067 ^ _144071_/A (sky130_fd_sc_hd__clkbuf_2)
     7    0.050418    0.277648    0.434147   21.940214 ^ _144071_/X (sky130_fd_sc_hd__clkbuf_2)
                                                         _072618_ (net)
                      0.277648    0.001226   21.941439 ^ max_cap685/A (sky130_fd_sc_hd__buf_8)
    13    0.097721    0.163205    0.231450   22.172890 ^ max_cap685/X (sky130_fd_sc_hd__buf_8)
                                                         net685 (net)
                      0.163963    0.009109   22.181999 ^ _145281_/A (sky130_fd_sc_hd__nand2_2)
     1    0.004305    0.049727    0.064176   22.246176 v _145281_/Y (sky130_fd_sc_hd__nand2_2)
                                                         _073348_ (net)
                      0.049727    0.000083   22.246260 v _145282_/C1 (sky130_fd_sc_hd__o221ai_2)
     1    0.002753    0.136493    0.053186   22.299444 ^ _145282_/Y (sky130_fd_sc_hd__o221ai_2)
                                                         _008837_ (net)
                      0.136493    0.000083   22.299528 ^ _196503_/D (sky130_fd_sc_hd__dfrtp_2)
                                             22.299528   data arrival time

                                 20.000000   20.000000   clock clk_i (rise edge)
                                  0.000000   20.000000   clock source latency
     3    0.553677    0.150000    0.000000   20.000000 ^ clk_i (in)
                                                         clk_i (net)
                      1.802483    0.826242   20.826242 ^ clkbuf_regs_0_clk_i/A (sky130_fd_sc_hd__clkbuf_16)
     1    0.008116    0.075231    0.340210   21.166452 ^ clkbuf_regs_0_clk_i/X (sky130_fd_sc_hd__clkbuf_16)
                                                         clk_i_regs (net)
                      0.075231    0.000234   21.166687 ^ clkbuf_0_clk_i_regs/A (sky130_fd_sc_hd__clkbuf_16)
     2    0.111687    0.126029    0.200114   21.366800 ^ clkbuf_0_clk_i_regs/X (sky130_fd_sc_hd__clkbuf_16)
                                                         clknet_0_clk_i_regs (net)
                      0.128021    0.012481   21.379282 ^ clkbuf_1_1_0_clk_i_regs/A (sky130_fd_sc_hd__clkbuf_8)
     1    0.100037    0.177738    0.252358   21.631639 ^ clkbuf_1_1_0_clk_i_regs/X (sky130_fd_sc_hd__clkbuf_8)
                                                         clknet_1_1_0_clk_i_regs (net)
                      0.179155    0.012784   21.644424 ^ clkbuf_1_1_1_clk_i_regs/A (sky130_fd_sc_hd__clkbuf_8)
     2    0.074134    0.137796    0.234945   21.879368 ^ clkbuf_1_1_1_clk_i_regs/X (sky130_fd_sc_hd__clkbuf_8)
                                                         clknet_1_1_1_clk_i_regs (net)
                      0.142326    0.019677   21.899044 ^ clkbuf_2_2_0_clk_i_regs/A (sky130_fd_sc_hd__clkbuf_8)
     2    0.056485    0.109605    0.205407   22.104452 ^ clkbuf_2_2_0_clk_i_regs/X (sky130_fd_sc_hd__clkbuf_8)
                                                         clknet_2_2_0_clk_i_regs (net)
                      0.111952    0.012639   22.117090 ^ clkbuf_3_5_0_clk_i_regs/A (sky130_fd_sc_hd__clkbuf_8)
     4    0.352959    0.597353    0.505073   22.622164 ^ clkbuf_3_5_0_clk_i_regs/X (sky130_fd_sc_hd__clkbuf_8)
                                                         clknet_3_5_0_clk_i_regs (net)
                      0.610878    0.071649   22.693813 ^ clkbuf_4_10_0_clk_i_regs/A (sky130_fd_sc_hd__clkbuf_8)
     2    0.089323    0.164214    0.355728   23.049541 ^ clkbuf_4_10_0_clk_i_regs/X (sky130_fd_sc_hd__clkbuf_8)
                                                         clknet_4_10_0_clk_i_regs (net)
                      0.164689    0.006448   23.055990 ^ clkbuf_5_21_0_clk_i_regs/A (sky130_fd_sc_hd__clkbuf_8)
     4    0.175068    0.301879    0.348630   23.404619 ^ clkbuf_5_21_0_clk_i_regs/X (sky130_fd_sc_hd__clkbuf_8)
                                                         clknet_5_21_0_clk_i_regs (net)
                      0.302702    0.012962   23.417582 ^ clkbuf_7_84__f_clk_i_regs/A (sky130_fd_sc_hd__clkbuf_16)
    21    0.246264    0.256032    0.362565   23.780146 ^ clkbuf_7_84__f_clk_i_regs/X (sky130_fd_sc_hd__clkbuf_16)
                                                         clknet_7_84__leaf_clk_i_regs (net)
                      0.258662    0.020744   23.800890 ^ clkbuf_leaf_279_clk_i_regs/A (sky130_fd_sc_hd__clkbuf_8)
    11    0.035029    0.076255    0.222052   24.022942 ^ clkbuf_leaf_279_clk_i_regs/X (sky130_fd_sc_hd__clkbuf_8)
                                                         clknet_leaf_279_clk_i_regs (net)
                      0.076257    0.000513   24.023457 ^ _196503_/CLK (sky130_fd_sc_hd__dfrtp_2)
                                 -0.250000   23.773457   clock uncertainty
                                  0.000000   23.773457   clock reconvergence pessimism
                                 -0.079960   23.693497   library setup time
                                             23.693497   data required time
---------------------------------------------------------------------------------------------
                                             23.693497   data required time
                                            -22.299528   data arrival time
---------------------------------------------------------------------------------------------
                                              1.393969   slack (MET)


Startpoint: u_instruction_ram.g_sram[2].u_macro
            (falling edge-triggered flip-flop clocked by clk_i)
Endpoint: _196631_ (rising edge-triggered flip-flop clocked by clk_i)
Path Group: clk_i
Path Type: max

Fanout         Cap        Slew       Delay        Time   Description
---------------------------------------------------------------------------------------------
                                 10.000000   10.000000   clock clk_i (fall edge)
                                  0.000000   10.000000   clock source latency
     3    0.551646    0.150000    0.000000   10.000000 v clk_i (in)
                                                         clk_i (net)
                      1.757706    0.803853   10.803853 v clkbuf_0_clk_i/A (sky130_fd_sc_hd__clkbuf_16)
     2    0.114959    0.123871    0.739686   11.543539 v clkbuf_0_clk_i/X (sky130_fd_sc_hd__clkbuf_16)
                                                         clknet_0_clk_i (net)
                      0.124525    0.011698   11.555237 v clkbuf_1_0_0_clk_i/A (sky130_fd_sc_hd__clkbuf_8)
     1    0.057197    0.075753    0.209698   11.764935 v clkbuf_1_0_0_clk_i/X (sky130_fd_sc_hd__clkbuf_8)
                                                         clknet_1_0_0_clk_i (net)
                      0.079852    0.013629   11.778564 v clkbuf_1_0_1_clk_i/A (sky130_fd_sc_hd__clkbuf_8)
    11    0.964894    0.943762    0.521675   12.300240 v clkbuf_1_0_1_clk_i/X (sky130_fd_sc_hd__clkbuf_8)
                                                         clknet_1_0_1_clk_i (net)
                      1.237671    0.426757   12.726996 v clkbuf_leaf_3_clk_i/A (sky130_fd_sc_hd__clkbuf_8)
     4    0.122865    0.152541    0.614900   13.341897 v clkbuf_leaf_3_clk_i/X (sky130_fd_sc_hd__clkbuf_8)
                                                         clknet_leaf_3_clk_i (net)
                      0.205656    0.012004   13.353901 v u_instruction_ram.g_sram[2].u_macro/clk1 (sky130_sram_2kbyte_1rw1r_32x512_8)
     2    0.019077    0.011485    0.480981   13.834881 ^ u_instruction_ram.g_sram[2].u_macro/dout1[7] (sky130_sram_2kbyte_1rw1r_32x512_8)
                                                         u_instruction_ram.dout_r[39] (net)
                      0.008614    0.000755   13.835636 ^ wire4852/A (sky130_fd_sc_hd__buf_2)
     2    0.073480    0.356288    0.301148   14.136784 ^ wire4852/X (sky130_fd_sc_hd__buf_2)
                                                         net4852 (net)
                      0.358125    0.020862   14.157646 ^ wire4850/A (sky130_fd_sc_hd__buf_6)
     1    0.030012    0.072668    0.186147   14.343793 ^ wire4850/X (sky130_fd_sc_hd__buf_6)
                                                         net4850 (net)
                      0.073096    0.004358   14.348151 ^ wire4849/A (sky130_fd_sc_hd__buf_6)
     1    0.044618    0.096306    0.145977   14.494128 ^ wire4849/X (sky130_fd_sc_hd__buf_6)
                                                         net4849 (net)
                      0.097068    0.006851   14.500978 ^ _096099_/A0 (sky130_fd_sc_hd__mux2_4)
     2    0.169673    0.485650    0.434429   14.935408 ^ _096099_/X (sky130_fd_sc_hd__mux2_4)
                                                         _033364_ (net)
                      0.514246    0.091662   15.027070 ^ _096101_/A0 (sky130_fd_sc_hd__mux2_4)
     1    0.063246    0.195066    0.371507   15.398577 ^ _096101_/X (sky130_fd_sc_hd__mux2_4)
                                                         _033366_ (net)
                      0.197501    0.017396   15.415973 ^ _096102_/A1 (sky130_fd_sc_hd__mux2_2)
     1    0.002428    0.045314    0.180314   15.596288 ^ _096102_/X (sky130_fd_sc_hd__mux2_2)
                                                         _033367_ (net)
                      0.045314    0.000048   15.596335 ^ _096103_/A (sky130_fd_sc_hd__clkbuf_1)
     2    0.021415    0.254840    0.227221   15.823556 ^ _096103_/X (sky130_fd_sc_hd__clkbuf_1)
                                                         iram_m0_rdata[7] (net)
                      0.254852    0.001485   15.825041 ^ wire2416/A (sky130_fd_sc_hd__buf_4)
     8    0.097079    0.269607    0.325267   16.150309 ^ wire2416/X (sky130_fd_sc_hd__buf_4)
                                                         net2416 (net)
                      0.272393    0.022117   16.172426 ^ _136653_/B1 (sky130_fd_sc_hd__a221o_2)
     1    0.003524    0.053462    0.202537   16.374962 ^ _136653_/X (sky130_fd_sc_hd__a221o_2)
                                                         _065422_ (net)
                      0.053462    0.000105   16.375067 ^ _136654_/D1 (sky130_fd_sc_hd__a2111o_2)
     2    0.562089    2.590986    1.478929   17.853996 ^ _136654_/X (sky130_fd_sc_hd__a2111o_2)
                                                         _065423_ (net)
                      2.820378    0.590791   18.444788 ^ _136655_/B (sky130_fd_sc_hd__nand2_4)
     2    0.025427    0.353506    0.188827   18.633614 v _136655_/Y (sky130_fd_sc_hd__nand2_4)
                                                         _065424_ (net)
                      0.353512    0.001089   18.634703 v rebuffer7887/A (sky130_fd_sc_hd__buf_2)
     1    0.002997    0.029691    0.239543   18.874247 v rebuffer7887/X (sky130_fd_sc_hd__buf_2)
                                                         net7887 (net)
                      0.029691    0.000094   18.874340 v rebuffer7883/A (sky130_fd_sc_hd__buf_2)
     4    0.021560    0.062633    0.149729   19.024071 v rebuffer7883/X (sky130_fd_sc_hd__buf_2)
                                                         net7883 (net)
                      0.062652    0.001039   19.025108 v _138400_/A2 (sky130_fd_sc_hd__o21ai_2)
     1    0.005143    0.108833    0.123320   19.148430 ^ _138400_/Y (sky130_fd_sc_hd__o21ai_2)
                                                         _067161_ (net)
                      0.108833    0.000153   19.148582 ^ _138401_/A (sky130_fd_sc_hd__inv_2)
     2    0.007401    0.034699    0.049877   19.198458 v _138401_/Y (sky130_fd_sc_hd__inv_2)
                                                         _067162_ (net)
                      0.034699    0.000167   19.198626 v _138673_/B1 (sky130_fd_sc_hd__a221o_2)
     2    0.020253    0.097486    0.388326   19.586952 v _138673_/X (sky130_fd_sc_hd__a221o_2)
                                                         _067433_ (net)
                      0.097489    0.000705   19.587656 v _138674_/A (sky130_fd_sc_hd__nand2_8)
     4    0.055329    0.110586    0.127587   19.715242 ^ _138674_/Y (sky130_fd_sc_hd__nand2_8)
                                                         _067434_ (net)
                      0.110605    0.001162   19.716406 ^ clone14024/A (sky130_fd_sc_hd__clkinvlp_4)
     6    0.050029    0.243668    0.248038   19.964443 v clone14024/Y (sky130_fd_sc_hd__clkinvlp_4)
                                                         net14024 (net)
                      0.243741    0.001627   19.966070 v _139500_/B1 (sky130_fd_sc_hd__o21ai_2)
     2    0.007243    0.126439    0.141906   20.107977 ^ _139500_/Y (sky130_fd_sc_hd__o21ai_2)
                                                         _068257_ (net)
                      0.126439    0.000211   20.108189 ^ _139501_/A0 (sky130_fd_sc_hd__mux2_4)
     1    0.051972    0.162628    0.265503   20.373692 ^ _139501_/X (sky130_fd_sc_hd__mux2_4)
                                                         _068258_ (net)
                      0.163602    0.009514   20.383205 ^ wire703/A (sky130_fd_sc_hd__buf_12)
     3    0.064344    0.084522    0.166253   20.549458 ^ wire703/X (sky130_fd_sc_hd__buf_12)
                                                         net703 (net)
                      0.084768    0.003613   20.553070 ^ rebuffer14003/A (sky130_fd_sc_hd__buf_2)
    13    0.252449    1.206526    0.909596   21.462667 ^ rebuffer14003/X (sky130_fd_sc_hd__buf_2)
                                                         net14003 (net)
                      1.208802    0.043400   21.506067 ^ _144071_/A (sky130_fd_sc_hd__clkbuf_2)
     7    0.050418    0.277648    0.434147   21.940214 ^ _144071_/X (sky130_fd_sc_hd__clkbuf_2)
                                                         _072618_ (net)
                      0.277648    0.001226   21.941439 ^ max_cap685/A (sky130_fd_sc_hd__buf_8)
    13    0.097721    0.163205    0.231450   22.172890 ^ max_cap685/X (sky130_fd_sc_hd__buf_8)
                                                         net685 (net)
                      0.163279    0.002972   22.175861 ^ _145581_/A (sky130_fd_sc_hd__nand2_2)
     1    0.004669    0.083964    0.065631   22.241493 v _145581_/Y (sky130_fd_sc_hd__nand2_2)
                                                         _073520_ (net)
                      0.083964    0.000140   22.241632 v _145582_/C1 (sky130_fd_sc_hd__o221ai_2)
     1    0.002563    0.148962    0.066668   22.308302 ^ _145582_/Y (sky130_fd_sc_hd__o221ai_2)
                                                         _008965_ (net)
                      0.148962    0.000075   22.308376 ^ _196631_/D (sky130_fd_sc_hd__dfrtp_2)
                                             22.308376   data arrival time

                                 20.000000   20.000000   clock clk_i (rise edge)
                                  0.000000   20.000000   clock source latency
     3    0.553677    0.150000    0.000000   20.000000 ^ clk_i (in)
                                                         clk_i (net)
                      1.802483    0.826242   20.826242 ^ clkbuf_regs_0_clk_i/A (sky130_fd_sc_hd__clkbuf_16)
     1    0.008116    0.075231    0.340210   21.166452 ^ clkbuf_regs_0_clk_i/X (sky130_fd_sc_hd__clkbuf_16)
                                                         clk_i_regs (net)
                      0.075231    0.000234   21.166687 ^ clkbuf_0_clk_i_regs/A (sky130_fd_sc_hd__clkbuf_16)
     2    0.111687    0.126029    0.200114   21.366800 ^ clkbuf_0_clk_i_regs/X (sky130_fd_sc_hd__clkbuf_16)
                                                         clknet_0_clk_i_regs (net)
                      0.128021    0.012481   21.379282 ^ clkbuf_1_1_0_clk_i_regs/A (sky130_fd_sc_hd__clkbuf_8)
     1    0.100037    0.177738    0.252358   21.631639 ^ clkbuf_1_1_0_clk_i_regs/X (sky130_fd_sc_hd__clkbuf_8)
                                                         clknet_1_1_0_clk_i_regs (net)
                      0.179155    0.012784   21.644424 ^ clkbuf_1_1_1_clk_i_regs/A (sky130_fd_sc_hd__clkbuf_8)
     2    0.074134    0.137796    0.234945   21.879368 ^ clkbuf_1_1_1_clk_i_regs/X (sky130_fd_sc_hd__clkbuf_8)
                                                         clknet_1_1_1_clk_i_regs (net)
                      0.142326    0.019677   21.899044 ^ clkbuf_2_2_0_clk_i_regs/A (sky130_fd_sc_hd__clkbuf_8)
     2    0.056485    0.109605    0.205407   22.104452 ^ clkbuf_2_2_0_clk_i_regs/X (sky130_fd_sc_hd__clkbuf_8)
                                                         clknet_2_2_0_clk_i_regs (net)
                      0.111952    0.012639   22.117090 ^ clkbuf_3_5_0_clk_i_regs/A (sky130_fd_sc_hd__clkbuf_8)
     4    0.352959    0.597353    0.505073   22.622164 ^ clkbuf_3_5_0_clk_i_regs/X (sky130_fd_sc_hd__clkbuf_8)
                                                         clknet_3_5_0_clk_i_regs (net)
                      0.610878    0.071649   22.693813 ^ clkbuf_4_10_0_clk_i_regs/A (sky130_fd_sc_hd__clkbuf_8)
     2    0.089323    0.164214    0.355728   23.049541 ^ clkbuf_4_10_0_clk_i_regs/X (sky130_fd_sc_hd__clkbuf_8)
                                                         clknet_4_10_0_clk_i_regs (net)
                      0.164689    0.006448   23.055990 ^ clkbuf_5_21_0_clk_i_regs/A (sky130_fd_sc_hd__clkbuf_8)
     4    0.175068    0.301879    0.348630   23.404619 ^ clkbuf_5_21_0_clk_i_regs/X (sky130_fd_sc_hd__clkbuf_8)
                                                         clknet_5_21_0_clk_i_regs (net)
                      0.302702    0.012962   23.417582 ^ clkbuf_7_84__f_clk_i_regs/A (sky130_fd_sc_hd__clkbuf_16)
    21    0.246264    0.256032    0.362565   23.780146 ^ clkbuf_7_84__f_clk_i_regs/X (sky130_fd_sc_hd__clkbuf_16)
                                                         clknet_7_84__leaf_clk_i_regs (net)
                      0.258619    0.020574   23.800720 ^ clkbuf_leaf_277_clk_i_regs/A (sky130_fd_sc_hd__clkbuf_8)
    11    0.045107    0.091665    0.234062   24.034782 ^ clkbuf_leaf_277_clk_i_regs/X (sky130_fd_sc_hd__clkbuf_8)
                                                         clknet_leaf_277_clk_i_regs (net)
                      0.091692    0.001508   24.036289 ^ _196631_/CLK (sky130_fd_sc_hd__dfrtp_2)
                                 -0.250000   23.786291   clock uncertainty
                                  0.000000   23.786291   clock reconvergence pessimism
                                 -0.080418   23.705873   library setup time
                                             23.705873   data required time
---------------------------------------------------------------------------------------------
                                             23.705873   data required time
                                            -22.308376   data arrival time
---------------------------------------------------------------------------------------------
                                              1.397497   slack (MET)


Startpoint: u_instruction_ram.g_sram[2].u_macro
            (falling edge-triggered flip-flop clocked by clk_i)
Endpoint: _196187_ (rising edge-triggered flip-flop clocked by clk_i)
Path Group: clk_i
Path Type: max

Fanout         Cap        Slew       Delay        Time   Description
---------------------------------------------------------------------------------------------
                                 10.000000   10.000000   clock clk_i (fall edge)
                                  0.000000   10.000000   clock source latency
     3    0.551646    0.150000    0.000000   10.000000 v clk_i (in)
                                                         clk_i (net)
                      1.757706    0.803853   10.803853 v clkbuf_0_clk_i/A (sky130_fd_sc_hd__clkbuf_16)
     2    0.114959    0.123871    0.739686   11.543539 v clkbuf_0_clk_i/X (sky130_fd_sc_hd__clkbuf_16)
                                                         clknet_0_clk_i (net)
                      0.124525    0.011698   11.555237 v clkbuf_1_0_0_clk_i/A (sky130_fd_sc_hd__clkbuf_8)
     1    0.057197    0.075753    0.209698   11.764935 v clkbuf_1_0_0_clk_i/X (sky130_fd_sc_hd__clkbuf_8)
                                                         clknet_1_0_0_clk_i (net)
                      0.079852    0.013629   11.778564 v clkbuf_1_0_1_clk_i/A (sky130_fd_sc_hd__clkbuf_8)
    11    0.964894    0.943762    0.521675   12.300240 v clkbuf_1_0_1_clk_i/X (sky130_fd_sc_hd__clkbuf_8)
                                                         clknet_1_0_1_clk_i (net)
                      1.237671    0.426757   12.726996 v clkbuf_leaf_3_clk_i/A (sky130_fd_sc_hd__clkbuf_8)
     4    0.122865    0.152541    0.614900   13.341897 v clkbuf_leaf_3_clk_i/X (sky130_fd_sc_hd__clkbuf_8)
                                                         clknet_leaf_3_clk_i (net)
                      0.205656    0.012004   13.353901 v u_instruction_ram.g_sram[2].u_macro/clk1 (sky130_sram_2kbyte_1rw1r_32x512_8)
     2    0.019077    0.011485    0.480981   13.834881 ^ u_instruction_ram.g_sram[2].u_macro/dout1[7] (sky130_sram_2kbyte_1rw1r_32x512_8)
                                                         u_instruction_ram.dout_r[39] (net)
                      0.008614    0.000755   13.835636 ^ wire4852/A (sky130_fd_sc_hd__buf_2)
     2    0.073480    0.356288    0.301148   14.136784 ^ wire4852/X (sky130_fd_sc_hd__buf_2)
                                                         net4852 (net)
                      0.358125    0.020862   14.157646 ^ wire4850/A (sky130_fd_sc_hd__buf_6)
     1    0.030012    0.072668    0.186147   14.343793 ^ wire4850/X (sky130_fd_sc_hd__buf_6)
                                                         net4850 (net)
                      0.073096    0.004358   14.348151 ^ wire4849/A (sky130_fd_sc_hd__buf_6)
     1    0.044618    0.096306    0.145977   14.494128 ^ wire4849/X (sky130_fd_sc_hd__buf_6)
                                                         net4849 (net)
                      0.097068    0.006851   14.500978 ^ _096099_/A0 (sky130_fd_sc_hd__mux2_4)
     2    0.169673    0.485650    0.434429   14.935408 ^ _096099_/X (sky130_fd_sc_hd__mux2_4)
                                                         _033364_ (net)
                      0.514246    0.091662   15.027070 ^ _096101_/A0 (sky130_fd_sc_hd__mux2_4)
     1    0.063246    0.195066    0.371507   15.398577 ^ _096101_/X (sky130_fd_sc_hd__mux2_4)
                                                         _033366_ (net)
                      0.197501    0.017396   15.415973 ^ _096102_/A1 (sky130_fd_sc_hd__mux2_2)
     1    0.002428    0.045314    0.180314   15.596288 ^ _096102_/X (sky130_fd_sc_hd__mux2_2)
                                                         _033367_ (net)
                      0.045314    0.000048   15.596335 ^ _096103_/A (sky130_fd_sc_hd__clkbuf_1)
     2    0.021415    0.254840    0.227221   15.823556 ^ _096103_/X (sky130_fd_sc_hd__clkbuf_1)
                                                         iram_m0_rdata[7] (net)
                      0.254852    0.001485   15.825041 ^ wire2416/A (sky130_fd_sc_hd__buf_4)
     8    0.097079    0.269607    0.325267   16.150309 ^ wire2416/X (sky130_fd_sc_hd__buf_4)
                                                         net2416 (net)
                      0.272393    0.022117   16.172426 ^ _136653_/B1 (sky130_fd_sc_hd__a221o_2)
     1    0.003524    0.053462    0.202537   16.374962 ^ _136653_/X (sky130_fd_sc_hd__a221o_2)
                                                         _065422_ (net)
                      0.053462    0.000105   16.375067 ^ _136654_/D1 (sky130_fd_sc_hd__a2111o_2)
     2    0.562089    2.590986    1.478929   17.853996 ^ _136654_/X (sky130_fd_sc_hd__a2111o_2)
                                                         _065423_ (net)
                      2.820378    0.590791   18.444788 ^ _136655_/B (sky130_fd_sc_hd__nand2_4)
     2    0.025427    0.353506    0.188827   18.633614 v _136655_/Y (sky130_fd_sc_hd__nand2_4)
                                                         _065424_ (net)
                      0.353512    0.001089   18.634703 v rebuffer7887/A (sky130_fd_sc_hd__buf_2)
     1    0.002997    0.029691    0.239543   18.874247 v rebuffer7887/X (sky130_fd_sc_hd__buf_2)
                                                         net7887 (net)
                      0.029691    0.000094   18.874340 v rebuffer7883/A (sky130_fd_sc_hd__buf_2)
     4    0.021560    0.062633    0.149729   19.024071 v rebuffer7883/X (sky130_fd_sc_hd__buf_2)
                                                         net7883 (net)
                      0.062652    0.001039   19.025108 v _138400_/A2 (sky130_fd_sc_hd__o21ai_2)
     1    0.005143    0.108833    0.123320   19.148430 ^ _138400_/Y (sky130_fd_sc_hd__o21ai_2)
                                                         _067161_ (net)
                      0.108833    0.000153   19.148582 ^ _138401_/A (sky130_fd_sc_hd__inv_2)
     2    0.007401    0.034699    0.049877   19.198458 v _138401_/Y (sky130_fd_sc_hd__inv_2)
                                                         _067162_ (net)
                      0.034699    0.000167   19.198626 v _138673_/B1 (sky130_fd_sc_hd__a221o_2)
     2    0.020253    0.097486    0.388326   19.586952 v _138673_/X (sky130_fd_sc_hd__a221o_2)
                                                         _067433_ (net)
                      0.097489    0.000705   19.587656 v _138674_/A (sky130_fd_sc_hd__nand2_8)
     4    0.055329    0.110586    0.127587   19.715242 ^ _138674_/Y (sky130_fd_sc_hd__nand2_8)
                                                         _067434_ (net)
                      0.110605    0.001162   19.716406 ^ clone14024/A (sky130_fd_sc_hd__clkinvlp_4)
     6    0.050029    0.243668    0.248038   19.964443 v clone14024/Y (sky130_fd_sc_hd__clkinvlp_4)
                                                         net14024 (net)
                      0.243737    0.001384   19.965826 v _140684_/B1 (sky130_fd_sc_hd__o21ai_2)
     2    0.007315    0.127126    0.142371   20.108198 ^ _140684_/Y (sky130_fd_sc_hd__o21ai_2)
                                                         _069437_ (net)
                      0.127126    0.000213   20.108412 ^ _140685_/A0 (sky130_fd_sc_hd__mux2_4)
     2    0.094430    0.276497    0.351344   20.459755 ^ _140685_/X (sky130_fd_sc_hd__mux2_4)
                                                         _069438_ (net)
                      0.276690    0.004007   20.463762 ^ wire699/A (sky130_fd_sc_hd__buf_12)
     2    0.029094    0.050734    0.157710   20.621473 ^ wire699/X (sky130_fd_sc_hd__buf_12)
                                                         net699 (net)
                      0.051119    0.003135   20.624609 ^ rebuffer14014/A (sky130_fd_sc_hd__clkbuf_4)
    13    0.297477    0.871916    0.681816   21.306423 ^ rebuffer14014/X (sky130_fd_sc_hd__clkbuf_4)
                                                         net14014 (net)
                      0.877005    0.054477   21.360901 ^ _144088_/A (sky130_fd_sc_hd__clkbuf_2)
     5    0.034298    0.192004    0.351482   21.712383 ^ _144088_/X (sky130_fd_sc_hd__clkbuf_2)
                                                         _072631_ (net)
                      0.192012    0.001483   21.713867 ^ max_cap682/A (sky130_fd_sc_hd__buf_8)
    15    0.118894    0.195524    0.236252   21.950119 ^ max_cap682/X (sky130_fd_sc_hd__buf_8)
                                                         net682 (net)
                      0.200102    0.023755   21.973873 ^ _144508_/A (sky130_fd_sc_hd__nand2_2)
     1    0.004974    0.057429    0.071134   22.045008 v _144508_/Y (sky130_fd_sc_hd__nand2_2)
                                                         _072891_ (net)
                      0.057430    0.000155   22.045162 v _144509_/C1 (sky130_fd_sc_hd__o221ai_2)
     1    0.003268    0.150970    0.058455   22.103617 ^ _144509_/Y (sky130_fd_sc_hd__o221ai_2)
                                                         _008521_ (net)
                      0.150970    0.000108   22.103725 ^ _196187_/D (sky130_fd_sc_hd__dfrtp_2)
                                             22.103725   data arrival time

                                 20.000000   20.000000   clock clk_i (rise edge)
                                  0.000000   20.000000   clock source latency
     3    0.553677    0.150000    0.000000   20.000000 ^ clk_i (in)
                                                         clk_i (net)
                      1.802483    0.826242   20.826242 ^ clkbuf_regs_0_clk_i/A (sky130_fd_sc_hd__clkbuf_16)
     1    0.008116    0.075231    0.340210   21.166452 ^ clkbuf_regs_0_clk_i/X (sky130_fd_sc_hd__clkbuf_16)
                                                         clk_i_regs (net)
                      0.075231    0.000234   21.166687 ^ clkbuf_0_clk_i_regs/A (sky130_fd_sc_hd__clkbuf_16)
     2    0.111687    0.126029    0.200114   21.366800 ^ clkbuf_0_clk_i_regs/X (sky130_fd_sc_hd__clkbuf_16)
                                                         clknet_0_clk_i_regs (net)
                      0.128021    0.012481   21.379282 ^ clkbuf_1_1_0_clk_i_regs/A (sky130_fd_sc_hd__clkbuf_8)
     1    0.100037    0.177738    0.252358   21.631639 ^ clkbuf_1_1_0_clk_i_regs/X (sky130_fd_sc_hd__clkbuf_8)
                                                         clknet_1_1_0_clk_i_regs (net)
                      0.179155    0.012784   21.644424 ^ clkbuf_1_1_1_clk_i_regs/A (sky130_fd_sc_hd__clkbuf_8)
     2    0.074134    0.137796    0.234945   21.879368 ^ clkbuf_1_1_1_clk_i_regs/X (sky130_fd_sc_hd__clkbuf_8)
                                                         clknet_1_1_1_clk_i_regs (net)
                      0.142326    0.019677   21.899044 ^ clkbuf_2_2_0_clk_i_regs/A (sky130_fd_sc_hd__clkbuf_8)
     2    0.056485    0.109605    0.205407   22.104452 ^ clkbuf_2_2_0_clk_i_regs/X (sky130_fd_sc_hd__clkbuf_8)
                                                         clknet_2_2_0_clk_i_regs (net)
                      0.111952    0.012639   22.117090 ^ clkbuf_3_5_0_clk_i_regs/A (sky130_fd_sc_hd__clkbuf_8)
     4    0.352959    0.597353    0.505073   22.622164 ^ clkbuf_3_5_0_clk_i_regs/X (sky130_fd_sc_hd__clkbuf_8)
                                                         clknet_3_5_0_clk_i_regs (net)
                      0.610878    0.071649   22.693813 ^ clkbuf_4_10_0_clk_i_regs/A (sky130_fd_sc_hd__clkbuf_8)
     2    0.089323    0.164214    0.355728   23.049541 ^ clkbuf_4_10_0_clk_i_regs/X (sky130_fd_sc_hd__clkbuf_8)
                                                         clknet_4_10_0_clk_i_regs (net)
                      0.164707    0.006587   23.056128 ^ clkbuf_5_20_0_clk_i_regs/A (sky130_fd_sc_hd__clkbuf_8)
     4    0.123418    0.216326    0.293751   23.349878 ^ clkbuf_5_20_0_clk_i_regs/X (sky130_fd_sc_hd__clkbuf_8)
                                                         clknet_5_20_0_clk_i_regs (net)
                      0.216453    0.004350   23.354229 ^ clkbuf_7_80__f_clk_i_regs/A (sky130_fd_sc_hd__clkbuf_16)
    18    0.174056    0.186188    0.291317   23.645546 ^ clkbuf_7_80__f_clk_i_regs/X (sky130_fd_sc_hd__clkbuf_16)
                                                         clknet_7_80__leaf_clk_i_regs (net)
                      0.186789    0.008534   23.654079 ^ clkbuf_leaf_263_clk_i_regs/A (sky130_fd_sc_hd__clkbuf_8)
    10    0.031203    0.069276    0.194779   23.848860 ^ clkbuf_leaf_263_clk_i_regs/X (sky130_fd_sc_hd__clkbuf_8)
                                                         clknet_leaf_263_clk_i_regs (net)
                      0.069281    0.000608   23.849466 ^ _196187_/CLK (sky130_fd_sc_hd__dfrtp_2)
                                 -0.250000   23.599468   clock uncertainty
                                  0.000000   23.599468   clock reconvergence pessimism
                                 -0.084420   23.515049   library setup time
                                             23.515049   data required time
---------------------------------------------------------------------------------------------
                                             23.515049   data required time
                                            -22.103725   data arrival time
---------------------------------------------------------------------------------------------
                                              1.411323   slack (MET)


Startpoint: u_instruction_ram.g_sram[2].u_macro
            (falling edge-triggered flip-flop clocked by clk_i)
Endpoint: _196027_ (rising edge-triggered flip-flop clocked by clk_i)
Path Group: clk_i
Path Type: max

Fanout         Cap        Slew       Delay        Time   Description
---------------------------------------------------------------------------------------------
                                 10.000000   10.000000   clock clk_i (fall edge)
                                  0.000000   10.000000   clock source latency
     3    0.551646    0.150000    0.000000   10.000000 v clk_i (in)
                                                         clk_i (net)
                      1.757706    0.803853   10.803853 v clkbuf_0_clk_i/A (sky130_fd_sc_hd__clkbuf_16)
     2    0.114959    0.123871    0.739686   11.543539 v clkbuf_0_clk_i/X (sky130_fd_sc_hd__clkbuf_16)
                                                         clknet_0_clk_i (net)
                      0.124525    0.011698   11.555237 v clkbuf_1_0_0_clk_i/A (sky130_fd_sc_hd__clkbuf_8)
     1    0.057197    0.075753    0.209698   11.764935 v clkbuf_1_0_0_clk_i/X (sky130_fd_sc_hd__clkbuf_8)
                                                         clknet_1_0_0_clk_i (net)
                      0.079852    0.013629   11.778564 v clkbuf_1_0_1_clk_i/A (sky130_fd_sc_hd__clkbuf_8)
    11    0.964894    0.943762    0.521675   12.300240 v clkbuf_1_0_1_clk_i/X (sky130_fd_sc_hd__clkbuf_8)
                                                         clknet_1_0_1_clk_i (net)
                      1.237671    0.426757   12.726996 v clkbuf_leaf_3_clk_i/A (sky130_fd_sc_hd__clkbuf_8)
     4    0.122865    0.152541    0.614900   13.341897 v clkbuf_leaf_3_clk_i/X (sky130_fd_sc_hd__clkbuf_8)
                                                         clknet_leaf_3_clk_i (net)
                      0.205656    0.012004   13.353901 v u_instruction_ram.g_sram[2].u_macro/clk1 (sky130_sram_2kbyte_1rw1r_32x512_8)
     2    0.019077    0.011485    0.480981   13.834881 ^ u_instruction_ram.g_sram[2].u_macro/dout1[7] (sky130_sram_2kbyte_1rw1r_32x512_8)
                                                         u_instruction_ram.dout_r[39] (net)
                      0.008614    0.000755   13.835636 ^ wire4852/A (sky130_fd_sc_hd__buf_2)
     2    0.073480    0.356288    0.301148   14.136784 ^ wire4852/X (sky130_fd_sc_hd__buf_2)
                                                         net4852 (net)
                      0.358125    0.020862   14.157646 ^ wire4850/A (sky130_fd_sc_hd__buf_6)
     1    0.030012    0.072668    0.186147   14.343793 ^ wire4850/X (sky130_fd_sc_hd__buf_6)
                                                         net4850 (net)
                      0.073096    0.004358   14.348151 ^ wire4849/A (sky130_fd_sc_hd__buf_6)
     1    0.044618    0.096306    0.145977   14.494128 ^ wire4849/X (sky130_fd_sc_hd__buf_6)
                                                         net4849 (net)
                      0.097068    0.006851   14.500978 ^ _096099_/A0 (sky130_fd_sc_hd__mux2_4)
     2    0.169673    0.485650    0.434429   14.935408 ^ _096099_/X (sky130_fd_sc_hd__mux2_4)
                                                         _033364_ (net)
                      0.514246    0.091662   15.027070 ^ _096101_/A0 (sky130_fd_sc_hd__mux2_4)
     1    0.063246    0.195066    0.371507   15.398577 ^ _096101_/X (sky130_fd_sc_hd__mux2_4)
                                                         _033366_ (net)
                      0.197501    0.017396   15.415973 ^ _096102_/A1 (sky130_fd_sc_hd__mux2_2)
     1    0.002428    0.045314    0.180314   15.596288 ^ _096102_/X (sky130_fd_sc_hd__mux2_2)
                                                         _033367_ (net)
                      0.045314    0.000048   15.596335 ^ _096103_/A (sky130_fd_sc_hd__clkbuf_1)
     2    0.021415    0.254840    0.227221   15.823556 ^ _096103_/X (sky130_fd_sc_hd__clkbuf_1)
                                                         iram_m0_rdata[7] (net)
                      0.254852    0.001485   15.825041 ^ wire2416/A (sky130_fd_sc_hd__buf_4)
     8    0.097079    0.269607    0.325267   16.150309 ^ wire2416/X (sky130_fd_sc_hd__buf_4)
                                                         net2416 (net)
                      0.272393    0.022117   16.172426 ^ _136653_/B1 (sky130_fd_sc_hd__a221o_2)
     1    0.003524    0.053462    0.202537   16.374962 ^ _136653_/X (sky130_fd_sc_hd__a221o_2)
                                                         _065422_ (net)
                      0.053462    0.000105   16.375067 ^ _136654_/D1 (sky130_fd_sc_hd__a2111o_2)
     2    0.562089    2.590986    1.478929   17.853996 ^ _136654_/X (sky130_fd_sc_hd__a2111o_2)
                                                         _065423_ (net)
                      2.820378    0.590791   18.444788 ^ _136655_/B (sky130_fd_sc_hd__nand2_4)
     2    0.025427    0.353506    0.188827   18.633614 v _136655_/Y (sky130_fd_sc_hd__nand2_4)
                                                         _065424_ (net)
                      0.353512    0.001089   18.634703 v rebuffer7887/A (sky130_fd_sc_hd__buf_2)
     1    0.002997    0.029691    0.239543   18.874247 v rebuffer7887/X (sky130_fd_sc_hd__buf_2)
                                                         net7887 (net)
                      0.029691    0.000094   18.874340 v rebuffer7883/A (sky130_fd_sc_hd__buf_2)
     4    0.021560    0.062633    0.149729   19.024071 v rebuffer7883/X (sky130_fd_sc_hd__buf_2)
                                                         net7883 (net)
                      0.062652    0.001039   19.025108 v _138400_/A2 (sky130_fd_sc_hd__o21ai_2)
     1    0.005143    0.108833    0.123320   19.148430 ^ _138400_/Y (sky130_fd_sc_hd__o21ai_2)
                                                         _067161_ (net)
                      0.108833    0.000153   19.148582 ^ _138401_/A (sky130_fd_sc_hd__inv_2)
     2    0.007401    0.034699    0.049877   19.198458 v _138401_/Y (sky130_fd_sc_hd__inv_2)
                                                         _067162_ (net)
                      0.034699    0.000167   19.198626 v _138673_/B1 (sky130_fd_sc_hd__a221o_2)
     2    0.020253    0.097486    0.388326   19.586952 v _138673_/X (sky130_fd_sc_hd__a221o_2)
                                                         _067433_ (net)
                      0.097489    0.000705   19.587656 v _138674_/A (sky130_fd_sc_hd__nand2_8)
     4    0.055329    0.110586    0.127587   19.715242 ^ _138674_/Y (sky130_fd_sc_hd__nand2_8)
                                                         _067434_ (net)
                      0.110605    0.001162   19.716406 ^ clone14024/A (sky130_fd_sc_hd__clkinvlp_4)
     6    0.050029    0.243668    0.248038   19.964443 v clone14024/Y (sky130_fd_sc_hd__clkinvlp_4)
                                                         net14024 (net)
                      0.243737    0.001384   19.965826 v _140684_/B1 (sky130_fd_sc_hd__o21ai_2)
     2    0.007315    0.127126    0.142371   20.108198 ^ _140684_/Y (sky130_fd_sc_hd__o21ai_2)
                                                         _069437_ (net)
                      0.127126    0.000213   20.108412 ^ _140685_/A0 (sky130_fd_sc_hd__mux2_4)
     2    0.094430    0.276497    0.351344   20.459755 ^ _140685_/X (sky130_fd_sc_hd__mux2_4)
                                                         _069438_ (net)
                      0.276690    0.004007   20.463762 ^ wire699/A (sky130_fd_sc_hd__buf_12)
     2    0.029094    0.050734    0.157710   20.621473 ^ wire699/X (sky130_fd_sc_hd__buf_12)
                                                         net699 (net)
                      0.051119    0.003135   20.624609 ^ rebuffer14014/A (sky130_fd_sc_hd__clkbuf_4)
    13    0.297477    0.871916    0.681816   21.306423 ^ rebuffer14014/X (sky130_fd_sc_hd__clkbuf_4)
                                                         net14014 (net)
                      0.877005    0.054477   21.360901 ^ _144088_/A (sky130_fd_sc_hd__clkbuf_2)
     5    0.034298    0.192004    0.351482   21.712383 ^ _144088_/X (sky130_fd_sc_hd__clkbuf_2)
                                                         _072631_ (net)
                      0.192012    0.001483   21.713867 ^ max_cap682/A (sky130_fd_sc_hd__buf_8)
    15    0.118894    0.195524    0.236252   21.950119 ^ max_cap682/X (sky130_fd_sc_hd__buf_8)
                                                         net682 (net)
                      0.200137    0.023844   21.973963 ^ _144089_/A (sky130_fd_sc_hd__nand2_2)
     1    0.005143    0.057954    0.071935   22.045898 v _144089_/Y (sky130_fd_sc_hd__nand2_2)
                                                         _072632_ (net)
                      0.057954    0.000165   22.046062 v _144090_/C1 (sky130_fd_sc_hd__o221ai_2)
     1    0.002452    0.160040    0.055532   22.101595 ^ _144090_/Y (sky130_fd_sc_hd__o221ai_2)
                                                         _008361_ (net)
                      0.160040    0.000071   22.101667 ^ _196027_/D (sky130_fd_sc_hd__dfrtp_2)
                                             22.101667   data arrival time

                                 20.000000   20.000000   clock clk_i (rise edge)
                                  0.000000   20.000000   clock source latency
     3    0.553677    0.150000    0.000000   20.000000 ^ clk_i (in)
                                                         clk_i (net)
                      1.802483    0.826242   20.826242 ^ clkbuf_regs_0_clk_i/A (sky130_fd_sc_hd__clkbuf_16)
     1    0.008116    0.075231    0.340210   21.166452 ^ clkbuf_regs_0_clk_i/X (sky130_fd_sc_hd__clkbuf_16)
                                                         clk_i_regs (net)
                      0.075231    0.000234   21.166687 ^ clkbuf_0_clk_i_regs/A (sky130_fd_sc_hd__clkbuf_16)
     2    0.111687    0.126029    0.200114   21.366800 ^ clkbuf_0_clk_i_regs/X (sky130_fd_sc_hd__clkbuf_16)
                                                         clknet_0_clk_i_regs (net)
                      0.128021    0.012481   21.379282 ^ clkbuf_1_1_0_clk_i_regs/A (sky130_fd_sc_hd__clkbuf_8)
     1    0.100037    0.177738    0.252358   21.631639 ^ clkbuf_1_1_0_clk_i_regs/X (sky130_fd_sc_hd__clkbuf_8)
                                                         clknet_1_1_0_clk_i_regs (net)
                      0.179155    0.012784   21.644424 ^ clkbuf_1_1_1_clk_i_regs/A (sky130_fd_sc_hd__clkbuf_8)
     2    0.074134    0.137796    0.234945   21.879368 ^ clkbuf_1_1_1_clk_i_regs/X (sky130_fd_sc_hd__clkbuf_8)
                                                         clknet_1_1_1_clk_i_regs (net)
                      0.142326    0.019677   21.899044 ^ clkbuf_2_2_0_clk_i_regs/A (sky130_fd_sc_hd__clkbuf_8)
     2    0.056485    0.109605    0.205407   22.104452 ^ clkbuf_2_2_0_clk_i_regs/X (sky130_fd_sc_hd__clkbuf_8)
                                                         clknet_2_2_0_clk_i_regs (net)
                      0.111952    0.012639   22.117090 ^ clkbuf_3_5_0_clk_i_regs/A (sky130_fd_sc_hd__clkbuf_8)
     4    0.352959    0.597353    0.505073   22.622164 ^ clkbuf_3_5_0_clk_i_regs/X (sky130_fd_sc_hd__clkbuf_8)
                                                         clknet_3_5_0_clk_i_regs (net)
                      0.610878    0.071649   22.693813 ^ clkbuf_4_10_0_clk_i_regs/A (sky130_fd_sc_hd__clkbuf_8)
     2    0.089323    0.164214    0.355728   23.049541 ^ clkbuf_4_10_0_clk_i_regs/X (sky130_fd_sc_hd__clkbuf_8)
                                                         clknet_4_10_0_clk_i_regs (net)
                      0.164707    0.006587   23.056128 ^ clkbuf_5_20_0_clk_i_regs/A (sky130_fd_sc_hd__clkbuf_8)
     4    0.123418    0.216326    0.293751   23.349878 ^ clkbuf_5_20_0_clk_i_regs/X (sky130_fd_sc_hd__clkbuf_8)
                                                         clknet_5_20_0_clk_i_regs (net)
                      0.216453    0.004350   23.354229 ^ clkbuf_7_80__f_clk_i_regs/A (sky130_fd_sc_hd__clkbuf_16)
    18    0.174056    0.186188    0.291317   23.645546 ^ clkbuf_7_80__f_clk_i_regs/X (sky130_fd_sc_hd__clkbuf_16)
                                                         clknet_7_80__leaf_clk_i_regs (net)
                      0.186789    0.008534   23.654079 ^ clkbuf_leaf_263_clk_i_regs/A (sky130_fd_sc_hd__clkbuf_8)
    10    0.031203    0.069276    0.194779   23.848860 ^ clkbuf_leaf_263_clk_i_regs/X (sky130_fd_sc_hd__clkbuf_8)
                                                         clknet_leaf_263_clk_i_regs (net)
                      0.069283    0.000718   23.849577 ^ _196027_/CLK (sky130_fd_sc_hd__dfrtp_2)
                                 -0.250000   23.599579   clock uncertainty
                                  0.000000   23.599579   clock reconvergence pessimism
                                 -0.086528   23.513050   library setup time
                                             23.513050   data required time
---------------------------------------------------------------------------------------------
                                             23.513050   data required time
                                            -22.101667   data arrival time
---------------------------------------------------------------------------------------------
                                              1.411383   slack (MET)


Startpoint: u_instruction_ram.g_sram[2].u_macro
            (falling edge-triggered flip-flop clocked by clk_i)
Endpoint: _196091_ (rising edge-triggered flip-flop clocked by clk_i)
Path Group: clk_i
Path Type: max

Fanout         Cap        Slew       Delay        Time   Description
---------------------------------------------------------------------------------------------
                                 10.000000   10.000000   clock clk_i (fall edge)
                                  0.000000   10.000000   clock source latency
     3    0.551646    0.150000    0.000000   10.000000 v clk_i (in)
                                                         clk_i (net)
                      1.757706    0.803853   10.803853 v clkbuf_0_clk_i/A (sky130_fd_sc_hd__clkbuf_16)
     2    0.114959    0.123871    0.739686   11.543539 v clkbuf_0_clk_i/X (sky130_fd_sc_hd__clkbuf_16)
                                                         clknet_0_clk_i (net)
                      0.124525    0.011698   11.555237 v clkbuf_1_0_0_clk_i/A (sky130_fd_sc_hd__clkbuf_8)
     1    0.057197    0.075753    0.209698   11.764935 v clkbuf_1_0_0_clk_i/X (sky130_fd_sc_hd__clkbuf_8)
                                                         clknet_1_0_0_clk_i (net)
                      0.079852    0.013629   11.778564 v clkbuf_1_0_1_clk_i/A (sky130_fd_sc_hd__clkbuf_8)
    11    0.964894    0.943762    0.521675   12.300240 v clkbuf_1_0_1_clk_i/X (sky130_fd_sc_hd__clkbuf_8)
                                                         clknet_1_0_1_clk_i (net)
                      1.237671    0.426757   12.726996 v clkbuf_leaf_3_clk_i/A (sky130_fd_sc_hd__clkbuf_8)
     4    0.122865    0.152541    0.614900   13.341897 v clkbuf_leaf_3_clk_i/X (sky130_fd_sc_hd__clkbuf_8)
                                                         clknet_leaf_3_clk_i (net)
                      0.205656    0.012004   13.353901 v u_instruction_ram.g_sram[2].u_macro/clk1 (sky130_sram_2kbyte_1rw1r_32x512_8)
     2    0.019077    0.011485    0.480981   13.834881 ^ u_instruction_ram.g_sram[2].u_macro/dout1[7] (sky130_sram_2kbyte_1rw1r_32x512_8)
                                                         u_instruction_ram.dout_r[39] (net)
                      0.008614    0.000755   13.835636 ^ wire4852/A (sky130_fd_sc_hd__buf_2)
     2    0.073480    0.356288    0.301148   14.136784 ^ wire4852/X (sky130_fd_sc_hd__buf_2)
                                                         net4852 (net)
                      0.358125    0.020862   14.157646 ^ wire4850/A (sky130_fd_sc_hd__buf_6)
     1    0.030012    0.072668    0.186147   14.343793 ^ wire4850/X (sky130_fd_sc_hd__buf_6)
                                                         net4850 (net)
                      0.073096    0.004358   14.348151 ^ wire4849/A (sky130_fd_sc_hd__buf_6)
     1    0.044618    0.096306    0.145977   14.494128 ^ wire4849/X (sky130_fd_sc_hd__buf_6)
                                                         net4849 (net)
                      0.097068    0.006851   14.500978 ^ _096099_/A0 (sky130_fd_sc_hd__mux2_4)
     2    0.169673    0.485650    0.434429   14.935408 ^ _096099_/X (sky130_fd_sc_hd__mux2_4)
                                                         _033364_ (net)
                      0.514246    0.091662   15.027070 ^ _096101_/A0 (sky130_fd_sc_hd__mux2_4)
     1    0.063246    0.195066    0.371507   15.398577 ^ _096101_/X (sky130_fd_sc_hd__mux2_4)
                                                         _033366_ (net)
                      0.197501    0.017396   15.415973 ^ _096102_/A1 (sky130_fd_sc_hd__mux2_2)
     1    0.002428    0.045314    0.180314   15.596288 ^ _096102_/X (sky130_fd_sc_hd__mux2_2)
                                                         _033367_ (net)
                      0.045314    0.000048   15.596335 ^ _096103_/A (sky130_fd_sc_hd__clkbuf_1)
     2    0.021415    0.254840    0.227221   15.823556 ^ _096103_/X (sky130_fd_sc_hd__clkbuf_1)
                                                         iram_m0_rdata[7] (net)
                      0.254852    0.001485   15.825041 ^ wire2416/A (sky130_fd_sc_hd__buf_4)
     8    0.097079    0.269607    0.325267   16.150309 ^ wire2416/X (sky130_fd_sc_hd__buf_4)
                                                         net2416 (net)
                      0.272393    0.022117   16.172426 ^ _136653_/B1 (sky130_fd_sc_hd__a221o_2)
     1    0.003524    0.053462    0.202537   16.374962 ^ _136653_/X (sky130_fd_sc_hd__a221o_2)
                                                         _065422_ (net)
                      0.053462    0.000105   16.375067 ^ _136654_/D1 (sky130_fd_sc_hd__a2111o_2)
     2    0.562089    2.590986    1.478929   17.853996 ^ _136654_/X (sky130_fd_sc_hd__a2111o_2)
                                                         _065423_ (net)
                      2.820378    0.590791   18.444788 ^ _136655_/B (sky130_fd_sc_hd__nand2_4)
     2    0.025427    0.353506    0.188827   18.633614 v _136655_/Y (sky130_fd_sc_hd__nand2_4)
                                                         _065424_ (net)
                      0.353512    0.001089   18.634703 v rebuffer7887/A (sky130_fd_sc_hd__buf_2)
     1    0.002997    0.029691    0.239543   18.874247 v rebuffer7887/X (sky130_fd_sc_hd__buf_2)
                                                         net7887 (net)
                      0.029691    0.000094   18.874340 v rebuffer7883/A (sky130_fd_sc_hd__buf_2)
     4    0.021560    0.062633    0.149729   19.024071 v rebuffer7883/X (sky130_fd_sc_hd__buf_2)
                                                         net7883 (net)
                      0.062652    0.001039   19.025108 v _138400_/A2 (sky130_fd_sc_hd__o21ai_2)
     1    0.005143    0.108833    0.123320   19.148430 ^ _138400_/Y (sky130_fd_sc_hd__o21ai_2)
                                                         _067161_ (net)
                      0.108833    0.000153   19.148582 ^ _138401_/A (sky130_fd_sc_hd__inv_2)
     2    0.007401    0.034699    0.049877   19.198458 v _138401_/Y (sky130_fd_sc_hd__inv_2)
                                                         _067162_ (net)
                      0.034699    0.000167   19.198626 v _138673_/B1 (sky130_fd_sc_hd__a221o_2)
     2    0.020253    0.097486    0.388326   19.586952 v _138673_/X (sky130_fd_sc_hd__a221o_2)
                                                         _067433_ (net)
                      0.097489    0.000705   19.587656 v _138674_/A (sky130_fd_sc_hd__nand2_8)
     4    0.055329    0.110586    0.127587   19.715242 ^ _138674_/Y (sky130_fd_sc_hd__nand2_8)
                                                         _067434_ (net)
                      0.110605    0.001162   19.716406 ^ clone14024/A (sky130_fd_sc_hd__clkinvlp_4)
     6    0.050029    0.243668    0.248038   19.964443 v clone14024/Y (sky130_fd_sc_hd__clkinvlp_4)
                                                         net14024 (net)
                      0.243737    0.001384   19.965826 v _140684_/B1 (sky130_fd_sc_hd__o21ai_2)
     2    0.007315    0.127126    0.142371   20.108198 ^ _140684_/Y (sky130_fd_sc_hd__o21ai_2)
                                                         _069437_ (net)
                      0.127126    0.000213   20.108412 ^ _140685_/A0 (sky130_fd_sc_hd__mux2_4)
     2    0.094430    0.276497    0.351344   20.459755 ^ _140685_/X (sky130_fd_sc_hd__mux2_4)
                                                         _069438_ (net)
                      0.276690    0.004007   20.463762 ^ wire699/A (sky130_fd_sc_hd__buf_12)
     2    0.029094    0.050734    0.157710   20.621473 ^ wire699/X (sky130_fd_sc_hd__buf_12)
                                                         net699 (net)
                      0.051119    0.003135   20.624609 ^ rebuffer14014/A (sky130_fd_sc_hd__clkbuf_4)
    13    0.297477    0.871916    0.681816   21.306423 ^ rebuffer14014/X (sky130_fd_sc_hd__clkbuf_4)
                                                         net14014 (net)
                      0.877005    0.054477   21.360901 ^ _144088_/A (sky130_fd_sc_hd__clkbuf_2)
     5    0.034298    0.192004    0.351482   21.712383 ^ _144088_/X (sky130_fd_sc_hd__clkbuf_2)
                                                         _072631_ (net)
                      0.192012    0.001483   21.713867 ^ max_cap682/A (sky130_fd_sc_hd__buf_8)
    15    0.118894    0.195524    0.236252   21.950119 ^ max_cap682/X (sky130_fd_sc_hd__buf_8)
                                                         net682 (net)
                      0.199983    0.023455   21.973574 ^ _144276_/A (sky130_fd_sc_hd__nand2_2)
     1    0.005019    0.057550    0.071335   22.044909 v _144276_/Y (sky130_fd_sc_hd__nand2_2)
                                                         _072755_ (net)
                      0.057550    0.000155   22.045063 v _144277_/C1 (sky130_fd_sc_hd__o221ai_2)
     1    0.002512    0.143789    0.055600   22.100664 ^ _144277_/Y (sky130_fd_sc_hd__o221ai_2)
                                                         _008425_ (net)
                      0.143789    0.000073   22.100737 ^ _196091_/D (sky130_fd_sc_hd__dfrtp_2)
                                             22.100737   data arrival time

                                 20.000000   20.000000   clock clk_i (rise edge)
                                  0.000000   20.000000   clock source latency
     3    0.553677    0.150000    0.000000   20.000000 ^ clk_i (in)
                                                         clk_i (net)
                      1.802483    0.826242   20.826242 ^ clkbuf_regs_0_clk_i/A (sky130_fd_sc_hd__clkbuf_16)
     1    0.008116    0.075231    0.340210   21.166452 ^ clkbuf_regs_0_clk_i/X (sky130_fd_sc_hd__clkbuf_16)
                                                         clk_i_regs (net)
                      0.075231    0.000234   21.166687 ^ clkbuf_0_clk_i_regs/A (sky130_fd_sc_hd__clkbuf_16)
     2    0.111687    0.126029    0.200114   21.366800 ^ clkbuf_0_clk_i_regs/X (sky130_fd_sc_hd__clkbuf_16)
                                                         clknet_0_clk_i_regs (net)
                      0.128021    0.012481   21.379282 ^ clkbuf_1_1_0_clk_i_regs/A (sky130_fd_sc_hd__clkbuf_8)
     1    0.100037    0.177738    0.252358   21.631639 ^ clkbuf_1_1_0_clk_i_regs/X (sky130_fd_sc_hd__clkbuf_8)
                                                         clknet_1_1_0_clk_i_regs (net)
                      0.179155    0.012784   21.644424 ^ clkbuf_1_1_1_clk_i_regs/A (sky130_fd_sc_hd__clkbuf_8)
     2    0.074134    0.137796    0.234945   21.879368 ^ clkbuf_1_1_1_clk_i_regs/X (sky130_fd_sc_hd__clkbuf_8)
                                                         clknet_1_1_1_clk_i_regs (net)
                      0.142326    0.019677   21.899044 ^ clkbuf_2_2_0_clk_i_regs/A (sky130_fd_sc_hd__clkbuf_8)
     2    0.056485    0.109605    0.205407   22.104452 ^ clkbuf_2_2_0_clk_i_regs/X (sky130_fd_sc_hd__clkbuf_8)
                                                         clknet_2_2_0_clk_i_regs (net)
                      0.111952    0.012639   22.117090 ^ clkbuf_3_5_0_clk_i_regs/A (sky130_fd_sc_hd__clkbuf_8)
     4    0.352959    0.597353    0.505073   22.622164 ^ clkbuf_3_5_0_clk_i_regs/X (sky130_fd_sc_hd__clkbuf_8)
                                                         clknet_3_5_0_clk_i_regs (net)
                      0.610878    0.071649   22.693813 ^ clkbuf_4_10_0_clk_i_regs/A (sky130_fd_sc_hd__clkbuf_8)
     2    0.089323    0.164214    0.355728   23.049541 ^ clkbuf_4_10_0_clk_i_regs/X (sky130_fd_sc_hd__clkbuf_8)
                                                         clknet_4_10_0_clk_i_regs (net)
                      0.164707    0.006587   23.056128 ^ clkbuf_5_20_0_clk_i_regs/A (sky130_fd_sc_hd__clkbuf_8)
     4    0.123418    0.216326    0.293751   23.349878 ^ clkbuf_5_20_0_clk_i_regs/X (sky130_fd_sc_hd__clkbuf_8)
                                                         clknet_5_20_0_clk_i_regs (net)
                      0.216453    0.004350   23.354229 ^ clkbuf_7_80__f_clk_i_regs/A (sky130_fd_sc_hd__clkbuf_16)
    18    0.174056    0.186188    0.291317   23.645546 ^ clkbuf_7_80__f_clk_i_regs/X (sky130_fd_sc_hd__clkbuf_16)
                                                         clknet_7_80__leaf_clk_i_regs (net)
                      0.186789    0.008534   23.654079 ^ clkbuf_leaf_263_clk_i_regs/A (sky130_fd_sc_hd__clkbuf_8)
    10    0.031203    0.069276    0.194779   23.848860 ^ clkbuf_leaf_263_clk_i_regs/X (sky130_fd_sc_hd__clkbuf_8)
                                                         clknet_leaf_263_clk_i_regs (net)
                      0.069280    0.000602   23.849463 ^ _196091_/CLK (sky130_fd_sc_hd__dfrtp_2)
                                 -0.250000   23.599463   clock uncertainty
                                  0.000000   23.599463   clock reconvergence pessimism
                                 -0.082751   23.516710   library setup time
                                             23.516710   data required time
---------------------------------------------------------------------------------------------
                                             23.516710   data required time
                                            -22.100737   data arrival time
---------------------------------------------------------------------------------------------
                                              1.415975   slack (MET)


Startpoint: u_instruction_ram.g_sram[2].u_macro
            (falling edge-triggered flip-flop clocked by clk_i)
Endpoint: _196155_ (rising edge-triggered flip-flop clocked by clk_i)
Path Group: clk_i
Path Type: max

Fanout         Cap        Slew       Delay        Time   Description
---------------------------------------------------------------------------------------------
                                 10.000000   10.000000   clock clk_i (fall edge)
                                  0.000000   10.000000   clock source latency
     3    0.551646    0.150000    0.000000   10.000000 v clk_i (in)
                                                         clk_i (net)
                      1.757706    0.803853   10.803853 v clkbuf_0_clk_i/A (sky130_fd_sc_hd__clkbuf_16)
     2    0.114959    0.123871    0.739686   11.543539 v clkbuf_0_clk_i/X (sky130_fd_sc_hd__clkbuf_16)
                                                         clknet_0_clk_i (net)
                      0.124525    0.011698   11.555237 v clkbuf_1_0_0_clk_i/A (sky130_fd_sc_hd__clkbuf_8)
     1    0.057197    0.075753    0.209698   11.764935 v clkbuf_1_0_0_clk_i/X (sky130_fd_sc_hd__clkbuf_8)
                                                         clknet_1_0_0_clk_i (net)
                      0.079852    0.013629   11.778564 v clkbuf_1_0_1_clk_i/A (sky130_fd_sc_hd__clkbuf_8)
    11    0.964894    0.943762    0.521675   12.300240 v clkbuf_1_0_1_clk_i/X (sky130_fd_sc_hd__clkbuf_8)
                                                         clknet_1_0_1_clk_i (net)
                      1.237671    0.426757   12.726996 v clkbuf_leaf_3_clk_i/A (sky130_fd_sc_hd__clkbuf_8)
     4    0.122865    0.152541    0.614900   13.341897 v clkbuf_leaf_3_clk_i/X (sky130_fd_sc_hd__clkbuf_8)
                                                         clknet_leaf_3_clk_i (net)
                      0.205656    0.012004   13.353901 v u_instruction_ram.g_sram[2].u_macro/clk1 (sky130_sram_2kbyte_1rw1r_32x512_8)
     2    0.019077    0.011485    0.480981   13.834881 ^ u_instruction_ram.g_sram[2].u_macro/dout1[7] (sky130_sram_2kbyte_1rw1r_32x512_8)
                                                         u_instruction_ram.dout_r[39] (net)
                      0.008614    0.000755   13.835636 ^ wire4852/A (sky130_fd_sc_hd__buf_2)
     2    0.073480    0.356288    0.301148   14.136784 ^ wire4852/X (sky130_fd_sc_hd__buf_2)
                                                         net4852 (net)
                      0.358125    0.020862   14.157646 ^ wire4850/A (sky130_fd_sc_hd__buf_6)
     1    0.030012    0.072668    0.186147   14.343793 ^ wire4850/X (sky130_fd_sc_hd__buf_6)
                                                         net4850 (net)
                      0.073096    0.004358   14.348151 ^ wire4849/A (sky130_fd_sc_hd__buf_6)
     1    0.044618    0.096306    0.145977   14.494128 ^ wire4849/X (sky130_fd_sc_hd__buf_6)
                                                         net4849 (net)
                      0.097068    0.006851   14.500978 ^ _096099_/A0 (sky130_fd_sc_hd__mux2_4)
     2    0.169673    0.485650    0.434429   14.935408 ^ _096099_/X (sky130_fd_sc_hd__mux2_4)
                                                         _033364_ (net)
                      0.514246    0.091662   15.027070 ^ _096101_/A0 (sky130_fd_sc_hd__mux2_4)
     1    0.063246    0.195066    0.371507   15.398577 ^ _096101_/X (sky130_fd_sc_hd__mux2_4)
                                                         _033366_ (net)
                      0.197501    0.017396   15.415973 ^ _096102_/A1 (sky130_fd_sc_hd__mux2_2)
     1    0.002428    0.045314    0.180314   15.596288 ^ _096102_/X (sky130_fd_sc_hd__mux2_2)
                                                         _033367_ (net)
                      0.045314    0.000048   15.596335 ^ _096103_/A (sky130_fd_sc_hd__clkbuf_1)
     2    0.021415    0.254840    0.227221   15.823556 ^ _096103_/X (sky130_fd_sc_hd__clkbuf_1)
                                                         iram_m0_rdata[7] (net)
                      0.254852    0.001485   15.825041 ^ wire2416/A (sky130_fd_sc_hd__buf_4)
     8    0.097079    0.269607    0.325267   16.150309 ^ wire2416/X (sky130_fd_sc_hd__buf_4)
                                                         net2416 (net)
                      0.272393    0.022117   16.172426 ^ _136653_/B1 (sky130_fd_sc_hd__a221o_2)
     1    0.003524    0.053462    0.202537   16.374962 ^ _136653_/X (sky130_fd_sc_hd__a221o_2)
                                                         _065422_ (net)
                      0.053462    0.000105   16.375067 ^ _136654_/D1 (sky130_fd_sc_hd__a2111o_2)
     2    0.562089    2.590986    1.478929   17.853996 ^ _136654_/X (sky130_fd_sc_hd__a2111o_2)
                                                         _065423_ (net)
                      2.820378    0.590791   18.444788 ^ _136655_/B (sky130_fd_sc_hd__nand2_4)
     2    0.025427    0.353506    0.188827   18.633614 v _136655_/Y (sky130_fd_sc_hd__nand2_4)
                                                         _065424_ (net)
                      0.353512    0.001089   18.634703 v rebuffer7887/A (sky130_fd_sc_hd__buf_2)
     1    0.002997    0.029691    0.239543   18.874247 v rebuffer7887/X (sky130_fd_sc_hd__buf_2)
                                                         net7887 (net)
                      0.029691    0.000094   18.874340 v rebuffer7883/A (sky130_fd_sc_hd__buf_2)
     4    0.021560    0.062633    0.149729   19.024071 v rebuffer7883/X (sky130_fd_sc_hd__buf_2)
                                                         net7883 (net)
                      0.062652    0.001039   19.025108 v _138400_/A2 (sky130_fd_sc_hd__o21ai_2)
     1    0.005143    0.108833    0.123320   19.148430 ^ _138400_/Y (sky130_fd_sc_hd__o21ai_2)
                                                         _067161_ (net)
                      0.108833    0.000153   19.148582 ^ _138401_/A (sky130_fd_sc_hd__inv_2)
     2    0.007401    0.034699    0.049877   19.198458 v _138401_/Y (sky130_fd_sc_hd__inv_2)
                                                         _067162_ (net)
                      0.034699    0.000167   19.198626 v _138673_/B1 (sky130_fd_sc_hd__a221o_2)
     2    0.020253    0.097486    0.388326   19.586952 v _138673_/X (sky130_fd_sc_hd__a221o_2)
                                                         _067433_ (net)
                      0.097489    0.000705   19.587656 v _138674_/A (sky130_fd_sc_hd__nand2_8)
     4    0.055329    0.110586    0.127587   19.715242 ^ _138674_/Y (sky130_fd_sc_hd__nand2_8)
                                                         _067434_ (net)
                      0.110605    0.001162   19.716406 ^ clone14024/A (sky130_fd_sc_hd__clkinvlp_4)
     6    0.050029    0.243668    0.248038   19.964443 v clone14024/Y (sky130_fd_sc_hd__clkinvlp_4)
                                                         net14024 (net)
                      0.243737    0.001384   19.965826 v _140684_/B1 (sky130_fd_sc_hd__o21ai_2)
     2    0.007315    0.127126    0.142371   20.108198 ^ _140684_/Y (sky130_fd_sc_hd__o21ai_2)
                                                         _069437_ (net)
                      0.127126    0.000213   20.108412 ^ _140685_/A0 (sky130_fd_sc_hd__mux2_4)
     2    0.094430    0.276497    0.351344   20.459755 ^ _140685_/X (sky130_fd_sc_hd__mux2_4)
                                                         _069438_ (net)
                      0.276690    0.004007   20.463762 ^ wire699/A (sky130_fd_sc_hd__buf_12)
     2    0.029094    0.050734    0.157710   20.621473 ^ wire699/X (sky130_fd_sc_hd__buf_12)
                                                         net699 (net)
                      0.051119    0.003135   20.624609 ^ rebuffer14014/A (sky130_fd_sc_hd__clkbuf_4)
    13    0.297477    0.871916    0.681816   21.306423 ^ rebuffer14014/X (sky130_fd_sc_hd__clkbuf_4)
                                                         net14014 (net)
                      0.877005    0.054477   21.360901 ^ _144088_/A (sky130_fd_sc_hd__clkbuf_2)
     5    0.034298    0.192004    0.351482   21.712383 ^ _144088_/X (sky130_fd_sc_hd__clkbuf_2)
                                                         _072631_ (net)
                      0.192012    0.001483   21.713867 ^ max_cap682/A (sky130_fd_sc_hd__buf_8)
    15    0.118894    0.195524    0.236252   21.950119 ^ max_cap682/X (sky130_fd_sc_hd__buf_8)
                                                         net682 (net)
                      0.200100    0.023752   21.973871 ^ _144432_/A (sky130_fd_sc_hd__nand2_2)
     1    0.004241    0.055189    0.067699   22.041569 v _144432_/Y (sky130_fd_sc_hd__nand2_2)
                                                         _072847_ (net)
                      0.055189    0.000080   22.041649 v _144433_/C1 (sky130_fd_sc_hd__o221ai_2)
     1    0.002448    0.158561    0.054385   22.096035 ^ _144433_/Y (sky130_fd_sc_hd__o221ai_2)
                                                         _008489_ (net)
                      0.158561    0.000071   22.096106 ^ _196155_/D (sky130_fd_sc_hd__dfrtp_2)
                                             22.096106   data arrival time

                                 20.000000   20.000000   clock clk_i (rise edge)
                                  0.000000   20.000000   clock source latency
     3    0.553677    0.150000    0.000000   20.000000 ^ clk_i (in)
                                                         clk_i (net)
                      1.802483    0.826242   20.826242 ^ clkbuf_regs_0_clk_i/A (sky130_fd_sc_hd__clkbuf_16)
     1    0.008116    0.075231    0.340210   21.166452 ^ clkbuf_regs_0_clk_i/X (sky130_fd_sc_hd__clkbuf_16)
                                                         clk_i_regs (net)
                      0.075231    0.000234   21.166687 ^ clkbuf_0_clk_i_regs/A (sky130_fd_sc_hd__clkbuf_16)
     2    0.111687    0.126029    0.200114   21.366800 ^ clkbuf_0_clk_i_regs/X (sky130_fd_sc_hd__clkbuf_16)
                                                         clknet_0_clk_i_regs (net)
                      0.128021    0.012481   21.379282 ^ clkbuf_1_1_0_clk_i_regs/A (sky130_fd_sc_hd__clkbuf_8)
     1    0.100037    0.177738    0.252358   21.631639 ^ clkbuf_1_1_0_clk_i_regs/X (sky130_fd_sc_hd__clkbuf_8)
                                                         clknet_1_1_0_clk_i_regs (net)
                      0.179155    0.012784   21.644424 ^ clkbuf_1_1_1_clk_i_regs/A (sky130_fd_sc_hd__clkbuf_8)
     2    0.074134    0.137796    0.234945   21.879368 ^ clkbuf_1_1_1_clk_i_regs/X (sky130_fd_sc_hd__clkbuf_8)
                                                         clknet_1_1_1_clk_i_regs (net)
                      0.142326    0.019677   21.899044 ^ clkbuf_2_2_0_clk_i_regs/A (sky130_fd_sc_hd__clkbuf_8)
     2    0.056485    0.109605    0.205407   22.104452 ^ clkbuf_2_2_0_clk_i_regs/X (sky130_fd_sc_hd__clkbuf_8)
                                                         clknet_2_2_0_clk_i_regs (net)
                      0.111952    0.012639   22.117090 ^ clkbuf_3_5_0_clk_i_regs/A (sky130_fd_sc_hd__clkbuf_8)
     4    0.352959    0.597353    0.505073   22.622164 ^ clkbuf_3_5_0_clk_i_regs/X (sky130_fd_sc_hd__clkbuf_8)
                                                         clknet_3_5_0_clk_i_regs (net)
                      0.610878    0.071649   22.693813 ^ clkbuf_4_10_0_clk_i_regs/A (sky130_fd_sc_hd__clkbuf_8)
     2    0.089323    0.164214    0.355728   23.049541 ^ clkbuf_4_10_0_clk_i_regs/X (sky130_fd_sc_hd__clkbuf_8)
                                                         clknet_4_10_0_clk_i_regs (net)
                      0.164707    0.006587   23.056128 ^ clkbuf_5_20_0_clk_i_regs/A (sky130_fd_sc_hd__clkbuf_8)
     4    0.123418    0.216326    0.293751   23.349878 ^ clkbuf_5_20_0_clk_i_regs/X (sky130_fd_sc_hd__clkbuf_8)
                                                         clknet_5_20_0_clk_i_regs (net)
                      0.216453    0.004350   23.354229 ^ clkbuf_7_80__f_clk_i_regs/A (sky130_fd_sc_hd__clkbuf_16)
    18    0.174056    0.186188    0.291317   23.645546 ^ clkbuf_7_80__f_clk_i_regs/X (sky130_fd_sc_hd__clkbuf_16)
                                                         clknet_7_80__leaf_clk_i_regs (net)
                      0.186789    0.008534   23.654079 ^ clkbuf_leaf_263_clk_i_regs/A (sky130_fd_sc_hd__clkbuf_8)
    10    0.031203    0.069276    0.194779   23.848860 ^ clkbuf_leaf_263_clk_i_regs/X (sky130_fd_sc_hd__clkbuf_8)
                                                         clknet_leaf_263_clk_i_regs (net)
                      0.069280    0.000556   23.849415 ^ _196155_/CLK (sky130_fd_sc_hd__dfrtp_2)
                                 -0.250000   23.599417   clock uncertainty
                                  0.000000   23.599417   clock reconvergence pessimism
                                 -0.086184   23.513233   library setup time
                                             23.513233   data required time
---------------------------------------------------------------------------------------------
                                             23.513233   data required time
                                            -22.096106   data arrival time
---------------------------------------------------------------------------------------------
                                              1.417128   slack (MET)


Startpoint: u_instruction_ram.g_sram[2].u_macro
            (falling edge-triggered flip-flop clocked by clk_i)
Endpoint: _196059_ (rising edge-triggered flip-flop clocked by clk_i)
Path Group: clk_i
Path Type: max

Fanout         Cap        Slew       Delay        Time   Description
---------------------------------------------------------------------------------------------
                                 10.000000   10.000000   clock clk_i (fall edge)
                                  0.000000   10.000000   clock source latency
     3    0.551646    0.150000    0.000000   10.000000 v clk_i (in)
                                                         clk_i (net)
                      1.757706    0.803853   10.803853 v clkbuf_0_clk_i/A (sky130_fd_sc_hd__clkbuf_16)
     2    0.114959    0.123871    0.739686   11.543539 v clkbuf_0_clk_i/X (sky130_fd_sc_hd__clkbuf_16)
                                                         clknet_0_clk_i (net)
                      0.124525    0.011698   11.555237 v clkbuf_1_0_0_clk_i/A (sky130_fd_sc_hd__clkbuf_8)
     1    0.057197    0.075753    0.209698   11.764935 v clkbuf_1_0_0_clk_i/X (sky130_fd_sc_hd__clkbuf_8)
                                                         clknet_1_0_0_clk_i (net)
                      0.079852    0.013629   11.778564 v clkbuf_1_0_1_clk_i/A (sky130_fd_sc_hd__clkbuf_8)
    11    0.964894    0.943762    0.521675   12.300240 v clkbuf_1_0_1_clk_i/X (sky130_fd_sc_hd__clkbuf_8)
                                                         clknet_1_0_1_clk_i (net)
                      1.237671    0.426757   12.726996 v clkbuf_leaf_3_clk_i/A (sky130_fd_sc_hd__clkbuf_8)
     4    0.122865    0.152541    0.614900   13.341897 v clkbuf_leaf_3_clk_i/X (sky130_fd_sc_hd__clkbuf_8)
                                                         clknet_leaf_3_clk_i (net)
                      0.205656    0.012004   13.353901 v u_instruction_ram.g_sram[2].u_macro/clk1 (sky130_sram_2kbyte_1rw1r_32x512_8)
     2    0.019077    0.011485    0.480981   13.834881 ^ u_instruction_ram.g_sram[2].u_macro/dout1[7] (sky130_sram_2kbyte_1rw1r_32x512_8)
                                                         u_instruction_ram.dout_r[39] (net)
                      0.008614    0.000755   13.835636 ^ wire4852/A (sky130_fd_sc_hd__buf_2)
     2    0.073480    0.356288    0.301148   14.136784 ^ wire4852/X (sky130_fd_sc_hd__buf_2)
                                                         net4852 (net)
                      0.358125    0.020862   14.157646 ^ wire4850/A (sky130_fd_sc_hd__buf_6)
     1    0.030012    0.072668    0.186147   14.343793 ^ wire4850/X (sky130_fd_sc_hd__buf_6)
                                                         net4850 (net)
                      0.073096    0.004358   14.348151 ^ wire4849/A (sky130_fd_sc_hd__buf_6)
     1    0.044618    0.096306    0.145977   14.494128 ^ wire4849/X (sky130_fd_sc_hd__buf_6)
                                                         net4849 (net)
                      0.097068    0.006851   14.500978 ^ _096099_/A0 (sky130_fd_sc_hd__mux2_4)
     2    0.169673    0.485650    0.434429   14.935408 ^ _096099_/X (sky130_fd_sc_hd__mux2_4)
                                                         _033364_ (net)
                      0.514246    0.091662   15.027070 ^ _096101_/A0 (sky130_fd_sc_hd__mux2_4)
     1    0.063246    0.195066    0.371507   15.398577 ^ _096101_/X (sky130_fd_sc_hd__mux2_4)
                                                         _033366_ (net)
                      0.197501    0.017396   15.415973 ^ _096102_/A1 (sky130_fd_sc_hd__mux2_2)
     1    0.002428    0.045314    0.180314   15.596288 ^ _096102_/X (sky130_fd_sc_hd__mux2_2)
                                                         _033367_ (net)
                      0.045314    0.000048   15.596335 ^ _096103_/A (sky130_fd_sc_hd__clkbuf_1)
     2    0.021415    0.254840    0.227221   15.823556 ^ _096103_/X (sky130_fd_sc_hd__clkbuf_1)
                                                         iram_m0_rdata[7] (net)
                      0.254852    0.001485   15.825041 ^ wire2416/A (sky130_fd_sc_hd__buf_4)
     8    0.097079    0.269607    0.325267   16.150309 ^ wire2416/X (sky130_fd_sc_hd__buf_4)
                                                         net2416 (net)
                      0.272393    0.022117   16.172426 ^ _136653_/B1 (sky130_fd_sc_hd__a221o_2)
     1    0.003524    0.053462    0.202537   16.374962 ^ _136653_/X (sky130_fd_sc_hd__a221o_2)
                                                         _065422_ (net)
                      0.053462    0.000105   16.375067 ^ _136654_/D1 (sky130_fd_sc_hd__a2111o_2)
     2    0.562089    2.590986    1.478929   17.853996 ^ _136654_/X (sky130_fd_sc_hd__a2111o_2)
                                                         _065423_ (net)
                      2.820378    0.590791   18.444788 ^ _136655_/B (sky130_fd_sc_hd__nand2_4)
     2    0.025427    0.353506    0.188827   18.633614 v _136655_/Y (sky130_fd_sc_hd__nand2_4)
                                                         _065424_ (net)
                      0.353512    0.001089   18.634703 v rebuffer7887/A (sky130_fd_sc_hd__buf_2)
     1    0.002997    0.029691    0.239543   18.874247 v rebuffer7887/X (sky130_fd_sc_hd__buf_2)
                                                         net7887 (net)
                      0.029691    0.000094   18.874340 v rebuffer7883/A (sky130_fd_sc_hd__buf_2)
     4    0.021560    0.062633    0.149729   19.024071 v rebuffer7883/X (sky130_fd_sc_hd__buf_2)
                                                         net7883 (net)
                      0.062652    0.001039   19.025108 v _138400_/A2 (sky130_fd_sc_hd__o21ai_2)
     1    0.005143    0.108833    0.123320   19.148430 ^ _138400_/Y (sky130_fd_sc_hd__o21ai_2)
                                                         _067161_ (net)
                      0.108833    0.000153   19.148582 ^ _138401_/A (sky130_fd_sc_hd__inv_2)
     2    0.007401    0.034699    0.049877   19.198458 v _138401_/Y (sky130_fd_sc_hd__inv_2)
                                                         _067162_ (net)
                      0.034699    0.000167   19.198626 v _138673_/B1 (sky130_fd_sc_hd__a221o_2)
     2    0.020253    0.097486    0.388326   19.586952 v _138673_/X (sky130_fd_sc_hd__a221o_2)
                                                         _067433_ (net)
                      0.097489    0.000705   19.587656 v _138674_/A (sky130_fd_sc_hd__nand2_8)
     4    0.055329    0.110586    0.127587   19.715242 ^ _138674_/Y (sky130_fd_sc_hd__nand2_8)
                                                         _067434_ (net)
                      0.110605    0.001162   19.716406 ^ clone14024/A (sky130_fd_sc_hd__clkinvlp_4)
     6    0.050029    0.243668    0.248038   19.964443 v clone14024/Y (sky130_fd_sc_hd__clkinvlp_4)
                                                         net14024 (net)
                      0.243737    0.001384   19.965826 v _140684_/B1 (sky130_fd_sc_hd__o21ai_2)
     2    0.007315    0.127126    0.142371   20.108198 ^ _140684_/Y (sky130_fd_sc_hd__o21ai_2)
                                                         _069437_ (net)
                      0.127126    0.000213   20.108412 ^ _140685_/A0 (sky130_fd_sc_hd__mux2_4)
     2    0.094430    0.276497    0.351344   20.459755 ^ _140685_/X (sky130_fd_sc_hd__mux2_4)
                                                         _069438_ (net)
                      0.276690    0.004007   20.463762 ^ wire699/A (sky130_fd_sc_hd__buf_12)
     2    0.029094    0.050734    0.157710   20.621473 ^ wire699/X (sky130_fd_sc_hd__buf_12)
                                                         net699 (net)
                      0.051119    0.003135   20.624609 ^ rebuffer14014/A (sky130_fd_sc_hd__clkbuf_4)
    13    0.297477    0.871916    0.681816   21.306423 ^ rebuffer14014/X (sky130_fd_sc_hd__clkbuf_4)
                                                         net14014 (net)
                      0.877005    0.054477   21.360901 ^ _144088_/A (sky130_fd_sc_hd__clkbuf_2)
     5    0.034298    0.192004    0.351482   21.712383 ^ _144088_/X (sky130_fd_sc_hd__clkbuf_2)
                                                         _072631_ (net)
                      0.192012    0.001483   21.713867 ^ max_cap682/A (sky130_fd_sc_hd__buf_8)
    15    0.118894    0.195524    0.236252   21.950119 ^ max_cap682/X (sky130_fd_sc_hd__buf_8)
                                                         net682 (net)
                      0.200130    0.023826   21.973946 ^ _144189_/A (sky130_fd_sc_hd__nand2_2)
     1    0.004243    0.055199    0.067709   22.041655 v _144189_/Y (sky130_fd_sc_hd__nand2_2)
                                                         _072700_ (net)
                      0.055199    0.000080   22.041735 v _144190_/C1 (sky130_fd_sc_hd__o221ai_2)
     1    0.002482    0.143495    0.054518   22.096252 ^ _144190_/Y (sky130_fd_sc_hd__o221ai_2)
                                                         _008393_ (net)
                      0.143495    0.000071   22.096323 ^ _196059_/D (sky130_fd_sc_hd__dfrtp_2)
                                             22.096323   data arrival time

                                 20.000000   20.000000   clock clk_i (rise edge)
                                  0.000000   20.000000   clock source latency
     3    0.553677    0.150000    0.000000   20.000000 ^ clk_i (in)
                                                         clk_i (net)
                      1.802483    0.826242   20.826242 ^ clkbuf_regs_0_clk_i/A (sky130_fd_sc_hd__clkbuf_16)
     1    0.008116    0.075231    0.340210   21.166452 ^ clkbuf_regs_0_clk_i/X (sky130_fd_sc_hd__clkbuf_16)
                                                         clk_i_regs (net)
                      0.075231    0.000234   21.166687 ^ clkbuf_0_clk_i_regs/A (sky130_fd_sc_hd__clkbuf_16)
     2    0.111687    0.126029    0.200114   21.366800 ^ clkbuf_0_clk_i_regs/X (sky130_fd_sc_hd__clkbuf_16)
                                                         clknet_0_clk_i_regs (net)
                      0.128021    0.012481   21.379282 ^ clkbuf_1_1_0_clk_i_regs/A (sky130_fd_sc_hd__clkbuf_8)
     1    0.100037    0.177738    0.252358   21.631639 ^ clkbuf_1_1_0_clk_i_regs/X (sky130_fd_sc_hd__clkbuf_8)
                                                         clknet_1_1_0_clk_i_regs (net)
                      0.179155    0.012784   21.644424 ^ clkbuf_1_1_1_clk_i_regs/A (sky130_fd_sc_hd__clkbuf_8)
     2    0.074134    0.137796    0.234945   21.879368 ^ clkbuf_1_1_1_clk_i_regs/X (sky130_fd_sc_hd__clkbuf_8)
                                                         clknet_1_1_1_clk_i_regs (net)
                      0.142326    0.019677   21.899044 ^ clkbuf_2_2_0_clk_i_regs/A (sky130_fd_sc_hd__clkbuf_8)
     2    0.056485    0.109605    0.205407   22.104452 ^ clkbuf_2_2_0_clk_i_regs/X (sky130_fd_sc_hd__clkbuf_8)
                                                         clknet_2_2_0_clk_i_regs (net)
                      0.111952    0.012639   22.117090 ^ clkbuf_3_5_0_clk_i_regs/A (sky130_fd_sc_hd__clkbuf_8)
     4    0.352959    0.597353    0.505073   22.622164 ^ clkbuf_3_5_0_clk_i_regs/X (sky130_fd_sc_hd__clkbuf_8)
                                                         clknet_3_5_0_clk_i_regs (net)
                      0.610878    0.071649   22.693813 ^ clkbuf_4_10_0_clk_i_regs/A (sky130_fd_sc_hd__clkbuf_8)
     2    0.089323    0.164214    0.355728   23.049541 ^ clkbuf_4_10_0_clk_i_regs/X (sky130_fd_sc_hd__clkbuf_8)
                                                         clknet_4_10_0_clk_i_regs (net)
                      0.164707    0.006587   23.056128 ^ clkbuf_5_20_0_clk_i_regs/A (sky130_fd_sc_hd__clkbuf_8)
     4    0.123418    0.216326    0.293751   23.349878 ^ clkbuf_5_20_0_clk_i_regs/X (sky130_fd_sc_hd__clkbuf_8)
                                                         clknet_5_20_0_clk_i_regs (net)
                      0.216453    0.004350   23.354229 ^ clkbuf_7_80__f_clk_i_regs/A (sky130_fd_sc_hd__clkbuf_16)
    18    0.174056    0.186188    0.291317   23.645546 ^ clkbuf_7_80__f_clk_i_regs/X (sky130_fd_sc_hd__clkbuf_16)
                                                         clknet_7_80__leaf_clk_i_regs (net)
                      0.186789    0.008534   23.654079 ^ clkbuf_leaf_263_clk_i_regs/A (sky130_fd_sc_hd__clkbuf_8)
    10    0.031203    0.069276    0.194779   23.848860 ^ clkbuf_leaf_263_clk_i_regs/X (sky130_fd_sc_hd__clkbuf_8)
                                                         clknet_leaf_263_clk_i_regs (net)
                      0.069277    0.000394   23.849255 ^ _196059_/CLK (sky130_fd_sc_hd__dfrtp_2)
                                 -0.250000   23.599255   clock uncertainty
                                  0.000000   23.599255   clock reconvergence pessimism
                                 -0.082683   23.516571   library setup time
                                             23.516571   data required time
---------------------------------------------------------------------------------------------
                                             23.516571   data required time
                                            -22.096323   data arrival time
---------------------------------------------------------------------------------------------
                                              1.420247   slack (MET)


Startpoint: u_instruction_ram.g_sram[2].u_macro
            (falling edge-triggered flip-flop clocked by clk_i)
Endpoint: _196123_ (rising edge-triggered flip-flop clocked by clk_i)
Path Group: clk_i
Path Type: max

Fanout         Cap        Slew       Delay        Time   Description
---------------------------------------------------------------------------------------------
                                 10.000000   10.000000   clock clk_i (fall edge)
                                  0.000000   10.000000   clock source latency
     3    0.551646    0.150000    0.000000   10.000000 v clk_i (in)
                                                         clk_i (net)
                      1.757706    0.803853   10.803853 v clkbuf_0_clk_i/A (sky130_fd_sc_hd__clkbuf_16)
     2    0.114959    0.123871    0.739686   11.543539 v clkbuf_0_clk_i/X (sky130_fd_sc_hd__clkbuf_16)
                                                         clknet_0_clk_i (net)
                      0.124525    0.011698   11.555237 v clkbuf_1_0_0_clk_i/A (sky130_fd_sc_hd__clkbuf_8)
     1    0.057197    0.075753    0.209698   11.764935 v clkbuf_1_0_0_clk_i/X (sky130_fd_sc_hd__clkbuf_8)
                                                         clknet_1_0_0_clk_i (net)
                      0.079852    0.013629   11.778564 v clkbuf_1_0_1_clk_i/A (sky130_fd_sc_hd__clkbuf_8)
    11    0.964894    0.943762    0.521675   12.300240 v clkbuf_1_0_1_clk_i/X (sky130_fd_sc_hd__clkbuf_8)
                                                         clknet_1_0_1_clk_i (net)
                      1.237671    0.426757   12.726996 v clkbuf_leaf_3_clk_i/A (sky130_fd_sc_hd__clkbuf_8)
     4    0.122865    0.152541    0.614900   13.341897 v clkbuf_leaf_3_clk_i/X (sky130_fd_sc_hd__clkbuf_8)
                                                         clknet_leaf_3_clk_i (net)
                      0.205656    0.012004   13.353901 v u_instruction_ram.g_sram[2].u_macro/clk1 (sky130_sram_2kbyte_1rw1r_32x512_8)
     2    0.019077    0.011485    0.480981   13.834881 ^ u_instruction_ram.g_sram[2].u_macro/dout1[7] (sky130_sram_2kbyte_1rw1r_32x512_8)
                                                         u_instruction_ram.dout_r[39] (net)
                      0.008614    0.000755   13.835636 ^ wire4852/A (sky130_fd_sc_hd__buf_2)
     2    0.073480    0.356288    0.301148   14.136784 ^ wire4852/X (sky130_fd_sc_hd__buf_2)
                                                         net4852 (net)
                      0.358125    0.020862   14.157646 ^ wire4850/A (sky130_fd_sc_hd__buf_6)
     1    0.030012    0.072668    0.186147   14.343793 ^ wire4850/X (sky130_fd_sc_hd__buf_6)
                                                         net4850 (net)
                      0.073096    0.004358   14.348151 ^ wire4849/A (sky130_fd_sc_hd__buf_6)
     1    0.044618    0.096306    0.145977   14.494128 ^ wire4849/X (sky130_fd_sc_hd__buf_6)
                                                         net4849 (net)
                      0.097068    0.006851   14.500978 ^ _096099_/A0 (sky130_fd_sc_hd__mux2_4)
     2    0.169673    0.485650    0.434429   14.935408 ^ _096099_/X (sky130_fd_sc_hd__mux2_4)
                                                         _033364_ (net)
                      0.514246    0.091662   15.027070 ^ _096101_/A0 (sky130_fd_sc_hd__mux2_4)
     1    0.063246    0.195066    0.371507   15.398577 ^ _096101_/X (sky130_fd_sc_hd__mux2_4)
                                                         _033366_ (net)
                      0.197501    0.017396   15.415973 ^ _096102_/A1 (sky130_fd_sc_hd__mux2_2)
     1    0.002428    0.045314    0.180314   15.596288 ^ _096102_/X (sky130_fd_sc_hd__mux2_2)
                                                         _033367_ (net)
                      0.045314    0.000048   15.596335 ^ _096103_/A (sky130_fd_sc_hd__clkbuf_1)
     2    0.021415    0.254840    0.227221   15.823556 ^ _096103_/X (sky130_fd_sc_hd__clkbuf_1)
                                                         iram_m0_rdata[7] (net)
                      0.254852    0.001485   15.825041 ^ wire2416/A (sky130_fd_sc_hd__buf_4)
     8    0.097079    0.269607    0.325267   16.150309 ^ wire2416/X (sky130_fd_sc_hd__buf_4)
                                                         net2416 (net)
                      0.272393    0.022117   16.172426 ^ _136653_/B1 (sky130_fd_sc_hd__a221o_2)
     1    0.003524    0.053462    0.202537   16.374962 ^ _136653_/X (sky130_fd_sc_hd__a221o_2)
                                                         _065422_ (net)
                      0.053462    0.000105   16.375067 ^ _136654_/D1 (sky130_fd_sc_hd__a2111o_2)
     2    0.562089    2.590986    1.478929   17.853996 ^ _136654_/X (sky130_fd_sc_hd__a2111o_2)
                                                         _065423_ (net)
                      2.820378    0.590791   18.444788 ^ _136655_/B (sky130_fd_sc_hd__nand2_4)
     2    0.025427    0.353506    0.188827   18.633614 v _136655_/Y (sky130_fd_sc_hd__nand2_4)
                                                         _065424_ (net)
                      0.353512    0.001089   18.634703 v rebuffer7887/A (sky130_fd_sc_hd__buf_2)
     1    0.002997    0.029691    0.239543   18.874247 v rebuffer7887/X (sky130_fd_sc_hd__buf_2)
                                                         net7887 (net)
                      0.029691    0.000094   18.874340 v rebuffer7883/A (sky130_fd_sc_hd__buf_2)
     4    0.021560    0.062633    0.149729   19.024071 v rebuffer7883/X (sky130_fd_sc_hd__buf_2)
                                                         net7883 (net)
                      0.062652    0.001039   19.025108 v _138400_/A2 (sky130_fd_sc_hd__o21ai_2)
     1    0.005143    0.108833    0.123320   19.148430 ^ _138400_/Y (sky130_fd_sc_hd__o21ai_2)
                                                         _067161_ (net)
                      0.108833    0.000153   19.148582 ^ _138401_/A (sky130_fd_sc_hd__inv_2)
     2    0.007401    0.034699    0.049877   19.198458 v _138401_/Y (sky130_fd_sc_hd__inv_2)
                                                         _067162_ (net)
                      0.034699    0.000167   19.198626 v _138673_/B1 (sky130_fd_sc_hd__a221o_2)
     2    0.020253    0.097486    0.388326   19.586952 v _138673_/X (sky130_fd_sc_hd__a221o_2)
                                                         _067433_ (net)
                      0.097489    0.000705   19.587656 v _138674_/A (sky130_fd_sc_hd__nand2_8)
     4    0.055329    0.110586    0.127587   19.715242 ^ _138674_/Y (sky130_fd_sc_hd__nand2_8)
                                                         _067434_ (net)
                      0.110605    0.001162   19.716406 ^ clone14024/A (sky130_fd_sc_hd__clkinvlp_4)
     6    0.050029    0.243668    0.248038   19.964443 v clone14024/Y (sky130_fd_sc_hd__clkinvlp_4)
                                                         net14024 (net)
                      0.243737    0.001384   19.965826 v _140684_/B1 (sky130_fd_sc_hd__o21ai_2)
     2    0.007315    0.127126    0.142371   20.108198 ^ _140684_/Y (sky130_fd_sc_hd__o21ai_2)
                                                         _069437_ (net)
                      0.127126    0.000213   20.108412 ^ _140685_/A0 (sky130_fd_sc_hd__mux2_4)
     2    0.094430    0.276497    0.351344   20.459755 ^ _140685_/X (sky130_fd_sc_hd__mux2_4)
                                                         _069438_ (net)
                      0.276690    0.004007   20.463762 ^ wire699/A (sky130_fd_sc_hd__buf_12)
     2    0.029094    0.050734    0.157710   20.621473 ^ wire699/X (sky130_fd_sc_hd__buf_12)
                                                         net699 (net)
                      0.051119    0.003135   20.624609 ^ rebuffer14014/A (sky130_fd_sc_hd__clkbuf_4)
    13    0.297477    0.871916    0.681816   21.306423 ^ rebuffer14014/X (sky130_fd_sc_hd__clkbuf_4)
                                                         net14014 (net)
                      0.877005    0.054477   21.360901 ^ _144088_/A (sky130_fd_sc_hd__clkbuf_2)
     5    0.034298    0.192004    0.351482   21.712383 ^ _144088_/X (sky130_fd_sc_hd__clkbuf_2)
                                                         _072631_ (net)
                      0.192012    0.001483   21.713867 ^ max_cap682/A (sky130_fd_sc_hd__buf_8)
    15    0.118894    0.195524    0.236252   21.950119 ^ max_cap682/X (sky130_fd_sc_hd__buf_8)
                                                         net682 (net)
                      0.199816    0.023023   21.973143 ^ _144357_/A (sky130_fd_sc_hd__nand2_2)
     1    0.004246    0.055160    0.067692   22.040834 v _144357_/Y (sky130_fd_sc_hd__nand2_2)
                                                         _072804_ (net)
                      0.055160    0.000082   22.040916 v _144358_/C1 (sky130_fd_sc_hd__o221ai_2)
     1    0.002312    0.141889    0.053854   22.094769 ^ _144358_/Y (sky130_fd_sc_hd__o221ai_2)
                                                         _008457_ (net)
                      0.141889    0.000066   22.094835 ^ _196123_/D (sky130_fd_sc_hd__dfrtp_2)
                                             22.094835   data arrival time

                                 20.000000   20.000000   clock clk_i (rise edge)
                                  0.000000   20.000000   clock source latency
     3    0.553677    0.150000    0.000000   20.000000 ^ clk_i (in)
                                                         clk_i (net)
                      1.802483    0.826242   20.826242 ^ clkbuf_regs_0_clk_i/A (sky130_fd_sc_hd__clkbuf_16)
     1    0.008116    0.075231    0.340210   21.166452 ^ clkbuf_regs_0_clk_i/X (sky130_fd_sc_hd__clkbuf_16)
                                                         clk_i_regs (net)
                      0.075231    0.000234   21.166687 ^ clkbuf_0_clk_i_regs/A (sky130_fd_sc_hd__clkbuf_16)
     2    0.111687    0.126029    0.200114   21.366800 ^ clkbuf_0_clk_i_regs/X (sky130_fd_sc_hd__clkbuf_16)
                                                         clknet_0_clk_i_regs (net)
                      0.128021    0.012481   21.379282 ^ clkbuf_1_1_0_clk_i_regs/A (sky130_fd_sc_hd__clkbuf_8)
     1    0.100037    0.177738    0.252358   21.631639 ^ clkbuf_1_1_0_clk_i_regs/X (sky130_fd_sc_hd__clkbuf_8)
                                                         clknet_1_1_0_clk_i_regs (net)
                      0.179155    0.012784   21.644424 ^ clkbuf_1_1_1_clk_i_regs/A (sky130_fd_sc_hd__clkbuf_8)
     2    0.074134    0.137796    0.234945   21.879368 ^ clkbuf_1_1_1_clk_i_regs/X (sky130_fd_sc_hd__clkbuf_8)
                                                         clknet_1_1_1_clk_i_regs (net)
                      0.142326    0.019677   21.899044 ^ clkbuf_2_2_0_clk_i_regs/A (sky130_fd_sc_hd__clkbuf_8)
     2    0.056485    0.109605    0.205407   22.104452 ^ clkbuf_2_2_0_clk_i_regs/X (sky130_fd_sc_hd__clkbuf_8)
                                                         clknet_2_2_0_clk_i_regs (net)
                      0.111952    0.012639   22.117090 ^ clkbuf_3_5_0_clk_i_regs/A (sky130_fd_sc_hd__clkbuf_8)
     4    0.352959    0.597353    0.505073   22.622164 ^ clkbuf_3_5_0_clk_i_regs/X (sky130_fd_sc_hd__clkbuf_8)
                                                         clknet_3_5_0_clk_i_regs (net)
                      0.610878    0.071649   22.693813 ^ clkbuf_4_10_0_clk_i_regs/A (sky130_fd_sc_hd__clkbuf_8)
     2    0.089323    0.164214    0.355728   23.049541 ^ clkbuf_4_10_0_clk_i_regs/X (sky130_fd_sc_hd__clkbuf_8)
                                                         clknet_4_10_0_clk_i_regs (net)
                      0.164707    0.006587   23.056128 ^ clkbuf_5_20_0_clk_i_regs/A (sky130_fd_sc_hd__clkbuf_8)
     4    0.123418    0.216326    0.293751   23.349878 ^ clkbuf_5_20_0_clk_i_regs/X (sky130_fd_sc_hd__clkbuf_8)
                                                         clknet_5_20_0_clk_i_regs (net)
                      0.216453    0.004350   23.354229 ^ clkbuf_7_80__f_clk_i_regs/A (sky130_fd_sc_hd__clkbuf_16)
    18    0.174056    0.186188    0.291317   23.645546 ^ clkbuf_7_80__f_clk_i_regs/X (sky130_fd_sc_hd__clkbuf_16)
                                                         clknet_7_80__leaf_clk_i_regs (net)
                      0.186789    0.008534   23.654079 ^ clkbuf_leaf_263_clk_i_regs/A (sky130_fd_sc_hd__clkbuf_8)
    10    0.031203    0.069276    0.194779   23.848860 ^ clkbuf_leaf_263_clk_i_regs/X (sky130_fd_sc_hd__clkbuf_8)
                                                         clknet_leaf_263_clk_i_regs (net)
                      0.069278    0.000480   23.849339 ^ _196123_/CLK (sky130_fd_sc_hd__dfrtp_2)
                                 -0.250000   23.599340   clock uncertainty
                                  0.000000   23.599340   clock reconvergence pessimism
                                 -0.082310   23.517031   library setup time
                                             23.517031   data required time
---------------------------------------------------------------------------------------------
                                             23.517031   data required time
                                            -22.094835   data arrival time
---------------------------------------------------------------------------------------------
                                              1.422196   slack (MET)


Startpoint: u_instruction_ram.g_sram[2].u_macro
            (falling edge-triggered flip-flop clocked by clk_i)
Endpoint: _196439_ (rising edge-triggered flip-flop clocked by clk_i)
Path Group: clk_i
Path Type: max

Fanout         Cap        Slew       Delay        Time   Description
---------------------------------------------------------------------------------------------
                                 10.000000   10.000000   clock clk_i (fall edge)
                                  0.000000   10.000000   clock source latency
     3    0.551646    0.150000    0.000000   10.000000 v clk_i (in)
                                                         clk_i (net)
                      1.757706    0.803853   10.803853 v clkbuf_0_clk_i/A (sky130_fd_sc_hd__clkbuf_16)
     2    0.114959    0.123871    0.739686   11.543539 v clkbuf_0_clk_i/X (sky130_fd_sc_hd__clkbuf_16)
                                                         clknet_0_clk_i (net)
                      0.124525    0.011698   11.555237 v clkbuf_1_0_0_clk_i/A (sky130_fd_sc_hd__clkbuf_8)
     1    0.057197    0.075753    0.209698   11.764935 v clkbuf_1_0_0_clk_i/X (sky130_fd_sc_hd__clkbuf_8)
                                                         clknet_1_0_0_clk_i (net)
                      0.079852    0.013629   11.778564 v clkbuf_1_0_1_clk_i/A (sky130_fd_sc_hd__clkbuf_8)
    11    0.964894    0.943762    0.521675   12.300240 v clkbuf_1_0_1_clk_i/X (sky130_fd_sc_hd__clkbuf_8)
                                                         clknet_1_0_1_clk_i (net)
                      1.237671    0.426757   12.726996 v clkbuf_leaf_3_clk_i/A (sky130_fd_sc_hd__clkbuf_8)
     4    0.122865    0.152541    0.614900   13.341897 v clkbuf_leaf_3_clk_i/X (sky130_fd_sc_hd__clkbuf_8)
                                                         clknet_leaf_3_clk_i (net)
                      0.205656    0.012004   13.353901 v u_instruction_ram.g_sram[2].u_macro/clk1 (sky130_sram_2kbyte_1rw1r_32x512_8)
     2    0.019077    0.011485    0.480981   13.834881 ^ u_instruction_ram.g_sram[2].u_macro/dout1[7] (sky130_sram_2kbyte_1rw1r_32x512_8)
                                                         u_instruction_ram.dout_r[39] (net)
                      0.008614    0.000755   13.835636 ^ wire4852/A (sky130_fd_sc_hd__buf_2)
     2    0.073480    0.356288    0.301148   14.136784 ^ wire4852/X (sky130_fd_sc_hd__buf_2)
                                                         net4852 (net)
                      0.358125    0.020862   14.157646 ^ wire4850/A (sky130_fd_sc_hd__buf_6)
     1    0.030012    0.072668    0.186147   14.343793 ^ wire4850/X (sky130_fd_sc_hd__buf_6)
                                                         net4850 (net)
                      0.073096    0.004358   14.348151 ^ wire4849/A (sky130_fd_sc_hd__buf_6)
     1    0.044618    0.096306    0.145977   14.494128 ^ wire4849/X (sky130_fd_sc_hd__buf_6)
                                                         net4849 (net)
                      0.097068    0.006851   14.500978 ^ _096099_/A0 (sky130_fd_sc_hd__mux2_4)
     2    0.169673    0.485650    0.434429   14.935408 ^ _096099_/X (sky130_fd_sc_hd__mux2_4)
                                                         _033364_ (net)
                      0.514246    0.091662   15.027070 ^ _096101_/A0 (sky130_fd_sc_hd__mux2_4)
     1    0.063246    0.195066    0.371507   15.398577 ^ _096101_/X (sky130_fd_sc_hd__mux2_4)
                                                         _033366_ (net)
                      0.197501    0.017396   15.415973 ^ _096102_/A1 (sky130_fd_sc_hd__mux2_2)
     1    0.002428    0.045314    0.180314   15.596288 ^ _096102_/X (sky130_fd_sc_hd__mux2_2)
                                                         _033367_ (net)
                      0.045314    0.000048   15.596335 ^ _096103_/A (sky130_fd_sc_hd__clkbuf_1)
     2    0.021415    0.254840    0.227221   15.823556 ^ _096103_/X (sky130_fd_sc_hd__clkbuf_1)
                                                         iram_m0_rdata[7] (net)
                      0.254852    0.001485   15.825041 ^ wire2416/A (sky130_fd_sc_hd__buf_4)
     8    0.097079    0.269607    0.325267   16.150309 ^ wire2416/X (sky130_fd_sc_hd__buf_4)
                                                         net2416 (net)
                      0.272393    0.022117   16.172426 ^ _136653_/B1 (sky130_fd_sc_hd__a221o_2)
     1    0.003524    0.053462    0.202537   16.374962 ^ _136653_/X (sky130_fd_sc_hd__a221o_2)
                                                         _065422_ (net)
                      0.053462    0.000105   16.375067 ^ _136654_/D1 (sky130_fd_sc_hd__a2111o_2)
     2    0.562089    2.590986    1.478929   17.853996 ^ _136654_/X (sky130_fd_sc_hd__a2111o_2)
                                                         _065423_ (net)
                      2.820378    0.590791   18.444788 ^ _136655_/B (sky130_fd_sc_hd__nand2_4)
     2    0.025427    0.353506    0.188827   18.633614 v _136655_/Y (sky130_fd_sc_hd__nand2_4)
                                                         _065424_ (net)
                      0.353512    0.001089   18.634703 v rebuffer7887/A (sky130_fd_sc_hd__buf_2)
     1    0.002997    0.029691    0.239543   18.874247 v rebuffer7887/X (sky130_fd_sc_hd__buf_2)
                                                         net7887 (net)
                      0.029691    0.000094   18.874340 v rebuffer7883/A (sky130_fd_sc_hd__buf_2)
     4    0.021560    0.062633    0.149729   19.024071 v rebuffer7883/X (sky130_fd_sc_hd__buf_2)
                                                         net7883 (net)
                      0.062652    0.001039   19.025108 v _138400_/A2 (sky130_fd_sc_hd__o21ai_2)
     1    0.005143    0.108833    0.123320   19.148430 ^ _138400_/Y (sky130_fd_sc_hd__o21ai_2)
                                                         _067161_ (net)
                      0.108833    0.000153   19.148582 ^ _138401_/A (sky130_fd_sc_hd__inv_2)
     2    0.007401    0.034699    0.049877   19.198458 v _138401_/Y (sky130_fd_sc_hd__inv_2)
                                                         _067162_ (net)
                      0.034699    0.000167   19.198626 v _138673_/B1 (sky130_fd_sc_hd__a221o_2)
     2    0.020253    0.097486    0.388326   19.586952 v _138673_/X (sky130_fd_sc_hd__a221o_2)
                                                         _067433_ (net)
                      0.097489    0.000705   19.587656 v _138674_/A (sky130_fd_sc_hd__nand2_8)
     4    0.055329    0.110586    0.127587   19.715242 ^ _138674_/Y (sky130_fd_sc_hd__nand2_8)
                                                         _067434_ (net)
                      0.110605    0.001162   19.716406 ^ clone14024/A (sky130_fd_sc_hd__clkinvlp_4)
     6    0.050029    0.243668    0.248038   19.964443 v clone14024/Y (sky130_fd_sc_hd__clkinvlp_4)
                                                         net14024 (net)
                      0.243741    0.001627   19.966070 v _139500_/B1 (sky130_fd_sc_hd__o21ai_2)
     2    0.007243    0.126439    0.141906   20.107977 ^ _139500_/Y (sky130_fd_sc_hd__o21ai_2)
                                                         _068257_ (net)
                      0.126439    0.000211   20.108189 ^ _139501_/A0 (sky130_fd_sc_hd__mux2_4)
     1    0.051972    0.162628    0.265503   20.373692 ^ _139501_/X (sky130_fd_sc_hd__mux2_4)
                                                         _068258_ (net)
                      0.163602    0.009514   20.383205 ^ wire703/A (sky130_fd_sc_hd__buf_12)
     3    0.064344    0.084522    0.166253   20.549458 ^ wire703/X (sky130_fd_sc_hd__buf_12)
                                                         net703 (net)
                      0.084768    0.003613   20.553070 ^ rebuffer14003/A (sky130_fd_sc_hd__buf_2)
    13    0.252449    1.206526    0.909596   21.462667 ^ rebuffer14003/X (sky130_fd_sc_hd__buf_2)
                                                         net14003 (net)
                      1.208802    0.043400   21.506067 ^ _144071_/A (sky130_fd_sc_hd__clkbuf_2)
     7    0.050418    0.277648    0.434147   21.940214 ^ _144071_/X (sky130_fd_sc_hd__clkbuf_2)
                                                         _072618_ (net)
                      0.277648    0.001226   21.941439 ^ max_cap685/A (sky130_fd_sc_hd__buf_8)
    13    0.097721    0.163205    0.231450   22.172890 ^ max_cap685/X (sky130_fd_sc_hd__buf_8)
                                                         net685 (net)
                      0.166036    0.017105   22.189995 ^ _145127_/A (sky130_fd_sc_hd__nand2_2)
     1    0.005084    0.052642    0.067709   22.257704 v _145127_/Y (sky130_fd_sc_hd__nand2_2)
                                                         _073258_ (net)
                      0.052642    0.000156   22.257860 v _145128_/C1 (sky130_fd_sc_hd__o221ai_2)
     1    0.002526    0.145759    0.053619   22.311480 ^ _145128_/Y (sky130_fd_sc_hd__o221ai_2)
                                                         _008773_ (net)
                      0.145759    0.000075   22.311554 ^ _196439_/D (sky130_fd_sc_hd__dfrtp_2)
                                             22.311554   data arrival time

                                 20.000000   20.000000   clock clk_i (rise edge)
                                  0.000000   20.000000   clock source latency
     3    0.553677    0.150000    0.000000   20.000000 ^ clk_i (in)
                                                         clk_i (net)
                      1.802483    0.826242   20.826242 ^ clkbuf_regs_0_clk_i/A (sky130_fd_sc_hd__clkbuf_16)
     1    0.008116    0.075231    0.340210   21.166452 ^ clkbuf_regs_0_clk_i/X (sky130_fd_sc_hd__clkbuf_16)
                                                         clk_i_regs (net)
                      0.075231    0.000234   21.166687 ^ clkbuf_0_clk_i_regs/A (sky130_fd_sc_hd__clkbuf_16)
     2    0.111687    0.126029    0.200114   21.366800 ^ clkbuf_0_clk_i_regs/X (sky130_fd_sc_hd__clkbuf_16)
                                                         clknet_0_clk_i_regs (net)
                      0.128021    0.012481   21.379282 ^ clkbuf_1_1_0_clk_i_regs/A (sky130_fd_sc_hd__clkbuf_8)
     1    0.100037    0.177738    0.252358   21.631639 ^ clkbuf_1_1_0_clk_i_regs/X (sky130_fd_sc_hd__clkbuf_8)
                                                         clknet_1_1_0_clk_i_regs (net)
                      0.179155    0.012784   21.644424 ^ clkbuf_1_1_1_clk_i_regs/A (sky130_fd_sc_hd__clkbuf_8)
     2    0.074134    0.137796    0.234945   21.879368 ^ clkbuf_1_1_1_clk_i_regs/X (sky130_fd_sc_hd__clkbuf_8)
                                                         clknet_1_1_1_clk_i_regs (net)
                      0.142326    0.019677   21.899044 ^ clkbuf_2_2_0_clk_i_regs/A (sky130_fd_sc_hd__clkbuf_8)
     2    0.056485    0.109605    0.205407   22.104452 ^ clkbuf_2_2_0_clk_i_regs/X (sky130_fd_sc_hd__clkbuf_8)
                                                         clknet_2_2_0_clk_i_regs (net)
                      0.111952    0.012639   22.117090 ^ clkbuf_3_5_0_clk_i_regs/A (sky130_fd_sc_hd__clkbuf_8)
     4    0.352959    0.597353    0.505073   22.622164 ^ clkbuf_3_5_0_clk_i_regs/X (sky130_fd_sc_hd__clkbuf_8)
                                                         clknet_3_5_0_clk_i_regs (net)
                      0.610878    0.071649   22.693813 ^ clkbuf_4_10_0_clk_i_regs/A (sky130_fd_sc_hd__clkbuf_8)
     2    0.089323    0.164214    0.355728   23.049541 ^ clkbuf_4_10_0_clk_i_regs/X (sky130_fd_sc_hd__clkbuf_8)
                                                         clknet_4_10_0_clk_i_regs (net)
                      0.164689    0.006448   23.055990 ^ clkbuf_5_21_0_clk_i_regs/A (sky130_fd_sc_hd__clkbuf_8)
     4    0.175068    0.301879    0.348630   23.404619 ^ clkbuf_5_21_0_clk_i_regs/X (sky130_fd_sc_hd__clkbuf_8)
                                                         clknet_5_21_0_clk_i_regs (net)
                      0.302974    0.014875   23.419495 ^ clkbuf_7_85__f_clk_i_regs/A (sky130_fd_sc_hd__clkbuf_16)
    30    0.317694    0.326545    0.401039   23.820534 ^ clkbuf_7_85__f_clk_i_regs/X (sky130_fd_sc_hd__clkbuf_16)
                                                         clknet_7_85__leaf_clk_i_regs (net)
                      0.329039    0.023192   23.843725 ^ clkbuf_leaf_287_clk_i_regs/A (sky130_fd_sc_hd__clkbuf_8)
    11    0.036011    0.079176    0.239531   24.083258 ^ clkbuf_leaf_287_clk_i_regs/X (sky130_fd_sc_hd__clkbuf_8)
                                                         clknet_leaf_287_clk_i_regs (net)
                      0.079186    0.000913   24.084169 ^ _196439_/CLK (sky130_fd_sc_hd__dfrtp_2)
                                 -0.250000   23.834171   clock uncertainty
                                  0.000000   23.834171   clock reconvergence pessimism
                                 -0.081648   23.752522   library setup time
                                             23.752522   data required time
---------------------------------------------------------------------------------------------
                                             23.752522   data required time
                                            -22.311554   data arrival time
---------------------------------------------------------------------------------------------
                                              1.440968   slack (MET)


Startpoint: u_instruction_ram.g_sram[2].u_macro
            (falling edge-triggered flip-flop clocked by clk_i)
Endpoint: _196471_ (rising edge-triggered flip-flop clocked by clk_i)
Path Group: clk_i
Path Type: max

Fanout         Cap        Slew       Delay        Time   Description
---------------------------------------------------------------------------------------------
                                 10.000000   10.000000   clock clk_i (fall edge)
                                  0.000000   10.000000   clock source latency
     3    0.551646    0.150000    0.000000   10.000000 v clk_i (in)
                                                         clk_i (net)
                      1.757706    0.803853   10.803853 v clkbuf_0_clk_i/A (sky130_fd_sc_hd__clkbuf_16)
     2    0.114959    0.123871    0.739686   11.543539 v clkbuf_0_clk_i/X (sky130_fd_sc_hd__clkbuf_16)
                                                         clknet_0_clk_i (net)
                      0.124525    0.011698   11.555237 v clkbuf_1_0_0_clk_i/A (sky130_fd_sc_hd__clkbuf_8)
     1    0.057197    0.075753    0.209698   11.764935 v clkbuf_1_0_0_clk_i/X (sky130_fd_sc_hd__clkbuf_8)
                                                         clknet_1_0_0_clk_i (net)
                      0.079852    0.013629   11.778564 v clkbuf_1_0_1_clk_i/A (sky130_fd_sc_hd__clkbuf_8)
    11    0.964894    0.943762    0.521675   12.300240 v clkbuf_1_0_1_clk_i/X (sky130_fd_sc_hd__clkbuf_8)
                                                         clknet_1_0_1_clk_i (net)
                      1.237671    0.426757   12.726996 v clkbuf_leaf_3_clk_i/A (sky130_fd_sc_hd__clkbuf_8)
     4    0.122865    0.152541    0.614900   13.341897 v clkbuf_leaf_3_clk_i/X (sky130_fd_sc_hd__clkbuf_8)
                                                         clknet_leaf_3_clk_i (net)
                      0.205656    0.012004   13.353901 v u_instruction_ram.g_sram[2].u_macro/clk1 (sky130_sram_2kbyte_1rw1r_32x512_8)
     2    0.019077    0.011485    0.480981   13.834881 ^ u_instruction_ram.g_sram[2].u_macro/dout1[7] (sky130_sram_2kbyte_1rw1r_32x512_8)
                                                         u_instruction_ram.dout_r[39] (net)
                      0.008614    0.000755   13.835636 ^ wire4852/A (sky130_fd_sc_hd__buf_2)
     2    0.073480    0.356288    0.301148   14.136784 ^ wire4852/X (sky130_fd_sc_hd__buf_2)
                                                         net4852 (net)
                      0.358125    0.020862   14.157646 ^ wire4850/A (sky130_fd_sc_hd__buf_6)
     1    0.030012    0.072668    0.186147   14.343793 ^ wire4850/X (sky130_fd_sc_hd__buf_6)
                                                         net4850 (net)
                      0.073096    0.004358   14.348151 ^ wire4849/A (sky130_fd_sc_hd__buf_6)
     1    0.044618    0.096306    0.145977   14.494128 ^ wire4849/X (sky130_fd_sc_hd__buf_6)
                                                         net4849 (net)
                      0.097068    0.006851   14.500978 ^ _096099_/A0 (sky130_fd_sc_hd__mux2_4)
     2    0.169673    0.485650    0.434429   14.935408 ^ _096099_/X (sky130_fd_sc_hd__mux2_4)
                                                         _033364_ (net)
                      0.514246    0.091662   15.027070 ^ _096101_/A0 (sky130_fd_sc_hd__mux2_4)
     1    0.063246    0.195066    0.371507   15.398577 ^ _096101_/X (sky130_fd_sc_hd__mux2_4)
                                                         _033366_ (net)
                      0.197501    0.017396   15.415973 ^ _096102_/A1 (sky130_fd_sc_hd__mux2_2)
     1    0.002428    0.045314    0.180314   15.596288 ^ _096102_/X (sky130_fd_sc_hd__mux2_2)
                                                         _033367_ (net)
                      0.045314    0.000048   15.596335 ^ _096103_/A (sky130_fd_sc_hd__clkbuf_1)
     2    0.021415    0.254840    0.227221   15.823556 ^ _096103_/X (sky130_fd_sc_hd__clkbuf_1)
                                                         iram_m0_rdata[7] (net)
                      0.254852    0.001485   15.825041 ^ wire2416/A (sky130_fd_sc_hd__buf_4)
     8    0.097079    0.269607    0.325267   16.150309 ^ wire2416/X (sky130_fd_sc_hd__buf_4)
                                                         net2416 (net)
                      0.272393    0.022117   16.172426 ^ _136653_/B1 (sky130_fd_sc_hd__a221o_2)
     1    0.003524    0.053462    0.202537   16.374962 ^ _136653_/X (sky130_fd_sc_hd__a221o_2)
                                                         _065422_ (net)
                      0.053462    0.000105   16.375067 ^ _136654_/D1 (sky130_fd_sc_hd__a2111o_2)
     2    0.562089    2.590986    1.478929   17.853996 ^ _136654_/X (sky130_fd_sc_hd__a2111o_2)
                                                         _065423_ (net)
                      2.820378    0.590791   18.444788 ^ _136655_/B (sky130_fd_sc_hd__nand2_4)
     2    0.025427    0.353506    0.188827   18.633614 v _136655_/Y (sky130_fd_sc_hd__nand2_4)
                                                         _065424_ (net)
                      0.353512    0.001089   18.634703 v rebuffer7887/A (sky130_fd_sc_hd__buf_2)
     1    0.002997    0.029691    0.239543   18.874247 v rebuffer7887/X (sky130_fd_sc_hd__buf_2)
                                                         net7887 (net)
                      0.029691    0.000094   18.874340 v rebuffer7883/A (sky130_fd_sc_hd__buf_2)
     4    0.021560    0.062633    0.149729   19.024071 v rebuffer7883/X (sky130_fd_sc_hd__buf_2)
                                                         net7883 (net)
                      0.062652    0.001039   19.025108 v _138400_/A2 (sky130_fd_sc_hd__o21ai_2)
     1    0.005143    0.108833    0.123320   19.148430 ^ _138400_/Y (sky130_fd_sc_hd__o21ai_2)
                                                         _067161_ (net)
                      0.108833    0.000153   19.148582 ^ _138401_/A (sky130_fd_sc_hd__inv_2)
     2    0.007401    0.034699    0.049877   19.198458 v _138401_/Y (sky130_fd_sc_hd__inv_2)
                                                         _067162_ (net)
                      0.034699    0.000167   19.198626 v _138673_/B1 (sky130_fd_sc_hd__a221o_2)
     2    0.020253    0.097486    0.388326   19.586952 v _138673_/X (sky130_fd_sc_hd__a221o_2)
                                                         _067433_ (net)
                      0.097489    0.000705   19.587656 v _138674_/A (sky130_fd_sc_hd__nand2_8)
     4    0.055329    0.110586    0.127587   19.715242 ^ _138674_/Y (sky130_fd_sc_hd__nand2_8)
                                                         _067434_ (net)
                      0.110605    0.001162   19.716406 ^ clone14024/A (sky130_fd_sc_hd__clkinvlp_4)
     6    0.050029    0.243668    0.248038   19.964443 v clone14024/Y (sky130_fd_sc_hd__clkinvlp_4)
                                                         net14024 (net)
                      0.243741    0.001627   19.966070 v _139500_/B1 (sky130_fd_sc_hd__o21ai_2)
     2    0.007243    0.126439    0.141906   20.107977 ^ _139500_/Y (sky130_fd_sc_hd__o21ai_2)
                                                         _068257_ (net)
                      0.126439    0.000211   20.108189 ^ _139501_/A0 (sky130_fd_sc_hd__mux2_4)
     1    0.051972    0.162628    0.265503   20.373692 ^ _139501_/X (sky130_fd_sc_hd__mux2_4)
                                                         _068258_ (net)
                      0.163602    0.009514   20.383205 ^ wire703/A (sky130_fd_sc_hd__buf_12)
     3    0.064344    0.084522    0.166253   20.549458 ^ wire703/X (sky130_fd_sc_hd__buf_12)
                                                         net703 (net)
                      0.084768    0.003613   20.553070 ^ rebuffer14003/A (sky130_fd_sc_hd__buf_2)
    13    0.252449    1.206526    0.909596   21.462667 ^ rebuffer14003/X (sky130_fd_sc_hd__buf_2)
                                                         net14003 (net)
                      1.208802    0.043400   21.506067 ^ _144071_/A (sky130_fd_sc_hd__clkbuf_2)
     7    0.050418    0.277648    0.434147   21.940214 ^ _144071_/X (sky130_fd_sc_hd__clkbuf_2)
                                                         _072618_ (net)
                      0.277648    0.001226   21.941439 ^ max_cap685/A (sky130_fd_sc_hd__buf_8)
    13    0.097721    0.163205    0.231450   22.172890 ^ max_cap685/X (sky130_fd_sc_hd__buf_8)
                                                         net685 (net)
                      0.166042    0.017122   22.190012 ^ _145207_/A (sky130_fd_sc_hd__nand2_2)
     1    0.004948    0.051921    0.067125   22.257137 v _145207_/Y (sky130_fd_sc_hd__nand2_2)
                                                         _073306_ (net)
                      0.051921    0.000153   22.257290 v _145208_/C1 (sky130_fd_sc_hd__o221ai_2)
     1    0.002528    0.134889    0.053308   22.310598 ^ _145208_/Y (sky130_fd_sc_hd__o221ai_2)
                                                         _008805_ (net)
                      0.134889    0.000073   22.310671 ^ _196471_/D (sky130_fd_sc_hd__dfrtp_2)
                                             22.310671   data arrival time

                                 20.000000   20.000000   clock clk_i (rise edge)
                                  0.000000   20.000000   clock source latency
     3    0.553677    0.150000    0.000000   20.000000 ^ clk_i (in)
                                                         clk_i (net)
                      1.802483    0.826242   20.826242 ^ clkbuf_regs_0_clk_i/A (sky130_fd_sc_hd__clkbuf_16)
     1    0.008116    0.075231    0.340210   21.166452 ^ clkbuf_regs_0_clk_i/X (sky130_fd_sc_hd__clkbuf_16)
                                                         clk_i_regs (net)
                      0.075231    0.000234   21.166687 ^ clkbuf_0_clk_i_regs/A (sky130_fd_sc_hd__clkbuf_16)
     2    0.111687    0.126029    0.200114   21.366800 ^ clkbuf_0_clk_i_regs/X (sky130_fd_sc_hd__clkbuf_16)
                                                         clknet_0_clk_i_regs (net)
                      0.128021    0.012481   21.379282 ^ clkbuf_1_1_0_clk_i_regs/A (sky130_fd_sc_hd__clkbuf_8)
     1    0.100037    0.177738    0.252358   21.631639 ^ clkbuf_1_1_0_clk_i_regs/X (sky130_fd_sc_hd__clkbuf_8)
                                                         clknet_1_1_0_clk_i_regs (net)
                      0.179155    0.012784   21.644424 ^ clkbuf_1_1_1_clk_i_regs/A (sky130_fd_sc_hd__clkbuf_8)
     2    0.074134    0.137796    0.234945   21.879368 ^ clkbuf_1_1_1_clk_i_regs/X (sky130_fd_sc_hd__clkbuf_8)
                                                         clknet_1_1_1_clk_i_regs (net)
                      0.142326    0.019677   21.899044 ^ clkbuf_2_2_0_clk_i_regs/A (sky130_fd_sc_hd__clkbuf_8)
     2    0.056485    0.109605    0.205407   22.104452 ^ clkbuf_2_2_0_clk_i_regs/X (sky130_fd_sc_hd__clkbuf_8)
                                                         clknet_2_2_0_clk_i_regs (net)
                      0.111952    0.012639   22.117090 ^ clkbuf_3_5_0_clk_i_regs/A (sky130_fd_sc_hd__clkbuf_8)
     4    0.352959    0.597353    0.505073   22.622164 ^ clkbuf_3_5_0_clk_i_regs/X (sky130_fd_sc_hd__clkbuf_8)
                                                         clknet_3_5_0_clk_i_regs (net)
                      0.610878    0.071649   22.693813 ^ clkbuf_4_10_0_clk_i_regs/A (sky130_fd_sc_hd__clkbuf_8)
     2    0.089323    0.164214    0.355728   23.049541 ^ clkbuf_4_10_0_clk_i_regs/X (sky130_fd_sc_hd__clkbuf_8)
                                                         clknet_4_10_0_clk_i_regs (net)
                      0.164689    0.006448   23.055990 ^ clkbuf_5_21_0_clk_i_regs/A (sky130_fd_sc_hd__clkbuf_8)
     4    0.175068    0.301879    0.348630   23.404619 ^ clkbuf_5_21_0_clk_i_regs/X (sky130_fd_sc_hd__clkbuf_8)
                                                         clknet_5_21_0_clk_i_regs (net)
                      0.302974    0.014875   23.419495 ^ clkbuf_7_85__f_clk_i_regs/A (sky130_fd_sc_hd__clkbuf_16)
    30    0.317694    0.326545    0.401039   23.820534 ^ clkbuf_7_85__f_clk_i_regs/X (sky130_fd_sc_hd__clkbuf_16)
                                                         clknet_7_85__leaf_clk_i_regs (net)
                      0.329039    0.023192   23.843725 ^ clkbuf_leaf_287_clk_i_regs/A (sky130_fd_sc_hd__clkbuf_8)
    11    0.036011    0.079176    0.239531   24.083258 ^ clkbuf_leaf_287_clk_i_regs/X (sky130_fd_sc_hd__clkbuf_8)
                                                         clknet_leaf_287_clk_i_regs (net)
                      0.079185    0.000894   24.084150 ^ _196471_/CLK (sky130_fd_sc_hd__dfrtp_2)
                                 -0.250000   23.834152   clock uncertainty
                                  0.000000   23.834152   clock reconvergence pessimism
                                 -0.079128   23.755024   library setup time
                                             23.755024   data required time
---------------------------------------------------------------------------------------------
                                             23.755024   data required time
                                            -22.310671   data arrival time
---------------------------------------------------------------------------------------------
                                              1.444352   slack (MET)


Startpoint: u_instruction_ram.g_sram[2].u_macro
            (falling edge-triggered flip-flop clocked by clk_i)
Endpoint: _196407_ (rising edge-triggered flip-flop clocked by clk_i)
Path Group: clk_i
Path Type: max

Fanout         Cap        Slew       Delay        Time   Description
---------------------------------------------------------------------------------------------
                                 10.000000   10.000000   clock clk_i (fall edge)
                                  0.000000   10.000000   clock source latency
     3    0.551646    0.150000    0.000000   10.000000 v clk_i (in)
                                                         clk_i (net)
                      1.757706    0.803853   10.803853 v clkbuf_0_clk_i/A (sky130_fd_sc_hd__clkbuf_16)
     2    0.114959    0.123871    0.739686   11.543539 v clkbuf_0_clk_i/X (sky130_fd_sc_hd__clkbuf_16)
                                                         clknet_0_clk_i (net)
                      0.124525    0.011698   11.555237 v clkbuf_1_0_0_clk_i/A (sky130_fd_sc_hd__clkbuf_8)
     1    0.057197    0.075753    0.209698   11.764935 v clkbuf_1_0_0_clk_i/X (sky130_fd_sc_hd__clkbuf_8)
                                                         clknet_1_0_0_clk_i (net)
                      0.079852    0.013629   11.778564 v clkbuf_1_0_1_clk_i/A (sky130_fd_sc_hd__clkbuf_8)
    11    0.964894    0.943762    0.521675   12.300240 v clkbuf_1_0_1_clk_i/X (sky130_fd_sc_hd__clkbuf_8)
                                                         clknet_1_0_1_clk_i (net)
                      1.237671    0.426757   12.726996 v clkbuf_leaf_3_clk_i/A (sky130_fd_sc_hd__clkbuf_8)
     4    0.122865    0.152541    0.614900   13.341897 v clkbuf_leaf_3_clk_i/X (sky130_fd_sc_hd__clkbuf_8)
                                                         clknet_leaf_3_clk_i (net)
                      0.205656    0.012004   13.353901 v u_instruction_ram.g_sram[2].u_macro/clk1 (sky130_sram_2kbyte_1rw1r_32x512_8)
     2    0.019077    0.011485    0.480981   13.834881 ^ u_instruction_ram.g_sram[2].u_macro/dout1[7] (sky130_sram_2kbyte_1rw1r_32x512_8)
                                                         u_instruction_ram.dout_r[39] (net)
                      0.008614    0.000755   13.835636 ^ wire4852/A (sky130_fd_sc_hd__buf_2)
     2    0.073480    0.356288    0.301148   14.136784 ^ wire4852/X (sky130_fd_sc_hd__buf_2)
                                                         net4852 (net)
                      0.358125    0.020862   14.157646 ^ wire4850/A (sky130_fd_sc_hd__buf_6)
     1    0.030012    0.072668    0.186147   14.343793 ^ wire4850/X (sky130_fd_sc_hd__buf_6)
                                                         net4850 (net)
                      0.073096    0.004358   14.348151 ^ wire4849/A (sky130_fd_sc_hd__buf_6)
     1    0.044618    0.096306    0.145977   14.494128 ^ wire4849/X (sky130_fd_sc_hd__buf_6)
                                                         net4849 (net)
                      0.097068    0.006851   14.500978 ^ _096099_/A0 (sky130_fd_sc_hd__mux2_4)
     2    0.169673    0.485650    0.434429   14.935408 ^ _096099_/X (sky130_fd_sc_hd__mux2_4)
                                                         _033364_ (net)
                      0.514246    0.091662   15.027070 ^ _096101_/A0 (sky130_fd_sc_hd__mux2_4)
     1    0.063246    0.195066    0.371507   15.398577 ^ _096101_/X (sky130_fd_sc_hd__mux2_4)
                                                         _033366_ (net)
                      0.197501    0.017396   15.415973 ^ _096102_/A1 (sky130_fd_sc_hd__mux2_2)
     1    0.002428    0.045314    0.180314   15.596288 ^ _096102_/X (sky130_fd_sc_hd__mux2_2)
                                                         _033367_ (net)
                      0.045314    0.000048   15.596335 ^ _096103_/A (sky130_fd_sc_hd__clkbuf_1)
     2    0.021415    0.254840    0.227221   15.823556 ^ _096103_/X (sky130_fd_sc_hd__clkbuf_1)
                                                         iram_m0_rdata[7] (net)
                      0.254852    0.001485   15.825041 ^ wire2416/A (sky130_fd_sc_hd__buf_4)
     8    0.097079    0.269607    0.325267   16.150309 ^ wire2416/X (sky130_fd_sc_hd__buf_4)
                                                         net2416 (net)
                      0.272393    0.022117   16.172426 ^ _136653_/B1 (sky130_fd_sc_hd__a221o_2)
     1    0.003524    0.053462    0.202537   16.374962 ^ _136653_/X (sky130_fd_sc_hd__a221o_2)
                                                         _065422_ (net)
                      0.053462    0.000105   16.375067 ^ _136654_/D1 (sky130_fd_sc_hd__a2111o_2)
     2    0.562089    2.590986    1.478929   17.853996 ^ _136654_/X (sky130_fd_sc_hd__a2111o_2)
                                                         _065423_ (net)
                      2.820378    0.590791   18.444788 ^ _136655_/B (sky130_fd_sc_hd__nand2_4)
     2    0.025427    0.353506    0.188827   18.633614 v _136655_/Y (sky130_fd_sc_hd__nand2_4)
                                                         _065424_ (net)
                      0.353512    0.001089   18.634703 v rebuffer7887/A (sky130_fd_sc_hd__buf_2)
     1    0.002997    0.029691    0.239543   18.874247 v rebuffer7887/X (sky130_fd_sc_hd__buf_2)
                                                         net7887 (net)
                      0.029691    0.000094   18.874340 v rebuffer7883/A (sky130_fd_sc_hd__buf_2)
     4    0.021560    0.062633    0.149729   19.024071 v rebuffer7883/X (sky130_fd_sc_hd__buf_2)
                                                         net7883 (net)
                      0.062652    0.001039   19.025108 v _138400_/A2 (sky130_fd_sc_hd__o21ai_2)
     1    0.005143    0.108833    0.123320   19.148430 ^ _138400_/Y (sky130_fd_sc_hd__o21ai_2)
                                                         _067161_ (net)
                      0.108833    0.000153   19.148582 ^ _138401_/A (sky130_fd_sc_hd__inv_2)
     2    0.007401    0.034699    0.049877   19.198458 v _138401_/Y (sky130_fd_sc_hd__inv_2)
                                                         _067162_ (net)
                      0.034699    0.000167   19.198626 v _138673_/B1 (sky130_fd_sc_hd__a221o_2)
     2    0.020253    0.097486    0.388326   19.586952 v _138673_/X (sky130_fd_sc_hd__a221o_2)
                                                         _067433_ (net)
                      0.097489    0.000705   19.587656 v _138674_/A (sky130_fd_sc_hd__nand2_8)
     4    0.055329    0.110586    0.127587   19.715242 ^ _138674_/Y (sky130_fd_sc_hd__nand2_8)
                                                         _067434_ (net)
                      0.110605    0.001162   19.716406 ^ clone14024/A (sky130_fd_sc_hd__clkinvlp_4)
     6    0.050029    0.243668    0.248038   19.964443 v clone14024/Y (sky130_fd_sc_hd__clkinvlp_4)
                                                         net14024 (net)
                      0.243741    0.001627   19.966070 v _139500_/B1 (sky130_fd_sc_hd__o21ai_2)
     2    0.007243    0.126439    0.141906   20.107977 ^ _139500_/Y (sky130_fd_sc_hd__o21ai_2)
                                                         _068257_ (net)
                      0.126439    0.000211   20.108189 ^ _139501_/A0 (sky130_fd_sc_hd__mux2_4)
     1    0.051972    0.162628    0.265503   20.373692 ^ _139501_/X (sky130_fd_sc_hd__mux2_4)
                                                         _068258_ (net)
                      0.163602    0.009514   20.383205 ^ wire703/A (sky130_fd_sc_hd__buf_12)
     3    0.064344    0.084522    0.166253   20.549458 ^ wire703/X (sky130_fd_sc_hd__buf_12)
                                                         net703 (net)
                      0.084768    0.003613   20.553070 ^ rebuffer14003/A (sky130_fd_sc_hd__buf_2)
    13    0.252449    1.206526    0.909596   21.462667 ^ rebuffer14003/X (sky130_fd_sc_hd__buf_2)
                                                         net14003 (net)
                      1.208802    0.043400   21.506067 ^ _144071_/A (sky130_fd_sc_hd__clkbuf_2)
     7    0.050418    0.277648    0.434147   21.940214 ^ _144071_/X (sky130_fd_sc_hd__clkbuf_2)
                                                         _072618_ (net)
                      0.277648    0.001226   21.941439 ^ max_cap685/A (sky130_fd_sc_hd__buf_8)
    13    0.097721    0.163205    0.231450   22.172890 ^ max_cap685/X (sky130_fd_sc_hd__buf_8)
                                                         net685 (net)
                      0.165998    0.016993   22.189882 ^ _145050_/A (sky130_fd_sc_hd__nand2_2)
     1    0.004242    0.049864    0.064125   22.254007 v _145050_/Y (sky130_fd_sc_hd__nand2_2)
                                                         _073213_ (net)
                      0.049864    0.000082   22.254089 v _145051_/C1 (sky130_fd_sc_hd__o221ai_2)
     1    0.003436    0.157312    0.055786   22.309875 ^ _145051_/Y (sky130_fd_sc_hd__o221ai_2)
                                                         _008741_ (net)
                      0.157312    0.000108   22.309984 ^ _196407_/D (sky130_fd_sc_hd__dfrtp_2)
                                             22.309984   data arrival time

                                 20.000000   20.000000   clock clk_i (rise edge)
                                  0.000000   20.000000   clock source latency
     3    0.553677    0.150000    0.000000   20.000000 ^ clk_i (in)
                                                         clk_i (net)
                      1.802483    0.826242   20.826242 ^ clkbuf_regs_0_clk_i/A (sky130_fd_sc_hd__clkbuf_16)
     1    0.008116    0.075231    0.340210   21.166452 ^ clkbuf_regs_0_clk_i/X (sky130_fd_sc_hd__clkbuf_16)
                                                         clk_i_regs (net)
                      0.075231    0.000234   21.166687 ^ clkbuf_0_clk_i_regs/A (sky130_fd_sc_hd__clkbuf_16)
     2    0.111687    0.126029    0.200114   21.366800 ^ clkbuf_0_clk_i_regs/X (sky130_fd_sc_hd__clkbuf_16)
                                                         clknet_0_clk_i_regs (net)
                      0.128021    0.012481   21.379282 ^ clkbuf_1_1_0_clk_i_regs/A (sky130_fd_sc_hd__clkbuf_8)
     1    0.100037    0.177738    0.252358   21.631639 ^ clkbuf_1_1_0_clk_i_regs/X (sky130_fd_sc_hd__clkbuf_8)
                                                         clknet_1_1_0_clk_i_regs (net)
                      0.179155    0.012784   21.644424 ^ clkbuf_1_1_1_clk_i_regs/A (sky130_fd_sc_hd__clkbuf_8)
     2    0.074134    0.137796    0.234945   21.879368 ^ clkbuf_1_1_1_clk_i_regs/X (sky130_fd_sc_hd__clkbuf_8)
                                                         clknet_1_1_1_clk_i_regs (net)
                      0.142326    0.019677   21.899044 ^ clkbuf_2_2_0_clk_i_regs/A (sky130_fd_sc_hd__clkbuf_8)
     2    0.056485    0.109605    0.205407   22.104452 ^ clkbuf_2_2_0_clk_i_regs/X (sky130_fd_sc_hd__clkbuf_8)
                                                         clknet_2_2_0_clk_i_regs (net)
                      0.111952    0.012639   22.117090 ^ clkbuf_3_5_0_clk_i_regs/A (sky130_fd_sc_hd__clkbuf_8)
     4    0.352959    0.597353    0.505073   22.622164 ^ clkbuf_3_5_0_clk_i_regs/X (sky130_fd_sc_hd__clkbuf_8)
                                                         clknet_3_5_0_clk_i_regs (net)
                      0.610878    0.071649   22.693813 ^ clkbuf_4_10_0_clk_i_regs/A (sky130_fd_sc_hd__clkbuf_8)
     2    0.089323    0.164214    0.355728   23.049541 ^ clkbuf_4_10_0_clk_i_regs/X (sky130_fd_sc_hd__clkbuf_8)
                                                         clknet_4_10_0_clk_i_regs (net)
                      0.164689    0.006448   23.055990 ^ clkbuf_5_21_0_clk_i_regs/A (sky130_fd_sc_hd__clkbuf_8)
     4    0.175068    0.301879    0.348630   23.404619 ^ clkbuf_5_21_0_clk_i_regs/X (sky130_fd_sc_hd__clkbuf_8)
                                                         clknet_5_21_0_clk_i_regs (net)
                      0.302974    0.014875   23.419495 ^ clkbuf_7_85__f_clk_i_regs/A (sky130_fd_sc_hd__clkbuf_16)
    30    0.317694    0.326545    0.401039   23.820534 ^ clkbuf_7_85__f_clk_i_regs/X (sky130_fd_sc_hd__clkbuf_16)
                                                         clknet_7_85__leaf_clk_i_regs (net)
                      0.333183    0.037067   23.857601 ^ clkbuf_leaf_286_clk_i_regs/A (sky130_fd_sc_hd__clkbuf_8)
    10    0.034200    0.076573    0.238174   24.095776 ^ clkbuf_leaf_286_clk_i_regs/X (sky130_fd_sc_hd__clkbuf_8)
                                                         clknet_leaf_286_clk_i_regs (net)
                      0.076575    0.000515   24.096291 ^ _196407_/CLK (sky130_fd_sc_hd__dfrtp_2)
                                 -0.250000   23.846291   clock uncertainty
                                  0.000000   23.846291   clock reconvergence pessimism
                                 -0.084740   23.761551   library setup time
                                             23.761551   data required time
---------------------------------------------------------------------------------------------
                                             23.761551   data required time
                                            -22.309984   data arrival time
---------------------------------------------------------------------------------------------
                                              1.451568   slack (MET)


Startpoint: u_instruction_ram.g_sram[2].u_macro
            (falling edge-triggered flip-flop clocked by clk_i)
Endpoint: _196279_ (rising edge-triggered flip-flop clocked by clk_i)
Path Group: clk_i
Path Type: max

Fanout         Cap        Slew       Delay        Time   Description
---------------------------------------------------------------------------------------------
                                 10.000000   10.000000   clock clk_i (fall edge)
                                  0.000000   10.000000   clock source latency
     3    0.551646    0.150000    0.000000   10.000000 v clk_i (in)
                                                         clk_i (net)
                      1.757706    0.803853   10.803853 v clkbuf_0_clk_i/A (sky130_fd_sc_hd__clkbuf_16)
     2    0.114959    0.123871    0.739686   11.543539 v clkbuf_0_clk_i/X (sky130_fd_sc_hd__clkbuf_16)
                                                         clknet_0_clk_i (net)
                      0.124525    0.011698   11.555237 v clkbuf_1_0_0_clk_i/A (sky130_fd_sc_hd__clkbuf_8)
     1    0.057197    0.075753    0.209698   11.764935 v clkbuf_1_0_0_clk_i/X (sky130_fd_sc_hd__clkbuf_8)
                                                         clknet_1_0_0_clk_i (net)
                      0.079852    0.013629   11.778564 v clkbuf_1_0_1_clk_i/A (sky130_fd_sc_hd__clkbuf_8)
    11    0.964894    0.943762    0.521675   12.300240 v clkbuf_1_0_1_clk_i/X (sky130_fd_sc_hd__clkbuf_8)
                                                         clknet_1_0_1_clk_i (net)
                      1.237671    0.426757   12.726996 v clkbuf_leaf_3_clk_i/A (sky130_fd_sc_hd__clkbuf_8)
     4    0.122865    0.152541    0.614900   13.341897 v clkbuf_leaf_3_clk_i/X (sky130_fd_sc_hd__clkbuf_8)
                                                         clknet_leaf_3_clk_i (net)
                      0.205656    0.012004   13.353901 v u_instruction_ram.g_sram[2].u_macro/clk1 (sky130_sram_2kbyte_1rw1r_32x512_8)
     2    0.019077    0.011485    0.480981   13.834881 ^ u_instruction_ram.g_sram[2].u_macro/dout1[7] (sky130_sram_2kbyte_1rw1r_32x512_8)
                                                         u_instruction_ram.dout_r[39] (net)
                      0.008614    0.000755   13.835636 ^ wire4852/A (sky130_fd_sc_hd__buf_2)
     2    0.073480    0.356288    0.301148   14.136784 ^ wire4852/X (sky130_fd_sc_hd__buf_2)
                                                         net4852 (net)
                      0.358125    0.020862   14.157646 ^ wire4850/A (sky130_fd_sc_hd__buf_6)
     1    0.030012    0.072668    0.186147   14.343793 ^ wire4850/X (sky130_fd_sc_hd__buf_6)
                                                         net4850 (net)
                      0.073096    0.004358   14.348151 ^ wire4849/A (sky130_fd_sc_hd__buf_6)
     1    0.044618    0.096306    0.145977   14.494128 ^ wire4849/X (sky130_fd_sc_hd__buf_6)
                                                         net4849 (net)
                      0.097068    0.006851   14.500978 ^ _096099_/A0 (sky130_fd_sc_hd__mux2_4)
     2    0.169673    0.485650    0.434429   14.935408 ^ _096099_/X (sky130_fd_sc_hd__mux2_4)
                                                         _033364_ (net)
                      0.514246    0.091662   15.027070 ^ _096101_/A0 (sky130_fd_sc_hd__mux2_4)
     1    0.063246    0.195066    0.371507   15.398577 ^ _096101_/X (sky130_fd_sc_hd__mux2_4)
                                                         _033366_ (net)
                      0.197501    0.017396   15.415973 ^ _096102_/A1 (sky130_fd_sc_hd__mux2_2)
     1    0.002428    0.045314    0.180314   15.596288 ^ _096102_/X (sky130_fd_sc_hd__mux2_2)
                                                         _033367_ (net)
                      0.045314    0.000048   15.596335 ^ _096103_/A (sky130_fd_sc_hd__clkbuf_1)
     2    0.021415    0.254840    0.227221   15.823556 ^ _096103_/X (sky130_fd_sc_hd__clkbuf_1)
                                                         iram_m0_rdata[7] (net)
                      0.254852    0.001485   15.825041 ^ wire2416/A (sky130_fd_sc_hd__buf_4)
     8    0.097079    0.269607    0.325267   16.150309 ^ wire2416/X (sky130_fd_sc_hd__buf_4)
                                                         net2416 (net)
                      0.272393    0.022117   16.172426 ^ _136653_/B1 (sky130_fd_sc_hd__a221o_2)
     1    0.003524    0.053462    0.202537   16.374962 ^ _136653_/X (sky130_fd_sc_hd__a221o_2)
                                                         _065422_ (net)
                      0.053462    0.000105   16.375067 ^ _136654_/D1 (sky130_fd_sc_hd__a2111o_2)
     2    0.562089    2.590986    1.478929   17.853996 ^ _136654_/X (sky130_fd_sc_hd__a2111o_2)
                                                         _065423_ (net)
                      2.820378    0.590791   18.444788 ^ _136655_/B (sky130_fd_sc_hd__nand2_4)
     2    0.025427    0.353506    0.188827   18.633614 v _136655_/Y (sky130_fd_sc_hd__nand2_4)
                                                         _065424_ (net)
                      0.353512    0.001089   18.634703 v rebuffer7887/A (sky130_fd_sc_hd__buf_2)
     1    0.002997    0.029691    0.239543   18.874247 v rebuffer7887/X (sky130_fd_sc_hd__buf_2)
                                                         net7887 (net)
                      0.029691    0.000094   18.874340 v rebuffer7883/A (sky130_fd_sc_hd__buf_2)
     4    0.021560    0.062633    0.149729   19.024071 v rebuffer7883/X (sky130_fd_sc_hd__buf_2)
                                                         net7883 (net)
                      0.062652    0.001039   19.025108 v _138400_/A2 (sky130_fd_sc_hd__o21ai_2)
     1    0.005143    0.108833    0.123320   19.148430 ^ _138400_/Y (sky130_fd_sc_hd__o21ai_2)
                                                         _067161_ (net)
                      0.108833    0.000153   19.148582 ^ _138401_/A (sky130_fd_sc_hd__inv_2)
     2    0.007401    0.034699    0.049877   19.198458 v _138401_/Y (sky130_fd_sc_hd__inv_2)
                                                         _067162_ (net)
                      0.034699    0.000167   19.198626 v _138673_/B1 (sky130_fd_sc_hd__a221o_2)
     2    0.020253    0.097486    0.388326   19.586952 v _138673_/X (sky130_fd_sc_hd__a221o_2)
                                                         _067433_ (net)
                      0.097489    0.000705   19.587656 v _138674_/A (sky130_fd_sc_hd__nand2_8)
     4    0.055329    0.110586    0.127587   19.715242 ^ _138674_/Y (sky130_fd_sc_hd__nand2_8)
                                                         _067434_ (net)
                      0.110605    0.001162   19.716406 ^ clone14024/A (sky130_fd_sc_hd__clkinvlp_4)
     6    0.050029    0.243668    0.248038   19.964443 v clone14024/Y (sky130_fd_sc_hd__clkinvlp_4)
                                                         net14024 (net)
                      0.243741    0.001627   19.966070 v _139500_/B1 (sky130_fd_sc_hd__o21ai_2)
     2    0.007243    0.126439    0.141906   20.107977 ^ _139500_/Y (sky130_fd_sc_hd__o21ai_2)
                                                         _068257_ (net)
                      0.126439    0.000211   20.108189 ^ _139501_/A0 (sky130_fd_sc_hd__mux2_4)
     1    0.051972    0.162628    0.265503   20.373692 ^ _139501_/X (sky130_fd_sc_hd__mux2_4)
                                                         _068258_ (net)
                      0.163602    0.009514   20.383205 ^ wire703/A (sky130_fd_sc_hd__buf_12)
     3    0.064344    0.084522    0.166253   20.549458 ^ wire703/X (sky130_fd_sc_hd__buf_12)
                                                         net703 (net)
                      0.084768    0.003613   20.553070 ^ rebuffer14003/A (sky130_fd_sc_hd__buf_2)
    13    0.252449    1.206526    0.909596   21.462667 ^ rebuffer14003/X (sky130_fd_sc_hd__buf_2)
                                                         net14003 (net)
                      1.208802    0.043400   21.506067 ^ _144071_/A (sky130_fd_sc_hd__clkbuf_2)
     7    0.050418    0.277648    0.434147   21.940214 ^ _144071_/X (sky130_fd_sc_hd__clkbuf_2)
                                                         _072618_ (net)
                      0.277648    0.001226   21.941439 ^ max_cap685/A (sky130_fd_sc_hd__buf_8)
    13    0.097721    0.163205    0.231450   22.172890 ^ max_cap685/X (sky130_fd_sc_hd__buf_8)
                                                         net685 (net)
                      0.165744    0.016222   22.189112 ^ _144728_/A (sky130_fd_sc_hd__nand2_2)
     1    0.005255    0.052767    0.068400   22.257511 v _144728_/Y (sky130_fd_sc_hd__nand2_2)
                                                         _073019_ (net)
                      0.052767    0.000174   22.257687 v _144729_/C1 (sky130_fd_sc_hd__o221ai_2)
     1    0.002553    0.143937    0.053777   22.311464 ^ _144729_/Y (sky130_fd_sc_hd__o221ai_2)
                                                         _008613_ (net)
                      0.143937    0.000073   22.311537 ^ _196279_/D (sky130_fd_sc_hd__dfrtp_2)
                                             22.311537   data arrival time

                                 20.000000   20.000000   clock clk_i (rise edge)
                                  0.000000   20.000000   clock source latency
     3    0.553677    0.150000    0.000000   20.000000 ^ clk_i (in)
                                                         clk_i (net)
                      1.802483    0.826242   20.826242 ^ clkbuf_regs_0_clk_i/A (sky130_fd_sc_hd__clkbuf_16)
     1    0.008116    0.075231    0.340210   21.166452 ^ clkbuf_regs_0_clk_i/X (sky130_fd_sc_hd__clkbuf_16)
                                                         clk_i_regs (net)
                      0.075231    0.000234   21.166687 ^ clkbuf_0_clk_i_regs/A (sky130_fd_sc_hd__clkbuf_16)
     2    0.111687    0.126029    0.200114   21.366800 ^ clkbuf_0_clk_i_regs/X (sky130_fd_sc_hd__clkbuf_16)
                                                         clknet_0_clk_i_regs (net)
                      0.128021    0.012481   21.379282 ^ clkbuf_1_1_0_clk_i_regs/A (sky130_fd_sc_hd__clkbuf_8)
     1    0.100037    0.177738    0.252358   21.631639 ^ clkbuf_1_1_0_clk_i_regs/X (sky130_fd_sc_hd__clkbuf_8)
                                                         clknet_1_1_0_clk_i_regs (net)
                      0.179155    0.012784   21.644424 ^ clkbuf_1_1_1_clk_i_regs/A (sky130_fd_sc_hd__clkbuf_8)
     2    0.074134    0.137796    0.234945   21.879368 ^ clkbuf_1_1_1_clk_i_regs/X (sky130_fd_sc_hd__clkbuf_8)
                                                         clknet_1_1_1_clk_i_regs (net)
                      0.142326    0.019677   21.899044 ^ clkbuf_2_2_0_clk_i_regs/A (sky130_fd_sc_hd__clkbuf_8)
     2    0.056485    0.109605    0.205407   22.104452 ^ clkbuf_2_2_0_clk_i_regs/X (sky130_fd_sc_hd__clkbuf_8)
                                                         clknet_2_2_0_clk_i_regs (net)
                      0.111952    0.012639   22.117090 ^ clkbuf_3_5_0_clk_i_regs/A (sky130_fd_sc_hd__clkbuf_8)
     4    0.352959    0.597353    0.505073   22.622164 ^ clkbuf_3_5_0_clk_i_regs/X (sky130_fd_sc_hd__clkbuf_8)
                                                         clknet_3_5_0_clk_i_regs (net)
                      0.610878    0.071649   22.693813 ^ clkbuf_4_10_0_clk_i_regs/A (sky130_fd_sc_hd__clkbuf_8)
     2    0.089323    0.164214    0.355728   23.049541 ^ clkbuf_4_10_0_clk_i_regs/X (sky130_fd_sc_hd__clkbuf_8)
                                                         clknet_4_10_0_clk_i_regs (net)
                      0.164689    0.006448   23.055990 ^ clkbuf_5_21_0_clk_i_regs/A (sky130_fd_sc_hd__clkbuf_8)
     4    0.175068    0.301879    0.348630   23.404619 ^ clkbuf_5_21_0_clk_i_regs/X (sky130_fd_sc_hd__clkbuf_8)
                                                         clknet_5_21_0_clk_i_regs (net)
                      0.302974    0.014875   23.419495 ^ clkbuf_7_85__f_clk_i_regs/A (sky130_fd_sc_hd__clkbuf_16)
    30    0.317694    0.326545    0.401039   23.820534 ^ clkbuf_7_85__f_clk_i_regs/X (sky130_fd_sc_hd__clkbuf_16)
                                                         clknet_7_85__leaf_clk_i_regs (net)
                      0.333183    0.037067   23.857601 ^ clkbuf_leaf_286_clk_i_regs/A (sky130_fd_sc_hd__clkbuf_8)
    10    0.034200    0.076573    0.238174   24.095776 ^ clkbuf_leaf_286_clk_i_regs/X (sky130_fd_sc_hd__clkbuf_8)
                                                         clknet_leaf_286_clk_i_regs (net)
                      0.076576    0.000576   24.096350 ^ _196279_/CLK (sky130_fd_sc_hd__dfrtp_2)
                                 -0.250000   23.846352   clock uncertainty
                                  0.000000   23.846352   clock reconvergence pessimism
                                 -0.081637   23.764715   library setup time
                                             23.764715   data required time
---------------------------------------------------------------------------------------------
                                             23.764715   data required time
                                            -22.311537   data arrival time
---------------------------------------------------------------------------------------------
                                              1.453179   slack (MET)


Startpoint: u_instruction_ram.g_sram[2].u_macro
            (falling edge-triggered flip-flop clocked by clk_i)
Endpoint: _196375_ (rising edge-triggered flip-flop clocked by clk_i)
Path Group: clk_i
Path Type: max

Fanout         Cap        Slew       Delay        Time   Description
---------------------------------------------------------------------------------------------
                                 10.000000   10.000000   clock clk_i (fall edge)
                                  0.000000   10.000000   clock source latency
     3    0.551646    0.150000    0.000000   10.000000 v clk_i (in)
                                                         clk_i (net)
                      1.757706    0.803853   10.803853 v clkbuf_0_clk_i/A (sky130_fd_sc_hd__clkbuf_16)
     2    0.114959    0.123871    0.739686   11.543539 v clkbuf_0_clk_i/X (sky130_fd_sc_hd__clkbuf_16)
                                                         clknet_0_clk_i (net)
                      0.124525    0.011698   11.555237 v clkbuf_1_0_0_clk_i/A (sky130_fd_sc_hd__clkbuf_8)
     1    0.057197    0.075753    0.209698   11.764935 v clkbuf_1_0_0_clk_i/X (sky130_fd_sc_hd__clkbuf_8)
                                                         clknet_1_0_0_clk_i (net)
                      0.079852    0.013629   11.778564 v clkbuf_1_0_1_clk_i/A (sky130_fd_sc_hd__clkbuf_8)
    11    0.964894    0.943762    0.521675   12.300240 v clkbuf_1_0_1_clk_i/X (sky130_fd_sc_hd__clkbuf_8)
                                                         clknet_1_0_1_clk_i (net)
                      1.237671    0.426757   12.726996 v clkbuf_leaf_3_clk_i/A (sky130_fd_sc_hd__clkbuf_8)
     4    0.122865    0.152541    0.614900   13.341897 v clkbuf_leaf_3_clk_i/X (sky130_fd_sc_hd__clkbuf_8)
                                                         clknet_leaf_3_clk_i (net)
                      0.205656    0.012004   13.353901 v u_instruction_ram.g_sram[2].u_macro/clk1 (sky130_sram_2kbyte_1rw1r_32x512_8)
     2    0.019077    0.011485    0.480981   13.834881 ^ u_instruction_ram.g_sram[2].u_macro/dout1[7] (sky130_sram_2kbyte_1rw1r_32x512_8)
                                                         u_instruction_ram.dout_r[39] (net)
                      0.008614    0.000755   13.835636 ^ wire4852/A (sky130_fd_sc_hd__buf_2)
     2    0.073480    0.356288    0.301148   14.136784 ^ wire4852/X (sky130_fd_sc_hd__buf_2)
                                                         net4852 (net)
                      0.358125    0.020862   14.157646 ^ wire4850/A (sky130_fd_sc_hd__buf_6)
     1    0.030012    0.072668    0.186147   14.343793 ^ wire4850/X (sky130_fd_sc_hd__buf_6)
                                                         net4850 (net)
                      0.073096    0.004358   14.348151 ^ wire4849/A (sky130_fd_sc_hd__buf_6)
     1    0.044618    0.096306    0.145977   14.494128 ^ wire4849/X (sky130_fd_sc_hd__buf_6)
                                                         net4849 (net)
                      0.097068    0.006851   14.500978 ^ _096099_/A0 (sky130_fd_sc_hd__mux2_4)
     2    0.169673    0.485650    0.434429   14.935408 ^ _096099_/X (sky130_fd_sc_hd__mux2_4)
                                                         _033364_ (net)
                      0.514246    0.091662   15.027070 ^ _096101_/A0 (sky130_fd_sc_hd__mux2_4)
     1    0.063246    0.195066    0.371507   15.398577 ^ _096101_/X (sky130_fd_sc_hd__mux2_4)
                                                         _033366_ (net)
                      0.197501    0.017396   15.415973 ^ _096102_/A1 (sky130_fd_sc_hd__mux2_2)
     1    0.002428    0.045314    0.180314   15.596288 ^ _096102_/X (sky130_fd_sc_hd__mux2_2)
                                                         _033367_ (net)
                      0.045314    0.000048   15.596335 ^ _096103_/A (sky130_fd_sc_hd__clkbuf_1)
     2    0.021415    0.254840    0.227221   15.823556 ^ _096103_/X (sky130_fd_sc_hd__clkbuf_1)
                                                         iram_m0_rdata[7] (net)
                      0.254852    0.001485   15.825041 ^ wire2416/A (sky130_fd_sc_hd__buf_4)
     8    0.097079    0.269607    0.325267   16.150309 ^ wire2416/X (sky130_fd_sc_hd__buf_4)
                                                         net2416 (net)
                      0.272393    0.022117   16.172426 ^ _136653_/B1 (sky130_fd_sc_hd__a221o_2)
     1    0.003524    0.053462    0.202537   16.374962 ^ _136653_/X (sky130_fd_sc_hd__a221o_2)
                                                         _065422_ (net)
                      0.053462    0.000105   16.375067 ^ _136654_/D1 (sky130_fd_sc_hd__a2111o_2)
     2    0.562089    2.590986    1.478929   17.853996 ^ _136654_/X (sky130_fd_sc_hd__a2111o_2)
                                                         _065423_ (net)
                      2.820378    0.590791   18.444788 ^ _136655_/B (sky130_fd_sc_hd__nand2_4)
     2    0.025427    0.353506    0.188827   18.633614 v _136655_/Y (sky130_fd_sc_hd__nand2_4)
                                                         _065424_ (net)
                      0.353512    0.001089   18.634703 v rebuffer7887/A (sky130_fd_sc_hd__buf_2)
     1    0.002997    0.029691    0.239543   18.874247 v rebuffer7887/X (sky130_fd_sc_hd__buf_2)
                                                         net7887 (net)
                      0.029691    0.000094   18.874340 v rebuffer7883/A (sky130_fd_sc_hd__buf_2)
     4    0.021560    0.062633    0.149729   19.024071 v rebuffer7883/X (sky130_fd_sc_hd__buf_2)
                                                         net7883 (net)
                      0.062652    0.001039   19.025108 v _138400_/A2 (sky130_fd_sc_hd__o21ai_2)
     1    0.005143    0.108833    0.123320   19.148430 ^ _138400_/Y (sky130_fd_sc_hd__o21ai_2)
                                                         _067161_ (net)
                      0.108833    0.000153   19.148582 ^ _138401_/A (sky130_fd_sc_hd__inv_2)
     2    0.007401    0.034699    0.049877   19.198458 v _138401_/Y (sky130_fd_sc_hd__inv_2)
                                                         _067162_ (net)
                      0.034699    0.000167   19.198626 v _138673_/B1 (sky130_fd_sc_hd__a221o_2)
     2    0.020253    0.097486    0.388326   19.586952 v _138673_/X (sky130_fd_sc_hd__a221o_2)
                                                         _067433_ (net)
                      0.097489    0.000705   19.587656 v _138674_/A (sky130_fd_sc_hd__nand2_8)
     4    0.055329    0.110586    0.127587   19.715242 ^ _138674_/Y (sky130_fd_sc_hd__nand2_8)
                                                         _067434_ (net)
                      0.110605    0.001162   19.716406 ^ clone14024/A (sky130_fd_sc_hd__clkinvlp_4)
     6    0.050029    0.243668    0.248038   19.964443 v clone14024/Y (sky130_fd_sc_hd__clkinvlp_4)
                                                         net14024 (net)
                      0.243741    0.001627   19.966070 v _139500_/B1 (sky130_fd_sc_hd__o21ai_2)
     2    0.007243    0.126439    0.141906   20.107977 ^ _139500_/Y (sky130_fd_sc_hd__o21ai_2)
                                                         _068257_ (net)
                      0.126439    0.000211   20.108189 ^ _139501_/A0 (sky130_fd_sc_hd__mux2_4)
     1    0.051972    0.162628    0.265503   20.373692 ^ _139501_/X (sky130_fd_sc_hd__mux2_4)
                                                         _068258_ (net)
                      0.163602    0.009514   20.383205 ^ wire703/A (sky130_fd_sc_hd__buf_12)
     3    0.064344    0.084522    0.166253   20.549458 ^ wire703/X (sky130_fd_sc_hd__buf_12)
                                                         net703 (net)
                      0.084768    0.003613   20.553070 ^ rebuffer14003/A (sky130_fd_sc_hd__buf_2)
    13    0.252449    1.206526    0.909596   21.462667 ^ rebuffer14003/X (sky130_fd_sc_hd__buf_2)
                                                         net14003 (net)
                      1.208802    0.043400   21.506067 ^ _144071_/A (sky130_fd_sc_hd__clkbuf_2)
     7    0.050418    0.277648    0.434147   21.940214 ^ _144071_/X (sky130_fd_sc_hd__clkbuf_2)
                                                         _072618_ (net)
                      0.277648    0.001226   21.941439 ^ max_cap685/A (sky130_fd_sc_hd__buf_8)
    13    0.097721    0.163205    0.231450   22.172890 ^ max_cap685/X (sky130_fd_sc_hd__buf_8)
                                                         net685 (net)
                      0.165913    0.016739   22.189629 ^ _144974_/A (sky130_fd_sc_hd__nand2_2)
     1    0.004808    0.051496    0.066516   22.256144 v _144974_/Y (sky130_fd_sc_hd__nand2_2)
                                                         _073169_ (net)
                      0.051496    0.000147   22.256292 v _144975_/C1 (sky130_fd_sc_hd__o221ai_2)
     1    0.002552    0.148994    0.053211   22.309502 ^ _144975_/Y (sky130_fd_sc_hd__o221ai_2)
                                                         _008709_ (net)
                      0.148994    0.000053   22.309555 ^ _196375_/D (sky130_fd_sc_hd__dfrtp_2)
                                             22.309555   data arrival time

                                 20.000000   20.000000   clock clk_i (rise edge)
                                  0.000000   20.000000   clock source latency
     3    0.553677    0.150000    0.000000   20.000000 ^ clk_i (in)
                                                         clk_i (net)
                      1.802483    0.826242   20.826242 ^ clkbuf_regs_0_clk_i/A (sky130_fd_sc_hd__clkbuf_16)
     1    0.008116    0.075231    0.340210   21.166452 ^ clkbuf_regs_0_clk_i/X (sky130_fd_sc_hd__clkbuf_16)
                                                         clk_i_regs (net)
                      0.075231    0.000234   21.166687 ^ clkbuf_0_clk_i_regs/A (sky130_fd_sc_hd__clkbuf_16)
     2    0.111687    0.126029    0.200114   21.366800 ^ clkbuf_0_clk_i_regs/X (sky130_fd_sc_hd__clkbuf_16)
                                                         clknet_0_clk_i_regs (net)
                      0.128021    0.012481   21.379282 ^ clkbuf_1_1_0_clk_i_regs/A (sky130_fd_sc_hd__clkbuf_8)
     1    0.100037    0.177738    0.252358   21.631639 ^ clkbuf_1_1_0_clk_i_regs/X (sky130_fd_sc_hd__clkbuf_8)
                                                         clknet_1_1_0_clk_i_regs (net)
                      0.179155    0.012784   21.644424 ^ clkbuf_1_1_1_clk_i_regs/A (sky130_fd_sc_hd__clkbuf_8)
     2    0.074134    0.137796    0.234945   21.879368 ^ clkbuf_1_1_1_clk_i_regs/X (sky130_fd_sc_hd__clkbuf_8)
                                                         clknet_1_1_1_clk_i_regs (net)
                      0.142326    0.019677   21.899044 ^ clkbuf_2_2_0_clk_i_regs/A (sky130_fd_sc_hd__clkbuf_8)
     2    0.056485    0.109605    0.205407   22.104452 ^ clkbuf_2_2_0_clk_i_regs/X (sky130_fd_sc_hd__clkbuf_8)
                                                         clknet_2_2_0_clk_i_regs (net)
                      0.111952    0.012639   22.117090 ^ clkbuf_3_5_0_clk_i_regs/A (sky130_fd_sc_hd__clkbuf_8)
     4    0.352959    0.597353    0.505073   22.622164 ^ clkbuf_3_5_0_clk_i_regs/X (sky130_fd_sc_hd__clkbuf_8)
                                                         clknet_3_5_0_clk_i_regs (net)
                      0.610878    0.071649   22.693813 ^ clkbuf_4_10_0_clk_i_regs/A (sky130_fd_sc_hd__clkbuf_8)
     2    0.089323    0.164214    0.355728   23.049541 ^ clkbuf_4_10_0_clk_i_regs/X (sky130_fd_sc_hd__clkbuf_8)
                                                         clknet_4_10_0_clk_i_regs (net)
                      0.164689    0.006448   23.055990 ^ clkbuf_5_21_0_clk_i_regs/A (sky130_fd_sc_hd__clkbuf_8)
     4    0.175068    0.301879    0.348630   23.404619 ^ clkbuf_5_21_0_clk_i_regs/X (sky130_fd_sc_hd__clkbuf_8)
                                                         clknet_5_21_0_clk_i_regs (net)
                      0.302974    0.014875   23.419495 ^ clkbuf_7_85__f_clk_i_regs/A (sky130_fd_sc_hd__clkbuf_16)
    30    0.317694    0.326545    0.401039   23.820534 ^ clkbuf_7_85__f_clk_i_regs/X (sky130_fd_sc_hd__clkbuf_16)
                                                         clknet_7_85__leaf_clk_i_regs (net)
                      0.333183    0.037067   23.857601 ^ clkbuf_leaf_286_clk_i_regs/A (sky130_fd_sc_hd__clkbuf_8)
    10    0.034200    0.076573    0.238174   24.095776 ^ clkbuf_leaf_286_clk_i_regs/X (sky130_fd_sc_hd__clkbuf_8)
                                                         clknet_leaf_286_clk_i_regs (net)
                      0.076575    0.000517   24.096292 ^ _196375_/CLK (sky130_fd_sc_hd__dfrtp_2)
                                 -0.250000   23.846292   clock uncertainty
                                  0.000000   23.846292   clock reconvergence pessimism
                                 -0.082810   23.763483   library setup time
                                             23.763483   data required time
---------------------------------------------------------------------------------------------
                                             23.763483   data required time
                                            -22.309555   data arrival time
---------------------------------------------------------------------------------------------
                                              1.453927   slack (MET)


Startpoint: u_instruction_ram.g_sram[2].u_macro
            (falling edge-triggered flip-flop clocked by clk_i)
Endpoint: _196247_ (rising edge-triggered flip-flop clocked by clk_i)
Path Group: clk_i
Path Type: max

Fanout         Cap        Slew       Delay        Time   Description
---------------------------------------------------------------------------------------------
                                 10.000000   10.000000   clock clk_i (fall edge)
                                  0.000000   10.000000   clock source latency
     3    0.551646    0.150000    0.000000   10.000000 v clk_i (in)
                                                         clk_i (net)
                      1.757706    0.803853   10.803853 v clkbuf_0_clk_i/A (sky130_fd_sc_hd__clkbuf_16)
     2    0.114959    0.123871    0.739686   11.543539 v clkbuf_0_clk_i/X (sky130_fd_sc_hd__clkbuf_16)
                                                         clknet_0_clk_i (net)
                      0.124525    0.011698   11.555237 v clkbuf_1_0_0_clk_i/A (sky130_fd_sc_hd__clkbuf_8)
     1    0.057197    0.075753    0.209698   11.764935 v clkbuf_1_0_0_clk_i/X (sky130_fd_sc_hd__clkbuf_8)
                                                         clknet_1_0_0_clk_i (net)
                      0.079852    0.013629   11.778564 v clkbuf_1_0_1_clk_i/A (sky130_fd_sc_hd__clkbuf_8)
    11    0.964894    0.943762    0.521675   12.300240 v clkbuf_1_0_1_clk_i/X (sky130_fd_sc_hd__clkbuf_8)
                                                         clknet_1_0_1_clk_i (net)
                      1.237671    0.426757   12.726996 v clkbuf_leaf_3_clk_i/A (sky130_fd_sc_hd__clkbuf_8)
     4    0.122865    0.152541    0.614900   13.341897 v clkbuf_leaf_3_clk_i/X (sky130_fd_sc_hd__clkbuf_8)
                                                         clknet_leaf_3_clk_i (net)
                      0.205656    0.012004   13.353901 v u_instruction_ram.g_sram[2].u_macro/clk1 (sky130_sram_2kbyte_1rw1r_32x512_8)
     2    0.019077    0.011485    0.480981   13.834881 ^ u_instruction_ram.g_sram[2].u_macro/dout1[7] (sky130_sram_2kbyte_1rw1r_32x512_8)
                                                         u_instruction_ram.dout_r[39] (net)
                      0.008614    0.000755   13.835636 ^ wire4852/A (sky130_fd_sc_hd__buf_2)
     2    0.073480    0.356288    0.301148   14.136784 ^ wire4852/X (sky130_fd_sc_hd__buf_2)
                                                         net4852 (net)
                      0.358125    0.020862   14.157646 ^ wire4850/A (sky130_fd_sc_hd__buf_6)
     1    0.030012    0.072668    0.186147   14.343793 ^ wire4850/X (sky130_fd_sc_hd__buf_6)
                                                         net4850 (net)
                      0.073096    0.004358   14.348151 ^ wire4849/A (sky130_fd_sc_hd__buf_6)
     1    0.044618    0.096306    0.145977   14.494128 ^ wire4849/X (sky130_fd_sc_hd__buf_6)
                                                         net4849 (net)
                      0.097068    0.006851   14.500978 ^ _096099_/A0 (sky130_fd_sc_hd__mux2_4)
     2    0.169673    0.485650    0.434429   14.935408 ^ _096099_/X (sky130_fd_sc_hd__mux2_4)
                                                         _033364_ (net)
                      0.514246    0.091662   15.027070 ^ _096101_/A0 (sky130_fd_sc_hd__mux2_4)
     1    0.063246    0.195066    0.371507   15.398577 ^ _096101_/X (sky130_fd_sc_hd__mux2_4)
                                                         _033366_ (net)
                      0.197501    0.017396   15.415973 ^ _096102_/A1 (sky130_fd_sc_hd__mux2_2)
     1    0.002428    0.045314    0.180314   15.596288 ^ _096102_/X (sky130_fd_sc_hd__mux2_2)
                                                         _033367_ (net)
                      0.045314    0.000048   15.596335 ^ _096103_/A (sky130_fd_sc_hd__clkbuf_1)
     2    0.021415    0.254840    0.227221   15.823556 ^ _096103_/X (sky130_fd_sc_hd__clkbuf_1)
                                                         iram_m0_rdata[7] (net)
                      0.254852    0.001485   15.825041 ^ wire2416/A (sky130_fd_sc_hd__buf_4)
     8    0.097079    0.269607    0.325267   16.150309 ^ wire2416/X (sky130_fd_sc_hd__buf_4)
                                                         net2416 (net)
                      0.272393    0.022117   16.172426 ^ _136653_/B1 (sky130_fd_sc_hd__a221o_2)
     1    0.003524    0.053462    0.202537   16.374962 ^ _136653_/X (sky130_fd_sc_hd__a221o_2)
                                                         _065422_ (net)
                      0.053462    0.000105   16.375067 ^ _136654_/D1 (sky130_fd_sc_hd__a2111o_2)
     2    0.562089    2.590986    1.478929   17.853996 ^ _136654_/X (sky130_fd_sc_hd__a2111o_2)
                                                         _065423_ (net)
                      2.820378    0.590791   18.444788 ^ _136655_/B (sky130_fd_sc_hd__nand2_4)
     2    0.025427    0.353506    0.188827   18.633614 v _136655_/Y (sky130_fd_sc_hd__nand2_4)
                                                         _065424_ (net)
                      0.353512    0.001089   18.634703 v rebuffer7887/A (sky130_fd_sc_hd__buf_2)
     1    0.002997    0.029691    0.239543   18.874247 v rebuffer7887/X (sky130_fd_sc_hd__buf_2)
                                                         net7887 (net)
                      0.029691    0.000094   18.874340 v rebuffer7883/A (sky130_fd_sc_hd__buf_2)
     4    0.021560    0.062633    0.149729   19.024071 v rebuffer7883/X (sky130_fd_sc_hd__buf_2)
                                                         net7883 (net)
                      0.062652    0.001039   19.025108 v _138400_/A2 (sky130_fd_sc_hd__o21ai_2)
     1    0.005143    0.108833    0.123320   19.148430 ^ _138400_/Y (sky130_fd_sc_hd__o21ai_2)
                                                         _067161_ (net)
                      0.108833    0.000153   19.148582 ^ _138401_/A (sky130_fd_sc_hd__inv_2)
     2    0.007401    0.034699    0.049877   19.198458 v _138401_/Y (sky130_fd_sc_hd__inv_2)
                                                         _067162_ (net)
                      0.034699    0.000167   19.198626 v _138673_/B1 (sky130_fd_sc_hd__a221o_2)
     2    0.020253    0.097486    0.388326   19.586952 v _138673_/X (sky130_fd_sc_hd__a221o_2)
                                                         _067433_ (net)
                      0.097489    0.000705   19.587656 v _138674_/A (sky130_fd_sc_hd__nand2_8)
     4    0.055329    0.110586    0.127587   19.715242 ^ _138674_/Y (sky130_fd_sc_hd__nand2_8)
                                                         _067434_ (net)
                      0.110605    0.001162   19.716406 ^ clone14024/A (sky130_fd_sc_hd__clkinvlp_4)
     6    0.050029    0.243668    0.248038   19.964443 v clone14024/Y (sky130_fd_sc_hd__clkinvlp_4)
                                                         net14024 (net)
                      0.243741    0.001627   19.966070 v _139500_/B1 (sky130_fd_sc_hd__o21ai_2)
     2    0.007243    0.126439    0.141906   20.107977 ^ _139500_/Y (sky130_fd_sc_hd__o21ai_2)
                                                         _068257_ (net)
                      0.126439    0.000211   20.108189 ^ _139501_/A0 (sky130_fd_sc_hd__mux2_4)
     1    0.051972    0.162628    0.265503   20.373692 ^ _139501_/X (sky130_fd_sc_hd__mux2_4)
                                                         _068258_ (net)
                      0.163602    0.009514   20.383205 ^ wire703/A (sky130_fd_sc_hd__buf_12)
     3    0.064344    0.084522    0.166253   20.549458 ^ wire703/X (sky130_fd_sc_hd__buf_12)
                                                         net703 (net)
                      0.084768    0.003613   20.553070 ^ rebuffer14003/A (sky130_fd_sc_hd__buf_2)
    13    0.252449    1.206526    0.909596   21.462667 ^ rebuffer14003/X (sky130_fd_sc_hd__buf_2)
                                                         net14003 (net)
                      1.208802    0.043400   21.506067 ^ _144071_/A (sky130_fd_sc_hd__clkbuf_2)
     7    0.050418    0.277648    0.434147   21.940214 ^ _144071_/X (sky130_fd_sc_hd__clkbuf_2)
                                                         _072618_ (net)
                      0.277648    0.001226   21.941439 ^ max_cap685/A (sky130_fd_sc_hd__buf_8)
    13    0.097721    0.163205    0.231450   22.172890 ^ max_cap685/X (sky130_fd_sc_hd__buf_8)
                                                         net685 (net)
                      0.165412    0.015156   22.188046 ^ _144652_/A (sky130_fd_sc_hd__nand2_2)
     1    0.004625    0.050885    0.065681   22.253727 v _144652_/Y (sky130_fd_sc_hd__nand2_2)
                                                         _072975_ (net)
                      0.050885    0.000137   22.253864 v _144653_/C1 (sky130_fd_sc_hd__o221ai_2)
     1    0.003272    0.142404    0.055644   22.309507 ^ _144653_/Y (sky130_fd_sc_hd__o221ai_2)
                                                         _008581_ (net)
                      0.142404    0.000103   22.309610 ^ _196247_/D (sky130_fd_sc_hd__dfrtp_2)
                                             22.309610   data arrival time

                                 20.000000   20.000000   clock clk_i (rise edge)
                                  0.000000   20.000000   clock source latency
     3    0.553677    0.150000    0.000000   20.000000 ^ clk_i (in)
                                                         clk_i (net)
                      1.802483    0.826242   20.826242 ^ clkbuf_regs_0_clk_i/A (sky130_fd_sc_hd__clkbuf_16)
     1    0.008116    0.075231    0.340210   21.166452 ^ clkbuf_regs_0_clk_i/X (sky130_fd_sc_hd__clkbuf_16)
                                                         clk_i_regs (net)
                      0.075231    0.000234   21.166687 ^ clkbuf_0_clk_i_regs/A (sky130_fd_sc_hd__clkbuf_16)
     2    0.111687    0.126029    0.200114   21.366800 ^ clkbuf_0_clk_i_regs/X (sky130_fd_sc_hd__clkbuf_16)
                                                         clknet_0_clk_i_regs (net)
                      0.128021    0.012481   21.379282 ^ clkbuf_1_1_0_clk_i_regs/A (sky130_fd_sc_hd__clkbuf_8)
     1    0.100037    0.177738    0.252358   21.631639 ^ clkbuf_1_1_0_clk_i_regs/X (sky130_fd_sc_hd__clkbuf_8)
                                                         clknet_1_1_0_clk_i_regs (net)
                      0.179155    0.012784   21.644424 ^ clkbuf_1_1_1_clk_i_regs/A (sky130_fd_sc_hd__clkbuf_8)
     2    0.074134    0.137796    0.234945   21.879368 ^ clkbuf_1_1_1_clk_i_regs/X (sky130_fd_sc_hd__clkbuf_8)
                                                         clknet_1_1_1_clk_i_regs (net)
                      0.142326    0.019677   21.899044 ^ clkbuf_2_2_0_clk_i_regs/A (sky130_fd_sc_hd__clkbuf_8)
     2    0.056485    0.109605    0.205407   22.104452 ^ clkbuf_2_2_0_clk_i_regs/X (sky130_fd_sc_hd__clkbuf_8)
                                                         clknet_2_2_0_clk_i_regs (net)
                      0.111952    0.012639   22.117090 ^ clkbuf_3_5_0_clk_i_regs/A (sky130_fd_sc_hd__clkbuf_8)
     4    0.352959    0.597353    0.505073   22.622164 ^ clkbuf_3_5_0_clk_i_regs/X (sky130_fd_sc_hd__clkbuf_8)
                                                         clknet_3_5_0_clk_i_regs (net)
                      0.610878    0.071649   22.693813 ^ clkbuf_4_10_0_clk_i_regs/A (sky130_fd_sc_hd__clkbuf_8)
     2    0.089323    0.164214    0.355728   23.049541 ^ clkbuf_4_10_0_clk_i_regs/X (sky130_fd_sc_hd__clkbuf_8)
                                                         clknet_4_10_0_clk_i_regs (net)
                      0.164689    0.006448   23.055990 ^ clkbuf_5_21_0_clk_i_regs/A (sky130_fd_sc_hd__clkbuf_8)
     4    0.175068    0.301879    0.348630   23.404619 ^ clkbuf_5_21_0_clk_i_regs/X (sky130_fd_sc_hd__clkbuf_8)
                                                         clknet_5_21_0_clk_i_regs (net)
                      0.302974    0.014875   23.419495 ^ clkbuf_7_85__f_clk_i_regs/A (sky130_fd_sc_hd__clkbuf_16)
    30    0.317694    0.326545    0.401039   23.820534 ^ clkbuf_7_85__f_clk_i_regs/X (sky130_fd_sc_hd__clkbuf_16)
                                                         clknet_7_85__leaf_clk_i_regs (net)
                      0.333183    0.037067   23.857601 ^ clkbuf_leaf_286_clk_i_regs/A (sky130_fd_sc_hd__clkbuf_8)
    10    0.034200    0.076573    0.238174   24.095776 ^ clkbuf_leaf_286_clk_i_regs/X (sky130_fd_sc_hd__clkbuf_8)
                                                         clknet_leaf_286_clk_i_regs (net)
                      0.076578    0.000650   24.096426 ^ _196247_/CLK (sky130_fd_sc_hd__dfrtp_2)
                                 -0.250000   23.846426   clock uncertainty
                                  0.000000   23.846426   clock reconvergence pessimism
                                 -0.081281   23.765144   library setup time
                                             23.765144   data required time
---------------------------------------------------------------------------------------------
                                             23.765144   data required time
                                            -22.309610   data arrival time
---------------------------------------------------------------------------------------------
                                              1.455534   slack (MET)


Startpoint: u_instruction_ram.g_sram[2].u_macro
            (falling edge-triggered flip-flop clocked by clk_i)
Endpoint: _196311_ (rising edge-triggered flip-flop clocked by clk_i)
Path Group: clk_i
Path Type: max

Fanout         Cap        Slew       Delay        Time   Description
---------------------------------------------------------------------------------------------
                                 10.000000   10.000000   clock clk_i (fall edge)
                                  0.000000   10.000000   clock source latency
     3    0.551646    0.150000    0.000000   10.000000 v clk_i (in)
                                                         clk_i (net)
                      1.757706    0.803853   10.803853 v clkbuf_0_clk_i/A (sky130_fd_sc_hd__clkbuf_16)
     2    0.114959    0.123871    0.739686   11.543539 v clkbuf_0_clk_i/X (sky130_fd_sc_hd__clkbuf_16)
                                                         clknet_0_clk_i (net)
                      0.124525    0.011698   11.555237 v clkbuf_1_0_0_clk_i/A (sky130_fd_sc_hd__clkbuf_8)
     1    0.057197    0.075753    0.209698   11.764935 v clkbuf_1_0_0_clk_i/X (sky130_fd_sc_hd__clkbuf_8)
                                                         clknet_1_0_0_clk_i (net)
                      0.079852    0.013629   11.778564 v clkbuf_1_0_1_clk_i/A (sky130_fd_sc_hd__clkbuf_8)
    11    0.964894    0.943762    0.521675   12.300240 v clkbuf_1_0_1_clk_i/X (sky130_fd_sc_hd__clkbuf_8)
                                                         clknet_1_0_1_clk_i (net)
                      1.237671    0.426757   12.726996 v clkbuf_leaf_3_clk_i/A (sky130_fd_sc_hd__clkbuf_8)
     4    0.122865    0.152541    0.614900   13.341897 v clkbuf_leaf_3_clk_i/X (sky130_fd_sc_hd__clkbuf_8)
                                                         clknet_leaf_3_clk_i (net)
                      0.205656    0.012004   13.353901 v u_instruction_ram.g_sram[2].u_macro/clk1 (sky130_sram_2kbyte_1rw1r_32x512_8)
     2    0.019077    0.011485    0.480981   13.834881 ^ u_instruction_ram.g_sram[2].u_macro/dout1[7] (sky130_sram_2kbyte_1rw1r_32x512_8)
                                                         u_instruction_ram.dout_r[39] (net)
                      0.008614    0.000755   13.835636 ^ wire4852/A (sky130_fd_sc_hd__buf_2)
     2    0.073480    0.356288    0.301148   14.136784 ^ wire4852/X (sky130_fd_sc_hd__buf_2)
                                                         net4852 (net)
                      0.358125    0.020862   14.157646 ^ wire4850/A (sky130_fd_sc_hd__buf_6)
     1    0.030012    0.072668    0.186147   14.343793 ^ wire4850/X (sky130_fd_sc_hd__buf_6)
                                                         net4850 (net)
                      0.073096    0.004358   14.348151 ^ wire4849/A (sky130_fd_sc_hd__buf_6)
     1    0.044618    0.096306    0.145977   14.494128 ^ wire4849/X (sky130_fd_sc_hd__buf_6)
                                                         net4849 (net)
                      0.097068    0.006851   14.500978 ^ _096099_/A0 (sky130_fd_sc_hd__mux2_4)
     2    0.169673    0.485650    0.434429   14.935408 ^ _096099_/X (sky130_fd_sc_hd__mux2_4)
                                                         _033364_ (net)
                      0.514246    0.091662   15.027070 ^ _096101_/A0 (sky130_fd_sc_hd__mux2_4)
     1    0.063246    0.195066    0.371507   15.398577 ^ _096101_/X (sky130_fd_sc_hd__mux2_4)
                                                         _033366_ (net)
                      0.197501    0.017396   15.415973 ^ _096102_/A1 (sky130_fd_sc_hd__mux2_2)
     1    0.002428    0.045314    0.180314   15.596288 ^ _096102_/X (sky130_fd_sc_hd__mux2_2)
                                                         _033367_ (net)
                      0.045314    0.000048   15.596335 ^ _096103_/A (sky130_fd_sc_hd__clkbuf_1)
     2    0.021415    0.254840    0.227221   15.823556 ^ _096103_/X (sky130_fd_sc_hd__clkbuf_1)
                                                         iram_m0_rdata[7] (net)
                      0.254852    0.001485   15.825041 ^ wire2416/A (sky130_fd_sc_hd__buf_4)
     8    0.097079    0.269607    0.325267   16.150309 ^ wire2416/X (sky130_fd_sc_hd__buf_4)
                                                         net2416 (net)
                      0.272393    0.022117   16.172426 ^ _136653_/B1 (sky130_fd_sc_hd__a221o_2)
     1    0.003524    0.053462    0.202537   16.374962 ^ _136653_/X (sky130_fd_sc_hd__a221o_2)
                                                         _065422_ (net)
                      0.053462    0.000105   16.375067 ^ _136654_/D1 (sky130_fd_sc_hd__a2111o_2)
     2    0.562089    2.590986    1.478929   17.853996 ^ _136654_/X (sky130_fd_sc_hd__a2111o_2)
                                                         _065423_ (net)
                      2.820378    0.590791   18.444788 ^ _136655_/B (sky130_fd_sc_hd__nand2_4)
     2    0.025427    0.353506    0.188827   18.633614 v _136655_/Y (sky130_fd_sc_hd__nand2_4)
                                                         _065424_ (net)
                      0.353512    0.001089   18.634703 v rebuffer7887/A (sky130_fd_sc_hd__buf_2)
     1    0.002997    0.029691    0.239543   18.874247 v rebuffer7887/X (sky130_fd_sc_hd__buf_2)
                                                         net7887 (net)
                      0.029691    0.000094   18.874340 v rebuffer7883/A (sky130_fd_sc_hd__buf_2)
     4    0.021560    0.062633    0.149729   19.024071 v rebuffer7883/X (sky130_fd_sc_hd__buf_2)
                                                         net7883 (net)
                      0.062652    0.001039   19.025108 v _138400_/A2 (sky130_fd_sc_hd__o21ai_2)
     1    0.005143    0.108833    0.123320   19.148430 ^ _138400_/Y (sky130_fd_sc_hd__o21ai_2)
                                                         _067161_ (net)
                      0.108833    0.000153   19.148582 ^ _138401_/A (sky130_fd_sc_hd__inv_2)
     2    0.007401    0.034699    0.049877   19.198458 v _138401_/Y (sky130_fd_sc_hd__inv_2)
                                                         _067162_ (net)
                      0.034699    0.000167   19.198626 v _138673_/B1 (sky130_fd_sc_hd__a221o_2)
     2    0.020253    0.097486    0.388326   19.586952 v _138673_/X (sky130_fd_sc_hd__a221o_2)
                                                         _067433_ (net)
                      0.097489    0.000705   19.587656 v _138674_/A (sky130_fd_sc_hd__nand2_8)
     4    0.055329    0.110586    0.127587   19.715242 ^ _138674_/Y (sky130_fd_sc_hd__nand2_8)
                                                         _067434_ (net)
                      0.110605    0.001162   19.716406 ^ clone14024/A (sky130_fd_sc_hd__clkinvlp_4)
     6    0.050029    0.243668    0.248038   19.964443 v clone14024/Y (sky130_fd_sc_hd__clkinvlp_4)
                                                         net14024 (net)
                      0.243741    0.001627   19.966070 v _139500_/B1 (sky130_fd_sc_hd__o21ai_2)
     2    0.007243    0.126439    0.141906   20.107977 ^ _139500_/Y (sky130_fd_sc_hd__o21ai_2)
                                                         _068257_ (net)
                      0.126439    0.000211   20.108189 ^ _139501_/A0 (sky130_fd_sc_hd__mux2_4)
     1    0.051972    0.162628    0.265503   20.373692 ^ _139501_/X (sky130_fd_sc_hd__mux2_4)
                                                         _068258_ (net)
                      0.163602    0.009514   20.383205 ^ wire703/A (sky130_fd_sc_hd__buf_12)
     3    0.064344    0.084522    0.166253   20.549458 ^ wire703/X (sky130_fd_sc_hd__buf_12)
                                                         net703 (net)
                      0.084768    0.003613   20.553070 ^ rebuffer14003/A (sky130_fd_sc_hd__buf_2)
    13    0.252449    1.206526    0.909596   21.462667 ^ rebuffer14003/X (sky130_fd_sc_hd__buf_2)
                                                         net14003 (net)
                      1.208802    0.043400   21.506067 ^ _144071_/A (sky130_fd_sc_hd__clkbuf_2)
     7    0.050418    0.277648    0.434147   21.940214 ^ _144071_/X (sky130_fd_sc_hd__clkbuf_2)
                                                         _072618_ (net)
                      0.277648    0.001226   21.941439 ^ max_cap685/A (sky130_fd_sc_hd__buf_8)
    13    0.097721    0.163205    0.231450   22.172890 ^ max_cap685/X (sky130_fd_sc_hd__buf_8)
                                                         net685 (net)
                      0.165601    0.015772   22.188662 ^ _144808_/A (sky130_fd_sc_hd__nand2_2)
     1    0.004363    0.050151    0.064595   22.253258 v _144808_/Y (sky130_fd_sc_hd__nand2_2)
                                                         _073067_ (net)
                      0.050151    0.000087   22.253345 v _144809_/C1 (sky130_fd_sc_hd__o221ai_2)
     1    0.002753    0.137111    0.053374   22.306719 ^ _144809_/Y (sky130_fd_sc_hd__o221ai_2)
                                                         _008645_ (net)
                      0.137111    0.000083   22.306803 ^ _196311_/D (sky130_fd_sc_hd__dfrtp_2)
                                             22.306803   data arrival time

                                 20.000000   20.000000   clock clk_i (rise edge)
                                  0.000000   20.000000   clock source latency
     3    0.553677    0.150000    0.000000   20.000000 ^ clk_i (in)
                                                         clk_i (net)
                      1.802483    0.826242   20.826242 ^ clkbuf_regs_0_clk_i/A (sky130_fd_sc_hd__clkbuf_16)
     1    0.008116    0.075231    0.340210   21.166452 ^ clkbuf_regs_0_clk_i/X (sky130_fd_sc_hd__clkbuf_16)
                                                         clk_i_regs (net)
                      0.075231    0.000234   21.166687 ^ clkbuf_0_clk_i_regs/A (sky130_fd_sc_hd__clkbuf_16)
     2    0.111687    0.126029    0.200114   21.366800 ^ clkbuf_0_clk_i_regs/X (sky130_fd_sc_hd__clkbuf_16)
                                                         clknet_0_clk_i_regs (net)
                      0.128021    0.012481   21.379282 ^ clkbuf_1_1_0_clk_i_regs/A (sky130_fd_sc_hd__clkbuf_8)
     1    0.100037    0.177738    0.252358   21.631639 ^ clkbuf_1_1_0_clk_i_regs/X (sky130_fd_sc_hd__clkbuf_8)
                                                         clknet_1_1_0_clk_i_regs (net)
                      0.179155    0.012784   21.644424 ^ clkbuf_1_1_1_clk_i_regs/A (sky130_fd_sc_hd__clkbuf_8)
     2    0.074134    0.137796    0.234945   21.879368 ^ clkbuf_1_1_1_clk_i_regs/X (sky130_fd_sc_hd__clkbuf_8)
                                                         clknet_1_1_1_clk_i_regs (net)
                      0.142326    0.019677   21.899044 ^ clkbuf_2_2_0_clk_i_regs/A (sky130_fd_sc_hd__clkbuf_8)
     2    0.056485    0.109605    0.205407   22.104452 ^ clkbuf_2_2_0_clk_i_regs/X (sky130_fd_sc_hd__clkbuf_8)
                                                         clknet_2_2_0_clk_i_regs (net)
                      0.111952    0.012639   22.117090 ^ clkbuf_3_5_0_clk_i_regs/A (sky130_fd_sc_hd__clkbuf_8)
     4    0.352959    0.597353    0.505073   22.622164 ^ clkbuf_3_5_0_clk_i_regs/X (sky130_fd_sc_hd__clkbuf_8)
                                                         clknet_3_5_0_clk_i_regs (net)
                      0.610878    0.071649   22.693813 ^ clkbuf_4_10_0_clk_i_regs/A (sky130_fd_sc_hd__clkbuf_8)
     2    0.089323    0.164214    0.355728   23.049541 ^ clkbuf_4_10_0_clk_i_regs/X (sky130_fd_sc_hd__clkbuf_8)
                                                         clknet_4_10_0_clk_i_regs (net)
                      0.164689    0.006448   23.055990 ^ clkbuf_5_21_0_clk_i_regs/A (sky130_fd_sc_hd__clkbuf_8)
     4    0.175068    0.301879    0.348630   23.404619 ^ clkbuf_5_21_0_clk_i_regs/X (sky130_fd_sc_hd__clkbuf_8)
                                                         clknet_5_21_0_clk_i_regs (net)
                      0.302974    0.014875   23.419495 ^ clkbuf_7_85__f_clk_i_regs/A (sky130_fd_sc_hd__clkbuf_16)
    30    0.317694    0.326545    0.401039   23.820534 ^ clkbuf_7_85__f_clk_i_regs/X (sky130_fd_sc_hd__clkbuf_16)
                                                         clknet_7_85__leaf_clk_i_regs (net)
                      0.333183    0.037067   23.857601 ^ clkbuf_leaf_286_clk_i_regs/A (sky130_fd_sc_hd__clkbuf_8)
    10    0.034200    0.076573    0.238174   24.095776 ^ clkbuf_leaf_286_clk_i_regs/X (sky130_fd_sc_hd__clkbuf_8)
                                                         clknet_leaf_286_clk_i_regs (net)
                      0.076577    0.000595   24.096371 ^ _196311_/CLK (sky130_fd_sc_hd__dfrtp_2)
                                 -0.250000   23.846371   clock uncertainty
                                  0.000000   23.846371   clock reconvergence pessimism
                                 -0.080053   23.766317   library setup time
                                             23.766317   data required time
---------------------------------------------------------------------------------------------
                                             23.766317   data required time
                                            -22.306803   data arrival time
---------------------------------------------------------------------------------------------
                                              1.459515   slack (MET)


Startpoint: u_instruction_ram.g_sram[2].u_macro
            (falling edge-triggered flip-flop clocked by clk_i)
Endpoint: _196215_ (rising edge-triggered flip-flop clocked by clk_i)
Path Group: clk_i
Path Type: max

Fanout         Cap        Slew       Delay        Time   Description
---------------------------------------------------------------------------------------------
                                 10.000000   10.000000   clock clk_i (fall edge)
                                  0.000000   10.000000   clock source latency
     3    0.551646    0.150000    0.000000   10.000000 v clk_i (in)
                                                         clk_i (net)
                      1.757706    0.803853   10.803853 v clkbuf_0_clk_i/A (sky130_fd_sc_hd__clkbuf_16)
     2    0.114959    0.123871    0.739686   11.543539 v clkbuf_0_clk_i/X (sky130_fd_sc_hd__clkbuf_16)
                                                         clknet_0_clk_i (net)
                      0.124525    0.011698   11.555237 v clkbuf_1_0_0_clk_i/A (sky130_fd_sc_hd__clkbuf_8)
     1    0.057197    0.075753    0.209698   11.764935 v clkbuf_1_0_0_clk_i/X (sky130_fd_sc_hd__clkbuf_8)
                                                         clknet_1_0_0_clk_i (net)
                      0.079852    0.013629   11.778564 v clkbuf_1_0_1_clk_i/A (sky130_fd_sc_hd__clkbuf_8)
    11    0.964894    0.943762    0.521675   12.300240 v clkbuf_1_0_1_clk_i/X (sky130_fd_sc_hd__clkbuf_8)
                                                         clknet_1_0_1_clk_i (net)
                      1.237671    0.426757   12.726996 v clkbuf_leaf_3_clk_i/A (sky130_fd_sc_hd__clkbuf_8)
     4    0.122865    0.152541    0.614900   13.341897 v clkbuf_leaf_3_clk_i/X (sky130_fd_sc_hd__clkbuf_8)
                                                         clknet_leaf_3_clk_i (net)
                      0.205656    0.012004   13.353901 v u_instruction_ram.g_sram[2].u_macro/clk1 (sky130_sram_2kbyte_1rw1r_32x512_8)
     2    0.019077    0.011485    0.480981   13.834881 ^ u_instruction_ram.g_sram[2].u_macro/dout1[7] (sky130_sram_2kbyte_1rw1r_32x512_8)
                                                         u_instruction_ram.dout_r[39] (net)
                      0.008614    0.000755   13.835636 ^ wire4852/A (sky130_fd_sc_hd__buf_2)
     2    0.073480    0.356288    0.301148   14.136784 ^ wire4852/X (sky130_fd_sc_hd__buf_2)
                                                         net4852 (net)
                      0.358125    0.020862   14.157646 ^ wire4850/A (sky130_fd_sc_hd__buf_6)
     1    0.030012    0.072668    0.186147   14.343793 ^ wire4850/X (sky130_fd_sc_hd__buf_6)
                                                         net4850 (net)
                      0.073096    0.004358   14.348151 ^ wire4849/A (sky130_fd_sc_hd__buf_6)
     1    0.044618    0.096306    0.145977   14.494128 ^ wire4849/X (sky130_fd_sc_hd__buf_6)
                                                         net4849 (net)
                      0.097068    0.006851   14.500978 ^ _096099_/A0 (sky130_fd_sc_hd__mux2_4)
     2    0.169673    0.485650    0.434429   14.935408 ^ _096099_/X (sky130_fd_sc_hd__mux2_4)
                                                         _033364_ (net)
                      0.514246    0.091662   15.027070 ^ _096101_/A0 (sky130_fd_sc_hd__mux2_4)
     1    0.063246    0.195066    0.371507   15.398577 ^ _096101_/X (sky130_fd_sc_hd__mux2_4)
                                                         _033366_ (net)
                      0.197501    0.017396   15.415973 ^ _096102_/A1 (sky130_fd_sc_hd__mux2_2)
     1    0.002428    0.045314    0.180314   15.596288 ^ _096102_/X (sky130_fd_sc_hd__mux2_2)
                                                         _033367_ (net)
                      0.045314    0.000048   15.596335 ^ _096103_/A (sky130_fd_sc_hd__clkbuf_1)
     2    0.021415    0.254840    0.227221   15.823556 ^ _096103_/X (sky130_fd_sc_hd__clkbuf_1)
                                                         iram_m0_rdata[7] (net)
                      0.254852    0.001485   15.825041 ^ wire2416/A (sky130_fd_sc_hd__buf_4)
     8    0.097079    0.269607    0.325267   16.150309 ^ wire2416/X (sky130_fd_sc_hd__buf_4)
                                                         net2416 (net)
                      0.272393    0.022117   16.172426 ^ _136653_/B1 (sky130_fd_sc_hd__a221o_2)
     1    0.003524    0.053462    0.202537   16.374962 ^ _136653_/X (sky130_fd_sc_hd__a221o_2)
                                                         _065422_ (net)
                      0.053462    0.000105   16.375067 ^ _136654_/D1 (sky130_fd_sc_hd__a2111o_2)
     2    0.562089    2.590986    1.478929   17.853996 ^ _136654_/X (sky130_fd_sc_hd__a2111o_2)
                                                         _065423_ (net)
                      2.820378    0.590791   18.444788 ^ _136655_/B (sky130_fd_sc_hd__nand2_4)
     2    0.025427    0.353506    0.188827   18.633614 v _136655_/Y (sky130_fd_sc_hd__nand2_4)
                                                         _065424_ (net)
                      0.353512    0.001089   18.634703 v rebuffer7887/A (sky130_fd_sc_hd__buf_2)
     1    0.002997    0.029691    0.239543   18.874247 v rebuffer7887/X (sky130_fd_sc_hd__buf_2)
                                                         net7887 (net)
                      0.029691    0.000094   18.874340 v rebuffer7883/A (sky130_fd_sc_hd__buf_2)
     4    0.021560    0.062633    0.149729   19.024071 v rebuffer7883/X (sky130_fd_sc_hd__buf_2)
                                                         net7883 (net)
                      0.062652    0.001039   19.025108 v _138400_/A2 (sky130_fd_sc_hd__o21ai_2)
     1    0.005143    0.108833    0.123320   19.148430 ^ _138400_/Y (sky130_fd_sc_hd__o21ai_2)
                                                         _067161_ (net)
                      0.108833    0.000153   19.148582 ^ _138401_/A (sky130_fd_sc_hd__inv_2)
     2    0.007401    0.034699    0.049877   19.198458 v _138401_/Y (sky130_fd_sc_hd__inv_2)
                                                         _067162_ (net)
                      0.034699    0.000167   19.198626 v _138673_/B1 (sky130_fd_sc_hd__a221o_2)
     2    0.020253    0.097486    0.388326   19.586952 v _138673_/X (sky130_fd_sc_hd__a221o_2)
                                                         _067433_ (net)
                      0.097489    0.000705   19.587656 v _138674_/A (sky130_fd_sc_hd__nand2_8)
     4    0.055329    0.110586    0.127587   19.715242 ^ _138674_/Y (sky130_fd_sc_hd__nand2_8)
                                                         _067434_ (net)
                      0.110605    0.001162   19.716406 ^ clone14024/A (sky130_fd_sc_hd__clkinvlp_4)
     6    0.050029    0.243668    0.248038   19.964443 v clone14024/Y (sky130_fd_sc_hd__clkinvlp_4)
                                                         net14024 (net)
                      0.243741    0.001627   19.966070 v _139500_/B1 (sky130_fd_sc_hd__o21ai_2)
     2    0.007243    0.126439    0.141906   20.107977 ^ _139500_/Y (sky130_fd_sc_hd__o21ai_2)
                                                         _068257_ (net)
                      0.126439    0.000211   20.108189 ^ _139501_/A0 (sky130_fd_sc_hd__mux2_4)
     1    0.051972    0.162628    0.265503   20.373692 ^ _139501_/X (sky130_fd_sc_hd__mux2_4)
                                                         _068258_ (net)
                      0.163602    0.009514   20.383205 ^ wire703/A (sky130_fd_sc_hd__buf_12)
     3    0.064344    0.084522    0.166253   20.549458 ^ wire703/X (sky130_fd_sc_hd__buf_12)
                                                         net703 (net)
                      0.084768    0.003613   20.553070 ^ rebuffer14003/A (sky130_fd_sc_hd__buf_2)
    13    0.252449    1.206526    0.909596   21.462667 ^ rebuffer14003/X (sky130_fd_sc_hd__buf_2)
                                                         net14003 (net)
                      1.208802    0.043400   21.506067 ^ _144071_/A (sky130_fd_sc_hd__clkbuf_2)
     7    0.050418    0.277648    0.434147   21.940214 ^ _144071_/X (sky130_fd_sc_hd__clkbuf_2)
                                                         _072618_ (net)
                      0.277648    0.001226   21.941439 ^ max_cap685/A (sky130_fd_sc_hd__buf_8)
    13    0.097721    0.163205    0.231450   22.172890 ^ max_cap685/X (sky130_fd_sc_hd__buf_8)
                                                         net685 (net)
                      0.165372    0.015023   22.187912 ^ _144577_/A (sky130_fd_sc_hd__nand2_2)
     1    0.004864    0.051572    0.066695   22.254608 v _144577_/Y (sky130_fd_sc_hd__nand2_2)
                                                         _072932_ (net)
                      0.051572    0.000149   22.254757 v _144578_/C1 (sky130_fd_sc_hd__o221ai_2)
     1    0.002432    0.133730    0.052792   22.307549 ^ _144578_/Y (sky130_fd_sc_hd__o221ai_2)
                                                         _008549_ (net)
                      0.133730    0.000069   22.307617 ^ _196215_/D (sky130_fd_sc_hd__dfrtp_2)
                                             22.307617   data arrival time

                                 20.000000   20.000000   clock clk_i (rise edge)
                                  0.000000   20.000000   clock source latency
     3    0.553677    0.150000    0.000000   20.000000 ^ clk_i (in)
                                                         clk_i (net)
                      1.802483    0.826242   20.826242 ^ clkbuf_regs_0_clk_i/A (sky130_fd_sc_hd__clkbuf_16)
     1    0.008116    0.075231    0.340210   21.166452 ^ clkbuf_regs_0_clk_i/X (sky130_fd_sc_hd__clkbuf_16)
                                                         clk_i_regs (net)
                      0.075231    0.000234   21.166687 ^ clkbuf_0_clk_i_regs/A (sky130_fd_sc_hd__clkbuf_16)
     2    0.111687    0.126029    0.200114   21.366800 ^ clkbuf_0_clk_i_regs/X (sky130_fd_sc_hd__clkbuf_16)
                                                         clknet_0_clk_i_regs (net)
                      0.128021    0.012481   21.379282 ^ clkbuf_1_1_0_clk_i_regs/A (sky130_fd_sc_hd__clkbuf_8)
     1    0.100037    0.177738    0.252358   21.631639 ^ clkbuf_1_1_0_clk_i_regs/X (sky130_fd_sc_hd__clkbuf_8)
                                                         clknet_1_1_0_clk_i_regs (net)
                      0.179155    0.012784   21.644424 ^ clkbuf_1_1_1_clk_i_regs/A (sky130_fd_sc_hd__clkbuf_8)
     2    0.074134    0.137796    0.234945   21.879368 ^ clkbuf_1_1_1_clk_i_regs/X (sky130_fd_sc_hd__clkbuf_8)
                                                         clknet_1_1_1_clk_i_regs (net)
                      0.142326    0.019677   21.899044 ^ clkbuf_2_2_0_clk_i_regs/A (sky130_fd_sc_hd__clkbuf_8)
     2    0.056485    0.109605    0.205407   22.104452 ^ clkbuf_2_2_0_clk_i_regs/X (sky130_fd_sc_hd__clkbuf_8)
                                                         clknet_2_2_0_clk_i_regs (net)
                      0.111952    0.012639   22.117090 ^ clkbuf_3_5_0_clk_i_regs/A (sky130_fd_sc_hd__clkbuf_8)
     4    0.352959    0.597353    0.505073   22.622164 ^ clkbuf_3_5_0_clk_i_regs/X (sky130_fd_sc_hd__clkbuf_8)
                                                         clknet_3_5_0_clk_i_regs (net)
                      0.610878    0.071649   22.693813 ^ clkbuf_4_10_0_clk_i_regs/A (sky130_fd_sc_hd__clkbuf_8)
     2    0.089323    0.164214    0.355728   23.049541 ^ clkbuf_4_10_0_clk_i_regs/X (sky130_fd_sc_hd__clkbuf_8)
                                                         clknet_4_10_0_clk_i_regs (net)
                      0.164689    0.006448   23.055990 ^ clkbuf_5_21_0_clk_i_regs/A (sky130_fd_sc_hd__clkbuf_8)
     4    0.175068    0.301879    0.348630   23.404619 ^ clkbuf_5_21_0_clk_i_regs/X (sky130_fd_sc_hd__clkbuf_8)
                                                         clknet_5_21_0_clk_i_regs (net)
                      0.302974    0.014875   23.419495 ^ clkbuf_7_85__f_clk_i_regs/A (sky130_fd_sc_hd__clkbuf_16)
    30    0.317694    0.326545    0.401039   23.820534 ^ clkbuf_7_85__f_clk_i_regs/X (sky130_fd_sc_hd__clkbuf_16)
                                                         clknet_7_85__leaf_clk_i_regs (net)
                      0.333183    0.037067   23.857601 ^ clkbuf_leaf_286_clk_i_regs/A (sky130_fd_sc_hd__clkbuf_8)
    10    0.034200    0.076573    0.238174   24.095776 ^ clkbuf_leaf_286_clk_i_regs/X (sky130_fd_sc_hd__clkbuf_8)
                                                         clknet_leaf_286_clk_i_regs (net)
                      0.076578    0.000682   24.096457 ^ _196215_/CLK (sky130_fd_sc_hd__dfrtp_2)
                                 -0.250000   23.846458   clock uncertainty
                                  0.000000   23.846458   clock reconvergence pessimism
                                 -0.079268   23.767189   library setup time
                                             23.767189   data required time
---------------------------------------------------------------------------------------------
                                             23.767189   data required time
                                            -22.307617   data arrival time
---------------------------------------------------------------------------------------------
                                              1.459572   slack (MET)


Startpoint: u_instruction_ram.g_sram[2].u_macro
            (falling edge-triggered flip-flop clocked by clk_i)
Endpoint: _195921_ (rising edge-triggered flip-flop clocked by clk_i)
Path Group: clk_i
Path Type: max

Fanout         Cap        Slew       Delay        Time   Description
---------------------------------------------------------------------------------------------
                                 10.000000   10.000000   clock clk_i (fall edge)
                                  0.000000   10.000000   clock source latency
     3    0.551646    0.150000    0.000000   10.000000 v clk_i (in)
                                                         clk_i (net)
                      1.757706    0.803853   10.803853 v clkbuf_0_clk_i/A (sky130_fd_sc_hd__clkbuf_16)
     2    0.114959    0.123871    0.739686   11.543539 v clkbuf_0_clk_i/X (sky130_fd_sc_hd__clkbuf_16)
                                                         clknet_0_clk_i (net)
                      0.124525    0.011698   11.555237 v clkbuf_1_0_0_clk_i/A (sky130_fd_sc_hd__clkbuf_8)
     1    0.057197    0.075753    0.209698   11.764935 v clkbuf_1_0_0_clk_i/X (sky130_fd_sc_hd__clkbuf_8)
                                                         clknet_1_0_0_clk_i (net)
                      0.079852    0.013629   11.778564 v clkbuf_1_0_1_clk_i/A (sky130_fd_sc_hd__clkbuf_8)
    11    0.964894    0.943762    0.521675   12.300240 v clkbuf_1_0_1_clk_i/X (sky130_fd_sc_hd__clkbuf_8)
                                                         clknet_1_0_1_clk_i (net)
                      1.237671    0.426757   12.726996 v clkbuf_leaf_3_clk_i/A (sky130_fd_sc_hd__clkbuf_8)
     4    0.122865    0.152541    0.614900   13.341897 v clkbuf_leaf_3_clk_i/X (sky130_fd_sc_hd__clkbuf_8)
                                                         clknet_leaf_3_clk_i (net)
                      0.205656    0.012004   13.353901 v u_instruction_ram.g_sram[2].u_macro/clk1 (sky130_sram_2kbyte_1rw1r_32x512_8)
     2    0.019077    0.011485    0.480981   13.834881 ^ u_instruction_ram.g_sram[2].u_macro/dout1[7] (sky130_sram_2kbyte_1rw1r_32x512_8)
                                                         u_instruction_ram.dout_r[39] (net)
                      0.008614    0.000755   13.835636 ^ wire4852/A (sky130_fd_sc_hd__buf_2)
     2    0.073480    0.356288    0.301148   14.136784 ^ wire4852/X (sky130_fd_sc_hd__buf_2)
                                                         net4852 (net)
                      0.358125    0.020862   14.157646 ^ wire4850/A (sky130_fd_sc_hd__buf_6)
     1    0.030012    0.072668    0.186147   14.343793 ^ wire4850/X (sky130_fd_sc_hd__buf_6)
                                                         net4850 (net)
                      0.073096    0.004358   14.348151 ^ wire4849/A (sky130_fd_sc_hd__buf_6)
     1    0.044618    0.096306    0.145977   14.494128 ^ wire4849/X (sky130_fd_sc_hd__buf_6)
                                                         net4849 (net)
                      0.097068    0.006851   14.500978 ^ _096099_/A0 (sky130_fd_sc_hd__mux2_4)
     2    0.169673    0.485650    0.434429   14.935408 ^ _096099_/X (sky130_fd_sc_hd__mux2_4)
                                                         _033364_ (net)
                      0.514246    0.091662   15.027070 ^ _096101_/A0 (sky130_fd_sc_hd__mux2_4)
     1    0.063246    0.195066    0.371507   15.398577 ^ _096101_/X (sky130_fd_sc_hd__mux2_4)
                                                         _033366_ (net)
                      0.197501    0.017396   15.415973 ^ _096102_/A1 (sky130_fd_sc_hd__mux2_2)
     1    0.002428    0.045314    0.180314   15.596288 ^ _096102_/X (sky130_fd_sc_hd__mux2_2)
                                                         _033367_ (net)
                      0.045314    0.000048   15.596335 ^ _096103_/A (sky130_fd_sc_hd__clkbuf_1)
     2    0.021415    0.254840    0.227221   15.823556 ^ _096103_/X (sky130_fd_sc_hd__clkbuf_1)
                                                         iram_m0_rdata[7] (net)
                      0.254852    0.001485   15.825041 ^ wire2416/A (sky130_fd_sc_hd__buf_4)
     8    0.097079    0.269607    0.325267   16.150309 ^ wire2416/X (sky130_fd_sc_hd__buf_4)
                                                         net2416 (net)
                      0.272393    0.022117   16.172426 ^ _136653_/B1 (sky130_fd_sc_hd__a221o_2)
     1    0.003524    0.053462    0.202537   16.374962 ^ _136653_/X (sky130_fd_sc_hd__a221o_2)
                                                         _065422_ (net)
                      0.053462    0.000105   16.375067 ^ _136654_/D1 (sky130_fd_sc_hd__a2111o_2)
     2    0.562089    2.590986    1.478929   17.853996 ^ _136654_/X (sky130_fd_sc_hd__a2111o_2)
                                                         _065423_ (net)
                      2.820378    0.590791   18.444788 ^ _136655_/B (sky130_fd_sc_hd__nand2_4)
     2    0.025427    0.353506    0.188827   18.633614 v _136655_/Y (sky130_fd_sc_hd__nand2_4)
                                                         _065424_ (net)
                      0.353512    0.001089   18.634703 v rebuffer7887/A (sky130_fd_sc_hd__buf_2)
     1    0.002997    0.029691    0.239543   18.874247 v rebuffer7887/X (sky130_fd_sc_hd__buf_2)
                                                         net7887 (net)
                      0.029691    0.000094   18.874340 v rebuffer7883/A (sky130_fd_sc_hd__buf_2)
     4    0.021560    0.062633    0.149729   19.024071 v rebuffer7883/X (sky130_fd_sc_hd__buf_2)
                                                         net7883 (net)
                      0.062652    0.001039   19.025108 v _138400_/A2 (sky130_fd_sc_hd__o21ai_2)
     1    0.005143    0.108833    0.123320   19.148430 ^ _138400_/Y (sky130_fd_sc_hd__o21ai_2)
                                                         _067161_ (net)
                      0.108833    0.000153   19.148582 ^ _138401_/A (sky130_fd_sc_hd__inv_2)
     2    0.007401    0.034699    0.049877   19.198458 v _138401_/Y (sky130_fd_sc_hd__inv_2)
                                                         _067162_ (net)
                      0.034699    0.000167   19.198626 v _138673_/B1 (sky130_fd_sc_hd__a221o_2)
     2    0.020253    0.097486    0.388326   19.586952 v _138673_/X (sky130_fd_sc_hd__a221o_2)
                                                         _067433_ (net)
                      0.097489    0.000705   19.587656 v _138674_/A (sky130_fd_sc_hd__nand2_8)
     4    0.055329    0.110586    0.127587   19.715242 ^ _138674_/Y (sky130_fd_sc_hd__nand2_8)
                                                         _067434_ (net)
                      0.110605    0.001162   19.716406 ^ clone14024/A (sky130_fd_sc_hd__clkinvlp_4)
     6    0.050029    0.243668    0.248038   19.964443 v clone14024/Y (sky130_fd_sc_hd__clkinvlp_4)
                                                         net14024 (net)
                      0.243751    0.002071   19.966515 v rebuffer7864/A (sky130_fd_sc_hd__buf_2)
     1    0.005131    0.031398    0.208583   20.175098 v rebuffer7864/X (sky130_fd_sc_hd__buf_2)
                                                         net7864 (net)
                      0.031398    0.000158   20.175257 v _139235_/B1 (sky130_fd_sc_hd__o21ai_2)
     2    0.004641    0.101458    0.049210   20.224466 ^ _139235_/Y (sky130_fd_sc_hd__o21ai_2)
                                                         _067993_ (net)
                      0.101458    0.000101   20.224567 ^ _139236_/A0 (sky130_fd_sc_hd__mux2_2)
     1    0.062357    0.322920    0.371731   20.596298 ^ _139236_/X (sky130_fd_sc_hd__mux2_2)
                                                         _067994_ (net)
                      0.323179    0.007544   20.603844 ^ wire704/A (sky130_fd_sc_hd__buf_12)
    15    0.329514    0.371022    0.321917   20.925760 ^ wire704/X (sky130_fd_sc_hd__buf_12)
                                                         net704 (net)
                      0.400475    0.079565   21.005323 ^ _139243_/A1 (sky130_fd_sc_hd__a21oi_2)
     1    0.005524    0.089119    0.104366   21.109690 v _139243_/Y (sky130_fd_sc_hd__a21oi_2)
                                                         _068001_ (net)
                      0.089119    0.000123   21.109814 v _139244_/B1 (sky130_fd_sc_hd__o21ai_2)
     3    0.033433    0.399157    0.180092   21.289906 ^ _139244_/Y (sky130_fd_sc_hd__o21ai_2)
                                                         _068002_ (net)
                      0.399184    0.002668   21.292574 ^ _139269_/A (sky130_fd_sc_hd__nand3_2)
     2    0.033891    0.241329    0.279433   21.572006 v _139269_/Y (sky130_fd_sc_hd__nand3_2)
                                                         _068027_ (net)
                      0.241436    0.004048   21.576056 v _143772_/B (sky130_fd_sc_hd__nand2_4)
     1    0.026661    0.115518    0.188708   21.764763 ^ _143772_/Y (sky130_fd_sc_hd__nand2_4)
                                                         _072421_ (net)
                      0.115593    0.002416   21.767179 ^ _143773_/A (sky130_fd_sc_hd__nand2_2)
     1    0.025674    0.184901    0.124835   21.892014 v _143773_/Y (sky130_fd_sc_hd__nand2_2)
                                                         _072422_ (net)
                      0.184903    0.000853   21.892866 v _143774_/B1 (sky130_fd_sc_hd__o21ai_2)
     1    0.002870    0.095001    0.096167   21.989033 ^ _143774_/Y (sky130_fd_sc_hd__o21ai_2)
                                                         _008255_ (net)
                      0.095001    0.000087   21.989120 ^ _195921_/D (sky130_fd_sc_hd__dfrtp_2)
                                             21.989120   data arrival time

                                 20.000000   20.000000   clock clk_i (rise edge)
                                  0.000000   20.000000   clock source latency
     3    0.553677    0.150000    0.000000   20.000000 ^ clk_i (in)
                                                         clk_i (net)
                      1.802483    0.826242   20.826242 ^ clkbuf_regs_0_clk_i/A (sky130_fd_sc_hd__clkbuf_16)
     1    0.008116    0.075231    0.340210   21.166452 ^ clkbuf_regs_0_clk_i/X (sky130_fd_sc_hd__clkbuf_16)
                                                         clk_i_regs (net)
                      0.075231    0.000234   21.166687 ^ clkbuf_0_clk_i_regs/A (sky130_fd_sc_hd__clkbuf_16)
     2    0.111687    0.126029    0.200114   21.366800 ^ clkbuf_0_clk_i_regs/X (sky130_fd_sc_hd__clkbuf_16)
                                                         clknet_0_clk_i_regs (net)
                      0.128021    0.012481   21.379282 ^ clkbuf_1_1_0_clk_i_regs/A (sky130_fd_sc_hd__clkbuf_8)
     1    0.100037    0.177738    0.252358   21.631639 ^ clkbuf_1_1_0_clk_i_regs/X (sky130_fd_sc_hd__clkbuf_8)
                                                         clknet_1_1_0_clk_i_regs (net)
                      0.179155    0.012784   21.644424 ^ clkbuf_1_1_1_clk_i_regs/A (sky130_fd_sc_hd__clkbuf_8)
     2    0.074134    0.137796    0.234945   21.879368 ^ clkbuf_1_1_1_clk_i_regs/X (sky130_fd_sc_hd__clkbuf_8)
                                                         clknet_1_1_1_clk_i_regs (net)
                      0.142326    0.019677   21.899044 ^ clkbuf_2_2_0_clk_i_regs/A (sky130_fd_sc_hd__clkbuf_8)
     2    0.056485    0.109605    0.205407   22.104452 ^ clkbuf_2_2_0_clk_i_regs/X (sky130_fd_sc_hd__clkbuf_8)
                                                         clknet_2_2_0_clk_i_regs (net)
                      0.111952    0.012639   22.117090 ^ clkbuf_3_5_0_clk_i_regs/A (sky130_fd_sc_hd__clkbuf_8)
     4    0.352959    0.597353    0.505073   22.622164 ^ clkbuf_3_5_0_clk_i_regs/X (sky130_fd_sc_hd__clkbuf_8)
                                                         clknet_3_5_0_clk_i_regs (net)
                      0.610669    0.071120   22.693285 ^ clkbuf_4_11_0_clk_i_regs/A (sky130_fd_sc_hd__clkbuf_8)
     2    0.098378    0.180201    0.358005   23.051289 ^ clkbuf_4_11_0_clk_i_regs/X (sky130_fd_sc_hd__clkbuf_8)
                                                         clknet_4_11_0_clk_i_regs (net)
                      0.183715    0.019959   23.071249 ^ clkbuf_5_22_0_clk_i_regs/A (sky130_fd_sc_hd__clkbuf_8)
     4    0.122540    0.213900    0.299382   23.370630 ^ clkbuf_5_22_0_clk_i_regs/X (sky130_fd_sc_hd__clkbuf_8)
                                                         clknet_5_22_0_clk_i_regs (net)
                      0.213941    0.002494   23.373125 ^ clkbuf_7_90__f_clk_i_regs/A (sky130_fd_sc_hd__clkbuf_16)
    13    0.155750    0.168554    0.277609   23.650734 ^ clkbuf_7_90__f_clk_i_regs/X (sky130_fd_sc_hd__clkbuf_16)
                                                         clknet_7_90__leaf_clk_i_regs (net)
                      0.169295    0.008979   23.659714 ^ clkbuf_leaf_470_clk_i_regs/A (sky130_fd_sc_hd__clkbuf_8)
     5    0.030497    0.067896    0.188340   23.848053 ^ clkbuf_leaf_470_clk_i_regs/X (sky130_fd_sc_hd__clkbuf_8)
                                                         clknet_leaf_470_clk_i_regs (net)
                      0.067900    0.000636   23.848688 ^ _195921_/CLK (sky130_fd_sc_hd__dfrtp_2)
                                 -0.250000   23.598690   clock uncertainty
                                  0.000000   23.598690   clock reconvergence pessimism
                                 -0.071627   23.527061   library setup time
                                             23.527061   data required time
---------------------------------------------------------------------------------------------
                                             23.527061   data required time
                                            -21.989120   data arrival time
---------------------------------------------------------------------------------------------
                                              1.537941   slack (MET)


Startpoint: u_instruction_ram.g_sram[2].u_macro
            (falling edge-triggered flip-flop clocked by clk_i)
Endpoint: _196600_ (rising edge-triggered flip-flop clocked by clk_i)
Path Group: clk_i
Path Type: max

Fanout         Cap        Slew       Delay        Time   Description
---------------------------------------------------------------------------------------------
                                 10.000000   10.000000   clock clk_i (fall edge)
                                  0.000000   10.000000   clock source latency
     3    0.551646    0.150000    0.000000   10.000000 v clk_i (in)
                                                         clk_i (net)
                      1.757706    0.803853   10.803853 v clkbuf_0_clk_i/A (sky130_fd_sc_hd__clkbuf_16)
     2    0.114959    0.123871    0.739686   11.543539 v clkbuf_0_clk_i/X (sky130_fd_sc_hd__clkbuf_16)
                                                         clknet_0_clk_i (net)
                      0.124525    0.011698   11.555237 v clkbuf_1_0_0_clk_i/A (sky130_fd_sc_hd__clkbuf_8)
     1    0.057197    0.075753    0.209698   11.764935 v clkbuf_1_0_0_clk_i/X (sky130_fd_sc_hd__clkbuf_8)
                                                         clknet_1_0_0_clk_i (net)
                      0.079852    0.013629   11.778564 v clkbuf_1_0_1_clk_i/A (sky130_fd_sc_hd__clkbuf_8)
    11    0.964894    0.943762    0.521675   12.300240 v clkbuf_1_0_1_clk_i/X (sky130_fd_sc_hd__clkbuf_8)
                                                         clknet_1_0_1_clk_i (net)
                      1.237671    0.426757   12.726996 v clkbuf_leaf_3_clk_i/A (sky130_fd_sc_hd__clkbuf_8)
     4    0.122865    0.152541    0.614900   13.341897 v clkbuf_leaf_3_clk_i/X (sky130_fd_sc_hd__clkbuf_8)
                                                         clknet_leaf_3_clk_i (net)
                      0.205656    0.012004   13.353901 v u_instruction_ram.g_sram[2].u_macro/clk1 (sky130_sram_2kbyte_1rw1r_32x512_8)
     2    0.019077    0.011485    0.480981   13.834881 ^ u_instruction_ram.g_sram[2].u_macro/dout1[7] (sky130_sram_2kbyte_1rw1r_32x512_8)
                                                         u_instruction_ram.dout_r[39] (net)
                      0.008614    0.000755   13.835636 ^ wire4852/A (sky130_fd_sc_hd__buf_2)
     2    0.073480    0.356288    0.301148   14.136784 ^ wire4852/X (sky130_fd_sc_hd__buf_2)
                                                         net4852 (net)
                      0.358125    0.020862   14.157646 ^ wire4850/A (sky130_fd_sc_hd__buf_6)
     1    0.030012    0.072668    0.186147   14.343793 ^ wire4850/X (sky130_fd_sc_hd__buf_6)
                                                         net4850 (net)
                      0.073096    0.004358   14.348151 ^ wire4849/A (sky130_fd_sc_hd__buf_6)
     1    0.044618    0.096306    0.145977   14.494128 ^ wire4849/X (sky130_fd_sc_hd__buf_6)
                                                         net4849 (net)
                      0.097068    0.006851   14.500978 ^ _096099_/A0 (sky130_fd_sc_hd__mux2_4)
     2    0.169673    0.485650    0.434429   14.935408 ^ _096099_/X (sky130_fd_sc_hd__mux2_4)
                                                         _033364_ (net)
                      0.514246    0.091662   15.027070 ^ _096101_/A0 (sky130_fd_sc_hd__mux2_4)
     1    0.063246    0.195066    0.371507   15.398577 ^ _096101_/X (sky130_fd_sc_hd__mux2_4)
                                                         _033366_ (net)
                      0.197501    0.017396   15.415973 ^ _096102_/A1 (sky130_fd_sc_hd__mux2_2)
     1    0.002428    0.045314    0.180314   15.596288 ^ _096102_/X (sky130_fd_sc_hd__mux2_2)
                                                         _033367_ (net)
                      0.045314    0.000048   15.596335 ^ _096103_/A (sky130_fd_sc_hd__clkbuf_1)
     2    0.021415    0.254840    0.227221   15.823556 ^ _096103_/X (sky130_fd_sc_hd__clkbuf_1)
                                                         iram_m0_rdata[7] (net)
                      0.254852    0.001485   15.825041 ^ wire2416/A (sky130_fd_sc_hd__buf_4)
     8    0.097079    0.269607    0.325267   16.150309 ^ wire2416/X (sky130_fd_sc_hd__buf_4)
                                                         net2416 (net)
                      0.272393    0.022117   16.172426 ^ _136653_/B1 (sky130_fd_sc_hd__a221o_2)
     1    0.003524    0.053462    0.202537   16.374962 ^ _136653_/X (sky130_fd_sc_hd__a221o_2)
                                                         _065422_ (net)
                      0.053462    0.000105   16.375067 ^ _136654_/D1 (sky130_fd_sc_hd__a2111o_2)
     2    0.562089    2.590986    1.478929   17.853996 ^ _136654_/X (sky130_fd_sc_hd__a2111o_2)
                                                         _065423_ (net)
                      2.820378    0.590791   18.444788 ^ _136655_/B (sky130_fd_sc_hd__nand2_4)
     2    0.025427    0.353506    0.188827   18.633614 v _136655_/Y (sky130_fd_sc_hd__nand2_4)
                                                         _065424_ (net)
                      0.353512    0.001089   18.634703 v rebuffer7887/A (sky130_fd_sc_hd__buf_2)
     1    0.002997    0.029691    0.239543   18.874247 v rebuffer7887/X (sky130_fd_sc_hd__buf_2)
                                                         net7887 (net)
                      0.029691    0.000094   18.874340 v rebuffer7883/A (sky130_fd_sc_hd__buf_2)
     4    0.021560    0.062633    0.149729   19.024071 v rebuffer7883/X (sky130_fd_sc_hd__buf_2)
                                                         net7883 (net)
                      0.062652    0.001039   19.025108 v _138400_/A2 (sky130_fd_sc_hd__o21ai_2)
     1    0.005143    0.108833    0.123320   19.148430 ^ _138400_/Y (sky130_fd_sc_hd__o21ai_2)
                                                         _067161_ (net)
                      0.108833    0.000153   19.148582 ^ _138401_/A (sky130_fd_sc_hd__inv_2)
     2    0.007401    0.034699    0.049877   19.198458 v _138401_/Y (sky130_fd_sc_hd__inv_2)
                                                         _067162_ (net)
                      0.034699    0.000167   19.198626 v _138673_/B1 (sky130_fd_sc_hd__a221o_2)
     2    0.020253    0.097486    0.388326   19.586952 v _138673_/X (sky130_fd_sc_hd__a221o_2)
                                                         _067433_ (net)
                      0.097489    0.000705   19.587656 v _138674_/A (sky130_fd_sc_hd__nand2_8)
     4    0.055329    0.110586    0.127587   19.715242 ^ _138674_/Y (sky130_fd_sc_hd__nand2_8)
                                                         _067434_ (net)
                      0.110605    0.001162   19.716406 ^ clone14024/A (sky130_fd_sc_hd__clkinvlp_4)
     6    0.050029    0.243668    0.248038   19.964443 v clone14024/Y (sky130_fd_sc_hd__clkinvlp_4)
                                                         net14024 (net)
                      0.243732    0.000993   19.965437 v _139782_/B1 (sky130_fd_sc_hd__o21ai_2)
     2    0.005376    0.111607    0.129663   20.095100 ^ _139782_/Y (sky130_fd_sc_hd__o21ai_2)
                                                         _068538_ (net)
                      0.111607    0.000137   20.095236 ^ _139783_/A0 (sky130_fd_sc_hd__mux2_4)
     1    0.047558    0.152500    0.252161   20.347397 ^ _139783_/X (sky130_fd_sc_hd__mux2_4)
                                                         _068539_ (net)
                      0.153182    0.007729   20.355125 ^ wire702/A (sky130_fd_sc_hd__buf_12)
     3    0.068600    0.089257    0.162702   20.517828 ^ wire702/X (sky130_fd_sc_hd__buf_12)
                                                         net702 (net)
                      0.092617    0.013529   20.531357 ^ rebuffer14006/A (sky130_fd_sc_hd__buf_2)
    13    0.220037    1.046904    0.814369   21.345726 ^ rebuffer14006/X (sky130_fd_sc_hd__buf_2)
                                                         net14006 (net)
                      1.048035    0.028669   21.374393 ^ _144182_/A (sky130_fd_sc_hd__clkbuf_2)
     6    0.041790    0.231852    0.391893   21.766287 ^ _144182_/X (sky130_fd_sc_hd__clkbuf_2)
                                                         _072696_ (net)
                      0.231853    0.000975   21.767262 ^ max_cap679/A (sky130_fd_sc_hd__buf_12)
    14    0.111076    0.136068    0.209242   21.976505 ^ max_cap679/X (sky130_fd_sc_hd__buf_12)
                                                         net679 (net)
                      0.137601    0.011617   21.988123 ^ _145511_/A (sky130_fd_sc_hd__nand2_2)
     1    0.005326    0.089121    0.065370   22.053492 v _145511_/Y (sky130_fd_sc_hd__nand2_2)
                                                         _073481_ (net)
                      0.089121    0.000124   22.053616 v _145512_/C1 (sky130_fd_sc_hd__o221ai_2)
     1    0.002827    0.154210    0.070015   22.123632 ^ _145512_/Y (sky130_fd_sc_hd__o221ai_2)
                                                         _008934_ (net)
                      0.154210    0.000089   22.123720 ^ _196600_/D (sky130_fd_sc_hd__dfrtp_2)
                                             22.123720   data arrival time

                                 20.000000   20.000000   clock clk_i (rise edge)
                                  0.000000   20.000000   clock source latency
     3    0.553677    0.150000    0.000000   20.000000 ^ clk_i (in)
                                                         clk_i (net)
                      1.802483    0.826242   20.826242 ^ clkbuf_regs_0_clk_i/A (sky130_fd_sc_hd__clkbuf_16)
     1    0.008116    0.075231    0.340210   21.166452 ^ clkbuf_regs_0_clk_i/X (sky130_fd_sc_hd__clkbuf_16)
                                                         clk_i_regs (net)
                      0.075231    0.000234   21.166687 ^ clkbuf_0_clk_i_regs/A (sky130_fd_sc_hd__clkbuf_16)
     2    0.111687    0.126029    0.200114   21.366800 ^ clkbuf_0_clk_i_regs/X (sky130_fd_sc_hd__clkbuf_16)
                                                         clknet_0_clk_i_regs (net)
                      0.128021    0.012481   21.379282 ^ clkbuf_1_1_0_clk_i_regs/A (sky130_fd_sc_hd__clkbuf_8)
     1    0.100037    0.177738    0.252358   21.631639 ^ clkbuf_1_1_0_clk_i_regs/X (sky130_fd_sc_hd__clkbuf_8)
                                                         clknet_1_1_0_clk_i_regs (net)
                      0.179155    0.012784   21.644424 ^ clkbuf_1_1_1_clk_i_regs/A (sky130_fd_sc_hd__clkbuf_8)
     2    0.074134    0.137796    0.234945   21.879368 ^ clkbuf_1_1_1_clk_i_regs/X (sky130_fd_sc_hd__clkbuf_8)
                                                         clknet_1_1_1_clk_i_regs (net)
                      0.142326    0.019677   21.899044 ^ clkbuf_2_2_0_clk_i_regs/A (sky130_fd_sc_hd__clkbuf_8)
     2    0.056485    0.109605    0.205407   22.104452 ^ clkbuf_2_2_0_clk_i_regs/X (sky130_fd_sc_hd__clkbuf_8)
                                                         clknet_2_2_0_clk_i_regs (net)
                      0.111952    0.012639   22.117090 ^ clkbuf_3_5_0_clk_i_regs/A (sky130_fd_sc_hd__clkbuf_8)
     4    0.352959    0.597353    0.505073   22.622164 ^ clkbuf_3_5_0_clk_i_regs/X (sky130_fd_sc_hd__clkbuf_8)
                                                         clknet_3_5_0_clk_i_regs (net)
                      0.610878    0.071649   22.693813 ^ clkbuf_4_10_0_clk_i_regs/A (sky130_fd_sc_hd__clkbuf_8)
     2    0.089323    0.164214    0.355728   23.049541 ^ clkbuf_4_10_0_clk_i_regs/X (sky130_fd_sc_hd__clkbuf_8)
                                                         clknet_4_10_0_clk_i_regs (net)
                      0.164689    0.006448   23.055990 ^ clkbuf_5_21_0_clk_i_regs/A (sky130_fd_sc_hd__clkbuf_8)
     4    0.175068    0.301879    0.348630   23.404619 ^ clkbuf_5_21_0_clk_i_regs/X (sky130_fd_sc_hd__clkbuf_8)
                                                         clknet_5_21_0_clk_i_regs (net)
                      0.302702    0.012962   23.417582 ^ clkbuf_7_84__f_clk_i_regs/A (sky130_fd_sc_hd__clkbuf_16)
    21    0.246264    0.256032    0.362565   23.780146 ^ clkbuf_7_84__f_clk_i_regs/X (sky130_fd_sc_hd__clkbuf_16)
                                                         clknet_7_84__leaf_clk_i_regs (net)
                      0.258556    0.020327   23.800474 ^ clkbuf_leaf_278_clk_i_regs/A (sky130_fd_sc_hd__clkbuf_8)
    10    0.036141    0.077936    0.223292   24.023766 ^ clkbuf_leaf_278_clk_i_regs/X (sky130_fd_sc_hd__clkbuf_8)
                                                         clknet_leaf_278_clk_i_regs (net)
                      0.077945    0.000883   24.024649 ^ _196600_/CLK (sky130_fd_sc_hd__dfrtp_2)
                                 -0.250000   23.774649   clock uncertainty
                                  0.000000   23.774649   clock reconvergence pessimism
                                 -0.083804   23.690845   library setup time
                                             23.690845   data required time
---------------------------------------------------------------------------------------------
                                             23.690845   data required time
                                            -22.123720   data arrival time
---------------------------------------------------------------------------------------------
                                              1.567125   slack (MET)


Startpoint: u_instruction_ram.g_sram[2].u_macro
            (falling edge-triggered flip-flop clocked by clk_i)
Endpoint: _196632_ (rising edge-triggered flip-flop clocked by clk_i)
Path Group: clk_i
Path Type: max

Fanout         Cap        Slew       Delay        Time   Description
---------------------------------------------------------------------------------------------
                                 10.000000   10.000000   clock clk_i (fall edge)
                                  0.000000   10.000000   clock source latency
     3    0.551646    0.150000    0.000000   10.000000 v clk_i (in)
                                                         clk_i (net)
                      1.757706    0.803853   10.803853 v clkbuf_0_clk_i/A (sky130_fd_sc_hd__clkbuf_16)
     2    0.114959    0.123871    0.739686   11.543539 v clkbuf_0_clk_i/X (sky130_fd_sc_hd__clkbuf_16)
                                                         clknet_0_clk_i (net)
                      0.124525    0.011698   11.555237 v clkbuf_1_0_0_clk_i/A (sky130_fd_sc_hd__clkbuf_8)
     1    0.057197    0.075753    0.209698   11.764935 v clkbuf_1_0_0_clk_i/X (sky130_fd_sc_hd__clkbuf_8)
                                                         clknet_1_0_0_clk_i (net)
                      0.079852    0.013629   11.778564 v clkbuf_1_0_1_clk_i/A (sky130_fd_sc_hd__clkbuf_8)
    11    0.964894    0.943762    0.521675   12.300240 v clkbuf_1_0_1_clk_i/X (sky130_fd_sc_hd__clkbuf_8)
                                                         clknet_1_0_1_clk_i (net)
                      1.237671    0.426757   12.726996 v clkbuf_leaf_3_clk_i/A (sky130_fd_sc_hd__clkbuf_8)
     4    0.122865    0.152541    0.614900   13.341897 v clkbuf_leaf_3_clk_i/X (sky130_fd_sc_hd__clkbuf_8)
                                                         clknet_leaf_3_clk_i (net)
                      0.205656    0.012004   13.353901 v u_instruction_ram.g_sram[2].u_macro/clk1 (sky130_sram_2kbyte_1rw1r_32x512_8)
     2    0.019077    0.011485    0.480981   13.834881 ^ u_instruction_ram.g_sram[2].u_macro/dout1[7] (sky130_sram_2kbyte_1rw1r_32x512_8)
                                                         u_instruction_ram.dout_r[39] (net)
                      0.008614    0.000755   13.835636 ^ wire4852/A (sky130_fd_sc_hd__buf_2)
     2    0.073480    0.356288    0.301148   14.136784 ^ wire4852/X (sky130_fd_sc_hd__buf_2)
                                                         net4852 (net)
                      0.358125    0.020862   14.157646 ^ wire4850/A (sky130_fd_sc_hd__buf_6)
     1    0.030012    0.072668    0.186147   14.343793 ^ wire4850/X (sky130_fd_sc_hd__buf_6)
                                                         net4850 (net)
                      0.073096    0.004358   14.348151 ^ wire4849/A (sky130_fd_sc_hd__buf_6)
     1    0.044618    0.096306    0.145977   14.494128 ^ wire4849/X (sky130_fd_sc_hd__buf_6)
                                                         net4849 (net)
                      0.097068    0.006851   14.500978 ^ _096099_/A0 (sky130_fd_sc_hd__mux2_4)
     2    0.169673    0.485650    0.434429   14.935408 ^ _096099_/X (sky130_fd_sc_hd__mux2_4)
                                                         _033364_ (net)
                      0.514246    0.091662   15.027070 ^ _096101_/A0 (sky130_fd_sc_hd__mux2_4)
     1    0.063246    0.195066    0.371507   15.398577 ^ _096101_/X (sky130_fd_sc_hd__mux2_4)
                                                         _033366_ (net)
                      0.197501    0.017396   15.415973 ^ _096102_/A1 (sky130_fd_sc_hd__mux2_2)
     1    0.002428    0.045314    0.180314   15.596288 ^ _096102_/X (sky130_fd_sc_hd__mux2_2)
                                                         _033367_ (net)
                      0.045314    0.000048   15.596335 ^ _096103_/A (sky130_fd_sc_hd__clkbuf_1)
     2    0.021415    0.254840    0.227221   15.823556 ^ _096103_/X (sky130_fd_sc_hd__clkbuf_1)
                                                         iram_m0_rdata[7] (net)
                      0.254852    0.001485   15.825041 ^ wire2416/A (sky130_fd_sc_hd__buf_4)
     8    0.097079    0.269607    0.325267   16.150309 ^ wire2416/X (sky130_fd_sc_hd__buf_4)
                                                         net2416 (net)
                      0.272393    0.022117   16.172426 ^ _136653_/B1 (sky130_fd_sc_hd__a221o_2)
     1    0.003524    0.053462    0.202537   16.374962 ^ _136653_/X (sky130_fd_sc_hd__a221o_2)
                                                         _065422_ (net)
                      0.053462    0.000105   16.375067 ^ _136654_/D1 (sky130_fd_sc_hd__a2111o_2)
     2    0.562089    2.590986    1.478929   17.853996 ^ _136654_/X (sky130_fd_sc_hd__a2111o_2)
                                                         _065423_ (net)
                      2.820378    0.590791   18.444788 ^ _136655_/B (sky130_fd_sc_hd__nand2_4)
     2    0.025427    0.353506    0.188827   18.633614 v _136655_/Y (sky130_fd_sc_hd__nand2_4)
                                                         _065424_ (net)
                      0.353512    0.001089   18.634703 v rebuffer7887/A (sky130_fd_sc_hd__buf_2)
     1    0.002997    0.029691    0.239543   18.874247 v rebuffer7887/X (sky130_fd_sc_hd__buf_2)
                                                         net7887 (net)
                      0.029691    0.000094   18.874340 v rebuffer7883/A (sky130_fd_sc_hd__buf_2)
     4    0.021560    0.062633    0.149729   19.024071 v rebuffer7883/X (sky130_fd_sc_hd__buf_2)
                                                         net7883 (net)
                      0.062652    0.001039   19.025108 v _138400_/A2 (sky130_fd_sc_hd__o21ai_2)
     1    0.005143    0.108833    0.123320   19.148430 ^ _138400_/Y (sky130_fd_sc_hd__o21ai_2)
                                                         _067161_ (net)
                      0.108833    0.000153   19.148582 ^ _138401_/A (sky130_fd_sc_hd__inv_2)
     2    0.007401    0.034699    0.049877   19.198458 v _138401_/Y (sky130_fd_sc_hd__inv_2)
                                                         _067162_ (net)
                      0.034699    0.000167   19.198626 v _138673_/B1 (sky130_fd_sc_hd__a221o_2)
     2    0.020253    0.097486    0.388326   19.586952 v _138673_/X (sky130_fd_sc_hd__a221o_2)
                                                         _067433_ (net)
                      0.097489    0.000705   19.587656 v _138674_/A (sky130_fd_sc_hd__nand2_8)
     4    0.055329    0.110586    0.127587   19.715242 ^ _138674_/Y (sky130_fd_sc_hd__nand2_8)
                                                         _067434_ (net)
                      0.110605    0.001162   19.716406 ^ clone14024/A (sky130_fd_sc_hd__clkinvlp_4)
     6    0.050029    0.243668    0.248038   19.964443 v clone14024/Y (sky130_fd_sc_hd__clkinvlp_4)
                                                         net14024 (net)
                      0.243732    0.000993   19.965437 v _139782_/B1 (sky130_fd_sc_hd__o21ai_2)
     2    0.005376    0.111607    0.129663   20.095100 ^ _139782_/Y (sky130_fd_sc_hd__o21ai_2)
                                                         _068538_ (net)
                      0.111607    0.000137   20.095236 ^ _139783_/A0 (sky130_fd_sc_hd__mux2_4)
     1    0.047558    0.152500    0.252161   20.347397 ^ _139783_/X (sky130_fd_sc_hd__mux2_4)
                                                         _068539_ (net)
                      0.153182    0.007729   20.355125 ^ wire702/A (sky130_fd_sc_hd__buf_12)
     3    0.068600    0.089257    0.162702   20.517828 ^ wire702/X (sky130_fd_sc_hd__buf_12)
                                                         net702 (net)
                      0.092617    0.013529   20.531357 ^ rebuffer14006/A (sky130_fd_sc_hd__buf_2)
    13    0.220037    1.046904    0.814369   21.345726 ^ rebuffer14006/X (sky130_fd_sc_hd__buf_2)
                                                         net14006 (net)
                      1.048035    0.028669   21.374393 ^ _144182_/A (sky130_fd_sc_hd__clkbuf_2)
     6    0.041790    0.231852    0.391893   21.766287 ^ _144182_/X (sky130_fd_sc_hd__clkbuf_2)
                                                         _072696_ (net)
                      0.231853    0.000975   21.767262 ^ max_cap679/A (sky130_fd_sc_hd__buf_12)
    14    0.111076    0.136068    0.209242   21.976505 ^ max_cap679/X (sky130_fd_sc_hd__buf_12)
                                                         net679 (net)
                      0.136438    0.006017   21.982521 ^ _145583_/A (sky130_fd_sc_hd__nand2_2)
     1    0.004256    0.082498    0.061076   22.043598 v _145583_/Y (sky130_fd_sc_hd__nand2_2)
                                                         _073521_ (net)
                      0.082498    0.000082   22.043680 v _145584_/C1 (sky130_fd_sc_hd__o221ai_2)
     1    0.002447    0.147894    0.065549   22.109228 ^ _145584_/Y (sky130_fd_sc_hd__o221ai_2)
                                                         _008966_ (net)
                      0.147894    0.000071   22.109301 ^ _196632_/D (sky130_fd_sc_hd__dfrtp_2)
                                             22.109301   data arrival time

                                 20.000000   20.000000   clock clk_i (rise edge)
                                  0.000000   20.000000   clock source latency
     3    0.553677    0.150000    0.000000   20.000000 ^ clk_i (in)
                                                         clk_i (net)
                      1.802483    0.826242   20.826242 ^ clkbuf_regs_0_clk_i/A (sky130_fd_sc_hd__clkbuf_16)
     1    0.008116    0.075231    0.340210   21.166452 ^ clkbuf_regs_0_clk_i/X (sky130_fd_sc_hd__clkbuf_16)
                                                         clk_i_regs (net)
                      0.075231    0.000234   21.166687 ^ clkbuf_0_clk_i_regs/A (sky130_fd_sc_hd__clkbuf_16)
     2    0.111687    0.126029    0.200114   21.366800 ^ clkbuf_0_clk_i_regs/X (sky130_fd_sc_hd__clkbuf_16)
                                                         clknet_0_clk_i_regs (net)
                      0.128021    0.012481   21.379282 ^ clkbuf_1_1_0_clk_i_regs/A (sky130_fd_sc_hd__clkbuf_8)
     1    0.100037    0.177738    0.252358   21.631639 ^ clkbuf_1_1_0_clk_i_regs/X (sky130_fd_sc_hd__clkbuf_8)
                                                         clknet_1_1_0_clk_i_regs (net)
                      0.179155    0.012784   21.644424 ^ clkbuf_1_1_1_clk_i_regs/A (sky130_fd_sc_hd__clkbuf_8)
     2    0.074134    0.137796    0.234945   21.879368 ^ clkbuf_1_1_1_clk_i_regs/X (sky130_fd_sc_hd__clkbuf_8)
                                                         clknet_1_1_1_clk_i_regs (net)
                      0.142326    0.019677   21.899044 ^ clkbuf_2_2_0_clk_i_regs/A (sky130_fd_sc_hd__clkbuf_8)
     2    0.056485    0.109605    0.205407   22.104452 ^ clkbuf_2_2_0_clk_i_regs/X (sky130_fd_sc_hd__clkbuf_8)
                                                         clknet_2_2_0_clk_i_regs (net)
                      0.111952    0.012639   22.117090 ^ clkbuf_3_5_0_clk_i_regs/A (sky130_fd_sc_hd__clkbuf_8)
     4    0.352959    0.597353    0.505073   22.622164 ^ clkbuf_3_5_0_clk_i_regs/X (sky130_fd_sc_hd__clkbuf_8)
                                                         clknet_3_5_0_clk_i_regs (net)
                      0.610878    0.071649   22.693813 ^ clkbuf_4_10_0_clk_i_regs/A (sky130_fd_sc_hd__clkbuf_8)
     2    0.089323    0.164214    0.355728   23.049541 ^ clkbuf_4_10_0_clk_i_regs/X (sky130_fd_sc_hd__clkbuf_8)
                                                         clknet_4_10_0_clk_i_regs (net)
                      0.164689    0.006448   23.055990 ^ clkbuf_5_21_0_clk_i_regs/A (sky130_fd_sc_hd__clkbuf_8)
     4    0.175068    0.301879    0.348630   23.404619 ^ clkbuf_5_21_0_clk_i_regs/X (sky130_fd_sc_hd__clkbuf_8)
                                                         clknet_5_21_0_clk_i_regs (net)
                      0.302702    0.012962   23.417582 ^ clkbuf_7_84__f_clk_i_regs/A (sky130_fd_sc_hd__clkbuf_16)
    21    0.246264    0.256032    0.362565   23.780146 ^ clkbuf_7_84__f_clk_i_regs/X (sky130_fd_sc_hd__clkbuf_16)
                                                         clknet_7_84__leaf_clk_i_regs (net)
                      0.256114    0.003849   23.783997 ^ clkbuf_leaf_276_clk_i_regs/A (sky130_fd_sc_hd__clkbuf_8)
    10    0.038118    0.080912    0.225048   24.009045 ^ clkbuf_leaf_276_clk_i_regs/X (sky130_fd_sc_hd__clkbuf_8)
                                                         clknet_leaf_276_clk_i_regs (net)
                      0.080918    0.000755   24.009800 ^ _196632_/CLK (sky130_fd_sc_hd__dfrtp_2)
                                 -0.250000   23.759800   clock uncertainty
                                  0.000000   23.759800   clock reconvergence pessimism
                                 -0.081870   23.677929   library setup time
                                             23.677929   data required time
---------------------------------------------------------------------------------------------
                                             23.677929   data required time
                                            -22.109301   data arrival time
---------------------------------------------------------------------------------------------
                                              1.568630   slack (MET)


Startpoint: u_instruction_ram.g_sram[2].u_macro
            (falling edge-triggered flip-flop clocked by clk_i)
Endpoint: _196568_ (rising edge-triggered flip-flop clocked by clk_i)
Path Group: clk_i
Path Type: max

Fanout         Cap        Slew       Delay        Time   Description
---------------------------------------------------------------------------------------------
                                 10.000000   10.000000   clock clk_i (fall edge)
                                  0.000000   10.000000   clock source latency
     3    0.551646    0.150000    0.000000   10.000000 v clk_i (in)
                                                         clk_i (net)
                      1.757706    0.803853   10.803853 v clkbuf_0_clk_i/A (sky130_fd_sc_hd__clkbuf_16)
     2    0.114959    0.123871    0.739686   11.543539 v clkbuf_0_clk_i/X (sky130_fd_sc_hd__clkbuf_16)
                                                         clknet_0_clk_i (net)
                      0.124525    0.011698   11.555237 v clkbuf_1_0_0_clk_i/A (sky130_fd_sc_hd__clkbuf_8)
     1    0.057197    0.075753    0.209698   11.764935 v clkbuf_1_0_0_clk_i/X (sky130_fd_sc_hd__clkbuf_8)
                                                         clknet_1_0_0_clk_i (net)
                      0.079852    0.013629   11.778564 v clkbuf_1_0_1_clk_i/A (sky130_fd_sc_hd__clkbuf_8)
    11    0.964894    0.943762    0.521675   12.300240 v clkbuf_1_0_1_clk_i/X (sky130_fd_sc_hd__clkbuf_8)
                                                         clknet_1_0_1_clk_i (net)
                      1.237671    0.426757   12.726996 v clkbuf_leaf_3_clk_i/A (sky130_fd_sc_hd__clkbuf_8)
     4    0.122865    0.152541    0.614900   13.341897 v clkbuf_leaf_3_clk_i/X (sky130_fd_sc_hd__clkbuf_8)
                                                         clknet_leaf_3_clk_i (net)
                      0.205656    0.012004   13.353901 v u_instruction_ram.g_sram[2].u_macro/clk1 (sky130_sram_2kbyte_1rw1r_32x512_8)
     2    0.019077    0.011485    0.480981   13.834881 ^ u_instruction_ram.g_sram[2].u_macro/dout1[7] (sky130_sram_2kbyte_1rw1r_32x512_8)
                                                         u_instruction_ram.dout_r[39] (net)
                      0.008614    0.000755   13.835636 ^ wire4852/A (sky130_fd_sc_hd__buf_2)
     2    0.073480    0.356288    0.301148   14.136784 ^ wire4852/X (sky130_fd_sc_hd__buf_2)
                                                         net4852 (net)
                      0.358125    0.020862   14.157646 ^ wire4850/A (sky130_fd_sc_hd__buf_6)
     1    0.030012    0.072668    0.186147   14.343793 ^ wire4850/X (sky130_fd_sc_hd__buf_6)
                                                         net4850 (net)
                      0.073096    0.004358   14.348151 ^ wire4849/A (sky130_fd_sc_hd__buf_6)
     1    0.044618    0.096306    0.145977   14.494128 ^ wire4849/X (sky130_fd_sc_hd__buf_6)
                                                         net4849 (net)
                      0.097068    0.006851   14.500978 ^ _096099_/A0 (sky130_fd_sc_hd__mux2_4)
     2    0.169673    0.485650    0.434429   14.935408 ^ _096099_/X (sky130_fd_sc_hd__mux2_4)
                                                         _033364_ (net)
                      0.514246    0.091662   15.027070 ^ _096101_/A0 (sky130_fd_sc_hd__mux2_4)
     1    0.063246    0.195066    0.371507   15.398577 ^ _096101_/X (sky130_fd_sc_hd__mux2_4)
                                                         _033366_ (net)
                      0.197501    0.017396   15.415973 ^ _096102_/A1 (sky130_fd_sc_hd__mux2_2)
     1    0.002428    0.045314    0.180314   15.596288 ^ _096102_/X (sky130_fd_sc_hd__mux2_2)
                                                         _033367_ (net)
                      0.045314    0.000048   15.596335 ^ _096103_/A (sky130_fd_sc_hd__clkbuf_1)
     2    0.021415    0.254840    0.227221   15.823556 ^ _096103_/X (sky130_fd_sc_hd__clkbuf_1)
                                                         iram_m0_rdata[7] (net)
                      0.254852    0.001485   15.825041 ^ wire2416/A (sky130_fd_sc_hd__buf_4)
     8    0.097079    0.269607    0.325267   16.150309 ^ wire2416/X (sky130_fd_sc_hd__buf_4)
                                                         net2416 (net)
                      0.272393    0.022117   16.172426 ^ _136653_/B1 (sky130_fd_sc_hd__a221o_2)
     1    0.003524    0.053462    0.202537   16.374962 ^ _136653_/X (sky130_fd_sc_hd__a221o_2)
                                                         _065422_ (net)
                      0.053462    0.000105   16.375067 ^ _136654_/D1 (sky130_fd_sc_hd__a2111o_2)
     2    0.562089    2.590986    1.478929   17.853996 ^ _136654_/X (sky130_fd_sc_hd__a2111o_2)
                                                         _065423_ (net)
                      2.820378    0.590791   18.444788 ^ _136655_/B (sky130_fd_sc_hd__nand2_4)
     2    0.025427    0.353506    0.188827   18.633614 v _136655_/Y (sky130_fd_sc_hd__nand2_4)
                                                         _065424_ (net)
                      0.353512    0.001089   18.634703 v rebuffer7887/A (sky130_fd_sc_hd__buf_2)
     1    0.002997    0.029691    0.239543   18.874247 v rebuffer7887/X (sky130_fd_sc_hd__buf_2)
                                                         net7887 (net)
                      0.029691    0.000094   18.874340 v rebuffer7883/A (sky130_fd_sc_hd__buf_2)
     4    0.021560    0.062633    0.149729   19.024071 v rebuffer7883/X (sky130_fd_sc_hd__buf_2)
                                                         net7883 (net)
                      0.062652    0.001039   19.025108 v _138400_/A2 (sky130_fd_sc_hd__o21ai_2)
     1    0.005143    0.108833    0.123320   19.148430 ^ _138400_/Y (sky130_fd_sc_hd__o21ai_2)
                                                         _067161_ (net)
                      0.108833    0.000153   19.148582 ^ _138401_/A (sky130_fd_sc_hd__inv_2)
     2    0.007401    0.034699    0.049877   19.198458 v _138401_/Y (sky130_fd_sc_hd__inv_2)
                                                         _067162_ (net)
                      0.034699    0.000167   19.198626 v _138673_/B1 (sky130_fd_sc_hd__a221o_2)
     2    0.020253    0.097486    0.388326   19.586952 v _138673_/X (sky130_fd_sc_hd__a221o_2)
                                                         _067433_ (net)
                      0.097489    0.000705   19.587656 v _138674_/A (sky130_fd_sc_hd__nand2_8)
     4    0.055329    0.110586    0.127587   19.715242 ^ _138674_/Y (sky130_fd_sc_hd__nand2_8)
                                                         _067434_ (net)
                      0.110605    0.001162   19.716406 ^ clone14024/A (sky130_fd_sc_hd__clkinvlp_4)
     6    0.050029    0.243668    0.248038   19.964443 v clone14024/Y (sky130_fd_sc_hd__clkinvlp_4)
                                                         net14024 (net)
                      0.243732    0.000993   19.965437 v _139782_/B1 (sky130_fd_sc_hd__o21ai_2)
     2    0.005376    0.111607    0.129663   20.095100 ^ _139782_/Y (sky130_fd_sc_hd__o21ai_2)
                                                         _068538_ (net)
                      0.111607    0.000137   20.095236 ^ _139783_/A0 (sky130_fd_sc_hd__mux2_4)
     1    0.047558    0.152500    0.252161   20.347397 ^ _139783_/X (sky130_fd_sc_hd__mux2_4)
                                                         _068539_ (net)
                      0.153182    0.007729   20.355125 ^ wire702/A (sky130_fd_sc_hd__buf_12)
     3    0.068600    0.089257    0.162702   20.517828 ^ wire702/X (sky130_fd_sc_hd__buf_12)
                                                         net702 (net)
                      0.092617    0.013529   20.531357 ^ rebuffer14006/A (sky130_fd_sc_hd__buf_2)
    13    0.220037    1.046904    0.814369   21.345726 ^ rebuffer14006/X (sky130_fd_sc_hd__buf_2)
                                                         net14006 (net)
                      1.048035    0.028669   21.374393 ^ _144182_/A (sky130_fd_sc_hd__clkbuf_2)
     6    0.041790    0.231852    0.391893   21.766287 ^ _144182_/X (sky130_fd_sc_hd__clkbuf_2)
                                                         _072696_ (net)
                      0.231853    0.000975   21.767262 ^ max_cap679/A (sky130_fd_sc_hd__buf_12)
    14    0.111076    0.136068    0.209242   21.976505 ^ max_cap679/X (sky130_fd_sc_hd__buf_12)
                                                         net679 (net)
                      0.137299    0.010495   21.987000 ^ _145435_/A (sky130_fd_sc_hd__nand2_2)
     1    0.004820    0.084487    0.063347   22.050346 v _145435_/Y (sky130_fd_sc_hd__nand2_2)
                                                         _073437_ (net)
                      0.084487    0.000147   22.050493 v _145436_/C1 (sky130_fd_sc_hd__o221ai_2)
     1    0.002660    0.138352    0.067324   22.117817 ^ _145436_/Y (sky130_fd_sc_hd__o221ai_2)
                                                         _008902_ (net)
                      0.138352    0.000080   22.117897 ^ _196568_/D (sky130_fd_sc_hd__dfrtp_2)
                                             22.117897   data arrival time

                                 20.000000   20.000000   clock clk_i (rise edge)
                                  0.000000   20.000000   clock source latency
     3    0.553677    0.150000    0.000000   20.000000 ^ clk_i (in)
                                                         clk_i (net)
                      1.802483    0.826242   20.826242 ^ clkbuf_regs_0_clk_i/A (sky130_fd_sc_hd__clkbuf_16)
     1    0.008116    0.075231    0.340210   21.166452 ^ clkbuf_regs_0_clk_i/X (sky130_fd_sc_hd__clkbuf_16)
                                                         clk_i_regs (net)
                      0.075231    0.000234   21.166687 ^ clkbuf_0_clk_i_regs/A (sky130_fd_sc_hd__clkbuf_16)
     2    0.111687    0.126029    0.200114   21.366800 ^ clkbuf_0_clk_i_regs/X (sky130_fd_sc_hd__clkbuf_16)
                                                         clknet_0_clk_i_regs (net)
                      0.128021    0.012481   21.379282 ^ clkbuf_1_1_0_clk_i_regs/A (sky130_fd_sc_hd__clkbuf_8)
     1    0.100037    0.177738    0.252358   21.631639 ^ clkbuf_1_1_0_clk_i_regs/X (sky130_fd_sc_hd__clkbuf_8)
                                                         clknet_1_1_0_clk_i_regs (net)
                      0.179155    0.012784   21.644424 ^ clkbuf_1_1_1_clk_i_regs/A (sky130_fd_sc_hd__clkbuf_8)
     2    0.074134    0.137796    0.234945   21.879368 ^ clkbuf_1_1_1_clk_i_regs/X (sky130_fd_sc_hd__clkbuf_8)
                                                         clknet_1_1_1_clk_i_regs (net)
                      0.142326    0.019677   21.899044 ^ clkbuf_2_2_0_clk_i_regs/A (sky130_fd_sc_hd__clkbuf_8)
     2    0.056485    0.109605    0.205407   22.104452 ^ clkbuf_2_2_0_clk_i_regs/X (sky130_fd_sc_hd__clkbuf_8)
                                                         clknet_2_2_0_clk_i_regs (net)
                      0.111952    0.012639   22.117090 ^ clkbuf_3_5_0_clk_i_regs/A (sky130_fd_sc_hd__clkbuf_8)
     4    0.352959    0.597353    0.505073   22.622164 ^ clkbuf_3_5_0_clk_i_regs/X (sky130_fd_sc_hd__clkbuf_8)
                                                         clknet_3_5_0_clk_i_regs (net)
                      0.610878    0.071649   22.693813 ^ clkbuf_4_10_0_clk_i_regs/A (sky130_fd_sc_hd__clkbuf_8)
     2    0.089323    0.164214    0.355728   23.049541 ^ clkbuf_4_10_0_clk_i_regs/X (sky130_fd_sc_hd__clkbuf_8)
                                                         clknet_4_10_0_clk_i_regs (net)
                      0.164689    0.006448   23.055990 ^ clkbuf_5_21_0_clk_i_regs/A (sky130_fd_sc_hd__clkbuf_8)
     4    0.175068    0.301879    0.348630   23.404619 ^ clkbuf_5_21_0_clk_i_regs/X (sky130_fd_sc_hd__clkbuf_8)
                                                         clknet_5_21_0_clk_i_regs (net)
                      0.302702    0.012962   23.417582 ^ clkbuf_7_84__f_clk_i_regs/A (sky130_fd_sc_hd__clkbuf_16)
    21    0.246264    0.256032    0.362565   23.780146 ^ clkbuf_7_84__f_clk_i_regs/X (sky130_fd_sc_hd__clkbuf_16)
                                                         clknet_7_84__leaf_clk_i_regs (net)
                      0.258556    0.020327   23.800474 ^ clkbuf_leaf_278_clk_i_regs/A (sky130_fd_sc_hd__clkbuf_8)
    10    0.036141    0.077936    0.223292   24.023766 ^ clkbuf_leaf_278_clk_i_regs/X (sky130_fd_sc_hd__clkbuf_8)
                                                         clknet_leaf_278_clk_i_regs (net)
                      0.077944    0.000837   24.024601 ^ _196568_/CLK (sky130_fd_sc_hd__dfrtp_2)
                                 -0.250000   23.774603   clock uncertainty
                                  0.000000   23.774603   clock reconvergence pessimism
                                 -0.080126   23.694477   library setup time
                                             23.694477   data required time
---------------------------------------------------------------------------------------------
                                             23.694477   data required time
                                            -22.117897   data arrival time
---------------------------------------------------------------------------------------------
                                              1.576579   slack (MET)


Startpoint: u_instruction_ram.g_sram[2].u_macro
            (falling edge-triggered flip-flop clocked by clk_i)
Endpoint: _196504_ (rising edge-triggered flip-flop clocked by clk_i)
Path Group: clk_i
Path Type: max

Fanout         Cap        Slew       Delay        Time   Description
---------------------------------------------------------------------------------------------
                                 10.000000   10.000000   clock clk_i (fall edge)
                                  0.000000   10.000000   clock source latency
     3    0.551646    0.150000    0.000000   10.000000 v clk_i (in)
                                                         clk_i (net)
                      1.757706    0.803853   10.803853 v clkbuf_0_clk_i/A (sky130_fd_sc_hd__clkbuf_16)
     2    0.114959    0.123871    0.739686   11.543539 v clkbuf_0_clk_i/X (sky130_fd_sc_hd__clkbuf_16)
                                                         clknet_0_clk_i (net)
                      0.124525    0.011698   11.555237 v clkbuf_1_0_0_clk_i/A (sky130_fd_sc_hd__clkbuf_8)
     1    0.057197    0.075753    0.209698   11.764935 v clkbuf_1_0_0_clk_i/X (sky130_fd_sc_hd__clkbuf_8)
                                                         clknet_1_0_0_clk_i (net)
                      0.079852    0.013629   11.778564 v clkbuf_1_0_1_clk_i/A (sky130_fd_sc_hd__clkbuf_8)
    11    0.964894    0.943762    0.521675   12.300240 v clkbuf_1_0_1_clk_i/X (sky130_fd_sc_hd__clkbuf_8)
                                                         clknet_1_0_1_clk_i (net)
                      1.237671    0.426757   12.726996 v clkbuf_leaf_3_clk_i/A (sky130_fd_sc_hd__clkbuf_8)
     4    0.122865    0.152541    0.614900   13.341897 v clkbuf_leaf_3_clk_i/X (sky130_fd_sc_hd__clkbuf_8)
                                                         clknet_leaf_3_clk_i (net)
                      0.205656    0.012004   13.353901 v u_instruction_ram.g_sram[2].u_macro/clk1 (sky130_sram_2kbyte_1rw1r_32x512_8)
     2    0.019077    0.011485    0.480981   13.834881 ^ u_instruction_ram.g_sram[2].u_macro/dout1[7] (sky130_sram_2kbyte_1rw1r_32x512_8)
                                                         u_instruction_ram.dout_r[39] (net)
                      0.008614    0.000755   13.835636 ^ wire4852/A (sky130_fd_sc_hd__buf_2)
     2    0.073480    0.356288    0.301148   14.136784 ^ wire4852/X (sky130_fd_sc_hd__buf_2)
                                                         net4852 (net)
                      0.358125    0.020862   14.157646 ^ wire4850/A (sky130_fd_sc_hd__buf_6)
     1    0.030012    0.072668    0.186147   14.343793 ^ wire4850/X (sky130_fd_sc_hd__buf_6)
                                                         net4850 (net)
                      0.073096    0.004358   14.348151 ^ wire4849/A (sky130_fd_sc_hd__buf_6)
     1    0.044618    0.096306    0.145977   14.494128 ^ wire4849/X (sky130_fd_sc_hd__buf_6)
                                                         net4849 (net)
                      0.097068    0.006851   14.500978 ^ _096099_/A0 (sky130_fd_sc_hd__mux2_4)
     2    0.169673    0.485650    0.434429   14.935408 ^ _096099_/X (sky130_fd_sc_hd__mux2_4)
                                                         _033364_ (net)
                      0.514246    0.091662   15.027070 ^ _096101_/A0 (sky130_fd_sc_hd__mux2_4)
     1    0.063246    0.195066    0.371507   15.398577 ^ _096101_/X (sky130_fd_sc_hd__mux2_4)
                                                         _033366_ (net)
                      0.197501    0.017396   15.415973 ^ _096102_/A1 (sky130_fd_sc_hd__mux2_2)
     1    0.002428    0.045314    0.180314   15.596288 ^ _096102_/X (sky130_fd_sc_hd__mux2_2)
                                                         _033367_ (net)
                      0.045314    0.000048   15.596335 ^ _096103_/A (sky130_fd_sc_hd__clkbuf_1)
     2    0.021415    0.254840    0.227221   15.823556 ^ _096103_/X (sky130_fd_sc_hd__clkbuf_1)
                                                         iram_m0_rdata[7] (net)
                      0.254852    0.001485   15.825041 ^ wire2416/A (sky130_fd_sc_hd__buf_4)
     8    0.097079    0.269607    0.325267   16.150309 ^ wire2416/X (sky130_fd_sc_hd__buf_4)
                                                         net2416 (net)
                      0.272393    0.022117   16.172426 ^ _136653_/B1 (sky130_fd_sc_hd__a221o_2)
     1    0.003524    0.053462    0.202537   16.374962 ^ _136653_/X (sky130_fd_sc_hd__a221o_2)
                                                         _065422_ (net)
                      0.053462    0.000105   16.375067 ^ _136654_/D1 (sky130_fd_sc_hd__a2111o_2)
     2    0.562089    2.590986    1.478929   17.853996 ^ _136654_/X (sky130_fd_sc_hd__a2111o_2)
                                                         _065423_ (net)
                      2.820378    0.590791   18.444788 ^ _136655_/B (sky130_fd_sc_hd__nand2_4)
     2    0.025427    0.353506    0.188827   18.633614 v _136655_/Y (sky130_fd_sc_hd__nand2_4)
                                                         _065424_ (net)
                      0.353512    0.001089   18.634703 v rebuffer7887/A (sky130_fd_sc_hd__buf_2)
     1    0.002997    0.029691    0.239543   18.874247 v rebuffer7887/X (sky130_fd_sc_hd__buf_2)
                                                         net7887 (net)
                      0.029691    0.000094   18.874340 v rebuffer7883/A (sky130_fd_sc_hd__buf_2)
     4    0.021560    0.062633    0.149729   19.024071 v rebuffer7883/X (sky130_fd_sc_hd__buf_2)
                                                         net7883 (net)
                      0.062652    0.001039   19.025108 v _138400_/A2 (sky130_fd_sc_hd__o21ai_2)
     1    0.005143    0.108833    0.123320   19.148430 ^ _138400_/Y (sky130_fd_sc_hd__o21ai_2)
                                                         _067161_ (net)
                      0.108833    0.000153   19.148582 ^ _138401_/A (sky130_fd_sc_hd__inv_2)
     2    0.007401    0.034699    0.049877   19.198458 v _138401_/Y (sky130_fd_sc_hd__inv_2)
                                                         _067162_ (net)
                      0.034699    0.000167   19.198626 v _138673_/B1 (sky130_fd_sc_hd__a221o_2)
     2    0.020253    0.097486    0.388326   19.586952 v _138673_/X (sky130_fd_sc_hd__a221o_2)
                                                         _067433_ (net)
                      0.097489    0.000705   19.587656 v _138674_/A (sky130_fd_sc_hd__nand2_8)
     4    0.055329    0.110586    0.127587   19.715242 ^ _138674_/Y (sky130_fd_sc_hd__nand2_8)
                                                         _067434_ (net)
                      0.110605    0.001162   19.716406 ^ clone14024/A (sky130_fd_sc_hd__clkinvlp_4)
     6    0.050029    0.243668    0.248038   19.964443 v clone14024/Y (sky130_fd_sc_hd__clkinvlp_4)
                                                         net14024 (net)
                      0.243732    0.000993   19.965437 v _139782_/B1 (sky130_fd_sc_hd__o21ai_2)
     2    0.005376    0.111607    0.129663   20.095100 ^ _139782_/Y (sky130_fd_sc_hd__o21ai_2)
                                                         _068538_ (net)
                      0.111607    0.000137   20.095236 ^ _139783_/A0 (sky130_fd_sc_hd__mux2_4)
     1    0.047558    0.152500    0.252161   20.347397 ^ _139783_/X (sky130_fd_sc_hd__mux2_4)
                                                         _068539_ (net)
                      0.153182    0.007729   20.355125 ^ wire702/A (sky130_fd_sc_hd__buf_12)
     3    0.068600    0.089257    0.162702   20.517828 ^ wire702/X (sky130_fd_sc_hd__buf_12)
                                                         net702 (net)
                      0.092617    0.013529   20.531357 ^ rebuffer14006/A (sky130_fd_sc_hd__buf_2)
    13    0.220037    1.046904    0.814369   21.345726 ^ rebuffer14006/X (sky130_fd_sc_hd__buf_2)
                                                         net14006 (net)
                      1.048035    0.028669   21.374393 ^ _144182_/A (sky130_fd_sc_hd__clkbuf_2)
     6    0.041790    0.231852    0.391893   21.766287 ^ _144182_/X (sky130_fd_sc_hd__clkbuf_2)
                                                         _072696_ (net)
                      0.231853    0.000975   21.767262 ^ max_cap679/A (sky130_fd_sc_hd__buf_12)
    14    0.111076    0.136068    0.209242   21.976505 ^ max_cap679/X (sky130_fd_sc_hd__buf_12)
                                                         net679 (net)
                      0.138723    0.015055   21.991560 ^ _145283_/A (sky130_fd_sc_hd__nand2_2)
     1    0.005195    0.048260    0.064976   22.056536 v _145283_/Y (sky130_fd_sc_hd__nand2_2)
                                                         _073349_ (net)
                      0.048261    0.000165   22.056700 v _145284_/C1 (sky130_fd_sc_hd__o221ai_2)
     1    0.002632    0.143815    0.052079   22.108780 ^ _145284_/Y (sky130_fd_sc_hd__o221ai_2)
                                                         _008838_ (net)
                      0.143815    0.000078   22.108858 ^ _196504_/D (sky130_fd_sc_hd__dfrtp_2)
                                             22.108858   data arrival time

                                 20.000000   20.000000   clock clk_i (rise edge)
                                  0.000000   20.000000   clock source latency
     3    0.553677    0.150000    0.000000   20.000000 ^ clk_i (in)
                                                         clk_i (net)
                      1.802483    0.826242   20.826242 ^ clkbuf_regs_0_clk_i/A (sky130_fd_sc_hd__clkbuf_16)
     1    0.008116    0.075231    0.340210   21.166452 ^ clkbuf_regs_0_clk_i/X (sky130_fd_sc_hd__clkbuf_16)
                                                         clk_i_regs (net)
                      0.075231    0.000234   21.166687 ^ clkbuf_0_clk_i_regs/A (sky130_fd_sc_hd__clkbuf_16)
     2    0.111687    0.126029    0.200114   21.366800 ^ clkbuf_0_clk_i_regs/X (sky130_fd_sc_hd__clkbuf_16)
                                                         clknet_0_clk_i_regs (net)
                      0.128021    0.012481   21.379282 ^ clkbuf_1_1_0_clk_i_regs/A (sky130_fd_sc_hd__clkbuf_8)
     1    0.100037    0.177738    0.252358   21.631639 ^ clkbuf_1_1_0_clk_i_regs/X (sky130_fd_sc_hd__clkbuf_8)
                                                         clknet_1_1_0_clk_i_regs (net)
                      0.179155    0.012784   21.644424 ^ clkbuf_1_1_1_clk_i_regs/A (sky130_fd_sc_hd__clkbuf_8)
     2    0.074134    0.137796    0.234945   21.879368 ^ clkbuf_1_1_1_clk_i_regs/X (sky130_fd_sc_hd__clkbuf_8)
                                                         clknet_1_1_1_clk_i_regs (net)
                      0.142326    0.019677   21.899044 ^ clkbuf_2_2_0_clk_i_regs/A (sky130_fd_sc_hd__clkbuf_8)
     2    0.056485    0.109605    0.205407   22.104452 ^ clkbuf_2_2_0_clk_i_regs/X (sky130_fd_sc_hd__clkbuf_8)
                                                         clknet_2_2_0_clk_i_regs (net)
                      0.111952    0.012639   22.117090 ^ clkbuf_3_5_0_clk_i_regs/A (sky130_fd_sc_hd__clkbuf_8)
     4    0.352959    0.597353    0.505073   22.622164 ^ clkbuf_3_5_0_clk_i_regs/X (sky130_fd_sc_hd__clkbuf_8)
                                                         clknet_3_5_0_clk_i_regs (net)
                      0.610878    0.071649   22.693813 ^ clkbuf_4_10_0_clk_i_regs/A (sky130_fd_sc_hd__clkbuf_8)
     2    0.089323    0.164214    0.355728   23.049541 ^ clkbuf_4_10_0_clk_i_regs/X (sky130_fd_sc_hd__clkbuf_8)
                                                         clknet_4_10_0_clk_i_regs (net)
                      0.164689    0.006448   23.055990 ^ clkbuf_5_21_0_clk_i_regs/A (sky130_fd_sc_hd__clkbuf_8)
     4    0.175068    0.301879    0.348630   23.404619 ^ clkbuf_5_21_0_clk_i_regs/X (sky130_fd_sc_hd__clkbuf_8)
                                                         clknet_5_21_0_clk_i_regs (net)
                      0.302702    0.012962   23.417582 ^ clkbuf_7_84__f_clk_i_regs/A (sky130_fd_sc_hd__clkbuf_16)
    21    0.246264    0.256032    0.362565   23.780146 ^ clkbuf_7_84__f_clk_i_regs/X (sky130_fd_sc_hd__clkbuf_16)
                                                         clknet_7_84__leaf_clk_i_regs (net)
                      0.258662    0.020744   23.800890 ^ clkbuf_leaf_279_clk_i_regs/A (sky130_fd_sc_hd__clkbuf_8)
    11    0.035029    0.076255    0.222052   24.022942 ^ clkbuf_leaf_279_clk_i_regs/X (sky130_fd_sc_hd__clkbuf_8)
                                                         clknet_leaf_279_clk_i_regs (net)
                      0.076259    0.000657   24.023600 ^ _196504_/CLK (sky130_fd_sc_hd__dfrtp_2)
                                 -0.250000   23.773602   clock uncertainty
                                  0.000000   23.773602   clock reconvergence pessimism
                                 -0.081658   23.691944   library setup time
                                             23.691944   data required time
---------------------------------------------------------------------------------------------
                                             23.691944   data required time
                                            -22.108858   data arrival time
---------------------------------------------------------------------------------------------
                                              1.583086   slack (MET)


Startpoint: u_instruction_ram.g_sram[2].u_macro
            (falling edge-triggered flip-flop clocked by clk_i)
Endpoint: _196536_ (rising edge-triggered flip-flop clocked by clk_i)
Path Group: clk_i
Path Type: max

Fanout         Cap        Slew       Delay        Time   Description
---------------------------------------------------------------------------------------------
                                 10.000000   10.000000   clock clk_i (fall edge)
                                  0.000000   10.000000   clock source latency
     3    0.551646    0.150000    0.000000   10.000000 v clk_i (in)
                                                         clk_i (net)
                      1.757706    0.803853   10.803853 v clkbuf_0_clk_i/A (sky130_fd_sc_hd__clkbuf_16)
     2    0.114959    0.123871    0.739686   11.543539 v clkbuf_0_clk_i/X (sky130_fd_sc_hd__clkbuf_16)
                                                         clknet_0_clk_i (net)
                      0.124525    0.011698   11.555237 v clkbuf_1_0_0_clk_i/A (sky130_fd_sc_hd__clkbuf_8)
     1    0.057197    0.075753    0.209698   11.764935 v clkbuf_1_0_0_clk_i/X (sky130_fd_sc_hd__clkbuf_8)
                                                         clknet_1_0_0_clk_i (net)
                      0.079852    0.013629   11.778564 v clkbuf_1_0_1_clk_i/A (sky130_fd_sc_hd__clkbuf_8)
    11    0.964894    0.943762    0.521675   12.300240 v clkbuf_1_0_1_clk_i/X (sky130_fd_sc_hd__clkbuf_8)
                                                         clknet_1_0_1_clk_i (net)
                      1.237671    0.426757   12.726996 v clkbuf_leaf_3_clk_i/A (sky130_fd_sc_hd__clkbuf_8)
     4    0.122865    0.152541    0.614900   13.341897 v clkbuf_leaf_3_clk_i/X (sky130_fd_sc_hd__clkbuf_8)
                                                         clknet_leaf_3_clk_i (net)
                      0.205656    0.012004   13.353901 v u_instruction_ram.g_sram[2].u_macro/clk1 (sky130_sram_2kbyte_1rw1r_32x512_8)
     2    0.019077    0.011485    0.480981   13.834881 ^ u_instruction_ram.g_sram[2].u_macro/dout1[7] (sky130_sram_2kbyte_1rw1r_32x512_8)
                                                         u_instruction_ram.dout_r[39] (net)
                      0.008614    0.000755   13.835636 ^ wire4852/A (sky130_fd_sc_hd__buf_2)
     2    0.073480    0.356288    0.301148   14.136784 ^ wire4852/X (sky130_fd_sc_hd__buf_2)
                                                         net4852 (net)
                      0.358125    0.020862   14.157646 ^ wire4850/A (sky130_fd_sc_hd__buf_6)
     1    0.030012    0.072668    0.186147   14.343793 ^ wire4850/X (sky130_fd_sc_hd__buf_6)
                                                         net4850 (net)
                      0.073096    0.004358   14.348151 ^ wire4849/A (sky130_fd_sc_hd__buf_6)
     1    0.044618    0.096306    0.145977   14.494128 ^ wire4849/X (sky130_fd_sc_hd__buf_6)
                                                         net4849 (net)
                      0.097068    0.006851   14.500978 ^ _096099_/A0 (sky130_fd_sc_hd__mux2_4)
     2    0.169673    0.485650    0.434429   14.935408 ^ _096099_/X (sky130_fd_sc_hd__mux2_4)
                                                         _033364_ (net)
                      0.514246    0.091662   15.027070 ^ _096101_/A0 (sky130_fd_sc_hd__mux2_4)
     1    0.063246    0.195066    0.371507   15.398577 ^ _096101_/X (sky130_fd_sc_hd__mux2_4)
                                                         _033366_ (net)
                      0.197501    0.017396   15.415973 ^ _096102_/A1 (sky130_fd_sc_hd__mux2_2)
     1    0.002428    0.045314    0.180314   15.596288 ^ _096102_/X (sky130_fd_sc_hd__mux2_2)
                                                         _033367_ (net)
                      0.045314    0.000048   15.596335 ^ _096103_/A (sky130_fd_sc_hd__clkbuf_1)
     2    0.021415    0.254840    0.227221   15.823556 ^ _096103_/X (sky130_fd_sc_hd__clkbuf_1)
                                                         iram_m0_rdata[7] (net)
                      0.254852    0.001485   15.825041 ^ wire2416/A (sky130_fd_sc_hd__buf_4)
     8    0.097079    0.269607    0.325267   16.150309 ^ wire2416/X (sky130_fd_sc_hd__buf_4)
                                                         net2416 (net)
                      0.272393    0.022117   16.172426 ^ _136653_/B1 (sky130_fd_sc_hd__a221o_2)
     1    0.003524    0.053462    0.202537   16.374962 ^ _136653_/X (sky130_fd_sc_hd__a221o_2)
                                                         _065422_ (net)
                      0.053462    0.000105   16.375067 ^ _136654_/D1 (sky130_fd_sc_hd__a2111o_2)
     2    0.562089    2.590986    1.478929   17.853996 ^ _136654_/X (sky130_fd_sc_hd__a2111o_2)
                                                         _065423_ (net)
                      2.820378    0.590791   18.444788 ^ _136655_/B (sky130_fd_sc_hd__nand2_4)
     2    0.025427    0.353506    0.188827   18.633614 v _136655_/Y (sky130_fd_sc_hd__nand2_4)
                                                         _065424_ (net)
                      0.353512    0.001089   18.634703 v rebuffer7887/A (sky130_fd_sc_hd__buf_2)
     1    0.002997    0.029691    0.239543   18.874247 v rebuffer7887/X (sky130_fd_sc_hd__buf_2)
                                                         net7887 (net)
                      0.029691    0.000094   18.874340 v rebuffer7883/A (sky130_fd_sc_hd__buf_2)
     4    0.021560    0.062633    0.149729   19.024071 v rebuffer7883/X (sky130_fd_sc_hd__buf_2)
                                                         net7883 (net)
                      0.062652    0.001039   19.025108 v _138400_/A2 (sky130_fd_sc_hd__o21ai_2)
     1    0.005143    0.108833    0.123320   19.148430 ^ _138400_/Y (sky130_fd_sc_hd__o21ai_2)
                                                         _067161_ (net)
                      0.108833    0.000153   19.148582 ^ _138401_/A (sky130_fd_sc_hd__inv_2)
     2    0.007401    0.034699    0.049877   19.198458 v _138401_/Y (sky130_fd_sc_hd__inv_2)
                                                         _067162_ (net)
                      0.034699    0.000167   19.198626 v _138673_/B1 (sky130_fd_sc_hd__a221o_2)
     2    0.020253    0.097486    0.388326   19.586952 v _138673_/X (sky130_fd_sc_hd__a221o_2)
                                                         _067433_ (net)
                      0.097489    0.000705   19.587656 v _138674_/A (sky130_fd_sc_hd__nand2_8)
     4    0.055329    0.110586    0.127587   19.715242 ^ _138674_/Y (sky130_fd_sc_hd__nand2_8)
                                                         _067434_ (net)
                      0.110605    0.001162   19.716406 ^ clone14024/A (sky130_fd_sc_hd__clkinvlp_4)
     6    0.050029    0.243668    0.248038   19.964443 v clone14024/Y (sky130_fd_sc_hd__clkinvlp_4)
                                                         net14024 (net)
                      0.243732    0.000993   19.965437 v _139782_/B1 (sky130_fd_sc_hd__o21ai_2)
     2    0.005376    0.111607    0.129663   20.095100 ^ _139782_/Y (sky130_fd_sc_hd__o21ai_2)
                                                         _068538_ (net)
                      0.111607    0.000137   20.095236 ^ _139783_/A0 (sky130_fd_sc_hd__mux2_4)
     1    0.047558    0.152500    0.252161   20.347397 ^ _139783_/X (sky130_fd_sc_hd__mux2_4)
                                                         _068539_ (net)
                      0.153182    0.007729   20.355125 ^ wire702/A (sky130_fd_sc_hd__buf_12)
     3    0.068600    0.089257    0.162702   20.517828 ^ wire702/X (sky130_fd_sc_hd__buf_12)
                                                         net702 (net)
                      0.092617    0.013529   20.531357 ^ rebuffer14006/A (sky130_fd_sc_hd__buf_2)
    13    0.220037    1.046904    0.814369   21.345726 ^ rebuffer14006/X (sky130_fd_sc_hd__buf_2)
                                                         net14006 (net)
                      1.048035    0.028669   21.374393 ^ _144182_/A (sky130_fd_sc_hd__clkbuf_2)
     6    0.041790    0.231852    0.391893   21.766287 ^ _144182_/X (sky130_fd_sc_hd__clkbuf_2)
                                                         _072696_ (net)
                      0.231853    0.000975   21.767262 ^ max_cap679/A (sky130_fd_sc_hd__buf_12)
    14    0.111076    0.136068    0.209242   21.976505 ^ max_cap679/X (sky130_fd_sc_hd__buf_12)
                                                         net679 (net)
                      0.138357    0.014030   21.990534 ^ _145358_/A (sky130_fd_sc_hd__nand2_2)
     1    0.004233    0.045520    0.061187   22.051722 v _145358_/Y (sky130_fd_sc_hd__nand2_2)
                                                         _073392_ (net)
                      0.045520    0.000080   22.051802 v _145359_/C1 (sky130_fd_sc_hd__o221ai_2)
     1    0.002532    0.142852    0.050488   22.102289 ^ _145359_/Y (sky130_fd_sc_hd__o221ai_2)
                                                         _008870_ (net)
                      0.142852    0.000071   22.102360 ^ _196536_/D (sky130_fd_sc_hd__dfrtp_2)
                                             22.102360   data arrival time

                                 20.000000   20.000000   clock clk_i (rise edge)
                                  0.000000   20.000000   clock source latency
     3    0.553677    0.150000    0.000000   20.000000 ^ clk_i (in)
                                                         clk_i (net)
                      1.802483    0.826242   20.826242 ^ clkbuf_regs_0_clk_i/A (sky130_fd_sc_hd__clkbuf_16)
     1    0.008116    0.075231    0.340210   21.166452 ^ clkbuf_regs_0_clk_i/X (sky130_fd_sc_hd__clkbuf_16)
                                                         clk_i_regs (net)
                      0.075231    0.000234   21.166687 ^ clkbuf_0_clk_i_regs/A (sky130_fd_sc_hd__clkbuf_16)
     2    0.111687    0.126029    0.200114   21.366800 ^ clkbuf_0_clk_i_regs/X (sky130_fd_sc_hd__clkbuf_16)
                                                         clknet_0_clk_i_regs (net)
                      0.128021    0.012481   21.379282 ^ clkbuf_1_1_0_clk_i_regs/A (sky130_fd_sc_hd__clkbuf_8)
     1    0.100037    0.177738    0.252358   21.631639 ^ clkbuf_1_1_0_clk_i_regs/X (sky130_fd_sc_hd__clkbuf_8)
                                                         clknet_1_1_0_clk_i_regs (net)
                      0.179155    0.012784   21.644424 ^ clkbuf_1_1_1_clk_i_regs/A (sky130_fd_sc_hd__clkbuf_8)
     2    0.074134    0.137796    0.234945   21.879368 ^ clkbuf_1_1_1_clk_i_regs/X (sky130_fd_sc_hd__clkbuf_8)
                                                         clknet_1_1_1_clk_i_regs (net)
                      0.142326    0.019677   21.899044 ^ clkbuf_2_2_0_clk_i_regs/A (sky130_fd_sc_hd__clkbuf_8)
     2    0.056485    0.109605    0.205407   22.104452 ^ clkbuf_2_2_0_clk_i_regs/X (sky130_fd_sc_hd__clkbuf_8)
                                                         clknet_2_2_0_clk_i_regs (net)
                      0.111952    0.012639   22.117090 ^ clkbuf_3_5_0_clk_i_regs/A (sky130_fd_sc_hd__clkbuf_8)
     4    0.352959    0.597353    0.505073   22.622164 ^ clkbuf_3_5_0_clk_i_regs/X (sky130_fd_sc_hd__clkbuf_8)
                                                         clknet_3_5_0_clk_i_regs (net)
                      0.610878    0.071649   22.693813 ^ clkbuf_4_10_0_clk_i_regs/A (sky130_fd_sc_hd__clkbuf_8)
     2    0.089323    0.164214    0.355728   23.049541 ^ clkbuf_4_10_0_clk_i_regs/X (sky130_fd_sc_hd__clkbuf_8)
                                                         clknet_4_10_0_clk_i_regs (net)
                      0.164689    0.006448   23.055990 ^ clkbuf_5_21_0_clk_i_regs/A (sky130_fd_sc_hd__clkbuf_8)
     4    0.175068    0.301879    0.348630   23.404619 ^ clkbuf_5_21_0_clk_i_regs/X (sky130_fd_sc_hd__clkbuf_8)
                                                         clknet_5_21_0_clk_i_regs (net)
                      0.302702    0.012962   23.417582 ^ clkbuf_7_84__f_clk_i_regs/A (sky130_fd_sc_hd__clkbuf_16)
    21    0.246264    0.256032    0.362565   23.780146 ^ clkbuf_7_84__f_clk_i_regs/X (sky130_fd_sc_hd__clkbuf_16)
                                                         clknet_7_84__leaf_clk_i_regs (net)
                      0.258662    0.020744   23.800890 ^ clkbuf_leaf_279_clk_i_regs/A (sky130_fd_sc_hd__clkbuf_8)
    11    0.035029    0.076255    0.222052   24.022942 ^ clkbuf_leaf_279_clk_i_regs/X (sky130_fd_sc_hd__clkbuf_8)
                                                         clknet_leaf_279_clk_i_regs (net)
                      0.076259    0.000663   24.023605 ^ _196536_/CLK (sky130_fd_sc_hd__dfrtp_2)
                                 -0.250000   23.773605   clock uncertainty
                                  0.000000   23.773605   clock reconvergence pessimism
                                 -0.081435   23.692171   library setup time
                                             23.692171   data required time
---------------------------------------------------------------------------------------------
                                             23.692171   data required time
                                            -22.102360   data arrival time
---------------------------------------------------------------------------------------------
                                              1.589811   slack (MET)


Startpoint: u_instruction_ram.g_sram[2].u_macro
            (falling edge-triggered flip-flop clocked by clk_i)
Endpoint: _196023_ (rising edge-triggered flip-flop clocked by clk_i)
Path Group: clk_i
Path Type: max

Fanout         Cap        Slew       Delay        Time   Description
---------------------------------------------------------------------------------------------
                                 10.000000   10.000000   clock clk_i (fall edge)
                                  0.000000   10.000000   clock source latency
     3    0.551646    0.150000    0.000000   10.000000 v clk_i (in)
                                                         clk_i (net)
                      1.757706    0.803853   10.803853 v clkbuf_0_clk_i/A (sky130_fd_sc_hd__clkbuf_16)
     2    0.114959    0.123871    0.739686   11.543539 v clkbuf_0_clk_i/X (sky130_fd_sc_hd__clkbuf_16)
                                                         clknet_0_clk_i (net)
                      0.124525    0.011698   11.555237 v clkbuf_1_0_0_clk_i/A (sky130_fd_sc_hd__clkbuf_8)
     1    0.057197    0.075753    0.209698   11.764935 v clkbuf_1_0_0_clk_i/X (sky130_fd_sc_hd__clkbuf_8)
                                                         clknet_1_0_0_clk_i (net)
                      0.079852    0.013629   11.778564 v clkbuf_1_0_1_clk_i/A (sky130_fd_sc_hd__clkbuf_8)
    11    0.964894    0.943762    0.521675   12.300240 v clkbuf_1_0_1_clk_i/X (sky130_fd_sc_hd__clkbuf_8)
                                                         clknet_1_0_1_clk_i (net)
                      1.237671    0.426757   12.726996 v clkbuf_leaf_3_clk_i/A (sky130_fd_sc_hd__clkbuf_8)
     4    0.122865    0.152541    0.614900   13.341897 v clkbuf_leaf_3_clk_i/X (sky130_fd_sc_hd__clkbuf_8)
                                                         clknet_leaf_3_clk_i (net)
                      0.205656    0.012004   13.353901 v u_instruction_ram.g_sram[2].u_macro/clk1 (sky130_sram_2kbyte_1rw1r_32x512_8)
     2    0.019077    0.011485    0.480981   13.834881 ^ u_instruction_ram.g_sram[2].u_macro/dout1[7] (sky130_sram_2kbyte_1rw1r_32x512_8)
                                                         u_instruction_ram.dout_r[39] (net)
                      0.008614    0.000755   13.835636 ^ wire4852/A (sky130_fd_sc_hd__buf_2)
     2    0.073480    0.356288    0.301148   14.136784 ^ wire4852/X (sky130_fd_sc_hd__buf_2)
                                                         net4852 (net)
                      0.358125    0.020862   14.157646 ^ wire4850/A (sky130_fd_sc_hd__buf_6)
     1    0.030012    0.072668    0.186147   14.343793 ^ wire4850/X (sky130_fd_sc_hd__buf_6)
                                                         net4850 (net)
                      0.073096    0.004358   14.348151 ^ wire4849/A (sky130_fd_sc_hd__buf_6)
     1    0.044618    0.096306    0.145977   14.494128 ^ wire4849/X (sky130_fd_sc_hd__buf_6)
                                                         net4849 (net)
                      0.097068    0.006851   14.500978 ^ _096099_/A0 (sky130_fd_sc_hd__mux2_4)
     2    0.169673    0.485650    0.434429   14.935408 ^ _096099_/X (sky130_fd_sc_hd__mux2_4)
                                                         _033364_ (net)
                      0.514246    0.091662   15.027070 ^ _096101_/A0 (sky130_fd_sc_hd__mux2_4)
     1    0.063246    0.195066    0.371507   15.398577 ^ _096101_/X (sky130_fd_sc_hd__mux2_4)
                                                         _033366_ (net)
                      0.197501    0.017396   15.415973 ^ _096102_/A1 (sky130_fd_sc_hd__mux2_2)
     1    0.002428    0.045314    0.180314   15.596288 ^ _096102_/X (sky130_fd_sc_hd__mux2_2)
                                                         _033367_ (net)
                      0.045314    0.000048   15.596335 ^ _096103_/A (sky130_fd_sc_hd__clkbuf_1)
     2    0.021415    0.254840    0.227221   15.823556 ^ _096103_/X (sky130_fd_sc_hd__clkbuf_1)
                                                         iram_m0_rdata[7] (net)
                      0.254852    0.001485   15.825041 ^ wire2416/A (sky130_fd_sc_hd__buf_4)
     8    0.097079    0.269607    0.325267   16.150309 ^ wire2416/X (sky130_fd_sc_hd__buf_4)
                                                         net2416 (net)
                      0.272393    0.022117   16.172426 ^ _136653_/B1 (sky130_fd_sc_hd__a221o_2)
     1    0.003524    0.053462    0.202537   16.374962 ^ _136653_/X (sky130_fd_sc_hd__a221o_2)
                                                         _065422_ (net)
                      0.053462    0.000105   16.375067 ^ _136654_/D1 (sky130_fd_sc_hd__a2111o_2)
     2    0.562089    2.590986    1.478929   17.853996 ^ _136654_/X (sky130_fd_sc_hd__a2111o_2)
                                                         _065423_ (net)
                      2.820378    0.590791   18.444788 ^ _136655_/B (sky130_fd_sc_hd__nand2_4)
     2    0.025427    0.353506    0.188827   18.633614 v _136655_/Y (sky130_fd_sc_hd__nand2_4)
                                                         _065424_ (net)
                      0.353512    0.001089   18.634703 v rebuffer7887/A (sky130_fd_sc_hd__buf_2)
     1    0.002997    0.029691    0.239543   18.874247 v rebuffer7887/X (sky130_fd_sc_hd__buf_2)
                                                         net7887 (net)
                      0.029691    0.000094   18.874340 v rebuffer7883/A (sky130_fd_sc_hd__buf_2)
     4    0.021560    0.062633    0.149729   19.024071 v rebuffer7883/X (sky130_fd_sc_hd__buf_2)
                                                         net7883 (net)
                      0.062652    0.001039   19.025108 v _138400_/A2 (sky130_fd_sc_hd__o21ai_2)
     1    0.005143    0.108833    0.123320   19.148430 ^ _138400_/Y (sky130_fd_sc_hd__o21ai_2)
                                                         _067161_ (net)
                      0.108833    0.000153   19.148582 ^ _138401_/A (sky130_fd_sc_hd__inv_2)
     2    0.007401    0.034699    0.049877   19.198458 v _138401_/Y (sky130_fd_sc_hd__inv_2)
                                                         _067162_ (net)
                      0.034699    0.000167   19.198626 v _138673_/B1 (sky130_fd_sc_hd__a221o_2)
     2    0.020253    0.097486    0.388326   19.586952 v _138673_/X (sky130_fd_sc_hd__a221o_2)
                                                         _067433_ (net)
                      0.097489    0.000705   19.587656 v _138674_/A (sky130_fd_sc_hd__nand2_8)
     4    0.055329    0.110586    0.127587   19.715242 ^ _138674_/Y (sky130_fd_sc_hd__nand2_8)
                                                         _067434_ (net)
                      0.110605    0.001162   19.716406 ^ clone14024/A (sky130_fd_sc_hd__clkinvlp_4)
     6    0.050029    0.243668    0.248038   19.964443 v clone14024/Y (sky130_fd_sc_hd__clkinvlp_4)
                                                         net14024 (net)
                      0.243741    0.001627   19.966070 v _139500_/B1 (sky130_fd_sc_hd__o21ai_2)
     2    0.007243    0.126439    0.141906   20.107977 ^ _139500_/Y (sky130_fd_sc_hd__o21ai_2)
                                                         _068257_ (net)
                      0.126439    0.000211   20.108189 ^ _139501_/A0 (sky130_fd_sc_hd__mux2_4)
     1    0.051972    0.162628    0.265503   20.373692 ^ _139501_/X (sky130_fd_sc_hd__mux2_4)
                                                         _068258_ (net)
                      0.163602    0.009514   20.383205 ^ wire703/A (sky130_fd_sc_hd__buf_12)
     3    0.064344    0.084522    0.166253   20.549458 ^ wire703/X (sky130_fd_sc_hd__buf_12)
                                                         net703 (net)
                      0.084768    0.003613   20.553070 ^ rebuffer14003/A (sky130_fd_sc_hd__buf_2)
    13    0.252449    1.206526    0.909596   21.462667 ^ rebuffer14003/X (sky130_fd_sc_hd__buf_2)
                                                         net14003 (net)
                      1.208802    0.043400   21.506067 ^ _144071_/A (sky130_fd_sc_hd__clkbuf_2)
     7    0.050418    0.277648    0.434147   21.940214 ^ _144071_/X (sky130_fd_sc_hd__clkbuf_2)
                                                         _072618_ (net)
                      0.277674    0.002892   21.943106 ^ _144072_/A (sky130_fd_sc_hd__nand2_2)
     1    0.006352    0.074525    0.087875   22.030981 v _144072_/Y (sky130_fd_sc_hd__nand2_2)
                                                         _072619_ (net)
                      0.074525    0.000240   22.031219 v _144073_/C1 (sky130_fd_sc_hd__o221ai_2)
     1    0.002343    0.158972    0.061844   22.093063 ^ _144073_/Y (sky130_fd_sc_hd__o221ai_2)
                                                         _008357_ (net)
                      0.158972    0.000068   22.093132 ^ _196023_/D (sky130_fd_sc_hd__dfrtp_2)
                                             22.093132   data arrival time

                                 20.000000   20.000000   clock clk_i (rise edge)
                                  0.000000   20.000000   clock source latency
     3    0.553677    0.150000    0.000000   20.000000 ^ clk_i (in)
                                                         clk_i (net)
                      1.802483    0.826242   20.826242 ^ clkbuf_regs_0_clk_i/A (sky130_fd_sc_hd__clkbuf_16)
     1    0.008116    0.075231    0.340210   21.166452 ^ clkbuf_regs_0_clk_i/X (sky130_fd_sc_hd__clkbuf_16)
                                                         clk_i_regs (net)
                      0.075231    0.000234   21.166687 ^ clkbuf_0_clk_i_regs/A (sky130_fd_sc_hd__clkbuf_16)
     2    0.111687    0.126029    0.200114   21.366800 ^ clkbuf_0_clk_i_regs/X (sky130_fd_sc_hd__clkbuf_16)
                                                         clknet_0_clk_i_regs (net)
                      0.128021    0.012481   21.379282 ^ clkbuf_1_1_0_clk_i_regs/A (sky130_fd_sc_hd__clkbuf_8)
     1    0.100037    0.177738    0.252358   21.631639 ^ clkbuf_1_1_0_clk_i_regs/X (sky130_fd_sc_hd__clkbuf_8)
                                                         clknet_1_1_0_clk_i_regs (net)
                      0.179155    0.012784   21.644424 ^ clkbuf_1_1_1_clk_i_regs/A (sky130_fd_sc_hd__clkbuf_8)
     2    0.074134    0.137796    0.234945   21.879368 ^ clkbuf_1_1_1_clk_i_regs/X (sky130_fd_sc_hd__clkbuf_8)
                                                         clknet_1_1_1_clk_i_regs (net)
                      0.142326    0.019677   21.899044 ^ clkbuf_2_2_0_clk_i_regs/A (sky130_fd_sc_hd__clkbuf_8)
     2    0.056485    0.109605    0.205407   22.104452 ^ clkbuf_2_2_0_clk_i_regs/X (sky130_fd_sc_hd__clkbuf_8)
                                                         clknet_2_2_0_clk_i_regs (net)
                      0.111952    0.012639   22.117090 ^ clkbuf_3_5_0_clk_i_regs/A (sky130_fd_sc_hd__clkbuf_8)
     4    0.352959    0.597353    0.505073   22.622164 ^ clkbuf_3_5_0_clk_i_regs/X (sky130_fd_sc_hd__clkbuf_8)
                                                         clknet_3_5_0_clk_i_regs (net)
                      0.610878    0.071649   22.693813 ^ clkbuf_4_10_0_clk_i_regs/A (sky130_fd_sc_hd__clkbuf_8)
     2    0.089323    0.164214    0.355728   23.049541 ^ clkbuf_4_10_0_clk_i_regs/X (sky130_fd_sc_hd__clkbuf_8)
                                                         clknet_4_10_0_clk_i_regs (net)
                      0.164689    0.006448   23.055990 ^ clkbuf_5_21_0_clk_i_regs/A (sky130_fd_sc_hd__clkbuf_8)
     4    0.175068    0.301879    0.348630   23.404619 ^ clkbuf_5_21_0_clk_i_regs/X (sky130_fd_sc_hd__clkbuf_8)
                                                         clknet_5_21_0_clk_i_regs (net)
                      0.302702    0.012962   23.417582 ^ clkbuf_7_84__f_clk_i_regs/A (sky130_fd_sc_hd__clkbuf_16)
    21    0.246264    0.256032    0.362565   23.780146 ^ clkbuf_7_84__f_clk_i_regs/X (sky130_fd_sc_hd__clkbuf_16)
                                                         clknet_7_84__leaf_clk_i_regs (net)
                      0.258230    0.018996   23.799143 ^ clkbuf_leaf_265_clk_i_regs/A (sky130_fd_sc_hd__clkbuf_8)
    11    0.036872    0.079046    0.224187   24.023331 ^ clkbuf_leaf_265_clk_i_regs/X (sky130_fd_sc_hd__clkbuf_8)
                                                         clknet_leaf_265_clk_i_regs (net)
                      0.079049    0.000632   24.023962 ^ _196023_/CLK (sky130_fd_sc_hd__dfrtp_2)
                                 -0.250000   23.773964   clock uncertainty
                                  0.000000   23.773964   clock reconvergence pessimism
                                 -0.084733   23.689230   library setup time
                                             23.689230   data required time
---------------------------------------------------------------------------------------------
                                             23.689230   data required time
                                            -22.093132   data arrival time
---------------------------------------------------------------------------------------------
                                              1.596097   slack (MET)


Startpoint: u_instruction_ram.g_sram[2].u_macro
            (falling edge-triggered flip-flop clocked by clk_i)
Endpoint: _196055_ (rising edge-triggered flip-flop clocked by clk_i)
Path Group: clk_i
Path Type: max

Fanout         Cap        Slew       Delay        Time   Description
---------------------------------------------------------------------------------------------
                                 10.000000   10.000000   clock clk_i (fall edge)
                                  0.000000   10.000000   clock source latency
     3    0.551646    0.150000    0.000000   10.000000 v clk_i (in)
                                                         clk_i (net)
                      1.757706    0.803853   10.803853 v clkbuf_0_clk_i/A (sky130_fd_sc_hd__clkbuf_16)
     2    0.114959    0.123871    0.739686   11.543539 v clkbuf_0_clk_i/X (sky130_fd_sc_hd__clkbuf_16)
                                                         clknet_0_clk_i (net)
                      0.124525    0.011698   11.555237 v clkbuf_1_0_0_clk_i/A (sky130_fd_sc_hd__clkbuf_8)
     1    0.057197    0.075753    0.209698   11.764935 v clkbuf_1_0_0_clk_i/X (sky130_fd_sc_hd__clkbuf_8)
                                                         clknet_1_0_0_clk_i (net)
                      0.079852    0.013629   11.778564 v clkbuf_1_0_1_clk_i/A (sky130_fd_sc_hd__clkbuf_8)
    11    0.964894    0.943762    0.521675   12.300240 v clkbuf_1_0_1_clk_i/X (sky130_fd_sc_hd__clkbuf_8)
                                                         clknet_1_0_1_clk_i (net)
                      1.237671    0.426757   12.726996 v clkbuf_leaf_3_clk_i/A (sky130_fd_sc_hd__clkbuf_8)
     4    0.122865    0.152541    0.614900   13.341897 v clkbuf_leaf_3_clk_i/X (sky130_fd_sc_hd__clkbuf_8)
                                                         clknet_leaf_3_clk_i (net)
                      0.205656    0.012004   13.353901 v u_instruction_ram.g_sram[2].u_macro/clk1 (sky130_sram_2kbyte_1rw1r_32x512_8)
     2    0.019077    0.011485    0.480981   13.834881 ^ u_instruction_ram.g_sram[2].u_macro/dout1[7] (sky130_sram_2kbyte_1rw1r_32x512_8)
                                                         u_instruction_ram.dout_r[39] (net)
                      0.008614    0.000755   13.835636 ^ wire4852/A (sky130_fd_sc_hd__buf_2)
     2    0.073480    0.356288    0.301148   14.136784 ^ wire4852/X (sky130_fd_sc_hd__buf_2)
                                                         net4852 (net)
                      0.358125    0.020862   14.157646 ^ wire4850/A (sky130_fd_sc_hd__buf_6)
     1    0.030012    0.072668    0.186147   14.343793 ^ wire4850/X (sky130_fd_sc_hd__buf_6)
                                                         net4850 (net)
                      0.073096    0.004358   14.348151 ^ wire4849/A (sky130_fd_sc_hd__buf_6)
     1    0.044618    0.096306    0.145977   14.494128 ^ wire4849/X (sky130_fd_sc_hd__buf_6)
                                                         net4849 (net)
                      0.097068    0.006851   14.500978 ^ _096099_/A0 (sky130_fd_sc_hd__mux2_4)
     2    0.169673    0.485650    0.434429   14.935408 ^ _096099_/X (sky130_fd_sc_hd__mux2_4)
                                                         _033364_ (net)
                      0.514246    0.091662   15.027070 ^ _096101_/A0 (sky130_fd_sc_hd__mux2_4)
     1    0.063246    0.195066    0.371507   15.398577 ^ _096101_/X (sky130_fd_sc_hd__mux2_4)
                                                         _033366_ (net)
                      0.197501    0.017396   15.415973 ^ _096102_/A1 (sky130_fd_sc_hd__mux2_2)
     1    0.002428    0.045314    0.180314   15.596288 ^ _096102_/X (sky130_fd_sc_hd__mux2_2)
                                                         _033367_ (net)
                      0.045314    0.000048   15.596335 ^ _096103_/A (sky130_fd_sc_hd__clkbuf_1)
     2    0.021415    0.254840    0.227221   15.823556 ^ _096103_/X (sky130_fd_sc_hd__clkbuf_1)
                                                         iram_m0_rdata[7] (net)
                      0.254852    0.001485   15.825041 ^ wire2416/A (sky130_fd_sc_hd__buf_4)
     8    0.097079    0.269607    0.325267   16.150309 ^ wire2416/X (sky130_fd_sc_hd__buf_4)
                                                         net2416 (net)
                      0.272393    0.022117   16.172426 ^ _136653_/B1 (sky130_fd_sc_hd__a221o_2)
     1    0.003524    0.053462    0.202537   16.374962 ^ _136653_/X (sky130_fd_sc_hd__a221o_2)
                                                         _065422_ (net)
                      0.053462    0.000105   16.375067 ^ _136654_/D1 (sky130_fd_sc_hd__a2111o_2)
     2    0.562089    2.590986    1.478929   17.853996 ^ _136654_/X (sky130_fd_sc_hd__a2111o_2)
                                                         _065423_ (net)
                      2.820378    0.590791   18.444788 ^ _136655_/B (sky130_fd_sc_hd__nand2_4)
     2    0.025427    0.353506    0.188827   18.633614 v _136655_/Y (sky130_fd_sc_hd__nand2_4)
                                                         _065424_ (net)
                      0.353512    0.001089   18.634703 v rebuffer7887/A (sky130_fd_sc_hd__buf_2)
     1    0.002997    0.029691    0.239543   18.874247 v rebuffer7887/X (sky130_fd_sc_hd__buf_2)
                                                         net7887 (net)
                      0.029691    0.000094   18.874340 v rebuffer7883/A (sky130_fd_sc_hd__buf_2)
     4    0.021560    0.062633    0.149729   19.024071 v rebuffer7883/X (sky130_fd_sc_hd__buf_2)
                                                         net7883 (net)
                      0.062652    0.001039   19.025108 v _138400_/A2 (sky130_fd_sc_hd__o21ai_2)
     1    0.005143    0.108833    0.123320   19.148430 ^ _138400_/Y (sky130_fd_sc_hd__o21ai_2)
                                                         _067161_ (net)
                      0.108833    0.000153   19.148582 ^ _138401_/A (sky130_fd_sc_hd__inv_2)
     2    0.007401    0.034699    0.049877   19.198458 v _138401_/Y (sky130_fd_sc_hd__inv_2)
                                                         _067162_ (net)
                      0.034699    0.000167   19.198626 v _138673_/B1 (sky130_fd_sc_hd__a221o_2)
     2    0.020253    0.097486    0.388326   19.586952 v _138673_/X (sky130_fd_sc_hd__a221o_2)
                                                         _067433_ (net)
                      0.097489    0.000705   19.587656 v _138674_/A (sky130_fd_sc_hd__nand2_8)
     4    0.055329    0.110586    0.127587   19.715242 ^ _138674_/Y (sky130_fd_sc_hd__nand2_8)
                                                         _067434_ (net)
                      0.110605    0.001162   19.716406 ^ clone14024/A (sky130_fd_sc_hd__clkinvlp_4)
     6    0.050029    0.243668    0.248038   19.964443 v clone14024/Y (sky130_fd_sc_hd__clkinvlp_4)
                                                         net14024 (net)
                      0.243741    0.001627   19.966070 v _139500_/B1 (sky130_fd_sc_hd__o21ai_2)
     2    0.007243    0.126439    0.141906   20.107977 ^ _139500_/Y (sky130_fd_sc_hd__o21ai_2)
                                                         _068257_ (net)
                      0.126439    0.000211   20.108189 ^ _139501_/A0 (sky130_fd_sc_hd__mux2_4)
     1    0.051972    0.162628    0.265503   20.373692 ^ _139501_/X (sky130_fd_sc_hd__mux2_4)
                                                         _068258_ (net)
                      0.163602    0.009514   20.383205 ^ wire703/A (sky130_fd_sc_hd__buf_12)
     3    0.064344    0.084522    0.166253   20.549458 ^ wire703/X (sky130_fd_sc_hd__buf_12)
                                                         net703 (net)
                      0.084768    0.003613   20.553070 ^ rebuffer14003/A (sky130_fd_sc_hd__buf_2)
    13    0.252449    1.206526    0.909596   21.462667 ^ rebuffer14003/X (sky130_fd_sc_hd__buf_2)
                                                         net14003 (net)
                      1.208802    0.043400   21.506067 ^ _144071_/A (sky130_fd_sc_hd__clkbuf_2)
     7    0.050418    0.277648    0.434147   21.940214 ^ _144071_/X (sky130_fd_sc_hd__clkbuf_2)
                                                         _072618_ (net)
                      0.277691    0.003523   21.943737 ^ _144180_/A (sky130_fd_sc_hd__nand2_2)
     1    0.005267    0.070784    0.081691   22.025427 v _144180_/Y (sky130_fd_sc_hd__nand2_2)
                                                         _072695_ (net)
                      0.070784    0.000167   22.025595 v _144181_/C1 (sky130_fd_sc_hd__o221ai_2)
     1    0.002543    0.159628    0.061158   22.086752 ^ _144181_/Y (sky130_fd_sc_hd__o221ai_2)
                                                         _008389_ (net)
                      0.159628    0.000075   22.086826 ^ _196055_/D (sky130_fd_sc_hd__dfrtp_2)
                                             22.086826   data arrival time

                                 20.000000   20.000000   clock clk_i (rise edge)
                                  0.000000   20.000000   clock source latency
     3    0.553677    0.150000    0.000000   20.000000 ^ clk_i (in)
                                                         clk_i (net)
                      1.802483    0.826242   20.826242 ^ clkbuf_regs_0_clk_i/A (sky130_fd_sc_hd__clkbuf_16)
     1    0.008116    0.075231    0.340210   21.166452 ^ clkbuf_regs_0_clk_i/X (sky130_fd_sc_hd__clkbuf_16)
                                                         clk_i_regs (net)
                      0.075231    0.000234   21.166687 ^ clkbuf_0_clk_i_regs/A (sky130_fd_sc_hd__clkbuf_16)
     2    0.111687    0.126029    0.200114   21.366800 ^ clkbuf_0_clk_i_regs/X (sky130_fd_sc_hd__clkbuf_16)
                                                         clknet_0_clk_i_regs (net)
                      0.128021    0.012481   21.379282 ^ clkbuf_1_1_0_clk_i_regs/A (sky130_fd_sc_hd__clkbuf_8)
     1    0.100037    0.177738    0.252358   21.631639 ^ clkbuf_1_1_0_clk_i_regs/X (sky130_fd_sc_hd__clkbuf_8)
                                                         clknet_1_1_0_clk_i_regs (net)
                      0.179155    0.012784   21.644424 ^ clkbuf_1_1_1_clk_i_regs/A (sky130_fd_sc_hd__clkbuf_8)
     2    0.074134    0.137796    0.234945   21.879368 ^ clkbuf_1_1_1_clk_i_regs/X (sky130_fd_sc_hd__clkbuf_8)
                                                         clknet_1_1_1_clk_i_regs (net)
                      0.142326    0.019677   21.899044 ^ clkbuf_2_2_0_clk_i_regs/A (sky130_fd_sc_hd__clkbuf_8)
     2    0.056485    0.109605    0.205407   22.104452 ^ clkbuf_2_2_0_clk_i_regs/X (sky130_fd_sc_hd__clkbuf_8)
                                                         clknet_2_2_0_clk_i_regs (net)
                      0.111952    0.012639   22.117090 ^ clkbuf_3_5_0_clk_i_regs/A (sky130_fd_sc_hd__clkbuf_8)
     4    0.352959    0.597353    0.505073   22.622164 ^ clkbuf_3_5_0_clk_i_regs/X (sky130_fd_sc_hd__clkbuf_8)
                                                         clknet_3_5_0_clk_i_regs (net)
                      0.610878    0.071649   22.693813 ^ clkbuf_4_10_0_clk_i_regs/A (sky130_fd_sc_hd__clkbuf_8)
     2    0.089323    0.164214    0.355728   23.049541 ^ clkbuf_4_10_0_clk_i_regs/X (sky130_fd_sc_hd__clkbuf_8)
                                                         clknet_4_10_0_clk_i_regs (net)
                      0.164689    0.006448   23.055990 ^ clkbuf_5_21_0_clk_i_regs/A (sky130_fd_sc_hd__clkbuf_8)
     4    0.175068    0.301879    0.348630   23.404619 ^ clkbuf_5_21_0_clk_i_regs/X (sky130_fd_sc_hd__clkbuf_8)
                                                         clknet_5_21_0_clk_i_regs (net)
                      0.302702    0.012962   23.417582 ^ clkbuf_7_84__f_clk_i_regs/A (sky130_fd_sc_hd__clkbuf_16)
    21    0.246264    0.256032    0.362565   23.780146 ^ clkbuf_7_84__f_clk_i_regs/X (sky130_fd_sc_hd__clkbuf_16)
                                                         clknet_7_84__leaf_clk_i_regs (net)
                      0.258230    0.018996   23.799143 ^ clkbuf_leaf_265_clk_i_regs/A (sky130_fd_sc_hd__clkbuf_8)
    11    0.036872    0.079046    0.224187   24.023331 ^ clkbuf_leaf_265_clk_i_regs/X (sky130_fd_sc_hd__clkbuf_8)
                                                         clknet_leaf_265_clk_i_regs (net)
                      0.079049    0.000611   24.023941 ^ _196055_/CLK (sky130_fd_sc_hd__dfrtp_2)
                                 -0.250000   23.773941   clock uncertainty
                                  0.000000   23.773941   clock reconvergence pessimism
                                 -0.084886   23.689056   library setup time
                                             23.689056   data required time
---------------------------------------------------------------------------------------------
                                             23.689056   data required time
                                            -22.086826   data arrival time
---------------------------------------------------------------------------------------------
                                              1.602229   slack (MET)


Startpoint: u_instruction_ram.g_sram[2].u_macro
            (falling edge-triggered flip-flop clocked by clk_i)
Endpoint: _196151_ (rising edge-triggered flip-flop clocked by clk_i)
Path Group: clk_i
Path Type: max

Fanout         Cap        Slew       Delay        Time   Description
---------------------------------------------------------------------------------------------
                                 10.000000   10.000000   clock clk_i (fall edge)
                                  0.000000   10.000000   clock source latency
     3    0.551646    0.150000    0.000000   10.000000 v clk_i (in)
                                                         clk_i (net)
                      1.757706    0.803853   10.803853 v clkbuf_0_clk_i/A (sky130_fd_sc_hd__clkbuf_16)
     2    0.114959    0.123871    0.739686   11.543539 v clkbuf_0_clk_i/X (sky130_fd_sc_hd__clkbuf_16)
                                                         clknet_0_clk_i (net)
                      0.124525    0.011698   11.555237 v clkbuf_1_0_0_clk_i/A (sky130_fd_sc_hd__clkbuf_8)
     1    0.057197    0.075753    0.209698   11.764935 v clkbuf_1_0_0_clk_i/X (sky130_fd_sc_hd__clkbuf_8)
                                                         clknet_1_0_0_clk_i (net)
                      0.079852    0.013629   11.778564 v clkbuf_1_0_1_clk_i/A (sky130_fd_sc_hd__clkbuf_8)
    11    0.964894    0.943762    0.521675   12.300240 v clkbuf_1_0_1_clk_i/X (sky130_fd_sc_hd__clkbuf_8)
                                                         clknet_1_0_1_clk_i (net)
                      1.237671    0.426757   12.726996 v clkbuf_leaf_3_clk_i/A (sky130_fd_sc_hd__clkbuf_8)
     4    0.122865    0.152541    0.614900   13.341897 v clkbuf_leaf_3_clk_i/X (sky130_fd_sc_hd__clkbuf_8)
                                                         clknet_leaf_3_clk_i (net)
                      0.205656    0.012004   13.353901 v u_instruction_ram.g_sram[2].u_macro/clk1 (sky130_sram_2kbyte_1rw1r_32x512_8)
     2    0.019077    0.011485    0.480981   13.834881 ^ u_instruction_ram.g_sram[2].u_macro/dout1[7] (sky130_sram_2kbyte_1rw1r_32x512_8)
                                                         u_instruction_ram.dout_r[39] (net)
                      0.008614    0.000755   13.835636 ^ wire4852/A (sky130_fd_sc_hd__buf_2)
     2    0.073480    0.356288    0.301148   14.136784 ^ wire4852/X (sky130_fd_sc_hd__buf_2)
                                                         net4852 (net)
                      0.358125    0.020862   14.157646 ^ wire4850/A (sky130_fd_sc_hd__buf_6)
     1    0.030012    0.072668    0.186147   14.343793 ^ wire4850/X (sky130_fd_sc_hd__buf_6)
                                                         net4850 (net)
                      0.073096    0.004358   14.348151 ^ wire4849/A (sky130_fd_sc_hd__buf_6)
     1    0.044618    0.096306    0.145977   14.494128 ^ wire4849/X (sky130_fd_sc_hd__buf_6)
                                                         net4849 (net)
                      0.097068    0.006851   14.500978 ^ _096099_/A0 (sky130_fd_sc_hd__mux2_4)
     2    0.169673    0.485650    0.434429   14.935408 ^ _096099_/X (sky130_fd_sc_hd__mux2_4)
                                                         _033364_ (net)
                      0.514246    0.091662   15.027070 ^ _096101_/A0 (sky130_fd_sc_hd__mux2_4)
     1    0.063246    0.195066    0.371507   15.398577 ^ _096101_/X (sky130_fd_sc_hd__mux2_4)
                                                         _033366_ (net)
                      0.197501    0.017396   15.415973 ^ _096102_/A1 (sky130_fd_sc_hd__mux2_2)
     1    0.002428    0.045314    0.180314   15.596288 ^ _096102_/X (sky130_fd_sc_hd__mux2_2)
                                                         _033367_ (net)
                      0.045314    0.000048   15.596335 ^ _096103_/A (sky130_fd_sc_hd__clkbuf_1)
     2    0.021415    0.254840    0.227221   15.823556 ^ _096103_/X (sky130_fd_sc_hd__clkbuf_1)
                                                         iram_m0_rdata[7] (net)
                      0.254852    0.001485   15.825041 ^ wire2416/A (sky130_fd_sc_hd__buf_4)
     8    0.097079    0.269607    0.325267   16.150309 ^ wire2416/X (sky130_fd_sc_hd__buf_4)
                                                         net2416 (net)
                      0.272393    0.022117   16.172426 ^ _136653_/B1 (sky130_fd_sc_hd__a221o_2)
     1    0.003524    0.053462    0.202537   16.374962 ^ _136653_/X (sky130_fd_sc_hd__a221o_2)
                                                         _065422_ (net)
                      0.053462    0.000105   16.375067 ^ _136654_/D1 (sky130_fd_sc_hd__a2111o_2)
     2    0.562089    2.590986    1.478929   17.853996 ^ _136654_/X (sky130_fd_sc_hd__a2111o_2)
                                                         _065423_ (net)
                      2.820378    0.590791   18.444788 ^ _136655_/B (sky130_fd_sc_hd__nand2_4)
     2    0.025427    0.353506    0.188827   18.633614 v _136655_/Y (sky130_fd_sc_hd__nand2_4)
                                                         _065424_ (net)
                      0.353512    0.001089   18.634703 v rebuffer7887/A (sky130_fd_sc_hd__buf_2)
     1    0.002997    0.029691    0.239543   18.874247 v rebuffer7887/X (sky130_fd_sc_hd__buf_2)
                                                         net7887 (net)
                      0.029691    0.000094   18.874340 v rebuffer7883/A (sky130_fd_sc_hd__buf_2)
     4    0.021560    0.062633    0.149729   19.024071 v rebuffer7883/X (sky130_fd_sc_hd__buf_2)
                                                         net7883 (net)
                      0.062652    0.001039   19.025108 v _138400_/A2 (sky130_fd_sc_hd__o21ai_2)
     1    0.005143    0.108833    0.123320   19.148430 ^ _138400_/Y (sky130_fd_sc_hd__o21ai_2)
                                                         _067161_ (net)
                      0.108833    0.000153   19.148582 ^ _138401_/A (sky130_fd_sc_hd__inv_2)
     2    0.007401    0.034699    0.049877   19.198458 v _138401_/Y (sky130_fd_sc_hd__inv_2)
                                                         _067162_ (net)
                      0.034699    0.000167   19.198626 v _138673_/B1 (sky130_fd_sc_hd__a221o_2)
     2    0.020253    0.097486    0.388326   19.586952 v _138673_/X (sky130_fd_sc_hd__a221o_2)
                                                         _067433_ (net)
                      0.097489    0.000705   19.587656 v _138674_/A (sky130_fd_sc_hd__nand2_8)
     4    0.055329    0.110586    0.127587   19.715242 ^ _138674_/Y (sky130_fd_sc_hd__nand2_8)
                                                         _067434_ (net)
                      0.110605    0.001162   19.716406 ^ clone14024/A (sky130_fd_sc_hd__clkinvlp_4)
     6    0.050029    0.243668    0.248038   19.964443 v clone14024/Y (sky130_fd_sc_hd__clkinvlp_4)
                                                         net14024 (net)
                      0.243741    0.001627   19.966070 v _139500_/B1 (sky130_fd_sc_hd__o21ai_2)
     2    0.007243    0.126439    0.141906   20.107977 ^ _139500_/Y (sky130_fd_sc_hd__o21ai_2)
                                                         _068257_ (net)
                      0.126439    0.000211   20.108189 ^ _139501_/A0 (sky130_fd_sc_hd__mux2_4)
     1    0.051972    0.162628    0.265503   20.373692 ^ _139501_/X (sky130_fd_sc_hd__mux2_4)
                                                         _068258_ (net)
                      0.163602    0.009514   20.383205 ^ wire703/A (sky130_fd_sc_hd__buf_12)
     3    0.064344    0.084522    0.166253   20.549458 ^ wire703/X (sky130_fd_sc_hd__buf_12)
                                                         net703 (net)
                      0.084768    0.003613   20.553070 ^ rebuffer14003/A (sky130_fd_sc_hd__buf_2)
    13    0.252449    1.206526    0.909596   21.462667 ^ rebuffer14003/X (sky130_fd_sc_hd__buf_2)
                                                         net14003 (net)
                      1.208802    0.043400   21.506067 ^ _144071_/A (sky130_fd_sc_hd__clkbuf_2)
     7    0.050418    0.277648    0.434147   21.940214 ^ _144071_/X (sky130_fd_sc_hd__clkbuf_2)
                                                         _072618_ (net)
                      0.277712    0.004137   21.944351 ^ _144424_/A (sky130_fd_sc_hd__nand2_2)
     1    0.005203    0.070572    0.081325   22.025677 v _144424_/Y (sky130_fd_sc_hd__nand2_2)
                                                         _072843_ (net)
                      0.070572    0.000167   22.025843 v _144425_/C1 (sky130_fd_sc_hd__o221ai_2)
     1    0.003227    0.139798    0.063915   22.089758 ^ _144425_/Y (sky130_fd_sc_hd__o221ai_2)
                                                         _008485_ (net)
                      0.139798    0.000103   22.089861 ^ _196151_/D (sky130_fd_sc_hd__dfrtp_2)
                                             22.089861   data arrival time

                                 20.000000   20.000000   clock clk_i (rise edge)
                                  0.000000   20.000000   clock source latency
     3    0.553677    0.150000    0.000000   20.000000 ^ clk_i (in)
                                                         clk_i (net)
                      1.802483    0.826242   20.826242 ^ clkbuf_regs_0_clk_i/A (sky130_fd_sc_hd__clkbuf_16)
     1    0.008116    0.075231    0.340210   21.166452 ^ clkbuf_regs_0_clk_i/X (sky130_fd_sc_hd__clkbuf_16)
                                                         clk_i_regs (net)
                      0.075231    0.000234   21.166687 ^ clkbuf_0_clk_i_regs/A (sky130_fd_sc_hd__clkbuf_16)
     2    0.111687    0.126029    0.200114   21.366800 ^ clkbuf_0_clk_i_regs/X (sky130_fd_sc_hd__clkbuf_16)
                                                         clknet_0_clk_i_regs (net)
                      0.128021    0.012481   21.379282 ^ clkbuf_1_1_0_clk_i_regs/A (sky130_fd_sc_hd__clkbuf_8)
     1    0.100037    0.177738    0.252358   21.631639 ^ clkbuf_1_1_0_clk_i_regs/X (sky130_fd_sc_hd__clkbuf_8)
                                                         clknet_1_1_0_clk_i_regs (net)
                      0.179155    0.012784   21.644424 ^ clkbuf_1_1_1_clk_i_regs/A (sky130_fd_sc_hd__clkbuf_8)
     2    0.074134    0.137796    0.234945   21.879368 ^ clkbuf_1_1_1_clk_i_regs/X (sky130_fd_sc_hd__clkbuf_8)
                                                         clknet_1_1_1_clk_i_regs (net)
                      0.142326    0.019677   21.899044 ^ clkbuf_2_2_0_clk_i_regs/A (sky130_fd_sc_hd__clkbuf_8)
     2    0.056485    0.109605    0.205407   22.104452 ^ clkbuf_2_2_0_clk_i_regs/X (sky130_fd_sc_hd__clkbuf_8)
                                                         clknet_2_2_0_clk_i_regs (net)
                      0.111952    0.012639   22.117090 ^ clkbuf_3_5_0_clk_i_regs/A (sky130_fd_sc_hd__clkbuf_8)
     4    0.352959    0.597353    0.505073   22.622164 ^ clkbuf_3_5_0_clk_i_regs/X (sky130_fd_sc_hd__clkbuf_8)
                                                         clknet_3_5_0_clk_i_regs (net)
                      0.610878    0.071649   22.693813 ^ clkbuf_4_10_0_clk_i_regs/A (sky130_fd_sc_hd__clkbuf_8)
     2    0.089323    0.164214    0.355728   23.049541 ^ clkbuf_4_10_0_clk_i_regs/X (sky130_fd_sc_hd__clkbuf_8)
                                                         clknet_4_10_0_clk_i_regs (net)
                      0.164689    0.006448   23.055990 ^ clkbuf_5_21_0_clk_i_regs/A (sky130_fd_sc_hd__clkbuf_8)
     4    0.175068    0.301879    0.348630   23.404619 ^ clkbuf_5_21_0_clk_i_regs/X (sky130_fd_sc_hd__clkbuf_8)
                                                         clknet_5_21_0_clk_i_regs (net)
                      0.302702    0.012962   23.417582 ^ clkbuf_7_84__f_clk_i_regs/A (sky130_fd_sc_hd__clkbuf_16)
    21    0.246264    0.256032    0.362565   23.780146 ^ clkbuf_7_84__f_clk_i_regs/X (sky130_fd_sc_hd__clkbuf_16)
                                                         clknet_7_84__leaf_clk_i_regs (net)
                      0.258230    0.018996   23.799143 ^ clkbuf_leaf_265_clk_i_regs/A (sky130_fd_sc_hd__clkbuf_8)
    11    0.036872    0.079046    0.224187   24.023331 ^ clkbuf_leaf_265_clk_i_regs/X (sky130_fd_sc_hd__clkbuf_8)
                                                         clknet_leaf_265_clk_i_regs (net)
                      0.079051    0.000696   24.024027 ^ _196151_/CLK (sky130_fd_sc_hd__dfrtp_2)
                                 -0.250000   23.774027   clock uncertainty
                                  0.000000   23.774027   clock reconvergence pessimism
                                 -0.080287   23.693739   library setup time
                                             23.693739   data required time
---------------------------------------------------------------------------------------------
                                             23.693739   data required time
                                            -22.089861   data arrival time
---------------------------------------------------------------------------------------------
                                              1.603878   slack (MET)


Startpoint: u_instruction_ram.g_sram[2].u_macro
            (falling edge-triggered flip-flop clocked by clk_i)
Endpoint: _196664_ (rising edge-triggered flip-flop clocked by clk_i)
Path Group: clk_i
Path Type: max

Fanout         Cap        Slew       Delay        Time   Description
---------------------------------------------------------------------------------------------
                                 10.000000   10.000000   clock clk_i (fall edge)
                                  0.000000   10.000000   clock source latency
     3    0.551646    0.150000    0.000000   10.000000 v clk_i (in)
                                                         clk_i (net)
                      1.757706    0.803853   10.803853 v clkbuf_0_clk_i/A (sky130_fd_sc_hd__clkbuf_16)
     2    0.114959    0.123871    0.739686   11.543539 v clkbuf_0_clk_i/X (sky130_fd_sc_hd__clkbuf_16)
                                                         clknet_0_clk_i (net)
                      0.124525    0.011698   11.555237 v clkbuf_1_0_0_clk_i/A (sky130_fd_sc_hd__clkbuf_8)
     1    0.057197    0.075753    0.209698   11.764935 v clkbuf_1_0_0_clk_i/X (sky130_fd_sc_hd__clkbuf_8)
                                                         clknet_1_0_0_clk_i (net)
                      0.079852    0.013629   11.778564 v clkbuf_1_0_1_clk_i/A (sky130_fd_sc_hd__clkbuf_8)
    11    0.964894    0.943762    0.521675   12.300240 v clkbuf_1_0_1_clk_i/X (sky130_fd_sc_hd__clkbuf_8)
                                                         clknet_1_0_1_clk_i (net)
                      1.237671    0.426757   12.726996 v clkbuf_leaf_3_clk_i/A (sky130_fd_sc_hd__clkbuf_8)
     4    0.122865    0.152541    0.614900   13.341897 v clkbuf_leaf_3_clk_i/X (sky130_fd_sc_hd__clkbuf_8)
                                                         clknet_leaf_3_clk_i (net)
                      0.205656    0.012004   13.353901 v u_instruction_ram.g_sram[2].u_macro/clk1 (sky130_sram_2kbyte_1rw1r_32x512_8)
     2    0.019077    0.011485    0.480981   13.834881 ^ u_instruction_ram.g_sram[2].u_macro/dout1[7] (sky130_sram_2kbyte_1rw1r_32x512_8)
                                                         u_instruction_ram.dout_r[39] (net)
                      0.008614    0.000755   13.835636 ^ wire4852/A (sky130_fd_sc_hd__buf_2)
     2    0.073480    0.356288    0.301148   14.136784 ^ wire4852/X (sky130_fd_sc_hd__buf_2)
                                                         net4852 (net)
                      0.358125    0.020862   14.157646 ^ wire4850/A (sky130_fd_sc_hd__buf_6)
     1    0.030012    0.072668    0.186147   14.343793 ^ wire4850/X (sky130_fd_sc_hd__buf_6)
                                                         net4850 (net)
                      0.073096    0.004358   14.348151 ^ wire4849/A (sky130_fd_sc_hd__buf_6)
     1    0.044618    0.096306    0.145977   14.494128 ^ wire4849/X (sky130_fd_sc_hd__buf_6)
                                                         net4849 (net)
                      0.097068    0.006851   14.500978 ^ _096099_/A0 (sky130_fd_sc_hd__mux2_4)
     2    0.169673    0.485650    0.434429   14.935408 ^ _096099_/X (sky130_fd_sc_hd__mux2_4)
                                                         _033364_ (net)
                      0.514246    0.091662   15.027070 ^ _096101_/A0 (sky130_fd_sc_hd__mux2_4)
     1    0.063246    0.195066    0.371507   15.398577 ^ _096101_/X (sky130_fd_sc_hd__mux2_4)
                                                         _033366_ (net)
                      0.197501    0.017396   15.415973 ^ _096102_/A1 (sky130_fd_sc_hd__mux2_2)
     1    0.002428    0.045314    0.180314   15.596288 ^ _096102_/X (sky130_fd_sc_hd__mux2_2)
                                                         _033367_ (net)
                      0.045314    0.000048   15.596335 ^ _096103_/A (sky130_fd_sc_hd__clkbuf_1)
     2    0.021415    0.254840    0.227221   15.823556 ^ _096103_/X (sky130_fd_sc_hd__clkbuf_1)
                                                         iram_m0_rdata[7] (net)
                      0.254852    0.001485   15.825041 ^ wire2416/A (sky130_fd_sc_hd__buf_4)
     8    0.097079    0.269607    0.325267   16.150309 ^ wire2416/X (sky130_fd_sc_hd__buf_4)
                                                         net2416 (net)
                      0.272393    0.022117   16.172426 ^ _136653_/B1 (sky130_fd_sc_hd__a221o_2)
     1    0.003524    0.053462    0.202537   16.374962 ^ _136653_/X (sky130_fd_sc_hd__a221o_2)
                                                         _065422_ (net)
                      0.053462    0.000105   16.375067 ^ _136654_/D1 (sky130_fd_sc_hd__a2111o_2)
     2    0.562089    2.590986    1.478929   17.853996 ^ _136654_/X (sky130_fd_sc_hd__a2111o_2)
                                                         _065423_ (net)
                      2.820378    0.590791   18.444788 ^ _136655_/B (sky130_fd_sc_hd__nand2_4)
     2    0.025427    0.353506    0.188827   18.633614 v _136655_/Y (sky130_fd_sc_hd__nand2_4)
                                                         _065424_ (net)
                      0.353512    0.001089   18.634703 v rebuffer7887/A (sky130_fd_sc_hd__buf_2)
     1    0.002997    0.029691    0.239543   18.874247 v rebuffer7887/X (sky130_fd_sc_hd__buf_2)
                                                         net7887 (net)
                      0.029691    0.000094   18.874340 v rebuffer7883/A (sky130_fd_sc_hd__buf_2)
     4    0.021560    0.062633    0.149729   19.024071 v rebuffer7883/X (sky130_fd_sc_hd__buf_2)
                                                         net7883 (net)
                      0.062652    0.001039   19.025108 v _138400_/A2 (sky130_fd_sc_hd__o21ai_2)
     1    0.005143    0.108833    0.123320   19.148430 ^ _138400_/Y (sky130_fd_sc_hd__o21ai_2)
                                                         _067161_ (net)
                      0.108833    0.000153   19.148582 ^ _138401_/A (sky130_fd_sc_hd__inv_2)
     2    0.007401    0.034699    0.049877   19.198458 v _138401_/Y (sky130_fd_sc_hd__inv_2)
                                                         _067162_ (net)
                      0.034699    0.000167   19.198626 v _138673_/B1 (sky130_fd_sc_hd__a221o_2)
     2    0.020253    0.097486    0.388326   19.586952 v _138673_/X (sky130_fd_sc_hd__a221o_2)
                                                         _067433_ (net)
                      0.097489    0.000705   19.587656 v _138674_/A (sky130_fd_sc_hd__nand2_8)
     4    0.055329    0.110586    0.127587   19.715242 ^ _138674_/Y (sky130_fd_sc_hd__nand2_8)
                                                         _067434_ (net)
                      0.110605    0.001162   19.716406 ^ clone14024/A (sky130_fd_sc_hd__clkinvlp_4)
     6    0.050029    0.243668    0.248038   19.964443 v clone14024/Y (sky130_fd_sc_hd__clkinvlp_4)
                                                         net14024 (net)
                      0.243732    0.000993   19.965437 v _139782_/B1 (sky130_fd_sc_hd__o21ai_2)
     2    0.005376    0.111607    0.129663   20.095100 ^ _139782_/Y (sky130_fd_sc_hd__o21ai_2)
                                                         _068538_ (net)
                      0.111607    0.000137   20.095236 ^ _139783_/A0 (sky130_fd_sc_hd__mux2_4)
     1    0.047558    0.152500    0.252161   20.347397 ^ _139783_/X (sky130_fd_sc_hd__mux2_4)
                                                         _068539_ (net)
                      0.153182    0.007729   20.355125 ^ wire702/A (sky130_fd_sc_hd__buf_12)
     3    0.068600    0.089257    0.162702   20.517828 ^ wire702/X (sky130_fd_sc_hd__buf_12)
                                                         net702 (net)
                      0.092617    0.013529   20.531357 ^ rebuffer14006/A (sky130_fd_sc_hd__buf_2)
    13    0.220037    1.046904    0.814369   21.345726 ^ rebuffer14006/X (sky130_fd_sc_hd__buf_2)
                                                         net14006 (net)
                      1.048035    0.028669   21.374393 ^ _144182_/A (sky130_fd_sc_hd__clkbuf_2)
     6    0.041790    0.231852    0.391893   21.766287 ^ _144182_/X (sky130_fd_sc_hd__clkbuf_2)
                                                         _072696_ (net)
                      0.231853    0.000975   21.767262 ^ max_cap679/A (sky130_fd_sc_hd__buf_12)
    14    0.111076    0.136068    0.209242   21.976505 ^ max_cap679/X (sky130_fd_sc_hd__buf_12)
                                                         net679 (net)
                      0.136411    0.005805   21.982309 ^ _145655_/A (sky130_fd_sc_hd__nand2_2)
     1    0.004951    0.047212    0.063759   22.046068 v _145655_/Y (sky130_fd_sc_hd__nand2_2)
                                                         _073561_ (net)
                      0.047212    0.000153   22.046221 v _145656_/C1 (sky130_fd_sc_hd__o221ai_2)
     1    0.002531    0.148587    0.051230   22.097452 ^ _145656_/Y (sky130_fd_sc_hd__o221ai_2)
                                                         _008998_ (net)
                      0.148587    0.000075   22.097527 ^ _196664_/D (sky130_fd_sc_hd__dfrtp_2)
                                             22.097527   data arrival time

                                 20.000000   20.000000   clock clk_i (rise edge)
                                  0.000000   20.000000   clock source latency
     3    0.553677    0.150000    0.000000   20.000000 ^ clk_i (in)
                                                         clk_i (net)
                      1.802483    0.826242   20.826242 ^ clkbuf_regs_0_clk_i/A (sky130_fd_sc_hd__clkbuf_16)
     1    0.008116    0.075231    0.340210   21.166452 ^ clkbuf_regs_0_clk_i/X (sky130_fd_sc_hd__clkbuf_16)
                                                         clk_i_regs (net)
                      0.075231    0.000234   21.166687 ^ clkbuf_0_clk_i_regs/A (sky130_fd_sc_hd__clkbuf_16)
     2    0.111687    0.126029    0.200114   21.366800 ^ clkbuf_0_clk_i_regs/X (sky130_fd_sc_hd__clkbuf_16)
                                                         clknet_0_clk_i_regs (net)
                      0.128021    0.012481   21.379282 ^ clkbuf_1_1_0_clk_i_regs/A (sky130_fd_sc_hd__clkbuf_8)
     1    0.100037    0.177738    0.252358   21.631639 ^ clkbuf_1_1_0_clk_i_regs/X (sky130_fd_sc_hd__clkbuf_8)
                                                         clknet_1_1_0_clk_i_regs (net)
                      0.179155    0.012784   21.644424 ^ clkbuf_1_1_1_clk_i_regs/A (sky130_fd_sc_hd__clkbuf_8)
     2    0.074134    0.137796    0.234945   21.879368 ^ clkbuf_1_1_1_clk_i_regs/X (sky130_fd_sc_hd__clkbuf_8)
                                                         clknet_1_1_1_clk_i_regs (net)
                      0.142326    0.019677   21.899044 ^ clkbuf_2_2_0_clk_i_regs/A (sky130_fd_sc_hd__clkbuf_8)
     2    0.056485    0.109605    0.205407   22.104452 ^ clkbuf_2_2_0_clk_i_regs/X (sky130_fd_sc_hd__clkbuf_8)
                                                         clknet_2_2_0_clk_i_regs (net)
                      0.111952    0.012639   22.117090 ^ clkbuf_3_5_0_clk_i_regs/A (sky130_fd_sc_hd__clkbuf_8)
     4    0.352959    0.597353    0.505073   22.622164 ^ clkbuf_3_5_0_clk_i_regs/X (sky130_fd_sc_hd__clkbuf_8)
                                                         clknet_3_5_0_clk_i_regs (net)
                      0.610878    0.071649   22.693813 ^ clkbuf_4_10_0_clk_i_regs/A (sky130_fd_sc_hd__clkbuf_8)
     2    0.089323    0.164214    0.355728   23.049541 ^ clkbuf_4_10_0_clk_i_regs/X (sky130_fd_sc_hd__clkbuf_8)
                                                         clknet_4_10_0_clk_i_regs (net)
                      0.164689    0.006448   23.055990 ^ clkbuf_5_21_0_clk_i_regs/A (sky130_fd_sc_hd__clkbuf_8)
     4    0.175068    0.301879    0.348630   23.404619 ^ clkbuf_5_21_0_clk_i_regs/X (sky130_fd_sc_hd__clkbuf_8)
                                                         clknet_5_21_0_clk_i_regs (net)
                      0.302702    0.012962   23.417582 ^ clkbuf_7_84__f_clk_i_regs/A (sky130_fd_sc_hd__clkbuf_16)
    21    0.246264    0.256032    0.362565   23.780146 ^ clkbuf_7_84__f_clk_i_regs/X (sky130_fd_sc_hd__clkbuf_16)
                                                         clknet_7_84__leaf_clk_i_regs (net)
                      0.258619    0.020574   23.800720 ^ clkbuf_leaf_277_clk_i_regs/A (sky130_fd_sc_hd__clkbuf_8)
    11    0.045107    0.091665    0.234062   24.034782 ^ clkbuf_leaf_277_clk_i_regs/X (sky130_fd_sc_hd__clkbuf_8)
                                                         clknet_leaf_277_clk_i_regs (net)
                      0.091676    0.001073   24.035854 ^ _196664_/CLK (sky130_fd_sc_hd__dfrtp_2)
                                 -0.250000   23.785856   clock uncertainty
                                  0.000000   23.785856   clock reconvergence pessimism
                                 -0.080334   23.705523   library setup time
                                             23.705523   data required time
---------------------------------------------------------------------------------------------
                                             23.705523   data required time
                                            -22.097527   data arrival time
---------------------------------------------------------------------------------------------
                                              1.607996   slack (MET)


