%Warning-PINCONNECTEMPTY: ../rtl/Cevre_Birimleri/files_1/uart_peripheral.sv:132:10: Instance pin connected by name with empty reference: 'o_rx_busy'
  132 |         .o_rx_busy  ( ),
      |          ^~~~~~~~~
                          ... For warning description see https://verilator.org/warn/PINCONNECTEMPTY?v=5.044
                          ... Use "/* verilator lint_off PINCONNECTEMPTY */" and lint_on around source to disable this message.
%Warning-PINCONNECTEMPTY: ../rtl/Cevre_Birimleri/files_1/uart_stream_peripheral.sv:142:10: Instance pin connected by name with empty reference: 'o_rx_busy'
  142 |         .o_rx_busy  ( ),
      |          ^~~~~~~~~
%Warning-PINCONNECTEMPTY: ../rtl/Memory/sram_module.sv:199:18: Instance pin connected by name with empty reference: 'dout0'
  199 |                 .dout0  (),                        
      |                  ^~~~~
%Warning-PINMISSING: ../rtl/Memory/sram_module.sv:179:47: Instance has missing pin: 'vccd1'
  179 |             sky130_sram_2kbyte_1rw1r_32x512_8 u_macro (
      |                                               ^~~~~~~
                     /home/tatua7806/arkhe/asic/run/arkhe/tmp/4ee09597d123456a8334ccc4660c335f.bb.v:3:42: ... Location of port declaration
    3 | module sky130_sram_2kbyte_1rw1r_32x512_8(vccd1, vssd1, clk0, csb0, web0, wmask0, addr0, din0, dout0, clk1, csb1, addr1, dout1);
      |                                          ^~~~~
                     ... For warning description see https://verilator.org/warn/PINMISSING?v=5.044
                     ... Use "/* verilator lint_off PINMISSING */" and lint_on around source to disable this message.
%Warning-PINMISSING: ../rtl/Memory/sram_module.sv:179:47: Instance has missing pin: 'vssd1'
  179 |             sky130_sram_2kbyte_1rw1r_32x512_8 u_macro (
      |                                               ^~~~~~~
                     /home/tatua7806/arkhe/asic/run/arkhe/tmp/4ee09597d123456a8334ccc4660c335f.bb.v:3:49: ... Location of port declaration
    3 | module sky130_sram_2kbyte_1rw1r_32x512_8(vccd1, vssd1, clk0, csb0, web0, wmask0, addr0, din0, dout0, clk1, csb1, addr1, dout1);
      |                                                 ^~~~~
%Warning-PINCONNECTEMPTY: ../rtl/cv32e40p-master/rtl/cv32e40p_prefetch_buffer.sv:133:8: Instance pin connected by name with empty reference: 'full_o'
  133 |       .full_o           (),
      |        ^~~~~~
%Warning-PINCONNECTEMPTY: ../rtl/cv32e40p-master/rtl/cv32e40p_prefetch_buffer.sv:175:8: Instance pin connected by name with empty reference: 'obi_we_o'
  175 |       .obi_we_o    (),   
      |        ^~~~~~~~
%Warning-PINCONNECTEMPTY: ../rtl/cv32e40p-master/rtl/cv32e40p_prefetch_buffer.sv:176:8: Instance pin connected by name with empty reference: 'obi_be_o'
  176 |       .obi_be_o    (),   
      |        ^~~~~~~~
%Warning-PINCONNECTEMPTY: ../rtl/cv32e40p-master/rtl/cv32e40p_prefetch_buffer.sv:177:8: Instance pin connected by name with empty reference: 'obi_wdata_o'
  177 |       .obi_wdata_o (),   
      |        ^~~~~~~~~~~
%Warning-PINCONNECTEMPTY: ../rtl/cv32e40p-master/rtl/cv32e40p_prefetch_buffer.sv:178:8: Instance pin connected by name with empty reference: 'obi_atop_o'
  178 |       .obi_atop_o  (),   
      |        ^~~~~~~~~~
%Warning-PINMISSING: ../rtl/npu/npu_tcm_sram.sv:102:47: Instance has missing pin: 'vccd1'
  102 |             sky130_sram_2kbyte_1rw1r_32x512_8 u_macro (
      |                                               ^~~~~~~
                     /home/tatua7806/arkhe/asic/run/arkhe/tmp/4ee09597d123456a8334ccc4660c335f.bb.v:3:42: ... Location of port declaration
    3 | module sky130_sram_2kbyte_1rw1r_32x512_8(vccd1, vssd1, clk0, csb0, web0, wmask0, addr0, din0, dout0, clk1, csb1, addr1, dout1);
      |                                          ^~~~~
%Warning-PINMISSING: ../rtl/npu/npu_tcm_sram.sv:102:47: Instance has missing pin: 'vssd1'
  102 |             sky130_sram_2kbyte_1rw1r_32x512_8 u_macro (
      |                                               ^~~~~~~
                     /home/tatua7806/arkhe/asic/run/arkhe/tmp/4ee09597d123456a8334ccc4660c335f.bb.v:3:49: ... Location of port declaration
    3 | module sky130_sram_2kbyte_1rw1r_32x512_8(vccd1, vssd1, clk0, csb0, web0, wmask0, addr0, din0, dout0, clk1, csb1, addr1, dout1);
      |                                                 ^~~~~
%Warning-PINCONNECTEMPTY: ../rtl/Memory/soc_top.sv:152:10: Instance pin connected by name with empty reference: 'apu_busy_o'
  152 |         .apu_busy_o             (),
      |          ^~~~~~~~~~
%Warning-PINCONNECTEMPTY: ../rtl/Memory/soc_top.sv:153:10: Instance pin connected by name with empty reference: 'apu_req_o'
  153 |         .apu_req_o              (),
      |          ^~~~~~~~~
%Warning-PINCONNECTEMPTY: ../rtl/Memory/soc_top.sv:155:10: Instance pin connected by name with empty reference: 'apu_operands_o'
  155 |         .apu_operands_o         (),
      |          ^~~~~~~~~~~~~~
%Warning-PINCONNECTEMPTY: ../rtl/Memory/soc_top.sv:156:10: Instance pin connected by name with empty reference: 'apu_op_o'
  156 |         .apu_op_o               (),
      |          ^~~~~~~~
%Warning-PINCONNECTEMPTY: ../rtl/Memory/soc_top.sv:157:10: Instance pin connected by name with empty reference: 'apu_flags_o'
  157 |         .apu_flags_o            (),
      |          ^~~~~~~~~~~
%Warning-PINCONNECTEMPTY: ../rtl/Memory/soc_top.sv:164:10: Instance pin connected by name with empty reference: 'irq_ack_o'
  164 |         .irq_ack_o              (),
      |          ^~~~~~~~~
%Warning-PINCONNECTEMPTY: ../rtl/Memory/soc_top.sv:165:10: Instance pin connected by name with empty reference: 'irq_id_o'
  165 |         .irq_id_o               (),
      |          ^~~~~~~~
%Warning-PINCONNECTEMPTY: ../rtl/Memory/soc_top.sv:167:10: Instance pin connected by name with empty reference: 'debug_havereset_o'
  167 |         .debug_havereset_o      (),
      |          ^~~~~~~~~~~~~~~~~
%Warning-PINCONNECTEMPTY: ../rtl/Memory/soc_top.sv:168:10: Instance pin connected by name with empty reference: 'debug_running_o'
  168 |         .debug_running_o        (),
      |          ^~~~~~~~~~~~~~~
%Warning-PINCONNECTEMPTY: ../rtl/Memory/soc_top.sv:169:10: Instance pin connected by name with empty reference: 'debug_halted_o'
  169 |         .debug_halted_o         (),
      |          ^~~~~~~~~~~~~~
%Warning-PINCONNECTEMPTY: ../rtl/Memory/soc_top.sv:202:10: Instance pin connected by name with empty reference: 'axil_awaddr_o'
  202 |         .axil_awaddr_o  (),
      |          ^~~~~~~~~~~~~
%Warning-PINCONNECTEMPTY: ../rtl/Memory/soc_top.sv:203:10: Instance pin connected by name with empty reference: 'axil_awvalid_o'
  203 |         .axil_awvalid_o (),
      |          ^~~~~~~~~~~~~~
%Warning-PINCONNECTEMPTY: ../rtl/Memory/soc_top.sv:205:10: Instance pin connected by name with empty reference: 'axil_wdata_o'
  205 |         .axil_wdata_o   (),
      |          ^~~~~~~~~~~~
%Warning-PINCONNECTEMPTY: ../rtl/Memory/soc_top.sv:206:10: Instance pin connected by name with empty reference: 'axil_wstrb_o'
  206 |         .axil_wstrb_o   (),
      |          ^~~~~~~~~~~~
%Warning-PINCONNECTEMPTY: ../rtl/Memory/soc_top.sv:207:10: Instance pin connected by name with empty reference: 'axil_wvalid_o'
  207 |         .axil_wvalid_o  (),
      |          ^~~~~~~~~~~~~
%Warning-PINCONNECTEMPTY: ../rtl/Memory/soc_top.sv:211:10: Instance pin connected by name with empty reference: 'axil_bready_o'
  211 |         .axil_bready_o  (),
      |          ^~~~~~~~~~~~~
%Warning-PINCONNECTEMPTY: ../rtl/Memory/soc_top.sv:774:10: Instance pin connected by name with empty reference: 'fifo_empty'
  774 |         .fifo_empty     (),
      |          ^~~~~~~~~~
%Warning-PINCONNECTEMPTY: ../rtl/Memory/soc_top.sv:775:10: Instance pin connected by name with empty reference: 'fifo_full'
  775 |         .fifo_full      (),
      |          ^~~~~~~~~
%Warning-TIMESCALEMOD: /home/tatua7806/arkhe/asic/run/arkhe/tmp/b68cb3e7b54240e88a68da0760c422b6.bb.v:3:8: Timescale missing on this module as other modules have it (IEEE 1800-2023 3.14.2.3)
    3 | module sky130_ef_sc_hd__decap_12(VPWR, VGND, VPB, VNB);
      |        ^~~~~~~~~~~~~~~~~~~~~~~~~
                       ../rtl/Memory/memory_map_pck.sv:23:9: ... Location of module with timescale
   23 | package memory_map_pck;
      |         ^~~~~~~~~~~~~~
                       ... For warning description see https://verilator.org/warn/TIMESCALEMOD?v=5.044
                       ... Use "/* verilator lint_off TIMESCALEMOD */" and lint_on around source to disable this message.
%Warning-TIMESCALEMOD: /home/tatua7806/arkhe/asic/run/arkhe/tmp/b68cb3e7b54240e88a68da0760c422b6.bb.v:14:8: Timescale missing on this module as other modules have it (IEEE 1800-2023 3.14.2.3)
   14 | module sky130_ef_sc_hd__decap_20_12(VPWR, VGND, VPB, VNB);
      |        ^~~~~~~~~~~~~~~~~~~~~~~~~~~~
                       ../rtl/Memory/memory_map_pck.sv:23:9: ... Location of module with timescale
   23 | package memory_map_pck;
      |         ^~~~~~~~~~~~~~
%Warning-TIMESCALEMOD: /home/tatua7806/arkhe/asic/run/arkhe/tmp/b68cb3e7b54240e88a68da0760c422b6.bb.v:25:8: Timescale missing on this module as other modules have it (IEEE 1800-2023 3.14.2.3)
   25 | module sky130_ef_sc_hd__decap_40_12(VPWR, VGND, VPB, VNB);
      |        ^~~~~~~~~~~~~~~~~~~~~~~~~~~~
                       ../rtl/Memory/memory_map_pck.sv:23:9: ... Location of module with timescale
   23 | package memory_map_pck;
      |         ^~~~~~~~~~~~~~
%Warning-TIMESCALEMOD: /home/tatua7806/arkhe/asic/run/arkhe/tmp/b68cb3e7b54240e88a68da0760c422b6.bb.v:36:8: Timescale missing on this module as other modules have it (IEEE 1800-2023 3.14.2.3)
   36 | module sky130_ef_sc_hd__decap_60_12(VPWR, VGND, VPB, VNB);
      |        ^~~~~~~~~~~~~~~~~~~~~~~~~~~~
                       ../rtl/Memory/memory_map_pck.sv:23:9: ... Location of module with timescale
   23 | package memory_map_pck;
      |         ^~~~~~~~~~~~~~
%Warning-TIMESCALEMOD: /home/tatua7806/arkhe/asic/run/arkhe/tmp/b68cb3e7b54240e88a68da0760c422b6.bb.v:47:8: Timescale missing on this module as other modules have it (IEEE 1800-2023 3.14.2.3)
   47 | module sky130_ef_sc_hd__decap_80_12(VPWR, VGND, VPB, VNB);
      |        ^~~~~~~~~~~~~~~~~~~~~~~~~~~~
                       ../rtl/Memory/memory_map_pck.sv:23:9: ... Location of module with timescale
   23 | package memory_map_pck;
      |         ^~~~~~~~~~~~~~
%Warning-TIMESCALEMOD: /home/tatua7806/arkhe/asic/run/arkhe/tmp/b68cb3e7b54240e88a68da0760c422b6.bb.v:58:8: Timescale missing on this module as other modules have it (IEEE 1800-2023 3.14.2.3)
   58 | module sky130_ef_sc_hd__fill_12(VPWR, VGND, VPB, VNB);
      |        ^~~~~~~~~~~~~~~~~~~~~~~~
                       ../rtl/Memory/memory_map_pck.sv:23:9: ... Location of module with timescale
   23 | package memory_map_pck;
      |         ^~~~~~~~~~~~~~
%Warning-TIMESCALEMOD: /home/tatua7806/arkhe/asic/run/arkhe/tmp/b68cb3e7b54240e88a68da0760c422b6.bb.v:69:8: Timescale missing on this module as other modules have it (IEEE 1800-2023 3.14.2.3)
   69 | module sky130_ef_sc_hd__fill_2(VPWR, VGND, VPB, VNB);
      |        ^~~~~~~~~~~~~~~~~~~~~~~
                       ../rtl/Memory/memory_map_pck.sv:23:9: ... Location of module with timescale
   23 | package memory_map_pck;
      |         ^~~~~~~~~~~~~~
%Warning-TIMESCALEMOD: /home/tatua7806/arkhe/asic/run/arkhe/tmp/b68cb3e7b54240e88a68da0760c422b6.bb.v:80:8: Timescale missing on this module as other modules have it (IEEE 1800-2023 3.14.2.3)
   80 | module sky130_ef_sc_hd__fill_4(VPWR, VGND, VPB, VNB);
      |        ^~~~~~~~~~~~~~~~~~~~~~~
                       ../rtl/Memory/memory_map_pck.sv:23:9: ... Location of module with timescale
   23 | package memory_map_pck;
      |         ^~~~~~~~~~~~~~
%Warning-TIMESCALEMOD: /home/tatua7806/arkhe/asic/run/arkhe/tmp/b68cb3e7b54240e88a68da0760c422b6.bb.v:91:8: Timescale missing on this module as other modules have it (IEEE 1800-2023 3.14.2.3)
   91 | module sky130_ef_sc_hd__fill_8(VPWR, VGND, VPB, VNB);
      |        ^~~~~~~~~~~~~~~~~~~~~~~
                       ../rtl/Memory/memory_map_pck.sv:23:9: ... Location of module with timescale
   23 | package memory_map_pck;
      |         ^~~~~~~~~~~~~~
%Warning-TIMESCALEMOD: /home/tatua7806/arkhe/asic/run/arkhe/tmp/b68cb3e7b54240e88a68da0760c422b6.bb.v:102:8: Timescale missing on this module as other modules have it (IEEE 1800-2023 3.14.2.3)
  102 | module sky130_fd_sc_hd__a2111o_1(X, A1, A2, B1, C1, D1, VPWR, VGND, VPB, VNB);
      |        ^~~~~~~~~~~~~~~~~~~~~~~~~
                       ../rtl/Memory/memory_map_pck.sv:23:9: ... Location of module with timescale
   23 | package memory_map_pck;
      |         ^~~~~~~~~~~~~~
%Warning-TIMESCALEMOD: /home/tatua7806/arkhe/asic/run/arkhe/tmp/b68cb3e7b54240e88a68da0760c422b6.bb.v:125:8: Timescale missing on this module as other modules have it (IEEE 1800-2023 3.14.2.3)
  125 | module sky130_fd_sc_hd__a2111o_2(X, A1, A2, B1, C1, D1, VPWR, VGND, VPB, VNB);
      |        ^~~~~~~~~~~~~~~~~~~~~~~~~
                       ../rtl/Memory/memory_map_pck.sv:23:9: ... Location of module with timescale
   23 | package memory_map_pck;
      |         ^~~~~~~~~~~~~~
%Warning-TIMESCALEMOD: /home/tatua7806/arkhe/asic/run/arkhe/tmp/b68cb3e7b54240e88a68da0760c422b6.bb.v:148:8: Timescale missing on this module as other modules have it (IEEE 1800-2023 3.14.2.3)
  148 | module sky130_fd_sc_hd__a2111o_4(X, A1, A2, B1, C1, D1, VPWR, VGND, VPB, VNB);
      |        ^~~~~~~~~~~~~~~~~~~~~~~~~
                       ../rtl/Memory/memory_map_pck.sv:23:9: ... Location of module with timescale
   23 | package memory_map_pck;
      |         ^~~~~~~~~~~~~~
%Warning-TIMESCALEMOD: /home/tatua7806/arkhe/asic/run/arkhe/tmp/b68cb3e7b54240e88a68da0760c422b6.bb.v:171:8: Timescale missing on this module as other modules have it (IEEE 1800-2023 3.14.2.3)
  171 | module sky130_fd_sc_hd__a2111oi_0(Y, A1, A2, B1, C1, D1, VPWR, VGND, VPB, VNB);
      |        ^~~~~~~~~~~~~~~~~~~~~~~~~~
                       ../rtl/Memory/memory_map_pck.sv:23:9: ... Location of module with timescale
   23 | package memory_map_pck;
      |         ^~~~~~~~~~~~~~
%Warning-TIMESCALEMOD: /home/tatua7806/arkhe/asic/run/arkhe/tmp/b68cb3e7b54240e88a68da0760c422b6.bb.v:194:8: Timescale missing on this module as other modules have it (IEEE 1800-2023 3.14.2.3)
  194 | module sky130_fd_sc_hd__a2111oi_1(Y, A1, A2, B1, C1, D1, VPWR, VGND, VPB, VNB);
      |        ^~~~~~~~~~~~~~~~~~~~~~~~~~
                       ../rtl/Memory/memory_map_pck.sv:23:9: ... Location of module with timescale
   23 | package memory_map_pck;
      |         ^~~~~~~~~~~~~~
%Warning-TIMESCALEMOD: /home/tatua7806/arkhe/asic/run/arkhe/tmp/b68cb3e7b54240e88a68da0760c422b6.bb.v:217:8: Timescale missing on this module as other modules have it (IEEE 1800-2023 3.14.2.3)
  217 | module sky130_fd_sc_hd__a2111oi_2(Y, A1, A2, B1, C1, D1, VPWR, VGND, VPB, VNB);
      |        ^~~~~~~~~~~~~~~~~~~~~~~~~~
                       ../rtl/Memory/memory_map_pck.sv:23:9: ... Location of module with timescale
   23 | package memory_map_pck;
      |         ^~~~~~~~~~~~~~
%Warning-TIMESCALEMOD: /home/tatua7806/arkhe/asic/run/arkhe/tmp/b68cb3e7b54240e88a68da0760c422b6.bb.v:240:8: Timescale missing on this module as other modules have it (IEEE 1800-2023 3.14.2.3)
  240 | module sky130_fd_sc_hd__a2111oi_4(Y, A1, A2, B1, C1, D1, VPWR, VGND, VPB, VNB);
      |        ^~~~~~~~~~~~~~~~~~~~~~~~~~
                       ../rtl/Memory/memory_map_pck.sv:23:9: ... Location of module with timescale
   23 | package memory_map_pck;
      |         ^~~~~~~~~~~~~~
%Warning-TIMESCALEMOD: /home/tatua7806/arkhe/asic/run/arkhe/tmp/b68cb3e7b54240e88a68da0760c422b6.bb.v:263:8: Timescale missing on this module as other modules have it (IEEE 1800-2023 3.14.2.3)
  263 | module sky130_fd_sc_hd__a211o_1(X, A1, A2, B1, C1, VPWR, VGND, VPB, VNB);
      |        ^~~~~~~~~~~~~~~~~~~~~~~~
                       ../rtl/Memory/memory_map_pck.sv:23:9: ... Location of module with timescale
   23 | package memory_map_pck;
      |         ^~~~~~~~~~~~~~
%Warning-TIMESCALEMOD: /home/tatua7806/arkhe/asic/run/arkhe/tmp/b68cb3e7b54240e88a68da0760c422b6.bb.v:284:8: Timescale missing on this module as other modules have it (IEEE 1800-2023 3.14.2.3)
  284 | module sky130_fd_sc_hd__a211o_2(X, A1, A2, B1, C1, VPWR, VGND, VPB, VNB);
      |        ^~~~~~~~~~~~~~~~~~~~~~~~
                       ../rtl/Memory/memory_map_pck.sv:23:9: ... Location of module with timescale
   23 | package memory_map_pck;
      |         ^~~~~~~~~~~~~~
%Warning-TIMESCALEMOD: /home/tatua7806/arkhe/asic/run/arkhe/tmp/b68cb3e7b54240e88a68da0760c422b6.bb.v:305:8: Timescale missing on this module as other modules have it (IEEE 1800-2023 3.14.2.3)
  305 | module sky130_fd_sc_hd__a211o_4(X, A1, A2, B1, C1, VPWR, VGND, VPB, VNB);
      |        ^~~~~~~~~~~~~~~~~~~~~~~~
                       ../rtl/Memory/memory_map_pck.sv:23:9: ... Location of module with timescale
   23 | package memory_map_pck;
      |         ^~~~~~~~~~~~~~
%Warning-TIMESCALEMOD: /home/tatua7806/arkhe/asic/run/arkhe/tmp/b68cb3e7b54240e88a68da0760c422b6.bb.v:326:8: Timescale missing on this module as other modules have it (IEEE 1800-2023 3.14.2.3)
  326 | module sky130_fd_sc_hd__a211oi_1(Y, A1, A2, B1, C1, VPWR, VGND, VPB, VNB);
      |        ^~~~~~~~~~~~~~~~~~~~~~~~~
                       ../rtl/Memory/memory_map_pck.sv:23:9: ... Location of module with timescale
   23 | package memory_map_pck;
      |         ^~~~~~~~~~~~~~
%Warning-TIMESCALEMOD: /home/tatua7806/arkhe/asic/run/arkhe/tmp/b68cb3e7b54240e88a68da0760c422b6.bb.v:347:8: Timescale missing on this module as other modules have it (IEEE 1800-2023 3.14.2.3)
  347 | module sky130_fd_sc_hd__a211oi_2(Y, A1, A2, B1, C1, VPWR, VGND, VPB, VNB);
      |        ^~~~~~~~~~~~~~~~~~~~~~~~~
                       ../rtl/Memory/memory_map_pck.sv:23:9: ... Location of module with timescale
   23 | package memory_map_pck;
      |         ^~~~~~~~~~~~~~
%Warning-TIMESCALEMOD: /home/tatua7806/arkhe/asic/run/arkhe/tmp/b68cb3e7b54240e88a68da0760c422b6.bb.v:368:8: Timescale missing on this module as other modules have it (IEEE 1800-2023 3.14.2.3)
  368 | module sky130_fd_sc_hd__a211oi_4(Y, A1, A2, B1, C1, VPWR, VGND, VPB, VNB);
      |        ^~~~~~~~~~~~~~~~~~~~~~~~~
                       ../rtl/Memory/memory_map_pck.sv:23:9: ... Location of module with timescale
   23 | package memory_map_pck;
      |         ^~~~~~~~~~~~~~
%Warning-TIMESCALEMOD: /home/tatua7806/arkhe/asic/run/arkhe/tmp/b68cb3e7b54240e88a68da0760c422b6.bb.v:389:8: Timescale missing on this module as other modules have it (IEEE 1800-2023 3.14.2.3)
  389 | module sky130_fd_sc_hd__a21bo_1(X, A1, A2, B1_N, VPWR, VGND, VPB, VNB);
      |        ^~~~~~~~~~~~~~~~~~~~~~~~
                       ../rtl/Memory/memory_map_pck.sv:23:9: ... Location of module with timescale
   23 | package memory_map_pck;
      |         ^~~~~~~~~~~~~~
%Warning-TIMESCALEMOD: /home/tatua7806/arkhe/asic/run/arkhe/tmp/b68cb3e7b54240e88a68da0760c422b6.bb.v:408:8: Timescale missing on this module as other modules have it (IEEE 1800-2023 3.14.2.3)
  408 | module sky130_fd_sc_hd__a21bo_2(X, A1, A2, B1_N, VPWR, VGND, VPB, VNB);
      |        ^~~~~~~~~~~~~~~~~~~~~~~~
                       ../rtl/Memory/memory_map_pck.sv:23:9: ... Location of module with timescale
   23 | package memory_map_pck;
      |         ^~~~~~~~~~~~~~
%Warning-TIMESCALEMOD: /home/tatua7806/arkhe/asic/run/arkhe/tmp/b68cb3e7b54240e88a68da0760c422b6.bb.v:427:8: Timescale missing on this module as other modules have it (IEEE 1800-2023 3.14.2.3)
  427 | module sky130_fd_sc_hd__a21bo_4(X, A1, A2, B1_N, VPWR, VGND, VPB, VNB);
      |        ^~~~~~~~~~~~~~~~~~~~~~~~
                       ../rtl/Memory/memory_map_pck.sv:23:9: ... Location of module with timescale
   23 | package memory_map_pck;
      |         ^~~~~~~~~~~~~~
%Warning-TIMESCALEMOD: /home/tatua7806/arkhe/asic/run/arkhe/tmp/b68cb3e7b54240e88a68da0760c422b6.bb.v:446:8: Timescale missing on this module as other modules have it (IEEE 1800-2023 3.14.2.3)
  446 | module sky130_fd_sc_hd__a21boi_0(Y, A1, A2, B1_N, VPWR, VGND, VPB, VNB);
      |        ^~~~~~~~~~~~~~~~~~~~~~~~~
                       ../rtl/Memory/memory_map_pck.sv:23:9: ... Location of module with timescale
   23 | package memory_map_pck;
      |         ^~~~~~~~~~~~~~
%Warning-TIMESCALEMOD: /home/tatua7806/arkhe/asic/run/arkhe/tmp/b68cb3e7b54240e88a68da0760c422b6.bb.v:465:8: Timescale missing on this module as other modules have it (IEEE 1800-2023 3.14.2.3)
  465 | module sky130_fd_sc_hd__a21boi_1(Y, A1, A2, B1_N, VPWR, VGND, VPB, VNB);
      |        ^~~~~~~~~~~~~~~~~~~~~~~~~
                       ../rtl/Memory/memory_map_pck.sv:23:9: ... Location of module with timescale
   23 | package memory_map_pck;
      |         ^~~~~~~~~~~~~~
%Warning-TIMESCALEMOD: /home/tatua7806/arkhe/asic/run/arkhe/tmp/b68cb3e7b54240e88a68da0760c422b6.bb.v:484:8: Timescale missing on this module as other modules have it (IEEE 1800-2023 3.14.2.3)
  484 | module sky130_fd_sc_hd__a21boi_2(Y, A1, A2, B1_N, VPWR, VGND, VPB, VNB);
      |        ^~~~~~~~~~~~~~~~~~~~~~~~~
                       ../rtl/Memory/memory_map_pck.sv:23:9: ... Location of module with timescale
   23 | package memory_map_pck;
      |         ^~~~~~~~~~~~~~
%Warning-TIMESCALEMOD: /home/tatua7806/arkhe/asic/run/arkhe/tmp/b68cb3e7b54240e88a68da0760c422b6.bb.v:503:8: Timescale missing on this module as other modules have it (IEEE 1800-2023 3.14.2.3)
  503 | module sky130_fd_sc_hd__a21boi_4(Y, A1, A2, B1_N, VPWR, VGND, VPB, VNB);
      |        ^~~~~~~~~~~~~~~~~~~~~~~~~
                       ../rtl/Memory/memory_map_pck.sv:23:9: ... Location of module with timescale
   23 | package memory_map_pck;
      |         ^~~~~~~~~~~~~~
%Warning-TIMESCALEMOD: /home/tatua7806/arkhe/asic/run/arkhe/tmp/b68cb3e7b54240e88a68da0760c422b6.bb.v:522:8: Timescale missing on this module as other modules have it (IEEE 1800-2023 3.14.2.3)
  522 | module sky130_fd_sc_hd__a21o_1(X, A1, A2, B1, VPWR, VGND, VPB, VNB);
      |        ^~~~~~~~~~~~~~~~~~~~~~~
                       ../rtl/Memory/memory_map_pck.sv:23:9: ... Location of module with timescale
   23 | package memory_map_pck;
      |         ^~~~~~~~~~~~~~
%Warning-TIMESCALEMOD: /home/tatua7806/arkhe/asic/run/arkhe/tmp/b68cb3e7b54240e88a68da0760c422b6.bb.v:541:8: Timescale missing on this module as other modules have it (IEEE 1800-2023 3.14.2.3)
  541 | module sky130_fd_sc_hd__a21o_2(X, A1, A2, B1, VPWR, VGND, VPB, VNB);
      |        ^~~~~~~~~~~~~~~~~~~~~~~
                       ../rtl/Memory/memory_map_pck.sv:23:9: ... Location of module with timescale
   23 | package memory_map_pck;
      |         ^~~~~~~~~~~~~~
%Warning-TIMESCALEMOD: /home/tatua7806/arkhe/asic/run/arkhe/tmp/b68cb3e7b54240e88a68da0760c422b6.bb.v:560:8: Timescale missing on this module as other modules have it (IEEE 1800-2023 3.14.2.3)
  560 | module sky130_fd_sc_hd__a21o_4(X, A1, A2, B1, VPWR, VGND, VPB, VNB);
      |        ^~~~~~~~~~~~~~~~~~~~~~~
                       ../rtl/Memory/memory_map_pck.sv:23:9: ... Location of module with timescale
   23 | package memory_map_pck;
      |         ^~~~~~~~~~~~~~
%Warning-TIMESCALEMOD: /home/tatua7806/arkhe/asic/run/arkhe/tmp/b68cb3e7b54240e88a68da0760c422b6.bb.v:579:8: Timescale missing on this module as other modules have it (IEEE 1800-2023 3.14.2.3)
  579 | module sky130_fd_sc_hd__a21oi_1(Y, A1, A2, B1, VPWR, VGND, VPB, VNB);
      |        ^~~~~~~~~~~~~~~~~~~~~~~~
                       ../rtl/Memory/memory_map_pck.sv:23:9: ... Location of module with timescale
   23 | package memory_map_pck;
      |         ^~~~~~~~~~~~~~
%Warning-TIMESCALEMOD: /home/tatua7806/arkhe/asic/run/arkhe/tmp/b68cb3e7b54240e88a68da0760c422b6.bb.v:598:8: Timescale missing on this module as other modules have it (IEEE 1800-2023 3.14.2.3)
  598 | module sky130_fd_sc_hd__a21oi_2(Y, A1, A2, B1, VPWR, VGND, VPB, VNB);
      |        ^~~~~~~~~~~~~~~~~~~~~~~~
                       ../rtl/Memory/memory_map_pck.sv:23:9: ... Location of module with timescale
   23 | package memory_map_pck;
      |         ^~~~~~~~~~~~~~
%Warning-TIMESCALEMOD: /home/tatua7806/arkhe/asic/run/arkhe/tmp/b68cb3e7b54240e88a68da0760c422b6.bb.v:617:8: Timescale missing on this module as other modules have it (IEEE 1800-2023 3.14.2.3)
  617 | module sky130_fd_sc_hd__a21oi_4(Y, A1, A2, B1, VPWR, VGND, VPB, VNB);
      |        ^~~~~~~~~~~~~~~~~~~~~~~~
                       ../rtl/Memory/memory_map_pck.sv:23:9: ... Location of module with timescale
   23 | package memory_map_pck;
      |         ^~~~~~~~~~~~~~
%Warning-TIMESCALEMOD: /home/tatua7806/arkhe/asic/run/arkhe/tmp/b68cb3e7b54240e88a68da0760c422b6.bb.v:636:8: Timescale missing on this module as other modules have it (IEEE 1800-2023 3.14.2.3)
  636 | module sky130_fd_sc_hd__a221o_1(X, A1, A2, B1, B2, C1, VPWR, VGND, VPB, VNB);
      |        ^~~~~~~~~~~~~~~~~~~~~~~~
                       ../rtl/Memory/memory_map_pck.sv:23:9: ... Location of module with timescale
   23 | package memory_map_pck;
      |         ^~~~~~~~~~~~~~
%Warning-TIMESCALEMOD: /home/tatua7806/arkhe/asic/run/arkhe/tmp/b68cb3e7b54240e88a68da0760c422b6.bb.v:659:8: Timescale missing on this module as other modules have it (IEEE 1800-2023 3.14.2.3)
  659 | module sky130_fd_sc_hd__a221o_2(X, A1, A2, B1, B2, C1, VPWR, VGND, VPB, VNB);
      |        ^~~~~~~~~~~~~~~~~~~~~~~~
                       ../rtl/Memory/memory_map_pck.sv:23:9: ... Location of module with timescale
   23 | package memory_map_pck;
      |         ^~~~~~~~~~~~~~
%Warning-TIMESCALEMOD: /home/tatua7806/arkhe/asic/run/arkhe/tmp/b68cb3e7b54240e88a68da0760c422b6.bb.v:682:8: Timescale missing on this module as other modules have it (IEEE 1800-2023 3.14.2.3)
  682 | module sky130_fd_sc_hd__a221o_4(X, A1, A2, B1, B2, C1, VPWR, VGND, VPB, VNB);
      |        ^~~~~~~~~~~~~~~~~~~~~~~~
                       ../rtl/Memory/memory_map_pck.sv:23:9: ... Location of module with timescale
   23 | package memory_map_pck;
      |         ^~~~~~~~~~~~~~
%Warning-TIMESCALEMOD: /home/tatua7806/arkhe/asic/run/arkhe/tmp/b68cb3e7b54240e88a68da0760c422b6.bb.v:705:8: Timescale missing on this module as other modules have it (IEEE 1800-2023 3.14.2.3)
  705 | module sky130_fd_sc_hd__a221oi_1(Y, A1, A2, B1, B2, C1, VPWR, VGND, VPB, VNB);
      |        ^~~~~~~~~~~~~~~~~~~~~~~~~
                       ../rtl/Memory/memory_map_pck.sv:23:9: ... Location of module with timescale
   23 | package memory_map_pck;
      |         ^~~~~~~~~~~~~~
%Warning-TIMESCALEMOD: /home/tatua7806/arkhe/asic/run/arkhe/tmp/b68cb3e7b54240e88a68da0760c422b6.bb.v:728:8: Timescale missing on this module as other modules have it (IEEE 1800-2023 3.14.2.3)
  728 | module sky130_fd_sc_hd__a221oi_2(Y, A1, A2, B1, B2, C1, VPWR, VGND, VPB, VNB);
      |        ^~~~~~~~~~~~~~~~~~~~~~~~~
                       ../rtl/Memory/memory_map_pck.sv:23:9: ... Location of module with timescale
   23 | package memory_map_pck;
      |         ^~~~~~~~~~~~~~
%Warning-TIMESCALEMOD: /home/tatua7806/arkhe/asic/run/arkhe/tmp/b68cb3e7b54240e88a68da0760c422b6.bb.v:751:8: Timescale missing on this module as other modules have it (IEEE 1800-2023 3.14.2.3)
  751 | module sky130_fd_sc_hd__a221oi_4(Y, A1, A2, B1, B2, C1, VPWR, VGND, VPB, VNB);
      |        ^~~~~~~~~~~~~~~~~~~~~~~~~
                       ../rtl/Memory/memory_map_pck.sv:23:9: ... Location of module with timescale
   23 | package memory_map_pck;
      |         ^~~~~~~~~~~~~~
%Warning-TIMESCALEMOD: /home/tatua7806/arkhe/asic/run/arkhe/tmp/b68cb3e7b54240e88a68da0760c422b6.bb.v:774:8: Timescale missing on this module as other modules have it (IEEE 1800-2023 3.14.2.3)
  774 | module sky130_fd_sc_hd__a222oi_1(Y, A1, A2, B1, B2, C1, C2, VPWR, VGND, VPB, VNB);
      |        ^~~~~~~~~~~~~~~~~~~~~~~~~
                       ../rtl/Memory/memory_map_pck.sv:23:9: ... Location of module with timescale
   23 | package memory_map_pck;
      |         ^~~~~~~~~~~~~~
%Warning-TIMESCALEMOD: /home/tatua7806/arkhe/asic/run/arkhe/tmp/b68cb3e7b54240e88a68da0760c422b6.bb.v:799:8: Timescale missing on this module as other modules have it (IEEE 1800-2023 3.14.2.3)
  799 | module sky130_fd_sc_hd__a22o_1(X, A1, A2, B1, B2, VPWR, VGND, VPB, VNB);
      |        ^~~~~~~~~~~~~~~~~~~~~~~
                       ../rtl/Memory/memory_map_pck.sv:23:9: ... Location of module with timescale
   23 | package memory_map_pck;
      |         ^~~~~~~~~~~~~~
%Warning-TIMESCALEMOD: /home/tatua7806/arkhe/asic/run/arkhe/tmp/b68cb3e7b54240e88a68da0760c422b6.bb.v:820:8: Timescale missing on this module as other modules have it (IEEE 1800-2023 3.14.2.3)
  820 | module sky130_fd_sc_hd__a22o_2(X, A1, A2, B1, B2, VPWR, VGND, VPB, VNB);
      |        ^~~~~~~~~~~~~~~~~~~~~~~
                       ../rtl/Memory/memory_map_pck.sv:23:9: ... Location of module with timescale
   23 | package memory_map_pck;
      |         ^~~~~~~~~~~~~~
%Warning-TIMESCALEMOD: /home/tatua7806/arkhe/asic/run/arkhe/tmp/b68cb3e7b54240e88a68da0760c422b6.bb.v:841:8: Timescale missing on this module as other modules have it (IEEE 1800-2023 3.14.2.3)
  841 | module sky130_fd_sc_hd__a22o_4(X, A1, A2, B1, B2, VPWR, VGND, VPB, VNB);
      |        ^~~~~~~~~~~~~~~~~~~~~~~
                       ../rtl/Memory/memory_map_pck.sv:23:9: ... Location of module with timescale
   23 | package memory_map_pck;
      |         ^~~~~~~~~~~~~~
%Warning-TIMESCALEMOD: /home/tatua7806/arkhe/asic/run/arkhe/tmp/b68cb3e7b54240e88a68da0760c422b6.bb.v:862:8: Timescale missing on this module as other modules have it (IEEE 1800-2023 3.14.2.3)
  862 | module sky130_fd_sc_hd__a22oi_1(Y, A1, A2, B1, B2, VPWR, VGND, VPB, VNB);
      |        ^~~~~~~~~~~~~~~~~~~~~~~~
                       ../rtl/Memory/memory_map_pck.sv:23:9: ... Location of module with timescale
   23 | package memory_map_pck;
      |         ^~~~~~~~~~~~~~
%Warning-TIMESCALEMOD: /home/tatua7806/arkhe/asic/run/arkhe/tmp/b68cb3e7b54240e88a68da0760c422b6.bb.v:883:8: Timescale missing on this module as other modules have it (IEEE 1800-2023 3.14.2.3)
  883 | module sky130_fd_sc_hd__a22oi_2(Y, A1, A2, B1, B2, VPWR, VGND, VPB, VNB);
      |        ^~~~~~~~~~~~~~~~~~~~~~~~
                       ../rtl/Memory/memory_map_pck.sv:23:9: ... Location of module with timescale
   23 | package memory_map_pck;
      |         ^~~~~~~~~~~~~~
%Warning-TIMESCALEMOD: /home/tatua7806/arkhe/asic/run/arkhe/tmp/b68cb3e7b54240e88a68da0760c422b6.bb.v:904:8: Timescale missing on this module as other modules have it (IEEE 1800-2023 3.14.2.3)
  904 | module sky130_fd_sc_hd__a22oi_4(Y, A1, A2, B1, B2, VPWR, VGND, VPB, VNB);
      |        ^~~~~~~~~~~~~~~~~~~~~~~~
                       ../rtl/Memory/memory_map_pck.sv:23:9: ... Location of module with timescale
   23 | package memory_map_pck;
      |         ^~~~~~~~~~~~~~
%Warning-TIMESCALEMOD: /home/tatua7806/arkhe/asic/run/arkhe/tmp/b68cb3e7b54240e88a68da0760c422b6.bb.v:925:8: Timescale missing on this module as other modules have it (IEEE 1800-2023 3.14.2.3)
  925 | module sky130_fd_sc_hd__a2bb2o_1(X, A1_N, A2_N, B1, B2, VPWR, VGND, VPB, VNB);
      |        ^~~~~~~~~~~~~~~~~~~~~~~~~
                       ../rtl/Memory/memory_map_pck.sv:23:9: ... Location of module with timescale
   23 | package memory_map_pck;
      |         ^~~~~~~~~~~~~~
%Warning-TIMESCALEMOD: /home/tatua7806/arkhe/asic/run/arkhe/tmp/b68cb3e7b54240e88a68da0760c422b6.bb.v:946:8: Timescale missing on this module as other modules have it (IEEE 1800-2023 3.14.2.3)
  946 | module sky130_fd_sc_hd__a2bb2o_2(X, A1_N, A2_N, B1, B2, VPWR, VGND, VPB, VNB);
      |        ^~~~~~~~~~~~~~~~~~~~~~~~~
                       ../rtl/Memory/memory_map_pck.sv:23:9: ... Location of module with timescale
   23 | package memory_map_pck;
      |         ^~~~~~~~~~~~~~
%Warning-TIMESCALEMOD: /home/tatua7806/arkhe/asic/run/arkhe/tmp/b68cb3e7b54240e88a68da0760c422b6.bb.v:967:8: Timescale missing on this module as other modules have it (IEEE 1800-2023 3.14.2.3)
  967 | module sky130_fd_sc_hd__a2bb2o_4(X, A1_N, A2_N, B1, B2, VPWR, VGND, VPB, VNB);
      |        ^~~~~~~~~~~~~~~~~~~~~~~~~
                       ../rtl/Memory/memory_map_pck.sv:23:9: ... Location of module with timescale
   23 | package memory_map_pck;
      |         ^~~~~~~~~~~~~~
%Warning-TIMESCALEMOD: /home/tatua7806/arkhe/asic/run/arkhe/tmp/b68cb3e7b54240e88a68da0760c422b6.bb.v:988:8: Timescale missing on this module as other modules have it (IEEE 1800-2023 3.14.2.3)
  988 | module sky130_fd_sc_hd__a2bb2oi_1(Y, A1_N, A2_N, B1, B2, VPWR, VGND, VPB, VNB);
      |        ^~~~~~~~~~~~~~~~~~~~~~~~~~
                       ../rtl/Memory/memory_map_pck.sv:23:9: ... Location of module with timescale
   23 | package memory_map_pck;
      |         ^~~~~~~~~~~~~~
%Warning-TIMESCALEMOD: /home/tatua7806/arkhe/asic/run/arkhe/tmp/b68cb3e7b54240e88a68da0760c422b6.bb.v:1009:8: Timescale missing on this module as other modules have it (IEEE 1800-2023 3.14.2.3)
 1009 | module sky130_fd_sc_hd__a2bb2oi_2(Y, A1_N, A2_N, B1, B2, VPWR, VGND, VPB, VNB);
      |        ^~~~~~~~~~~~~~~~~~~~~~~~~~
                       ../rtl/Memory/memory_map_pck.sv:23:9: ... Location of module with timescale
   23 | package memory_map_pck;
      |         ^~~~~~~~~~~~~~
%Warning-TIMESCALEMOD: /home/tatua7806/arkhe/asic/run/arkhe/tmp/b68cb3e7b54240e88a68da0760c422b6.bb.v:1030:8: Timescale missing on this module as other modules have it (IEEE 1800-2023 3.14.2.3)
 1030 | module sky130_fd_sc_hd__a2bb2oi_4(Y, A1_N, A2_N, B1, B2, VPWR, VGND, VPB, VNB);
      |        ^~~~~~~~~~~~~~~~~~~~~~~~~~
                       ../rtl/Memory/memory_map_pck.sv:23:9: ... Location of module with timescale
   23 | package memory_map_pck;
      |         ^~~~~~~~~~~~~~
%Warning-TIMESCALEMOD: /home/tatua7806/arkhe/asic/run/arkhe/tmp/b68cb3e7b54240e88a68da0760c422b6.bb.v:1051:8: Timescale missing on this module as other modules have it (IEEE 1800-2023 3.14.2.3)
 1051 | module sky130_fd_sc_hd__a311o_1(X, A1, A2, A3, B1, C1, VPWR, VGND, VPB, VNB);
      |        ^~~~~~~~~~~~~~~~~~~~~~~~
                       ../rtl/Memory/memory_map_pck.sv:23:9: ... Location of module with timescale
   23 | package memory_map_pck;
      |         ^~~~~~~~~~~~~~
%Warning-TIMESCALEMOD: /home/tatua7806/arkhe/asic/run/arkhe/tmp/b68cb3e7b54240e88a68da0760c422b6.bb.v:1074:8: Timescale missing on this module as other modules have it (IEEE 1800-2023 3.14.2.3)
 1074 | module sky130_fd_sc_hd__a311o_2(X, A1, A2, A3, B1, C1, VPWR, VGND, VPB, VNB);
      |        ^~~~~~~~~~~~~~~~~~~~~~~~
                       ../rtl/Memory/memory_map_pck.sv:23:9: ... Location of module with timescale
   23 | package memory_map_pck;
      |         ^~~~~~~~~~~~~~
%Warning-TIMESCALEMOD: /home/tatua7806/arkhe/asic/run/arkhe/tmp/b68cb3e7b54240e88a68da0760c422b6.bb.v:1097:8: Timescale missing on this module as other modules have it (IEEE 1800-2023 3.14.2.3)
 1097 | module sky130_fd_sc_hd__a311o_4(X, A1, A2, A3, B1, C1, VPWR, VGND, VPB, VNB);
      |        ^~~~~~~~~~~~~~~~~~~~~~~~
                       ../rtl/Memory/memory_map_pck.sv:23:9: ... Location of module with timescale
   23 | package memory_map_pck;
      |         ^~~~~~~~~~~~~~
%Warning-TIMESCALEMOD: /home/tatua7806/arkhe/asic/run/arkhe/tmp/b68cb3e7b54240e88a68da0760c422b6.bb.v:1120:8: Timescale missing on this module as other modules have it (IEEE 1800-2023 3.14.2.3)
 1120 | module sky130_fd_sc_hd__a311oi_1(Y, A1, A2, A3, B1, C1, VPWR, VGND, VPB, VNB);
      |        ^~~~~~~~~~~~~~~~~~~~~~~~~
                       ../rtl/Memory/memory_map_pck.sv:23:9: ... Location of module with timescale
   23 | package memory_map_pck;
      |         ^~~~~~~~~~~~~~
%Warning-TIMESCALEMOD: /home/tatua7806/arkhe/asic/run/arkhe/tmp/b68cb3e7b54240e88a68da0760c422b6.bb.v:1143:8: Timescale missing on this module as other modules have it (IEEE 1800-2023 3.14.2.3)
 1143 | module sky130_fd_sc_hd__a311oi_2(Y, A1, A2, A3, B1, C1, VPWR, VGND, VPB, VNB);
      |        ^~~~~~~~~~~~~~~~~~~~~~~~~
                       ../rtl/Memory/memory_map_pck.sv:23:9: ... Location of module with timescale
   23 | package memory_map_pck;
      |         ^~~~~~~~~~~~~~
%Warning-TIMESCALEMOD: /home/tatua7806/arkhe/asic/run/arkhe/tmp/b68cb3e7b54240e88a68da0760c422b6.bb.v:1166:8: Timescale missing on this module as other modules have it (IEEE 1800-2023 3.14.2.3)
 1166 | module sky130_fd_sc_hd__a311oi_4(Y, A1, A2, A3, B1, C1, VPWR, VGND, VPB, VNB);
      |        ^~~~~~~~~~~~~~~~~~~~~~~~~
                       ../rtl/Memory/memory_map_pck.sv:23:9: ... Location of module with timescale
   23 | package memory_map_pck;
      |         ^~~~~~~~~~~~~~
%Warning-TIMESCALEMOD: /home/tatua7806/arkhe/asic/run/arkhe/tmp/b68cb3e7b54240e88a68da0760c422b6.bb.v:1189:8: Timescale missing on this module as other modules have it (IEEE 1800-2023 3.14.2.3)
 1189 | module sky130_fd_sc_hd__a31o_1(X, A1, A2, A3, B1, VPWR, VGND, VPB, VNB);
      |        ^~~~~~~~~~~~~~~~~~~~~~~
                       ../rtl/Memory/memory_map_pck.sv:23:9: ... Location of module with timescale
   23 | package memory_map_pck;
      |         ^~~~~~~~~~~~~~
%Warning-TIMESCALEMOD: /home/tatua7806/arkhe/asic/run/arkhe/tmp/b68cb3e7b54240e88a68da0760c422b6.bb.v:1210:8: Timescale missing on this module as other modules have it (IEEE 1800-2023 3.14.2.3)
 1210 | module sky130_fd_sc_hd__a31o_2(X, A1, A2, A3, B1, VPWR, VGND, VPB, VNB);
      |        ^~~~~~~~~~~~~~~~~~~~~~~
                       ../rtl/Memory/memory_map_pck.sv:23:9: ... Location of module with timescale
   23 | package memory_map_pck;
      |         ^~~~~~~~~~~~~~
%Warning-TIMESCALEMOD: /home/tatua7806/arkhe/asic/run/arkhe/tmp/b68cb3e7b54240e88a68da0760c422b6.bb.v:1231:8: Timescale missing on this module as other modules have it (IEEE 1800-2023 3.14.2.3)
 1231 | module sky130_fd_sc_hd__a31o_4(X, A1, A2, A3, B1, VPWR, VGND, VPB, VNB);
      |        ^~~~~~~~~~~~~~~~~~~~~~~
                       ../rtl/Memory/memory_map_pck.sv:23:9: ... Location of module with timescale
   23 | package memory_map_pck;
      |         ^~~~~~~~~~~~~~
%Warning-TIMESCALEMOD: /home/tatua7806/arkhe/asic/run/arkhe/tmp/b68cb3e7b54240e88a68da0760c422b6.bb.v:1252:8: Timescale missing on this module as other modules have it (IEEE 1800-2023 3.14.2.3)
 1252 | module sky130_fd_sc_hd__a31oi_1(Y, A1, A2, A3, B1, VPWR, VGND, VPB, VNB);
      |        ^~~~~~~~~~~~~~~~~~~~~~~~
                       ../rtl/Memory/memory_map_pck.sv:23:9: ... Location of module with timescale
   23 | package memory_map_pck;
      |         ^~~~~~~~~~~~~~
%Warning-TIMESCALEMOD: /home/tatua7806/arkhe/asic/run/arkhe/tmp/b68cb3e7b54240e88a68da0760c422b6.bb.v:1273:8: Timescale missing on this module as other modules have it (IEEE 1800-2023 3.14.2.3)
 1273 | module sky130_fd_sc_hd__a31oi_2(Y, A1, A2, A3, B1, VPWR, VGND, VPB, VNB);
      |        ^~~~~~~~~~~~~~~~~~~~~~~~
                       ../rtl/Memory/memory_map_pck.sv:23:9: ... Location of module with timescale
   23 | package memory_map_pck;
      |         ^~~~~~~~~~~~~~
%Warning-TIMESCALEMOD: /home/tatua7806/arkhe/asic/run/arkhe/tmp/b68cb3e7b54240e88a68da0760c422b6.bb.v:1294:8: Timescale missing on this module as other modules have it (IEEE 1800-2023 3.14.2.3)
 1294 | module sky130_fd_sc_hd__a31oi_4(Y, A1, A2, A3, B1, VPWR, VGND, VPB, VNB);
      |        ^~~~~~~~~~~~~~~~~~~~~~~~
                       ../rtl/Memory/memory_map_pck.sv:23:9: ... Location of module with timescale
   23 | package memory_map_pck;
      |         ^~~~~~~~~~~~~~
%Warning-TIMESCALEMOD: /home/tatua7806/arkhe/asic/run/arkhe/tmp/b68cb3e7b54240e88a68da0760c422b6.bb.v:1315:8: Timescale missing on this module as other modules have it (IEEE 1800-2023 3.14.2.3)
 1315 | module sky130_fd_sc_hd__a32o_1(X, A1, A2, A3, B1, B2, VPWR, VGND, VPB, VNB);
      |        ^~~~~~~~~~~~~~~~~~~~~~~
                       ../rtl/Memory/memory_map_pck.sv:23:9: ... Location of module with timescale
   23 | package memory_map_pck;
      |         ^~~~~~~~~~~~~~
%Warning-TIMESCALEMOD: /home/tatua7806/arkhe/asic/run/arkhe/tmp/b68cb3e7b54240e88a68da0760c422b6.bb.v:1338:8: Timescale missing on this module as other modules have it (IEEE 1800-2023 3.14.2.3)
 1338 | module sky130_fd_sc_hd__a32o_2(X, A1, A2, A3, B1, B2, VPWR, VGND, VPB, VNB);
      |        ^~~~~~~~~~~~~~~~~~~~~~~
                       ../rtl/Memory/memory_map_pck.sv:23:9: ... Location of module with timescale
   23 | package memory_map_pck;
      |         ^~~~~~~~~~~~~~
%Warning-TIMESCALEMOD: /home/tatua7806/arkhe/asic/run/arkhe/tmp/b68cb3e7b54240e88a68da0760c422b6.bb.v:1361:8: Timescale missing on this module as other modules have it (IEEE 1800-2023 3.14.2.3)
 1361 | module sky130_fd_sc_hd__a32o_4(X, A1, A2, A3, B1, B2, VPWR, VGND, VPB, VNB);
      |        ^~~~~~~~~~~~~~~~~~~~~~~
                       ../rtl/Memory/memory_map_pck.sv:23:9: ... Location of module with timescale
   23 | package memory_map_pck;
      |         ^~~~~~~~~~~~~~
%Warning-TIMESCALEMOD: /home/tatua7806/arkhe/asic/run/arkhe/tmp/b68cb3e7b54240e88a68da0760c422b6.bb.v:1384:8: Timescale missing on this module as other modules have it (IEEE 1800-2023 3.14.2.3)
 1384 | module sky130_fd_sc_hd__a32oi_1(Y, A1, A2, A3, B1, B2, VPWR, VGND, VPB, VNB);
      |        ^~~~~~~~~~~~~~~~~~~~~~~~
                       ../rtl/Memory/memory_map_pck.sv:23:9: ... Location of module with timescale
   23 | package memory_map_pck;
      |         ^~~~~~~~~~~~~~
%Warning-TIMESCALEMOD: /home/tatua7806/arkhe/asic/run/arkhe/tmp/b68cb3e7b54240e88a68da0760c422b6.bb.v:1407:8: Timescale missing on this module as other modules have it (IEEE 1800-2023 3.14.2.3)
 1407 | module sky130_fd_sc_hd__a32oi_2(Y, A1, A2, A3, B1, B2, VPWR, VGND, VPB, VNB);
      |        ^~~~~~~~~~~~~~~~~~~~~~~~
                       ../rtl/Memory/memory_map_pck.sv:23:9: ... Location of module with timescale
   23 | package memory_map_pck;
      |         ^~~~~~~~~~~~~~
%Warning-TIMESCALEMOD: /home/tatua7806/arkhe/asic/run/arkhe/tmp/b68cb3e7b54240e88a68da0760c422b6.bb.v:1430:8: Timescale missing on this module as other modules have it (IEEE 1800-2023 3.14.2.3)
 1430 | module sky130_fd_sc_hd__a32oi_4(Y, A1, A2, A3, B1, B2, VPWR, VGND, VPB, VNB);
      |        ^~~~~~~~~~~~~~~~~~~~~~~~
                       ../rtl/Memory/memory_map_pck.sv:23:9: ... Location of module with timescale
   23 | package memory_map_pck;
      |         ^~~~~~~~~~~~~~
%Warning-TIMESCALEMOD: /home/tatua7806/arkhe/asic/run/arkhe/tmp/b68cb3e7b54240e88a68da0760c422b6.bb.v:1453:8: Timescale missing on this module as other modules have it (IEEE 1800-2023 3.14.2.3)
 1453 | module sky130_fd_sc_hd__a41o_1(X, A1, A2, A3, A4, B1, VPWR, VGND, VPB, VNB);
      |        ^~~~~~~~~~~~~~~~~~~~~~~
                       ../rtl/Memory/memory_map_pck.sv:23:9: ... Location of module with timescale
   23 | package memory_map_pck;
      |         ^~~~~~~~~~~~~~
%Warning-TIMESCALEMOD: /home/tatua7806/arkhe/asic/run/arkhe/tmp/b68cb3e7b54240e88a68da0760c422b6.bb.v:1476:8: Timescale missing on this module as other modules have it (IEEE 1800-2023 3.14.2.3)
 1476 | module sky130_fd_sc_hd__a41o_2(X, A1, A2, A3, A4, B1, VPWR, VGND, VPB, VNB);
      |        ^~~~~~~~~~~~~~~~~~~~~~~
                       ../rtl/Memory/memory_map_pck.sv:23:9: ... Location of module with timescale
   23 | package memory_map_pck;
      |         ^~~~~~~~~~~~~~
%Warning-TIMESCALEMOD: /home/tatua7806/arkhe/asic/run/arkhe/tmp/b68cb3e7b54240e88a68da0760c422b6.bb.v:1499:8: Timescale missing on this module as other modules have it (IEEE 1800-2023 3.14.2.3)
 1499 | module sky130_fd_sc_hd__a41o_4(X, A1, A2, A3, A4, B1, VPWR, VGND, VPB, VNB);
      |        ^~~~~~~~~~~~~~~~~~~~~~~
                       ../rtl/Memory/memory_map_pck.sv:23:9: ... Location of module with timescale
   23 | package memory_map_pck;
      |         ^~~~~~~~~~~~~~
%Warning-TIMESCALEMOD: /home/tatua7806/arkhe/asic/run/arkhe/tmp/b68cb3e7b54240e88a68da0760c422b6.bb.v:1522:8: Timescale missing on this module as other modules have it (IEEE 1800-2023 3.14.2.3)
 1522 | module sky130_fd_sc_hd__a41oi_1(Y, A1, A2, A3, A4, B1, VPWR, VGND, VPB, VNB);
      |        ^~~~~~~~~~~~~~~~~~~~~~~~
                       ../rtl/Memory/memory_map_pck.sv:23:9: ... Location of module with timescale
   23 | package memory_map_pck;
      |         ^~~~~~~~~~~~~~
%Warning-TIMESCALEMOD: /home/tatua7806/arkhe/asic/run/arkhe/tmp/b68cb3e7b54240e88a68da0760c422b6.bb.v:1545:8: Timescale missing on this module as other modules have it (IEEE 1800-2023 3.14.2.3)
 1545 | module sky130_fd_sc_hd__a41oi_2(Y, A1, A2, A3, A4, B1, VPWR, VGND, VPB, VNB);
      |        ^~~~~~~~~~~~~~~~~~~~~~~~
                       ../rtl/Memory/memory_map_pck.sv:23:9: ... Location of module with timescale
   23 | package memory_map_pck;
      |         ^~~~~~~~~~~~~~
%Warning-TIMESCALEMOD: /home/tatua7806/arkhe/asic/run/arkhe/tmp/b68cb3e7b54240e88a68da0760c422b6.bb.v:1568:8: Timescale missing on this module as other modules have it (IEEE 1800-2023 3.14.2.3)
 1568 | module sky130_fd_sc_hd__a41oi_4(Y, A1, A2, A3, A4, B1, VPWR, VGND, VPB, VNB);
      |        ^~~~~~~~~~~~~~~~~~~~~~~~
                       ../rtl/Memory/memory_map_pck.sv:23:9: ... Location of module with timescale
   23 | package memory_map_pck;
      |         ^~~~~~~~~~~~~~
%Warning-TIMESCALEMOD: /home/tatua7806/arkhe/asic/run/arkhe/tmp/b68cb3e7b54240e88a68da0760c422b6.bb.v:1591:8: Timescale missing on this module as other modules have it (IEEE 1800-2023 3.14.2.3)
 1591 | module sky130_fd_sc_hd__and2_0(X, A, B, VPWR, VGND, VPB, VNB);
      |        ^~~~~~~~~~~~~~~~~~~~~~~
                       ../rtl/Memory/memory_map_pck.sv:23:9: ... Location of module with timescale
   23 | package memory_map_pck;
      |         ^~~~~~~~~~~~~~
%Warning-TIMESCALEMOD: /home/tatua7806/arkhe/asic/run/arkhe/tmp/b68cb3e7b54240e88a68da0760c422b6.bb.v:1608:8: Timescale missing on this module as other modules have it (IEEE 1800-2023 3.14.2.3)
 1608 | module sky130_fd_sc_hd__and2_1(X, A, B, VPWR, VGND, VPB, VNB);
      |        ^~~~~~~~~~~~~~~~~~~~~~~
                       ../rtl/Memory/memory_map_pck.sv:23:9: ... Location of module with timescale
   23 | package memory_map_pck;
      |         ^~~~~~~~~~~~~~
%Warning-TIMESCALEMOD: /home/tatua7806/arkhe/asic/run/arkhe/tmp/b68cb3e7b54240e88a68da0760c422b6.bb.v:1625:8: Timescale missing on this module as other modules have it (IEEE 1800-2023 3.14.2.3)
 1625 | module sky130_fd_sc_hd__and2_2(X, A, B, VPWR, VGND, VPB, VNB);
      |        ^~~~~~~~~~~~~~~~~~~~~~~
                       ../rtl/Memory/memory_map_pck.sv:23:9: ... Location of module with timescale
   23 | package memory_map_pck;
      |         ^~~~~~~~~~~~~~
%Warning-TIMESCALEMOD: /home/tatua7806/arkhe/asic/run/arkhe/tmp/b68cb3e7b54240e88a68da0760c422b6.bb.v:1642:8: Timescale missing on this module as other modules have it (IEEE 1800-2023 3.14.2.3)
 1642 | module sky130_fd_sc_hd__and2_4(X, A, B, VPWR, VGND, VPB, VNB);
      |        ^~~~~~~~~~~~~~~~~~~~~~~
                       ../rtl/Memory/memory_map_pck.sv:23:9: ... Location of module with timescale
   23 | package memory_map_pck;
      |         ^~~~~~~~~~~~~~
%Warning-TIMESCALEMOD: /home/tatua7806/arkhe/asic/run/arkhe/tmp/b68cb3e7b54240e88a68da0760c422b6.bb.v:1659:8: Timescale missing on this module as other modules have it (IEEE 1800-2023 3.14.2.3)
 1659 | module sky130_fd_sc_hd__and2b_1(X, A_N, B, VPWR, VGND, VPB, VNB);
      |        ^~~~~~~~~~~~~~~~~~~~~~~~
                       ../rtl/Memory/memory_map_pck.sv:23:9: ... Location of module with timescale
   23 | package memory_map_pck;
      |         ^~~~~~~~~~~~~~
%Warning-TIMESCALEMOD: /home/tatua7806/arkhe/asic/run/arkhe/tmp/b68cb3e7b54240e88a68da0760c422b6.bb.v:1676:8: Timescale missing on this module as other modules have it (IEEE 1800-2023 3.14.2.3)
 1676 | module sky130_fd_sc_hd__and2b_2(X, A_N, B, VPWR, VGND, VPB, VNB);
      |        ^~~~~~~~~~~~~~~~~~~~~~~~
                       ../rtl/Memory/memory_map_pck.sv:23:9: ... Location of module with timescale
   23 | package memory_map_pck;
      |         ^~~~~~~~~~~~~~
%Warning-TIMESCALEMOD: /home/tatua7806/arkhe/asic/run/arkhe/tmp/b68cb3e7b54240e88a68da0760c422b6.bb.v:1693:8: Timescale missing on this module as other modules have it (IEEE 1800-2023 3.14.2.3)
 1693 | module sky130_fd_sc_hd__and2b_4(X, A_N, B, VPWR, VGND, VPB, VNB);
      |        ^~~~~~~~~~~~~~~~~~~~~~~~
                       ../rtl/Memory/memory_map_pck.sv:23:9: ... Location of module with timescale
   23 | package memory_map_pck;
      |         ^~~~~~~~~~~~~~
%Warning-TIMESCALEMOD: /home/tatua7806/arkhe/asic/run/arkhe/tmp/b68cb3e7b54240e88a68da0760c422b6.bb.v:1710:8: Timescale missing on this module as other modules have it (IEEE 1800-2023 3.14.2.3)
 1710 | module sky130_fd_sc_hd__and3_1(X, A, B, C, VPWR, VGND, VPB, VNB);
      |        ^~~~~~~~~~~~~~~~~~~~~~~
                       ../rtl/Memory/memory_map_pck.sv:23:9: ... Location of module with timescale
   23 | package memory_map_pck;
      |         ^~~~~~~~~~~~~~
%Warning-TIMESCALEMOD: /home/tatua7806/arkhe/asic/run/arkhe/tmp/b68cb3e7b54240e88a68da0760c422b6.bb.v:1729:8: Timescale missing on this module as other modules have it (IEEE 1800-2023 3.14.2.3)
 1729 | module sky130_fd_sc_hd__and3_2(X, A, B, C, VPWR, VGND, VPB, VNB);
      |        ^~~~~~~~~~~~~~~~~~~~~~~
                       ../rtl/Memory/memory_map_pck.sv:23:9: ... Location of module with timescale
   23 | package memory_map_pck;
      |         ^~~~~~~~~~~~~~
%Warning-TIMESCALEMOD: /home/tatua7806/arkhe/asic/run/arkhe/tmp/b68cb3e7b54240e88a68da0760c422b6.bb.v:1748:8: Timescale missing on this module as other modules have it (IEEE 1800-2023 3.14.2.3)
 1748 | module sky130_fd_sc_hd__and3_4(X, A, B, C, VPWR, VGND, VPB, VNB);
      |        ^~~~~~~~~~~~~~~~~~~~~~~
                       ../rtl/Memory/memory_map_pck.sv:23:9: ... Location of module with timescale
   23 | package memory_map_pck;
      |         ^~~~~~~~~~~~~~
%Warning-TIMESCALEMOD: /home/tatua7806/arkhe/asic/run/arkhe/tmp/b68cb3e7b54240e88a68da0760c422b6.bb.v:1767:8: Timescale missing on this module as other modules have it (IEEE 1800-2023 3.14.2.3)
 1767 | module sky130_fd_sc_hd__and3b_1(X, A_N, B, C, VPWR, VGND, VPB, VNB);
      |        ^~~~~~~~~~~~~~~~~~~~~~~~
                       ../rtl/Memory/memory_map_pck.sv:23:9: ... Location of module with timescale
   23 | package memory_map_pck;
      |         ^~~~~~~~~~~~~~
%Warning-TIMESCALEMOD: /home/tatua7806/arkhe/asic/run/arkhe/tmp/b68cb3e7b54240e88a68da0760c422b6.bb.v:1786:8: Timescale missing on this module as other modules have it (IEEE 1800-2023 3.14.2.3)
 1786 | module sky130_fd_sc_hd__and3b_2(X, A_N, B, C, VPWR, VGND, VPB, VNB);
      |        ^~~~~~~~~~~~~~~~~~~~~~~~
                       ../rtl/Memory/memory_map_pck.sv:23:9: ... Location of module with timescale
   23 | package memory_map_pck;
      |         ^~~~~~~~~~~~~~
%Warning-TIMESCALEMOD: /home/tatua7806/arkhe/asic/run/arkhe/tmp/b68cb3e7b54240e88a68da0760c422b6.bb.v:1805:8: Timescale missing on this module as other modules have it (IEEE 1800-2023 3.14.2.3)
 1805 | module sky130_fd_sc_hd__and3b_4(X, A_N, B, C, VPWR, VGND, VPB, VNB);
      |        ^~~~~~~~~~~~~~~~~~~~~~~~
                       ../rtl/Memory/memory_map_pck.sv:23:9: ... Location of module with timescale
   23 | package memory_map_pck;
      |         ^~~~~~~~~~~~~~
%Warning-TIMESCALEMOD: /home/tatua7806/arkhe/asic/run/arkhe/tmp/b68cb3e7b54240e88a68da0760c422b6.bb.v:1824:8: Timescale missing on this module as other modules have it (IEEE 1800-2023 3.14.2.3)
 1824 | module sky130_fd_sc_hd__and4_1(X, A, B, C, D, VPWR, VGND, VPB, VNB);
      |        ^~~~~~~~~~~~~~~~~~~~~~~
                       ../rtl/Memory/memory_map_pck.sv:23:9: ... Location of module with timescale
   23 | package memory_map_pck;
      |         ^~~~~~~~~~~~~~
%Warning-TIMESCALEMOD: /home/tatua7806/arkhe/asic/run/arkhe/tmp/b68cb3e7b54240e88a68da0760c422b6.bb.v:1845:8: Timescale missing on this module as other modules have it (IEEE 1800-2023 3.14.2.3)
 1845 | module sky130_fd_sc_hd__and4_2(X, A, B, C, D, VPWR, VGND, VPB, VNB);
      |        ^~~~~~~~~~~~~~~~~~~~~~~
                       ../rtl/Memory/memory_map_pck.sv:23:9: ... Location of module with timescale
   23 | package memory_map_pck;
      |         ^~~~~~~~~~~~~~
%Warning-TIMESCALEMOD: /home/tatua7806/arkhe/asic/run/arkhe/tmp/b68cb3e7b54240e88a68da0760c422b6.bb.v:1866:8: Timescale missing on this module as other modules have it (IEEE 1800-2023 3.14.2.3)
 1866 | module sky130_fd_sc_hd__and4_4(X, A, B, C, D, VPWR, VGND, VPB, VNB);
      |        ^~~~~~~~~~~~~~~~~~~~~~~
                       ../rtl/Memory/memory_map_pck.sv:23:9: ... Location of module with timescale
   23 | package memory_map_pck;
      |         ^~~~~~~~~~~~~~
%Warning-TIMESCALEMOD: /home/tatua7806/arkhe/asic/run/arkhe/tmp/b68cb3e7b54240e88a68da0760c422b6.bb.v:1887:8: Timescale missing on this module as other modules have it (IEEE 1800-2023 3.14.2.3)
 1887 | module sky130_fd_sc_hd__and4b_1(X, A_N, B, C, D, VPWR, VGND, VPB, VNB);
      |        ^~~~~~~~~~~~~~~~~~~~~~~~
                       ../rtl/Memory/memory_map_pck.sv:23:9: ... Location of module with timescale
   23 | package memory_map_pck;
      |         ^~~~~~~~~~~~~~
%Warning-TIMESCALEMOD: /home/tatua7806/arkhe/asic/run/arkhe/tmp/b68cb3e7b54240e88a68da0760c422b6.bb.v:1908:8: Timescale missing on this module as other modules have it (IEEE 1800-2023 3.14.2.3)
 1908 | module sky130_fd_sc_hd__and4b_2(X, A_N, B, C, D, VPWR, VGND, VPB, VNB);
      |        ^~~~~~~~~~~~~~~~~~~~~~~~
                       ../rtl/Memory/memory_map_pck.sv:23:9: ... Location of module with timescale
   23 | package memory_map_pck;
      |         ^~~~~~~~~~~~~~
%Warning-TIMESCALEMOD: /home/tatua7806/arkhe/asic/run/arkhe/tmp/b68cb3e7b54240e88a68da0760c422b6.bb.v:1929:8: Timescale missing on this module as other modules have it (IEEE 1800-2023 3.14.2.3)
 1929 | module sky130_fd_sc_hd__and4b_4(X, A_N, B, C, D, VPWR, VGND, VPB, VNB);
      |        ^~~~~~~~~~~~~~~~~~~~~~~~
                       ../rtl/Memory/memory_map_pck.sv:23:9: ... Location of module with timescale
   23 | package memory_map_pck;
      |         ^~~~~~~~~~~~~~
%Warning-TIMESCALEMOD: /home/tatua7806/arkhe/asic/run/arkhe/tmp/b68cb3e7b54240e88a68da0760c422b6.bb.v:1950:8: Timescale missing on this module as other modules have it (IEEE 1800-2023 3.14.2.3)
 1950 | module sky130_fd_sc_hd__and4bb_1(X, A_N, B_N, C, D, VPWR, VGND, VPB, VNB);
      |        ^~~~~~~~~~~~~~~~~~~~~~~~~
                       ../rtl/Memory/memory_map_pck.sv:23:9: ... Location of module with timescale
   23 | package memory_map_pck;
      |         ^~~~~~~~~~~~~~
%Warning-TIMESCALEMOD: /home/tatua7806/arkhe/asic/run/arkhe/tmp/b68cb3e7b54240e88a68da0760c422b6.bb.v:1971:8: Timescale missing on this module as other modules have it (IEEE 1800-2023 3.14.2.3)
 1971 | module sky130_fd_sc_hd__and4bb_2(X, A_N, B_N, C, D, VPWR, VGND, VPB, VNB);
      |        ^~~~~~~~~~~~~~~~~~~~~~~~~
                       ../rtl/Memory/memory_map_pck.sv:23:9: ... Location of module with timescale
   23 | package memory_map_pck;
      |         ^~~~~~~~~~~~~~
%Warning-TIMESCALEMOD: /home/tatua7806/arkhe/asic/run/arkhe/tmp/b68cb3e7b54240e88a68da0760c422b6.bb.v:1992:8: Timescale missing on this module as other modules have it (IEEE 1800-2023 3.14.2.3)
 1992 | module sky130_fd_sc_hd__and4bb_4(X, A_N, B_N, C, D, VPWR, VGND, VPB, VNB);
      |        ^~~~~~~~~~~~~~~~~~~~~~~~~
                       ../rtl/Memory/memory_map_pck.sv:23:9: ... Location of module with timescale
   23 | package memory_map_pck;
      |         ^~~~~~~~~~~~~~
%Warning-TIMESCALEMOD: /home/tatua7806/arkhe/asic/run/arkhe/tmp/b68cb3e7b54240e88a68da0760c422b6.bb.v:2013:8: Timescale missing on this module as other modules have it (IEEE 1800-2023 3.14.2.3)
 2013 | module sky130_fd_sc_hd__buf_1(X, A, VPWR, VGND, VPB, VNB);
      |        ^~~~~~~~~~~~~~~~~~~~~~
                       ../rtl/Memory/memory_map_pck.sv:23:9: ... Location of module with timescale
   23 | package memory_map_pck;
      |         ^~~~~~~~~~~~~~
%Warning-TIMESCALEMOD: /home/tatua7806/arkhe/asic/run/arkhe/tmp/b68cb3e7b54240e88a68da0760c422b6.bb.v:2028:8: Timescale missing on this module as other modules have it (IEEE 1800-2023 3.14.2.3)
 2028 | module sky130_fd_sc_hd__buf_12(X, A, VPWR, VGND, VPB, VNB);
      |        ^~~~~~~~~~~~~~~~~~~~~~~
                       ../rtl/Memory/memory_map_pck.sv:23:9: ... Location of module with timescale
   23 | package memory_map_pck;
      |         ^~~~~~~~~~~~~~
%Warning-TIMESCALEMOD: /home/tatua7806/arkhe/asic/run/arkhe/tmp/b68cb3e7b54240e88a68da0760c422b6.bb.v:2043:8: Timescale missing on this module as other modules have it (IEEE 1800-2023 3.14.2.3)
 2043 | module sky130_fd_sc_hd__buf_16(X, A, VPWR, VGND, VPB, VNB);
      |        ^~~~~~~~~~~~~~~~~~~~~~~
                       ../rtl/Memory/memory_map_pck.sv:23:9: ... Location of module with timescale
   23 | package memory_map_pck;
      |         ^~~~~~~~~~~~~~
%Warning-TIMESCALEMOD: /home/tatua7806/arkhe/asic/run/arkhe/tmp/b68cb3e7b54240e88a68da0760c422b6.bb.v:2058:8: Timescale missing on this module as other modules have it (IEEE 1800-2023 3.14.2.3)
 2058 | module sky130_fd_sc_hd__buf_2(X, A, VPWR, VGND, VPB, VNB);
      |        ^~~~~~~~~~~~~~~~~~~~~~
                       ../rtl/Memory/memory_map_pck.sv:23:9: ... Location of module with timescale
   23 | package memory_map_pck;
      |         ^~~~~~~~~~~~~~
%Warning-TIMESCALEMOD: /home/tatua7806/arkhe/asic/run/arkhe/tmp/b68cb3e7b54240e88a68da0760c422b6.bb.v:2073:8: Timescale missing on this module as other modules have it (IEEE 1800-2023 3.14.2.3)
 2073 | module sky130_fd_sc_hd__buf_4(X, A, VPWR, VGND, VPB, VNB);
      |        ^~~~~~~~~~~~~~~~~~~~~~
                       ../rtl/Memory/memory_map_pck.sv:23:9: ... Location of module with timescale
   23 | package memory_map_pck;
      |         ^~~~~~~~~~~~~~
%Warning-TIMESCALEMOD: /home/tatua7806/arkhe/asic/run/arkhe/tmp/b68cb3e7b54240e88a68da0760c422b6.bb.v:2088:8: Timescale missing on this module as other modules have it (IEEE 1800-2023 3.14.2.3)
 2088 | module sky130_fd_sc_hd__buf_6(X, A, VPWR, VGND, VPB, VNB);
      |        ^~~~~~~~~~~~~~~~~~~~~~
                       ../rtl/Memory/memory_map_pck.sv:23:9: ... Location of module with timescale
   23 | package memory_map_pck;
      |         ^~~~~~~~~~~~~~
%Warning-TIMESCALEMOD: /home/tatua7806/arkhe/asic/run/arkhe/tmp/b68cb3e7b54240e88a68da0760c422b6.bb.v:2103:8: Timescale missing on this module as other modules have it (IEEE 1800-2023 3.14.2.3)
 2103 | module sky130_fd_sc_hd__buf_8(X, A, VPWR, VGND, VPB, VNB);
      |        ^~~~~~~~~~~~~~~~~~~~~~
                       ../rtl/Memory/memory_map_pck.sv:23:9: ... Location of module with timescale
   23 | package memory_map_pck;
      |         ^~~~~~~~~~~~~~
%Warning-TIMESCALEMOD: /home/tatua7806/arkhe/asic/run/arkhe/tmp/b68cb3e7b54240e88a68da0760c422b6.bb.v:2118:8: Timescale missing on this module as other modules have it (IEEE 1800-2023 3.14.2.3)
 2118 | module sky130_fd_sc_hd__bufbuf_16(X, A, VPWR, VGND, VPB, VNB);
      |        ^~~~~~~~~~~~~~~~~~~~~~~~~~
                       ../rtl/Memory/memory_map_pck.sv:23:9: ... Location of module with timescale
   23 | package memory_map_pck;
      |         ^~~~~~~~~~~~~~
%Warning-TIMESCALEMOD: /home/tatua7806/arkhe/asic/run/arkhe/tmp/b68cb3e7b54240e88a68da0760c422b6.bb.v:2133:8: Timescale missing on this module as other modules have it (IEEE 1800-2023 3.14.2.3)
 2133 | module sky130_fd_sc_hd__bufbuf_8(X, A, VPWR, VGND, VPB, VNB);
      |        ^~~~~~~~~~~~~~~~~~~~~~~~~
                       ../rtl/Memory/memory_map_pck.sv:23:9: ... Location of module with timescale
   23 | package memory_map_pck;
      |         ^~~~~~~~~~~~~~
%Warning-TIMESCALEMOD: /home/tatua7806/arkhe/asic/run/arkhe/tmp/b68cb3e7b54240e88a68da0760c422b6.bb.v:2148:8: Timescale missing on this module as other modules have it (IEEE 1800-2023 3.14.2.3)
 2148 | module sky130_fd_sc_hd__bufinv_16(Y, A, VPWR, VGND, VPB, VNB);
      |        ^~~~~~~~~~~~~~~~~~~~~~~~~~
                       ../rtl/Memory/memory_map_pck.sv:23:9: ... Location of module with timescale
   23 | package memory_map_pck;
      |         ^~~~~~~~~~~~~~
%Warning-TIMESCALEMOD: /home/tatua7806/arkhe/asic/run/arkhe/tmp/b68cb3e7b54240e88a68da0760c422b6.bb.v:2163:8: Timescale missing on this module as other modules have it (IEEE 1800-2023 3.14.2.3)
 2163 | module sky130_fd_sc_hd__bufinv_8(Y, A, VPWR, VGND, VPB, VNB);
      |        ^~~~~~~~~~~~~~~~~~~~~~~~~
                       ../rtl/Memory/memory_map_pck.sv:23:9: ... Location of module with timescale
   23 | package memory_map_pck;
      |         ^~~~~~~~~~~~~~
%Warning-TIMESCALEMOD: /home/tatua7806/arkhe/asic/run/arkhe/tmp/b68cb3e7b54240e88a68da0760c422b6.bb.v:2178:8: Timescale missing on this module as other modules have it (IEEE 1800-2023 3.14.2.3)
 2178 | module sky130_fd_sc_hd__clkbuf_1(X, A, VPWR, VGND, VPB, VNB);
      |        ^~~~~~~~~~~~~~~~~~~~~~~~~
                       ../rtl/Memory/memory_map_pck.sv:23:9: ... Location of module with timescale
   23 | package memory_map_pck;
      |         ^~~~~~~~~~~~~~
%Warning-TIMESCALEMOD: /home/tatua7806/arkhe/asic/run/arkhe/tmp/b68cb3e7b54240e88a68da0760c422b6.bb.v:2193:8: Timescale missing on this module as other modules have it (IEEE 1800-2023 3.14.2.3)
 2193 | module sky130_fd_sc_hd__clkbuf_16(X, A, VPWR, VGND, VPB, VNB);
      |        ^~~~~~~~~~~~~~~~~~~~~~~~~~
                       ../rtl/Memory/memory_map_pck.sv:23:9: ... Location of module with timescale
   23 | package memory_map_pck;
      |         ^~~~~~~~~~~~~~
%Warning-TIMESCALEMOD: /home/tatua7806/arkhe/asic/run/arkhe/tmp/b68cb3e7b54240e88a68da0760c422b6.bb.v:2208:8: Timescale missing on this module as other modules have it (IEEE 1800-2023 3.14.2.3)
 2208 | module sky130_fd_sc_hd__clkbuf_2(X, A, VPWR, VGND, VPB, VNB);
      |        ^~~~~~~~~~~~~~~~~~~~~~~~~
                       ../rtl/Memory/memory_map_pck.sv:23:9: ... Location of module with timescale
   23 | package memory_map_pck;
      |         ^~~~~~~~~~~~~~
%Warning-TIMESCALEMOD: /home/tatua7806/arkhe/asic/run/arkhe/tmp/b68cb3e7b54240e88a68da0760c422b6.bb.v:2223:8: Timescale missing on this module as other modules have it (IEEE 1800-2023 3.14.2.3)
 2223 | module sky130_fd_sc_hd__clkbuf_4(X, A, VPWR, VGND, VPB, VNB);
      |        ^~~~~~~~~~~~~~~~~~~~~~~~~
                       ../rtl/Memory/memory_map_pck.sv:23:9: ... Location of module with timescale
   23 | package memory_map_pck;
      |         ^~~~~~~~~~~~~~
%Warning-TIMESCALEMOD: /home/tatua7806/arkhe/asic/run/arkhe/tmp/b68cb3e7b54240e88a68da0760c422b6.bb.v:2238:8: Timescale missing on this module as other modules have it (IEEE 1800-2023 3.14.2.3)
 2238 | module sky130_fd_sc_hd__clkbuf_8(X, A, VPWR, VGND, VPB, VNB);
      |        ^~~~~~~~~~~~~~~~~~~~~~~~~
                       ../rtl/Memory/memory_map_pck.sv:23:9: ... Location of module with timescale
   23 | package memory_map_pck;
      |         ^~~~~~~~~~~~~~
%Warning-TIMESCALEMOD: /home/tatua7806/arkhe/asic/run/arkhe/tmp/b68cb3e7b54240e88a68da0760c422b6.bb.v:2253:8: Timescale missing on this module as other modules have it (IEEE 1800-2023 3.14.2.3)
 2253 | module sky130_fd_sc_hd__clkdlybuf4s15_1(X, A, VPWR, VGND, VPB, VNB);
      |        ^~~~~~~~~~~~~~~~~~~~~~~~~~~~~~~~
                       ../rtl/Memory/memory_map_pck.sv:23:9: ... Location of module with timescale
   23 | package memory_map_pck;
      |         ^~~~~~~~~~~~~~
%Warning-TIMESCALEMOD: /home/tatua7806/arkhe/asic/run/arkhe/tmp/b68cb3e7b54240e88a68da0760c422b6.bb.v:2268:8: Timescale missing on this module as other modules have it (IEEE 1800-2023 3.14.2.3)
 2268 | module sky130_fd_sc_hd__clkdlybuf4s15_2(X, A, VPWR, VGND, VPB, VNB);
      |        ^~~~~~~~~~~~~~~~~~~~~~~~~~~~~~~~
                       ../rtl/Memory/memory_map_pck.sv:23:9: ... Location of module with timescale
   23 | package memory_map_pck;
      |         ^~~~~~~~~~~~~~
%Warning-TIMESCALEMOD: /home/tatua7806/arkhe/asic/run/arkhe/tmp/b68cb3e7b54240e88a68da0760c422b6.bb.v:2283:8: Timescale missing on this module as other modules have it (IEEE 1800-2023 3.14.2.3)
 2283 | module sky130_fd_sc_hd__clkdlybuf4s18_1(X, A, VPWR, VGND, VPB, VNB);
      |        ^~~~~~~~~~~~~~~~~~~~~~~~~~~~~~~~
                       ../rtl/Memory/memory_map_pck.sv:23:9: ... Location of module with timescale
   23 | package memory_map_pck;
      |         ^~~~~~~~~~~~~~
%Warning-TIMESCALEMOD: /home/tatua7806/arkhe/asic/run/arkhe/tmp/b68cb3e7b54240e88a68da0760c422b6.bb.v:2298:8: Timescale missing on this module as other modules have it (IEEE 1800-2023 3.14.2.3)
 2298 | module sky130_fd_sc_hd__clkdlybuf4s18_2(X, A, VPWR, VGND, VPB, VNB);
      |        ^~~~~~~~~~~~~~~~~~~~~~~~~~~~~~~~
                       ../rtl/Memory/memory_map_pck.sv:23:9: ... Location of module with timescale
   23 | package memory_map_pck;
      |         ^~~~~~~~~~~~~~
%Warning-TIMESCALEMOD: /home/tatua7806/arkhe/asic/run/arkhe/tmp/b68cb3e7b54240e88a68da0760c422b6.bb.v:2313:8: Timescale missing on this module as other modules have it (IEEE 1800-2023 3.14.2.3)
 2313 | module sky130_fd_sc_hd__clkdlybuf4s25_1(X, A, VPWR, VGND, VPB, VNB);
      |        ^~~~~~~~~~~~~~~~~~~~~~~~~~~~~~~~
                       ../rtl/Memory/memory_map_pck.sv:23:9: ... Location of module with timescale
   23 | package memory_map_pck;
      |         ^~~~~~~~~~~~~~
%Warning-TIMESCALEMOD: /home/tatua7806/arkhe/asic/run/arkhe/tmp/b68cb3e7b54240e88a68da0760c422b6.bb.v:2328:8: Timescale missing on this module as other modules have it (IEEE 1800-2023 3.14.2.3)
 2328 | module sky130_fd_sc_hd__clkdlybuf4s25_2(X, A, VPWR, VGND, VPB, VNB);
      |        ^~~~~~~~~~~~~~~~~~~~~~~~~~~~~~~~
                       ../rtl/Memory/memory_map_pck.sv:23:9: ... Location of module with timescale
   23 | package memory_map_pck;
      |         ^~~~~~~~~~~~~~
%Warning-TIMESCALEMOD: /home/tatua7806/arkhe/asic/run/arkhe/tmp/b68cb3e7b54240e88a68da0760c422b6.bb.v:2343:8: Timescale missing on this module as other modules have it (IEEE 1800-2023 3.14.2.3)
 2343 | module sky130_fd_sc_hd__clkdlybuf4s50_1(X, A, VPWR, VGND, VPB, VNB);
      |        ^~~~~~~~~~~~~~~~~~~~~~~~~~~~~~~~
                       ../rtl/Memory/memory_map_pck.sv:23:9: ... Location of module with timescale
   23 | package memory_map_pck;
      |         ^~~~~~~~~~~~~~
%Warning-TIMESCALEMOD: /home/tatua7806/arkhe/asic/run/arkhe/tmp/b68cb3e7b54240e88a68da0760c422b6.bb.v:2358:8: Timescale missing on this module as other modules have it (IEEE 1800-2023 3.14.2.3)
 2358 | module sky130_fd_sc_hd__clkdlybuf4s50_2(X, A, VPWR, VGND, VPB, VNB);
      |        ^~~~~~~~~~~~~~~~~~~~~~~~~~~~~~~~
                       ../rtl/Memory/memory_map_pck.sv:23:9: ... Location of module with timescale
   23 | package memory_map_pck;
      |         ^~~~~~~~~~~~~~
%Warning-TIMESCALEMOD: /home/tatua7806/arkhe/asic/run/arkhe/tmp/b68cb3e7b54240e88a68da0760c422b6.bb.v:2373:8: Timescale missing on this module as other modules have it (IEEE 1800-2023 3.14.2.3)
 2373 | module sky130_fd_sc_hd__clkinv_1(Y, A, VPWR, VGND, VPB, VNB);
      |        ^~~~~~~~~~~~~~~~~~~~~~~~~
                       ../rtl/Memory/memory_map_pck.sv:23:9: ... Location of module with timescale
   23 | package memory_map_pck;
      |         ^~~~~~~~~~~~~~
%Warning-TIMESCALEMOD: /home/tatua7806/arkhe/asic/run/arkhe/tmp/b68cb3e7b54240e88a68da0760c422b6.bb.v:2388:8: Timescale missing on this module as other modules have it (IEEE 1800-2023 3.14.2.3)
 2388 | module sky130_fd_sc_hd__clkinv_16(Y, A, VPWR, VGND, VPB, VNB);
      |        ^~~~~~~~~~~~~~~~~~~~~~~~~~
                       ../rtl/Memory/memory_map_pck.sv:23:9: ... Location of module with timescale
   23 | package memory_map_pck;
      |         ^~~~~~~~~~~~~~
%Warning-TIMESCALEMOD: /home/tatua7806/arkhe/asic/run/arkhe/tmp/b68cb3e7b54240e88a68da0760c422b6.bb.v:2403:8: Timescale missing on this module as other modules have it (IEEE 1800-2023 3.14.2.3)
 2403 | module sky130_fd_sc_hd__clkinv_2(Y, A, VPWR, VGND, VPB, VNB);
      |        ^~~~~~~~~~~~~~~~~~~~~~~~~
                       ../rtl/Memory/memory_map_pck.sv:23:9: ... Location of module with timescale
   23 | package memory_map_pck;
      |         ^~~~~~~~~~~~~~
%Warning-TIMESCALEMOD: /home/tatua7806/arkhe/asic/run/arkhe/tmp/b68cb3e7b54240e88a68da0760c422b6.bb.v:2418:8: Timescale missing on this module as other modules have it (IEEE 1800-2023 3.14.2.3)
 2418 | module sky130_fd_sc_hd__clkinv_4(Y, A, VPWR, VGND, VPB, VNB);
      |        ^~~~~~~~~~~~~~~~~~~~~~~~~
                       ../rtl/Memory/memory_map_pck.sv:23:9: ... Location of module with timescale
   23 | package memory_map_pck;
      |         ^~~~~~~~~~~~~~
%Warning-TIMESCALEMOD: /home/tatua7806/arkhe/asic/run/arkhe/tmp/b68cb3e7b54240e88a68da0760c422b6.bb.v:2433:8: Timescale missing on this module as other modules have it (IEEE 1800-2023 3.14.2.3)
 2433 | module sky130_fd_sc_hd__clkinv_8(Y, A, VPWR, VGND, VPB, VNB);
      |        ^~~~~~~~~~~~~~~~~~~~~~~~~
                       ../rtl/Memory/memory_map_pck.sv:23:9: ... Location of module with timescale
   23 | package memory_map_pck;
      |         ^~~~~~~~~~~~~~
%Warning-TIMESCALEMOD: /home/tatua7806/arkhe/asic/run/arkhe/tmp/b68cb3e7b54240e88a68da0760c422b6.bb.v:2448:8: Timescale missing on this module as other modules have it (IEEE 1800-2023 3.14.2.3)
 2448 | module sky130_fd_sc_hd__clkinvlp_2(Y, A, VPWR, VGND, VPB, VNB);
      |        ^~~~~~~~~~~~~~~~~~~~~~~~~~~
                       ../rtl/Memory/memory_map_pck.sv:23:9: ... Location of module with timescale
   23 | package memory_map_pck;
      |         ^~~~~~~~~~~~~~
%Warning-TIMESCALEMOD: /home/tatua7806/arkhe/asic/run/arkhe/tmp/b68cb3e7b54240e88a68da0760c422b6.bb.v:2463:8: Timescale missing on this module as other modules have it (IEEE 1800-2023 3.14.2.3)
 2463 | module sky130_fd_sc_hd__clkinvlp_4(Y, A, VPWR, VGND, VPB, VNB);
      |        ^~~~~~~~~~~~~~~~~~~~~~~~~~~
                       ../rtl/Memory/memory_map_pck.sv:23:9: ... Location of module with timescale
   23 | package memory_map_pck;
      |         ^~~~~~~~~~~~~~
%Warning-TIMESCALEMOD: /home/tatua7806/arkhe/asic/run/arkhe/tmp/b68cb3e7b54240e88a68da0760c422b6.bb.v:2478:8: Timescale missing on this module as other modules have it (IEEE 1800-2023 3.14.2.3)
 2478 | module sky130_fd_sc_hd__conb_1(HI, LO, VPWR, VGND, VPB, VNB);
      |        ^~~~~~~~~~~~~~~~~~~~~~~
                       ../rtl/Memory/memory_map_pck.sv:23:9: ... Location of module with timescale
   23 | package memory_map_pck;
      |         ^~~~~~~~~~~~~~
%Warning-TIMESCALEMOD: /home/tatua7806/arkhe/asic/run/arkhe/tmp/b68cb3e7b54240e88a68da0760c422b6.bb.v:2493:8: Timescale missing on this module as other modules have it (IEEE 1800-2023 3.14.2.3)
 2493 | module sky130_fd_sc_hd__decap_12(VPWR, VGND, VPB, VNB);
      |        ^~~~~~~~~~~~~~~~~~~~~~~~~
                       ../rtl/Memory/memory_map_pck.sv:23:9: ... Location of module with timescale
   23 | package memory_map_pck;
      |         ^~~~~~~~~~~~~~
%Warning-TIMESCALEMOD: /home/tatua7806/arkhe/asic/run/arkhe/tmp/b68cb3e7b54240e88a68da0760c422b6.bb.v:2504:8: Timescale missing on this module as other modules have it (IEEE 1800-2023 3.14.2.3)
 2504 | module sky130_fd_sc_hd__decap_3(VPWR, VGND, VPB, VNB);
      |        ^~~~~~~~~~~~~~~~~~~~~~~~
                       ../rtl/Memory/memory_map_pck.sv:23:9: ... Location of module with timescale
   23 | package memory_map_pck;
      |         ^~~~~~~~~~~~~~
%Warning-TIMESCALEMOD: /home/tatua7806/arkhe/asic/run/arkhe/tmp/b68cb3e7b54240e88a68da0760c422b6.bb.v:2515:8: Timescale missing on this module as other modules have it (IEEE 1800-2023 3.14.2.3)
 2515 | module sky130_fd_sc_hd__decap_4(VPWR, VGND, VPB, VNB);
      |        ^~~~~~~~~~~~~~~~~~~~~~~~
                       ../rtl/Memory/memory_map_pck.sv:23:9: ... Location of module with timescale
   23 | package memory_map_pck;
      |         ^~~~~~~~~~~~~~
%Warning-TIMESCALEMOD: /home/tatua7806/arkhe/asic/run/arkhe/tmp/b68cb3e7b54240e88a68da0760c422b6.bb.v:2526:8: Timescale missing on this module as other modules have it (IEEE 1800-2023 3.14.2.3)
 2526 | module sky130_fd_sc_hd__decap_6(VPWR, VGND, VPB, VNB);
      |        ^~~~~~~~~~~~~~~~~~~~~~~~
                       ../rtl/Memory/memory_map_pck.sv:23:9: ... Location of module with timescale
   23 | package memory_map_pck;
      |         ^~~~~~~~~~~~~~
%Warning-TIMESCALEMOD: /home/tatua7806/arkhe/asic/run/arkhe/tmp/b68cb3e7b54240e88a68da0760c422b6.bb.v:2537:8: Timescale missing on this module as other modules have it (IEEE 1800-2023 3.14.2.3)
 2537 | module sky130_fd_sc_hd__decap_8(VPWR, VGND, VPB, VNB);
      |        ^~~~~~~~~~~~~~~~~~~~~~~~
                       ../rtl/Memory/memory_map_pck.sv:23:9: ... Location of module with timescale
   23 | package memory_map_pck;
      |         ^~~~~~~~~~~~~~
%Warning-TIMESCALEMOD: /home/tatua7806/arkhe/asic/run/arkhe/tmp/b68cb3e7b54240e88a68da0760c422b6.bb.v:2548:8: Timescale missing on this module as other modules have it (IEEE 1800-2023 3.14.2.3)
 2548 | module sky130_fd_sc_hd__dfbbn_1(Q, Q_N, D, CLK_N, SET_B, RESET_B, VPWR, VGND, VPB, VNB);
      |        ^~~~~~~~~~~~~~~~~~~~~~~~
                       ../rtl/Memory/memory_map_pck.sv:23:9: ... Location of module with timescale
   23 | package memory_map_pck;
      |         ^~~~~~~~~~~~~~
%Warning-TIMESCALEMOD: /home/tatua7806/arkhe/asic/run/arkhe/tmp/b68cb3e7b54240e88a68da0760c422b6.bb.v:2571:8: Timescale missing on this module as other modules have it (IEEE 1800-2023 3.14.2.3)
 2571 | module sky130_fd_sc_hd__dfbbn_2(Q, Q_N, D, CLK_N, SET_B, RESET_B, VPWR, VGND, VPB, VNB);
      |        ^~~~~~~~~~~~~~~~~~~~~~~~
                       ../rtl/Memory/memory_map_pck.sv:23:9: ... Location of module with timescale
   23 | package memory_map_pck;
      |         ^~~~~~~~~~~~~~
%Warning-TIMESCALEMOD: /home/tatua7806/arkhe/asic/run/arkhe/tmp/b68cb3e7b54240e88a68da0760c422b6.bb.v:2594:8: Timescale missing on this module as other modules have it (IEEE 1800-2023 3.14.2.3)
 2594 | module sky130_fd_sc_hd__dfbbp_1(Q, Q_N, D, CLK, SET_B, RESET_B, VPWR, VGND, VPB, VNB);
      |        ^~~~~~~~~~~~~~~~~~~~~~~~
                       ../rtl/Memory/memory_map_pck.sv:23:9: ... Location of module with timescale
   23 | package memory_map_pck;
      |         ^~~~~~~~~~~~~~
%Warning-TIMESCALEMOD: /home/tatua7806/arkhe/asic/run/arkhe/tmp/b68cb3e7b54240e88a68da0760c422b6.bb.v:2617:8: Timescale missing on this module as other modules have it (IEEE 1800-2023 3.14.2.3)
 2617 | module sky130_fd_sc_hd__dfrbp_1(Q, Q_N, CLK, D, RESET_B, VPWR, VGND, VPB, VNB);
      |        ^~~~~~~~~~~~~~~~~~~~~~~~
                       ../rtl/Memory/memory_map_pck.sv:23:9: ... Location of module with timescale
   23 | package memory_map_pck;
      |         ^~~~~~~~~~~~~~
%Warning-TIMESCALEMOD: /home/tatua7806/arkhe/asic/run/arkhe/tmp/b68cb3e7b54240e88a68da0760c422b6.bb.v:2638:8: Timescale missing on this module as other modules have it (IEEE 1800-2023 3.14.2.3)
 2638 | module sky130_fd_sc_hd__dfrbp_2(Q, Q_N, CLK, D, RESET_B, VPWR, VGND, VPB, VNB);
      |        ^~~~~~~~~~~~~~~~~~~~~~~~
                       ../rtl/Memory/memory_map_pck.sv:23:9: ... Location of module with timescale
   23 | package memory_map_pck;
      |         ^~~~~~~~~~~~~~
%Warning-TIMESCALEMOD: /home/tatua7806/arkhe/asic/run/arkhe/tmp/b68cb3e7b54240e88a68da0760c422b6.bb.v:2659:8: Timescale missing on this module as other modules have it (IEEE 1800-2023 3.14.2.3)
 2659 | module sky130_fd_sc_hd__dfrtn_1(Q, CLK_N, D, RESET_B, VPWR, VGND, VPB, VNB);
      |        ^~~~~~~~~~~~~~~~~~~~~~~~
                       ../rtl/Memory/memory_map_pck.sv:23:9: ... Location of module with timescale
   23 | package memory_map_pck;
      |         ^~~~~~~~~~~~~~
%Warning-TIMESCALEMOD: /home/tatua7806/arkhe/asic/run/arkhe/tmp/b68cb3e7b54240e88a68da0760c422b6.bb.v:2678:8: Timescale missing on this module as other modules have it (IEEE 1800-2023 3.14.2.3)
 2678 | module sky130_fd_sc_hd__dfrtp_1(Q, CLK, D, RESET_B, VPWR, VGND, VPB, VNB);
      |        ^~~~~~~~~~~~~~~~~~~~~~~~
                       ../rtl/Memory/memory_map_pck.sv:23:9: ... Location of module with timescale
   23 | package memory_map_pck;
      |         ^~~~~~~~~~~~~~
%Warning-TIMESCALEMOD: /home/tatua7806/arkhe/asic/run/arkhe/tmp/b68cb3e7b54240e88a68da0760c422b6.bb.v:2697:8: Timescale missing on this module as other modules have it (IEEE 1800-2023 3.14.2.3)
 2697 | module sky130_fd_sc_hd__dfrtp_2(Q, CLK, D, RESET_B, VPWR, VGND, VPB, VNB);
      |        ^~~~~~~~~~~~~~~~~~~~~~~~
                       ../rtl/Memory/memory_map_pck.sv:23:9: ... Location of module with timescale
   23 | package memory_map_pck;
      |         ^~~~~~~~~~~~~~
%Warning-TIMESCALEMOD: /home/tatua7806/arkhe/asic/run/arkhe/tmp/b68cb3e7b54240e88a68da0760c422b6.bb.v:2716:8: Timescale missing on this module as other modules have it (IEEE 1800-2023 3.14.2.3)
 2716 | module sky130_fd_sc_hd__dfrtp_4(Q, CLK, D, RESET_B, VPWR, VGND, VPB, VNB);
      |        ^~~~~~~~~~~~~~~~~~~~~~~~
                       ../rtl/Memory/memory_map_pck.sv:23:9: ... Location of module with timescale
   23 | package memory_map_pck;
      |         ^~~~~~~~~~~~~~
%Warning-TIMESCALEMOD: /home/tatua7806/arkhe/asic/run/arkhe/tmp/b68cb3e7b54240e88a68da0760c422b6.bb.v:2735:8: Timescale missing on this module as other modules have it (IEEE 1800-2023 3.14.2.3)
 2735 | module sky130_fd_sc_hd__dfsbp_1(Q, Q_N, CLK, D, SET_B, VPWR, VGND, VPB, VNB);
      |        ^~~~~~~~~~~~~~~~~~~~~~~~
                       ../rtl/Memory/memory_map_pck.sv:23:9: ... Location of module with timescale
   23 | package memory_map_pck;
      |         ^~~~~~~~~~~~~~
%Warning-TIMESCALEMOD: /home/tatua7806/arkhe/asic/run/arkhe/tmp/b68cb3e7b54240e88a68da0760c422b6.bb.v:2756:8: Timescale missing on this module as other modules have it (IEEE 1800-2023 3.14.2.3)
 2756 | module sky130_fd_sc_hd__dfsbp_2(Q, Q_N, CLK, D, SET_B, VPWR, VGND, VPB, VNB);
      |        ^~~~~~~~~~~~~~~~~~~~~~~~
                       ../rtl/Memory/memory_map_pck.sv:23:9: ... Location of module with timescale
   23 | package memory_map_pck;
      |         ^~~~~~~~~~~~~~
%Warning-TIMESCALEMOD: /home/tatua7806/arkhe/asic/run/arkhe/tmp/b68cb3e7b54240e88a68da0760c422b6.bb.v:2777:8: Timescale missing on this module as other modules have it (IEEE 1800-2023 3.14.2.3)
 2777 | module sky130_fd_sc_hd__dfstp_1(Q, CLK, D, SET_B, VPWR, VGND, VPB, VNB);
      |        ^~~~~~~~~~~~~~~~~~~~~~~~
                       ../rtl/Memory/memory_map_pck.sv:23:9: ... Location of module with timescale
   23 | package memory_map_pck;
      |         ^~~~~~~~~~~~~~
%Warning-TIMESCALEMOD: /home/tatua7806/arkhe/asic/run/arkhe/tmp/b68cb3e7b54240e88a68da0760c422b6.bb.v:2796:8: Timescale missing on this module as other modules have it (IEEE 1800-2023 3.14.2.3)
 2796 | module sky130_fd_sc_hd__dfstp_2(Q, CLK, D, SET_B, VPWR, VGND, VPB, VNB);
      |        ^~~~~~~~~~~~~~~~~~~~~~~~
                       ../rtl/Memory/memory_map_pck.sv:23:9: ... Location of module with timescale
   23 | package memory_map_pck;
      |         ^~~~~~~~~~~~~~
%Warning-TIMESCALEMOD: /home/tatua7806/arkhe/asic/run/arkhe/tmp/b68cb3e7b54240e88a68da0760c422b6.bb.v:2815:8: Timescale missing on this module as other modules have it (IEEE 1800-2023 3.14.2.3)
 2815 | module sky130_fd_sc_hd__dfstp_4(Q, CLK, D, SET_B, VPWR, VGND, VPB, VNB);
      |        ^~~~~~~~~~~~~~~~~~~~~~~~
                       ../rtl/Memory/memory_map_pck.sv:23:9: ... Location of module with timescale
   23 | package memory_map_pck;
      |         ^~~~~~~~~~~~~~
%Warning-TIMESCALEMOD: /home/tatua7806/arkhe/asic/run/arkhe/tmp/b68cb3e7b54240e88a68da0760c422b6.bb.v:2834:8: Timescale missing on this module as other modules have it (IEEE 1800-2023 3.14.2.3)
 2834 | module sky130_fd_sc_hd__dfxbp_1(Q, Q_N, CLK, D, VPWR, VGND, VPB, VNB);
      |        ^~~~~~~~~~~~~~~~~~~~~~~~
                       ../rtl/Memory/memory_map_pck.sv:23:9: ... Location of module with timescale
   23 | package memory_map_pck;
      |         ^~~~~~~~~~~~~~
%Warning-TIMESCALEMOD: /home/tatua7806/arkhe/asic/run/arkhe/tmp/b68cb3e7b54240e88a68da0760c422b6.bb.v:2853:8: Timescale missing on this module as other modules have it (IEEE 1800-2023 3.14.2.3)
 2853 | module sky130_fd_sc_hd__dfxbp_2(Q, Q_N, CLK, D, VPWR, VGND, VPB, VNB);
      |        ^~~~~~~~~~~~~~~~~~~~~~~~
                       ../rtl/Memory/memory_map_pck.sv:23:9: ... Location of module with timescale
   23 | package memory_map_pck;
      |         ^~~~~~~~~~~~~~
%Warning-TIMESCALEMOD: /home/tatua7806/arkhe/asic/run/arkhe/tmp/b68cb3e7b54240e88a68da0760c422b6.bb.v:2872:8: Timescale missing on this module as other modules have it (IEEE 1800-2023 3.14.2.3)
 2872 | module sky130_fd_sc_hd__dfxtp_1(Q, CLK, D, VPWR, VGND, VPB, VNB);
      |        ^~~~~~~~~~~~~~~~~~~~~~~~
                       ../rtl/Memory/memory_map_pck.sv:23:9: ... Location of module with timescale
   23 | package memory_map_pck;
      |         ^~~~~~~~~~~~~~
%Warning-TIMESCALEMOD: /home/tatua7806/arkhe/asic/run/arkhe/tmp/b68cb3e7b54240e88a68da0760c422b6.bb.v:2889:8: Timescale missing on this module as other modules have it (IEEE 1800-2023 3.14.2.3)
 2889 | module sky130_fd_sc_hd__dfxtp_2(Q, CLK, D, VPWR, VGND, VPB, VNB);
      |        ^~~~~~~~~~~~~~~~~~~~~~~~
                       ../rtl/Memory/memory_map_pck.sv:23:9: ... Location of module with timescale
   23 | package memory_map_pck;
      |         ^~~~~~~~~~~~~~
%Warning-TIMESCALEMOD: /home/tatua7806/arkhe/asic/run/arkhe/tmp/b68cb3e7b54240e88a68da0760c422b6.bb.v:2906:8: Timescale missing on this module as other modules have it (IEEE 1800-2023 3.14.2.3)
 2906 | module sky130_fd_sc_hd__dfxtp_4(Q, CLK, D, VPWR, VGND, VPB, VNB);
      |        ^~~~~~~~~~~~~~~~~~~~~~~~
                       ../rtl/Memory/memory_map_pck.sv:23:9: ... Location of module with timescale
   23 | package memory_map_pck;
      |         ^~~~~~~~~~~~~~
%Warning-TIMESCALEMOD: /home/tatua7806/arkhe/asic/run/arkhe/tmp/b68cb3e7b54240e88a68da0760c422b6.bb.v:2923:8: Timescale missing on this module as other modules have it (IEEE 1800-2023 3.14.2.3)
 2923 | module sky130_fd_sc_hd__diode_2(DIODE, VPWR, VGND, VPB, VNB);
      |        ^~~~~~~~~~~~~~~~~~~~~~~~
                       ../rtl/Memory/memory_map_pck.sv:23:9: ... Location of module with timescale
   23 | package memory_map_pck;
      |         ^~~~~~~~~~~~~~
%Warning-TIMESCALEMOD: /home/tatua7806/arkhe/asic/run/arkhe/tmp/b68cb3e7b54240e88a68da0760c422b6.bb.v:2936:8: Timescale missing on this module as other modules have it (IEEE 1800-2023 3.14.2.3)
 2936 | module sky130_fd_sc_hd__dlclkp_1(GCLK, GATE, CLK, VPWR, VGND, VPB, VNB);
      |        ^~~~~~~~~~~~~~~~~~~~~~~~~
                       ../rtl/Memory/memory_map_pck.sv:23:9: ... Location of module with timescale
   23 | package memory_map_pck;
      |         ^~~~~~~~~~~~~~
%Warning-TIMESCALEMOD: /home/tatua7806/arkhe/asic/run/arkhe/tmp/b68cb3e7b54240e88a68da0760c422b6.bb.v:2953:8: Timescale missing on this module as other modules have it (IEEE 1800-2023 3.14.2.3)
 2953 | module sky130_fd_sc_hd__dlclkp_2(GCLK, GATE, CLK, VPWR, VGND, VPB, VNB);
      |        ^~~~~~~~~~~~~~~~~~~~~~~~~
                       ../rtl/Memory/memory_map_pck.sv:23:9: ... Location of module with timescale
   23 | package memory_map_pck;
      |         ^~~~~~~~~~~~~~
%Warning-TIMESCALEMOD: /home/tatua7806/arkhe/asic/run/arkhe/tmp/b68cb3e7b54240e88a68da0760c422b6.bb.v:2970:8: Timescale missing on this module as other modules have it (IEEE 1800-2023 3.14.2.3)
 2970 | module sky130_fd_sc_hd__dlclkp_4(GCLK, GATE, CLK, VPWR, VGND, VPB, VNB);
      |        ^~~~~~~~~~~~~~~~~~~~~~~~~
                       ../rtl/Memory/memory_map_pck.sv:23:9: ... Location of module with timescale
   23 | package memory_map_pck;
      |         ^~~~~~~~~~~~~~
%Warning-TIMESCALEMOD: /home/tatua7806/arkhe/asic/run/arkhe/tmp/b68cb3e7b54240e88a68da0760c422b6.bb.v:2987:8: Timescale missing on this module as other modules have it (IEEE 1800-2023 3.14.2.3)
 2987 | module sky130_fd_sc_hd__dlrbn_1(Q, Q_N, RESET_B, D, GATE_N, VPWR, VGND, VPB, VNB);
      |        ^~~~~~~~~~~~~~~~~~~~~~~~
                       ../rtl/Memory/memory_map_pck.sv:23:9: ... Location of module with timescale
   23 | package memory_map_pck;
      |         ^~~~~~~~~~~~~~
%Warning-TIMESCALEMOD: /home/tatua7806/arkhe/asic/run/arkhe/tmp/b68cb3e7b54240e88a68da0760c422b6.bb.v:3008:8: Timescale missing on this module as other modules have it (IEEE 1800-2023 3.14.2.3)
 3008 | module sky130_fd_sc_hd__dlrbn_2(Q, Q_N, RESET_B, D, GATE_N, VPWR, VGND, VPB, VNB);
      |        ^~~~~~~~~~~~~~~~~~~~~~~~
                       ../rtl/Memory/memory_map_pck.sv:23:9: ... Location of module with timescale
   23 | package memory_map_pck;
      |         ^~~~~~~~~~~~~~
%Warning-TIMESCALEMOD: /home/tatua7806/arkhe/asic/run/arkhe/tmp/b68cb3e7b54240e88a68da0760c422b6.bb.v:3029:8: Timescale missing on this module as other modules have it (IEEE 1800-2023 3.14.2.3)
 3029 | module sky130_fd_sc_hd__dlrbp_1(Q, Q_N, RESET_B, D, GATE, VPWR, VGND, VPB, VNB);
      |        ^~~~~~~~~~~~~~~~~~~~~~~~
                       ../rtl/Memory/memory_map_pck.sv:23:9: ... Location of module with timescale
   23 | package memory_map_pck;
      |         ^~~~~~~~~~~~~~
%Warning-TIMESCALEMOD: /home/tatua7806/arkhe/asic/run/arkhe/tmp/b68cb3e7b54240e88a68da0760c422b6.bb.v:3050:8: Timescale missing on this module as other modules have it (IEEE 1800-2023 3.14.2.3)
 3050 | module sky130_fd_sc_hd__dlrbp_2(Q, Q_N, RESET_B, D, GATE, VPWR, VGND, VPB, VNB);
      |        ^~~~~~~~~~~~~~~~~~~~~~~~
                       ../rtl/Memory/memory_map_pck.sv:23:9: ... Location of module with timescale
   23 | package memory_map_pck;
      |         ^~~~~~~~~~~~~~
%Warning-TIMESCALEMOD: /home/tatua7806/arkhe/asic/run/arkhe/tmp/b68cb3e7b54240e88a68da0760c422b6.bb.v:3071:8: Timescale missing on this module as other modules have it (IEEE 1800-2023 3.14.2.3)
 3071 | module sky130_fd_sc_hd__dlrtn_1(Q, RESET_B, D, GATE_N, VPWR, VGND, VPB, VNB);
      |        ^~~~~~~~~~~~~~~~~~~~~~~~
                       ../rtl/Memory/memory_map_pck.sv:23:9: ... Location of module with timescale
   23 | package memory_map_pck;
      |         ^~~~~~~~~~~~~~
%Warning-TIMESCALEMOD: /home/tatua7806/arkhe/asic/run/arkhe/tmp/b68cb3e7b54240e88a68da0760c422b6.bb.v:3090:8: Timescale missing on this module as other modules have it (IEEE 1800-2023 3.14.2.3)
 3090 | module sky130_fd_sc_hd__dlrtn_2(Q, RESET_B, D, GATE_N, VPWR, VGND, VPB, VNB);
      |        ^~~~~~~~~~~~~~~~~~~~~~~~
                       ../rtl/Memory/memory_map_pck.sv:23:9: ... Location of module with timescale
   23 | package memory_map_pck;
      |         ^~~~~~~~~~~~~~
%Warning-TIMESCALEMOD: /home/tatua7806/arkhe/asic/run/arkhe/tmp/b68cb3e7b54240e88a68da0760c422b6.bb.v:3109:8: Timescale missing on this module as other modules have it (IEEE 1800-2023 3.14.2.3)
 3109 | module sky130_fd_sc_hd__dlrtn_4(Q, RESET_B, D, GATE_N, VPWR, VGND, VPB, VNB);
      |        ^~~~~~~~~~~~~~~~~~~~~~~~
                       ../rtl/Memory/memory_map_pck.sv:23:9: ... Location of module with timescale
   23 | package memory_map_pck;
      |         ^~~~~~~~~~~~~~
%Warning-TIMESCALEMOD: /home/tatua7806/arkhe/asic/run/arkhe/tmp/b68cb3e7b54240e88a68da0760c422b6.bb.v:3128:8: Timescale missing on this module as other modules have it (IEEE 1800-2023 3.14.2.3)
 3128 | module sky130_fd_sc_hd__dlrtp_1(Q, RESET_B, D, GATE, VPWR, VGND, VPB, VNB);
      |        ^~~~~~~~~~~~~~~~~~~~~~~~
                       ../rtl/Memory/memory_map_pck.sv:23:9: ... Location of module with timescale
   23 | package memory_map_pck;
      |         ^~~~~~~~~~~~~~
%Warning-TIMESCALEMOD: /home/tatua7806/arkhe/asic/run/arkhe/tmp/b68cb3e7b54240e88a68da0760c422b6.bb.v:3147:8: Timescale missing on this module as other modules have it (IEEE 1800-2023 3.14.2.3)
 3147 | module sky130_fd_sc_hd__dlrtp_2(Q, RESET_B, D, GATE, VPWR, VGND, VPB, VNB);
      |        ^~~~~~~~~~~~~~~~~~~~~~~~
                       ../rtl/Memory/memory_map_pck.sv:23:9: ... Location of module with timescale
   23 | package memory_map_pck;
      |         ^~~~~~~~~~~~~~
%Warning-TIMESCALEMOD: /home/tatua7806/arkhe/asic/run/arkhe/tmp/b68cb3e7b54240e88a68da0760c422b6.bb.v:3166:8: Timescale missing on this module as other modules have it (IEEE 1800-2023 3.14.2.3)
 3166 | module sky130_fd_sc_hd__dlrtp_4(Q, RESET_B, D, GATE, VPWR, VGND, VPB, VNB);
      |        ^~~~~~~~~~~~~~~~~~~~~~~~
                       ../rtl/Memory/memory_map_pck.sv:23:9: ... Location of module with timescale
   23 | package memory_map_pck;
      |         ^~~~~~~~~~~~~~
%Warning-TIMESCALEMOD: /home/tatua7806/arkhe/asic/run/arkhe/tmp/b68cb3e7b54240e88a68da0760c422b6.bb.v:3185:8: Timescale missing on this module as other modules have it (IEEE 1800-2023 3.14.2.3)
 3185 | module sky130_fd_sc_hd__dlxbn_1(Q, Q_N, D, GATE_N, VPWR, VGND, VPB, VNB);
      |        ^~~~~~~~~~~~~~~~~~~~~~~~
                       ../rtl/Memory/memory_map_pck.sv:23:9: ... Location of module with timescale
   23 | package memory_map_pck;
      |         ^~~~~~~~~~~~~~
%Warning-TIMESCALEMOD: /home/tatua7806/arkhe/asic/run/arkhe/tmp/b68cb3e7b54240e88a68da0760c422b6.bb.v:3204:8: Timescale missing on this module as other modules have it (IEEE 1800-2023 3.14.2.3)
 3204 | module sky130_fd_sc_hd__dlxbn_2(Q, Q_N, D, GATE_N, VPWR, VGND, VPB, VNB);
      |        ^~~~~~~~~~~~~~~~~~~~~~~~
                       ../rtl/Memory/memory_map_pck.sv:23:9: ... Location of module with timescale
   23 | package memory_map_pck;
      |         ^~~~~~~~~~~~~~
%Warning-TIMESCALEMOD: /home/tatua7806/arkhe/asic/run/arkhe/tmp/b68cb3e7b54240e88a68da0760c422b6.bb.v:3223:8: Timescale missing on this module as other modules have it (IEEE 1800-2023 3.14.2.3)
 3223 | module sky130_fd_sc_hd__dlxbp_1(Q, Q_N, D, GATE, VPWR, VGND, VPB, VNB);
      |        ^~~~~~~~~~~~~~~~~~~~~~~~
                       ../rtl/Memory/memory_map_pck.sv:23:9: ... Location of module with timescale
   23 | package memory_map_pck;
      |         ^~~~~~~~~~~~~~
%Warning-TIMESCALEMOD: /home/tatua7806/arkhe/asic/run/arkhe/tmp/b68cb3e7b54240e88a68da0760c422b6.bb.v:3242:8: Timescale missing on this module as other modules have it (IEEE 1800-2023 3.14.2.3)
 3242 | module sky130_fd_sc_hd__dlxtn_1(Q, D, GATE_N, VPWR, VGND, VPB, VNB);
      |        ^~~~~~~~~~~~~~~~~~~~~~~~
                       ../rtl/Memory/memory_map_pck.sv:23:9: ... Location of module with timescale
   23 | package memory_map_pck;
      |         ^~~~~~~~~~~~~~
%Warning-TIMESCALEMOD: /home/tatua7806/arkhe/asic/run/arkhe/tmp/b68cb3e7b54240e88a68da0760c422b6.bb.v:3259:8: Timescale missing on this module as other modules have it (IEEE 1800-2023 3.14.2.3)
 3259 | module sky130_fd_sc_hd__dlxtn_2(Q, D, GATE_N, VPWR, VGND, VPB, VNB);
      |        ^~~~~~~~~~~~~~~~~~~~~~~~
                       ../rtl/Memory/memory_map_pck.sv:23:9: ... Location of module with timescale
   23 | package memory_map_pck;
      |         ^~~~~~~~~~~~~~
%Warning-TIMESCALEMOD: /home/tatua7806/arkhe/asic/run/arkhe/tmp/b68cb3e7b54240e88a68da0760c422b6.bb.v:3276:8: Timescale missing on this module as other modules have it (IEEE 1800-2023 3.14.2.3)
 3276 | module sky130_fd_sc_hd__dlxtn_4(Q, D, GATE_N, VPWR, VGND, VPB, VNB);
      |        ^~~~~~~~~~~~~~~~~~~~~~~~
                       ../rtl/Memory/memory_map_pck.sv:23:9: ... Location of module with timescale
   23 | package memory_map_pck;
      |         ^~~~~~~~~~~~~~
%Warning-TIMESCALEMOD: /home/tatua7806/arkhe/asic/run/arkhe/tmp/b68cb3e7b54240e88a68da0760c422b6.bb.v:3293:8: Timescale missing on this module as other modules have it (IEEE 1800-2023 3.14.2.3)
 3293 | module sky130_fd_sc_hd__dlxtp_1(Q, D, GATE, VPWR, VGND, VPB, VNB);
      |        ^~~~~~~~~~~~~~~~~~~~~~~~
                       ../rtl/Memory/memory_map_pck.sv:23:9: ... Location of module with timescale
   23 | package memory_map_pck;
      |         ^~~~~~~~~~~~~~
%Warning-TIMESCALEMOD: /home/tatua7806/arkhe/asic/run/arkhe/tmp/b68cb3e7b54240e88a68da0760c422b6.bb.v:3310:8: Timescale missing on this module as other modules have it (IEEE 1800-2023 3.14.2.3)
 3310 | module sky130_fd_sc_hd__dlygate4sd1_1(X, A, VPWR, VGND, VPB, VNB);
      |        ^~~~~~~~~~~~~~~~~~~~~~~~~~~~~~
                       ../rtl/Memory/memory_map_pck.sv:23:9: ... Location of module with timescale
   23 | package memory_map_pck;
      |         ^~~~~~~~~~~~~~
%Warning-TIMESCALEMOD: /home/tatua7806/arkhe/asic/run/arkhe/tmp/b68cb3e7b54240e88a68da0760c422b6.bb.v:3325:8: Timescale missing on this module as other modules have it (IEEE 1800-2023 3.14.2.3)
 3325 | module sky130_fd_sc_hd__dlygate4sd2_1(X, A, VPWR, VGND, VPB, VNB);
      |        ^~~~~~~~~~~~~~~~~~~~~~~~~~~~~~
                       ../rtl/Memory/memory_map_pck.sv:23:9: ... Location of module with timescale
   23 | package memory_map_pck;
      |         ^~~~~~~~~~~~~~
%Warning-TIMESCALEMOD: /home/tatua7806/arkhe/asic/run/arkhe/tmp/b68cb3e7b54240e88a68da0760c422b6.bb.v:3340:8: Timescale missing on this module as other modules have it (IEEE 1800-2023 3.14.2.3)
 3340 | module sky130_fd_sc_hd__dlygate4sd3_1(X, A, VPWR, VGND, VPB, VNB);
      |        ^~~~~~~~~~~~~~~~~~~~~~~~~~~~~~
                       ../rtl/Memory/memory_map_pck.sv:23:9: ... Location of module with timescale
   23 | package memory_map_pck;
      |         ^~~~~~~~~~~~~~
%Warning-TIMESCALEMOD: /home/tatua7806/arkhe/asic/run/arkhe/tmp/b68cb3e7b54240e88a68da0760c422b6.bb.v:3355:8: Timescale missing on this module as other modules have it (IEEE 1800-2023 3.14.2.3)
 3355 | module sky130_fd_sc_hd__dlymetal6s2s_1(X, A, VPWR, VGND, VPB, VNB);
      |        ^~~~~~~~~~~~~~~~~~~~~~~~~~~~~~~
                       ../rtl/Memory/memory_map_pck.sv:23:9: ... Location of module with timescale
   23 | package memory_map_pck;
      |         ^~~~~~~~~~~~~~
%Warning-TIMESCALEMOD: /home/tatua7806/arkhe/asic/run/arkhe/tmp/b68cb3e7b54240e88a68da0760c422b6.bb.v:3370:8: Timescale missing on this module as other modules have it (IEEE 1800-2023 3.14.2.3)
 3370 | module sky130_fd_sc_hd__dlymetal6s4s_1(X, A, VPWR, VGND, VPB, VNB);
      |        ^~~~~~~~~~~~~~~~~~~~~~~~~~~~~~~
                       ../rtl/Memory/memory_map_pck.sv:23:9: ... Location of module with timescale
   23 | package memory_map_pck;
      |         ^~~~~~~~~~~~~~
%Warning-TIMESCALEMOD: /home/tatua7806/arkhe/asic/run/arkhe/tmp/b68cb3e7b54240e88a68da0760c422b6.bb.v:3385:8: Timescale missing on this module as other modules have it (IEEE 1800-2023 3.14.2.3)
 3385 | module sky130_fd_sc_hd__dlymetal6s6s_1(X, A, VPWR, VGND, VPB, VNB);
      |        ^~~~~~~~~~~~~~~~~~~~~~~~~~~~~~~
                       ../rtl/Memory/memory_map_pck.sv:23:9: ... Location of module with timescale
   23 | package memory_map_pck;
      |         ^~~~~~~~~~~~~~
%Warning-TIMESCALEMOD: /home/tatua7806/arkhe/asic/run/arkhe/tmp/b68cb3e7b54240e88a68da0760c422b6.bb.v:3400:8: Timescale missing on this module as other modules have it (IEEE 1800-2023 3.14.2.3)
 3400 | module sky130_fd_sc_hd__ebufn_1(Z, A, TE_B, VPWR, VGND, VPB, VNB);
      |        ^~~~~~~~~~~~~~~~~~~~~~~~
                       ../rtl/Memory/memory_map_pck.sv:23:9: ... Location of module with timescale
   23 | package memory_map_pck;
      |         ^~~~~~~~~~~~~~
%Warning-TIMESCALEMOD: /home/tatua7806/arkhe/asic/run/arkhe/tmp/b68cb3e7b54240e88a68da0760c422b6.bb.v:3417:8: Timescale missing on this module as other modules have it (IEEE 1800-2023 3.14.2.3)
 3417 | module sky130_fd_sc_hd__ebufn_2(Z, A, TE_B, VPWR, VGND, VPB, VNB);
      |        ^~~~~~~~~~~~~~~~~~~~~~~~
                       ../rtl/Memory/memory_map_pck.sv:23:9: ... Location of module with timescale
   23 | package memory_map_pck;
      |         ^~~~~~~~~~~~~~
%Warning-TIMESCALEMOD: /home/tatua7806/arkhe/asic/run/arkhe/tmp/b68cb3e7b54240e88a68da0760c422b6.bb.v:3434:8: Timescale missing on this module as other modules have it (IEEE 1800-2023 3.14.2.3)
 3434 | module sky130_fd_sc_hd__ebufn_4(Z, A, TE_B, VPWR, VGND, VPB, VNB);
      |        ^~~~~~~~~~~~~~~~~~~~~~~~
                       ../rtl/Memory/memory_map_pck.sv:23:9: ... Location of module with timescale
   23 | package memory_map_pck;
      |         ^~~~~~~~~~~~~~
%Warning-TIMESCALEMOD: /home/tatua7806/arkhe/asic/run/arkhe/tmp/b68cb3e7b54240e88a68da0760c422b6.bb.v:3451:8: Timescale missing on this module as other modules have it (IEEE 1800-2023 3.14.2.3)
 3451 | module sky130_fd_sc_hd__ebufn_8(Z, A, TE_B, VPWR, VGND, VPB, VNB);
      |        ^~~~~~~~~~~~~~~~~~~~~~~~
                       ../rtl/Memory/memory_map_pck.sv:23:9: ... Location of module with timescale
   23 | package memory_map_pck;
      |         ^~~~~~~~~~~~~~
%Warning-TIMESCALEMOD: /home/tatua7806/arkhe/asic/run/arkhe/tmp/b68cb3e7b54240e88a68da0760c422b6.bb.v:3468:8: Timescale missing on this module as other modules have it (IEEE 1800-2023 3.14.2.3)
 3468 | module sky130_fd_sc_hd__edfxbp_1(Q, Q_N, CLK, D, DE, VPWR, VGND, VPB, VNB);
      |        ^~~~~~~~~~~~~~~~~~~~~~~~~
                       ../rtl/Memory/memory_map_pck.sv:23:9: ... Location of module with timescale
   23 | package memory_map_pck;
      |         ^~~~~~~~~~~~~~
%Warning-TIMESCALEMOD: /home/tatua7806/arkhe/asic/run/arkhe/tmp/b68cb3e7b54240e88a68da0760c422b6.bb.v:3489:8: Timescale missing on this module as other modules have it (IEEE 1800-2023 3.14.2.3)
 3489 | module sky130_fd_sc_hd__edfxtp_1(Q, CLK, D, DE, VPWR, VGND, VPB, VNB);
      |        ^~~~~~~~~~~~~~~~~~~~~~~~~
                       ../rtl/Memory/memory_map_pck.sv:23:9: ... Location of module with timescale
   23 | package memory_map_pck;
      |         ^~~~~~~~~~~~~~
%Warning-TIMESCALEMOD: /home/tatua7806/arkhe/asic/run/arkhe/tmp/b68cb3e7b54240e88a68da0760c422b6.bb.v:3508:8: Timescale missing on this module as other modules have it (IEEE 1800-2023 3.14.2.3)
 3508 | module sky130_fd_sc_hd__einvn_0(Z, A, TE_B, VPWR, VGND, VPB, VNB);
      |        ^~~~~~~~~~~~~~~~~~~~~~~~
                       ../rtl/Memory/memory_map_pck.sv:23:9: ... Location of module with timescale
   23 | package memory_map_pck;
      |         ^~~~~~~~~~~~~~
%Warning-TIMESCALEMOD: /home/tatua7806/arkhe/asic/run/arkhe/tmp/b68cb3e7b54240e88a68da0760c422b6.bb.v:3525:8: Timescale missing on this module as other modules have it (IEEE 1800-2023 3.14.2.3)
 3525 | module sky130_fd_sc_hd__einvn_1(Z, A, TE_B, VPWR, VGND, VPB, VNB);
      |        ^~~~~~~~~~~~~~~~~~~~~~~~
                       ../rtl/Memory/memory_map_pck.sv:23:9: ... Location of module with timescale
   23 | package memory_map_pck;
      |         ^~~~~~~~~~~~~~
%Warning-TIMESCALEMOD: /home/tatua7806/arkhe/asic/run/arkhe/tmp/b68cb3e7b54240e88a68da0760c422b6.bb.v:3542:8: Timescale missing on this module as other modules have it (IEEE 1800-2023 3.14.2.3)
 3542 | module sky130_fd_sc_hd__einvn_2(Z, A, TE_B, VPWR, VGND, VPB, VNB);
      |        ^~~~~~~~~~~~~~~~~~~~~~~~
                       ../rtl/Memory/memory_map_pck.sv:23:9: ... Location of module with timescale
   23 | package memory_map_pck;
      |         ^~~~~~~~~~~~~~
%Warning-TIMESCALEMOD: /home/tatua7806/arkhe/asic/run/arkhe/tmp/b68cb3e7b54240e88a68da0760c422b6.bb.v:3559:8: Timescale missing on this module as other modules have it (IEEE 1800-2023 3.14.2.3)
 3559 | module sky130_fd_sc_hd__einvn_4(Z, A, TE_B, VPWR, VGND, VPB, VNB);
      |        ^~~~~~~~~~~~~~~~~~~~~~~~
                       ../rtl/Memory/memory_map_pck.sv:23:9: ... Location of module with timescale
   23 | package memory_map_pck;
      |         ^~~~~~~~~~~~~~
%Warning-TIMESCALEMOD: /home/tatua7806/arkhe/asic/run/arkhe/tmp/b68cb3e7b54240e88a68da0760c422b6.bb.v:3576:8: Timescale missing on this module as other modules have it (IEEE 1800-2023 3.14.2.3)
 3576 | module sky130_fd_sc_hd__einvn_8(Z, A, TE_B, VPWR, VGND, VPB, VNB);
      |        ^~~~~~~~~~~~~~~~~~~~~~~~
                       ../rtl/Memory/memory_map_pck.sv:23:9: ... Location of module with timescale
   23 | package memory_map_pck;
      |         ^~~~~~~~~~~~~~
%Warning-TIMESCALEMOD: /home/tatua7806/arkhe/asic/run/arkhe/tmp/b68cb3e7b54240e88a68da0760c422b6.bb.v:3593:8: Timescale missing on this module as other modules have it (IEEE 1800-2023 3.14.2.3)
 3593 | module sky130_fd_sc_hd__einvp_1(Z, A, TE, VPWR, VGND, VPB, VNB);
      |        ^~~~~~~~~~~~~~~~~~~~~~~~
                       ../rtl/Memory/memory_map_pck.sv:23:9: ... Location of module with timescale
   23 | package memory_map_pck;
      |         ^~~~~~~~~~~~~~
%Warning-TIMESCALEMOD: /home/tatua7806/arkhe/asic/run/arkhe/tmp/b68cb3e7b54240e88a68da0760c422b6.bb.v:3610:8: Timescale missing on this module as other modules have it (IEEE 1800-2023 3.14.2.3)
 3610 | module sky130_fd_sc_hd__einvp_2(Z, A, TE, VPWR, VGND, VPB, VNB);
      |        ^~~~~~~~~~~~~~~~~~~~~~~~
                       ../rtl/Memory/memory_map_pck.sv:23:9: ... Location of module with timescale
   23 | package memory_map_pck;
      |         ^~~~~~~~~~~~~~
%Warning-TIMESCALEMOD: /home/tatua7806/arkhe/asic/run/arkhe/tmp/b68cb3e7b54240e88a68da0760c422b6.bb.v:3627:8: Timescale missing on this module as other modules have it (IEEE 1800-2023 3.14.2.3)
 3627 | module sky130_fd_sc_hd__einvp_4(Z, A, TE, VPWR, VGND, VPB, VNB);
      |        ^~~~~~~~~~~~~~~~~~~~~~~~
                       ../rtl/Memory/memory_map_pck.sv:23:9: ... Location of module with timescale
   23 | package memory_map_pck;
      |         ^~~~~~~~~~~~~~
%Warning-TIMESCALEMOD: /home/tatua7806/arkhe/asic/run/arkhe/tmp/b68cb3e7b54240e88a68da0760c422b6.bb.v:3644:8: Timescale missing on this module as other modules have it (IEEE 1800-2023 3.14.2.3)
 3644 | module sky130_fd_sc_hd__einvp_8(Z, A, TE, VPWR, VGND, VPB, VNB);
      |        ^~~~~~~~~~~~~~~~~~~~~~~~
                       ../rtl/Memory/memory_map_pck.sv:23:9: ... Location of module with timescale
   23 | package memory_map_pck;
      |         ^~~~~~~~~~~~~~
%Warning-TIMESCALEMOD: /home/tatua7806/arkhe/asic/run/arkhe/tmp/b68cb3e7b54240e88a68da0760c422b6.bb.v:3661:8: Timescale missing on this module as other modules have it (IEEE 1800-2023 3.14.2.3)
 3661 | module sky130_fd_sc_hd__fa_1(COUT, SUM, A, B, CIN, VPWR, VGND, VPB, VNB);
      |        ^~~~~~~~~~~~~~~~~~~~~
                       ../rtl/Memory/memory_map_pck.sv:23:9: ... Location of module with timescale
   23 | package memory_map_pck;
      |         ^~~~~~~~~~~~~~
%Warning-TIMESCALEMOD: /home/tatua7806/arkhe/asic/run/arkhe/tmp/b68cb3e7b54240e88a68da0760c422b6.bb.v:3682:8: Timescale missing on this module as other modules have it (IEEE 1800-2023 3.14.2.3)
 3682 | module sky130_fd_sc_hd__fa_2(COUT, SUM, A, B, CIN, VPWR, VGND, VPB, VNB);
      |        ^~~~~~~~~~~~~~~~~~~~~
                       ../rtl/Memory/memory_map_pck.sv:23:9: ... Location of module with timescale
   23 | package memory_map_pck;
      |         ^~~~~~~~~~~~~~
%Warning-TIMESCALEMOD: /home/tatua7806/arkhe/asic/run/arkhe/tmp/b68cb3e7b54240e88a68da0760c422b6.bb.v:3703:8: Timescale missing on this module as other modules have it (IEEE 1800-2023 3.14.2.3)
 3703 | module sky130_fd_sc_hd__fa_4(COUT, SUM, A, B, CIN, VPWR, VGND, VPB, VNB);
      |        ^~~~~~~~~~~~~~~~~~~~~
                       ../rtl/Memory/memory_map_pck.sv:23:9: ... Location of module with timescale
   23 | package memory_map_pck;
      |         ^~~~~~~~~~~~~~
%Warning-TIMESCALEMOD: /home/tatua7806/arkhe/asic/run/arkhe/tmp/b68cb3e7b54240e88a68da0760c422b6.bb.v:3724:8: Timescale missing on this module as other modules have it (IEEE 1800-2023 3.14.2.3)
 3724 | module sky130_fd_sc_hd__fah_1(COUT, SUM, A, B, CI, VPWR, VGND, VPB, VNB);
      |        ^~~~~~~~~~~~~~~~~~~~~~
                       ../rtl/Memory/memory_map_pck.sv:23:9: ... Location of module with timescale
   23 | package memory_map_pck;
      |         ^~~~~~~~~~~~~~
%Warning-TIMESCALEMOD: /home/tatua7806/arkhe/asic/run/arkhe/tmp/b68cb3e7b54240e88a68da0760c422b6.bb.v:3745:8: Timescale missing on this module as other modules have it (IEEE 1800-2023 3.14.2.3)
 3745 | module sky130_fd_sc_hd__fahcin_1(COUT, SUM, A, B, CIN, VPWR, VGND, VPB, VNB);
      |        ^~~~~~~~~~~~~~~~~~~~~~~~~
                       ../rtl/Memory/memory_map_pck.sv:23:9: ... Location of module with timescale
   23 | package memory_map_pck;
      |         ^~~~~~~~~~~~~~
%Warning-TIMESCALEMOD: /home/tatua7806/arkhe/asic/run/arkhe/tmp/b68cb3e7b54240e88a68da0760c422b6.bb.v:3766:8: Timescale missing on this module as other modules have it (IEEE 1800-2023 3.14.2.3)
 3766 | module sky130_fd_sc_hd__fahcon_1(COUT_N, SUM, A, B, CI, VPWR, VGND, VPB, VNB);
      |        ^~~~~~~~~~~~~~~~~~~~~~~~~
                       ../rtl/Memory/memory_map_pck.sv:23:9: ... Location of module with timescale
   23 | package memory_map_pck;
      |         ^~~~~~~~~~~~~~
%Warning-TIMESCALEMOD: /home/tatua7806/arkhe/asic/run/arkhe/tmp/b68cb3e7b54240e88a68da0760c422b6.bb.v:3787:8: Timescale missing on this module as other modules have it (IEEE 1800-2023 3.14.2.3)
 3787 | module sky130_fd_sc_hd__fill_1(VPWR, VGND, VPB, VNB);
      |        ^~~~~~~~~~~~~~~~~~~~~~~
                       ../rtl/Memory/memory_map_pck.sv:23:9: ... Location of module with timescale
   23 | package memory_map_pck;
      |         ^~~~~~~~~~~~~~
%Warning-TIMESCALEMOD: /home/tatua7806/arkhe/asic/run/arkhe/tmp/b68cb3e7b54240e88a68da0760c422b6.bb.v:3798:8: Timescale missing on this module as other modules have it (IEEE 1800-2023 3.14.2.3)
 3798 | module sky130_fd_sc_hd__fill_2(VPWR, VGND, VPB, VNB);
      |        ^~~~~~~~~~~~~~~~~~~~~~~
                       ../rtl/Memory/memory_map_pck.sv:23:9: ... Location of module with timescale
   23 | package memory_map_pck;
      |         ^~~~~~~~~~~~~~
%Warning-TIMESCALEMOD: /home/tatua7806/arkhe/asic/run/arkhe/tmp/b68cb3e7b54240e88a68da0760c422b6.bb.v:3809:8: Timescale missing on this module as other modules have it (IEEE 1800-2023 3.14.2.3)
 3809 | module sky130_fd_sc_hd__fill_4(VPWR, VGND, VPB, VNB);
      |        ^~~~~~~~~~~~~~~~~~~~~~~
                       ../rtl/Memory/memory_map_pck.sv:23:9: ... Location of module with timescale
   23 | package memory_map_pck;
      |         ^~~~~~~~~~~~~~
%Warning-TIMESCALEMOD: /home/tatua7806/arkhe/asic/run/arkhe/tmp/b68cb3e7b54240e88a68da0760c422b6.bb.v:3820:8: Timescale missing on this module as other modules have it (IEEE 1800-2023 3.14.2.3)
 3820 | module sky130_fd_sc_hd__fill_8(VPWR, VGND, VPB, VNB);
      |        ^~~~~~~~~~~~~~~~~~~~~~~
                       ../rtl/Memory/memory_map_pck.sv:23:9: ... Location of module with timescale
   23 | package memory_map_pck;
      |         ^~~~~~~~~~~~~~
%Warning-TIMESCALEMOD: /home/tatua7806/arkhe/asic/run/arkhe/tmp/b68cb3e7b54240e88a68da0760c422b6.bb.v:3831:8: Timescale missing on this module as other modules have it (IEEE 1800-2023 3.14.2.3)
 3831 | module sky130_fd_sc_hd__ha_1(COUT, SUM, A, B, VPWR, VGND, VPB, VNB);
      |        ^~~~~~~~~~~~~~~~~~~~~
                       ../rtl/Memory/memory_map_pck.sv:23:9: ... Location of module with timescale
   23 | package memory_map_pck;
      |         ^~~~~~~~~~~~~~
%Warning-TIMESCALEMOD: /home/tatua7806/arkhe/asic/run/arkhe/tmp/b68cb3e7b54240e88a68da0760c422b6.bb.v:3850:8: Timescale missing on this module as other modules have it (IEEE 1800-2023 3.14.2.3)
 3850 | module sky130_fd_sc_hd__ha_2(COUT, SUM, A, B, VPWR, VGND, VPB, VNB);
      |        ^~~~~~~~~~~~~~~~~~~~~
                       ../rtl/Memory/memory_map_pck.sv:23:9: ... Location of module with timescale
   23 | package memory_map_pck;
      |         ^~~~~~~~~~~~~~
%Warning-TIMESCALEMOD: /home/tatua7806/arkhe/asic/run/arkhe/tmp/b68cb3e7b54240e88a68da0760c422b6.bb.v:3869:8: Timescale missing on this module as other modules have it (IEEE 1800-2023 3.14.2.3)
 3869 | module sky130_fd_sc_hd__ha_4(COUT, SUM, A, B, VPWR, VGND, VPB, VNB);
      |        ^~~~~~~~~~~~~~~~~~~~~
                       ../rtl/Memory/memory_map_pck.sv:23:9: ... Location of module with timescale
   23 | package memory_map_pck;
      |         ^~~~~~~~~~~~~~
%Warning-TIMESCALEMOD: /home/tatua7806/arkhe/asic/run/arkhe/tmp/b68cb3e7b54240e88a68da0760c422b6.bb.v:3888:8: Timescale missing on this module as other modules have it (IEEE 1800-2023 3.14.2.3)
 3888 | module sky130_fd_sc_hd__inv_1(Y, A, VPWR, VGND, VPB, VNB);
      |        ^~~~~~~~~~~~~~~~~~~~~~
                       ../rtl/Memory/memory_map_pck.sv:23:9: ... Location of module with timescale
   23 | package memory_map_pck;
      |         ^~~~~~~~~~~~~~
%Warning-TIMESCALEMOD: /home/tatua7806/arkhe/asic/run/arkhe/tmp/b68cb3e7b54240e88a68da0760c422b6.bb.v:3903:8: Timescale missing on this module as other modules have it (IEEE 1800-2023 3.14.2.3)
 3903 | module sky130_fd_sc_hd__inv_12(Y, A, VPWR, VGND, VPB, VNB);
      |        ^~~~~~~~~~~~~~~~~~~~~~~
                       ../rtl/Memory/memory_map_pck.sv:23:9: ... Location of module with timescale
   23 | package memory_map_pck;
      |         ^~~~~~~~~~~~~~
%Warning-TIMESCALEMOD: /home/tatua7806/arkhe/asic/run/arkhe/tmp/b68cb3e7b54240e88a68da0760c422b6.bb.v:3918:8: Timescale missing on this module as other modules have it (IEEE 1800-2023 3.14.2.3)
 3918 | module sky130_fd_sc_hd__inv_16(Y, A, VPWR, VGND, VPB, VNB);
      |        ^~~~~~~~~~~~~~~~~~~~~~~
                       ../rtl/Memory/memory_map_pck.sv:23:9: ... Location of module with timescale
   23 | package memory_map_pck;
      |         ^~~~~~~~~~~~~~
%Warning-TIMESCALEMOD: /home/tatua7806/arkhe/asic/run/arkhe/tmp/b68cb3e7b54240e88a68da0760c422b6.bb.v:3933:8: Timescale missing on this module as other modules have it (IEEE 1800-2023 3.14.2.3)
 3933 | module sky130_fd_sc_hd__inv_2(Y, A, VPWR, VGND, VPB, VNB);
      |        ^~~~~~~~~~~~~~~~~~~~~~
                       ../rtl/Memory/memory_map_pck.sv:23:9: ... Location of module with timescale
   23 | package memory_map_pck;
      |         ^~~~~~~~~~~~~~
%Warning-TIMESCALEMOD: /home/tatua7806/arkhe/asic/run/arkhe/tmp/b68cb3e7b54240e88a68da0760c422b6.bb.v:3948:8: Timescale missing on this module as other modules have it (IEEE 1800-2023 3.14.2.3)
 3948 | module sky130_fd_sc_hd__inv_4(Y, A, VPWR, VGND, VPB, VNB);
      |        ^~~~~~~~~~~~~~~~~~~~~~
                       ../rtl/Memory/memory_map_pck.sv:23:9: ... Location of module with timescale
   23 | package memory_map_pck;
      |         ^~~~~~~~~~~~~~
%Warning-TIMESCALEMOD: /home/tatua7806/arkhe/asic/run/arkhe/tmp/b68cb3e7b54240e88a68da0760c422b6.bb.v:3963:8: Timescale missing on this module as other modules have it (IEEE 1800-2023 3.14.2.3)
 3963 | module sky130_fd_sc_hd__inv_6(Y, A, VPWR, VGND, VPB, VNB);
      |        ^~~~~~~~~~~~~~~~~~~~~~
                       ../rtl/Memory/memory_map_pck.sv:23:9: ... Location of module with timescale
   23 | package memory_map_pck;
      |         ^~~~~~~~~~~~~~
%Warning-TIMESCALEMOD: /home/tatua7806/arkhe/asic/run/arkhe/tmp/b68cb3e7b54240e88a68da0760c422b6.bb.v:3978:8: Timescale missing on this module as other modules have it (IEEE 1800-2023 3.14.2.3)
 3978 | module sky130_fd_sc_hd__inv_8(Y, A, VPWR, VGND, VPB, VNB);
      |        ^~~~~~~~~~~~~~~~~~~~~~
                       ../rtl/Memory/memory_map_pck.sv:23:9: ... Location of module with timescale
   23 | package memory_map_pck;
      |         ^~~~~~~~~~~~~~
%Warning-TIMESCALEMOD: /home/tatua7806/arkhe/asic/run/arkhe/tmp/b68cb3e7b54240e88a68da0760c422b6.bb.v:3993:8: Timescale missing on this module as other modules have it (IEEE 1800-2023 3.14.2.3)
 3993 | module sky130_fd_sc_hd__lpflow_bleeder_1(SHORT, VPWR, VGND, VPB, VNB);
      |        ^~~~~~~~~~~~~~~~~~~~~~~~~~~~~~~~~
                       ../rtl/Memory/memory_map_pck.sv:23:9: ... Location of module with timescale
   23 | package memory_map_pck;
      |         ^~~~~~~~~~~~~~
%Warning-TIMESCALEMOD: /home/tatua7806/arkhe/asic/run/arkhe/tmp/b68cb3e7b54240e88a68da0760c422b6.bb.v:4006:8: Timescale missing on this module as other modules have it (IEEE 1800-2023 3.14.2.3)
 4006 | module sky130_fd_sc_hd__lpflow_clkbufkapwr_1(X, A, KAPWR, VPWR, VGND, VPB, VNB);
      |        ^~~~~~~~~~~~~~~~~~~~~~~~~~~~~~~~~~~~~
                       ../rtl/Memory/memory_map_pck.sv:23:9: ... Location of module with timescale
   23 | package memory_map_pck;
      |         ^~~~~~~~~~~~~~
%Warning-TIMESCALEMOD: /home/tatua7806/arkhe/asic/run/arkhe/tmp/b68cb3e7b54240e88a68da0760c422b6.bb.v:4023:8: Timescale missing on this module as other modules have it (IEEE 1800-2023 3.14.2.3)
 4023 | module sky130_fd_sc_hd__lpflow_clkbufkapwr_16(X, A, KAPWR, VPWR, VGND, VPB, VNB);
      |        ^~~~~~~~~~~~~~~~~~~~~~~~~~~~~~~~~~~~~~
                       ../rtl/Memory/memory_map_pck.sv:23:9: ... Location of module with timescale
   23 | package memory_map_pck;
      |         ^~~~~~~~~~~~~~
%Warning-TIMESCALEMOD: /home/tatua7806/arkhe/asic/run/arkhe/tmp/b68cb3e7b54240e88a68da0760c422b6.bb.v:4040:8: Timescale missing on this module as other modules have it (IEEE 1800-2023 3.14.2.3)
 4040 | module sky130_fd_sc_hd__lpflow_clkbufkapwr_2(X, A, KAPWR, VPWR, VGND, VPB, VNB);
      |        ^~~~~~~~~~~~~~~~~~~~~~~~~~~~~~~~~~~~~
                       ../rtl/Memory/memory_map_pck.sv:23:9: ... Location of module with timescale
   23 | package memory_map_pck;
      |         ^~~~~~~~~~~~~~
%Warning-TIMESCALEMOD: /home/tatua7806/arkhe/asic/run/arkhe/tmp/b68cb3e7b54240e88a68da0760c422b6.bb.v:4057:8: Timescale missing on this module as other modules have it (IEEE 1800-2023 3.14.2.3)
 4057 | module sky130_fd_sc_hd__lpflow_clkbufkapwr_4(X, A, KAPWR, VPWR, VGND, VPB, VNB);
      |        ^~~~~~~~~~~~~~~~~~~~~~~~~~~~~~~~~~~~~
                       ../rtl/Memory/memory_map_pck.sv:23:9: ... Location of module with timescale
   23 | package memory_map_pck;
      |         ^~~~~~~~~~~~~~
%Warning-TIMESCALEMOD: /home/tatua7806/arkhe/asic/run/arkhe/tmp/b68cb3e7b54240e88a68da0760c422b6.bb.v:4074:8: Timescale missing on this module as other modules have it (IEEE 1800-2023 3.14.2.3)
 4074 | module sky130_fd_sc_hd__lpflow_clkbufkapwr_8(X, A, KAPWR, VPWR, VGND, VPB, VNB);
      |        ^~~~~~~~~~~~~~~~~~~~~~~~~~~~~~~~~~~~~
                       ../rtl/Memory/memory_map_pck.sv:23:9: ... Location of module with timescale
   23 | package memory_map_pck;
      |         ^~~~~~~~~~~~~~
%Warning-TIMESCALEMOD: /home/tatua7806/arkhe/asic/run/arkhe/tmp/b68cb3e7b54240e88a68da0760c422b6.bb.v:4091:8: Timescale missing on this module as other modules have it (IEEE 1800-2023 3.14.2.3)
 4091 | module sky130_fd_sc_hd__lpflow_clkinvkapwr_1(Y, A, KAPWR, VPWR, VGND, VPB, VNB);
      |        ^~~~~~~~~~~~~~~~~~~~~~~~~~~~~~~~~~~~~
                       ../rtl/Memory/memory_map_pck.sv:23:9: ... Location of module with timescale
   23 | package memory_map_pck;
      |         ^~~~~~~~~~~~~~
%Warning-TIMESCALEMOD: /home/tatua7806/arkhe/asic/run/arkhe/tmp/b68cb3e7b54240e88a68da0760c422b6.bb.v:4108:8: Timescale missing on this module as other modules have it (IEEE 1800-2023 3.14.2.3)
 4108 | module sky130_fd_sc_hd__lpflow_clkinvkapwr_16(Y, A, KAPWR, VPWR, VGND, VPB, VNB);
      |        ^~~~~~~~~~~~~~~~~~~~~~~~~~~~~~~~~~~~~~
                       ../rtl/Memory/memory_map_pck.sv:23:9: ... Location of module with timescale
   23 | package memory_map_pck;
      |         ^~~~~~~~~~~~~~
%Warning-TIMESCALEMOD: /home/tatua7806/arkhe/asic/run/arkhe/tmp/b68cb3e7b54240e88a68da0760c422b6.bb.v:4125:8: Timescale missing on this module as other modules have it (IEEE 1800-2023 3.14.2.3)
 4125 | module sky130_fd_sc_hd__lpflow_clkinvkapwr_2(Y, A, KAPWR, VPWR, VGND, VPB, VNB);
      |        ^~~~~~~~~~~~~~~~~~~~~~~~~~~~~~~~~~~~~
                       ../rtl/Memory/memory_map_pck.sv:23:9: ... Location of module with timescale
   23 | package memory_map_pck;
      |         ^~~~~~~~~~~~~~
%Warning-TIMESCALEMOD: /home/tatua7806/arkhe/asic/run/arkhe/tmp/b68cb3e7b54240e88a68da0760c422b6.bb.v:4142:8: Timescale missing on this module as other modules have it (IEEE 1800-2023 3.14.2.3)
 4142 | module sky130_fd_sc_hd__lpflow_clkinvkapwr_4(Y, A, KAPWR, VPWR, VGND, VPB, VNB);
      |        ^~~~~~~~~~~~~~~~~~~~~~~~~~~~~~~~~~~~~
                       ../rtl/Memory/memory_map_pck.sv:23:9: ... Location of module with timescale
   23 | package memory_map_pck;
      |         ^~~~~~~~~~~~~~
%Warning-TIMESCALEMOD: /home/tatua7806/arkhe/asic/run/arkhe/tmp/b68cb3e7b54240e88a68da0760c422b6.bb.v:4159:8: Timescale missing on this module as other modules have it (IEEE 1800-2023 3.14.2.3)
 4159 | module sky130_fd_sc_hd__lpflow_clkinvkapwr_8(Y, A, KAPWR, VPWR, VGND, VPB, VNB);
      |        ^~~~~~~~~~~~~~~~~~~~~~~~~~~~~~~~~~~~~
                       ../rtl/Memory/memory_map_pck.sv:23:9: ... Location of module with timescale
   23 | package memory_map_pck;
      |         ^~~~~~~~~~~~~~
%Warning-TIMESCALEMOD: /home/tatua7806/arkhe/asic/run/arkhe/tmp/b68cb3e7b54240e88a68da0760c422b6.bb.v:4176:8: Timescale missing on this module as other modules have it (IEEE 1800-2023 3.14.2.3)
 4176 | module sky130_fd_sc_hd__lpflow_decapkapwr_12(VPWR, KAPWR, VGND, VPB, VNB);
      |        ^~~~~~~~~~~~~~~~~~~~~~~~~~~~~~~~~~~~~
                       ../rtl/Memory/memory_map_pck.sv:23:9: ... Location of module with timescale
   23 | package memory_map_pck;
      |         ^~~~~~~~~~~~~~
%Warning-TIMESCALEMOD: /home/tatua7806/arkhe/asic/run/arkhe/tmp/b68cb3e7b54240e88a68da0760c422b6.bb.v:4189:8: Timescale missing on this module as other modules have it (IEEE 1800-2023 3.14.2.3)
 4189 | module sky130_fd_sc_hd__lpflow_decapkapwr_3(VPWR, KAPWR, VGND, VPB, VNB);
      |        ^~~~~~~~~~~~~~~~~~~~~~~~~~~~~~~~~~~~
                       ../rtl/Memory/memory_map_pck.sv:23:9: ... Location of module with timescale
   23 | package memory_map_pck;
      |         ^~~~~~~~~~~~~~
%Warning-TIMESCALEMOD: /home/tatua7806/arkhe/asic/run/arkhe/tmp/b68cb3e7b54240e88a68da0760c422b6.bb.v:4202:8: Timescale missing on this module as other modules have it (IEEE 1800-2023 3.14.2.3)
 4202 | module sky130_fd_sc_hd__lpflow_decapkapwr_4(VPWR, KAPWR, VGND, VPB, VNB);
      |        ^~~~~~~~~~~~~~~~~~~~~~~~~~~~~~~~~~~~
                       ../rtl/Memory/memory_map_pck.sv:23:9: ... Location of module with timescale
   23 | package memory_map_pck;
      |         ^~~~~~~~~~~~~~
%Warning-TIMESCALEMOD: /home/tatua7806/arkhe/asic/run/arkhe/tmp/b68cb3e7b54240e88a68da0760c422b6.bb.v:4215:8: Timescale missing on this module as other modules have it (IEEE 1800-2023 3.14.2.3)
 4215 | module sky130_fd_sc_hd__lpflow_decapkapwr_6(VPWR, KAPWR, VGND, VPB, VNB);
      |        ^~~~~~~~~~~~~~~~~~~~~~~~~~~~~~~~~~~~
                       ../rtl/Memory/memory_map_pck.sv:23:9: ... Location of module with timescale
   23 | package memory_map_pck;
      |         ^~~~~~~~~~~~~~
%Warning-TIMESCALEMOD: /home/tatua7806/arkhe/asic/run/arkhe/tmp/b68cb3e7b54240e88a68da0760c422b6.bb.v:4228:8: Timescale missing on this module as other modules have it (IEEE 1800-2023 3.14.2.3)
 4228 | module sky130_fd_sc_hd__lpflow_decapkapwr_8(VPWR, KAPWR, VGND, VPB, VNB);
      |        ^~~~~~~~~~~~~~~~~~~~~~~~~~~~~~~~~~~~
                       ../rtl/Memory/memory_map_pck.sv:23:9: ... Location of module with timescale
   23 | package memory_map_pck;
      |         ^~~~~~~~~~~~~~
%Warning-TIMESCALEMOD: /home/tatua7806/arkhe/asic/run/arkhe/tmp/b68cb3e7b54240e88a68da0760c422b6.bb.v:4241:8: Timescale missing on this module as other modules have it (IEEE 1800-2023 3.14.2.3)
 4241 | module sky130_fd_sc_hd__lpflow_inputiso0n_1(X, A, SLEEP_B, VPWR, VGND, VPB, VNB);
      |        ^~~~~~~~~~~~~~~~~~~~~~~~~~~~~~~~~~~~
                       ../rtl/Memory/memory_map_pck.sv:23:9: ... Location of module with timescale
   23 | package memory_map_pck;
      |         ^~~~~~~~~~~~~~
%Warning-TIMESCALEMOD: /home/tatua7806/arkhe/asic/run/arkhe/tmp/b68cb3e7b54240e88a68da0760c422b6.bb.v:4258:8: Timescale missing on this module as other modules have it (IEEE 1800-2023 3.14.2.3)
 4258 | module sky130_fd_sc_hd__lpflow_inputiso0p_1(X, A, SLEEP, VPWR, VGND, VPB, VNB);
      |        ^~~~~~~~~~~~~~~~~~~~~~~~~~~~~~~~~~~~
                       ../rtl/Memory/memory_map_pck.sv:23:9: ... Location of module with timescale
   23 | package memory_map_pck;
      |         ^~~~~~~~~~~~~~
%Warning-TIMESCALEMOD: /home/tatua7806/arkhe/asic/run/arkhe/tmp/b68cb3e7b54240e88a68da0760c422b6.bb.v:4275:8: Timescale missing on this module as other modules have it (IEEE 1800-2023 3.14.2.3)
 4275 | module sky130_fd_sc_hd__lpflow_inputiso1n_1(X, A, SLEEP_B, VPWR, VGND, VPB, VNB);
      |        ^~~~~~~~~~~~~~~~~~~~~~~~~~~~~~~~~~~~
                       ../rtl/Memory/memory_map_pck.sv:23:9: ... Location of module with timescale
   23 | package memory_map_pck;
      |         ^~~~~~~~~~~~~~
%Warning-TIMESCALEMOD: /home/tatua7806/arkhe/asic/run/arkhe/tmp/b68cb3e7b54240e88a68da0760c422b6.bb.v:4292:8: Timescale missing on this module as other modules have it (IEEE 1800-2023 3.14.2.3)
 4292 | module sky130_fd_sc_hd__lpflow_inputiso1p_1(X, A, SLEEP, VPWR, VGND, VPB, VNB);
      |        ^~~~~~~~~~~~~~~~~~~~~~~~~~~~~~~~~~~~
                       ../rtl/Memory/memory_map_pck.sv:23:9: ... Location of module with timescale
   23 | package memory_map_pck;
      |         ^~~~~~~~~~~~~~
%Warning-TIMESCALEMOD: /home/tatua7806/arkhe/asic/run/arkhe/tmp/b68cb3e7b54240e88a68da0760c422b6.bb.v:4309:8: Timescale missing on this module as other modules have it (IEEE 1800-2023 3.14.2.3)
 4309 | module sky130_fd_sc_hd__lpflow_inputisolatch_1(Q, D, SLEEP_B, VPWR, VGND, VPB, VNB);
      |        ^~~~~~~~~~~~~~~~~~~~~~~~~~~~~~~~~~~~~~~
                       ../rtl/Memory/memory_map_pck.sv:23:9: ... Location of module with timescale
   23 | package memory_map_pck;
      |         ^~~~~~~~~~~~~~
%Warning-TIMESCALEMOD: /home/tatua7806/arkhe/asic/run/arkhe/tmp/b68cb3e7b54240e88a68da0760c422b6.bb.v:4326:8: Timescale missing on this module as other modules have it (IEEE 1800-2023 3.14.2.3)
 4326 | module sky130_fd_sc_hd__lpflow_isobufsrc_1(X, SLEEP, A, VPWR, VGND, VPB, VNB);
      |        ^~~~~~~~~~~~~~~~~~~~~~~~~~~~~~~~~~~
                       ../rtl/Memory/memory_map_pck.sv:23:9: ... Location of module with timescale
   23 | package memory_map_pck;
      |         ^~~~~~~~~~~~~~
%Warning-TIMESCALEMOD: /home/tatua7806/arkhe/asic/run/arkhe/tmp/b68cb3e7b54240e88a68da0760c422b6.bb.v:4343:8: Timescale missing on this module as other modules have it (IEEE 1800-2023 3.14.2.3)
 4343 | module sky130_fd_sc_hd__lpflow_isobufsrc_16(X, SLEEP, A, VPWR, VGND, VPB, VNB);
      |        ^~~~~~~~~~~~~~~~~~~~~~~~~~~~~~~~~~~~
                       ../rtl/Memory/memory_map_pck.sv:23:9: ... Location of module with timescale
   23 | package memory_map_pck;
      |         ^~~~~~~~~~~~~~
%Warning-TIMESCALEMOD: /home/tatua7806/arkhe/asic/run/arkhe/tmp/b68cb3e7b54240e88a68da0760c422b6.bb.v:4360:8: Timescale missing on this module as other modules have it (IEEE 1800-2023 3.14.2.3)
 4360 | module sky130_fd_sc_hd__lpflow_isobufsrc_2(X, SLEEP, A, VPWR, VGND, VPB, VNB);
      |        ^~~~~~~~~~~~~~~~~~~~~~~~~~~~~~~~~~~
                       ../rtl/Memory/memory_map_pck.sv:23:9: ... Location of module with timescale
   23 | package memory_map_pck;
      |         ^~~~~~~~~~~~~~
%Warning-TIMESCALEMOD: /home/tatua7806/arkhe/asic/run/arkhe/tmp/b68cb3e7b54240e88a68da0760c422b6.bb.v:4377:8: Timescale missing on this module as other modules have it (IEEE 1800-2023 3.14.2.3)
 4377 | module sky130_fd_sc_hd__lpflow_isobufsrc_4(X, SLEEP, A, VPWR, VGND, VPB, VNB);
      |        ^~~~~~~~~~~~~~~~~~~~~~~~~~~~~~~~~~~
                       ../rtl/Memory/memory_map_pck.sv:23:9: ... Location of module with timescale
   23 | package memory_map_pck;
      |         ^~~~~~~~~~~~~~
%Warning-TIMESCALEMOD: /home/tatua7806/arkhe/asic/run/arkhe/tmp/b68cb3e7b54240e88a68da0760c422b6.bb.v:4394:8: Timescale missing on this module as other modules have it (IEEE 1800-2023 3.14.2.3)
 4394 | module sky130_fd_sc_hd__lpflow_isobufsrc_8(X, SLEEP, A, VPWR, VGND, VPB, VNB);
      |        ^~~~~~~~~~~~~~~~~~~~~~~~~~~~~~~~~~~
                       ../rtl/Memory/memory_map_pck.sv:23:9: ... Location of module with timescale
   23 | package memory_map_pck;
      |         ^~~~~~~~~~~~~~
%Warning-TIMESCALEMOD: /home/tatua7806/arkhe/asic/run/arkhe/tmp/b68cb3e7b54240e88a68da0760c422b6.bb.v:4411:8: Timescale missing on this module as other modules have it (IEEE 1800-2023 3.14.2.3)
 4411 | module sky130_fd_sc_hd__lpflow_isobufsrckapwr_16(X, SLEEP, A, KAPWR, VPWR, VGND, VPB, VNB);
      |        ^~~~~~~~~~~~~~~~~~~~~~~~~~~~~~~~~~~~~~~~~
                       ../rtl/Memory/memory_map_pck.sv:23:9: ... Location of module with timescale
   23 | package memory_map_pck;
      |         ^~~~~~~~~~~~~~
%Warning-TIMESCALEMOD: /home/tatua7806/arkhe/asic/run/arkhe/tmp/b68cb3e7b54240e88a68da0760c422b6.bb.v:4430:8: Timescale missing on this module as other modules have it (IEEE 1800-2023 3.14.2.3)
 4430 | module sky130_fd_sc_hd__lpflow_lsbuf_lh_hl_isowell_tap_1(X, A, VPWRIN, VPWR, VGND, VPB);
      |        ^~~~~~~~~~~~~~~~~~~~~~~~~~~~~~~~~~~~~~~~~~~~~~~~~
                       ../rtl/Memory/memory_map_pck.sv:23:9: ... Location of module with timescale
   23 | package memory_map_pck;
      |         ^~~~~~~~~~~~~~
%Warning-TIMESCALEMOD: /home/tatua7806/arkhe/asic/run/arkhe/tmp/b68cb3e7b54240e88a68da0760c422b6.bb.v:4445:8: Timescale missing on this module as other modules have it (IEEE 1800-2023 3.14.2.3)
 4445 | module sky130_fd_sc_hd__lpflow_lsbuf_lh_hl_isowell_tap_2(X, A, VPWRIN, VPWR, VGND, VPB);
      |        ^~~~~~~~~~~~~~~~~~~~~~~~~~~~~~~~~~~~~~~~~~~~~~~~~
                       ../rtl/Memory/memory_map_pck.sv:23:9: ... Location of module with timescale
   23 | package memory_map_pck;
      |         ^~~~~~~~~~~~~~
%Warning-TIMESCALEMOD: /home/tatua7806/arkhe/asic/run/arkhe/tmp/b68cb3e7b54240e88a68da0760c422b6.bb.v:4460:8: Timescale missing on this module as other modules have it (IEEE 1800-2023 3.14.2.3)
 4460 | module sky130_fd_sc_hd__lpflow_lsbuf_lh_hl_isowell_tap_4(X, A, VPWRIN, VPWR, VGND, VPB);
      |        ^~~~~~~~~~~~~~~~~~~~~~~~~~~~~~~~~~~~~~~~~~~~~~~~~
                       ../rtl/Memory/memory_map_pck.sv:23:9: ... Location of module with timescale
   23 | package memory_map_pck;
      |         ^~~~~~~~~~~~~~
%Warning-TIMESCALEMOD: /home/tatua7806/arkhe/asic/run/arkhe/tmp/b68cb3e7b54240e88a68da0760c422b6.bb.v:4475:8: Timescale missing on this module as other modules have it (IEEE 1800-2023 3.14.2.3)
 4475 | module sky130_fd_sc_hd__lpflow_lsbuf_lh_isowell_4(X, A, LOWLVPWR, VPWR, VGND, VPB, VNB);
      |        ^~~~~~~~~~~~~~~~~~~~~~~~~~~~~~~~~~~~~~~~~~
                       ../rtl/Memory/memory_map_pck.sv:23:9: ... Location of module with timescale
   23 | package memory_map_pck;
      |         ^~~~~~~~~~~~~~
%Warning-TIMESCALEMOD: /home/tatua7806/arkhe/asic/run/arkhe/tmp/b68cb3e7b54240e88a68da0760c422b6.bb.v:4492:8: Timescale missing on this module as other modules have it (IEEE 1800-2023 3.14.2.3)
 4492 | module sky130_fd_sc_hd__lpflow_lsbuf_lh_isowell_tap_1(X, A, LOWLVPWR, VPWR, VGND, VPB);
      |        ^~~~~~~~~~~~~~~~~~~~~~~~~~~~~~~~~~~~~~~~~~~~~~
                       ../rtl/Memory/memory_map_pck.sv:23:9: ... Location of module with timescale
   23 | package memory_map_pck;
      |         ^~~~~~~~~~~~~~
%Warning-TIMESCALEMOD: /home/tatua7806/arkhe/asic/run/arkhe/tmp/b68cb3e7b54240e88a68da0760c422b6.bb.v:4507:8: Timescale missing on this module as other modules have it (IEEE 1800-2023 3.14.2.3)
 4507 | module sky130_fd_sc_hd__lpflow_lsbuf_lh_isowell_tap_2(X, A, LOWLVPWR, VPWR, VGND, VPB);
      |        ^~~~~~~~~~~~~~~~~~~~~~~~~~~~~~~~~~~~~~~~~~~~~~
                       ../rtl/Memory/memory_map_pck.sv:23:9: ... Location of module with timescale
   23 | package memory_map_pck;
      |         ^~~~~~~~~~~~~~
%Warning-TIMESCALEMOD: /home/tatua7806/arkhe/asic/run/arkhe/tmp/b68cb3e7b54240e88a68da0760c422b6.bb.v:4522:8: Timescale missing on this module as other modules have it (IEEE 1800-2023 3.14.2.3)
 4522 | module sky130_fd_sc_hd__lpflow_lsbuf_lh_isowell_tap_4(X, A, LOWLVPWR, VPWR, VGND, VPB);
      |        ^~~~~~~~~~~~~~~~~~~~~~~~~~~~~~~~~~~~~~~~~~~~~~
                       ../rtl/Memory/memory_map_pck.sv:23:9: ... Location of module with timescale
   23 | package memory_map_pck;
      |         ^~~~~~~~~~~~~~
%Warning-TIMESCALEMOD: /home/tatua7806/arkhe/asic/run/arkhe/tmp/b68cb3e7b54240e88a68da0760c422b6.bb.v:4537:8: Timescale missing on this module as other modules have it (IEEE 1800-2023 3.14.2.3)
 4537 | module sky130_fd_sc_hd__macro_sparecell(LO, VGND, VNB, VPB, VPWR);
      |        ^~~~~~~~~~~~~~~~~~~~~~~~~~~~~~~~
                       ../rtl/Memory/memory_map_pck.sv:23:9: ... Location of module with timescale
   23 | package memory_map_pck;
      |         ^~~~~~~~~~~~~~
%Warning-TIMESCALEMOD: /home/tatua7806/arkhe/asic/run/arkhe/tmp/b68cb3e7b54240e88a68da0760c422b6.bb.v:4550:8: Timescale missing on this module as other modules have it (IEEE 1800-2023 3.14.2.3)
 4550 | module sky130_fd_sc_hd__maj3_1(X, A, B, C, VPWR, VGND, VPB, VNB);
      |        ^~~~~~~~~~~~~~~~~~~~~~~
                       ../rtl/Memory/memory_map_pck.sv:23:9: ... Location of module with timescale
   23 | package memory_map_pck;
      |         ^~~~~~~~~~~~~~
%Warning-TIMESCALEMOD: /home/tatua7806/arkhe/asic/run/arkhe/tmp/b68cb3e7b54240e88a68da0760c422b6.bb.v:4569:8: Timescale missing on this module as other modules have it (IEEE 1800-2023 3.14.2.3)
 4569 | module sky130_fd_sc_hd__maj3_2(X, A, B, C, VPWR, VGND, VPB, VNB);
      |        ^~~~~~~~~~~~~~~~~~~~~~~
                       ../rtl/Memory/memory_map_pck.sv:23:9: ... Location of module with timescale
   23 | package memory_map_pck;
      |         ^~~~~~~~~~~~~~
%Warning-TIMESCALEMOD: /home/tatua7806/arkhe/asic/run/arkhe/tmp/b68cb3e7b54240e88a68da0760c422b6.bb.v:4588:8: Timescale missing on this module as other modules have it (IEEE 1800-2023 3.14.2.3)
 4588 | module sky130_fd_sc_hd__maj3_4(X, A, B, C, VPWR, VGND, VPB, VNB);
      |        ^~~~~~~~~~~~~~~~~~~~~~~
                       ../rtl/Memory/memory_map_pck.sv:23:9: ... Location of module with timescale
   23 | package memory_map_pck;
      |         ^~~~~~~~~~~~~~
%Warning-TIMESCALEMOD: /home/tatua7806/arkhe/asic/run/arkhe/tmp/b68cb3e7b54240e88a68da0760c422b6.bb.v:4607:8: Timescale missing on this module as other modules have it (IEEE 1800-2023 3.14.2.3)
 4607 | module sky130_fd_sc_hd__mux2_1(X, A0, A1, S, VPWR, VGND, VPB, VNB);
      |        ^~~~~~~~~~~~~~~~~~~~~~~
                       ../rtl/Memory/memory_map_pck.sv:23:9: ... Location of module with timescale
   23 | package memory_map_pck;
      |         ^~~~~~~~~~~~~~
%Warning-TIMESCALEMOD: /home/tatua7806/arkhe/asic/run/arkhe/tmp/b68cb3e7b54240e88a68da0760c422b6.bb.v:4626:8: Timescale missing on this module as other modules have it (IEEE 1800-2023 3.14.2.3)
 4626 | module sky130_fd_sc_hd__mux2_2(X, A0, A1, S, VPWR, VGND, VPB, VNB);
      |        ^~~~~~~~~~~~~~~~~~~~~~~
                       ../rtl/Memory/memory_map_pck.sv:23:9: ... Location of module with timescale
   23 | package memory_map_pck;
      |         ^~~~~~~~~~~~~~
%Warning-TIMESCALEMOD: /home/tatua7806/arkhe/asic/run/arkhe/tmp/b68cb3e7b54240e88a68da0760c422b6.bb.v:4645:8: Timescale missing on this module as other modules have it (IEEE 1800-2023 3.14.2.3)
 4645 | module sky130_fd_sc_hd__mux2_4(X, A0, A1, S, VPWR, VGND, VPB, VNB);
      |        ^~~~~~~~~~~~~~~~~~~~~~~
                       ../rtl/Memory/memory_map_pck.sv:23:9: ... Location of module with timescale
   23 | package memory_map_pck;
      |         ^~~~~~~~~~~~~~
%Warning-TIMESCALEMOD: /home/tatua7806/arkhe/asic/run/arkhe/tmp/b68cb3e7b54240e88a68da0760c422b6.bb.v:4664:8: Timescale missing on this module as other modules have it (IEEE 1800-2023 3.14.2.3)
 4664 | module sky130_fd_sc_hd__mux2_8(X, A0, A1, S, VPWR, VGND, VPB, VNB);
      |        ^~~~~~~~~~~~~~~~~~~~~~~
                       ../rtl/Memory/memory_map_pck.sv:23:9: ... Location of module with timescale
   23 | package memory_map_pck;
      |         ^~~~~~~~~~~~~~
%Warning-TIMESCALEMOD: /home/tatua7806/arkhe/asic/run/arkhe/tmp/b68cb3e7b54240e88a68da0760c422b6.bb.v:4683:8: Timescale missing on this module as other modules have it (IEEE 1800-2023 3.14.2.3)
 4683 | module sky130_fd_sc_hd__mux2i_1(Y, A0, A1, S, VPWR, VGND, VPB, VNB);
      |        ^~~~~~~~~~~~~~~~~~~~~~~~
                       ../rtl/Memory/memory_map_pck.sv:23:9: ... Location of module with timescale
   23 | package memory_map_pck;
      |         ^~~~~~~~~~~~~~
%Warning-TIMESCALEMOD: /home/tatua7806/arkhe/asic/run/arkhe/tmp/b68cb3e7b54240e88a68da0760c422b6.bb.v:4702:8: Timescale missing on this module as other modules have it (IEEE 1800-2023 3.14.2.3)
 4702 | module sky130_fd_sc_hd__mux2i_2(Y, A0, A1, S, VPWR, VGND, VPB, VNB);
      |        ^~~~~~~~~~~~~~~~~~~~~~~~
                       ../rtl/Memory/memory_map_pck.sv:23:9: ... Location of module with timescale
   23 | package memory_map_pck;
      |         ^~~~~~~~~~~~~~
%Warning-TIMESCALEMOD: /home/tatua7806/arkhe/asic/run/arkhe/tmp/b68cb3e7b54240e88a68da0760c422b6.bb.v:4721:8: Timescale missing on this module as other modules have it (IEEE 1800-2023 3.14.2.3)
 4721 | module sky130_fd_sc_hd__mux2i_4(Y, A0, A1, S, VPWR, VGND, VPB, VNB);
      |        ^~~~~~~~~~~~~~~~~~~~~~~~
                       ../rtl/Memory/memory_map_pck.sv:23:9: ... Location of module with timescale
   23 | package memory_map_pck;
      |         ^~~~~~~~~~~~~~
%Warning-TIMESCALEMOD: /home/tatua7806/arkhe/asic/run/arkhe/tmp/b68cb3e7b54240e88a68da0760c422b6.bb.v:4740:8: Timescale missing on this module as other modules have it (IEEE 1800-2023 3.14.2.3)
 4740 | module sky130_fd_sc_hd__mux4_1(X, A0, A1, A2, A3, S0, S1, VPWR, VGND, VPB, VNB);
      |        ^~~~~~~~~~~~~~~~~~~~~~~
                       ../rtl/Memory/memory_map_pck.sv:23:9: ... Location of module with timescale
   23 | package memory_map_pck;
      |         ^~~~~~~~~~~~~~
%Warning-TIMESCALEMOD: /home/tatua7806/arkhe/asic/run/arkhe/tmp/b68cb3e7b54240e88a68da0760c422b6.bb.v:4765:8: Timescale missing on this module as other modules have it (IEEE 1800-2023 3.14.2.3)
 4765 | module sky130_fd_sc_hd__mux4_2(X, A0, A1, A2, A3, S0, S1, VPWR, VGND, VPB, VNB);
      |        ^~~~~~~~~~~~~~~~~~~~~~~
                       ../rtl/Memory/memory_map_pck.sv:23:9: ... Location of module with timescale
   23 | package memory_map_pck;
      |         ^~~~~~~~~~~~~~
%Warning-TIMESCALEMOD: /home/tatua7806/arkhe/asic/run/arkhe/tmp/b68cb3e7b54240e88a68da0760c422b6.bb.v:4790:8: Timescale missing on this module as other modules have it (IEEE 1800-2023 3.14.2.3)
 4790 | module sky130_fd_sc_hd__mux4_4(X, A0, A1, A2, A3, S0, S1, VPWR, VGND, VPB, VNB);
      |        ^~~~~~~~~~~~~~~~~~~~~~~
                       ../rtl/Memory/memory_map_pck.sv:23:9: ... Location of module with timescale
   23 | package memory_map_pck;
      |         ^~~~~~~~~~~~~~
%Warning-TIMESCALEMOD: /home/tatua7806/arkhe/asic/run/arkhe/tmp/b68cb3e7b54240e88a68da0760c422b6.bb.v:4815:8: Timescale missing on this module as other modules have it (IEEE 1800-2023 3.14.2.3)
 4815 | module sky130_fd_sc_hd__nand2_1(Y, A, B, VPWR, VGND, VPB, VNB);
      |        ^~~~~~~~~~~~~~~~~~~~~~~~
                       ../rtl/Memory/memory_map_pck.sv:23:9: ... Location of module with timescale
   23 | package memory_map_pck;
      |         ^~~~~~~~~~~~~~
%Warning-TIMESCALEMOD: /home/tatua7806/arkhe/asic/run/arkhe/tmp/b68cb3e7b54240e88a68da0760c422b6.bb.v:4832:8: Timescale missing on this module as other modules have it (IEEE 1800-2023 3.14.2.3)
 4832 | module sky130_fd_sc_hd__nand2_2(Y, A, B, VPWR, VGND, VPB, VNB);
      |        ^~~~~~~~~~~~~~~~~~~~~~~~
                       ../rtl/Memory/memory_map_pck.sv:23:9: ... Location of module with timescale
   23 | package memory_map_pck;
      |         ^~~~~~~~~~~~~~
%Warning-TIMESCALEMOD: /home/tatua7806/arkhe/asic/run/arkhe/tmp/b68cb3e7b54240e88a68da0760c422b6.bb.v:4849:8: Timescale missing on this module as other modules have it (IEEE 1800-2023 3.14.2.3)
 4849 | module sky130_fd_sc_hd__nand2_4(Y, A, B, VPWR, VGND, VPB, VNB);
      |        ^~~~~~~~~~~~~~~~~~~~~~~~
                       ../rtl/Memory/memory_map_pck.sv:23:9: ... Location of module with timescale
   23 | package memory_map_pck;
      |         ^~~~~~~~~~~~~~
%Warning-TIMESCALEMOD: /home/tatua7806/arkhe/asic/run/arkhe/tmp/b68cb3e7b54240e88a68da0760c422b6.bb.v:4866:8: Timescale missing on this module as other modules have it (IEEE 1800-2023 3.14.2.3)
 4866 | module sky130_fd_sc_hd__nand2_8(Y, A, B, VPWR, VGND, VPB, VNB);
      |        ^~~~~~~~~~~~~~~~~~~~~~~~
                       ../rtl/Memory/memory_map_pck.sv:23:9: ... Location of module with timescale
   23 | package memory_map_pck;
      |         ^~~~~~~~~~~~~~
%Warning-TIMESCALEMOD: /home/tatua7806/arkhe/asic/run/arkhe/tmp/b68cb3e7b54240e88a68da0760c422b6.bb.v:4883:8: Timescale missing on this module as other modules have it (IEEE 1800-2023 3.14.2.3)
 4883 | module sky130_fd_sc_hd__nand2b_1(Y, A_N, B, VPWR, VGND, VPB, VNB);
      |        ^~~~~~~~~~~~~~~~~~~~~~~~~
                       ../rtl/Memory/memory_map_pck.sv:23:9: ... Location of module with timescale
   23 | package memory_map_pck;
      |         ^~~~~~~~~~~~~~
%Warning-TIMESCALEMOD: /home/tatua7806/arkhe/asic/run/arkhe/tmp/b68cb3e7b54240e88a68da0760c422b6.bb.v:4900:8: Timescale missing on this module as other modules have it (IEEE 1800-2023 3.14.2.3)
 4900 | module sky130_fd_sc_hd__nand2b_2(Y, A_N, B, VPWR, VGND, VPB, VNB);
      |        ^~~~~~~~~~~~~~~~~~~~~~~~~
                       ../rtl/Memory/memory_map_pck.sv:23:9: ... Location of module with timescale
   23 | package memory_map_pck;
      |         ^~~~~~~~~~~~~~
%Warning-TIMESCALEMOD: /home/tatua7806/arkhe/asic/run/arkhe/tmp/b68cb3e7b54240e88a68da0760c422b6.bb.v:4917:8: Timescale missing on this module as other modules have it (IEEE 1800-2023 3.14.2.3)
 4917 | module sky130_fd_sc_hd__nand2b_4(Y, A_N, B, VPWR, VGND, VPB, VNB);
      |        ^~~~~~~~~~~~~~~~~~~~~~~~~
                       ../rtl/Memory/memory_map_pck.sv:23:9: ... Location of module with timescale
   23 | package memory_map_pck;
      |         ^~~~~~~~~~~~~~
%Warning-TIMESCALEMOD: /home/tatua7806/arkhe/asic/run/arkhe/tmp/b68cb3e7b54240e88a68da0760c422b6.bb.v:4934:8: Timescale missing on this module as other modules have it (IEEE 1800-2023 3.14.2.3)
 4934 | module sky130_fd_sc_hd__nand3_1(Y, A, B, C, VPWR, VGND, VPB, VNB);
      |        ^~~~~~~~~~~~~~~~~~~~~~~~
                       ../rtl/Memory/memory_map_pck.sv:23:9: ... Location of module with timescale
   23 | package memory_map_pck;
      |         ^~~~~~~~~~~~~~
%Warning-TIMESCALEMOD: /home/tatua7806/arkhe/asic/run/arkhe/tmp/b68cb3e7b54240e88a68da0760c422b6.bb.v:4953:8: Timescale missing on this module as other modules have it (IEEE 1800-2023 3.14.2.3)
 4953 | module sky130_fd_sc_hd__nand3_2(Y, A, B, C, VPWR, VGND, VPB, VNB);
      |        ^~~~~~~~~~~~~~~~~~~~~~~~
                       ../rtl/Memory/memory_map_pck.sv:23:9: ... Location of module with timescale
   23 | package memory_map_pck;
      |         ^~~~~~~~~~~~~~
%Warning-TIMESCALEMOD: /home/tatua7806/arkhe/asic/run/arkhe/tmp/b68cb3e7b54240e88a68da0760c422b6.bb.v:4972:8: Timescale missing on this module as other modules have it (IEEE 1800-2023 3.14.2.3)
 4972 | module sky130_fd_sc_hd__nand3_4(Y, A, B, C, VPWR, VGND, VPB, VNB);
      |        ^~~~~~~~~~~~~~~~~~~~~~~~
                       ../rtl/Memory/memory_map_pck.sv:23:9: ... Location of module with timescale
   23 | package memory_map_pck;
      |         ^~~~~~~~~~~~~~
%Warning-TIMESCALEMOD: /home/tatua7806/arkhe/asic/run/arkhe/tmp/b68cb3e7b54240e88a68da0760c422b6.bb.v:4991:8: Timescale missing on this module as other modules have it (IEEE 1800-2023 3.14.2.3)
 4991 | module sky130_fd_sc_hd__nand3b_1(Y, A_N, B, C, VPWR, VGND, VPB, VNB);
      |        ^~~~~~~~~~~~~~~~~~~~~~~~~
                       ../rtl/Memory/memory_map_pck.sv:23:9: ... Location of module with timescale
   23 | package memory_map_pck;
      |         ^~~~~~~~~~~~~~
%Warning-TIMESCALEMOD: /home/tatua7806/arkhe/asic/run/arkhe/tmp/b68cb3e7b54240e88a68da0760c422b6.bb.v:5010:8: Timescale missing on this module as other modules have it (IEEE 1800-2023 3.14.2.3)
 5010 | module sky130_fd_sc_hd__nand3b_2(Y, A_N, B, C, VPWR, VGND, VPB, VNB);
      |        ^~~~~~~~~~~~~~~~~~~~~~~~~
                       ../rtl/Memory/memory_map_pck.sv:23:9: ... Location of module with timescale
   23 | package memory_map_pck;
      |         ^~~~~~~~~~~~~~
%Warning-TIMESCALEMOD: /home/tatua7806/arkhe/asic/run/arkhe/tmp/b68cb3e7b54240e88a68da0760c422b6.bb.v:5029:8: Timescale missing on this module as other modules have it (IEEE 1800-2023 3.14.2.3)
 5029 | module sky130_fd_sc_hd__nand3b_4(Y, A_N, B, C, VPWR, VGND, VPB, VNB);
      |        ^~~~~~~~~~~~~~~~~~~~~~~~~
                       ../rtl/Memory/memory_map_pck.sv:23:9: ... Location of module with timescale
   23 | package memory_map_pck;
      |         ^~~~~~~~~~~~~~
%Warning-TIMESCALEMOD: /home/tatua7806/arkhe/asic/run/arkhe/tmp/b68cb3e7b54240e88a68da0760c422b6.bb.v:5048:8: Timescale missing on this module as other modules have it (IEEE 1800-2023 3.14.2.3)
 5048 | module sky130_fd_sc_hd__nand4_1(Y, A, B, C, D, VPWR, VGND, VPB, VNB);
      |        ^~~~~~~~~~~~~~~~~~~~~~~~
                       ../rtl/Memory/memory_map_pck.sv:23:9: ... Location of module with timescale
   23 | package memory_map_pck;
      |         ^~~~~~~~~~~~~~
%Warning-TIMESCALEMOD: /home/tatua7806/arkhe/asic/run/arkhe/tmp/b68cb3e7b54240e88a68da0760c422b6.bb.v:5069:8: Timescale missing on this module as other modules have it (IEEE 1800-2023 3.14.2.3)
 5069 | module sky130_fd_sc_hd__nand4_2(Y, A, B, C, D, VPWR, VGND, VPB, VNB);
      |        ^~~~~~~~~~~~~~~~~~~~~~~~
                       ../rtl/Memory/memory_map_pck.sv:23:9: ... Location of module with timescale
   23 | package memory_map_pck;
      |         ^~~~~~~~~~~~~~
%Warning-TIMESCALEMOD: /home/tatua7806/arkhe/asic/run/arkhe/tmp/b68cb3e7b54240e88a68da0760c422b6.bb.v:5090:8: Timescale missing on this module as other modules have it (IEEE 1800-2023 3.14.2.3)
 5090 | module sky130_fd_sc_hd__nand4_4(Y, A, B, C, D, VPWR, VGND, VPB, VNB);
      |        ^~~~~~~~~~~~~~~~~~~~~~~~
                       ../rtl/Memory/memory_map_pck.sv:23:9: ... Location of module with timescale
   23 | package memory_map_pck;
      |         ^~~~~~~~~~~~~~
%Warning-TIMESCALEMOD: /home/tatua7806/arkhe/asic/run/arkhe/tmp/b68cb3e7b54240e88a68da0760c422b6.bb.v:5111:8: Timescale missing on this module as other modules have it (IEEE 1800-2023 3.14.2.3)
 5111 | module sky130_fd_sc_hd__nand4b_1(Y, A_N, B, C, D, VPWR, VGND, VPB, VNB);
      |        ^~~~~~~~~~~~~~~~~~~~~~~~~
                       ../rtl/Memory/memory_map_pck.sv:23:9: ... Location of module with timescale
   23 | package memory_map_pck;
      |         ^~~~~~~~~~~~~~
%Warning-TIMESCALEMOD: /home/tatua7806/arkhe/asic/run/arkhe/tmp/b68cb3e7b54240e88a68da0760c422b6.bb.v:5132:8: Timescale missing on this module as other modules have it (IEEE 1800-2023 3.14.2.3)
 5132 | module sky130_fd_sc_hd__nand4b_2(Y, A_N, B, C, D, VPWR, VGND, VPB, VNB);
      |        ^~~~~~~~~~~~~~~~~~~~~~~~~
                       ../rtl/Memory/memory_map_pck.sv:23:9: ... Location of module with timescale
   23 | package memory_map_pck;
      |         ^~~~~~~~~~~~~~
%Warning-TIMESCALEMOD: /home/tatua7806/arkhe/asic/run/arkhe/tmp/b68cb3e7b54240e88a68da0760c422b6.bb.v:5153:8: Timescale missing on this module as other modules have it (IEEE 1800-2023 3.14.2.3)
 5153 | module sky130_fd_sc_hd__nand4b_4(Y, A_N, B, C, D, VPWR, VGND, VPB, VNB);
      |        ^~~~~~~~~~~~~~~~~~~~~~~~~
                       ../rtl/Memory/memory_map_pck.sv:23:9: ... Location of module with timescale
   23 | package memory_map_pck;
      |         ^~~~~~~~~~~~~~
%Warning-TIMESCALEMOD: /home/tatua7806/arkhe/asic/run/arkhe/tmp/b68cb3e7b54240e88a68da0760c422b6.bb.v:5174:8: Timescale missing on this module as other modules have it (IEEE 1800-2023 3.14.2.3)
 5174 | module sky130_fd_sc_hd__nand4bb_1(Y, A_N, B_N, C, D, VPWR, VGND, VPB, VNB);
      |        ^~~~~~~~~~~~~~~~~~~~~~~~~~
                       ../rtl/Memory/memory_map_pck.sv:23:9: ... Location of module with timescale
   23 | package memory_map_pck;
      |         ^~~~~~~~~~~~~~
%Warning-TIMESCALEMOD: /home/tatua7806/arkhe/asic/run/arkhe/tmp/b68cb3e7b54240e88a68da0760c422b6.bb.v:5195:8: Timescale missing on this module as other modules have it (IEEE 1800-2023 3.14.2.3)
 5195 | module sky130_fd_sc_hd__nand4bb_2(Y, A_N, B_N, C, D, VPWR, VGND, VPB, VNB);
      |        ^~~~~~~~~~~~~~~~~~~~~~~~~~
                       ../rtl/Memory/memory_map_pck.sv:23:9: ... Location of module with timescale
   23 | package memory_map_pck;
      |         ^~~~~~~~~~~~~~
%Warning-TIMESCALEMOD: /home/tatua7806/arkhe/asic/run/arkhe/tmp/b68cb3e7b54240e88a68da0760c422b6.bb.v:5216:8: Timescale missing on this module as other modules have it (IEEE 1800-2023 3.14.2.3)
 5216 | module sky130_fd_sc_hd__nand4bb_4(Y, A_N, B_N, C, D, VPWR, VGND, VPB, VNB);
      |        ^~~~~~~~~~~~~~~~~~~~~~~~~~
                       ../rtl/Memory/memory_map_pck.sv:23:9: ... Location of module with timescale
   23 | package memory_map_pck;
      |         ^~~~~~~~~~~~~~
%Warning-TIMESCALEMOD: /home/tatua7806/arkhe/asic/run/arkhe/tmp/b68cb3e7b54240e88a68da0760c422b6.bb.v:5237:8: Timescale missing on this module as other modules have it (IEEE 1800-2023 3.14.2.3)
 5237 | module sky130_fd_sc_hd__nor2_1(Y, A, B, VPWR, VGND, VPB, VNB);
      |        ^~~~~~~~~~~~~~~~~~~~~~~
                       ../rtl/Memory/memory_map_pck.sv:23:9: ... Location of module with timescale
   23 | package memory_map_pck;
      |         ^~~~~~~~~~~~~~
%Warning-TIMESCALEMOD: /home/tatua7806/arkhe/asic/run/arkhe/tmp/b68cb3e7b54240e88a68da0760c422b6.bb.v:5254:8: Timescale missing on this module as other modules have it (IEEE 1800-2023 3.14.2.3)
 5254 | module sky130_fd_sc_hd__nor2_2(Y, A, B, VPWR, VGND, VPB, VNB);
      |        ^~~~~~~~~~~~~~~~~~~~~~~
                       ../rtl/Memory/memory_map_pck.sv:23:9: ... Location of module with timescale
   23 | package memory_map_pck;
      |         ^~~~~~~~~~~~~~
%Warning-TIMESCALEMOD: /home/tatua7806/arkhe/asic/run/arkhe/tmp/b68cb3e7b54240e88a68da0760c422b6.bb.v:5271:8: Timescale missing on this module as other modules have it (IEEE 1800-2023 3.14.2.3)
 5271 | module sky130_fd_sc_hd__nor2_4(Y, A, B, VPWR, VGND, VPB, VNB);
      |        ^~~~~~~~~~~~~~~~~~~~~~~
                       ../rtl/Memory/memory_map_pck.sv:23:9: ... Location of module with timescale
   23 | package memory_map_pck;
      |         ^~~~~~~~~~~~~~
%Warning-TIMESCALEMOD: /home/tatua7806/arkhe/asic/run/arkhe/tmp/b68cb3e7b54240e88a68da0760c422b6.bb.v:5288:8: Timescale missing on this module as other modules have it (IEEE 1800-2023 3.14.2.3)
 5288 | module sky130_fd_sc_hd__nor2_8(Y, A, B, VPWR, VGND, VPB, VNB);
      |        ^~~~~~~~~~~~~~~~~~~~~~~
                       ../rtl/Memory/memory_map_pck.sv:23:9: ... Location of module with timescale
   23 | package memory_map_pck;
      |         ^~~~~~~~~~~~~~
%Warning-TIMESCALEMOD: /home/tatua7806/arkhe/asic/run/arkhe/tmp/b68cb3e7b54240e88a68da0760c422b6.bb.v:5305:8: Timescale missing on this module as other modules have it (IEEE 1800-2023 3.14.2.3)
 5305 | module sky130_fd_sc_hd__nor2b_1(Y, A, B_N, VPWR, VGND, VPB, VNB);
      |        ^~~~~~~~~~~~~~~~~~~~~~~~
                       ../rtl/Memory/memory_map_pck.sv:23:9: ... Location of module with timescale
   23 | package memory_map_pck;
      |         ^~~~~~~~~~~~~~
%Warning-TIMESCALEMOD: /home/tatua7806/arkhe/asic/run/arkhe/tmp/b68cb3e7b54240e88a68da0760c422b6.bb.v:5322:8: Timescale missing on this module as other modules have it (IEEE 1800-2023 3.14.2.3)
 5322 | module sky130_fd_sc_hd__nor2b_2(Y, A, B_N, VPWR, VGND, VPB, VNB);
      |        ^~~~~~~~~~~~~~~~~~~~~~~~
                       ../rtl/Memory/memory_map_pck.sv:23:9: ... Location of module with timescale
   23 | package memory_map_pck;
      |         ^~~~~~~~~~~~~~
%Warning-TIMESCALEMOD: /home/tatua7806/arkhe/asic/run/arkhe/tmp/b68cb3e7b54240e88a68da0760c422b6.bb.v:5339:8: Timescale missing on this module as other modules have it (IEEE 1800-2023 3.14.2.3)
 5339 | module sky130_fd_sc_hd__nor2b_4(Y, A, B_N, VPWR, VGND, VPB, VNB);
      |        ^~~~~~~~~~~~~~~~~~~~~~~~
                       ../rtl/Memory/memory_map_pck.sv:23:9: ... Location of module with timescale
   23 | package memory_map_pck;
      |         ^~~~~~~~~~~~~~
%Warning-TIMESCALEMOD: /home/tatua7806/arkhe/asic/run/arkhe/tmp/b68cb3e7b54240e88a68da0760c422b6.bb.v:5356:8: Timescale missing on this module as other modules have it (IEEE 1800-2023 3.14.2.3)
 5356 | module sky130_fd_sc_hd__nor3_1(Y, A, B, C, VPWR, VGND, VPB, VNB);
      |        ^~~~~~~~~~~~~~~~~~~~~~~
                       ../rtl/Memory/memory_map_pck.sv:23:9: ... Location of module with timescale
   23 | package memory_map_pck;
      |         ^~~~~~~~~~~~~~
%Warning-TIMESCALEMOD: /home/tatua7806/arkhe/asic/run/arkhe/tmp/b68cb3e7b54240e88a68da0760c422b6.bb.v:5375:8: Timescale missing on this module as other modules have it (IEEE 1800-2023 3.14.2.3)
 5375 | module sky130_fd_sc_hd__nor3_2(Y, A, B, C, VPWR, VGND, VPB, VNB);
      |        ^~~~~~~~~~~~~~~~~~~~~~~
                       ../rtl/Memory/memory_map_pck.sv:23:9: ... Location of module with timescale
   23 | package memory_map_pck;
      |         ^~~~~~~~~~~~~~
%Warning-TIMESCALEMOD: /home/tatua7806/arkhe/asic/run/arkhe/tmp/b68cb3e7b54240e88a68da0760c422b6.bb.v:5394:8: Timescale missing on this module as other modules have it (IEEE 1800-2023 3.14.2.3)
 5394 | module sky130_fd_sc_hd__nor3_4(Y, A, B, C, VPWR, VGND, VPB, VNB);
      |        ^~~~~~~~~~~~~~~~~~~~~~~
                       ../rtl/Memory/memory_map_pck.sv:23:9: ... Location of module with timescale
   23 | package memory_map_pck;
      |         ^~~~~~~~~~~~~~
%Warning-TIMESCALEMOD: /home/tatua7806/arkhe/asic/run/arkhe/tmp/b68cb3e7b54240e88a68da0760c422b6.bb.v:5413:8: Timescale missing on this module as other modules have it (IEEE 1800-2023 3.14.2.3)
 5413 | module sky130_fd_sc_hd__nor3b_1(Y, A, B, C_N, VPWR, VGND, VPB, VNB);
      |        ^~~~~~~~~~~~~~~~~~~~~~~~
                       ../rtl/Memory/memory_map_pck.sv:23:9: ... Location of module with timescale
   23 | package memory_map_pck;
      |         ^~~~~~~~~~~~~~
%Warning-TIMESCALEMOD: /home/tatua7806/arkhe/asic/run/arkhe/tmp/b68cb3e7b54240e88a68da0760c422b6.bb.v:5432:8: Timescale missing on this module as other modules have it (IEEE 1800-2023 3.14.2.3)
 5432 | module sky130_fd_sc_hd__nor3b_2(Y, A, B, C_N, VPWR, VGND, VPB, VNB);
      |        ^~~~~~~~~~~~~~~~~~~~~~~~
                       ../rtl/Memory/memory_map_pck.sv:23:9: ... Location of module with timescale
   23 | package memory_map_pck;
      |         ^~~~~~~~~~~~~~
%Warning-TIMESCALEMOD: /home/tatua7806/arkhe/asic/run/arkhe/tmp/b68cb3e7b54240e88a68da0760c422b6.bb.v:5451:8: Timescale missing on this module as other modules have it (IEEE 1800-2023 3.14.2.3)
 5451 | module sky130_fd_sc_hd__nor3b_4(Y, A, B, C_N, VPWR, VGND, VPB, VNB);
      |        ^~~~~~~~~~~~~~~~~~~~~~~~
                       ../rtl/Memory/memory_map_pck.sv:23:9: ... Location of module with timescale
   23 | package memory_map_pck;
      |         ^~~~~~~~~~~~~~
%Warning-TIMESCALEMOD: /home/tatua7806/arkhe/asic/run/arkhe/tmp/b68cb3e7b54240e88a68da0760c422b6.bb.v:5470:8: Timescale missing on this module as other modules have it (IEEE 1800-2023 3.14.2.3)
 5470 | module sky130_fd_sc_hd__nor4_1(Y, A, B, C, D, VPWR, VGND, VPB, VNB);
      |        ^~~~~~~~~~~~~~~~~~~~~~~
                       ../rtl/Memory/memory_map_pck.sv:23:9: ... Location of module with timescale
   23 | package memory_map_pck;
      |         ^~~~~~~~~~~~~~
%Warning-TIMESCALEMOD: /home/tatua7806/arkhe/asic/run/arkhe/tmp/b68cb3e7b54240e88a68da0760c422b6.bb.v:5491:8: Timescale missing on this module as other modules have it (IEEE 1800-2023 3.14.2.3)
 5491 | module sky130_fd_sc_hd__nor4_2(Y, A, B, C, D, VPWR, VGND, VPB, VNB);
      |        ^~~~~~~~~~~~~~~~~~~~~~~
                       ../rtl/Memory/memory_map_pck.sv:23:9: ... Location of module with timescale
   23 | package memory_map_pck;
      |         ^~~~~~~~~~~~~~
%Warning-TIMESCALEMOD: /home/tatua7806/arkhe/asic/run/arkhe/tmp/b68cb3e7b54240e88a68da0760c422b6.bb.v:5512:8: Timescale missing on this module as other modules have it (IEEE 1800-2023 3.14.2.3)
 5512 | module sky130_fd_sc_hd__nor4_4(Y, A, B, C, D, VPWR, VGND, VPB, VNB);
      |        ^~~~~~~~~~~~~~~~~~~~~~~
                       ../rtl/Memory/memory_map_pck.sv:23:9: ... Location of module with timescale
   23 | package memory_map_pck;
      |         ^~~~~~~~~~~~~~
%Warning-TIMESCALEMOD: /home/tatua7806/arkhe/asic/run/arkhe/tmp/b68cb3e7b54240e88a68da0760c422b6.bb.v:5533:8: Timescale missing on this module as other modules have it (IEEE 1800-2023 3.14.2.3)
 5533 | module sky130_fd_sc_hd__nor4b_1(Y, A, B, C, D_N, VPWR, VGND, VPB, VNB);
      |        ^~~~~~~~~~~~~~~~~~~~~~~~
                       ../rtl/Memory/memory_map_pck.sv:23:9: ... Location of module with timescale
   23 | package memory_map_pck;
      |         ^~~~~~~~~~~~~~
%Warning-TIMESCALEMOD: /home/tatua7806/arkhe/asic/run/arkhe/tmp/b68cb3e7b54240e88a68da0760c422b6.bb.v:5554:8: Timescale missing on this module as other modules have it (IEEE 1800-2023 3.14.2.3)
 5554 | module sky130_fd_sc_hd__nor4b_2(Y, A, B, C, D_N, VPWR, VGND, VPB, VNB);
      |        ^~~~~~~~~~~~~~~~~~~~~~~~
                       ../rtl/Memory/memory_map_pck.sv:23:9: ... Location of module with timescale
   23 | package memory_map_pck;
      |         ^~~~~~~~~~~~~~
%Warning-TIMESCALEMOD: /home/tatua7806/arkhe/asic/run/arkhe/tmp/b68cb3e7b54240e88a68da0760c422b6.bb.v:5575:8: Timescale missing on this module as other modules have it (IEEE 1800-2023 3.14.2.3)
 5575 | module sky130_fd_sc_hd__nor4b_4(Y, A, B, C, D_N, VPWR, VGND, VPB, VNB);
      |        ^~~~~~~~~~~~~~~~~~~~~~~~
                       ../rtl/Memory/memory_map_pck.sv:23:9: ... Location of module with timescale
   23 | package memory_map_pck;
      |         ^~~~~~~~~~~~~~
%Warning-TIMESCALEMOD: /home/tatua7806/arkhe/asic/run/arkhe/tmp/b68cb3e7b54240e88a68da0760c422b6.bb.v:5596:8: Timescale missing on this module as other modules have it (IEEE 1800-2023 3.14.2.3)
 5596 | module sky130_fd_sc_hd__nor4bb_1(Y, A, B, C_N, D_N, VPWR, VGND, VPB, VNB);
      |        ^~~~~~~~~~~~~~~~~~~~~~~~~
                       ../rtl/Memory/memory_map_pck.sv:23:9: ... Location of module with timescale
   23 | package memory_map_pck;
      |         ^~~~~~~~~~~~~~
%Warning-TIMESCALEMOD: /home/tatua7806/arkhe/asic/run/arkhe/tmp/b68cb3e7b54240e88a68da0760c422b6.bb.v:5617:8: Timescale missing on this module as other modules have it (IEEE 1800-2023 3.14.2.3)
 5617 | module sky130_fd_sc_hd__nor4bb_2(Y, A, B, C_N, D_N, VPWR, VGND, VPB, VNB);
      |        ^~~~~~~~~~~~~~~~~~~~~~~~~
                       ../rtl/Memory/memory_map_pck.sv:23:9: ... Location of module with timescale
   23 | package memory_map_pck;
      |         ^~~~~~~~~~~~~~
%Warning-TIMESCALEMOD: /home/tatua7806/arkhe/asic/run/arkhe/tmp/b68cb3e7b54240e88a68da0760c422b6.bb.v:5638:8: Timescale missing on this module as other modules have it (IEEE 1800-2023 3.14.2.3)
 5638 | module sky130_fd_sc_hd__nor4bb_4(Y, A, B, C_N, D_N, VPWR, VGND, VPB, VNB);
      |        ^~~~~~~~~~~~~~~~~~~~~~~~~
                       ../rtl/Memory/memory_map_pck.sv:23:9: ... Location of module with timescale
   23 | package memory_map_pck;
      |         ^~~~~~~~~~~~~~
%Warning-TIMESCALEMOD: /home/tatua7806/arkhe/asic/run/arkhe/tmp/b68cb3e7b54240e88a68da0760c422b6.bb.v:5659:8: Timescale missing on this module as other modules have it (IEEE 1800-2023 3.14.2.3)
 5659 | module sky130_fd_sc_hd__o2111a_1(X, A1, A2, B1, C1, D1, VPWR, VGND, VPB, VNB);
      |        ^~~~~~~~~~~~~~~~~~~~~~~~~
                       ../rtl/Memory/memory_map_pck.sv:23:9: ... Location of module with timescale
   23 | package memory_map_pck;
      |         ^~~~~~~~~~~~~~
%Warning-TIMESCALEMOD: /home/tatua7806/arkhe/asic/run/arkhe/tmp/b68cb3e7b54240e88a68da0760c422b6.bb.v:5682:8: Timescale missing on this module as other modules have it (IEEE 1800-2023 3.14.2.3)
 5682 | module sky130_fd_sc_hd__o2111a_2(X, A1, A2, B1, C1, D1, VPWR, VGND, VPB, VNB);
      |        ^~~~~~~~~~~~~~~~~~~~~~~~~
                       ../rtl/Memory/memory_map_pck.sv:23:9: ... Location of module with timescale
   23 | package memory_map_pck;
      |         ^~~~~~~~~~~~~~
%Warning-TIMESCALEMOD: /home/tatua7806/arkhe/asic/run/arkhe/tmp/b68cb3e7b54240e88a68da0760c422b6.bb.v:5705:8: Timescale missing on this module as other modules have it (IEEE 1800-2023 3.14.2.3)
 5705 | module sky130_fd_sc_hd__o2111a_4(X, A1, A2, B1, C1, D1, VPWR, VGND, VPB, VNB);
      |        ^~~~~~~~~~~~~~~~~~~~~~~~~
                       ../rtl/Memory/memory_map_pck.sv:23:9: ... Location of module with timescale
   23 | package memory_map_pck;
      |         ^~~~~~~~~~~~~~
%Warning-TIMESCALEMOD: /home/tatua7806/arkhe/asic/run/arkhe/tmp/b68cb3e7b54240e88a68da0760c422b6.bb.v:5728:8: Timescale missing on this module as other modules have it (IEEE 1800-2023 3.14.2.3)
 5728 | module sky130_fd_sc_hd__o2111ai_1(Y, A1, A2, B1, C1, D1, VPWR, VGND, VPB, VNB);
      |        ^~~~~~~~~~~~~~~~~~~~~~~~~~
                       ../rtl/Memory/memory_map_pck.sv:23:9: ... Location of module with timescale
   23 | package memory_map_pck;
      |         ^~~~~~~~~~~~~~
%Warning-TIMESCALEMOD: /home/tatua7806/arkhe/asic/run/arkhe/tmp/b68cb3e7b54240e88a68da0760c422b6.bb.v:5751:8: Timescale missing on this module as other modules have it (IEEE 1800-2023 3.14.2.3)
 5751 | module sky130_fd_sc_hd__o2111ai_2(Y, A1, A2, B1, C1, D1, VPWR, VGND, VPB, VNB);
      |        ^~~~~~~~~~~~~~~~~~~~~~~~~~
                       ../rtl/Memory/memory_map_pck.sv:23:9: ... Location of module with timescale
   23 | package memory_map_pck;
      |         ^~~~~~~~~~~~~~
%Warning-TIMESCALEMOD: /home/tatua7806/arkhe/asic/run/arkhe/tmp/b68cb3e7b54240e88a68da0760c422b6.bb.v:5774:8: Timescale missing on this module as other modules have it (IEEE 1800-2023 3.14.2.3)
 5774 | module sky130_fd_sc_hd__o2111ai_4(Y, A1, A2, B1, C1, D1, VPWR, VGND, VPB, VNB);
      |        ^~~~~~~~~~~~~~~~~~~~~~~~~~
                       ../rtl/Memory/memory_map_pck.sv:23:9: ... Location of module with timescale
   23 | package memory_map_pck;
      |         ^~~~~~~~~~~~~~
%Warning-TIMESCALEMOD: /home/tatua7806/arkhe/asic/run/arkhe/tmp/b68cb3e7b54240e88a68da0760c422b6.bb.v:5797:8: Timescale missing on this module as other modules have it (IEEE 1800-2023 3.14.2.3)
 5797 | module sky130_fd_sc_hd__o211a_1(X, A1, A2, B1, C1, VPWR, VGND, VPB, VNB);
      |        ^~~~~~~~~~~~~~~~~~~~~~~~
                       ../rtl/Memory/memory_map_pck.sv:23:9: ... Location of module with timescale
   23 | package memory_map_pck;
      |         ^~~~~~~~~~~~~~
%Warning-TIMESCALEMOD: /home/tatua7806/arkhe/asic/run/arkhe/tmp/b68cb3e7b54240e88a68da0760c422b6.bb.v:5818:8: Timescale missing on this module as other modules have it (IEEE 1800-2023 3.14.2.3)
 5818 | module sky130_fd_sc_hd__o211a_2(X, A1, A2, B1, C1, VPWR, VGND, VPB, VNB);
      |        ^~~~~~~~~~~~~~~~~~~~~~~~
                       ../rtl/Memory/memory_map_pck.sv:23:9: ... Location of module with timescale
   23 | package memory_map_pck;
      |         ^~~~~~~~~~~~~~
%Warning-TIMESCALEMOD: /home/tatua7806/arkhe/asic/run/arkhe/tmp/b68cb3e7b54240e88a68da0760c422b6.bb.v:5839:8: Timescale missing on this module as other modules have it (IEEE 1800-2023 3.14.2.3)
 5839 | module sky130_fd_sc_hd__o211a_4(X, A1, A2, B1, C1, VPWR, VGND, VPB, VNB);
      |        ^~~~~~~~~~~~~~~~~~~~~~~~
                       ../rtl/Memory/memory_map_pck.sv:23:9: ... Location of module with timescale
   23 | package memory_map_pck;
      |         ^~~~~~~~~~~~~~
%Warning-TIMESCALEMOD: /home/tatua7806/arkhe/asic/run/arkhe/tmp/b68cb3e7b54240e88a68da0760c422b6.bb.v:5860:8: Timescale missing on this module as other modules have it (IEEE 1800-2023 3.14.2.3)
 5860 | module sky130_fd_sc_hd__o211ai_1(Y, A1, A2, B1, C1, VPWR, VGND, VPB, VNB);
      |        ^~~~~~~~~~~~~~~~~~~~~~~~~
                       ../rtl/Memory/memory_map_pck.sv:23:9: ... Location of module with timescale
   23 | package memory_map_pck;
      |         ^~~~~~~~~~~~~~
%Warning-TIMESCALEMOD: /home/tatua7806/arkhe/asic/run/arkhe/tmp/b68cb3e7b54240e88a68da0760c422b6.bb.v:5881:8: Timescale missing on this module as other modules have it (IEEE 1800-2023 3.14.2.3)
 5881 | module sky130_fd_sc_hd__o211ai_2(Y, A1, A2, B1, C1, VPWR, VGND, VPB, VNB);
      |        ^~~~~~~~~~~~~~~~~~~~~~~~~
                       ../rtl/Memory/memory_map_pck.sv:23:9: ... Location of module with timescale
   23 | package memory_map_pck;
      |         ^~~~~~~~~~~~~~
%Warning-TIMESCALEMOD: /home/tatua7806/arkhe/asic/run/arkhe/tmp/b68cb3e7b54240e88a68da0760c422b6.bb.v:5902:8: Timescale missing on this module as other modules have it (IEEE 1800-2023 3.14.2.3)
 5902 | module sky130_fd_sc_hd__o211ai_4(Y, A1, A2, B1, C1, VPWR, VGND, VPB, VNB);
      |        ^~~~~~~~~~~~~~~~~~~~~~~~~
                       ../rtl/Memory/memory_map_pck.sv:23:9: ... Location of module with timescale
   23 | package memory_map_pck;
      |         ^~~~~~~~~~~~~~
%Warning-TIMESCALEMOD: /home/tatua7806/arkhe/asic/run/arkhe/tmp/b68cb3e7b54240e88a68da0760c422b6.bb.v:5923:8: Timescale missing on this module as other modules have it (IEEE 1800-2023 3.14.2.3)
 5923 | module sky130_fd_sc_hd__o21a_1(X, A1, A2, B1, VPWR, VGND, VPB, VNB);
      |        ^~~~~~~~~~~~~~~~~~~~~~~
                       ../rtl/Memory/memory_map_pck.sv:23:9: ... Location of module with timescale
   23 | package memory_map_pck;
      |         ^~~~~~~~~~~~~~
%Warning-TIMESCALEMOD: /home/tatua7806/arkhe/asic/run/arkhe/tmp/b68cb3e7b54240e88a68da0760c422b6.bb.v:5942:8: Timescale missing on this module as other modules have it (IEEE 1800-2023 3.14.2.3)
 5942 | module sky130_fd_sc_hd__o21a_2(X, A1, A2, B1, VPWR, VGND, VPB, VNB);
      |        ^~~~~~~~~~~~~~~~~~~~~~~
                       ../rtl/Memory/memory_map_pck.sv:23:9: ... Location of module with timescale
   23 | package memory_map_pck;
      |         ^~~~~~~~~~~~~~
%Warning-TIMESCALEMOD: /home/tatua7806/arkhe/asic/run/arkhe/tmp/b68cb3e7b54240e88a68da0760c422b6.bb.v:5961:8: Timescale missing on this module as other modules have it (IEEE 1800-2023 3.14.2.3)
 5961 | module sky130_fd_sc_hd__o21a_4(X, A1, A2, B1, VPWR, VGND, VPB, VNB);
      |        ^~~~~~~~~~~~~~~~~~~~~~~
                       ../rtl/Memory/memory_map_pck.sv:23:9: ... Location of module with timescale
   23 | package memory_map_pck;
      |         ^~~~~~~~~~~~~~
%Warning-TIMESCALEMOD: /home/tatua7806/arkhe/asic/run/arkhe/tmp/b68cb3e7b54240e88a68da0760c422b6.bb.v:5980:8: Timescale missing on this module as other modules have it (IEEE 1800-2023 3.14.2.3)
 5980 | module sky130_fd_sc_hd__o21ai_0(Y, A1, A2, B1, VPWR, VGND, VPB, VNB);
      |        ^~~~~~~~~~~~~~~~~~~~~~~~
                       ../rtl/Memory/memory_map_pck.sv:23:9: ... Location of module with timescale
   23 | package memory_map_pck;
      |         ^~~~~~~~~~~~~~
%Warning-TIMESCALEMOD: /home/tatua7806/arkhe/asic/run/arkhe/tmp/b68cb3e7b54240e88a68da0760c422b6.bb.v:5999:8: Timescale missing on this module as other modules have it (IEEE 1800-2023 3.14.2.3)
 5999 | module sky130_fd_sc_hd__o21ai_1(Y, A1, A2, B1, VPWR, VGND, VPB, VNB);
      |        ^~~~~~~~~~~~~~~~~~~~~~~~
                       ../rtl/Memory/memory_map_pck.sv:23:9: ... Location of module with timescale
   23 | package memory_map_pck;
      |         ^~~~~~~~~~~~~~
%Warning-TIMESCALEMOD: /home/tatua7806/arkhe/asic/run/arkhe/tmp/b68cb3e7b54240e88a68da0760c422b6.bb.v:6018:8: Timescale missing on this module as other modules have it (IEEE 1800-2023 3.14.2.3)
 6018 | module sky130_fd_sc_hd__o21ai_2(Y, A1, A2, B1, VPWR, VGND, VPB, VNB);
      |        ^~~~~~~~~~~~~~~~~~~~~~~~
                       ../rtl/Memory/memory_map_pck.sv:23:9: ... Location of module with timescale
   23 | package memory_map_pck;
      |         ^~~~~~~~~~~~~~
%Warning-TIMESCALEMOD: /home/tatua7806/arkhe/asic/run/arkhe/tmp/b68cb3e7b54240e88a68da0760c422b6.bb.v:6037:8: Timescale missing on this module as other modules have it (IEEE 1800-2023 3.14.2.3)
 6037 | module sky130_fd_sc_hd__o21ai_4(Y, A1, A2, B1, VPWR, VGND, VPB, VNB);
      |        ^~~~~~~~~~~~~~~~~~~~~~~~
                       ../rtl/Memory/memory_map_pck.sv:23:9: ... Location of module with timescale
   23 | package memory_map_pck;
      |         ^~~~~~~~~~~~~~
%Warning-TIMESCALEMOD: /home/tatua7806/arkhe/asic/run/arkhe/tmp/b68cb3e7b54240e88a68da0760c422b6.bb.v:6056:8: Timescale missing on this module as other modules have it (IEEE 1800-2023 3.14.2.3)
 6056 | module sky130_fd_sc_hd__o21ba_1(X, A1, A2, B1_N, VPWR, VGND, VPB, VNB);
      |        ^~~~~~~~~~~~~~~~~~~~~~~~
                       ../rtl/Memory/memory_map_pck.sv:23:9: ... Location of module with timescale
   23 | package memory_map_pck;
      |         ^~~~~~~~~~~~~~
%Warning-TIMESCALEMOD: /home/tatua7806/arkhe/asic/run/arkhe/tmp/b68cb3e7b54240e88a68da0760c422b6.bb.v:6075:8: Timescale missing on this module as other modules have it (IEEE 1800-2023 3.14.2.3)
 6075 | module sky130_fd_sc_hd__o21ba_2(X, A1, A2, B1_N, VPWR, VGND, VPB, VNB);
      |        ^~~~~~~~~~~~~~~~~~~~~~~~
                       ../rtl/Memory/memory_map_pck.sv:23:9: ... Location of module with timescale
   23 | package memory_map_pck;
      |         ^~~~~~~~~~~~~~
%Warning-TIMESCALEMOD: /home/tatua7806/arkhe/asic/run/arkhe/tmp/b68cb3e7b54240e88a68da0760c422b6.bb.v:6094:8: Timescale missing on this module as other modules have it (IEEE 1800-2023 3.14.2.3)
 6094 | module sky130_fd_sc_hd__o21ba_4(X, A1, A2, B1_N, VPWR, VGND, VPB, VNB);
      |        ^~~~~~~~~~~~~~~~~~~~~~~~
                       ../rtl/Memory/memory_map_pck.sv:23:9: ... Location of module with timescale
   23 | package memory_map_pck;
      |         ^~~~~~~~~~~~~~
%Warning-TIMESCALEMOD: /home/tatua7806/arkhe/asic/run/arkhe/tmp/b68cb3e7b54240e88a68da0760c422b6.bb.v:6113:8: Timescale missing on this module as other modules have it (IEEE 1800-2023 3.14.2.3)
 6113 | module sky130_fd_sc_hd__o21bai_1(Y, A1, A2, B1_N, VPWR, VGND, VPB, VNB);
      |        ^~~~~~~~~~~~~~~~~~~~~~~~~
                       ../rtl/Memory/memory_map_pck.sv:23:9: ... Location of module with timescale
   23 | package memory_map_pck;
      |         ^~~~~~~~~~~~~~
%Warning-TIMESCALEMOD: /home/tatua7806/arkhe/asic/run/arkhe/tmp/b68cb3e7b54240e88a68da0760c422b6.bb.v:6132:8: Timescale missing on this module as other modules have it (IEEE 1800-2023 3.14.2.3)
 6132 | module sky130_fd_sc_hd__o21bai_2(Y, A1, A2, B1_N, VPWR, VGND, VPB, VNB);
      |        ^~~~~~~~~~~~~~~~~~~~~~~~~
                       ../rtl/Memory/memory_map_pck.sv:23:9: ... Location of module with timescale
   23 | package memory_map_pck;
      |         ^~~~~~~~~~~~~~
%Warning-TIMESCALEMOD: /home/tatua7806/arkhe/asic/run/arkhe/tmp/b68cb3e7b54240e88a68da0760c422b6.bb.v:6151:8: Timescale missing on this module as other modules have it (IEEE 1800-2023 3.14.2.3)
 6151 | module sky130_fd_sc_hd__o21bai_4(Y, A1, A2, B1_N, VPWR, VGND, VPB, VNB);
      |        ^~~~~~~~~~~~~~~~~~~~~~~~~
                       ../rtl/Memory/memory_map_pck.sv:23:9: ... Location of module with timescale
   23 | package memory_map_pck;
      |         ^~~~~~~~~~~~~~
%Warning-TIMESCALEMOD: /home/tatua7806/arkhe/asic/run/arkhe/tmp/b68cb3e7b54240e88a68da0760c422b6.bb.v:6170:8: Timescale missing on this module as other modules have it (IEEE 1800-2023 3.14.2.3)
 6170 | module sky130_fd_sc_hd__o221a_1(X, A1, A2, B1, B2, C1, VPWR, VGND, VPB, VNB);
      |        ^~~~~~~~~~~~~~~~~~~~~~~~
                       ../rtl/Memory/memory_map_pck.sv:23:9: ... Location of module with timescale
   23 | package memory_map_pck;
      |         ^~~~~~~~~~~~~~
%Warning-TIMESCALEMOD: /home/tatua7806/arkhe/asic/run/arkhe/tmp/b68cb3e7b54240e88a68da0760c422b6.bb.v:6193:8: Timescale missing on this module as other modules have it (IEEE 1800-2023 3.14.2.3)
 6193 | module sky130_fd_sc_hd__o221a_2(X, A1, A2, B1, B2, C1, VPWR, VGND, VPB, VNB);
      |        ^~~~~~~~~~~~~~~~~~~~~~~~
                       ../rtl/Memory/memory_map_pck.sv:23:9: ... Location of module with timescale
   23 | package memory_map_pck;
      |         ^~~~~~~~~~~~~~
%Warning-TIMESCALEMOD: /home/tatua7806/arkhe/asic/run/arkhe/tmp/b68cb3e7b54240e88a68da0760c422b6.bb.v:6216:8: Timescale missing on this module as other modules have it (IEEE 1800-2023 3.14.2.3)
 6216 | module sky130_fd_sc_hd__o221a_4(X, A1, A2, B1, B2, C1, VPWR, VGND, VPB, VNB);
      |        ^~~~~~~~~~~~~~~~~~~~~~~~
                       ../rtl/Memory/memory_map_pck.sv:23:9: ... Location of module with timescale
   23 | package memory_map_pck;
      |         ^~~~~~~~~~~~~~
%Warning-TIMESCALEMOD: /home/tatua7806/arkhe/asic/run/arkhe/tmp/b68cb3e7b54240e88a68da0760c422b6.bb.v:6239:8: Timescale missing on this module as other modules have it (IEEE 1800-2023 3.14.2.3)
 6239 | module sky130_fd_sc_hd__o221ai_1(Y, A1, A2, B1, B2, C1, VPWR, VGND, VPB, VNB);
      |        ^~~~~~~~~~~~~~~~~~~~~~~~~
                       ../rtl/Memory/memory_map_pck.sv:23:9: ... Location of module with timescale
   23 | package memory_map_pck;
      |         ^~~~~~~~~~~~~~
%Warning-TIMESCALEMOD: /home/tatua7806/arkhe/asic/run/arkhe/tmp/b68cb3e7b54240e88a68da0760c422b6.bb.v:6262:8: Timescale missing on this module as other modules have it (IEEE 1800-2023 3.14.2.3)
 6262 | module sky130_fd_sc_hd__o221ai_2(Y, A1, A2, B1, B2, C1, VPWR, VGND, VPB, VNB);
      |        ^~~~~~~~~~~~~~~~~~~~~~~~~
                       ../rtl/Memory/memory_map_pck.sv:23:9: ... Location of module with timescale
   23 | package memory_map_pck;
      |         ^~~~~~~~~~~~~~
%Warning-TIMESCALEMOD: /home/tatua7806/arkhe/asic/run/arkhe/tmp/b68cb3e7b54240e88a68da0760c422b6.bb.v:6285:8: Timescale missing on this module as other modules have it (IEEE 1800-2023 3.14.2.3)
 6285 | module sky130_fd_sc_hd__o221ai_4(Y, A1, A2, B1, B2, C1, VPWR, VGND, VPB, VNB);
      |        ^~~~~~~~~~~~~~~~~~~~~~~~~
                       ../rtl/Memory/memory_map_pck.sv:23:9: ... Location of module with timescale
   23 | package memory_map_pck;
      |         ^~~~~~~~~~~~~~
%Warning-TIMESCALEMOD: /home/tatua7806/arkhe/asic/run/arkhe/tmp/b68cb3e7b54240e88a68da0760c422b6.bb.v:6308:8: Timescale missing on this module as other modules have it (IEEE 1800-2023 3.14.2.3)
 6308 | module sky130_fd_sc_hd__o22a_1(X, A1, A2, B1, B2, VPWR, VGND, VPB, VNB);
      |        ^~~~~~~~~~~~~~~~~~~~~~~
                       ../rtl/Memory/memory_map_pck.sv:23:9: ... Location of module with timescale
   23 | package memory_map_pck;
      |         ^~~~~~~~~~~~~~
%Warning-TIMESCALEMOD: /home/tatua7806/arkhe/asic/run/arkhe/tmp/b68cb3e7b54240e88a68da0760c422b6.bb.v:6329:8: Timescale missing on this module as other modules have it (IEEE 1800-2023 3.14.2.3)
 6329 | module sky130_fd_sc_hd__o22a_2(X, A1, A2, B1, B2, VPWR, VGND, VPB, VNB);
      |        ^~~~~~~~~~~~~~~~~~~~~~~
                       ../rtl/Memory/memory_map_pck.sv:23:9: ... Location of module with timescale
   23 | package memory_map_pck;
      |         ^~~~~~~~~~~~~~
%Warning-TIMESCALEMOD: /home/tatua7806/arkhe/asic/run/arkhe/tmp/b68cb3e7b54240e88a68da0760c422b6.bb.v:6350:8: Timescale missing on this module as other modules have it (IEEE 1800-2023 3.14.2.3)
 6350 | module sky130_fd_sc_hd__o22a_4(X, A1, A2, B1, B2, VPWR, VGND, VPB, VNB);
      |        ^~~~~~~~~~~~~~~~~~~~~~~
                       ../rtl/Memory/memory_map_pck.sv:23:9: ... Location of module with timescale
   23 | package memory_map_pck;
      |         ^~~~~~~~~~~~~~
%Warning-TIMESCALEMOD: /home/tatua7806/arkhe/asic/run/arkhe/tmp/b68cb3e7b54240e88a68da0760c422b6.bb.v:6371:8: Timescale missing on this module as other modules have it (IEEE 1800-2023 3.14.2.3)
 6371 | module sky130_fd_sc_hd__o22ai_1(Y, A1, A2, B1, B2, VPWR, VGND, VPB, VNB);
      |        ^~~~~~~~~~~~~~~~~~~~~~~~
                       ../rtl/Memory/memory_map_pck.sv:23:9: ... Location of module with timescale
   23 | package memory_map_pck;
      |         ^~~~~~~~~~~~~~
%Warning-TIMESCALEMOD: /home/tatua7806/arkhe/asic/run/arkhe/tmp/b68cb3e7b54240e88a68da0760c422b6.bb.v:6392:8: Timescale missing on this module as other modules have it (IEEE 1800-2023 3.14.2.3)
 6392 | module sky130_fd_sc_hd__o22ai_2(Y, A1, A2, B1, B2, VPWR, VGND, VPB, VNB);
      |        ^~~~~~~~~~~~~~~~~~~~~~~~
                       ../rtl/Memory/memory_map_pck.sv:23:9: ... Location of module with timescale
   23 | package memory_map_pck;
      |         ^~~~~~~~~~~~~~
%Warning-TIMESCALEMOD: /home/tatua7806/arkhe/asic/run/arkhe/tmp/b68cb3e7b54240e88a68da0760c422b6.bb.v:6413:8: Timescale missing on this module as other modules have it (IEEE 1800-2023 3.14.2.3)
 6413 | module sky130_fd_sc_hd__o22ai_4(Y, A1, A2, B1, B2, VPWR, VGND, VPB, VNB);
      |        ^~~~~~~~~~~~~~~~~~~~~~~~
                       ../rtl/Memory/memory_map_pck.sv:23:9: ... Location of module with timescale
   23 | package memory_map_pck;
      |         ^~~~~~~~~~~~~~
%Warning-TIMESCALEMOD: /home/tatua7806/arkhe/asic/run/arkhe/tmp/b68cb3e7b54240e88a68da0760c422b6.bb.v:6434:8: Timescale missing on this module as other modules have it (IEEE 1800-2023 3.14.2.3)
 6434 | module sky130_fd_sc_hd__o2bb2a_1(X, A1_N, A2_N, B1, B2, VPWR, VGND, VPB, VNB);
      |        ^~~~~~~~~~~~~~~~~~~~~~~~~
                       ../rtl/Memory/memory_map_pck.sv:23:9: ... Location of module with timescale
   23 | package memory_map_pck;
      |         ^~~~~~~~~~~~~~
%Warning-TIMESCALEMOD: /home/tatua7806/arkhe/asic/run/arkhe/tmp/b68cb3e7b54240e88a68da0760c422b6.bb.v:6455:8: Timescale missing on this module as other modules have it (IEEE 1800-2023 3.14.2.3)
 6455 | module sky130_fd_sc_hd__o2bb2a_2(X, A1_N, A2_N, B1, B2, VPWR, VGND, VPB, VNB);
      |        ^~~~~~~~~~~~~~~~~~~~~~~~~
                       ../rtl/Memory/memory_map_pck.sv:23:9: ... Location of module with timescale
   23 | package memory_map_pck;
      |         ^~~~~~~~~~~~~~
%Warning-TIMESCALEMOD: /home/tatua7806/arkhe/asic/run/arkhe/tmp/b68cb3e7b54240e88a68da0760c422b6.bb.v:6476:8: Timescale missing on this module as other modules have it (IEEE 1800-2023 3.14.2.3)
 6476 | module sky130_fd_sc_hd__o2bb2a_4(X, A1_N, A2_N, B1, B2, VPWR, VGND, VPB, VNB);
      |        ^~~~~~~~~~~~~~~~~~~~~~~~~
                       ../rtl/Memory/memory_map_pck.sv:23:9: ... Location of module with timescale
   23 | package memory_map_pck;
      |         ^~~~~~~~~~~~~~
%Warning-TIMESCALEMOD: /home/tatua7806/arkhe/asic/run/arkhe/tmp/b68cb3e7b54240e88a68da0760c422b6.bb.v:6497:8: Timescale missing on this module as other modules have it (IEEE 1800-2023 3.14.2.3)
 6497 | module sky130_fd_sc_hd__o2bb2ai_1(Y, A1_N, A2_N, B1, B2, VPWR, VGND, VPB, VNB);
      |        ^~~~~~~~~~~~~~~~~~~~~~~~~~
                       ../rtl/Memory/memory_map_pck.sv:23:9: ... Location of module with timescale
   23 | package memory_map_pck;
      |         ^~~~~~~~~~~~~~
%Warning-TIMESCALEMOD: /home/tatua7806/arkhe/asic/run/arkhe/tmp/b68cb3e7b54240e88a68da0760c422b6.bb.v:6518:8: Timescale missing on this module as other modules have it (IEEE 1800-2023 3.14.2.3)
 6518 | module sky130_fd_sc_hd__o2bb2ai_2(Y, A1_N, A2_N, B1, B2, VPWR, VGND, VPB, VNB);
      |        ^~~~~~~~~~~~~~~~~~~~~~~~~~
                       ../rtl/Memory/memory_map_pck.sv:23:9: ... Location of module with timescale
   23 | package memory_map_pck;
      |         ^~~~~~~~~~~~~~
%Warning-TIMESCALEMOD: /home/tatua7806/arkhe/asic/run/arkhe/tmp/b68cb3e7b54240e88a68da0760c422b6.bb.v:6539:8: Timescale missing on this module as other modules have it (IEEE 1800-2023 3.14.2.3)
 6539 | module sky130_fd_sc_hd__o2bb2ai_4(Y, A1_N, A2_N, B1, B2, VPWR, VGND, VPB, VNB);
      |        ^~~~~~~~~~~~~~~~~~~~~~~~~~
                       ../rtl/Memory/memory_map_pck.sv:23:9: ... Location of module with timescale
   23 | package memory_map_pck;
      |         ^~~~~~~~~~~~~~
%Warning-TIMESCALEMOD: /home/tatua7806/arkhe/asic/run/arkhe/tmp/b68cb3e7b54240e88a68da0760c422b6.bb.v:6560:8: Timescale missing on this module as other modules have it (IEEE 1800-2023 3.14.2.3)
 6560 | module sky130_fd_sc_hd__o311a_1(X, A1, A2, A3, B1, C1, VPWR, VGND, VPB, VNB);
      |        ^~~~~~~~~~~~~~~~~~~~~~~~
                       ../rtl/Memory/memory_map_pck.sv:23:9: ... Location of module with timescale
   23 | package memory_map_pck;
      |         ^~~~~~~~~~~~~~
%Warning-TIMESCALEMOD: /home/tatua7806/arkhe/asic/run/arkhe/tmp/b68cb3e7b54240e88a68da0760c422b6.bb.v:6583:8: Timescale missing on this module as other modules have it (IEEE 1800-2023 3.14.2.3)
 6583 | module sky130_fd_sc_hd__o311a_2(X, A1, A2, A3, B1, C1, VPWR, VGND, VPB, VNB);
      |        ^~~~~~~~~~~~~~~~~~~~~~~~
                       ../rtl/Memory/memory_map_pck.sv:23:9: ... Location of module with timescale
   23 | package memory_map_pck;
      |         ^~~~~~~~~~~~~~
%Warning-TIMESCALEMOD: /home/tatua7806/arkhe/asic/run/arkhe/tmp/b68cb3e7b54240e88a68da0760c422b6.bb.v:6606:8: Timescale missing on this module as other modules have it (IEEE 1800-2023 3.14.2.3)
 6606 | module sky130_fd_sc_hd__o311a_4(X, A1, A2, A3, B1, C1, VPWR, VGND, VPB, VNB);
      |        ^~~~~~~~~~~~~~~~~~~~~~~~
                       ../rtl/Memory/memory_map_pck.sv:23:9: ... Location of module with timescale
   23 | package memory_map_pck;
      |         ^~~~~~~~~~~~~~
%Warning-TIMESCALEMOD: /home/tatua7806/arkhe/asic/run/arkhe/tmp/b68cb3e7b54240e88a68da0760c422b6.bb.v:6629:8: Timescale missing on this module as other modules have it (IEEE 1800-2023 3.14.2.3)
 6629 | module sky130_fd_sc_hd__o311ai_0(Y, A1, A2, A3, B1, C1, VPWR, VGND, VPB, VNB);
      |        ^~~~~~~~~~~~~~~~~~~~~~~~~
                       ../rtl/Memory/memory_map_pck.sv:23:9: ... Location of module with timescale
   23 | package memory_map_pck;
      |         ^~~~~~~~~~~~~~
%Warning-TIMESCALEMOD: /home/tatua7806/arkhe/asic/run/arkhe/tmp/b68cb3e7b54240e88a68da0760c422b6.bb.v:6652:8: Timescale missing on this module as other modules have it (IEEE 1800-2023 3.14.2.3)
 6652 | module sky130_fd_sc_hd__o311ai_1(Y, A1, A2, A3, B1, C1, VPWR, VGND, VPB, VNB);
      |        ^~~~~~~~~~~~~~~~~~~~~~~~~
                       ../rtl/Memory/memory_map_pck.sv:23:9: ... Location of module with timescale
   23 | package memory_map_pck;
      |         ^~~~~~~~~~~~~~
%Warning-TIMESCALEMOD: /home/tatua7806/arkhe/asic/run/arkhe/tmp/b68cb3e7b54240e88a68da0760c422b6.bb.v:6675:8: Timescale missing on this module as other modules have it (IEEE 1800-2023 3.14.2.3)
 6675 | module sky130_fd_sc_hd__o311ai_2(Y, A1, A2, A3, B1, C1, VPWR, VGND, VPB, VNB);
      |        ^~~~~~~~~~~~~~~~~~~~~~~~~
                       ../rtl/Memory/memory_map_pck.sv:23:9: ... Location of module with timescale
   23 | package memory_map_pck;
      |         ^~~~~~~~~~~~~~
%Warning-TIMESCALEMOD: /home/tatua7806/arkhe/asic/run/arkhe/tmp/b68cb3e7b54240e88a68da0760c422b6.bb.v:6698:8: Timescale missing on this module as other modules have it (IEEE 1800-2023 3.14.2.3)
 6698 | module sky130_fd_sc_hd__o311ai_4(Y, A1, A2, A3, B1, C1, VPWR, VGND, VPB, VNB);
      |        ^~~~~~~~~~~~~~~~~~~~~~~~~
                       ../rtl/Memory/memory_map_pck.sv:23:9: ... Location of module with timescale
   23 | package memory_map_pck;
      |         ^~~~~~~~~~~~~~
%Warning-TIMESCALEMOD: /home/tatua7806/arkhe/asic/run/arkhe/tmp/b68cb3e7b54240e88a68da0760c422b6.bb.v:6721:8: Timescale missing on this module as other modules have it (IEEE 1800-2023 3.14.2.3)
 6721 | module sky130_fd_sc_hd__o31a_1(X, A1, A2, A3, B1, VPWR, VGND, VPB, VNB);
      |        ^~~~~~~~~~~~~~~~~~~~~~~
                       ../rtl/Memory/memory_map_pck.sv:23:9: ... Location of module with timescale
   23 | package memory_map_pck;
      |         ^~~~~~~~~~~~~~
%Warning-TIMESCALEMOD: /home/tatua7806/arkhe/asic/run/arkhe/tmp/b68cb3e7b54240e88a68da0760c422b6.bb.v:6742:8: Timescale missing on this module as other modules have it (IEEE 1800-2023 3.14.2.3)
 6742 | module sky130_fd_sc_hd__o31a_2(X, A1, A2, A3, B1, VPWR, VGND, VPB, VNB);
      |        ^~~~~~~~~~~~~~~~~~~~~~~
                       ../rtl/Memory/memory_map_pck.sv:23:9: ... Location of module with timescale
   23 | package memory_map_pck;
      |         ^~~~~~~~~~~~~~
%Warning-TIMESCALEMOD: /home/tatua7806/arkhe/asic/run/arkhe/tmp/b68cb3e7b54240e88a68da0760c422b6.bb.v:6763:8: Timescale missing on this module as other modules have it (IEEE 1800-2023 3.14.2.3)
 6763 | module sky130_fd_sc_hd__o31a_4(X, A1, A2, A3, B1, VPWR, VGND, VPB, VNB);
      |        ^~~~~~~~~~~~~~~~~~~~~~~
                       ../rtl/Memory/memory_map_pck.sv:23:9: ... Location of module with timescale
   23 | package memory_map_pck;
      |         ^~~~~~~~~~~~~~
%Warning-TIMESCALEMOD: /home/tatua7806/arkhe/asic/run/arkhe/tmp/b68cb3e7b54240e88a68da0760c422b6.bb.v:6784:8: Timescale missing on this module as other modules have it (IEEE 1800-2023 3.14.2.3)
 6784 | module sky130_fd_sc_hd__o31ai_1(Y, A1, A2, A3, B1, VPWR, VGND, VPB, VNB);
      |        ^~~~~~~~~~~~~~~~~~~~~~~~
                       ../rtl/Memory/memory_map_pck.sv:23:9: ... Location of module with timescale
   23 | package memory_map_pck;
      |         ^~~~~~~~~~~~~~
%Warning-TIMESCALEMOD: /home/tatua7806/arkhe/asic/run/arkhe/tmp/b68cb3e7b54240e88a68da0760c422b6.bb.v:6805:8: Timescale missing on this module as other modules have it (IEEE 1800-2023 3.14.2.3)
 6805 | module sky130_fd_sc_hd__o31ai_2(Y, A1, A2, A3, B1, VPWR, VGND, VPB, VNB);
      |        ^~~~~~~~~~~~~~~~~~~~~~~~
                       ../rtl/Memory/memory_map_pck.sv:23:9: ... Location of module with timescale
   23 | package memory_map_pck;
      |         ^~~~~~~~~~~~~~
%Warning-TIMESCALEMOD: /home/tatua7806/arkhe/asic/run/arkhe/tmp/b68cb3e7b54240e88a68da0760c422b6.bb.v:6826:8: Timescale missing on this module as other modules have it (IEEE 1800-2023 3.14.2.3)
 6826 | module sky130_fd_sc_hd__o31ai_4(Y, A1, A2, A3, B1, VPWR, VGND, VPB, VNB);
      |        ^~~~~~~~~~~~~~~~~~~~~~~~
                       ../rtl/Memory/memory_map_pck.sv:23:9: ... Location of module with timescale
   23 | package memory_map_pck;
      |         ^~~~~~~~~~~~~~
%Warning-TIMESCALEMOD: /home/tatua7806/arkhe/asic/run/arkhe/tmp/b68cb3e7b54240e88a68da0760c422b6.bb.v:6847:8: Timescale missing on this module as other modules have it (IEEE 1800-2023 3.14.2.3)
 6847 | module sky130_fd_sc_hd__o32a_1(X, A1, A2, A3, B1, B2, VPWR, VGND, VPB, VNB);
      |        ^~~~~~~~~~~~~~~~~~~~~~~
                       ../rtl/Memory/memory_map_pck.sv:23:9: ... Location of module with timescale
   23 | package memory_map_pck;
      |         ^~~~~~~~~~~~~~
%Warning-TIMESCALEMOD: /home/tatua7806/arkhe/asic/run/arkhe/tmp/b68cb3e7b54240e88a68da0760c422b6.bb.v:6870:8: Timescale missing on this module as other modules have it (IEEE 1800-2023 3.14.2.3)
 6870 | module sky130_fd_sc_hd__o32a_2(X, A1, A2, A3, B1, B2, VPWR, VGND, VPB, VNB);
      |        ^~~~~~~~~~~~~~~~~~~~~~~
                       ../rtl/Memory/memory_map_pck.sv:23:9: ... Location of module with timescale
   23 | package memory_map_pck;
      |         ^~~~~~~~~~~~~~
%Warning-TIMESCALEMOD: /home/tatua7806/arkhe/asic/run/arkhe/tmp/b68cb3e7b54240e88a68da0760c422b6.bb.v:6893:8: Timescale missing on this module as other modules have it (IEEE 1800-2023 3.14.2.3)
 6893 | module sky130_fd_sc_hd__o32a_4(X, A1, A2, A3, B1, B2, VPWR, VGND, VPB, VNB);
      |        ^~~~~~~~~~~~~~~~~~~~~~~
                       ../rtl/Memory/memory_map_pck.sv:23:9: ... Location of module with timescale
   23 | package memory_map_pck;
      |         ^~~~~~~~~~~~~~
%Warning-TIMESCALEMOD: /home/tatua7806/arkhe/asic/run/arkhe/tmp/b68cb3e7b54240e88a68da0760c422b6.bb.v:6916:8: Timescale missing on this module as other modules have it (IEEE 1800-2023 3.14.2.3)
 6916 | module sky130_fd_sc_hd__o32ai_1(Y, A1, A2, A3, B1, B2, VPWR, VGND, VPB, VNB);
      |        ^~~~~~~~~~~~~~~~~~~~~~~~
                       ../rtl/Memory/memory_map_pck.sv:23:9: ... Location of module with timescale
   23 | package memory_map_pck;
      |         ^~~~~~~~~~~~~~
%Warning-TIMESCALEMOD: /home/tatua7806/arkhe/asic/run/arkhe/tmp/b68cb3e7b54240e88a68da0760c422b6.bb.v:6939:8: Timescale missing on this module as other modules have it (IEEE 1800-2023 3.14.2.3)
 6939 | module sky130_fd_sc_hd__o32ai_2(Y, A1, A2, A3, B1, B2, VPWR, VGND, VPB, VNB);
      |        ^~~~~~~~~~~~~~~~~~~~~~~~
                       ../rtl/Memory/memory_map_pck.sv:23:9: ... Location of module with timescale
   23 | package memory_map_pck;
      |         ^~~~~~~~~~~~~~
%Warning-TIMESCALEMOD: /home/tatua7806/arkhe/asic/run/arkhe/tmp/b68cb3e7b54240e88a68da0760c422b6.bb.v:6962:8: Timescale missing on this module as other modules have it (IEEE 1800-2023 3.14.2.3)
 6962 | module sky130_fd_sc_hd__o32ai_4(Y, A1, A2, A3, B1, B2, VPWR, VGND, VPB, VNB);
      |        ^~~~~~~~~~~~~~~~~~~~~~~~
                       ../rtl/Memory/memory_map_pck.sv:23:9: ... Location of module with timescale
   23 | package memory_map_pck;
      |         ^~~~~~~~~~~~~~
%Warning-TIMESCALEMOD: /home/tatua7806/arkhe/asic/run/arkhe/tmp/b68cb3e7b54240e88a68da0760c422b6.bb.v:6985:8: Timescale missing on this module as other modules have it (IEEE 1800-2023 3.14.2.3)
 6985 | module sky130_fd_sc_hd__o41a_1(X, A1, A2, A3, A4, B1, VPWR, VGND, VPB, VNB);
      |        ^~~~~~~~~~~~~~~~~~~~~~~
                       ../rtl/Memory/memory_map_pck.sv:23:9: ... Location of module with timescale
   23 | package memory_map_pck;
      |         ^~~~~~~~~~~~~~
%Warning-TIMESCALEMOD: /home/tatua7806/arkhe/asic/run/arkhe/tmp/b68cb3e7b54240e88a68da0760c422b6.bb.v:7008:8: Timescale missing on this module as other modules have it (IEEE 1800-2023 3.14.2.3)
 7008 | module sky130_fd_sc_hd__o41a_2(X, A1, A2, A3, A4, B1, VPWR, VGND, VPB, VNB);
      |        ^~~~~~~~~~~~~~~~~~~~~~~
                       ../rtl/Memory/memory_map_pck.sv:23:9: ... Location of module with timescale
   23 | package memory_map_pck;
      |         ^~~~~~~~~~~~~~
%Warning-TIMESCALEMOD: /home/tatua7806/arkhe/asic/run/arkhe/tmp/b68cb3e7b54240e88a68da0760c422b6.bb.v:7031:8: Timescale missing on this module as other modules have it (IEEE 1800-2023 3.14.2.3)
 7031 | module sky130_fd_sc_hd__o41a_4(X, A1, A2, A3, A4, B1, VPWR, VGND, VPB, VNB);
      |        ^~~~~~~~~~~~~~~~~~~~~~~
                       ../rtl/Memory/memory_map_pck.sv:23:9: ... Location of module with timescale
   23 | package memory_map_pck;
      |         ^~~~~~~~~~~~~~
%Warning-TIMESCALEMOD: /home/tatua7806/arkhe/asic/run/arkhe/tmp/b68cb3e7b54240e88a68da0760c422b6.bb.v:7054:8: Timescale missing on this module as other modules have it (IEEE 1800-2023 3.14.2.3)
 7054 | module sky130_fd_sc_hd__o41ai_1(Y, A1, A2, A3, A4, B1, VPWR, VGND, VPB, VNB);
      |        ^~~~~~~~~~~~~~~~~~~~~~~~
                       ../rtl/Memory/memory_map_pck.sv:23:9: ... Location of module with timescale
   23 | package memory_map_pck;
      |         ^~~~~~~~~~~~~~
%Warning-TIMESCALEMOD: /home/tatua7806/arkhe/asic/run/arkhe/tmp/b68cb3e7b54240e88a68da0760c422b6.bb.v:7077:8: Timescale missing on this module as other modules have it (IEEE 1800-2023 3.14.2.3)
 7077 | module sky130_fd_sc_hd__o41ai_2(Y, A1, A2, A3, A4, B1, VPWR, VGND, VPB, VNB);
      |        ^~~~~~~~~~~~~~~~~~~~~~~~
                       ../rtl/Memory/memory_map_pck.sv:23:9: ... Location of module with timescale
   23 | package memory_map_pck;
      |         ^~~~~~~~~~~~~~
%Warning-TIMESCALEMOD: /home/tatua7806/arkhe/asic/run/arkhe/tmp/b68cb3e7b54240e88a68da0760c422b6.bb.v:7100:8: Timescale missing on this module as other modules have it (IEEE 1800-2023 3.14.2.3)
 7100 | module sky130_fd_sc_hd__o41ai_4(Y, A1, A2, A3, A4, B1, VPWR, VGND, VPB, VNB);
      |        ^~~~~~~~~~~~~~~~~~~~~~~~
                       ../rtl/Memory/memory_map_pck.sv:23:9: ... Location of module with timescale
   23 | package memory_map_pck;
      |         ^~~~~~~~~~~~~~
%Warning-TIMESCALEMOD: /home/tatua7806/arkhe/asic/run/arkhe/tmp/b68cb3e7b54240e88a68da0760c422b6.bb.v:7123:8: Timescale missing on this module as other modules have it (IEEE 1800-2023 3.14.2.3)
 7123 | module sky130_fd_sc_hd__or2_0(X, A, B, VPWR, VGND, VPB, VNB);
      |        ^~~~~~~~~~~~~~~~~~~~~~
                       ../rtl/Memory/memory_map_pck.sv:23:9: ... Location of module with timescale
   23 | package memory_map_pck;
      |         ^~~~~~~~~~~~~~
%Warning-TIMESCALEMOD: /home/tatua7806/arkhe/asic/run/arkhe/tmp/b68cb3e7b54240e88a68da0760c422b6.bb.v:7140:8: Timescale missing on this module as other modules have it (IEEE 1800-2023 3.14.2.3)
 7140 | module sky130_fd_sc_hd__or2_1(X, A, B, VPWR, VGND, VPB, VNB);
      |        ^~~~~~~~~~~~~~~~~~~~~~
                       ../rtl/Memory/memory_map_pck.sv:23:9: ... Location of module with timescale
   23 | package memory_map_pck;
      |         ^~~~~~~~~~~~~~
%Warning-TIMESCALEMOD: /home/tatua7806/arkhe/asic/run/arkhe/tmp/b68cb3e7b54240e88a68da0760c422b6.bb.v:7157:8: Timescale missing on this module as other modules have it (IEEE 1800-2023 3.14.2.3)
 7157 | module sky130_fd_sc_hd__or2_2(X, A, B, VPWR, VGND, VPB, VNB);
      |        ^~~~~~~~~~~~~~~~~~~~~~
                       ../rtl/Memory/memory_map_pck.sv:23:9: ... Location of module with timescale
   23 | package memory_map_pck;
      |         ^~~~~~~~~~~~~~
%Warning-TIMESCALEMOD: /home/tatua7806/arkhe/asic/run/arkhe/tmp/b68cb3e7b54240e88a68da0760c422b6.bb.v:7174:8: Timescale missing on this module as other modules have it (IEEE 1800-2023 3.14.2.3)
 7174 | module sky130_fd_sc_hd__or2_4(X, A, B, VPWR, VGND, VPB, VNB);
      |        ^~~~~~~~~~~~~~~~~~~~~~
                       ../rtl/Memory/memory_map_pck.sv:23:9: ... Location of module with timescale
   23 | package memory_map_pck;
      |         ^~~~~~~~~~~~~~
%Warning-TIMESCALEMOD: /home/tatua7806/arkhe/asic/run/arkhe/tmp/b68cb3e7b54240e88a68da0760c422b6.bb.v:7191:8: Timescale missing on this module as other modules have it (IEEE 1800-2023 3.14.2.3)
 7191 | module sky130_fd_sc_hd__or2b_1(X, A, B_N, VPWR, VGND, VPB, VNB);
      |        ^~~~~~~~~~~~~~~~~~~~~~~
                       ../rtl/Memory/memory_map_pck.sv:23:9: ... Location of module with timescale
   23 | package memory_map_pck;
      |         ^~~~~~~~~~~~~~
%Warning-TIMESCALEMOD: /home/tatua7806/arkhe/asic/run/arkhe/tmp/b68cb3e7b54240e88a68da0760c422b6.bb.v:7208:8: Timescale missing on this module as other modules have it (IEEE 1800-2023 3.14.2.3)
 7208 | module sky130_fd_sc_hd__or2b_2(X, A, B_N, VPWR, VGND, VPB, VNB);
      |        ^~~~~~~~~~~~~~~~~~~~~~~
                       ../rtl/Memory/memory_map_pck.sv:23:9: ... Location of module with timescale
   23 | package memory_map_pck;
      |         ^~~~~~~~~~~~~~
%Warning-TIMESCALEMOD: /home/tatua7806/arkhe/asic/run/arkhe/tmp/b68cb3e7b54240e88a68da0760c422b6.bb.v:7225:8: Timescale missing on this module as other modules have it (IEEE 1800-2023 3.14.2.3)
 7225 | module sky130_fd_sc_hd__or2b_4(X, A, B_N, VPWR, VGND, VPB, VNB);
      |        ^~~~~~~~~~~~~~~~~~~~~~~
                       ../rtl/Memory/memory_map_pck.sv:23:9: ... Location of module with timescale
   23 | package memory_map_pck;
      |         ^~~~~~~~~~~~~~
%Warning-TIMESCALEMOD: /home/tatua7806/arkhe/asic/run/arkhe/tmp/b68cb3e7b54240e88a68da0760c422b6.bb.v:7242:8: Timescale missing on this module as other modules have it (IEEE 1800-2023 3.14.2.3)
 7242 | module sky130_fd_sc_hd__or3_1(X, A, B, C, VPWR, VGND, VPB, VNB);
      |        ^~~~~~~~~~~~~~~~~~~~~~
                       ../rtl/Memory/memory_map_pck.sv:23:9: ... Location of module with timescale
   23 | package memory_map_pck;
      |         ^~~~~~~~~~~~~~
%Warning-TIMESCALEMOD: /home/tatua7806/arkhe/asic/run/arkhe/tmp/b68cb3e7b54240e88a68da0760c422b6.bb.v:7261:8: Timescale missing on this module as other modules have it (IEEE 1800-2023 3.14.2.3)
 7261 | module sky130_fd_sc_hd__or3_2(X, A, B, C, VPWR, VGND, VPB, VNB);
      |        ^~~~~~~~~~~~~~~~~~~~~~
                       ../rtl/Memory/memory_map_pck.sv:23:9: ... Location of module with timescale
   23 | package memory_map_pck;
      |         ^~~~~~~~~~~~~~
%Warning-TIMESCALEMOD: /home/tatua7806/arkhe/asic/run/arkhe/tmp/b68cb3e7b54240e88a68da0760c422b6.bb.v:7280:8: Timescale missing on this module as other modules have it (IEEE 1800-2023 3.14.2.3)
 7280 | module sky130_fd_sc_hd__or3_4(X, A, B, C, VPWR, VGND, VPB, VNB);
      |        ^~~~~~~~~~~~~~~~~~~~~~
                       ../rtl/Memory/memory_map_pck.sv:23:9: ... Location of module with timescale
   23 | package memory_map_pck;
      |         ^~~~~~~~~~~~~~
%Warning-TIMESCALEMOD: /home/tatua7806/arkhe/asic/run/arkhe/tmp/b68cb3e7b54240e88a68da0760c422b6.bb.v:7299:8: Timescale missing on this module as other modules have it (IEEE 1800-2023 3.14.2.3)
 7299 | module sky130_fd_sc_hd__or3b_1(X, A, B, C_N, VPWR, VGND, VPB, VNB);
      |        ^~~~~~~~~~~~~~~~~~~~~~~
                       ../rtl/Memory/memory_map_pck.sv:23:9: ... Location of module with timescale
   23 | package memory_map_pck;
      |         ^~~~~~~~~~~~~~
%Warning-TIMESCALEMOD: /home/tatua7806/arkhe/asic/run/arkhe/tmp/b68cb3e7b54240e88a68da0760c422b6.bb.v:7318:8: Timescale missing on this module as other modules have it (IEEE 1800-2023 3.14.2.3)
 7318 | module sky130_fd_sc_hd__or3b_2(X, A, B, C_N, VPWR, VGND, VPB, VNB);
      |        ^~~~~~~~~~~~~~~~~~~~~~~
                       ../rtl/Memory/memory_map_pck.sv:23:9: ... Location of module with timescale
   23 | package memory_map_pck;
      |         ^~~~~~~~~~~~~~
%Warning-TIMESCALEMOD: /home/tatua7806/arkhe/asic/run/arkhe/tmp/b68cb3e7b54240e88a68da0760c422b6.bb.v:7337:8: Timescale missing on this module as other modules have it (IEEE 1800-2023 3.14.2.3)
 7337 | module sky130_fd_sc_hd__or3b_4(X, A, B, C_N, VPWR, VGND, VPB, VNB);
      |        ^~~~~~~~~~~~~~~~~~~~~~~
                       ../rtl/Memory/memory_map_pck.sv:23:9: ... Location of module with timescale
   23 | package memory_map_pck;
      |         ^~~~~~~~~~~~~~
%Warning-TIMESCALEMOD: /home/tatua7806/arkhe/asic/run/arkhe/tmp/b68cb3e7b54240e88a68da0760c422b6.bb.v:7356:8: Timescale missing on this module as other modules have it (IEEE 1800-2023 3.14.2.3)
 7356 | module sky130_fd_sc_hd__or4_1(X, A, B, C, D, VPWR, VGND, VPB, VNB);
      |        ^~~~~~~~~~~~~~~~~~~~~~
                       ../rtl/Memory/memory_map_pck.sv:23:9: ... Location of module with timescale
   23 | package memory_map_pck;
      |         ^~~~~~~~~~~~~~
%Warning-TIMESCALEMOD: /home/tatua7806/arkhe/asic/run/arkhe/tmp/b68cb3e7b54240e88a68da0760c422b6.bb.v:7377:8: Timescale missing on this module as other modules have it (IEEE 1800-2023 3.14.2.3)
 7377 | module sky130_fd_sc_hd__or4_2(X, A, B, C, D, VPWR, VGND, VPB, VNB);
      |        ^~~~~~~~~~~~~~~~~~~~~~
                       ../rtl/Memory/memory_map_pck.sv:23:9: ... Location of module with timescale
   23 | package memory_map_pck;
      |         ^~~~~~~~~~~~~~
%Warning-TIMESCALEMOD: /home/tatua7806/arkhe/asic/run/arkhe/tmp/b68cb3e7b54240e88a68da0760c422b6.bb.v:7398:8: Timescale missing on this module as other modules have it (IEEE 1800-2023 3.14.2.3)
 7398 | module sky130_fd_sc_hd__or4_4(X, A, B, C, D, VPWR, VGND, VPB, VNB);
      |        ^~~~~~~~~~~~~~~~~~~~~~
                       ../rtl/Memory/memory_map_pck.sv:23:9: ... Location of module with timescale
   23 | package memory_map_pck;
      |         ^~~~~~~~~~~~~~
%Warning-TIMESCALEMOD: /home/tatua7806/arkhe/asic/run/arkhe/tmp/b68cb3e7b54240e88a68da0760c422b6.bb.v:7419:8: Timescale missing on this module as other modules have it (IEEE 1800-2023 3.14.2.3)
 7419 | module sky130_fd_sc_hd__or4b_1(X, A, B, C, D_N, VPWR, VGND, VPB, VNB);
      |        ^~~~~~~~~~~~~~~~~~~~~~~
                       ../rtl/Memory/memory_map_pck.sv:23:9: ... Location of module with timescale
   23 | package memory_map_pck;
      |         ^~~~~~~~~~~~~~
%Warning-TIMESCALEMOD: /home/tatua7806/arkhe/asic/run/arkhe/tmp/b68cb3e7b54240e88a68da0760c422b6.bb.v:7440:8: Timescale missing on this module as other modules have it (IEEE 1800-2023 3.14.2.3)
 7440 | module sky130_fd_sc_hd__or4b_2(X, A, B, C, D_N, VPWR, VGND, VPB, VNB);
      |        ^~~~~~~~~~~~~~~~~~~~~~~
                       ../rtl/Memory/memory_map_pck.sv:23:9: ... Location of module with timescale
   23 | package memory_map_pck;
      |         ^~~~~~~~~~~~~~
%Warning-TIMESCALEMOD: /home/tatua7806/arkhe/asic/run/arkhe/tmp/b68cb3e7b54240e88a68da0760c422b6.bb.v:7461:8: Timescale missing on this module as other modules have it (IEEE 1800-2023 3.14.2.3)
 7461 | module sky130_fd_sc_hd__or4b_4(X, A, B, C, D_N, VPWR, VGND, VPB, VNB);
      |        ^~~~~~~~~~~~~~~~~~~~~~~
                       ../rtl/Memory/memory_map_pck.sv:23:9: ... Location of module with timescale
   23 | package memory_map_pck;
      |         ^~~~~~~~~~~~~~
%Warning-TIMESCALEMOD: /home/tatua7806/arkhe/asic/run/arkhe/tmp/b68cb3e7b54240e88a68da0760c422b6.bb.v:7482:8: Timescale missing on this module as other modules have it (IEEE 1800-2023 3.14.2.3)
 7482 | module sky130_fd_sc_hd__or4bb_1(X, A, B, C_N, D_N, VPWR, VGND, VPB, VNB);
      |        ^~~~~~~~~~~~~~~~~~~~~~~~
                       ../rtl/Memory/memory_map_pck.sv:23:9: ... Location of module with timescale
   23 | package memory_map_pck;
      |         ^~~~~~~~~~~~~~
%Warning-TIMESCALEMOD: /home/tatua7806/arkhe/asic/run/arkhe/tmp/b68cb3e7b54240e88a68da0760c422b6.bb.v:7503:8: Timescale missing on this module as other modules have it (IEEE 1800-2023 3.14.2.3)
 7503 | module sky130_fd_sc_hd__or4bb_2(X, A, B, C_N, D_N, VPWR, VGND, VPB, VNB);
      |        ^~~~~~~~~~~~~~~~~~~~~~~~
                       ../rtl/Memory/memory_map_pck.sv:23:9: ... Location of module with timescale
   23 | package memory_map_pck;
      |         ^~~~~~~~~~~~~~
%Warning-TIMESCALEMOD: /home/tatua7806/arkhe/asic/run/arkhe/tmp/b68cb3e7b54240e88a68da0760c422b6.bb.v:7524:8: Timescale missing on this module as other modules have it (IEEE 1800-2023 3.14.2.3)
 7524 | module sky130_fd_sc_hd__or4bb_4(X, A, B, C_N, D_N, VPWR, VGND, VPB, VNB);
      |        ^~~~~~~~~~~~~~~~~~~~~~~~
                       ../rtl/Memory/memory_map_pck.sv:23:9: ... Location of module with timescale
   23 | package memory_map_pck;
      |         ^~~~~~~~~~~~~~
%Warning-TIMESCALEMOD: /home/tatua7806/arkhe/asic/run/arkhe/tmp/b68cb3e7b54240e88a68da0760c422b6.bb.v:7545:8: Timescale missing on this module as other modules have it (IEEE 1800-2023 3.14.2.3)
 7545 | module sky130_fd_sc_hd__probe_p_8(X, A, VGND, VNB, VPB, VPWR);
      |        ^~~~~~~~~~~~~~~~~~~~~~~~~~
                       ../rtl/Memory/memory_map_pck.sv:23:9: ... Location of module with timescale
   23 | package memory_map_pck;
      |         ^~~~~~~~~~~~~~
%Warning-TIMESCALEMOD: /home/tatua7806/arkhe/asic/run/arkhe/tmp/b68cb3e7b54240e88a68da0760c422b6.bb.v:7560:8: Timescale missing on this module as other modules have it (IEEE 1800-2023 3.14.2.3)
 7560 | module sky130_fd_sc_hd__probec_p_8(X, A, VGND, VNB, VPB, VPWR);
      |        ^~~~~~~~~~~~~~~~~~~~~~~~~~~
                       ../rtl/Memory/memory_map_pck.sv:23:9: ... Location of module with timescale
   23 | package memory_map_pck;
      |         ^~~~~~~~~~~~~~
%Warning-TIMESCALEMOD: /home/tatua7806/arkhe/asic/run/arkhe/tmp/b68cb3e7b54240e88a68da0760c422b6.bb.v:7575:8: Timescale missing on this module as other modules have it (IEEE 1800-2023 3.14.2.3)
 7575 | module sky130_fd_sc_hd__sdfbbn_1(Q, Q_N, D, SCD, SCE, CLK_N, SET_B, RESET_B, VPWR, VGND, VPB, VNB);
      |        ^~~~~~~~~~~~~~~~~~~~~~~~~
                       ../rtl/Memory/memory_map_pck.sv:23:9: ... Location of module with timescale
   23 | package memory_map_pck;
      |         ^~~~~~~~~~~~~~
%Warning-TIMESCALEMOD: /home/tatua7806/arkhe/asic/run/arkhe/tmp/b68cb3e7b54240e88a68da0760c422b6.bb.v:7602:8: Timescale missing on this module as other modules have it (IEEE 1800-2023 3.14.2.3)
 7602 | module sky130_fd_sc_hd__sdfbbn_2(Q, Q_N, D, SCD, SCE, CLK_N, SET_B, RESET_B, VPWR, VGND, VPB, VNB);
      |        ^~~~~~~~~~~~~~~~~~~~~~~~~
                       ../rtl/Memory/memory_map_pck.sv:23:9: ... Location of module with timescale
   23 | package memory_map_pck;
      |         ^~~~~~~~~~~~~~
%Warning-TIMESCALEMOD: /home/tatua7806/arkhe/asic/run/arkhe/tmp/b68cb3e7b54240e88a68da0760c422b6.bb.v:7629:8: Timescale missing on this module as other modules have it (IEEE 1800-2023 3.14.2.3)
 7629 | module sky130_fd_sc_hd__sdfbbp_1(Q, Q_N, D, SCD, SCE, CLK, SET_B, RESET_B, VPWR, VGND, VPB, VNB);
      |        ^~~~~~~~~~~~~~~~~~~~~~~~~
                       ../rtl/Memory/memory_map_pck.sv:23:9: ... Location of module with timescale
   23 | package memory_map_pck;
      |         ^~~~~~~~~~~~~~
%Warning-TIMESCALEMOD: /home/tatua7806/arkhe/asic/run/arkhe/tmp/b68cb3e7b54240e88a68da0760c422b6.bb.v:7656:8: Timescale missing on this module as other modules have it (IEEE 1800-2023 3.14.2.3)
 7656 | module sky130_fd_sc_hd__sdfrbp_1(Q, Q_N, CLK, D, SCD, SCE, RESET_B, VPWR, VGND, VPB, VNB);
      |        ^~~~~~~~~~~~~~~~~~~~~~~~~
                       ../rtl/Memory/memory_map_pck.sv:23:9: ... Location of module with timescale
   23 | package memory_map_pck;
      |         ^~~~~~~~~~~~~~
%Warning-TIMESCALEMOD: /home/tatua7806/arkhe/asic/run/arkhe/tmp/b68cb3e7b54240e88a68da0760c422b6.bb.v:7681:8: Timescale missing on this module as other modules have it (IEEE 1800-2023 3.14.2.3)
 7681 | module sky130_fd_sc_hd__sdfrbp_2(Q, Q_N, CLK, D, SCD, SCE, RESET_B, VPWR, VGND, VPB, VNB);
      |        ^~~~~~~~~~~~~~~~~~~~~~~~~
                       ../rtl/Memory/memory_map_pck.sv:23:9: ... Location of module with timescale
   23 | package memory_map_pck;
      |         ^~~~~~~~~~~~~~
%Warning-TIMESCALEMOD: /home/tatua7806/arkhe/asic/run/arkhe/tmp/b68cb3e7b54240e88a68da0760c422b6.bb.v:7706:8: Timescale missing on this module as other modules have it (IEEE 1800-2023 3.14.2.3)
 7706 | module sky130_fd_sc_hd__sdfrtn_1(Q, CLK_N, D, SCD, SCE, RESET_B, VPWR, VGND, VPB, VNB);
      |        ^~~~~~~~~~~~~~~~~~~~~~~~~
                       ../rtl/Memory/memory_map_pck.sv:23:9: ... Location of module with timescale
   23 | package memory_map_pck;
      |         ^~~~~~~~~~~~~~
%Warning-TIMESCALEMOD: /home/tatua7806/arkhe/asic/run/arkhe/tmp/b68cb3e7b54240e88a68da0760c422b6.bb.v:7729:8: Timescale missing on this module as other modules have it (IEEE 1800-2023 3.14.2.3)
 7729 | module sky130_fd_sc_hd__sdfrtp_1(Q, CLK, D, SCD, SCE, RESET_B, VPWR, VGND, VPB, VNB);
      |        ^~~~~~~~~~~~~~~~~~~~~~~~~
                       ../rtl/Memory/memory_map_pck.sv:23:9: ... Location of module with timescale
   23 | package memory_map_pck;
      |         ^~~~~~~~~~~~~~
%Warning-TIMESCALEMOD: /home/tatua7806/arkhe/asic/run/arkhe/tmp/b68cb3e7b54240e88a68da0760c422b6.bb.v:7752:8: Timescale missing on this module as other modules have it (IEEE 1800-2023 3.14.2.3)
 7752 | module sky130_fd_sc_hd__sdfrtp_2(Q, CLK, D, SCD, SCE, RESET_B, VPWR, VGND, VPB, VNB);
      |        ^~~~~~~~~~~~~~~~~~~~~~~~~
                       ../rtl/Memory/memory_map_pck.sv:23:9: ... Location of module with timescale
   23 | package memory_map_pck;
      |         ^~~~~~~~~~~~~~
%Warning-TIMESCALEMOD: /home/tatua7806/arkhe/asic/run/arkhe/tmp/b68cb3e7b54240e88a68da0760c422b6.bb.v:7775:8: Timescale missing on this module as other modules have it (IEEE 1800-2023 3.14.2.3)
 7775 | module sky130_fd_sc_hd__sdfrtp_4(Q, CLK, D, SCD, SCE, RESET_B, VPWR, VGND, VPB, VNB);
      |        ^~~~~~~~~~~~~~~~~~~~~~~~~
                       ../rtl/Memory/memory_map_pck.sv:23:9: ... Location of module with timescale
   23 | package memory_map_pck;
      |         ^~~~~~~~~~~~~~
%Warning-TIMESCALEMOD: /home/tatua7806/arkhe/asic/run/arkhe/tmp/b68cb3e7b54240e88a68da0760c422b6.bb.v:7798:8: Timescale missing on this module as other modules have it (IEEE 1800-2023 3.14.2.3)
 7798 | module sky130_fd_sc_hd__sdfsbp_1(Q, Q_N, CLK, D, SCD, SCE, SET_B, VPWR, VGND, VPB, VNB);
      |        ^~~~~~~~~~~~~~~~~~~~~~~~~
                       ../rtl/Memory/memory_map_pck.sv:23:9: ... Location of module with timescale
   23 | package memory_map_pck;
      |         ^~~~~~~~~~~~~~
%Warning-TIMESCALEMOD: /home/tatua7806/arkhe/asic/run/arkhe/tmp/b68cb3e7b54240e88a68da0760c422b6.bb.v:7823:8: Timescale missing on this module as other modules have it (IEEE 1800-2023 3.14.2.3)
 7823 | module sky130_fd_sc_hd__sdfsbp_2(Q, Q_N, CLK, D, SCD, SCE, SET_B, VPWR, VGND, VPB, VNB);
      |        ^~~~~~~~~~~~~~~~~~~~~~~~~
                       ../rtl/Memory/memory_map_pck.sv:23:9: ... Location of module with timescale
   23 | package memory_map_pck;
      |         ^~~~~~~~~~~~~~
%Warning-TIMESCALEMOD: /home/tatua7806/arkhe/asic/run/arkhe/tmp/b68cb3e7b54240e88a68da0760c422b6.bb.v:7848:8: Timescale missing on this module as other modules have it (IEEE 1800-2023 3.14.2.3)
 7848 | module sky130_fd_sc_hd__sdfstp_1(Q, CLK, D, SCD, SCE, SET_B, VPWR, VGND, VPB, VNB);
      |        ^~~~~~~~~~~~~~~~~~~~~~~~~
                       ../rtl/Memory/memory_map_pck.sv:23:9: ... Location of module with timescale
   23 | package memory_map_pck;
      |         ^~~~~~~~~~~~~~
%Warning-TIMESCALEMOD: /home/tatua7806/arkhe/asic/run/arkhe/tmp/b68cb3e7b54240e88a68da0760c422b6.bb.v:7871:8: Timescale missing on this module as other modules have it (IEEE 1800-2023 3.14.2.3)
 7871 | module sky130_fd_sc_hd__sdfstp_2(Q, CLK, D, SCD, SCE, SET_B, VPWR, VGND, VPB, VNB);
      |        ^~~~~~~~~~~~~~~~~~~~~~~~~
                       ../rtl/Memory/memory_map_pck.sv:23:9: ... Location of module with timescale
   23 | package memory_map_pck;
      |         ^~~~~~~~~~~~~~
%Warning-TIMESCALEMOD: /home/tatua7806/arkhe/asic/run/arkhe/tmp/b68cb3e7b54240e88a68da0760c422b6.bb.v:7894:8: Timescale missing on this module as other modules have it (IEEE 1800-2023 3.14.2.3)
 7894 | module sky130_fd_sc_hd__sdfstp_4(Q, CLK, D, SCD, SCE, SET_B, VPWR, VGND, VPB, VNB);
      |        ^~~~~~~~~~~~~~~~~~~~~~~~~
                       ../rtl/Memory/memory_map_pck.sv:23:9: ... Location of module with timescale
   23 | package memory_map_pck;
      |         ^~~~~~~~~~~~~~
%Warning-TIMESCALEMOD: /home/tatua7806/arkhe/asic/run/arkhe/tmp/b68cb3e7b54240e88a68da0760c422b6.bb.v:7917:8: Timescale missing on this module as other modules have it (IEEE 1800-2023 3.14.2.3)
 7917 | module sky130_fd_sc_hd__sdfxbp_1(Q, Q_N, CLK, D, SCD, SCE, VPWR, VGND, VPB, VNB);
      |        ^~~~~~~~~~~~~~~~~~~~~~~~~
                       ../rtl/Memory/memory_map_pck.sv:23:9: ... Location of module with timescale
   23 | package memory_map_pck;
      |         ^~~~~~~~~~~~~~
%Warning-TIMESCALEMOD: /home/tatua7806/arkhe/asic/run/arkhe/tmp/b68cb3e7b54240e88a68da0760c422b6.bb.v:7940:8: Timescale missing on this module as other modules have it (IEEE 1800-2023 3.14.2.3)
 7940 | module sky130_fd_sc_hd__sdfxbp_2(Q, Q_N, CLK, D, SCD, SCE, VPWR, VGND, VPB, VNB);
      |        ^~~~~~~~~~~~~~~~~~~~~~~~~
                       ../rtl/Memory/memory_map_pck.sv:23:9: ... Location of module with timescale
   23 | package memory_map_pck;
      |         ^~~~~~~~~~~~~~
%Warning-TIMESCALEMOD: /home/tatua7806/arkhe/asic/run/arkhe/tmp/b68cb3e7b54240e88a68da0760c422b6.bb.v:7963:8: Timescale missing on this module as other modules have it (IEEE 1800-2023 3.14.2.3)
 7963 | module sky130_fd_sc_hd__sdfxtp_1(Q, CLK, D, SCD, SCE, VPWR, VGND, VPB, VNB);
      |        ^~~~~~~~~~~~~~~~~~~~~~~~~
                       ../rtl/Memory/memory_map_pck.sv:23:9: ... Location of module with timescale
   23 | package memory_map_pck;
      |         ^~~~~~~~~~~~~~
%Warning-TIMESCALEMOD: /home/tatua7806/arkhe/asic/run/arkhe/tmp/b68cb3e7b54240e88a68da0760c422b6.bb.v:7984:8: Timescale missing on this module as other modules have it (IEEE 1800-2023 3.14.2.3)
 7984 | module sky130_fd_sc_hd__sdfxtp_2(Q, CLK, D, SCD, SCE, VPWR, VGND, VPB, VNB);
      |        ^~~~~~~~~~~~~~~~~~~~~~~~~
                       ../rtl/Memory/memory_map_pck.sv:23:9: ... Location of module with timescale
   23 | package memory_map_pck;
      |         ^~~~~~~~~~~~~~
%Warning-TIMESCALEMOD: /home/tatua7806/arkhe/asic/run/arkhe/tmp/b68cb3e7b54240e88a68da0760c422b6.bb.v:8005:8: Timescale missing on this module as other modules have it (IEEE 1800-2023 3.14.2.3)
 8005 | module sky130_fd_sc_hd__sdfxtp_4(Q, CLK, D, SCD, SCE, VPWR, VGND, VPB, VNB);
      |        ^~~~~~~~~~~~~~~~~~~~~~~~~
                       ../rtl/Memory/memory_map_pck.sv:23:9: ... Location of module with timescale
   23 | package memory_map_pck;
      |         ^~~~~~~~~~~~~~
%Warning-TIMESCALEMOD: /home/tatua7806/arkhe/asic/run/arkhe/tmp/b68cb3e7b54240e88a68da0760c422b6.bb.v:8026:8: Timescale missing on this module as other modules have it (IEEE 1800-2023 3.14.2.3)
 8026 | module sky130_fd_sc_hd__sdlclkp_1(GCLK, SCE, GATE, CLK, VPWR, VGND, VPB, VNB);
      |        ^~~~~~~~~~~~~~~~~~~~~~~~~~
                       ../rtl/Memory/memory_map_pck.sv:23:9: ... Location of module with timescale
   23 | package memory_map_pck;
      |         ^~~~~~~~~~~~~~
%Warning-TIMESCALEMOD: /home/tatua7806/arkhe/asic/run/arkhe/tmp/b68cb3e7b54240e88a68da0760c422b6.bb.v:8045:8: Timescale missing on this module as other modules have it (IEEE 1800-2023 3.14.2.3)
 8045 | module sky130_fd_sc_hd__sdlclkp_2(GCLK, SCE, GATE, CLK, VPWR, VGND, VPB, VNB);
      |        ^~~~~~~~~~~~~~~~~~~~~~~~~~
                       ../rtl/Memory/memory_map_pck.sv:23:9: ... Location of module with timescale
   23 | package memory_map_pck;
      |         ^~~~~~~~~~~~~~
%Warning-TIMESCALEMOD: /home/tatua7806/arkhe/asic/run/arkhe/tmp/b68cb3e7b54240e88a68da0760c422b6.bb.v:8064:8: Timescale missing on this module as other modules have it (IEEE 1800-2023 3.14.2.3)
 8064 | module sky130_fd_sc_hd__sdlclkp_4(GCLK, SCE, GATE, CLK, VPWR, VGND, VPB, VNB);
      |        ^~~~~~~~~~~~~~~~~~~~~~~~~~
                       ../rtl/Memory/memory_map_pck.sv:23:9: ... Location of module with timescale
   23 | package memory_map_pck;
      |         ^~~~~~~~~~~~~~
%Warning-TIMESCALEMOD: /home/tatua7806/arkhe/asic/run/arkhe/tmp/b68cb3e7b54240e88a68da0760c422b6.bb.v:8083:8: Timescale missing on this module as other modules have it (IEEE 1800-2023 3.14.2.3)
 8083 | module sky130_fd_sc_hd__sedfxbp_1(Q, Q_N, CLK, D, DE, SCD, SCE, VPWR, VGND, VPB, VNB);
      |        ^~~~~~~~~~~~~~~~~~~~~~~~~~
                       ../rtl/Memory/memory_map_pck.sv:23:9: ... Location of module with timescale
   23 | package memory_map_pck;
      |         ^~~~~~~~~~~~~~
%Warning-TIMESCALEMOD: /home/tatua7806/arkhe/asic/run/arkhe/tmp/b68cb3e7b54240e88a68da0760c422b6.bb.v:8108:8: Timescale missing on this module as other modules have it (IEEE 1800-2023 3.14.2.3)
 8108 | module sky130_fd_sc_hd__sedfxbp_2(Q, Q_N, CLK, D, DE, SCD, SCE, VPWR, VGND, VPB, VNB);
      |        ^~~~~~~~~~~~~~~~~~~~~~~~~~
                       ../rtl/Memory/memory_map_pck.sv:23:9: ... Location of module with timescale
   23 | package memory_map_pck;
      |         ^~~~~~~~~~~~~~
%Warning-TIMESCALEMOD: /home/tatua7806/arkhe/asic/run/arkhe/tmp/b68cb3e7b54240e88a68da0760c422b6.bb.v:8133:8: Timescale missing on this module as other modules have it (IEEE 1800-2023 3.14.2.3)
 8133 | module sky130_fd_sc_hd__sedfxtp_1(Q, CLK, D, DE, SCD, SCE, VPWR, VGND, VPB, VNB);
      |        ^~~~~~~~~~~~~~~~~~~~~~~~~~
                       ../rtl/Memory/memory_map_pck.sv:23:9: ... Location of module with timescale
   23 | package memory_map_pck;
      |         ^~~~~~~~~~~~~~
%Warning-TIMESCALEMOD: /home/tatua7806/arkhe/asic/run/arkhe/tmp/b68cb3e7b54240e88a68da0760c422b6.bb.v:8156:8: Timescale missing on this module as other modules have it (IEEE 1800-2023 3.14.2.3)
 8156 | module sky130_fd_sc_hd__sedfxtp_2(Q, CLK, D, DE, SCD, SCE, VPWR, VGND, VPB, VNB);
      |        ^~~~~~~~~~~~~~~~~~~~~~~~~~
                       ../rtl/Memory/memory_map_pck.sv:23:9: ... Location of module with timescale
   23 | package memory_map_pck;
      |         ^~~~~~~~~~~~~~
%Warning-TIMESCALEMOD: /home/tatua7806/arkhe/asic/run/arkhe/tmp/b68cb3e7b54240e88a68da0760c422b6.bb.v:8179:8: Timescale missing on this module as other modules have it (IEEE 1800-2023 3.14.2.3)
 8179 | module sky130_fd_sc_hd__sedfxtp_4(Q, CLK, D, DE, SCD, SCE, VPWR, VGND, VPB, VNB);
      |        ^~~~~~~~~~~~~~~~~~~~~~~~~~
                       ../rtl/Memory/memory_map_pck.sv:23:9: ... Location of module with timescale
   23 | package memory_map_pck;
      |         ^~~~~~~~~~~~~~
%Warning-TIMESCALEMOD: /home/tatua7806/arkhe/asic/run/arkhe/tmp/b68cb3e7b54240e88a68da0760c422b6.bb.v:8202:8: Timescale missing on this module as other modules have it (IEEE 1800-2023 3.14.2.3)
 8202 | module sky130_fd_sc_hd__tap_1(VPWR, VGND, VPB, VNB);
      |        ^~~~~~~~~~~~~~~~~~~~~~
                       ../rtl/Memory/memory_map_pck.sv:23:9: ... Location of module with timescale
   23 | package memory_map_pck;
      |         ^~~~~~~~~~~~~~
%Warning-TIMESCALEMOD: /home/tatua7806/arkhe/asic/run/arkhe/tmp/b68cb3e7b54240e88a68da0760c422b6.bb.v:8213:8: Timescale missing on this module as other modules have it (IEEE 1800-2023 3.14.2.3)
 8213 | module sky130_fd_sc_hd__tap_2(VPWR, VGND, VPB, VNB);
      |        ^~~~~~~~~~~~~~~~~~~~~~
                       ../rtl/Memory/memory_map_pck.sv:23:9: ... Location of module with timescale
   23 | package memory_map_pck;
      |         ^~~~~~~~~~~~~~
%Warning-TIMESCALEMOD: /home/tatua7806/arkhe/asic/run/arkhe/tmp/b68cb3e7b54240e88a68da0760c422b6.bb.v:8224:8: Timescale missing on this module as other modules have it (IEEE 1800-2023 3.14.2.3)
 8224 | module sky130_fd_sc_hd__tapvgnd2_1(VPWR, VGND, VPB, VNB);
      |        ^~~~~~~~~~~~~~~~~~~~~~~~~~~
                       ../rtl/Memory/memory_map_pck.sv:23:9: ... Location of module with timescale
   23 | package memory_map_pck;
      |         ^~~~~~~~~~~~~~
%Warning-TIMESCALEMOD: /home/tatua7806/arkhe/asic/run/arkhe/tmp/b68cb3e7b54240e88a68da0760c422b6.bb.v:8235:8: Timescale missing on this module as other modules have it (IEEE 1800-2023 3.14.2.3)
 8235 | module sky130_fd_sc_hd__tapvgnd_1(VPWR, VGND, VPB, VNB);
      |        ^~~~~~~~~~~~~~~~~~~~~~~~~~
                       ../rtl/Memory/memory_map_pck.sv:23:9: ... Location of module with timescale
   23 | package memory_map_pck;
      |         ^~~~~~~~~~~~~~
%Warning-TIMESCALEMOD: /home/tatua7806/arkhe/asic/run/arkhe/tmp/b68cb3e7b54240e88a68da0760c422b6.bb.v:8246:8: Timescale missing on this module as other modules have it (IEEE 1800-2023 3.14.2.3)
 8246 | module sky130_fd_sc_hd__tapvpwrvgnd_1(VPWR, VGND, VPB, VNB);
      |        ^~~~~~~~~~~~~~~~~~~~~~~~~~~~~~
                       ../rtl/Memory/memory_map_pck.sv:23:9: ... Location of module with timescale
   23 | package memory_map_pck;
      |         ^~~~~~~~~~~~~~
%Warning-TIMESCALEMOD: /home/tatua7806/arkhe/asic/run/arkhe/tmp/b68cb3e7b54240e88a68da0760c422b6.bb.v:8257:8: Timescale missing on this module as other modules have it (IEEE 1800-2023 3.14.2.3)
 8257 | module sky130_fd_sc_hd__xnor2_1(Y, A, B, VPWR, VGND, VPB, VNB);
      |        ^~~~~~~~~~~~~~~~~~~~~~~~
                       ../rtl/Memory/memory_map_pck.sv:23:9: ... Location of module with timescale
   23 | package memory_map_pck;
      |         ^~~~~~~~~~~~~~
%Warning-TIMESCALEMOD: /home/tatua7806/arkhe/asic/run/arkhe/tmp/b68cb3e7b54240e88a68da0760c422b6.bb.v:8274:8: Timescale missing on this module as other modules have it (IEEE 1800-2023 3.14.2.3)
 8274 | module sky130_fd_sc_hd__xnor2_2(Y, A, B, VPWR, VGND, VPB, VNB);
      |        ^~~~~~~~~~~~~~~~~~~~~~~~
                       ../rtl/Memory/memory_map_pck.sv:23:9: ... Location of module with timescale
   23 | package memory_map_pck;
      |         ^~~~~~~~~~~~~~
%Warning-TIMESCALEMOD: /home/tatua7806/arkhe/asic/run/arkhe/tmp/b68cb3e7b54240e88a68da0760c422b6.bb.v:8291:8: Timescale missing on this module as other modules have it (IEEE 1800-2023 3.14.2.3)
 8291 | module sky130_fd_sc_hd__xnor2_4(Y, A, B, VPWR, VGND, VPB, VNB);
      |        ^~~~~~~~~~~~~~~~~~~~~~~~
                       ../rtl/Memory/memory_map_pck.sv:23:9: ... Location of module with timescale
   23 | package memory_map_pck;
      |         ^~~~~~~~~~~~~~
%Warning-TIMESCALEMOD: /home/tatua7806/arkhe/asic/run/arkhe/tmp/b68cb3e7b54240e88a68da0760c422b6.bb.v:8308:8: Timescale missing on this module as other modules have it (IEEE 1800-2023 3.14.2.3)
 8308 | module sky130_fd_sc_hd__xnor3_1(X, A, B, C, VPWR, VGND, VPB, VNB);
      |        ^~~~~~~~~~~~~~~~~~~~~~~~
                       ../rtl/Memory/memory_map_pck.sv:23:9: ... Location of module with timescale
   23 | package memory_map_pck;
      |         ^~~~~~~~~~~~~~
%Warning-TIMESCALEMOD: /home/tatua7806/arkhe/asic/run/arkhe/tmp/b68cb3e7b54240e88a68da0760c422b6.bb.v:8327:8: Timescale missing on this module as other modules have it (IEEE 1800-2023 3.14.2.3)
 8327 | module sky130_fd_sc_hd__xnor3_2(X, A, B, C, VPWR, VGND, VPB, VNB);
      |        ^~~~~~~~~~~~~~~~~~~~~~~~
                       ../rtl/Memory/memory_map_pck.sv:23:9: ... Location of module with timescale
   23 | package memory_map_pck;
      |         ^~~~~~~~~~~~~~
%Warning-TIMESCALEMOD: /home/tatua7806/arkhe/asic/run/arkhe/tmp/b68cb3e7b54240e88a68da0760c422b6.bb.v:8346:8: Timescale missing on this module as other modules have it (IEEE 1800-2023 3.14.2.3)
 8346 | module sky130_fd_sc_hd__xnor3_4(X, A, B, C, VPWR, VGND, VPB, VNB);
      |        ^~~~~~~~~~~~~~~~~~~~~~~~
                       ../rtl/Memory/memory_map_pck.sv:23:9: ... Location of module with timescale
   23 | package memory_map_pck;
      |         ^~~~~~~~~~~~~~
%Warning-TIMESCALEMOD: /home/tatua7806/arkhe/asic/run/arkhe/tmp/b68cb3e7b54240e88a68da0760c422b6.bb.v:8365:8: Timescale missing on this module as other modules have it (IEEE 1800-2023 3.14.2.3)
 8365 | module sky130_fd_sc_hd__xor2_1(X, A, B, VPWR, VGND, VPB, VNB);
      |        ^~~~~~~~~~~~~~~~~~~~~~~
                       ../rtl/Memory/memory_map_pck.sv:23:9: ... Location of module with timescale
   23 | package memory_map_pck;
      |         ^~~~~~~~~~~~~~
%Warning-TIMESCALEMOD: /home/tatua7806/arkhe/asic/run/arkhe/tmp/b68cb3e7b54240e88a68da0760c422b6.bb.v:8382:8: Timescale missing on this module as other modules have it (IEEE 1800-2023 3.14.2.3)
 8382 | module sky130_fd_sc_hd__xor2_2(X, A, B, VPWR, VGND, VPB, VNB);
      |        ^~~~~~~~~~~~~~~~~~~~~~~
                       ../rtl/Memory/memory_map_pck.sv:23:9: ... Location of module with timescale
   23 | package memory_map_pck;
      |         ^~~~~~~~~~~~~~
%Warning-TIMESCALEMOD: /home/tatua7806/arkhe/asic/run/arkhe/tmp/b68cb3e7b54240e88a68da0760c422b6.bb.v:8399:8: Timescale missing on this module as other modules have it (IEEE 1800-2023 3.14.2.3)
 8399 | module sky130_fd_sc_hd__xor2_4(X, A, B, VPWR, VGND, VPB, VNB);
      |        ^~~~~~~~~~~~~~~~~~~~~~~
                       ../rtl/Memory/memory_map_pck.sv:23:9: ... Location of module with timescale
   23 | package memory_map_pck;
      |         ^~~~~~~~~~~~~~
%Warning-TIMESCALEMOD: /home/tatua7806/arkhe/asic/run/arkhe/tmp/b68cb3e7b54240e88a68da0760c422b6.bb.v:8416:8: Timescale missing on this module as other modules have it (IEEE 1800-2023 3.14.2.3)
 8416 | module sky130_fd_sc_hd__xor3_1(X, A, B, C, VPWR, VGND, VPB, VNB);
      |        ^~~~~~~~~~~~~~~~~~~~~~~
                       ../rtl/Memory/memory_map_pck.sv:23:9: ... Location of module with timescale
   23 | package memory_map_pck;
      |         ^~~~~~~~~~~~~~
%Warning-TIMESCALEMOD: /home/tatua7806/arkhe/asic/run/arkhe/tmp/b68cb3e7b54240e88a68da0760c422b6.bb.v:8435:8: Timescale missing on this module as other modules have it (IEEE 1800-2023 3.14.2.3)
 8435 | module sky130_fd_sc_hd__xor3_2(X, A, B, C, VPWR, VGND, VPB, VNB);
      |        ^~~~~~~~~~~~~~~~~~~~~~~
                       ../rtl/Memory/memory_map_pck.sv:23:9: ... Location of module with timescale
   23 | package memory_map_pck;
      |         ^~~~~~~~~~~~~~
%Warning-TIMESCALEMOD: /home/tatua7806/arkhe/asic/run/arkhe/tmp/b68cb3e7b54240e88a68da0760c422b6.bb.v:8454:8: Timescale missing on this module as other modules have it (IEEE 1800-2023 3.14.2.3)
 8454 | module sky130_fd_sc_hd__xor3_4(X, A, B, C, VPWR, VGND, VPB, VNB);
      |        ^~~~~~~~~~~~~~~~~~~~~~~
                       ../rtl/Memory/memory_map_pck.sv:23:9: ... Location of module with timescale
   23 | package memory_map_pck;
      |         ^~~~~~~~~~~~~~
%Warning-TIMESCALEMOD: /home/tatua7806/arkhe/asic/run/arkhe/tmp/4ee09597d123456a8334ccc4660c335f.bb.v:3:8: Timescale missing on this module as other modules have it (IEEE 1800-2023 3.14.2.3)
    3 | module sky130_sram_2kbyte_1rw1r_32x512_8(vccd1, vssd1, clk0, csb0, web0, wmask0, addr0, din0, dout0, clk1, csb1, addr1, dout1);
      |        ^~~~~~~~~~~~~~~~~~~~~~~~~~~~~~~~~
                       ../rtl/Memory/memory_map_pck.sv:23:9: ... Location of module with timescale
   23 | package memory_map_pck;
      |         ^~~~~~~~~~~~~~
%Warning-TIMESCALEMOD: ../rtl/Cevre_Birimleri/files_1/uart_pkg.sv:7:9: Timescale missing on this module as other modules have it (IEEE 1800-2023 3.14.2.3)
    7 | package uart_pkg;
      |         ^~~~~~~~
                       ../rtl/Memory/memory_map_pck.sv:23:9: ... Location of module with timescale
   23 | package memory_map_pck;
      |         ^~~~~~~~~~~~~~
%Warning-TIMESCALEMOD: ../rtl/boot/boot_rom_pkg.sv:18:9: Timescale missing on this module as other modules have it (IEEE 1800-2023 3.14.2.3)
   18 | package boot_rom_pkg;
      |         ^~~~~~~~~~~~
                       ../rtl/Memory/memory_map_pck.sv:23:9: ... Location of module with timescale
   23 | package memory_map_pck;
      |         ^~~~~~~~~~~~~~
%Warning-TIMESCALEMOD: ../rtl/npu/npu_weights_pkg.sv:18:9: Timescale missing on this module as other modules have it (IEEE 1800-2023 3.14.2.3)
   18 | package npu_weights_pkg;
      |         ^~~~~~~~~~~~~~~
                       ../rtl/Memory/memory_map_pck.sv:23:9: ... Location of module with timescale
   23 | package memory_map_pck;
      |         ^~~~~~~~~~~~~~
%Warning-GENUNNAMED: ../rtl/cv32e40p-master/rtl/cv32e40p_id_stage.sv:777:22: Unnamed generate block 'genblk1' (IEEE 1800-2023 27.6)
                                                                           : ... Suggest assign a label with 'begin : gen_<label_name>'
  777 |     if (!COREV_PULP) begin
      |                      ^~~~~
                     ... For warning description see https://verilator.org/warn/GENUNNAMED?v=5.044
                     ... Use "/* verilator lint_off GENUNNAMED */" and lint_on around source to disable this message.
%Warning-GENUNNAMED: ../rtl/cv32e40p-master/rtl/cv32e40p_id_stage.sv:779:14: Unnamed generate block 'genblk1' (IEEE 1800-2023 27.6)
                                                                           : ... Suggest assign a label with 'begin : gen_<label_name>'
  779 |     end else begin
      |              ^~~~~
%Warning-GENUNNAMED: ../rtl/cv32e40p-master/rtl/cv32e40p_id_stage.sv:798:54: Unnamed generate block 'genblk1' (IEEE 1800-2023 27.6)
                                                                           : ... Suggest assign a label with 'begin : gen_<label_name>'
  798 |       if (APU_NARGS_CPU >= 1) assign apu_operands[0] = alu_operand_a;
      |                                                      ^
%Warning-GENUNNAMED: ../rtl/cv32e40p-master/rtl/cv32e40p_id_stage.sv:799:54: Unnamed generate block 'genblk2' (IEEE 1800-2023 27.6)
                                                                           : ... Suggest assign a label with 'begin : gen_<label_name>'
  799 |       if (APU_NARGS_CPU >= 2) assign apu_operands[1] = alu_operand_b;
      |                                                      ^
%Warning-GENUNNAMED: ../rtl/cv32e40p-master/rtl/cv32e40p_id_stage.sv:800:54: Unnamed generate block 'genblk3' (IEEE 1800-2023 27.6)
                                                                           : ... Suggest assign a label with 'begin : gen_<label_name>'
  800 |       if (APU_NARGS_CPU >= 3) assign apu_operands[2] = alu_operand_c;
      |                                                      ^
%Warning-VARHIDDEN: ../rtl/cv32e40p-master/rtl/cv32e40p_id_stage.sv:46:15: Declaration of signal hides declaration in upper scope: 'APU_NARGS_CPU'
   46 |     parameter APU_NARGS_CPU = 3,
      |               ^~~~~~~~~~~~~
                    ../rtl/cv32e40p-master/rtl/include/cv32e40p_apu_core_pkg.sv:25:13: ... Location of original declaration
   25 |   parameter APU_NARGS_CPU = 3;
      |             ^~~~~~~~~~~~~
                    ... For warning description see https://verilator.org/warn/VARHIDDEN?v=5.044
                    ... Use "/* verilator lint_off VARHIDDEN */" and lint_on around source to disable this message.
%Warning-VARHIDDEN: ../rtl/cv32e40p-master/rtl/cv32e40p_id_stage.sv:47:15: Declaration of signal hides declaration in upper scope: 'APU_WOP_CPU'
   47 |     parameter APU_WOP_CPU = 6,
      |               ^~~~~~~~~~~
                    ../rtl/cv32e40p-master/rtl/include/cv32e40p_apu_core_pkg.sv:26:13: ... Location of original declaration
   26 |   parameter APU_WOP_CPU = 6;
      |             ^~~~~~~~~~~
%Warning-VARHIDDEN: ../rtl/cv32e40p-master/rtl/cv32e40p_id_stage.sv:48:15: Declaration of signal hides declaration in upper scope: 'APU_NDSFLAGS_CPU'
   48 |     parameter APU_NDSFLAGS_CPU = 15,
      |               ^~~~~~~~~~~~~~~~
                    ../rtl/cv32e40p-master/rtl/include/cv32e40p_apu_core_pkg.sv:27:13: ... Location of original declaration
   27 |   parameter APU_NDSFLAGS_CPU = 15;
      |             ^~~~~~~~~~~~~~~~
%Warning-VARHIDDEN: ../rtl/cv32e40p-master/rtl/cv32e40p_id_stage.sv:49:15: Declaration of signal hides declaration in upper scope: 'APU_NUSFLAGS_CPU'
   49 |     parameter APU_NUSFLAGS_CPU = 5,
      |               ^~~~~~~~~~~~~~~~
                    ../rtl/cv32e40p-master/rtl/include/cv32e40p_apu_core_pkg.sv:28:13: ... Location of original declaration
   28 |   parameter APU_NUSFLAGS_CPU = 5;
      |             ^~~~~~~~~~~~~~~~
%Warning-VARHIDDEN: ../rtl/cv32e40p-master/rtl/cv32e40p_decoder.sv:42:13: Declaration of signal hides declaration in upper scope: 'APU_WOP_CPU'
   42 |   parameter APU_WOP_CPU       = 6,
      |             ^~~~~~~~~~~
                    ../rtl/cv32e40p-master/rtl/include/cv32e40p_apu_core_pkg.sv:26:13: ... Location of original declaration
   26 |   parameter APU_WOP_CPU = 6;
      |             ^~~~~~~~~~~
%Warning-VARHIDDEN: ../rtl/cv32e40p-master/rtl/cv32e40p_ex_stage.sv:38:15: Declaration of signal hides declaration in upper scope: 'APU_NARGS_CPU'
   38 |     parameter APU_NARGS_CPU    = 3,
      |               ^~~~~~~~~~~~~
                    ../rtl/cv32e40p-master/rtl/include/cv32e40p_apu_core_pkg.sv:25:13: ... Location of original declaration
   25 |   parameter APU_NARGS_CPU = 3;
      |             ^~~~~~~~~~~~~
%Warning-VARHIDDEN: ../rtl/cv32e40p-master/rtl/cv32e40p_ex_stage.sv:39:15: Declaration of signal hides declaration in upper scope: 'APU_WOP_CPU'
   39 |     parameter APU_WOP_CPU      = 6,
      |               ^~~~~~~~~~~
                    ../rtl/cv32e40p-master/rtl/include/cv32e40p_apu_core_pkg.sv:26:13: ... Location of original declaration
   26 |   parameter APU_WOP_CPU = 6;
      |             ^~~~~~~~~~~
%Warning-VARHIDDEN: ../rtl/cv32e40p-master/rtl/cv32e40p_ex_stage.sv:40:15: Declaration of signal hides declaration in upper scope: 'APU_NDSFLAGS_CPU'
   40 |     parameter APU_NDSFLAGS_CPU = 15,
      |               ^~~~~~~~~~~~~~~~
                    ../rtl/cv32e40p-master/rtl/include/cv32e40p_apu_core_pkg.sv:27:13: ... Location of original declaration
   27 |   parameter APU_NDSFLAGS_CPU = 15;
      |             ^~~~~~~~~~~~~~~~
%Warning-VARHIDDEN: ../rtl/cv32e40p-master/rtl/cv32e40p_ex_stage.sv:41:15: Declaration of signal hides declaration in upper scope: 'APU_NUSFLAGS_CPU'
   41 |     parameter APU_NUSFLAGS_CPU = 5
      |               ^~~~~~~~~~~~~~~~
                    ../rtl/cv32e40p-master/rtl/include/cv32e40p_apu_core_pkg.sv:28:13: ... Location of original declaration
   28 |   parameter APU_NUSFLAGS_CPU = 5;
      |             ^~~~~~~~~~~~~~~~
%Warning-WIDTHEXPAND: ../rtl/cv32e40p-master/rtl/cv32e40p_fifo.sv:128:49: Operator COND expects 2 bits on the Conditional True, but Conditional True's CONST '1'h1' generates 1 bits.
                                                                        : ... note: In instance 'soc_top.u_core.if_stage_i.prefetch_buffer_i.fifo_i'
  128 |           status_cnt_q    <= (status_cnt_q > 0) ? 1'b1 : '0;
      |                                                 ^
                      ... For warning description see https://verilator.org/warn/WIDTHEXPAND?v=5.044
                      ... Use "/* verilator lint_off WIDTHEXPAND */" and lint_on around source to disable this message.
%Warning-WIDTHEXPAND: ../rtl/cv32e40p-master/rtl/cv32e40p_prefetch_controller.sv:114:26: Operator NEQ expects 3 bits on the LHS, but LHS's VARREF 'cnt_q' generates 2 bits.
                                                                                       : ... note: In instance 'soc_top.u_core.if_stage_i.prefetch_buffer_i.prefetch_controller_i'
  114 |   assign busy_o = (cnt_q != 3'b000) || trans_valid_o;
      |                          ^~
%Warning-WIDTHTRUNC: ../rtl/cv32e40p-master/rtl/cv32e40p_ff_one.sv:48:27: Operator ASSIGNW expects 5 bits on the Assign RHS, but Assign RHS's UNSIGNED generates 32 bits.
                                                                        : ... note: In instance 'soc_top.u_core.ex_stage_i.alu_i.ff_one_i'
   48 |       assign index_lut[j] = $unsigned(j);
      |                           ^
                     ... For warning description see https://verilator.org/warn/WIDTHTRUNC?v=5.044
                     ... Use "/* verilator lint_off WIDTHTRUNC */" and lint_on around source to disable this message.
%Warning-WIDTHEXPAND: ../rtl/cv32e40p-master/rtl/cv32e40p_decoder.sv:422:35: Operator ASSIGN expects 2 bits on the Assign RHS, but Assign RHS's CONST '1'h1' generates 1 bits.
                                                                           : ... note: In instance 'soc_top.u_core.id_stage_i.decoder_i'
  422 |             data_sign_extension_o = 1'b1;
      |                                   ^
%Warning-WIDTHEXPAND: ../rtl/cv32e40p-master/rtl/cv32e40p_decoder.sv:893:79: Operator COND expects 32 bits on the Conditional False, but Conditional False's CONST '2'h3' generates 2 bits.
                                                                           : ... note: In instance 'soc_top.u_core.id_stage_i.decoder_i'
  893 |                     cv32e40p_fpu_pkg::FP16    : apu_lat_o = (C_LAT_FP16<2)    ? C_LAT_FP16+1    : 2'h3;
      |                                                                               ^
%Warning-WIDTHTRUNC: ../rtl/cv32e40p-master/rtl/cv32e40p_decoder.sv:893:59: Operator ASSIGN expects 2 bits on the Assign RHS, but Assign RHS's COND generates 32 bits.
                                                                          : ... note: In instance 'soc_top.u_core.id_stage_i.decoder_i'
  893 |                     cv32e40p_fpu_pkg::FP16    : apu_lat_o = (C_LAT_FP16<2)    ? C_LAT_FP16+1    : 2'h3;
      |                                                           ^
%Warning-WIDTHEXPAND: ../rtl/cv32e40p-master/rtl/cv32e40p_decoder.sv:894:79: Operator COND expects 32 bits on the Conditional False, but Conditional False's CONST '2'h3' generates 2 bits.
                                                                           : ... note: In instance 'soc_top.u_core.id_stage_i.decoder_i'
  894 |                     cv32e40p_fpu_pkg::FP16ALT : apu_lat_o = (C_LAT_FP16ALT<2) ? C_LAT_FP16ALT+1 : 2'h3;
      |                                                                               ^
%Warning-WIDTHTRUNC: ../rtl/cv32e40p-master/rtl/cv32e40p_decoder.sv:894:59: Operator ASSIGN expects 2 bits on the Assign RHS, but Assign RHS's COND generates 32 bits.
                                                                          : ... note: In instance 'soc_top.u_core.id_stage_i.decoder_i'
  894 |                     cv32e40p_fpu_pkg::FP16ALT : apu_lat_o = (C_LAT_FP16ALT<2) ? C_LAT_FP16ALT+1 : 2'h3;
      |                                                           ^
%Warning-WIDTHEXPAND: ../rtl/cv32e40p-master/rtl/cv32e40p_decoder.sv:895:79: Operator COND expects 32 bits on the Conditional False, but Conditional False's CONST '2'h3' generates 2 bits.
                                                                           : ... note: In instance 'soc_top.u_core.id_stage_i.decoder_i'
  895 |                     cv32e40p_fpu_pkg::FP8     : apu_lat_o = (C_LAT_FP8<2)     ? C_LAT_FP8+1     : 2'h3;
      |                                                                               ^
%Warning-WIDTHTRUNC: ../rtl/cv32e40p-master/rtl/cv32e40p_decoder.sv:895:59: Operator ASSIGN expects 2 bits on the Assign RHS, but Assign RHS's COND generates 32 bits.
                                                                          : ... note: In instance 'soc_top.u_core.id_stage_i.decoder_i'
  895 |                     cv32e40p_fpu_pkg::FP8     : apu_lat_o = (C_LAT_FP8<2)     ? C_LAT_FP8+1     : 2'h3;
      |                                                           ^
%Warning-WIDTHTRUNC: ../rtl/cv32e40p-master/rtl/cv32e40p_decoder.sv:1135:15: Logical operator IF expects 1 bit on the If, but If's SEL generates 2 bits.
                                                                           : ... note: In instance 'soc_top.u_core.id_stage_i.decoder_i'
 1135 |               if (instr_rdata_i[24:23]) illegal_insn_o = 1'b1;
      |               ^~
%Warning-WIDTHTRUNC: ../rtl/cv32e40p-master/rtl/cv32e40p_decoder.sv:1239:15: Logical operator IF expects 1 bit on the If, but If's SEL generates 4 bits.
                                                                           : ... note: In instance 'soc_top.u_core.id_stage_i.decoder_i'
 1239 |               if (instr_rdata_i[24:21]) illegal_insn_o = 1'b1;    
      |               ^~
%Warning-WIDTHTRUNC: ../rtl/cv32e40p-master/rtl/cv32e40p_decoder.sv:1249:15: Logical operator IF expects 1 bit on the If, but If's SEL generates 4 bits.
                                                                           : ... note: In instance 'soc_top.u_core.id_stage_i.decoder_i'
 1249 |               if (instr_rdata_i[24:21]) illegal_insn_o = 1'b1;    
      |               ^~
%Warning-WIDTHTRUNC: ../rtl/cv32e40p-master/rtl/cv32e40p_decoder.sv:1281:15: Logical operator IF expects 1 bit on the If, but If's SEL generates 5 bits.
                                                                           : ... note: In instance 'soc_top.u_core.id_stage_i.decoder_i'
 1281 |               if (instr_rdata_i[24:20]) illegal_insn_o = 1'b1;
      |               ^~
%Warning-WIDTHEXPAND: ../rtl/cv32e40p-master/rtl/cv32e40p_decoder.sv:1349:75: Operator COND expects 32 bits on the Conditional False, but Conditional False's CONST '2'h3' generates 2 bits.
                                                                            : ... note: In instance 'soc_top.u_core.id_stage_i.decoder_i'
 1349 |                 cv32e40p_fpu_pkg::FP64    : apu_lat_o = (C_LAT_FP64<2)    ? C_LAT_FP64+1    : 2'h3;
      |                                                                           ^
%Warning-WIDTHTRUNC: ../rtl/cv32e40p-master/rtl/cv32e40p_decoder.sv:1349:55: Operator ASSIGN expects 2 bits on the Assign RHS, but Assign RHS's COND generates 32 bits.
                                                                           : ... note: In instance 'soc_top.u_core.id_stage_i.decoder_i'
 1349 |                 cv32e40p_fpu_pkg::FP64    : apu_lat_o = (C_LAT_FP64<2)    ? C_LAT_FP64+1    : 2'h3;
      |                                                       ^
%Warning-WIDTHEXPAND: ../rtl/cv32e40p-master/rtl/cv32e40p_decoder.sv:1350:75: Operator COND expects 32 bits on the Conditional False, but Conditional False's CONST '2'h3' generates 2 bits.
                                                                            : ... note: In instance 'soc_top.u_core.id_stage_i.decoder_i'
 1350 |                 cv32e40p_fpu_pkg::FP16    : apu_lat_o = (C_LAT_FP16<2)    ? C_LAT_FP16+1    : 2'h3;
      |                                                                           ^
%Warning-WIDTHTRUNC: ../rtl/cv32e40p-master/rtl/cv32e40p_decoder.sv:1350:55: Operator ASSIGN expects 2 bits on the Assign RHS, but Assign RHS's COND generates 32 bits.
                                                                           : ... note: In instance 'soc_top.u_core.id_stage_i.decoder_i'
 1350 |                 cv32e40p_fpu_pkg::FP16    : apu_lat_o = (C_LAT_FP16<2)    ? C_LAT_FP16+1    : 2'h3;
      |                                                       ^
%Warning-WIDTHEXPAND: ../rtl/cv32e40p-master/rtl/cv32e40p_decoder.sv:1351:75: Operator COND expects 32 bits on the Conditional False, but Conditional False's CONST '2'h3' generates 2 bits.
                                                                            : ... note: In instance 'soc_top.u_core.id_stage_i.decoder_i'
 1351 |                 cv32e40p_fpu_pkg::FP16ALT : apu_lat_o = (C_LAT_FP16ALT<2) ? C_LAT_FP16ALT+1 : 2'h3;
      |                                                                           ^
%Warning-WIDTHTRUNC: ../rtl/cv32e40p-master/rtl/cv32e40p_decoder.sv:1351:55: Operator ASSIGN expects 2 bits on the Assign RHS, but Assign RHS's COND generates 32 bits.
                                                                           : ... note: In instance 'soc_top.u_core.id_stage_i.decoder_i'
 1351 |                 cv32e40p_fpu_pkg::FP16ALT : apu_lat_o = (C_LAT_FP16ALT<2) ? C_LAT_FP16ALT+1 : 2'h3;
      |                                                       ^
%Warning-WIDTHEXPAND: ../rtl/cv32e40p-master/rtl/cv32e40p_decoder.sv:1352:75: Operator COND expects 32 bits on the Conditional False, but Conditional False's CONST '2'h3' generates 2 bits.
                                                                            : ... note: In instance 'soc_top.u_core.id_stage_i.decoder_i'
 1352 |                 cv32e40p_fpu_pkg::FP8     : apu_lat_o = (C_LAT_FP8<2)     ? C_LAT_FP8+1     : 2'h3;
      |                                                                           ^
%Warning-WIDTHTRUNC: ../rtl/cv32e40p-master/rtl/cv32e40p_decoder.sv:1352:55: Operator ASSIGN expects 2 bits on the Assign RHS, but Assign RHS's COND generates 32 bits.
                                                                           : ... note: In instance 'soc_top.u_core.id_stage_i.decoder_i'
 1352 |                 cv32e40p_fpu_pkg::FP8     : apu_lat_o = (C_LAT_FP8<2)     ? C_LAT_FP8+1     : 2'h3;
      |                                                       ^
%Warning-WIDTHEXPAND: ../rtl/cv32e40p-master/rtl/cv32e40p_decoder.sv:1479:71: Operator COND expects 32 bits on the Conditional False, but Conditional False's CONST '2'h3' generates 2 bits.
                                                                            : ... note: In instance 'soc_top.u_core.id_stage_i.decoder_i'
 1479 |             cv32e40p_fpu_pkg::FP64    : apu_lat_o = (C_LAT_FP64<2)    ? C_LAT_FP64+1    : 2'h3;
      |                                                                       ^
%Warning-WIDTHTRUNC: ../rtl/cv32e40p-master/rtl/cv32e40p_decoder.sv:1479:51: Operator ASSIGN expects 2 bits on the Assign RHS, but Assign RHS's COND generates 32 bits.
                                                                           : ... note: In instance 'soc_top.u_core.id_stage_i.decoder_i'
 1479 |             cv32e40p_fpu_pkg::FP64    : apu_lat_o = (C_LAT_FP64<2)    ? C_LAT_FP64+1    : 2'h3;
      |                                                   ^
%Warning-WIDTHEXPAND: ../rtl/cv32e40p-master/rtl/cv32e40p_decoder.sv:1480:71: Operator COND expects 32 bits on the Conditional False, but Conditional False's CONST '2'h3' generates 2 bits.
                                                                            : ... note: In instance 'soc_top.u_core.id_stage_i.decoder_i'
 1480 |             cv32e40p_fpu_pkg::FP16    : apu_lat_o = (C_LAT_FP16<2)    ? C_LAT_FP16+1    : 2'h3;
      |                                                                       ^
%Warning-WIDTHTRUNC: ../rtl/cv32e40p-master/rtl/cv32e40p_decoder.sv:1480:51: Operator ASSIGN expects 2 bits on the Assign RHS, but Assign RHS's COND generates 32 bits.
                                                                           : ... note: In instance 'soc_top.u_core.id_stage_i.decoder_i'
 1480 |             cv32e40p_fpu_pkg::FP16    : apu_lat_o = (C_LAT_FP16<2)    ? C_LAT_FP16+1    : 2'h3;
      |                                                   ^
%Warning-WIDTHEXPAND: ../rtl/cv32e40p-master/rtl/cv32e40p_decoder.sv:1481:71: Operator COND expects 32 bits on the Conditional False, but Conditional False's CONST '2'h3' generates 2 bits.
                                                                            : ... note: In instance 'soc_top.u_core.id_stage_i.decoder_i'
 1481 |             cv32e40p_fpu_pkg::FP16ALT : apu_lat_o = (C_LAT_FP16ALT<2) ? C_LAT_FP16ALT+1 : 2'h3;
      |                                                                       ^
%Warning-WIDTHTRUNC: ../rtl/cv32e40p-master/rtl/cv32e40p_decoder.sv:1481:51: Operator ASSIGN expects 2 bits on the Assign RHS, but Assign RHS's COND generates 32 bits.
                                                                           : ... note: In instance 'soc_top.u_core.id_stage_i.decoder_i'
 1481 |             cv32e40p_fpu_pkg::FP16ALT : apu_lat_o = (C_LAT_FP16ALT<2) ? C_LAT_FP16ALT+1 : 2'h3;
      |                                                   ^
%Warning-WIDTHEXPAND: ../rtl/cv32e40p-master/rtl/cv32e40p_decoder.sv:1482:71: Operator COND expects 32 bits on the Conditional False, but Conditional False's CONST '2'h3' generates 2 bits.
                                                                            : ... note: In instance 'soc_top.u_core.id_stage_i.decoder_i'
 1482 |             cv32e40p_fpu_pkg::FP8     : apu_lat_o = (C_LAT_FP8<2)     ? C_LAT_FP8+1     : 2'h3;
      |                                                                       ^
%Warning-WIDTHTRUNC: ../rtl/cv32e40p-master/rtl/cv32e40p_decoder.sv:1482:51: Operator ASSIGN expects 2 bits on the Assign RHS, but Assign RHS's COND generates 32 bits.
                                                                           : ... note: In instance 'soc_top.u_core.id_stage_i.decoder_i'
 1482 |             cv32e40p_fpu_pkg::FP8     : apu_lat_o = (C_LAT_FP8<2)     ? C_LAT_FP8+1     : 2'h3;
      |                                                   ^
%Warning-WIDTHEXPAND: ../rtl/cv32e40p-master/rtl/cv32e40p_mult.sv:108:37: Operator COND expects 33 bits on the Conditional False, but Conditional False's SIGNED generates 32 bits.
                                                                        : ... note: In instance 'soc_top.u_core.ex_stage_i.mult_i'
  108 |   assign short_op_c = mulh_active_o ? $signed({mulh_carry_q, op_c_i}) : $signed(op_c_i);
      |                                     ^
%Warning-WIDTHEXPAND: ../rtl/cv32e40p-master/rtl/cv32e40p_mult.sv:111:63: Operator ADD expects 34 bits on the RHS, but RHS's SIGNED generates 32 bits.
                                                                        : ... note: In instance 'soc_top.u_core.ex_stage_i.mult_i'
  111 |   assign short_mac = $signed(short_op_c) + $signed(short_mul) + $signed(short_round);
      |                                                               ^
%Warning-WIDTHEXPAND: ../rtl/cv32e40p-master/rtl/cv32e40p_mult.sv:273:5: Operator ADD expects 32 bits on the LHS, but LHS's SIGNED generates 18 bits.
                                                                       : ... note: In instance 'soc_top.u_core.ex_stage_i.mult_i'
  273 |   ) + $signed(
      |     ^
%Warning-WIDTHEXPAND: ../rtl/cv32e40p-master/rtl/cv32e40p_mult.sv:273:5: Operator ADD expects 32 bits on the RHS, but RHS's SIGNED generates 18 bits.
                                                                       : ... note: In instance 'soc_top.u_core.ex_stage_i.mult_i'
  273 |   ) + $signed(
      |     ^
%Warning-WIDTHEXPAND: ../rtl/cv32e40p-master/rtl/cv32e40p_mult.sv:275:5: Operator ADD expects 32 bits on the RHS, but RHS's SIGNED generates 18 bits.
                                                                       : ... note: In instance 'soc_top.u_core.ex_stage_i.mult_i'
  275 |   ) + $signed(
      |     ^
%Warning-WIDTHEXPAND: ../rtl/cv32e40p-master/rtl/cv32e40p_mult.sv:277:5: Operator ADD expects 32 bits on the RHS, but RHS's SIGNED generates 18 bits.
                                                                       : ... note: In instance 'soc_top.u_core.ex_stage_i.mult_i'
  277 |   ) + $signed(
      |     ^
%Warning-WIDTHEXPAND: ../rtl/cv32e40p-master/rtl/cv32e40p_mult.sv:302:29: Operator ASSIGNW expects 32 bits on the Assign RHS, but Assign RHS's SIGNED generates 17 bits.
                                                                        : ... note: In instance 'soc_top.u_core.ex_stage_i.mult_i'
  302 |   assign dot_short_op_b_ext = $signed(dot_short_op_b[1]);
      |                             ^
%Warning-WIDTHTRUNC: ../rtl/cv32e40p-master/rtl/cv32e40p_mult.sv:312:28: Operator ASSIGNW expects 16 bits on the Assign RHS, but Assign RHS's SHIFTRS generates 17 bits.
                                                                       : ... note: In instance 'soc_top.u_core.ex_stage_i.mult_i'
  312 |   assign clpx_shift_result = $signed(dot_short_result[31:15]) >>> clpx_shift_i;
      |                            ^
%Warning-WIDTHTRUNC: ../rtl/cv32e40p-master/rtl/cv32e40p_int_controller.sv:122:58: Operator ASSIGN expects 5 bits on the Assign RHS, but Assign RHS's VARREF 'CSR_MEIX_BIT' generates 32 bits.
                                                                                 : ... note: In instance 'soc_top.u_core.id_stage_i.int_controller_i'
  122 |     else if (irq_local_qual[CSR_MEIX_BIT]) irq_id_ctrl_o = CSR_MEIX_BIT;   
      |                                                          ^
%Warning-WIDTHTRUNC: ../rtl/cv32e40p-master/rtl/cv32e40p_int_controller.sv:123:58: Operator ASSIGN expects 5 bits on the Assign RHS, but Assign RHS's VARREF 'CSR_MSIX_BIT' generates 32 bits.
                                                                                 : ... note: In instance 'soc_top.u_core.id_stage_i.int_controller_i'
  123 |     else if (irq_local_qual[CSR_MSIX_BIT]) irq_id_ctrl_o = CSR_MSIX_BIT;   
      |                                                          ^
%Warning-WIDTHTRUNC: ../rtl/cv32e40p-master/rtl/cv32e40p_int_controller.sv:124:58: Operator ASSIGN expects 5 bits on the Assign RHS, but Assign RHS's VARREF 'CSR_MTIX_BIT' generates 32 bits.
                                                                                 : ... note: In instance 'soc_top.u_core.id_stage_i.int_controller_i'
  124 |     else if (irq_local_qual[CSR_MTIX_BIT]) irq_id_ctrl_o = CSR_MTIX_BIT;   
      |                                                          ^
%Warning-WIDTHTRUNC: ../rtl/cv32e40p-master/rtl/cv32e40p_int_controller.sv:147:24: Operator ASSIGN expects 5 bits on the Assign RHS, but Assign RHS's VARREF 'CSR_MTIX_BIT' generates 32 bits.
                                                                                 : ... note: In instance 'soc_top.u_core.id_stage_i.int_controller_i'
  147 |     else irq_id_ctrl_o = CSR_MTIX_BIT;   
      |                        ^
%Warning-WIDTHEXPAND: ../rtl/cv32e40p-master/rtl/cv32e40p_alu.sv:213:32: Operator COND expects 32 bits on the Conditional True, but Conditional True's VARREF 'div_shift' generates 6 bits.
                                                                       : ... note: In instance 'soc_top.u_core.ex_stage_i.alu_i'
  213 |   assign shift_amt = div_valid ? div_shift : operand_b_i;
      |                                ^
%Warning-WIDTHEXPAND: ../rtl/cv32e40p-master/rtl/cv32e40p_alu.sv:261:24: Operator ASSIGNW expects 16 bits on the Assign RHS, but Assign RHS's UNSIGNED generates 2 bits.
                                                                       : ... note: In instance 'soc_top.u_core.ex_stage_i.alu_i'
  261 |   assign clpx_shift_ex = $unsigned(clpx_shift_i);
      |                        ^
%Warning-WIDTHTRUNC: ../rtl/cv32e40p-master/rtl/cv32e40p_alu.sv:275:35: Operator ASSIGN expects 16 bits on the Assign RHS, but Assign RHS's SHIFTRS generates 17 bits.
                                                                      : ... note: In instance 'soc_top.u_core.ex_stage_i.alu_i'
  275 |         shift_right_result[31:16] = $signed(
      |                                   ^
%Warning-WIDTHTRUNC: ../rtl/cv32e40p-master/rtl/cv32e40p_alu.sv:278:34: Operator ASSIGN expects 16 bits on the Assign RHS, but Assign RHS's SHIFTRS generates 17 bits.
                                                                      : ... note: In instance 'soc_top.u_core.ex_stage_i.alu_i'
  278 |         shift_right_result[15:0] = $signed(
      |                                  ^
%Warning-WIDTHTRUNC: ../rtl/cv32e40p-master/rtl/cv32e40p_alu.sv:284:35: Operator ASSIGN expects 8 bits on the Assign RHS, but Assign RHS's SHIFTRS generates 9 bits.
                                                                      : ... note: In instance 'soc_top.u_core.ex_stage_i.alu_i'
  284 |         shift_right_result[31:24] = $signed(
      |                                   ^
%Warning-WIDTHTRUNC: ../rtl/cv32e40p-master/rtl/cv32e40p_alu.sv:287:35: Operator ASSIGN expects 8 bits on the Assign RHS, but Assign RHS's SHIFTRS generates 9 bits.
                                                                      : ... note: In instance 'soc_top.u_core.ex_stage_i.alu_i'
  287 |         shift_right_result[23:16] = $signed(
      |                                   ^
%Warning-WIDTHTRUNC: ../rtl/cv32e40p-master/rtl/cv32e40p_alu.sv:290:34: Operator ASSIGN expects 8 bits on the Assign RHS, but Assign RHS's SHIFTRS generates 9 bits.
                                                                      : ... note: In instance 'soc_top.u_core.ex_stage_i.alu_i'
  290 |         shift_right_result[15:8] = $signed(
      |                                  ^
%Warning-WIDTHTRUNC: ../rtl/cv32e40p-master/rtl/cv32e40p_alu.sv:293:33: Operator ASSIGN expects 8 bits on the Assign RHS, but Assign RHS's SHIFTRS generates 9 bits.
                                                                      : ... note: In instance 'soc_top.u_core.ex_stage_i.alu_i'
  293 |         shift_right_result[7:0] = $signed(
      |                                 ^
%Warning-WIDTHTRUNC: ../rtl/cv32e40p-master/rtl/cv32e40p_alu.sv:300:28: Operator ASSIGN expects 32 bits on the Assign RHS, but Assign RHS's SHIFTR generates 64 bits.
                                                                      : ... note: In instance 'soc_top.u_core.ex_stage_i.alu_i'
  300 |         shift_right_result = shift_op_a_32 >> shift_amt_int[4:0];
      |                            ^
%Warning-WIDTHEXPAND: ../rtl/cv32e40p-master/rtl/cv32e40p_id_stage.sv:661:35: Operator ASSIGN expects 32 bits on the Assign RHS, but Assign RHS's UNSIGNED generates 5 bits.
                                                                            : ... note: In instance 'soc_top.u_core.id_stage_i'
  661 |       OP_B_BMASK:       operand_b = $unsigned(operand_b_fw_id[4:0]);
      |                                   ^
%Warning-WIDTHEXPAND: ../rtl/cv32e40p-master/rtl/cv32e40p_id_stage.sv:1484:30: Operator ASSIGNDLY expects 6 bits on the Assign RHS, but Assign RHS's CONST '5'h0' generates 5 bits.
                                                                             : ... note: In instance 'soc_top.u_core.id_stage_i'
 1484 |       atop_ex_o              <= 5'b0;
      |                              ^~
%Warning-WIDTHEXPAND: ../rtl/npu/npu_compute_engine.sv:296:61: Operator ADD expects 32 or 13 bits on the RHS, but RHS's SEL generates 6 bits.
                                                             : ... note: In instance 'soc_top.u_npu.u_npu_engine'
  296 |     assign flat_idx_in = in_bounds ? (t_in_signed[5:0] * 40 + f_in_signed[5:0]) : 13'b0;
      |                                                             ^
%Warning-WIDTHEXPAND: ../rtl/npu/npu_compute_engine.sv:491:25: Operator GTE expects 16 bits on the LHS, but LHS's VARREF 'div_num' generates 13 bits.
                                                             : ... note: In instance 'soc_top.u_npu.u_npu_engine'
  491 |             if (div_num >= div_den) begin
      |                         ^~
%Warning-WIDTHEXPAND: ../rtl/npu/npu_compute_engine.sv:530:19: Operator ASSIGN expects 32 bits on the Assign RHS, but Assign RHS's SIGNED generates 8 bits.
                                                             : ... note: In instance 'soc_top.u_npu.u_npu_engine'
  530 |         max_score = $signed(fc_logits[0]);
      |                   ^
%Warning-WIDTHEXPAND: ../rtl/npu/npu_compute_engine.sv:533:23: Operator ASSIGN expects 32 bits on the Assign RHS, but Assign RHS's SIGNED generates 8 bits.
                                                             : ... note: In instance 'soc_top.u_npu.u_npu_engine'
  533 |             max_score = $signed(fc_logits[1]);
      |                       ^
%Warning-WIDTHEXPAND: ../rtl/npu/npu_compute_engine.sv:532:35: Operator GTS expects 32 bits on the LHS, but LHS's SIGNED generates 8 bits.
                                                             : ... note: In instance 'soc_top.u_npu.u_npu_engine'
  532 |         if ($signed(fc_logits[1]) > max_score)
      |                                   ^
%Warning-WIDTHEXPAND: ../rtl/npu/npu_compute_engine.sv:536:23: Operator ASSIGN expects 32 bits on the Assign RHS, but Assign RHS's SIGNED generates 8 bits.
                                                             : ... note: In instance 'soc_top.u_npu.u_npu_engine'
  536 |             max_score = $signed(fc_logits[2]);
      |                       ^
%Warning-WIDTHEXPAND: ../rtl/npu/npu_compute_engine.sv:535:35: Operator GTS expects 32 bits on the LHS, but LHS's SIGNED generates 8 bits.
                                                             : ... note: In instance 'soc_top.u_npu.u_npu_engine'
  535 |         if ($signed(fc_logits[2]) > max_score)
      |                                   ^
%Warning-WIDTHEXPAND: ../rtl/npu/npu_compute_engine.sv:539:23: Operator ASSIGN expects 32 bits on the Assign RHS, but Assign RHS's SIGNED generates 8 bits.
                                                             : ... note: In instance 'soc_top.u_npu.u_npu_engine'
  539 |             max_score = $signed(fc_logits[3]);
      |                       ^
%Warning-WIDTHEXPAND: ../rtl/npu/npu_compute_engine.sv:538:35: Operator GTS expects 32 bits on the LHS, but LHS's SIGNED generates 8 bits.
                                                             : ... note: In instance 'soc_top.u_npu.u_npu_engine'
  538 |         if ($signed(fc_logits[3]) > max_score)
      |                                   ^
%Warning-WIDTHEXPAND: ../rtl/npu/npu_compute_engine.sv:980:53: Operator SUB expects 32 bits on the RHS, but RHS's SIGNED generates 8 bits.
                                                             : ... note: In instance 'soc_top.u_npu.u_npu_engine'
  980 |                     exp_val[0] <= get_exp(max_score - $signed(fc_logits[0]));
      |                                                     ^
%Warning-WIDTHEXPAND: ../rtl/npu/npu_compute_engine.sv:981:53: Operator SUB expects 32 bits on the RHS, but RHS's SIGNED generates 8 bits.
                                                             : ... note: In instance 'soc_top.u_npu.u_npu_engine'
  981 |                     exp_val[1] <= get_exp(max_score - $signed(fc_logits[1]));
      |                                                     ^
%Warning-WIDTHEXPAND: ../rtl/npu/npu_compute_engine.sv:982:53: Operator SUB expects 32 bits on the RHS, but RHS's SIGNED generates 8 bits.
                                                             : ... note: In instance 'soc_top.u_npu.u_npu_engine'
  982 |                     exp_val[2] <= get_exp(max_score - $signed(fc_logits[2]));
      |                                                     ^
%Warning-WIDTHEXPAND: ../rtl/npu/npu_compute_engine.sv:983:53: Operator SUB expects 32 bits on the RHS, but RHS's SIGNED generates 8 bits.
                                                             : ... note: In instance 'soc_top.u_npu.u_npu_engine'
  983 |                     exp_val[3] <= get_exp(max_score - $signed(fc_logits[3]));
      |                                                     ^
%Warning-WIDTHEXPAND: ../rtl/npu/npu_compute_engine.sv:1007:44: Operator ADD expects 16 bits on the LHS, but LHS's ARRAYSEL generates 13 bits.
                                                              : ... note: In instance 'soc_top.u_npu.u_npu_engine'
 1007 |                     sum_exp   = exp_val[0] + exp_val[1] + exp_val[2] + exp_val[3];
      |                                            ^
%Warning-WIDTHEXPAND: ../rtl/npu/npu_compute_engine.sv:1007:44: Operator ADD expects 16 bits on the RHS, but RHS's ARRAYSEL generates 13 bits.
                                                              : ... note: In instance 'soc_top.u_npu.u_npu_engine'
 1007 |                     sum_exp   = exp_val[0] + exp_val[1] + exp_val[2] + exp_val[3];
      |                                            ^
%Warning-WIDTHEXPAND: ../rtl/npu/npu_compute_engine.sv:1007:57: Operator ADD expects 16 bits on the RHS, but RHS's ARRAYSEL generates 13 bits.
                                                              : ... note: In instance 'soc_top.u_npu.u_npu_engine'
 1007 |                     sum_exp   = exp_val[0] + exp_val[1] + exp_val[2] + exp_val[3];
      |                                                         ^
%Warning-WIDTHEXPAND: ../rtl/npu/npu_compute_engine.sv:1007:70: Operator ADD expects 16 bits on the RHS, but RHS's ARRAYSEL generates 13 bits.
                                                              : ... note: In instance 'soc_top.u_npu.u_npu_engine'
 1007 |                     sum_exp   = exp_val[0] + exp_val[1] + exp_val[2] + exp_val[3];
      |                                                                      ^
%Warning-WIDTHEXPAND: ../rtl/npu/npu_tcm_axi_slave.sv:84:43: Operator LT expects 32 bits on the LHS, but LHS's SEL generates 30 bits.
                                                           : ... note: In instance 'soc_top.u_npu.u_eng_axi_slave'
   84 |     wire ar_gecerli = (s_axi_araddr[31:2] < TCM_WORDS);
      |                                           ^
%Warning-WIDTHEXPAND: ../rtl/npu/npu_tcm_axi_slave.sv:85:43: Operator LT expects 32 bits on the LHS, but LHS's SEL generates 30 bits.
                                                           : ... note: In instance 'soc_top.u_npu.u_eng_axi_slave'
   85 |     wire aw_gecerli = (s_axi_awaddr[31:2] < TCM_WORDS);
      |                                           ^
%Warning-WIDTHEXPAND: ../rtl/cv32e40p-master/rtl/cv32e40p_cs_registers.sv:521:34: Operator ASSIGN expects 32 bits on the Assign RHS, but Assign RHS's VARREF 'tinfo_types' generates 16 bits.
                                                                                : ... note: In instance 'soc_top.u_core.cs_registers_i'
  521 |         CSR_TINFO: csr_rdata_int = tinfo_types;
      |                                  ^
%Warning-WIDTHEXPAND: ../rtl/Cevre_Birimleri/i2c_peripheral.sv:207:35: Operator EQ expects 32 bits on the LHS, but LHS's VARREF 'tick_cnt' generates 5 bits.
                                                                     : ... note: In instance 'soc_top.u_i2c'
  207 |                         (tick_cnt == (QUARTER - 1));
      |                                   ^~
%Warning-WIDTHEXPAND: ../rtl/Cevre_Birimleri/i2c_peripheral.sv:220:26: Operator EQ expects 32 bits on the LHS, but LHS's VARREF 'tick_cnt' generates 5 bits.
                                                                     : ... note: In instance 'soc_top.u_i2c'
  220 |             if (tick_cnt == (QUARTER - 1)) begin
      |                          ^~
%Warning-WIDTHTRUNC: ../rtl/Memory/axi_lite_interconnect.sv:373:29: Operator ASSIGN expects 4 bits on the Assign RHS, but Assign RHS's FUNCREF 'get_slave_id' generates 32 bits.
                                                                  : ... note: In instance 'soc_top.u_interconnect'
  373 |                 write_sel_d = get_slave_id(m_awaddr);
      |                             ^
%Warning-WIDTHTRUNC: ../rtl/Memory/axi_lite_interconnect.sv:515:28: Operator ASSIGN expects 4 bits on the Assign RHS, but Assign RHS's FUNCREF 'get_slave_id' generates 32 bits.
                                                                  : ... note: In instance 'soc_top.u_interconnect'
  515 |                 read_sel_d = get_slave_id(m_araddr);
      |                            ^
%Warning-WIDTHEXPAND: ../rtl/Cevre_Birimleri/qspi_master.sv:447:22: Operator ASSIGNDLY expects 9 bits on the Assign RHS, but Assign RHS's CONST '8'h0' generates 8 bits.
                                                                  : ... note: In instance 'soc_top.u_qspi'
  447 |         byte_cnt     <= 8'h0;
      |                      ^~
%Warning-WIDTHEXPAND: ../rtl/Cevre_Birimleri/qspi_master.sv:448:22: Operator ASSIGNDLY expects 9 bits on the Assign RHS, but Assign RHS's CONST '8'h0' generates 8 bits.
                                                                  : ... note: In instance 'soc_top.u_qspi'
  448 |         total_bytes  <= 8'h0;
      |                      ^~
%Warning-WIDTHEXPAND: ../rtl/Cevre_Birimleri/qspi_master.sv:477:33: Operator ASSIGNDLY expects 9 bits on the Assign RHS, but Assign RHS's CONST '8'h0' generates 8 bits.
                                                                  : ... note: In instance 'soc_top.u_qspi'
  477 |                     byte_cnt    <= 8'h0;
      |                                 ^~
%Warning-WIDTHEXPAND: ../rtl/Cevre_Birimleri/qspi_master.sv:517:38: Operator ASSIGNDLY expects 9 bits on the Assign RHS, but Assign RHS's CONST '8'h0' generates 8 bits.
                                                                  : ... note: In instance 'soc_top.u_qspi'
  517 |                             byte_cnt <= 8'h0;
      |                                      ^~
%Warning-WIDTHEXPAND: ../rtl/Cevre_Birimleri/qspi_master.sv:576:42: Operator ASSIGNDLY expects 9 bits on the Assign RHS, but Assign RHS's CONST '8'h0' generates 8 bits.
                                                                  : ... note: In instance 'soc_top.u_qspi'
  576 |                                 byte_cnt <= 8'h0;
      |                                          ^~
%Warning-WIDTHEXPAND: ../rtl/Cevre_Birimleri/qspi_master.sv:604:38: Operator ASSIGNDLY expects 9 bits on the Assign RHS, but Assign RHS's CONST '8'h0' generates 8 bits.
                                                                  : ... note: In instance 'soc_top.u_qspi'
  604 |                             byte_cnt <= 8'h0;
      |                                      ^~
%Warning-WIDTHEXPAND: ../rtl/Cevre_Birimleri/files_1/uart_stream_peripheral.sv:190:42: Operator GTE expects 32 bits on the LHS, but LHS's VARREF 'fifo_level' generates 9 bits.
                                                                                     : ... note: In instance 'soc_top.u_uart2'
  190 |                              (fifo_level >= (FIFO_DEPTH / 2));
      |                                          ^~
%Warning-BLKSEQ: ../rtl/Cevre_Birimleri/gpio_peripheral.sv:153:31: Blocking assignment '=' in sequential logic process
                                                                 : ... note: In instance 'soc_top.u_gpio'
                                                                 : ... Suggest using delayed assignment '<='
  153 |                 write_addr    = s_axil_awaddr;
      |                               ^
                 ... For warning description see https://verilator.org/warn/BLKSEQ?v=5.044
                 ... Use "/* verilator lint_off BLKSEQ */" and lint_on around source to disable this message.
%Warning-UNUSEDSIGNAL: ../rtl/Memory/soc_top.sv:91:18: Signal is not used: 'core_sleep'
                                                     : ... note: In instance 'soc_top'
   91 |     logic        core_sleep;
      |                  ^~~~~~~~~~
                       ... For warning description see https://verilator.org/warn/UNUSEDSIGNAL?v=5.044
                       ... Use "/* verilator lint_off UNUSEDSIGNAL */" and lint_on around source to disable this message.
%Warning-UNUSEDSIGNAL: ../rtl/Memory/soc_top.sv:372:18: Bits of signal are not used: 's5_awaddr'[31:8]
                                                      : ... note: In instance 'soc_top'
  372 |     logic [31:0] s5_awaddr; logic s5_awvalid; logic s5_awready;
      |                  ^~~~~~~~~
%Warning-UNUSEDSIGNAL: ../rtl/Memory/soc_top.sv:375:18: Bits of signal are not used: 's5_araddr'[31:8]
                                                      : ... note: In instance 'soc_top'
  375 |     logic [31:0] s5_araddr; logic s5_arvalid; logic s5_arready;
      |                  ^~~~~~~~~
%Warning-UNUSEDSIGNAL: ../rtl/Memory/soc_top.sv:379:18: Bits of signal are not used: 's6_awaddr'[31:8]
                                                      : ... note: In instance 'soc_top'
  379 |     logic [31:0] s6_awaddr; logic s6_awvalid; logic s6_awready;
      |                  ^~~~~~~~~
%Warning-UNUSEDSIGNAL: ../rtl/Memory/soc_top.sv:382:18: Bits of signal are not used: 's6_araddr'[31:8]
                                                      : ... note: In instance 'soc_top'
  382 |     logic [31:0] s6_araddr; logic s6_arvalid; logic s6_arready;
      |                  ^~~~~~~~~
%Warning-UNUSEDSIGNAL: ../rtl/Memory/soc_top.sv:386:18: Bits of signal are not used: 's7_awaddr'[31:8]
                                                      : ... note: In instance 'soc_top'
  386 |     logic [31:0] s7_awaddr; logic s7_awvalid; logic s7_awready;
      |                  ^~~~~~~~~
%Warning-UNUSEDSIGNAL: ../rtl/Memory/soc_top.sv:389:18: Bits of signal are not used: 's7_araddr'[31:8]
                                                      : ... note: In instance 'soc_top'
  389 |     logic [31:0] s7_araddr; logic s7_arvalid; logic s7_arready;
      |                  ^~~~~~~~~
%Warning-UNUSEDSIGNAL: ../rtl/Memory/soc_top.sv:564:18: Signal is not used: 'rom_s_awaddr'
                                                      : ... note: In instance 'soc_top'
  564 |     logic [31:0] rom_s_awaddr; logic rom_s_awvalid; logic rom_s_awready;
      |                  ^~~~~~~~~~~~
%Warning-UNUSEDSIGNAL: ../rtl/Memory/soc_top.sv:565:18: Signal is not used: 'rom_s_wdata'
                                                      : ... note: In instance 'soc_top'
  565 |     logic [31:0] rom_s_wdata; logic [3:0] rom_s_wstrb; logic rom_s_wvalid; logic rom_s_wready;
      |                  ^~~~~~~~~~~
%Warning-UNUSEDSIGNAL: ../rtl/Memory/soc_top.sv:565:43: Signal is not used: 'rom_s_wstrb'
                                                      : ... note: In instance 'soc_top'
  565 |     logic [31:0] rom_s_wdata; logic [3:0] rom_s_wstrb; logic rom_s_wvalid; logic rom_s_wready;
      |                                           ^~~~~~~~~~~
%Warning-UNUSEDPARAM: ../rtl/Memory/memory_map_pck.sv:36:39: Parameter is not used: 'INSTR_RAM_BASE'
                                                           : ... note: In instance 'soc_top'
   36 |     localparam logic [ADDR_WIDTH-1:0] INSTR_RAM_BASE  = 32'h0100_0000;
      |                                       ^~~~~~~~~~~~~~
                      ... For warning description see https://verilator.org/warn/UNUSEDPARAM?v=5.044
                      ... Use "/* verilator lint_off UNUSEDPARAM */" and lint_on around source to disable this message.
%Warning-UNUSEDPARAM: ../rtl/Memory/memory_map_pck.sv:39:39: Parameter is not used: 'DATA_RAM_BASE'
                                                           : ... note: In instance 'soc_top'
   39 |     localparam logic [ADDR_WIDTH-1:0] DATA_RAM_BASE   = 32'h2000_0000;
      |                                       ^~~~~~~~~~~~~
%Warning-UNUSEDPARAM: ../rtl/Memory/memory_map_pck.sv:42:39: Parameter is not used: 'YZ_MEM_BASE'
                                                           : ... note: In instance 'soc_top'
   42 |     localparam logic [ADDR_WIDTH-1:0] YZ_MEM_BASE     = 32'h2001_0000;
      |                                       ^~~~~~~~~~~
%Warning-UNUSEDPARAM: ../rtl/Memory/memory_map_pck.sv:50:39: Parameter is not used: 'GPIO_BASE'
                                                           : ... note: In instance 'soc_top'
   50 |     localparam logic [ADDR_WIDTH-1:0] GPIO_BASE       = 32'h4000_0000;
      |                                       ^~~~~~~~~
%Warning-UNUSEDPARAM: ../rtl/Memory/memory_map_pck.sv:53:39: Parameter is not used: 'TIMER_BASE'
                                                           : ... note: In instance 'soc_top'
   53 |     localparam logic [ADDR_WIDTH-1:0] TIMER_BASE      = 32'h4001_0000;
      |                                       ^~~~~~~~~~
%Warning-UNUSEDPARAM: ../rtl/Memory/memory_map_pck.sv:56:39: Parameter is not used: 'UART1_BASE'
                                                           : ... note: In instance 'soc_top'
   56 |     localparam logic [ADDR_WIDTH-1:0] UART1_BASE      = 32'h4002_0000;
      |                                       ^~~~~~~~~~
%Warning-UNUSEDPARAM: ../rtl/Memory/memory_map_pck.sv:59:39: Parameter is not used: 'UART2_BASE'
                                                           : ... note: In instance 'soc_top'
   59 |     localparam logic [ADDR_WIDTH-1:0] UART2_BASE      = 32'h4003_0000;
      |                                       ^~~~~~~~~~
%Warning-UNUSEDPARAM: ../rtl/Memory/memory_map_pck.sv:62:39: Parameter is not used: 'I2C_BASE'
                                                           : ... note: In instance 'soc_top'
   62 |     localparam logic [ADDR_WIDTH-1:0] I2C_BASE        = 32'h4004_0000;
      |                                       ^~~~~~~~
%Warning-UNUSEDPARAM: ../rtl/Memory/memory_map_pck.sv:65:39: Parameter is not used: 'QSPI_BASE'
                                                           : ... note: In instance 'soc_top'
   65 |     localparam logic [ADDR_WIDTH-1:0] QSPI_BASE       = 32'h4005_0000;
      |                                       ^~~~~~~~~
%Warning-UNUSEDPARAM: ../rtl/Memory/memory_map_pck.sv:68:39: Parameter is not used: 'YZ_CTRL_BASE'
                                                           : ... note: In instance 'soc_top'
   68 |     localparam logic [ADDR_WIDTH-1:0] YZ_CTRL_BASE    = 32'h4006_0000;
      |                                       ^~~~~~~~~~~~
%Warning-UNUSEDPARAM: ../rtl/Memory/memory_map_pck.sv:71:39: Parameter is not used: 'DMA_BASE'
                                                           : ... note: In instance 'soc_top'
   71 |     localparam logic [ADDR_WIDTH-1:0] DMA_BASE        = 32'h4007_0000;
      |                                       ^~~~~~~~
%Warning-UNUSEDPARAM: ../rtl/Memory/memory_map_pck.sv:74:39: Parameter is not used: 'JTAG_BASE'
                                                           : ... note: In instance 'soc_top'
   74 |     localparam logic [ADDR_WIDTH-1:0] JTAG_BASE       = 32'h4008_0000;
      |                                       ^~~~~~~~~
%Warning-UNUSEDSIGNAL: ../rtl/Cevre_Birimleri/dma_controller.sv:271:18: Bits of signal are not used: 'aw_addr_lat'[31:5]
                                                                      : ... note: In instance 'soc_top.u_dma'
  271 |     logic [31:0] aw_addr_lat;
      |                  ^~~~~~~~~~~
%Warning-UNUSEDSIGNAL: ../rtl/Cevre_Birimleri/dma_controller.sv:356:18: Bits of signal are not used: 'ar_addr_lat'[31:5]
                                                                      : ... note: In instance 'soc_top.u_dma'
  356 |     logic [31:0] ar_addr_lat;
      |                  ^~~~~~~~~~~
%Warning-UNUSEDSIGNAL: ../rtl/Cevre_Birimleri/files_1/uart_peripheral.sv:123:17: Signal is not used: 'rx_frame_err_w'
                                                                               : ... note: In instance 'soc_top.u_uart1'
  123 |     logic       rx_frame_err_w;
      |                 ^~~~~~~~~~~~~~
%Warning-UNUSEDSIGNAL: ../rtl/Cevre_Birimleri/jtag_debug.sv:69:25: Signal is not used: 'm_axi_bresp'
                                                                 : ... note: In instance 'soc_top.u_jtag'
   69 |     input  logic [1:0]  m_axi_bresp,
      |                         ^~~~~~~~~~~
%Warning-UNUSEDSIGNAL: ../rtl/Cevre_Birimleri/jtag_debug.sv:76:25: Signal is not used: 'm_axi_rresp'
                                                                 : ... note: In instance 'soc_top.u_jtag'
   76 |     input  logic [1:0]  m_axi_rresp,
      |                         ^~~~~~~~~~~
%Warning-UNUSEDSIGNAL: ../rtl/Cevre_Birimleri/jtag_debug.sv:99:18: Signal is not used: 'reg_ctrl'
                                                                 : ... note: In instance 'soc_top.u_jtag'
   99 |     logic [31:0] reg_ctrl;
      |                  ^~~~~~~~
%Warning-UNUSEDSIGNAL: ../rtl/Cevre_Birimleri/jtag_debug.sv:282:18: Signal is not used: 'bus_is_write'
                                                                  : ... note: In instance 'soc_top.u_jtag'
  282 |     logic        bus_is_write;
      |                  ^~~~~~~~~~~~
%Warning-UNUSEDSIGNAL: ../rtl/Cevre_Birimleri/jtag_debug.sv:413:18: Bits of signal are not used: 'csr_aw_addr_lat'[31:5]
                                                                  : ... note: In instance 'soc_top.u_jtag'
  413 |     logic [31:0] csr_aw_addr_lat;
      |                  ^~~~~~~~~~~~~~~
%Warning-UNUSEDSIGNAL: ../rtl/Cevre_Birimleri/jtag_debug.sv:535:18: Bits of signal are not used: 'csr_ar_addr_lat'[31:5]
                                                                  : ... note: In instance 'soc_top.u_jtag'
  535 |     logic [31:0] csr_ar_addr_lat;
      |                  ^~~~~~~~~~~~~~~
%Warning-UNUSEDPARAM: ../rtl/Cevre_Birimleri/qspi_master.sv:62:12: Parameter is not used: 'CMD_READ_ID'
                                                                 : ... note: In instance 'soc_top.u_qspi'
   62 | localparam CMD_READ_ID   = 8'hAB;
      |            ^~~~~~~~~~~
%Warning-UNUSEDPARAM: ../rtl/Cevre_Birimleri/qspi_master.sv:63:12: Parameter is not used: 'CMD_RDID'
                                                                 : ... note: In instance 'soc_top.u_qspi'
   63 | localparam CMD_RDID      = 8'h9F;
      |            ^~~~~~~~
%Warning-UNUSEDPARAM: ../rtl/Cevre_Birimleri/qspi_master.sv:64:12: Parameter is not used: 'CMD_RES'
                                                                 : ... note: In instance 'soc_top.u_qspi'
   64 | localparam CMD_RES       = 8'hAB;
      |            ^~~~~~~
%Warning-UNUSEDPARAM: ../rtl/Cevre_Birimleri/qspi_master.sv:65:12: Parameter is not used: 'CMD_RDSR1'
                                                                 : ... note: In instance 'soc_top.u_qspi'
   65 | localparam CMD_RDSR1     = 8'h05;
      |            ^~~~~~~~~
%Warning-UNUSEDPARAM: ../rtl/Cevre_Birimleri/qspi_master.sv:66:12: Parameter is not used: 'CMD_RDSR2'
                                                                 : ... note: In instance 'soc_top.u_qspi'
   66 | localparam CMD_RDSR2     = 8'h07;
      |            ^~~~~~~~~
%Warning-UNUSEDPARAM: ../rtl/Cevre_Birimleri/qspi_master.sv:67:12: Parameter is not used: 'CMD_RDCR'
                                                                 : ... note: In instance 'soc_top.u_qspi'
   67 | localparam CMD_RDCR      = 8'h35;
      |            ^~~~~~~~
%Warning-UNUSEDPARAM: ../rtl/Cevre_Birimleri/qspi_master.sv:68:12: Parameter is not used: 'CMD_WRR'
                                                                 : ... note: In instance 'soc_top.u_qspi'
   68 | localparam CMD_WRR       = 8'h01;
      |            ^~~~~~~
%Warning-UNUSEDPARAM: ../rtl/Cevre_Birimleri/qspi_master.sv:69:12: Parameter is not used: 'CMD_WRDI'
                                                                 : ... note: In instance 'soc_top.u_qspi'
   69 | localparam CMD_WRDI      = 8'h04;
      |            ^~~~~~~~
%Warning-UNUSEDPARAM: ../rtl/Cevre_Birimleri/qspi_master.sv:70:12: Parameter is not used: 'CMD_WREN'
                                                                 : ... note: In instance 'soc_top.u_qspi'
   70 | localparam CMD_WREN      = 8'h06;
      |            ^~~~~~~~
%Warning-UNUSEDPARAM: ../rtl/Cevre_Birimleri/qspi_master.sv:71:12: Parameter is not used: 'CMD_CLSR'
                                                                 : ... note: In instance 'soc_top.u_qspi'
   71 | localparam CMD_CLSR      = 8'h30;
      |            ^~~~~~~~
%Warning-UNUSEDPARAM: ../rtl/Cevre_Birimleri/qspi_master.sv:72:12: Parameter is not used: 'CMD_RESET'
                                                                 : ... note: In instance 'soc_top.u_qspi'
   72 | localparam CMD_RESET     = 8'hF0;
      |            ^~~~~~~~~
%Warning-UNUSEDSIGNAL: ../rtl/Cevre_Birimleri/qspi_master.sv:82:14: Signal is not used: 'ccr_data_size'
                                                                  : ... note: In instance 'soc_top.u_qspi'
   82 | logic [7:0]  ccr_data_size;
      |              ^~~~~~~~~~~~~
%Warning-UNUSEDSIGNAL: ../rtl/Cevre_Birimleri/qspi_master.sv:84:14: Signal is not used: 'ccr_clr_status'
                                                                  : ... note: In instance 'soc_top.u_qspi'
   84 | logic        ccr_clr_status;
      |              ^~~~~~~~~~~~~~
%Warning-UNUSEDSIGNAL: ../rtl/Cevre_Birimleri/qspi_master.sv:112:20: Bits of signal are not used: 'aw_addr_lat'[31:5]
                                                                   : ... note: In instance 'soc_top.u_qspi'
  112 | logic [AXI_AW-1:0] aw_addr_lat;
      |                    ^~~~~~~~~~~
%Warning-UNUSEDSIGNAL: ../rtl/Cevre_Birimleri/qspi_master.sv:214:20: Bits of signal are not used: 'ar_addr_lat'[31:5]
                                                                   : ... note: In instance 'soc_top.u_qspi'
  214 | logic [AXI_AW-1:0] ar_addr_lat;
      |                    ^~~~~~~~~~~
%Warning-UNUSEDSIGNAL: ../rtl/Cevre_Birimleri/qspi_master.sv:413:14: Bits of signal are not used: 'shift_in'[7]
                                                                   : ... note: In instance 'soc_top.u_qspi'
  413 | logic [7:0]  shift_in;
      |              ^~~~~~~~
%Warning-UNUSEDSIGNAL: ../rtl/Memory/sram_module.sv:29:37: Bits of signal are not used: 's_axil_araddr'[31:13,1:0]
                                                         : ... note: In instance 'soc_top.u_data_ram'
   29 |     input  logic [AXI_ADDR_W-1:0]   s_axil_araddr,
      |                                     ^~~~~~~~~~~~~
%Warning-UNUSEDSIGNAL: ../rtl/Memory/sram_module.sv:43:28: Bits of signal are not used: 'aw_addr_reg'[31:13,1:0]
                                                         : ... note: In instance 'soc_top.u_data_ram'
   43 |     logic [AXI_ADDR_W-1:0] aw_addr_reg;
      |                            ^~~~~~~~~~~
%Warning-UNUSEDSIGNAL: ../rtl/Memory/sram_module.sv:231:23: Signal is not used: 'rvalid_addr_q'
                                                          : ... note: In instance 'soc_top.u_data_ram'
  231 |     logic             rvalid_addr_q;
      |                       ^~~~~~~~~~~~~
%Warning-UNUSEDSIGNAL: ../rtl/boot/boot_rom.sv:13:25: Bits of signal are not used: 'rom_addr_i'[31:10,1:0]
                                                    : ... note: In instance 'soc_top.u_boot_rom'
   13 |     input  logic [31:0] rom_addr_i,
      |                         ^~~~~~~~~~
%Warning-UNUSEDSIGNAL: ../rtl/cv32e40p-master/rtl/cv32e40p_core.sv:122:15: Signal is not used: 'data_atop_o'
                                                                         : ... note: In instance 'soc_top.u_core'
  122 |   logic [5:0] data_atop_o;   
      |               ^~~~~~~~~~~
%Warning-UNUSEDSIGNAL: ../rtl/cv32e40p-master/rtl/cv32e40p_core.sv:124:15: Signal is not used: 'sec_lvl_o'
                                                                         : ... note: In instance 'soc_top.u_core'
  124 |   logic       sec_lvl_o;
      |               ^~~~~~~~~
%Warning-UNUSEDSIGNAL: ../rtl/cv32e40p-master/rtl/cv32e40p_core.sv:278:23: Signal is not used: 'id_valid'
                                                                         : ... note: In instance 'soc_top.u_core'
  278 |   logic               id_valid;
      |                       ^~~~~~~~
%Warning-UNUSEDSIGNAL: ../rtl/cv32e40p-master/rtl/cv32e40p_core.sv:280:23: Signal is not used: 'wb_valid'
                                                                         : ... note: In instance 'soc_top.u_core'
  280 |   logic               wb_valid;
      |                       ^~~~~~~~
%Warning-UNUSEDSIGNAL: ../rtl/cv32e40p-master/rtl/cv32e40p_core.sv:285:23: Signal is not used: 'apu_ready_wb'
                                                                         : ... note: In instance 'soc_top.u_core'
  285 |   logic               apu_ready_wb;
      |                       ^~~~~~~~~~~~
%Warning-UNUSEDSIGNAL: ../rtl/cv32e40p-master/rtl/cv32e40p_core.sv:347:35: Signal is not used: 'pmp_addr'
                                                                         : ... note: In instance 'soc_top.u_core'
  347 |   logic [N_PMP_ENTRIES-1:0][31:0] pmp_addr;
      |                                   ^~~~~~~~
%Warning-UNUSEDSIGNAL: ../rtl/cv32e40p-master/rtl/cv32e40p_core.sv:348:35: Signal is not used: 'pmp_cfg'
                                                                         : ... note: In instance 'soc_top.u_core'
  348 |   logic [N_PMP_ENTRIES-1:0][ 7:0] pmp_cfg;
      |                                   ^~~~~~~
%Warning-UNUSEDSIGNAL: ../rtl/cv32e40p-master/rtl/cv32e40p_core.sv:354:35: Signal is not used: 'data_err_ack'
                                                                         : ... note: In instance 'soc_top.u_core'
  354 |   logic                           data_err_ack;
      |                                   ^~~~~~~~~~~~
%Warning-UNUSEDSIGNAL: ../rtl/npu/npu_accelerator.sv:130:18: Signal is not used: 'eng_bresp_err'
                                                           : ... note: In instance 'soc_top.u_npu'
  130 |     logic        eng_bresp_err, eng_rresp_err;
      |                  ^~~~~~~~~~~~~
%Warning-UNUSEDSIGNAL: ../rtl/npu/npu_accelerator.sv:130:33: Signal is not used: 'eng_rresp_err'
                                                           : ... note: In instance 'soc_top.u_npu'
  130 |     logic        eng_bresp_err, eng_rresp_err;
      |                                 ^~~~~~~~~~~~~
%Warning-UNUSEDSIGNAL: ../rtl/Cevre_Birimleri/gpio_peripheral.sv:32:37: Bits of signal are not used: 's_axil_araddr'[31:8]
                                                                      : ... note: In instance 'soc_top.u_gpio'
   32 |     input  logic [AXI_ADDR_W-1:0]   s_axil_araddr,
      |                                     ^~~~~~~~~~~~~
%Warning-UNUSEDSIGNAL: ../rtl/Cevre_Birimleri/gpio_peripheral.sv:101:28: Bits of signal are not used: 'write_addr'[31:8]
                                                                       : ... note: In instance 'soc_top.u_gpio'
  101 |     logic [AXI_ADDR_W-1:0] write_addr;
      |                            ^~~~~~~~~~
%Warning-UNUSEDSIGNAL: ../rtl/Cevre_Birimleri/timer_peripheral.sv:12:43: Bits of signal are not used: 's_axi_awaddr'[31:12]
                                                                       : ... note: In instance 'soc_top.u_timer'
   12 |     input  logic [S_AXI_ADDR_WIDTH-1:0]   s_axi_awaddr,
      |                                           ^~~~~~~~~~~~
%Warning-UNUSEDSIGNAL: ../rtl/Cevre_Birimleri/timer_peripheral.sv:13:43: Signal is not used: 's_axi_awprot'
                                                                       : ... note: In instance 'soc_top.u_timer'
   13 |     input  logic [2:0]                    s_axi_awprot,
      |                                           ^~~~~~~~~~~~
%Warning-UNUSEDSIGNAL: ../rtl/Cevre_Birimleri/timer_peripheral.sv:26:43: Bits of signal are not used: 's_axi_araddr'[31:12]
                                                                       : ... note: In instance 'soc_top.u_timer'
   26 |     input  logic [S_AXI_ADDR_WIDTH-1:0]   s_axi_araddr,
      |                                           ^~~~~~~~~~~~
%Warning-UNUSEDSIGNAL: ../rtl/Cevre_Birimleri/timer_peripheral.sv:27:43: Signal is not used: 's_axi_arprot'
                                                                       : ... note: In instance 'soc_top.u_timer'
   27 |     input  logic [2:0]                    s_axi_arprot,
      |                                           ^~~~~~~~~~~~
%Warning-UNUSEDSIGNAL: ../rtl/Cevre_Birimleri/i2c_peripheral.sv:34:25: Bits of signal are not used: 's_axi_awaddr'[7:5,1:0]
                                                                     : ... note: In instance 'soc_top.u_i2c'
   34 |     input  logic [7:0]  s_axi_awaddr,
      |                         ^~~~~~~~~~~~
%Warning-UNUSEDSIGNAL: ../rtl/Cevre_Birimleri/i2c_peripheral.sv:35:25: Signal is not used: 's_axi_awprot'
                                                                     : ... note: In instance 'soc_top.u_i2c'
   35 |     input  logic [2:0]  s_axi_awprot,
      |                         ^~~~~~~~~~~~
%Warning-UNUSEDSIGNAL: ../rtl/Cevre_Birimleri/i2c_peripheral.sv:57:25: Bits of signal are not used: 's_axi_araddr'[7:5,1:0]
                                                                     : ... note: In instance 'soc_top.u_i2c'
   57 |     input  logic [7:0]  s_axi_araddr,
      |                         ^~~~~~~~~~~~
%Warning-UNUSEDSIGNAL: ../rtl/Cevre_Birimleri/i2c_peripheral.sv:58:25: Signal is not used: 's_axi_arprot'
                                                                     : ... note: In instance 'soc_top.u_i2c'
   58 |     input  logic [2:0]  s_axi_arprot,
      |                         ^~~~~~~~~~~~
%Warning-UNUSEDSIGNAL: ../rtl/Cevre_Birimleri/i2c_peripheral.sv:85:25: Signal is not used: 'scl_i'
                                                                     : ... note: In instance 'soc_top.u_i2c'
   85 |     input  wire         scl_i,
      |                         ^~~~~
%Warning-UNUSEDSIGNAL: ../rtl/Cevre_Birimleri/i2c_peripheral.sv:154:18: Bits of signal are not used: 'cfg_wr'[31:4]
                                                                      : ... note: In instance 'soc_top.u_i2c'
  154 |     logic [31:0] cfg_wr;
      |                  ^~~~~~
%Warning-UNUSEDSIGNAL: ../rtl/Cevre_Birimleri/files_1/uart_tx.sv:44:23: Signal is not driven, nor used: 'state_nxt'
                                                                      : ... note: In instance 'soc_top.u_uart2.u_tx'
   44 |     tx_fsm_t state_r, state_nxt;
      |                       ^~~~~~~~~
%Warning-UNUSEDSIGNAL: ../rtl/cv32e40p-master/rtl/cv32e40p_cs_registers.sv:58:24: Bits of signal are not used: 'mtvec_addr_i'[7:0]
                                                                                : ... note: In instance 'soc_top.u_core.cs_registers_i'
   58 |     input logic [31:0] mtvec_addr_i,
      |                        ^~~~~~~~~~~~
%Warning-UNUSEDSIGNAL: ../rtl/cv32e40p-master/rtl/cv32e40p_cs_registers.sv:80:25: Signal is not used: 'csr_irq_sec_i'
                                                                                : ... note: In instance 'soc_top.u_core.cs_registers_i'
   80 |     input  logic        csr_irq_sec_i,
      |                         ^~~~~~~~~~~~~
%Warning-UNUSEDSIGNAL: ../rtl/cv32e40p-master/rtl/cv32e40p_cs_registers.sv:112:17: Signal is not used: 'csr_restore_uret_i'
                                                                                 : ... note: In instance 'soc_top.u_core.cs_registers_i'
  112 |     input logic csr_restore_uret_i,
      |                 ^~~~~~~~~~~~~~~~~~
%Warning-UNUSEDPARAM: ../rtl/cv32e40p-master/rtl/cv32e40p_cs_registers.sv:148:14: Parameter is not used: 'N_PMP_CFG'
                                                                                : ... note: In instance 'soc_top.u_core.cs_registers_i'
  148 |   localparam N_PMP_CFG = N_PMP_ENTRIES % 4 == 0 ? N_PMP_ENTRIES / 4 : N_PMP_ENTRIES / 4 + 1;
      |              ^~~~~~~~~
%Warning-UNUSEDPARAM: ../rtl/cv32e40p-master/rtl/cv32e40p_cs_registers.sv:151:14: Parameter is not used: 'MSTATUS_SIE_BIT'
                                                                                : ... note: In instance 'soc_top.u_core.cs_registers_i'
  151 |   localparam MSTATUS_SIE_BIT = 1;
      |              ^~~~~~~~~~~~~~~
%Warning-UNUSEDPARAM: ../rtl/cv32e40p-master/rtl/cv32e40p_cs_registers.sv:154:14: Parameter is not used: 'MSTATUS_SPIE_BIT'
                                                                                : ... note: In instance 'soc_top.u_core.cs_registers_i'
  154 |   localparam MSTATUS_SPIE_BIT = 5;
      |              ^~~~~~~~~~~~~~~~
%Warning-UNUSEDPARAM: ../rtl/cv32e40p-master/rtl/cv32e40p_cs_registers.sv:156:14: Parameter is not used: 'MSTATUS_SPP_BIT'
                                                                                : ... note: In instance 'soc_top.u_core.cs_registers_i'
  156 |   localparam MSTATUS_SPP_BIT = 8;
      |              ^~~~~~~~~~~~~~~
%Warning-UNUSEDPARAM: ../rtl/cv32e40p-master/rtl/cv32e40p_cs_registers.sv:162:14: Parameter is not used: 'MSTATUS_SD_BIT'
                                                                                : ... note: In instance 'soc_top.u_core.cs_registers_i'
  162 |   localparam MSTATUS_SD_BIT = 31;
      |              ^~~~~~~~~~~~~~
%Warning-UNUSEDSIGNAL: ../rtl/cv32e40p-master/rtl/cv32e40p_cs_registers.sv:202:24: Signal is not used: 'uepc_n'
                                                                                 : ... note: In instance 'soc_top.u_core.cs_registers_i'
  202 |   logic [31:0] uepc_q, uepc_n;
      |                        ^~~~~~
%Warning-UNUSEDSIGNAL: ../rtl/cv32e40p-master/rtl/cv32e40p_cs_registers.sv:219:15: Signal is not used: 'ucause_q'
                                                                                 : ... note: In instance 'soc_top.u_core.cs_registers_i'
  219 |   logic [5:0] ucause_q, ucause_n;
      |               ^~~~~~~~
%Warning-UNUSEDSIGNAL: ../rtl/cv32e40p-master/rtl/cv32e40p_cs_registers.sv:219:25: Signal is not used: 'ucause_n'
                                                                                 : ... note: In instance 'soc_top.u_core.cs_registers_i'
  219 |   logic [5:0] ucause_q, ucause_n;
      |                         ^~~~~~~~
%Warning-UNUSEDSIGNAL: ../rtl/cv32e40p-master/rtl/cv32e40p_cs_registers.sv:221:16: Signal is not used: 'utvec_n'
                                                                                 : ... note: In instance 'soc_top.u_core.cs_registers_i'
  221 |   logic [23:0] utvec_n, utvec_q;
      |                ^~~~~~~
%Warning-UNUSEDSIGNAL: ../rtl/cv32e40p-master/rtl/cv32e40p_cs_registers.sv:223:15: Signal is not used: 'utvec_mode_n'
                                                                                 : ... note: In instance 'soc_top.u_core.cs_registers_i'
  223 |   logic [1:0] utvec_mode_n, utvec_mode_q;
      |               ^~~~~~~~~~~~
%Warning-UNUSEDSIGNAL: ../rtl/cv32e40p-master/rtl/cv32e40p_cs_registers.sv:231:16: Signal is not used: 'is_irq'
                                                                                 : ... note: In instance 'soc_top.u_core.cs_registers_i'
  231 |   logic        is_irq;
      |                ^~~~~~
%Warning-UNUSEDSIGNAL: ../rtl/cv32e40p-master/rtl/cv32e40p_cs_registers.sv:232:13: Signal is not used: 'priv_lvl_n'
                                                                                 : ... note: In instance 'soc_top.u_core.cs_registers_i'
  232 |   PrivLvl_t priv_lvl_n, priv_lvl_q;
      |             ^~~~~~~~~~
%Warning-UNUSEDSIGNAL: ../rtl/cv32e40p-master/rtl/cv32e40p_cs_registers.sv:233:9: Bits of signal are not used: 'pmp_reg_q'[255:128]
                                                                                : ... note: In instance 'soc_top.u_core.cs_registers_i'
  233 |   Pmp_t pmp_reg_q, pmp_reg_n;
      |         ^~~~~~~~~
%Warning-UNUSEDSIGNAL: ../rtl/cv32e40p-master/rtl/cv32e40p_cs_registers.sv:233:20: Signal is not used: 'pmp_reg_n'
                                                                                 : ... note: In instance 'soc_top.u_core.cs_registers_i'
  233 |   Pmp_t pmp_reg_q, pmp_reg_n;
      |                    ^~~~~~~~~
%Warning-UNUSEDSIGNAL: ../rtl/cv32e40p-master/rtl/cv32e40p_cs_registers.sv:235:56: Signal is not used: 'pmpaddr_we'
                                                                                 : ... note: In instance 'soc_top.u_core.cs_registers_i'
  235 |   logic [MAX_N_PMP_ENTRIES-1:0]                        pmpaddr_we;
      |                                                        ^~~~~~~~~~
%Warning-UNUSEDSIGNAL: ../rtl/cv32e40p-master/rtl/cv32e40p_cs_registers.sv:236:56: Signal is not used: 'pmpcfg_we'
                                                                                 : ... note: In instance 'soc_top.u_core.cs_registers_i'
  236 |   logic [MAX_N_PMP_ENTRIES-1:0]                        pmpcfg_we;
      |                                                        ^~~~~~~~~
%Warning-UNUSEDPARAM: ../rtl/cv32e40p-master/rtl/cv32e40p_ex_stage.sv:40:15: Parameter is not used: 'APU_NDSFLAGS_CPU'
                                                                           : ... note: In instance 'soc_top.u_core.ex_stage_i'
   40 |     parameter APU_NDSFLAGS_CPU = 15,
      |               ^~~~~~~~~~~~~~~~
%Warning-UNUSEDSIGNAL: ../rtl/cv32e40p-master/rtl/cv32e40p_ex_stage.sv:80:17: Signal is not used: 'data_req_i'
                                                                            : ... note: In instance 'soc_top.u_core.ex_stage_i'
   80 |     input logic data_req_i,
      |                 ^~~~~~~~~~
%Warning-UNUSEDSIGNAL: ../rtl/cv32e40p-master/rtl/cv32e40p_ex_stage.sv:81:17: Signal is not used: 'data_rvalid_i'
                                                                            : ... note: In instance 'soc_top.u_core.ex_stage_i'
   81 |     input logic data_rvalid_i,
      |                 ^~~~~~~~~~~~~
%Warning-UNUSEDSIGNAL: ../rtl/cv32e40p-master/rtl/cv32e40p_ex_stage.sv:83:17: Signal is not used: 'data_misaligned_i'
                                                                            : ... note: In instance 'soc_top.u_core.ex_stage_i'
   83 |     input logic data_misaligned_i,
      |                 ^~~~~~~~~~~~~~~~~
%Warning-UNUSEDSIGNAL: ../rtl/cv32e40p-master/rtl/cv32e40p_ex_stage.sv:85:23: Signal is not used: 'ctrl_transfer_insn_in_dec_i'
                                                                            : ... note: In instance 'soc_top.u_core.ex_stage_i'
   85 |     input logic [1:0] ctrl_transfer_insn_in_dec_i,
      |                       ^~~~~~~~~~~~~~~~~~~~~~~~~~~
%Warning-UNUSEDSIGNAL: ../rtl/cv32e40p-master/rtl/cv32e40p_ex_stage.sv:93:46: Signal is not used: 'apu_op_i'
                                                                            : ... note: In instance 'soc_top.u_core.ex_stage_i'
   93 |     input logic [     APU_WOP_CPU-1:0]       apu_op_i,
      |                                              ^~~~~~~~
%Warning-UNUSEDSIGNAL: ../rtl/cv32e40p-master/rtl/cv32e40p_ex_stage.sv:94:46: Signal is not used: 'apu_lat_i'
                                                                            : ... note: In instance 'soc_top.u_core.ex_stage_i'
   94 |     input logic [                 1:0]       apu_lat_i,
      |                                              ^~~~~~~~~
%Warning-UNUSEDSIGNAL: ../rtl/cv32e40p-master/rtl/cv32e40p_ex_stage.sv:95:46: Signal is not used: 'apu_operands_i'
                                                                            : ... note: In instance 'soc_top.u_core.ex_stage_i'
   95 |     input logic [   APU_NARGS_CPU-1:0][31:0] apu_operands_i,
      |                                              ^~~~~~~~~~~~~~
%Warning-UNUSEDSIGNAL: ../rtl/cv32e40p-master/rtl/cv32e40p_ex_stage.sv:96:46: Signal is not used: 'apu_waddr_i'
                                                                            : ... note: In instance 'soc_top.u_core.ex_stage_i'
   96 |     input logic [                 5:0]       apu_waddr_i,
      |                                              ^~~~~~~~~~~
%Warning-UNUSEDSIGNAL: ../rtl/cv32e40p-master/rtl/cv32e40p_ex_stage.sv:97:46: Signal is not used: 'apu_flags_i'
                                                                            : ... note: In instance 'soc_top.u_core.ex_stage_i'
   97 |     input logic [APU_NUSFLAGS_CPU-1:0]       apu_flags_i,
      |                                              ^~~~~~~~~~~
%Warning-UNUSEDSIGNAL: ../rtl/cv32e40p-master/rtl/cv32e40p_ex_stage.sv:99:29: Signal is not used: 'apu_read_regs_i'
                                                                            : ... note: In instance 'soc_top.u_core.ex_stage_i'
   99 |     input  logic [2:0][5:0] apu_read_regs_i,
      |                             ^~~~~~~~~~~~~~~
%Warning-UNUSEDSIGNAL: ../rtl/cv32e40p-master/rtl/cv32e40p_ex_stage.sv:100:29: Signal is not used: 'apu_read_regs_valid_i'
                                                                             : ... note: In instance 'soc_top.u_core.ex_stage_i'
  100 |     input  logic [2:0]      apu_read_regs_valid_i,
      |                             ^~~~~~~~~~~~~~~~~~~~~
%Warning-UNUSEDSIGNAL: ../rtl/cv32e40p-master/rtl/cv32e40p_ex_stage.sv:103:29: Signal is not used: 'apu_write_regs_i'
                                                                             : ... note: In instance 'soc_top.u_core.ex_stage_i'
  103 |     input  logic [1:0][5:0] apu_write_regs_i,
      |                             ^~~~~~~~~~~~~~~~
%Warning-UNUSEDSIGNAL: ../rtl/cv32e40p-master/rtl/cv32e40p_ex_stage.sv:104:29: Signal is not used: 'apu_write_regs_valid_i'
                                                                             : ... note: In instance 'soc_top.u_core.ex_stage_i'
  104 |     input  logic [1:0]      apu_write_regs_valid_i,
      |                             ^~~~~~~~~~~~~~~~~~~~~~
%Warning-UNUSEDSIGNAL: ../rtl/cv32e40p-master/rtl/cv32e40p_ex_stage.sv:117:44: Signal is not used: 'apu_gnt_i'
                                                                             : ... note: In instance 'soc_top.u_core.ex_stage_i'
  117 |     input  logic                           apu_gnt_i,
      |                                            ^~~~~~~~~
%Warning-UNUSEDSIGNAL: ../rtl/cv32e40p-master/rtl/cv32e40p_ex_stage.sv:122:44: Signal is not used: 'apu_rvalid_i'
                                                                             : ... note: In instance 'soc_top.u_core.ex_stage_i'
  122 |     input  logic                           apu_rvalid_i,
      |                                            ^~~~~~~~~~~~
%Warning-UNUSEDSIGNAL: ../rtl/cv32e40p-master/rtl/cv32e40p_ex_stage.sv:123:44: Signal is not used: 'apu_result_i'
                                                                             : ... note: In instance 'soc_top.u_core.ex_stage_i'
  123 |     input  logic [             31:0]       apu_result_i,
      |                                            ^~~~~~~~~~~~
%Warning-UNUSEDSIGNAL: ../rtl/cv32e40p-master/rtl/cv32e40p_ex_stage.sv:158:17: Signal is not used: 'is_decoding_i'
                                                                             : ... note: In instance 'soc_top.u_core.ex_stage_i'
  158 |     input logic is_decoding_i,  
      |                 ^~~~~~~~~~~~~
%Warning-UNUSEDSIGNAL: ../rtl/cv32e40p-master/rtl/cv32e40p_ex_stage.sv:175:32: Signal is not used: 'wb_contention_lsu'
                                                                             : ... note: In instance 'soc_top.u_core.ex_stage_i'
  175 |   logic                        wb_contention_lsu;
      |                                ^~~~~~~~~~~~~~~~~
%Warning-UNUSEDSIGNAL: ../rtl/cv32e40p-master/rtl/cv32e40p_ex_stage.sv:178:32: Signal is not used: 'mulh_active'
                                                                             : ... note: In instance 'soc_top.u_core.ex_stage_i'
  178 |   logic                        mulh_active;
      |                                ^~~~~~~~~~~
%Warning-UNUSEDSIGNAL: ../rtl/cv32e40p-master/rtl/cv32e40p_ex_stage.sv:189:32: Signal is not used: 'apu_req'
                                                                             : ... note: In instance 'soc_top.u_core.ex_stage_i'
  189 |   logic                        apu_req;
      |                                ^~~~~~~
%Warning-UNUSEDSIGNAL: ../rtl/cv32e40p-master/rtl/cv32e40p_ex_stage.sv:190:32: Signal is not used: 'apu_gnt'
                                                                             : ... note: In instance 'soc_top.u_core.ex_stage_i'
  190 |   logic                        apu_gnt;
      |                                ^~~~~~~
%Warning-UNUSEDSIGNAL: ../rtl/cv32e40p-master/rtl/cv32e40p_ex_stage.sv:192:32: Signal is not driven, nor used: 'apu_rvalid_q'
                                                                             : ... note: In instance 'soc_top.u_core.ex_stage_i'
  192 |   logic                        apu_rvalid_q;
      |                                ^~~~~~~~~~~~
%Warning-UNUSEDSIGNAL: ../rtl/cv32e40p-master/rtl/cv32e40p_ex_stage.sv:193:32: Signal is not driven, nor used: 'apu_result_q'
                                                                             : ... note: In instance 'soc_top.u_core.ex_stage_i'
  193 |   logic [                31:0] apu_result_q;
      |                                ^~~~~~~~~~~~
%Warning-UNUSEDSIGNAL: ../rtl/cv32e40p-master/rtl/cv32e40p_ex_stage.sv:194:32: Signal is not driven, nor used: 'apu_flags_q'
                                                                             : ... note: In instance 'soc_top.u_core.ex_stage_i'
  194 |   logic [APU_NUSFLAGS_CPU-1:0] apu_flags_q;
      |                                ^~~~~~~~~~~
%Warning-UNUSEDPARAM: ../rtl/cv32e40p-master/rtl/cv32e40p_if_stage.sv:31:15: Parameter is not used: 'PULP_SECURE'
                                                                           : ... note: In instance 'soc_top.u_core.if_stage_i'
   31 |     parameter PULP_SECURE = 0,
      |               ^~~~~~~~~~~
%Warning-UNUSEDSIGNAL: ../rtl/cv32e40p-master/rtl/cv32e40p_if_stage.sv:43:24: Bits of signal are not used: 'boot_addr_i'[1:0]
                                                                            : ... note: In instance 'soc_top.u_core.if_stage_i'
   43 |     input logic [31:0] boot_addr_i,
      |                        ^~~~~~~~~~~
%Warning-UNUSEDSIGNAL: ../rtl/cv32e40p-master/rtl/cv32e40p_if_stage.sv:44:24: Bits of signal are not used: 'dm_exception_addr_i'[1:0]
                                                                            : ... note: In instance 'soc_top.u_core.if_stage_i'
   44 |     input logic [31:0] dm_exception_addr_i,
      |                        ^~~~~~~~~~~~~~~~~~~
%Warning-UNUSEDSIGNAL: ../rtl/cv32e40p-master/rtl/cv32e40p_if_stage.sv:47:24: Bits of signal are not used: 'dm_halt_addr_i'[1:0]
                                                                            : ... note: In instance 'soc_top.u_core.if_stage_i'
   47 |     input logic [31:0] dm_halt_addr_i,
      |                        ^~~~~~~~~~~~~~
%Warning-UNUSEDSIGNAL: ../rtl/cv32e40p-master/rtl/cv32e40p_if_stage.sv:109:16: Bits of signal are not used: 'branch_addr_n'[0]
                                                                             : ... note: In instance 'soc_top.u_core.if_stage_i'
  109 |   logic [31:0] branch_addr_n;
      |                ^~~~~~~~~~~~~
%Warning-UNUSEDSIGNAL: ../rtl/cv32e40p-master/rtl/cv32e40p_load_store_unit.sv:89:9: Signal is not used: 'resp_err'
                                                                                  : ... note: In instance 'soc_top.u_core.load_store_unit_i'
   89 |   logic resp_err;   
      |         ^~~~~~~~
%Warning-UNUSEDSIGNAL: ../rtl/cv32e40p-master/rtl/cv32e40p_load_store_unit.sv:114:9: Signal is not used: 'load_err_o'
                                                                                   : ... note: In instance 'soc_top.u_core.load_store_unit_i'
  114 |   logic load_err_o, store_err_o;
      |         ^~~~~~~~~~
%Warning-UNUSEDSIGNAL: ../rtl/cv32e40p-master/rtl/cv32e40p_load_store_unit.sv:114:21: Signal is not used: 'store_err_o'
                                                                                    : ... note: In instance 'soc_top.u_core.load_store_unit_i'
  114 |   logic load_err_o, store_err_o;
      |                     ^~~~~~~~~~~
%Warning-UNUSEDSIGNAL: ../rtl/cv32e40p-master/rtl/cv32e40p_sleep_unit.sv:79:17: Signal is not used: 'pulp_clock_en_i'
                                                                              : ... note: In instance 'soc_top.u_core.sleep_unit_i'
   79 |     input logic pulp_clock_en_i,   
      |                 ^~~~~~~~~~~~~~~
%Warning-UNUSEDSIGNAL: ../rtl/cv32e40p-master/rtl/cv32e40p_sleep_unit.sv:80:17: Signal is not used: 'p_elw_start_i'
                                                                              : ... note: In instance 'soc_top.u_core.sleep_unit_i'
   80 |     input logic p_elw_start_i,
      |                 ^~~~~~~~~~~~~
%Warning-UNUSEDSIGNAL: ../rtl/cv32e40p-master/rtl/cv32e40p_sleep_unit.sv:81:17: Signal is not used: 'p_elw_finish_i'
                                                                              : ... note: In instance 'soc_top.u_core.sleep_unit_i'
   81 |     input logic p_elw_finish_i,
      |                 ^~~~~~~~~~~~~~
%Warning-UNUSEDSIGNAL: ../rtl/cv32e40p-master/rtl/cv32e40p_sleep_unit.sv:82:17: Signal is not used: 'debug_p_elw_no_sleep_i'
                                                                              : ... note: In instance 'soc_top.u_core.sleep_unit_i'
   82 |     input logic debug_p_elw_no_sleep_i,
      |                 ^~~~~~~~~~~~~~~~~~~~~~
%Warning-UNUSEDSIGNAL: ../rtl/cv32e40p-master/rtl/cv32e40p_sleep_unit.sv:94:9: Signal is not used: 'p_elw_busy_q'
                                                                             : ... note: In instance 'soc_top.u_core.sleep_unit_i'
   94 |   logic p_elw_busy_q;   
      |         ^~~~~~~~~~~~
%Warning-UNUSEDSIGNAL: ../rtl/npu/npu_engine_axi_master.sv:72:31: Signal is not used: 'm_axi_awready'
                                                                : ... note: In instance 'soc_top.u_npu.u_eng_axi_master'
   72 |     input  logic              m_axi_awready,
      |                               ^~~~~~~~~~~~~
%Warning-UNUSEDSIGNAL: ../rtl/npu/npu_engine_axi_master.sv:76:31: Signal is not used: 'm_axi_wready'
                                                                : ... note: In instance 'soc_top.u_npu.u_eng_axi_master'
   76 |     input  logic              m_axi_wready,
      |                               ^~~~~~~~~~~~
%Warning-UNUSEDSIGNAL: ../rtl/npu/npu_engine_axi_master.sv:83:31: Signal is not used: 'm_axi_arready'
                                                                : ... note: In instance 'soc_top.u_npu.u_eng_axi_master'
   83 |     input  logic              m_axi_arready,
      |                               ^~~~~~~~~~~~~
%Warning-UNUSEDSIGNAL: ../rtl/npu/npu_tcm_axi_slave.sv:49:31: Bits of signal are not used: 's_axi_awaddr'[1:0]
                                                            : ... note: In instance 'soc_top.u_npu.u_eng_axi_slave'
   49 |     input  logic [31:0]       s_axi_awaddr,
      |                               ^~~~~~~~~~~~
%Warning-UNUSEDSIGNAL: ../rtl/npu/npu_tcm_axi_slave.sv:60:31: Bits of signal are not used: 's_axi_araddr'[1:0]
                                                            : ... note: In instance 'soc_top.u_npu.u_eng_axi_slave'
   60 |     input  logic [31:0]       s_axi_araddr,
      |                               ^~~~~~~~~~~~
%Warning-UNUSEDSIGNAL: ../rtl/npu/npu_axi_controller.sv:50:18: Bits of signal are not used: 'mem_aw_addr_lat'[31:15,1:0]
                                                             : ... note: In instance 'soc_top.u_npu.u_npu_axi_ctrl'
   50 |     logic [31:0] mem_aw_addr_lat;
      |                  ^~~~~~~~~~~~~~~
%Warning-UNUSEDSIGNAL: ../rtl/npu/npu_axi_controller.sv:56:18: Bits of signal are not used: 'mem_ar_addr_lat'[31:15,1:0]
                                                             : ... note: In instance 'soc_top.u_npu.u_npu_axi_ctrl'
   56 |     logic [31:0] mem_ar_addr_lat;
      |                  ^~~~~~~~~~~~~~~
%Warning-UNUSEDPARAM: ../rtl/npu/npu_compute_engine.sv:233:29: Parameter is not used: 'FC_WEIGHT_WORDS'
                                                             : ... note: In instance 'soc_top.u_npu.u_npu_engine'
  233 |     localparam int unsigned FC_WEIGHT_WORDS = 4000;
      |                             ^~~~~~~~~~~~~~~
%Warning-UNUSEDSIGNAL: ../rtl/npu/npu_compute_engine.sv:316:25: Bits of signal are not used: 'result64'[63:32]
                                                              : ... note: In instance 'soc_top.u_npu.u_npu_engine'
  316 |     logic signed [63:0] result64;
      |                         ^~~~~~~~
%Warning-UNUSEDSIGNAL: ../rtl/npu/npu_compute_engine.sv:465:18: Bits of signal are not used: 'dividend_acc'[15]
                                                              : ... note: In instance 'soc_top.u_npu.u_npu_engine'
  465 |     logic [15:0] dividend_acc;
      |                  ^~~~~~~~~~~~
%Warning-UNUSEDSIGNAL: ../rtl/npu/npu_compute_engine.sv:812:41: Bits of signal are not used: 'r64'[63:32]
                                                              : ... note: In instance 'soc_top.u_npu.u_npu_engine'
  812 |                     logic signed [63:0] r64;
      |                                         ^~~
%Warning-UNUSEDSIGNAL: ../rtl/npu/npu_compute_engine.sv:937:41: Bits of signal are not used: 'r64'[63:32]
                                                              : ... note: In instance 'soc_top.u_npu.u_npu_engine'
  937 |                     logic signed [63:0] r64;
      |                                         ^~~
%Warning-UNUSEDSIGNAL: ../rtl/npu/npu_csr.sv:105:18: Bits of signal are not used: 'aw_addr_lat'[31:5]
                                                   : ... note: In instance 'soc_top.u_npu.u_npu_csr'
  105 |     logic [31:0] aw_addr_lat;
      |                  ^~~~~~~~~~~
%Warning-UNUSEDSIGNAL: ../rtl/npu/npu_csr.sv:221:18: Bits of signal are not used: 'ar_addr_lat'[31:5]
                                                   : ... note: In instance 'soc_top.u_npu.u_npu_csr'
  221 |     logic [31:0] ar_addr_lat;
      |                  ^~~~~~~~~~~
%Warning-UNUSEDPARAM: ../rtl/cv32e40p-master/rtl/cv32e40p_id_stage.sv:49:15: Parameter is not used: 'APU_NUSFLAGS_CPU'
                                                                           : ... note: In instance 'soc_top.u_core.id_stage_i'
   49 |     parameter APU_NUSFLAGS_CPU = 5,
      |               ^~~~~~~~~~~~~~~~
%Warning-UNUSEDSIGNAL: ../rtl/cv32e40p-master/rtl/cv32e40p_id_stage.sv:294:16: Signal is not driven, nor used: 'ctrl_transfer_insn_in_dec'
                                                                             : ... note: In instance 'soc_top.u_core.id_stage_i'
  294 |   logic [ 1:0] ctrl_transfer_insn_in_dec;
      |                ^~~~~~~~~~~~~~~~~~~~~~~~~
%Warning-UNUSEDSIGNAL: ../rtl/cv32e40p-master/rtl/cv32e40p_id_stage.sv:300:16: Signal is not used: 'hwlp_mask'
                                                                             : ... note: In instance 'soc_top.u_core.id_stage_i'
  300 |   logic        hwlp_mask;
      |                ^~~~~~~~~
%Warning-UNUSEDSIGNAL: ../rtl/cv32e40p-master/rtl/cv32e40p_id_stage.sv:308:16: Signal is not used: 'imm_iz_type'
                                                                             : ... note: In instance 'soc_top.u_core.id_stage_i'
  308 |   logic [31:0] imm_iz_type;
      |                ^~~~~~~~~~~
%Warning-UNUSEDSIGNAL: ../rtl/cv32e40p-master/rtl/cv32e40p_id_stage.sv:322:16: Bits of signal are not used: 'imm_clip_type'[0]
                                                                             : ... note: In instance 'soc_top.u_core.id_stage_i'
  322 |   logic [31:0] imm_clip_type;
      |                ^~~~~~~~~~~~~
%Warning-UNUSEDSIGNAL: ../rtl/cv32e40p-master/rtl/cv32e40p_id_stage.sv:375:48: Signal is not used: 'fpu_src_fmt'
                                                                             : ... note: In instance 'soc_top.u_core.id_stage_i'
  375 |   logic [cv32e40p_fpu_pkg::FP_FORMAT_BITS-1:0] fpu_src_fmt;
      |                                                ^~~~~~~~~~~
%Warning-UNUSEDSIGNAL: ../rtl/cv32e40p-master/rtl/cv32e40p_id_stage.sv:376:48: Signal is not used: 'fpu_dst_fmt'
                                                                             : ... note: In instance 'soc_top.u_core.id_stage_i'
  376 |   logic [cv32e40p_fpu_pkg::FP_FORMAT_BITS-1:0] fpu_dst_fmt;
      |                                                ^~~~~~~~~~~
%Warning-UNUSEDSIGNAL: ../rtl/cv32e40p-master/rtl/cv32e40p_id_stage.sv:377:49: Signal is not used: 'fpu_int_fmt'
                                                                             : ... note: In instance 'soc_top.u_core.id_stage_i'
  377 |   logic [cv32e40p_fpu_pkg::INT_FORMAT_BITS-1:0] fpu_int_fmt;
      |                                                 ^~~~~~~~~~~
%Warning-UNUSEDSIGNAL: ../rtl/cv32e40p-master/rtl/cv32e40p_id_stage.sv:387:20: Signal is not used: 'apu_read_regs'
                                                                             : ... note: In instance 'soc_top.u_core.id_stage_i'
  387 |   logic [2:0][5:0] apu_read_regs;
      |                    ^~~~~~~~~~~~~
%Warning-UNUSEDSIGNAL: ../rtl/cv32e40p-master/rtl/cv32e40p_id_stage.sv:388:15: Signal is not used: 'apu_read_regs_valid'
                                                                             : ... note: In instance 'soc_top.u_core.id_stage_i'
  388 |   logic [2:0] apu_read_regs_valid;
      |               ^~~~~~~~~~~~~~~~~~~
%Warning-UNUSEDSIGNAL: ../rtl/cv32e40p-master/rtl/cv32e40p_id_stage.sv:389:20: Signal is not used: 'apu_write_regs'
                                                                             : ... note: In instance 'soc_top.u_core.id_stage_i'
  389 |   logic [1:0][5:0] apu_write_regs;
      |                    ^~~~~~~~~~~~~~
%Warning-UNUSEDSIGNAL: ../rtl/cv32e40p-master/rtl/cv32e40p_id_stage.sv:390:15: Signal is not used: 'apu_write_regs_valid'
                                                                             : ... note: In instance 'soc_top.u_core.id_stage_i'
  390 |   logic [1:0] apu_write_regs_valid;
      |               ^~~~~~~~~~~~~~~~~~~~
%Warning-UNUSEDSIGNAL: ../rtl/cv32e40p-master/rtl/cv32e40p_id_stage.sv:393:15: Signal is not used: 'fp_rnd_mode'
                                                                             : ... note: In instance 'soc_top.u_core.id_stage_i'
  393 |   logic [2:0] fp_rnd_mode;
      |               ^~~~~~~~~~~
%Warning-UNUSEDSIGNAL: ../rtl/cv32e40p-master/rtl/cv32e40p_id_stage.sv:411:27: Signal is not used: 'hwlp_regid'
                                                                             : ... note: In instance 'soc_top.u_core.id_stage_i'
  411 |   logic [N_HWLP_BITS-1:0] hwlp_regid;
      |                           ^~~~~~~~~~
%Warning-UNUSEDSIGNAL: ../rtl/cv32e40p-master/rtl/cv32e40p_id_stage.sv:412:15: Signal is not used: 'hwlp_we'
                                                                             : ... note: In instance 'soc_top.u_core.id_stage_i'
  412 |   logic [2:0] hwlp_we, hwlp_we_masked;
      |               ^~~~~~~
%Warning-UNUSEDSIGNAL: ../rtl/cv32e40p-master/rtl/cv32e40p_id_stage.sv:412:24: Signal is not used: 'hwlp_we_masked'
                                                                             : ... note: In instance 'soc_top.u_core.id_stage_i'
  412 |   logic [2:0] hwlp_we, hwlp_we_masked;
      |                        ^~~~~~~~~~~~~~
%Warning-UNUSEDSIGNAL: ../rtl/cv32e40p-master/rtl/cv32e40p_id_stage.sv:413:29: Signal is not used: 'hwlp_target_mux_sel'
                                                                             : ... note: In instance 'soc_top.u_core.id_stage_i'
  413 |   logic        [       1:0] hwlp_target_mux_sel;
      |                             ^~~~~~~~~~~~~~~~~~~
%Warning-UNUSEDSIGNAL: ../rtl/cv32e40p-master/rtl/cv32e40p_id_stage.sv:414:29: Signal is not used: 'hwlp_start_mux_sel'
                                                                             : ... note: In instance 'soc_top.u_core.id_stage_i'
  414 |   logic        [       1:0] hwlp_start_mux_sel;
      |                             ^~~~~~~~~~~~~~~~~~
%Warning-UNUSEDSIGNAL: ../rtl/cv32e40p-master/rtl/cv32e40p_id_stage.sv:415:29: Signal is not used: 'hwlp_cnt_mux_sel'
                                                                             : ... note: In instance 'soc_top.u_core.id_stage_i'
  415 |   logic                     hwlp_cnt_mux_sel;
      |                             ^~~~~~~~~~~~~~~~
%Warning-UNUSEDSIGNAL: ../rtl/cv32e40p-master/rtl/cv32e40p_id_stage.sv:417:29: Signal is not used: 'hwlp_start'
                                                                             : ... note: In instance 'soc_top.u_core.id_stage_i'
  417 |   logic        [      31:0] hwlp_start;
      |                             ^~~~~~~~~~
%Warning-UNUSEDSIGNAL: ../rtl/cv32e40p-master/rtl/cv32e40p_id_stage.sv:418:29: Signal is not used: 'hwlp_end'
                                                                             : ... note: In instance 'soc_top.u_core.id_stage_i'
  418 |   logic        [      31:0] hwlp_end;
      |                             ^~~~~~~~
%Warning-UNUSEDSIGNAL: ../rtl/cv32e40p-master/rtl/cv32e40p_id_stage.sv:419:29: Signal is not used: 'hwlp_cnt'
                                                                             : ... note: In instance 'soc_top.u_core.id_stage_i'
  419 |   logic        [      31:0] hwlp_cnt;
      |                             ^~~~~~~~
%Warning-UNUSEDSIGNAL: ../rtl/cv32e40p-master/rtl/cv32e40p_id_stage.sv:420:29: Signal is not used: 'hwlp_dec_cnt'
                                                                             : ... note: In instance 'soc_top.u_core.id_stage_i'
  420 |   logic        [N_HWLP-1:0] hwlp_dec_cnt;
      |                             ^~~~~~~~~~~~
%Warning-UNUSEDSIGNAL: ../rtl/cv32e40p-master/rtl/cv32e40p_id_stage.sv:421:29: Signal is not used: 'hwlp_valid'
                                                                             : ... note: In instance 'soc_top.u_core.id_stage_i'
  421 |   logic                     hwlp_valid;
      |                             ^~~~~~~~~~
%Warning-UNUSEDSIGNAL: ../rtl/cv32e40p-master/rtl/cv32e40p_id_stage.sv:459:16: Signal is not used: 'alu_vec'
                                                                             : ... note: In instance 'soc_top.u_core.id_stage_i'
  459 |   logic        alu_vec;
      |                ^~~~~~~
%Warning-UNUSEDSIGNAL: ../rtl/cv32e40p-master/rtl/cv32e40p_alu.sv:99:16: Bits of signal are not used: 'adder_result_expanded'[27,18,9,0]
                                                                       : ... note: In instance 'soc_top.u_core.ex_stage_i.alu_i'
   99 |   logic [36:0] adder_result_expanded;
      |                ^~~~~~~~~~~~~~~~~~~~~
%Warning-UNUSEDSIGNAL: ../rtl/cv32e40p-master/rtl/cv32e40p_alu.sv:204:16: Bits of signal are not used: 'shift_amt_int'[31:27,23:20,15:11,7:5]
                                                                        : ... note: In instance 'soc_top.u_core.ex_stage_i.alu_i'
  204 |   logic [31:0] shift_amt_int;   
      |                ^~~~~~~~~~~~~
%Warning-UNUSEDSIGNAL: ../rtl/cv32e40p-master/rtl/cv32e40p_controller.sv:81:29: Signal is not used: 'pc_id_i'
                                                                              : ... note: In instance 'soc_top.u_core.id_stage_i.controller_i'
   81 |   input  logic [31:0]       pc_id_i,
      |                             ^~~~~~~
%Warning-UNUSEDSIGNAL: ../rtl/cv32e40p-master/rtl/cv32e40p_controller.sv:85:29: Signal is not used: 'hwlp_end_addr_i'
                                                                              : ... note: In instance 'soc_top.u_core.id_stage_i.controller_i'
   85 |   input  logic [1:0] [31:0] hwlp_end_addr_i,
      |                             ^~~~~~~~~~~~~~~
%Warning-UNUSEDSIGNAL: ../rtl/cv32e40p-master/rtl/cv32e40p_controller.sv:86:29: Signal is not used: 'hwlp_counter_i'
                                                                              : ... note: In instance 'soc_top.u_core.id_stage_i.controller_i'
   86 |   input  logic [1:0] [31:0] hwlp_counter_i,
      |                             ^~~~~~~~~~~~~~
%Warning-UNUSEDSIGNAL: ../rtl/cv32e40p-master/rtl/cv32e40p_controller.sv:196:23: Signal is not used: 'id_valid_i'
                                                                               : ... note: In instance 'soc_top.u_core.id_stage_i.controller_i'
  196 |   input  logic        id_valid_i,                  
      |                       ^~~~~~~~~~
%Warning-UNUSEDSIGNAL: ../rtl/cv32e40p-master/rtl/cv32e40p_controller.sv:238:9: Signal is not used: 'hwlp_end_4_id_d'
                                                                              : ... note: In instance 'soc_top.u_core.id_stage_i.controller_i'
  238 |   logic hwlp_end_4_id_d, hwlp_end_4_id_q;
      |         ^~~~~~~~~~~~~~~
%Warning-UNUSEDSIGNAL: ../rtl/cv32e40p-master/rtl/cv32e40p_controller.sv:238:26: Signal is not used: 'hwlp_end_4_id_q'
                                                                               : ... note: In instance 'soc_top.u_core.id_stage_i.controller_i'
  238 |   logic hwlp_end_4_id_d, hwlp_end_4_id_q;
      |                          ^~~~~~~~~~~~~~~
%Warning-UNUSEDSIGNAL: ../rtl/cv32e40p-master/rtl/cv32e40p_int_controller.sv:46:29: Signal is not used: 'u_ie_i'
                                                                                  : ... note: In instance 'soc_top.u_core.id_stage_i.int_controller_i'
   46 |     input  logic            u_ie_i,   
      |                             ^~~~~~
%Warning-UNUSEDSIGNAL: ../rtl/cv32e40p-master/rtl/cv32e40p_int_controller.sv:47:29: Signal is not used: 'current_priv_lvl_i'
                                                                                  : ... note: In instance 'soc_top.u_core.id_stage_i.int_controller_i'
   47 |     input  PrivLvl_t        current_priv_lvl_i
      |                             ^~~~~~~~~~~~~~~~~~
%Warning-UNUSEDSIGNAL: ../rtl/cv32e40p-master/rtl/cv32e40p_mult.sv:76:29: Bits of signal are not used: 'short_round_tmp'[0]
                                                                        : ... note: In instance 'soc_top.u_core.ex_stage_i.mult_i'
   76 |   logic [31:0] short_round, short_round_tmp;
      |                             ^~~~~~~~~~~~~~~
%Warning-UNUSEDSIGNAL: ../rtl/cv32e40p-master/rtl/cv32e40p_mult.sv:77:16: Bits of signal are not used: 'short_result'[33:32]
                                                                        : ... note: In instance 'soc_top.u_core.ex_stage_i.mult_i'
   77 |   logic [33:0] short_result;
      |                ^~~~~~~~~~~~
%Warning-UNUSEDSIGNAL: ../rtl/cv32e40p-master/rtl/cv32e40p_mult.sv:243:16: Bits of signal are not used: 'dot_short_result'[32]
                                                                         : ... note: In instance 'soc_top.u_core.ex_stage_i.mult_i'
  243 |   logic [32:0] dot_short_result;
      |                ^~~~~~~~~~~~~~~~
%Warning-UNUSEDSIGNAL: ../rtl/cv32e40p-master/rtl/cv32e40p_prefetch_buffer.sv:52:25: Signal is not used: 'instr_err_pmp_i'
                                                                                   : ... note: In instance 'soc_top.u_core.if_stage_i.prefetch_buffer_i'
   52 |     input  logic        instr_err_pmp_i,   
      |                         ^~~~~~~~~~~~~~~
%Warning-UNUSEDSIGNAL: ../rtl/cv32e40p-master/rtl/cv32e40p_prefetch_buffer.sv:66:29: Bits of signal are not used: 'trans_addr'[1:0]
                                                                                   : ... note: In instance 'soc_top.u_core.if_stage_i.prefetch_buffer_i'
   66 |   logic [             31:0] trans_addr;
      |                             ^~~~~~~~~~
%Warning-UNUSEDSIGNAL: ../rtl/cv32e40p-master/rtl/cv32e40p_prefetch_buffer.sv:80:29: Signal is not used: 'resp_err'
                                                                                   : ... note: In instance 'soc_top.u_core.if_stage_i.prefetch_buffer_i'
   80 |   logic                     resp_err;   
      |                             ^~~~~~~~
%Warning-UNUSEDSIGNAL: ../rtl/cv32e40p-master/rtl/cv32e40p_register_file_ff.sv:40:17: Signal is not used: 'scan_cg_en_i'
                                                                                    : ... note: In instance 'soc_top.u_core.id_stage_i.register_file_i'
   40 |     input logic scan_cg_en_i,
      |                 ^~~~~~~~~~~~
%Warning-UNUSEDSIGNAL: ../rtl/cv32e40p-master/rtl/cv32e40p_register_file_ff.sv:82:45: Bits of signal are not used: 'we_a_dec'[0]
                                                                                    : ... note: In instance 'soc_top.u_core.id_stage_i.register_file_i'
   82 |   logic [NUM_TOT_WORDS-1:0]                 we_a_dec;
      |                                             ^~~~~~~~
%Warning-UNUSEDSIGNAL: ../rtl/cv32e40p-master/rtl/cv32e40p_register_file_ff.sv:83:45: Bits of signal are not used: 'we_b_dec'[0]
                                                                                    : ... note: In instance 'soc_top.u_core.id_stage_i.register_file_i'
   83 |   logic [NUM_TOT_WORDS-1:0]                 we_b_dec;
      |                                             ^~~~~~~~
%Warning-UNUSEDSIGNAL: ../rtl/cv32e40p-master/rtl/cv32e40p_ff_one.sv:37:45: Bits of signal are not used: 'sel_nodes'[31]
                                                                          : ... note: In instance 'soc_top.u_core.ex_stage_i.alu_i.ff_one_i'
   37 |   logic [2**NUM_LEVELS-1:0]                 sel_nodes;
      |                                             ^~~~~~~~~
%Warning-UNUSEDSIGNAL: ../rtl/cv32e40p-master/rtl/cv32e40p_ff_one.sv:38:45: Bits of signal are not driven, nor used: 'index_nodes'[159:155]
                                                                          : ... note: In instance 'soc_top.u_core.ex_stage_i.alu_i.ff_one_i'
   38 |   logic [2**NUM_LEVELS-1:0][NUM_LEVELS-1:0] index_nodes;
      |                                             ^~~~~~~~~~~
%Warning-UNUSEDSIGNAL: ../rtl/cv32e40p-master/rtl/cv32e40p_obi_interface.sv:41:17: Signal is not used: 'clk'
                                                                                 : ... note: In instance 'soc_top.u_core.load_store_unit_i.data_obi_i'
   41 |     input logic clk,
      |                 ^~~
%Warning-UNUSEDSIGNAL: ../rtl/cv32e40p-master/rtl/cv32e40p_obi_interface.sv:42:17: Signal is not used: 'rst_n'
                                                                                 : ... note: In instance 'soc_top.u_core.load_store_unit_i.data_obi_i'
   42 |     input logic rst_n,
      |                 ^~~~~
%Warning-UNUSEDSIGNAL: ../rtl/cv32e40p-master/rtl/cv32e40p_obi_interface.sv:75:7: Signal is not used: 'state_q'
                                                                                : ... note: In instance 'soc_top.u_core.load_store_unit_i.data_obi_i'
   75 |       state_q, next_state;
      |       ^~~~~~~
%Warning-UNUSEDSIGNAL: ../rtl/cv32e40p-master/rtl/cv32e40p_obi_interface.sv:75:16: Signal is not used: 'next_state'
                                                                                 : ... note: In instance 'soc_top.u_core.load_store_unit_i.data_obi_i'
   75 |       state_q, next_state;
      |                ^~~~~~~~~~
%Warning-UNUSEDSIGNAL: ../rtl/cv32e40p-master/rtl/cv32e40p_prefetch_controller.sv:52:25: Bits of signal are not used: 'branch_addr_i'[1:0]
                                                                                       : ... note: In instance 'soc_top.u_core.if_stage_i.prefetch_buffer_i.prefetch_controller_i'
   52 |     input  logic [31:0] branch_addr_i,   
      |                         ^~~~~~~~~~~~~
%Warning-UNUSEDSIGNAL: ../rtl/cv32e40p-master/rtl/cv32e40p_prefetch_controller.sv:103:9: Signal is not used: 'hwlp_wait_resp_flush'
                                                                                       : ... note: In instance 'soc_top.u_core.if_stage_i.prefetch_buffer_i.prefetch_controller_i'
  103 |   logic hwlp_wait_resp_flush;   
      |         ^~~~~~~~~~~~~~~~~~~~
%Warning-UNUSEDSIGNAL: ../rtl/cv32e40p-master/rtl/cv32e40p_prefetch_controller.sv:104:9: Signal is not used: 'hwlp_flush_after_resp'
                                                                                       : ... note: In instance 'soc_top.u_core.if_stage_i.prefetch_buffer_i.prefetch_controller_i'
  104 |   logic hwlp_flush_after_resp;   
      |         ^~~~~~~~~~~~~~~~~~~~~
%Warning-UNUSEDSIGNAL: ../rtl/cv32e40p-master/rtl/cv32e40p_fifo.sv:26:17: Signal is not used: 'testmode_i'
                                                                        : ... note: In instance 'soc_top.u_core.if_stage_i.prefetch_buffer_i.fifo_i'
   26 |     input logic testmode_i,   
      |                 ^~~~~~~~~~
%Warning-UNUSEDPARAM: ../rtl/cv32e40p-master/rtl/include/cv32e40p_pkg.sv:523:26: Parameter is not used: 'CSR_MFIX_BIT_LOW'
                                                                               : ... note: In instance 'soc_top.u_core.if_stage_i.prefetch_buffer_i.fifo_i'
  523 |   parameter int unsigned CSR_MFIX_BIT_LOW = 16;
      |                          ^~~~~~~~~~~~~~~~
%Warning-UNUSEDPARAM: ../rtl/cv32e40p-master/rtl/include/cv32e40p_pkg.sv:524:26: Parameter is not used: 'CSR_MFIX_BIT_HIGH'
                                                                               : ... note: In instance 'soc_top.u_core.if_stage_i.prefetch_buffer_i.fifo_i'
  524 |   parameter int unsigned CSR_MFIX_BIT_HIGH = 31;
      |                          ^~~~~~~~~~~~~~~~~
%Warning-UNUSEDPARAM: ../rtl/cv32e40p-master/rtl/include/cv32e40p_pkg.sv:527:13: Parameter is not used: 'SP_DVR0'
                                                                               : ... note: In instance 'soc_top.u_core.if_stage_i.prefetch_buffer_i.fifo_i'
  527 |   parameter SP_DVR0 = 16'h3000;
      |             ^~~~~~~
%Warning-UNUSEDPARAM: ../rtl/cv32e40p-master/rtl/include/cv32e40p_pkg.sv:528:13: Parameter is not used: 'SP_DCR0'
                                                                               : ... note: In instance 'soc_top.u_core.if_stage_i.prefetch_buffer_i.fifo_i'
  528 |   parameter SP_DCR0 = 16'h3008;
      |             ^~~~~~~
%Warning-UNUSEDPARAM: ../rtl/cv32e40p-master/rtl/include/cv32e40p_pkg.sv:529:13: Parameter is not used: 'SP_DMR1'
                                                                               : ... note: In instance 'soc_top.u_core.if_stage_i.prefetch_buffer_i.fifo_i'
  529 |   parameter SP_DMR1 = 16'h3010;
      |             ^~~~~~~
%Warning-UNUSEDPARAM: ../rtl/cv32e40p-master/rtl/include/cv32e40p_pkg.sv:530:13: Parameter is not used: 'SP_DMR2'
                                                                               : ... note: In instance 'soc_top.u_core.if_stage_i.prefetch_buffer_i.fifo_i'
  530 |   parameter SP_DMR2 = 16'h3011;
      |             ^~~~~~~
%Warning-UNUSEDPARAM: ../rtl/cv32e40p-master/rtl/include/cv32e40p_pkg.sv:532:13: Parameter is not used: 'SP_DVR_MSB'
                                                                               : ... note: In instance 'soc_top.u_core.if_stage_i.prefetch_buffer_i.fifo_i'
  532 |   parameter SP_DVR_MSB = 8'h00;
      |             ^~~~~~~~~~
%Warning-UNUSEDPARAM: ../rtl/cv32e40p-master/rtl/include/cv32e40p_pkg.sv:533:13: Parameter is not used: 'SP_DCR_MSB'
                                                                               : ... note: In instance 'soc_top.u_core.if_stage_i.prefetch_buffer_i.fifo_i'
  533 |   parameter SP_DCR_MSB = 8'h01;
      |             ^~~~~~~~~~
%Warning-UNUSEDPARAM: ../rtl/cv32e40p-master/rtl/include/cv32e40p_pkg.sv:534:13: Parameter is not used: 'SP_DMR_MSB'
                                                                               : ... note: In instance 'soc_top.u_core.if_stage_i.prefetch_buffer_i.fifo_i'
  534 |   parameter SP_DMR_MSB = 8'h02;
      |             ^~~~~~~~~~
%Warning-UNUSEDPARAM: ../rtl/cv32e40p-master/rtl/include/cv32e40p_pkg.sv:535:13: Parameter is not used: 'SP_DSR_MSB'
                                                                               : ... note: In instance 'soc_top.u_core.if_stage_i.prefetch_buffer_i.fifo_i'
  535 |   parameter SP_DSR_MSB = 8'h04;
      |             ^~~~~~~~~~
%Warning-UNUSEDPARAM: ../rtl/cv32e40p-master/rtl/include/cv32e40p_pkg.sv:737:13: Parameter is not used: 'DBG_CAUSE_RSTHALTREQ'
                                                                               : ... note: In instance 'soc_top.u_core.if_stage_i.prefetch_buffer_i.fifo_i'
  737 |   parameter DBG_CAUSE_RSTHALTREQ = 3'h5;
      |             ^~~~~~~~~~~~~~~~~~~~
%Warning-UNUSEDPARAM: ../rtl/cv32e40p-master/rtl/include/cv32e40p_pkg.sv:740:13: Parameter is not used: 'DBG_SETS_W'
                                                                               : ... note: In instance 'soc_top.u_core.if_stage_i.prefetch_buffer_i.fifo_i'
  740 |   parameter DBG_SETS_W = 6;
      |             ^~~~~~~~~~
%Warning-UNUSEDPARAM: ../rtl/cv32e40p-master/rtl/include/cv32e40p_pkg.sv:742:13: Parameter is not used: 'DBG_SETS_IRQ'
                                                                               : ... note: In instance 'soc_top.u_core.if_stage_i.prefetch_buffer_i.fifo_i'
  742 |   parameter DBG_SETS_IRQ = 5;
      |             ^~~~~~~~~~~~
%Warning-UNUSEDPARAM: ../rtl/cv32e40p-master/rtl/include/cv32e40p_pkg.sv:743:13: Parameter is not used: 'DBG_SETS_ECALL'
                                                                               : ... note: In instance 'soc_top.u_core.if_stage_i.prefetch_buffer_i.fifo_i'
  743 |   parameter DBG_SETS_ECALL = 4;
      |             ^~~~~~~~~~~~~~
%Warning-UNUSEDPARAM: ../rtl/cv32e40p-master/rtl/include/cv32e40p_pkg.sv:744:13: Parameter is not used: 'DBG_SETS_EILL'
                                                                               : ... note: In instance 'soc_top.u_core.if_stage_i.prefetch_buffer_i.fifo_i'
  744 |   parameter DBG_SETS_EILL = 3;
      |             ^~~~~~~~~~~~~
%Warning-UNUSEDPARAM: ../rtl/cv32e40p-master/rtl/include/cv32e40p_pkg.sv:745:13: Parameter is not used: 'DBG_SETS_ELSU'
                                                                               : ... note: In instance 'soc_top.u_core.if_stage_i.prefetch_buffer_i.fifo_i'
  745 |   parameter DBG_SETS_ELSU = 2;
      |             ^~~~~~~~~~~~~
%Warning-UNUSEDPARAM: ../rtl/cv32e40p-master/rtl/include/cv32e40p_pkg.sv:746:13: Parameter is not used: 'DBG_SETS_EBRK'
                                                                               : ... note: In instance 'soc_top.u_core.if_stage_i.prefetch_buffer_i.fifo_i'
  746 |   parameter DBG_SETS_EBRK = 1;
      |             ^~~~~~~~~~~~~
%Warning-UNUSEDPARAM: ../rtl/cv32e40p-master/rtl/include/cv32e40p_pkg.sv:747:13: Parameter is not used: 'DBG_SETS_SSTE'
                                                                               : ... note: In instance 'soc_top.u_core.if_stage_i.prefetch_buffer_i.fifo_i'
  747 |   parameter DBG_SETS_SSTE = 0;
      |             ^~~~~~~~~~~~~
%Warning-UNUSEDPARAM: ../rtl/cv32e40p-master/rtl/include/cv32e40p_pkg.sv:749:13: Parameter is not used: 'DBG_CAUSE_HALT'
                                                                               : ... note: In instance 'soc_top.u_core.if_stage_i.prefetch_buffer_i.fifo_i'
  749 |   parameter DBG_CAUSE_HALT = 6'h1F;
      |             ^~~~~~~~~~~~~~
%Warning-UNUSEDPARAM: ../rtl/cv32e40p-master/rtl/include/cv32e40p_pkg.sv:782:26: Parameter is not used: 'C_LAT_DIVSQRT'
                                                                               : ... note: In instance 'soc_top.u_core.if_stage_i.prefetch_buffer_i.fifo_i'
  782 |   parameter int unsigned C_LAT_DIVSQRT = 'd1;   
      |                          ^~~~~~~~~~~~~
%Warning-UNUSEDPARAM: ../rtl/cv32e40p-master/rtl/include/cv32e40p_pkg.sv:789:13: Parameter is not used: 'C_FLEN'
                                                                               : ... note: In instance 'soc_top.u_core.if_stage_i.prefetch_buffer_i.fifo_i'
  789 |   parameter C_FLEN = C_RVD ? 64 :   
      |             ^~~~~~
%Warning-UNSIGNED: ../rtl/Memory/sram_module.sv:236:33: Comparison is constant due to unsigned arithmetic
                                                      : ... note: In instance 'soc_top.u_data_ram'
  236 |         rvalid_addr_q <= (raddr < RAM_DEPTH[$clog2(RAM_DEPTH)-1:0]) ||
      |                                 ^
                   ... For warning description see https://verilator.org/warn/UNSIGNED?v=5.044
                   ... Use "/* verilator lint_off UNSIGNED */" and lint_on around source to disable this message.
%Warning-UNSIGNED: ../rtl/Memory/axi_lite_interconnect.sv:307:18: Comparison is constant due to unsigned arithmetic
                                                                : ... note: In instance 'soc_top.u_interconnect'
  307 |         if (addr >= 32'h0000_0000 && addr <= 32'h0000_03FF) return 0;   
      |                  ^~
%Warning-CASEINCOMPLETE: ../rtl/cv32e40p-master/rtl/cv32e40p_aligner.sv:102:5: Case values incompletely covered (example pattern 0x4)
  102 |     case (state)
      |     ^~~~
                         ... For warning description see https://verilator.org/warn/CASEINCOMPLETE?v=5.044
                         ... Use "/* verilator lint_off CASEINCOMPLETE */" and lint_on around source to disable this message.
%Warning-CASEINCOMPLETE: ../rtl/cv32e40p-master/rtl/cv32e40p_alu.sv:139:7: Case values incompletely covered (example pattern 0x0)
  139 |       case (vector_mode_i)
      |       ^~~~
%Warning-CASEINCOMPLETE: ../rtl/cv32e40p-master/rtl/cv32e40p_alu.sv:153:7: Case values incompletely covered (example pattern 0x0)
  153 |       case (vector_mode_i)
      |       ^~~~
%Warning-CASEINCOMPLETE: ../rtl/cv32e40p-master/rtl/cv32e40p_alu.sv:752:5: Case values incompletely covered (example pattern 0x0)
  752 |     case (operator_i)
      |     ^~~~
%Warning-CASEINCOMPLETE: ../rtl/cv32e40p-master/rtl/cv32e40p_mult.sv:140:5: Case values incompletely covered (example pattern 0x5)
  140 |     case (mulh_CS)
      |     ^~~~
%Warning-CASEINCOMPLETE: ../rtl/cv32e40p-master/rtl/cv32e40p_load_store_unit.sv:332:7: Case values incompletely covered (example pattern 0x2)
  332 |       case (data_type_ex_i)
      |       ^~~~
%Warning-CASEINCOMPLETE: ../rtl/cv32e40p-master/rtl/cv32e40p_cs_registers.sv:920:7: Case values incompletely covered (example pattern 0x0)
  920 |       case (csr_addr_i)
      |       ^~~~
%Warning-COMBDLY: ../rtl/cv32e40p-master/bhv/cv32e40p_sim_clock_gate.sv:29:31: Non-blocking assignment '<=' in combinational logic process
                                                                             : ... This will be executed as a blocking assignment '='!
   29 |     if (clk_i == 1'b0) clk_en <= en_i | scan_cg_en_i;
      |                               ^~
                  ... For warning description see https://verilator.org/warn/COMBDLY?v=5.044
                  ... Use "/* verilator lint_off COMBDLY */" and lint_on around source to disable this message.
                  *** See https://verilator.org/warn/COMBDLY?v=5.044 before disabling this,
                  else you may end up with different sim results.
%Warning-UNOPTFLAT: ../rtl/cv32e40p-master/rtl/cv32e40p_id_stage.sv:293:16: Signal unoptimizable: Circular combinational logic: 'soc_top.u_core.id_stage_i.ctrl_transfer_insn_in_id'
  293 |   logic [ 1:0] ctrl_transfer_insn_in_id;
      |                ^~~~~~~~~~~~~~~~~~~~~~~~
                    ... For warning description see https://verilator.org/warn/UNOPTFLAT?v=5.044
                    ... Use "/* verilator lint_off UNOPTFLAT */" and lint_on around source to disable this message.
                    ../rtl/cv32e40p-master/rtl/cv32e40p_id_stage.sv:293:16:      Example path: soc_top.u_core.id_stage_i.ctrl_transfer_insn_in_id
                    ../rtl/cv32e40p-master/rtl/cv32e40p_controller.sv:256:3:      Example path: ALWAYS
                    ../rtl/cv32e40p-master/rtl/cv32e40p_core.sv:151:16:      Example path: soc_top.u_core.is_decoding
                    ../rtl/cv32e40p-master/rtl/cv32e40p_controller.sv:48:23:      Example path: ASSIGNW
                    ../rtl/cv32e40p-master/rtl/cv32e40p_controller.sv:48:23:      Example path: soc_top.u_core.id_stage_i.controller_i.deassert_we_o
                    ../rtl/cv32e40p-master/rtl/cv32e40p_decoder.sv:3006:38:      Example path: ASSIGNW
                    ../rtl/cv32e40p-master/rtl/cv32e40p_id_stage.sv:293:16:      Example path: soc_top.u_core.id_stage_i.ctrl_transfer_insn_in_id
%Warning-UNOPTFLAT: ../rtl/cv32e40p-master/rtl/cv32e40p_core.sv:275:23: Signal unoptimizable: Circular combinational logic: 'soc_top.u_core.id_ready'
  275 |   logic               id_ready;
      |                       ^~~~~~~~
                    ../rtl/cv32e40p-master/rtl/cv32e40p_core.sv:275:23:      Example path: soc_top.u_core.id_ready
                    ../rtl/cv32e40p-master/rtl/cv32e40p_controller.sv:256:3:      Example path: ALWAYS
                    ../rtl/cv32e40p-master/rtl/cv32e40p_core.sv:151:16:      Example path: soc_top.u_core.is_decoding
                    ../rtl/cv32e40p-master/rtl/cv32e40p_controller.sv:48:23:      Example path: ASSIGNW
                    ../rtl/cv32e40p-master/rtl/cv32e40p_controller.sv:48:23:      Example path: soc_top.u_core.id_stage_i.controller_i.deassert_we_o
                    ../rtl/cv32e40p-master/rtl/cv32e40p_decoder.sv:3006:38:      Example path: ASSIGNW
                    ../rtl/cv32e40p-master/rtl/cv32e40p_id_stage.sv:293:16:      Example path: soc_top.u_core.id_stage_i.ctrl_transfer_insn_in_id
                    ../rtl/cv32e40p-master/rtl/cv32e40p_controller.sv:256:3:      Example path: ALWAYS
%Warning-UNOPTFLAT: ../rtl/Memory/soc_top.sv:386:53: Signal unoptimizable: Circular combinational logic: 'soc_top.s7_awready'
  386 |     logic [31:0] s7_awaddr; logic s7_awvalid; logic s7_awready;
      |                                                     ^~~~~~~~~~
                    ../rtl/Memory/soc_top.sv:386:53:      Example path: soc_top.s7_awready
                    ../rtl/Memory/axi_lite_interconnect.sv:347:5:      Example path: ALWAYS
                    ../rtl/Memory/soc_top.sv:293:67:      Example path: soc_top.merged_m_awready
                    ../rtl/Memory/obi_to_axi_simple.sv:147:36:      Example path: ASSIGNW
                    ../rtl/Memory/obi_to_axi_simple.sv:147:36:      Example path: __VdfgRegularize_h6e95ff9d_0_19
                    ../rtl/Memory/obi_to_axi_simple.sv:155:75:      Example path: ASSIGNW
                    ../rtl/Memory/obi_to_axi_simple.sv:155:75:      Example path: __VdfgRegularize_h6e95ff9d_0_21
                    ../rtl/cv32e40p-master/rtl/cv32e40p_load_store_unit.sv:415:19:      Example path: ASSIGNW
                    ../rtl/cv32e40p-master/rtl/cv32e40p_load_store_unit.sv:94:17:      Example path: soc_top.u_core.load_store_unit_i.count_up
                    ../rtl/cv32e40p-master/rtl/cv32e40p_load_store_unit.sv:397:25:      Example path: ASSIGNW
                    ../rtl/cv32e40p-master/rtl/cv32e40p_core.sv:282:23:      Example path: soc_top.u_core.lsu_ready_ex
                    ../rtl/cv32e40p-master/rtl/cv32e40p_ex_stage.sv:474:60:      Example path: ASSIGNW
                    ../rtl/cv32e40p-master/rtl/cv32e40p_ex_stage.sv:474:60:      Example path: soc_top.u_core.ex_stage_i.__VdfgRegularize_h92205aba_0_0
                    ../rtl/cv32e40p-master/rtl/cv32e40p_ex_stage.sv:474:21:      Example path: ASSIGNW
                    ../rtl/cv32e40p-master/rtl/cv32e40p_core.sv:276:23:      Example path: soc_top.u_core.ex_ready
                    ../rtl/cv32e40p-master/rtl/cv32e40p_id_stage.sv:1679:21:      Example path: ASSIGNW
                    ../rtl/cv32e40p-master/rtl/cv32e40p_core.sv:275:23:      Example path: soc_top.u_core.id_ready
                    ../rtl/cv32e40p-master/rtl/cv32e40p_controller.sv:256:3:      Example path: ALWAYS
                    ../rtl/cv32e40p-master/rtl/cv32e40p_core.sv:151:16:      Example path: soc_top.u_core.is_decoding
                    ../rtl/cv32e40p-master/rtl/cv32e40p_controller.sv:48:23:      Example path: ASSIGNW
                    ../rtl/cv32e40p-master/rtl/cv32e40p_controller.sv:48:23:      Example path: soc_top.u_core.id_stage_i.controller_i.deassert_we_o
                    ../rtl/cv32e40p-master/rtl/cv32e40p_decoder.sv:3006:38:      Example path: ASSIGNW
                    ../rtl/cv32e40p-master/rtl/cv32e40p_id_stage.sv:293:16:      Example path: soc_top.u_core.id_stage_i.ctrl_transfer_insn_in_id
                    ../rtl/cv32e40p-master/rtl/cv32e40p_controller.sv:256:3:      Example path: ALWAYS
%Warning-UNOPTFLAT: ../rtl/Memory/soc_top.sv:365:53: Signal unoptimizable: Circular combinational logic: 'soc_top.s4_awready'
  365 |     logic [31:0] s4_awaddr; logic s4_awvalid; logic s4_awready;
      |                                                     ^~~~~~~~~~
                    ../rtl/Memory/soc_top.sv:365:53:      Example path: soc_top.s4_awready
                    ../rtl/Memory/axi_lite_interconnect.sv:347:5:      Example path: ALWAYS
                    ../rtl/Memory/soc_top.sv:293:67:      Example path: soc_top.merged_m_awready
                    ../rtl/Memory/obi_to_axi_simple.sv:147:36:      Example path: ASSIGNW
                    ../rtl/Memory/obi_to_axi_simple.sv:147:36:      Example path: __VdfgRegularize_h6e95ff9d_0_19
                    ../rtl/Memory/obi_to_axi_simple.sv:155:75:      Example path: ASSIGNW
                    ../rtl/Memory/obi_to_axi_simple.sv:155:75:      Example path: __VdfgRegularize_h6e95ff9d_0_21
                    ../rtl/cv32e40p-master/rtl/cv32e40p_load_store_unit.sv:415:19:      Example path: ASSIGNW
                    ../rtl/cv32e40p-master/rtl/cv32e40p_load_store_unit.sv:94:17:      Example path: soc_top.u_core.load_store_unit_i.count_up
                    ../rtl/cv32e40p-master/rtl/cv32e40p_load_store_unit.sv:397:25:      Example path: ASSIGNW
                    ../rtl/cv32e40p-master/rtl/cv32e40p_core.sv:282:23:      Example path: soc_top.u_core.lsu_ready_ex
                    ../rtl/cv32e40p-master/rtl/cv32e40p_ex_stage.sv:474:60:      Example path: ASSIGNW
                    ../rtl/cv32e40p-master/rtl/cv32e40p_ex_stage.sv:474:60:      Example path: soc_top.u_core.ex_stage_i.__VdfgRegularize_h92205aba_0_0
                    ../rtl/cv32e40p-master/rtl/cv32e40p_ex_stage.sv:474:21:      Example path: ASSIGNW
                    ../rtl/cv32e40p-master/rtl/cv32e40p_core.sv:276:23:      Example path: soc_top.u_core.ex_ready
                    ../rtl/cv32e40p-master/rtl/cv32e40p_id_stage.sv:1679:21:      Example path: ASSIGNW
                    ../rtl/cv32e40p-master/rtl/cv32e40p_core.sv:275:23:      Example path: soc_top.u_core.id_ready
                    ../rtl/cv32e40p-master/rtl/cv32e40p_controller.sv:256:3:      Example path: ALWAYS
                    ../rtl/cv32e40p-master/rtl/cv32e40p_core.sv:151:16:      Example path: soc_top.u_core.is_decoding
                    ../rtl/cv32e40p-master/rtl/cv32e40p_controller.sv:48:23:      Example path: ASSIGNW
                    ../rtl/cv32e40p-master/rtl/cv32e40p_controller.sv:48:23:      Example path: soc_top.u_core.id_stage_i.controller_i.deassert_we_o
                    ../rtl/cv32e40p-master/rtl/cv32e40p_decoder.sv:3006:38:      Example path: ASSIGNW
                    ../rtl/cv32e40p-master/rtl/cv32e40p_id_stage.sv:293:16:      Example path: soc_top.u_core.id_stage_i.ctrl_transfer_insn_in_id
                    ../rtl/cv32e40p-master/rtl/cv32e40p_controller.sv:256:3:      Example path: ALWAYS
%Warning-UNOPTFLAT: ../rtl/Memory/soc_top.sv:358:53: Signal unoptimizable: Circular combinational logic: 'soc_top.s3_awready'
  358 |     logic [31:0] s3_awaddr; logic s3_awvalid; logic s3_awready;
      |                                                     ^~~~~~~~~~
                    ../rtl/Memory/soc_top.sv:358:53:      Example path: soc_top.s3_awready
                    ../rtl/Memory/axi_lite_interconnect.sv:347:5:      Example path: ALWAYS
                    ../rtl/Memory/soc_top.sv:293:67:      Example path: soc_top.merged_m_awready
                    ../rtl/Memory/obi_to_axi_simple.sv:147:36:      Example path: ASSIGNW
                    ../rtl/Memory/obi_to_axi_simple.sv:147:36:      Example path: __VdfgRegularize_h6e95ff9d_0_19
                    ../rtl/Memory/obi_to_axi_simple.sv:155:75:      Example path: ASSIGNW
                    ../rtl/Memory/obi_to_axi_simple.sv:155:75:      Example path: __VdfgRegularize_h6e95ff9d_0_21
                    ../rtl/cv32e40p-master/rtl/cv32e40p_load_store_unit.sv:415:19:      Example path: ASSIGNW
                    ../rtl/cv32e40p-master/rtl/cv32e40p_load_store_unit.sv:94:17:      Example path: soc_top.u_core.load_store_unit_i.count_up
                    ../rtl/cv32e40p-master/rtl/cv32e40p_load_store_unit.sv:397:25:      Example path: ASSIGNW
                    ../rtl/cv32e40p-master/rtl/cv32e40p_core.sv:282:23:      Example path: soc_top.u_core.lsu_ready_ex
                    ../rtl/cv32e40p-master/rtl/cv32e40p_ex_stage.sv:474:60:      Example path: ASSIGNW
                    ../rtl/cv32e40p-master/rtl/cv32e40p_ex_stage.sv:474:60:      Example path: soc_top.u_core.ex_stage_i.__VdfgRegularize_h92205aba_0_0
                    ../rtl/cv32e40p-master/rtl/cv32e40p_ex_stage.sv:474:21:      Example path: ASSIGNW
                    ../rtl/cv32e40p-master/rtl/cv32e40p_core.sv:276:23:      Example path: soc_top.u_core.ex_ready
                    ../rtl/cv32e40p-master/rtl/cv32e40p_id_stage.sv:1679:21:      Example path: ASSIGNW
                    ../rtl/cv32e40p-master/rtl/cv32e40p_core.sv:275:23:      Example path: soc_top.u_core.id_ready
                    ../rtl/cv32e40p-master/rtl/cv32e40p_controller.sv:256:3:      Example path: ALWAYS
                    ../rtl/cv32e40p-master/rtl/cv32e40p_core.sv:151:16:      Example path: soc_top.u_core.is_decoding
                    ../rtl/cv32e40p-master/rtl/cv32e40p_controller.sv:48:23:      Example path: ASSIGNW
                    ../rtl/cv32e40p-master/rtl/cv32e40p_controller.sv:48:23:      Example path: soc_top.u_core.id_stage_i.controller_i.deassert_we_o
                    ../rtl/cv32e40p-master/rtl/cv32e40p_decoder.sv:3006:38:      Example path: ASSIGNW
                    ../rtl/cv32e40p-master/rtl/cv32e40p_id_stage.sv:293:16:      Example path: soc_top.u_core.id_stage_i.ctrl_transfer_insn_in_id
                    ../rtl/cv32e40p-master/rtl/cv32e40p_controller.sv:256:3:      Example path: ALWAYS
%Warning-UNOPTFLAT: ../rtl/Memory/soc_top.sv:389:53: Signal unoptimizable: Circular combinational logic: 'soc_top.s7_arready'
  389 |     logic [31:0] s7_araddr; logic s7_arvalid; logic s7_arready;
      |                                                     ^~~~~~~~~~
                    ../rtl/Memory/soc_top.sv:389:53:      Example path: soc_top.s7_arready
                    ../rtl/Memory/axi_lite_interconnect.sv:490:5:      Example path: ALWAYS
                    ../rtl/Memory/soc_top.sv:296:67:      Example path: soc_top.merged_m_arready
                    ../rtl/Memory/axil_arbiter_3to1.sv:139:5:      Example path: ALWAYS
                    ../rtl/Memory/soc_top.sv:234:18:      Example path: soc_top.data_axil_arready
                    ../rtl/cv32e40p-master/rtl/cv32e40p_load_store_unit.sv:415:19:      Example path: ASSIGNW
                    ../rtl/cv32e40p-master/rtl/cv32e40p_load_store_unit.sv:94:17:      Example path: soc_top.u_core.load_store_unit_i.count_up
                    ../rtl/cv32e40p-master/rtl/cv32e40p_load_store_unit.sv:397:25:      Example path: ASSIGNW
                    ../rtl/cv32e40p-master/rtl/cv32e40p_core.sv:282:23:      Example path: soc_top.u_core.lsu_ready_ex
                    ../rtl/cv32e40p-master/rtl/cv32e40p_ex_stage.sv:474:60:      Example path: ASSIGNW
                    ../rtl/cv32e40p-master/rtl/cv32e40p_ex_stage.sv:474:60:      Example path: soc_top.u_core.ex_stage_i.__VdfgRegularize_h92205aba_0_0
                    ../rtl/cv32e40p-master/rtl/cv32e40p_ex_stage.sv:474:21:      Example path: ASSIGNW
                    ../rtl/cv32e40p-master/rtl/cv32e40p_core.sv:276:23:      Example path: soc_top.u_core.ex_ready
                    ../rtl/cv32e40p-master/rtl/cv32e40p_id_stage.sv:1679:21:      Example path: ASSIGNW
                    ../rtl/cv32e40p-master/rtl/cv32e40p_core.sv:275:23:      Example path: soc_top.u_core.id_ready
                    ../rtl/cv32e40p-master/rtl/cv32e40p_controller.sv:256:3:      Example path: ALWAYS
                    ../rtl/cv32e40p-master/rtl/cv32e40p_core.sv:151:16:      Example path: soc_top.u_core.is_decoding
                    ../rtl/cv32e40p-master/rtl/cv32e40p_controller.sv:48:23:      Example path: ASSIGNW
                    ../rtl/cv32e40p-master/rtl/cv32e40p_controller.sv:48:23:      Example path: soc_top.u_core.id_stage_i.controller_i.deassert_we_o
                    ../rtl/cv32e40p-master/rtl/cv32e40p_decoder.sv:3006:38:      Example path: ASSIGNW
                    ../rtl/cv32e40p-master/rtl/cv32e40p_id_stage.sv:293:16:      Example path: soc_top.u_core.id_stage_i.ctrl_transfer_insn_in_id
                    ../rtl/cv32e40p-master/rtl/cv32e40p_controller.sv:256:3:      Example path: ALWAYS
%Warning-UNOPTFLAT: ../rtl/Memory/soc_top.sv:347:53: Signal unoptimizable: Circular combinational logic: 'soc_top.s1_arready'
  347 |     logic [31:0] s1_araddr; logic s1_arvalid; logic s1_arready;
      |                                                     ^~~~~~~~~~
                    ../rtl/Memory/soc_top.sv:347:53:      Example path: soc_top.s1_arready
                    ../rtl/Memory/axi_lite_interconnect.sv:490:5:      Example path: ALWAYS
                    ../rtl/Memory/soc_top.sv:296:67:      Example path: soc_top.merged_m_arready
                    ../rtl/Memory/axil_arbiter_3to1.sv:139:5:      Example path: ALWAYS
                    ../rtl/Memory/soc_top.sv:234:18:      Example path: soc_top.data_axil_arready
                    ../rtl/cv32e40p-master/rtl/cv32e40p_load_store_unit.sv:415:19:      Example path: ASSIGNW
                    ../rtl/cv32e40p-master/rtl/cv32e40p_load_store_unit.sv:94:17:      Example path: soc_top.u_core.load_store_unit_i.count_up
                    ../rtl/cv32e40p-master/rtl/cv32e40p_load_store_unit.sv:397:25:      Example path: ASSIGNW
                    ../rtl/cv32e40p-master/rtl/cv32e40p_core.sv:282:23:      Example path: soc_top.u_core.lsu_ready_ex
                    ../rtl/cv32e40p-master/rtl/cv32e40p_ex_stage.sv:474:60:      Example path: ASSIGNW
                    ../rtl/cv32e40p-master/rtl/cv32e40p_ex_stage.sv:474:60:      Example path: soc_top.u_core.ex_stage_i.__VdfgRegularize_h92205aba_0_0
                    ../rtl/cv32e40p-master/rtl/cv32e40p_ex_stage.sv:474:21:      Example path: ASSIGNW
                    ../rtl/cv32e40p-master/rtl/cv32e40p_core.sv:276:23:      Example path: soc_top.u_core.ex_ready
                    ../rtl/cv32e40p-master/rtl/cv32e40p_id_stage.sv:1679:21:      Example path: ASSIGNW
                    ../rtl/cv32e40p-master/rtl/cv32e40p_core.sv:275:23:      Example path: soc_top.u_core.id_ready
                    ../rtl/cv32e40p-master/rtl/cv32e40p_controller.sv:256:3:      Example path: ALWAYS
                    ../rtl/cv32e40p-master/rtl/cv32e40p_core.sv:151:16:      Example path: soc_top.u_core.is_decoding
                    ../rtl/cv32e40p-master/rtl/cv32e40p_controller.sv:48:23:      Example path: ASSIGNW
                    ../rtl/cv32e40p-master/rtl/cv32e40p_controller.sv:48:23:      Example path: soc_top.u_core.id_stage_i.controller_i.deassert_we_o
                    ../rtl/cv32e40p-master/rtl/cv32e40p_decoder.sv:3006:38:      Example path: ASSIGNW
                    ../rtl/cv32e40p-master/rtl/cv32e40p_id_stage.sv:293:16:      Example path: soc_top.u_core.id_stage_i.ctrl_transfer_insn_in_id
                    ../rtl/cv32e40p-master/rtl/cv32e40p_controller.sv:256:3:      Example path: ALWAYS
%Warning-UNOPTFLAT: ../rtl/Memory/soc_top.sv:340:53: Signal unoptimizable: Circular combinational logic: 'soc_top.s0_arready'
  340 |     logic [31:0] s0_araddr; logic s0_arvalid; logic s0_arready;
      |                                                     ^~~~~~~~~~
                    ../rtl/Memory/soc_top.sv:340:53:      Example path: soc_top.s0_arready
                    ../rtl/Memory/axi_lite_interconnect.sv:490:5:      Example path: ALWAYS
                    ../rtl/Memory/soc_top.sv:296:67:      Example path: soc_top.merged_m_arready
                    ../rtl/Memory/axil_arbiter_3to1.sv:139:5:      Example path: ALWAYS
                    ../rtl/Memory/soc_top.sv:234:18:      Example path: soc_top.data_axil_arready
                    ../rtl/cv32e40p-master/rtl/cv32e40p_load_store_unit.sv:415:19:      Example path: ASSIGNW
                    ../rtl/cv32e40p-master/rtl/cv32e40p_load_store_unit.sv:94:17:      Example path: soc_top.u_core.load_store_unit_i.count_up
                    ../rtl/cv32e40p-master/rtl/cv32e40p_load_store_unit.sv:397:25:      Example path: ASSIGNW
                    ../rtl/cv32e40p-master/rtl/cv32e40p_core.sv:282:23:      Example path: soc_top.u_core.lsu_ready_ex
                    ../rtl/cv32e40p-master/rtl/cv32e40p_ex_stage.sv:474:60:      Example path: ASSIGNW
                    ../rtl/cv32e40p-master/rtl/cv32e40p_ex_stage.sv:474:60:      Example path: soc_top.u_core.ex_stage_i.__VdfgRegularize_h92205aba_0_0
                    ../rtl/cv32e40p-master/rtl/cv32e40p_ex_stage.sv:474:21:      Example path: ASSIGNW
                    ../rtl/cv32e40p-master/rtl/cv32e40p_core.sv:276:23:      Example path: soc_top.u_core.ex_ready
                    ../rtl/cv32e40p-master/rtl/cv32e40p_id_stage.sv:1679:21:      Example path: ASSIGNW
                    ../rtl/cv32e40p-master/rtl/cv32e40p_core.sv:275:23:      Example path: soc_top.u_core.id_ready
                    ../rtl/cv32e40p-master/rtl/cv32e40p_controller.sv:256:3:      Example path: ALWAYS
                    ../rtl/cv32e40p-master/rtl/cv32e40p_core.sv:151:16:      Example path: soc_top.u_core.is_decoding
                    ../rtl/cv32e40p-master/rtl/cv32e40p_controller.sv:48:23:      Example path: ASSIGNW
                    ../rtl/cv32e40p-master/rtl/cv32e40p_controller.sv:48:23:      Example path: soc_top.u_core.id_stage_i.controller_i.deassert_we_o
                    ../rtl/cv32e40p-master/rtl/cv32e40p_decoder.sv:3006:38:      Example path: ASSIGNW
                    ../rtl/cv32e40p-master/rtl/cv32e40p_id_stage.sv:293:16:      Example path: soc_top.u_core.id_stage_i.ctrl_transfer_insn_in_id
                    ../rtl/cv32e40p-master/rtl/cv32e40p_controller.sv:256:3:      Example path: ALWAYS
- V e r i l a t i o n   R e p o r t: Verilator 5.044 2026-01-01 rev v5.040
- Verilator: Built from 34.883 MB sources in 506 modules, into 2.245 MB in 6 C++ files needing 0.000 MB
- Verilator: Walltime 2.107 s (elab=1.070, cvt=0.855, bld=0.000); cpu 0.795 s on 1 threads; alloced 63.359 MB
