Net: _014972_
  Pin:   _060415_/B (sky130_fd_sc_hd__or4b_2)
    Layer: mcon
      Partial area ratio:    0.23
      Required ratio:    3.00 (Gate area) 
      Cumulative area ratio:    0.23
      Required ratio:    0.00 (Cumulative area) 

    Layer: met1
      Partial area ratio:    0.66
      Required ratio:    0.00 (Gate area) 
      Cumulative area ratio:    0.66
      Required ratio:    0.00 (Cumulative area) 
      Partial area ratio:    3.22
      Required ratio:  400.00 (Side area) 
      Cumulative area ratio:    3.22
      Required ratio:    0.00 (Cumulative side area) 

    Layer: via
      Partial area ratio:    0.18
      Required ratio:    6.00 (Gate area) 
      Cumulative area ratio:    0.41
      Required ratio:    0.00 (Cumulative area) 

    Layer: met2
      Partial area ratio:   27.41
      Required ratio:    0.00 (Gate area) 
      Cumulative area ratio:   28.07
      Required ratio:    0.00 (Cumulative area) 
      Partial area ratio:  135.83
      Required ratio:  400.00 (Side area) 
      Cumulative area ratio:  139.06
      Required ratio:    0.00 (Cumulative side area) 

    Layer: via2
      Partial area ratio:    0.08
      Required ratio:    6.00 (Gate area) 
      Cumulative area ratio:    0.49
      Required ratio:    0.00 (Cumulative area) 

    Layer: met3
      Partial area ratio:  117.94
      Required ratio:    0.00 (Gate area) 
      Cumulative area ratio:  146.02
      Required ratio:    0.00 (Cumulative area) 
      Partial area ratio:  630.87
      Required ratio:  400.00 (Side area) (VIOLATED)
      Cumulative area ratio:  769.93
      Required ratio:    0.00 (Cumulative side area) 

    Layer: via3
      Partial area ratio:    0.16
      Required ratio:    6.00 (Gate area) 
      Cumulative area ratio:    0.65
      Required ratio:    0.00 (Cumulative area) 

    Layer: met4
      Partial area ratio:   20.72
      Required ratio:    0.00 (Gate area) 
      Cumulative area ratio:  166.74
      Required ratio:    0.00 (Cumulative area) 
      Partial area ratio:  110.92
      Required ratio: 2778.20 (Side area) 
      Cumulative area ratio:  880.85
      Required ratio:    0.00 (Cumulative side area) 


  Pin:   _060577_/A (sky130_fd_sc_hd__or3b_2)
    Layer: mcon
      Partial area ratio:    0.23
      Required ratio:    3.00 (Gate area) 
      Cumulative area ratio:    0.23
      Required ratio:    0.00 (Cumulative area) 

    Layer: met1
      Partial area ratio:   10.41
      Required ratio:    0.00 (Gate area) 
      Cumulative area ratio:   10.41
      Required ratio:    0.00 (Cumulative area) 
      Partial area ratio:   51.11
      Required ratio:  400.00 (Side area) 
      Cumulative area ratio:   51.11
      Required ratio:    0.00 (Cumulative side area) 

    Layer: via
      Partial area ratio:    0.36
      Required ratio:    6.00 (Gate area) 
      Cumulative area ratio:    0.59
      Required ratio:    0.00 (Cumulative area) 

    Layer: met2
      Partial area ratio:   19.75
      Required ratio:    0.00 (Gate area) 
      Cumulative area ratio:   30.16
      Required ratio:    0.00 (Cumulative area) 
      Partial area ratio:   97.50
      Required ratio:  400.00 (Side area) 
      Cumulative area ratio:  148.61
      Required ratio:    0.00 (Cumulative side area) 

    Layer: via2
      Partial area ratio:    0.05
      Required ratio:    6.00 (Gate area) 
      Cumulative area ratio:    0.64
      Required ratio:    0.00 (Cumulative area) 

    Layer: met3
      Partial area ratio:    0.99
      Required ratio:    0.00 (Gate area) 
      Cumulative area ratio:   31.15
      Required ratio:    0.00 (Cumulative area) 
      Partial area ratio:    5.87
      Required ratio:  400.00 (Side area) 
      Cumulative area ratio:  154.48
      Required ratio:    0.00 (Cumulative side area) 

    Layer: via3
      Partial area ratio:    0.05
      Required ratio:    6.00 (Gate area) 
      Cumulative area ratio:    0.69
      Required ratio:    0.00 (Cumulative area) 

    Layer: met4
      Partial area ratio:   20.72
      Required ratio:    0.00 (Gate area) 
      Cumulative area ratio:   51.87
      Required ratio:    0.00 (Cumulative area) 
      Partial area ratio:  110.92
      Required ratio: 2778.20 (Side area) 
      Cumulative area ratio:  265.40
      Required ratio:    0.00 (Cumulative side area) 


  Pin:   _065485_/A (sky130_fd_sc_hd__or4_2)
    Layer: mcon
      Partial area ratio:    0.23
      Required ratio:    3.00 (Gate area) 
      Cumulative area ratio:    0.23
      Required ratio:    0.00 (Cumulative area) 

    Layer: met1
      Partial area ratio:    3.17
      Required ratio:    0.00 (Gate area) 
      Cumulative area ratio:    3.17
      Required ratio:    0.00 (Cumulative area) 
      Partial area ratio:   15.25
      Required ratio:  400.00 (Side area) 
      Cumulative area ratio:   15.25
      Required ratio:    0.00 (Cumulative side area) 

    Layer: via
      Partial area ratio:    0.18
      Required ratio:    6.00 (Gate area) 
      Cumulative area ratio:    0.41
      Required ratio:    0.00 (Cumulative area) 

    Layer: met2
      Partial area ratio:   19.75
      Required ratio:    0.00 (Gate area) 
      Cumulative area ratio:   22.93
      Required ratio:    0.00 (Cumulative area) 
      Partial area ratio:   97.50
      Required ratio:  400.00 (Side area) 
      Cumulative area ratio:  112.75
      Required ratio:    0.00 (Cumulative side area) 

    Layer: via2
      Partial area ratio:    0.05
      Required ratio:    6.00 (Gate area) 
      Cumulative area ratio:    0.46
      Required ratio:    0.00 (Cumulative area) 

    Layer: met3
      Partial area ratio:    0.99
      Required ratio:    0.00 (Gate area) 
      Cumulative area ratio:   23.91
      Required ratio:    0.00 (Cumulative area) 
      Partial area ratio:    5.87
      Required ratio:  400.00 (Side area) 
      Cumulative area ratio:  118.62
      Required ratio:    0.00 (Cumulative side area) 

    Layer: via3
      Partial area ratio:    0.05
      Required ratio:    6.00 (Gate area) 
      Cumulative area ratio:    0.51
      Required ratio:    0.00 (Cumulative area) 

    Layer: met4
      Partial area ratio:   20.72
      Required ratio:    0.00 (Gate area) 
      Cumulative area ratio:   44.63
      Required ratio:    0.00 (Cumulative area) 
      Partial area ratio:  110.92
      Required ratio: 2778.20 (Side area) 
      Cumulative area ratio:  229.54
      Required ratio:    0.00 (Cumulative side area) 


  Pin:   _065896_/B (sky130_fd_sc_hd__or4_2)
    Layer: mcon
      Partial area ratio:    0.46
      Required ratio:    3.00 (Gate area) 
      Cumulative area ratio:    0.46
      Required ratio:    0.00 (Cumulative area) 

    Layer: met1
      Partial area ratio:    7.54
      Required ratio:    0.00 (Gate area) 
      Cumulative area ratio:    7.54
      Required ratio:    0.00 (Cumulative area) 
      Partial area ratio:   37.03
      Required ratio:  400.00 (Side area) 
      Cumulative area ratio:   37.03
      Required ratio:    0.00 (Cumulative side area) 

    Layer: via
      Partial area ratio:    0.36
      Required ratio:    6.00 (Gate area) 
      Cumulative area ratio:    0.82
      Required ratio:    0.00 (Cumulative area) 

    Layer: met2
      Partial area ratio:   19.75
      Required ratio:    0.00 (Gate area) 
      Cumulative area ratio:   27.30
      Required ratio:    0.00 (Cumulative area) 
      Partial area ratio:   97.50
      Required ratio:  400.00 (Side area) 
      Cumulative area ratio:  134.52
      Required ratio:    0.00 (Cumulative side area) 

    Layer: via2
      Partial area ratio:    0.05
      Required ratio:    6.00 (Gate area) 
      Cumulative area ratio:    0.87
      Required ratio:    0.00 (Cumulative area) 

    Layer: met3
      Partial area ratio:    0.99
      Required ratio:    0.00 (Gate area) 
      Cumulative area ratio:   28.28
      Required ratio:    0.00 (Cumulative area) 
      Partial area ratio:    5.87
      Required ratio:  400.00 (Side area) 
      Cumulative area ratio:  140.40
      Required ratio:    0.00 (Cumulative side area) 

    Layer: via3
      Partial area ratio:    0.05
      Required ratio:    6.00 (Gate area) 
      Cumulative area ratio:    0.92
      Required ratio:    0.00 (Cumulative area) 

    Layer: met4
      Partial area ratio:   20.72
      Required ratio:    0.00 (Gate area) 
      Cumulative area ratio:   49.00
      Required ratio:    0.00 (Cumulative area) 
      Partial area ratio:  110.92
      Required ratio: 2778.20 (Side area) 
      Cumulative area ratio:  251.32
      Required ratio:    0.00 (Cumulative side area) 


  Pin:   _065905_/B (sky130_fd_sc_hd__or4_2)
    Layer: mcon
      Partial area ratio:    0.23
      Required ratio:    3.00 (Gate area) 
      Cumulative area ratio:    0.23
      Required ratio:    0.00 (Cumulative area) 

    Layer: met1
      Partial area ratio:    1.36
      Required ratio:    0.00 (Gate area) 
      Cumulative area ratio:    1.36
      Required ratio:    0.00 (Cumulative area) 
      Partial area ratio:    6.19
      Required ratio:  400.00 (Side area) 
      Cumulative area ratio:    6.19
      Required ratio:    0.00 (Cumulative side area) 

    Layer: via
      Partial area ratio:    0.18
      Required ratio:    6.00 (Gate area) 
      Cumulative area ratio:    0.41
      Required ratio:    0.00 (Cumulative area) 

    Layer: met2
      Partial area ratio:   19.75
      Required ratio:    0.00 (Gate area) 
      Cumulative area ratio:   21.12
      Required ratio:    0.00 (Cumulative area) 
      Partial area ratio:   97.50
      Required ratio:  400.00 (Side area) 
      Cumulative area ratio:  103.69
      Required ratio:    0.00 (Cumulative side area) 

    Layer: via2
      Partial area ratio:    0.05
      Required ratio:    6.00 (Gate area) 
      Cumulative area ratio:    0.46
      Required ratio:    0.00 (Cumulative area) 

    Layer: met3
      Partial area ratio:    0.99
      Required ratio:    0.00 (Gate area) 
      Cumulative area ratio:   22.10
      Required ratio:    0.00 (Cumulative area) 
      Partial area ratio:    5.87
      Required ratio:  400.00 (Side area) 
      Cumulative area ratio:  109.56
      Required ratio:    0.00 (Cumulative side area) 

    Layer: via3
      Partial area ratio:    0.05
      Required ratio:    6.00 (Gate area) 
      Cumulative area ratio:    0.51
      Required ratio:    0.00 (Cumulative area) 

    Layer: met4
      Partial area ratio:   20.72
      Required ratio:    0.00 (Gate area) 
      Cumulative area ratio:   42.82
      Required ratio:    0.00 (Cumulative area) 
      Partial area ratio:  110.92
      Required ratio: 2778.20 (Side area) 
      Cumulative area ratio:  220.48
      Required ratio:    0.00 (Cumulative side area) 


  Pin:   _066265_/A (sky130_fd_sc_hd__or4_2)
    Layer: mcon
      Partial area ratio:    0.23
      Required ratio:    3.00 (Gate area) 
      Cumulative area ratio:    0.23
      Required ratio:    0.00 (Cumulative area) 

    Layer: met1
      Partial area ratio:    0.66
      Required ratio:    0.00 (Gate area) 
      Cumulative area ratio:    0.66
      Required ratio:    0.00 (Cumulative area) 
      Partial area ratio:    3.22
      Required ratio:  400.00 (Side area) 
      Cumulative area ratio:    3.22
      Required ratio:    0.00 (Cumulative side area) 

    Layer: via
      Partial area ratio:    0.18
      Required ratio:    6.00 (Gate area) 
      Cumulative area ratio:    0.41
      Required ratio:    0.00 (Cumulative area) 

    Layer: met2
      Partial area ratio:   19.75
      Required ratio:    0.00 (Gate area) 
      Cumulative area ratio:   20.42
      Required ratio:    0.00 (Cumulative area) 
      Partial area ratio:   97.50
      Required ratio:  400.00 (Side area) 
      Cumulative area ratio:  100.72
      Required ratio:    0.00 (Cumulative side area) 

    Layer: via2
      Partial area ratio:    0.05
      Required ratio:    6.00 (Gate area) 
      Cumulative area ratio:    0.46
      Required ratio:    0.00 (Cumulative area) 

    Layer: met3
      Partial area ratio:    0.99
      Required ratio:    0.00 (Gate area) 
      Cumulative area ratio:   21.40
      Required ratio:    0.00 (Cumulative area) 
      Partial area ratio:    5.87
      Required ratio:  400.00 (Side area) 
      Cumulative area ratio:  106.59
      Required ratio:    0.00 (Cumulative side area) 

    Layer: via3
      Partial area ratio:    0.05
      Required ratio:    6.00 (Gate area) 
      Cumulative area ratio:    0.51
      Required ratio:    0.00 (Cumulative area) 

    Layer: met4
      Partial area ratio:   20.72
      Required ratio:    0.00 (Gate area) 
      Cumulative area ratio:   42.12
      Required ratio:    0.00 (Cumulative area) 
      Partial area ratio:  110.92
      Required ratio: 2778.20 (Side area) 
      Cumulative area ratio:  217.51
      Required ratio:    0.00 (Cumulative side area) 


  Pin:   _089601_/A0 (sky130_fd_sc_hd__mux2_1)
    Layer: li1
      Partial area ratio:    0.01
      Required ratio:    0.00 (Gate area) 
      Cumulative area ratio:    0.01
      Required ratio:    0.00 (Cumulative area) 
      Partial area ratio:    0.28
      Required ratio:   75.00 (Side area) 
      Cumulative area ratio:    0.28
      Required ratio:    0.00 (Cumulative side area) 

    Layer: mcon
      Partial area ratio:    0.23
      Required ratio:    3.00 (Gate area) 
      Cumulative area ratio:    0.23
      Required ratio:    0.00 (Cumulative area) 

    Layer: met1
      Partial area ratio:    4.33
      Required ratio:    0.00 (Gate area) 
      Cumulative area ratio:    4.34
      Required ratio:    0.00 (Cumulative area) 
      Partial area ratio:   21.03
      Required ratio:  400.00 (Side area) 
      Cumulative area ratio:   21.31
      Required ratio:    0.00 (Cumulative side area) 

    Layer: via
      Partial area ratio:    0.18
      Required ratio:    6.00 (Gate area) 
      Cumulative area ratio:    0.41
      Required ratio:    0.00 (Cumulative area) 

    Layer: met2
      Partial area ratio:   19.75
      Required ratio:    0.00 (Gate area) 
      Cumulative area ratio:   24.09
      Required ratio:    0.00 (Cumulative area) 
      Partial area ratio:   97.50
      Required ratio:  400.00 (Side area) 
      Cumulative area ratio:  118.80
      Required ratio:    0.00 (Cumulative side area) 

    Layer: via2
      Partial area ratio:    0.05
      Required ratio:    6.00 (Gate area) 
      Cumulative area ratio:    0.46
      Required ratio:    0.00 (Cumulative area) 

    Layer: met3
      Partial area ratio:    0.99
      Required ratio:    0.00 (Gate area) 
      Cumulative area ratio:   25.08
      Required ratio:    0.00 (Cumulative area) 
      Partial area ratio:    5.87
      Required ratio:  400.00 (Side area) 
      Cumulative area ratio:  124.67
      Required ratio:    0.00 (Cumulative side area) 

    Layer: via3
      Partial area ratio:    0.05
      Required ratio:    6.00 (Gate area) 
      Cumulative area ratio:    0.51
      Required ratio:    0.00 (Cumulative area) 

    Layer: met4
      Partial area ratio:   20.72
      Required ratio:    0.00 (Gate area) 
      Cumulative area ratio:   45.79
      Required ratio:    0.00 (Cumulative area) 
      Partial area ratio:  110.92
      Required ratio: 2778.20 (Side area) 
      Cumulative area ratio:  235.59
      Required ratio:    0.00 (Cumulative side area) 


  Pin:   _090096_/A (sky130_fd_sc_hd__or3_2)
    Layer: mcon
      Partial area ratio:    0.23
      Required ratio:    3.00 (Gate area) 
      Cumulative area ratio:    0.23
      Required ratio:    0.00 (Cumulative area) 

    Layer: met1
      Partial area ratio:    5.76
      Required ratio:    0.00 (Gate area) 
      Cumulative area ratio:    5.76
      Required ratio:    0.00 (Cumulative area) 
      Partial area ratio:   27.31
      Required ratio:  400.00 (Side area) 
      Cumulative area ratio:   27.31
      Required ratio:    0.00 (Cumulative side area) 

    Layer: via
      Partial area ratio:    0.36
      Required ratio:    6.00 (Gate area) 
      Cumulative area ratio:    0.59
      Required ratio:    0.00 (Cumulative area) 

    Layer: met2
      Partial area ratio:   27.41
      Required ratio:    0.00 (Gate area) 
      Cumulative area ratio:   33.17
      Required ratio:    0.00 (Cumulative area) 
      Partial area ratio:  135.83
      Required ratio:  400.00 (Side area) 
      Cumulative area ratio:  163.14
      Required ratio:    0.00 (Cumulative side area) 

    Layer: via2
      Partial area ratio:    0.08
      Required ratio:    6.00 (Gate area) 
      Cumulative area ratio:    0.67
      Required ratio:    0.00 (Cumulative area) 

    Layer: met3
      Partial area ratio:  117.94
      Required ratio:    0.00 (Gate area) 
      Cumulative area ratio:  151.11
      Required ratio:    0.00 (Cumulative area) 
      Partial area ratio:  630.87
      Required ratio:  400.00 (Side area) (VIOLATED)
      Cumulative area ratio:  794.01
      Required ratio:    0.00 (Cumulative side area) 

    Layer: via3
      Partial area ratio:    0.16
      Required ratio:    6.00 (Gate area) 
      Cumulative area ratio:    0.82
      Required ratio:    0.00 (Cumulative area) 

    Layer: met4
      Partial area ratio:   20.72
      Required ratio:    0.00 (Gate area) 
      Cumulative area ratio:  171.83
      Required ratio:    0.00 (Cumulative area) 
      Partial area ratio:  110.92
      Required ratio: 2778.20 (Side area) 
      Cumulative area ratio:  904.93
      Required ratio:    0.00 (Cumulative side area) 


  Pin:   _113617_/A0 (sky130_fd_sc_hd__mux2_1)
    Layer: li1
      Partial area ratio:    0.01
      Required ratio:    0.00 (Gate area) 
      Cumulative area ratio:    0.01
      Required ratio:    0.00 (Cumulative area) 
      Partial area ratio:    0.28
      Required ratio:   75.00 (Side area) 
      Cumulative area ratio:    0.28
      Required ratio:    0.00 (Cumulative side area) 

    Layer: mcon
      Partial area ratio:    0.23
      Required ratio:    3.00 (Gate area) 
      Cumulative area ratio:    0.23
      Required ratio:    0.00 (Cumulative area) 

    Layer: met1
      Partial area ratio:    1.87
      Required ratio:    0.00 (Gate area) 
      Cumulative area ratio:    1.88
      Required ratio:    0.00 (Cumulative area) 
      Partial area ratio:    8.75
      Required ratio:  400.00 (Side area) 
      Cumulative area ratio:    9.03
      Required ratio:    0.00 (Cumulative side area) 

    Layer: via
      Partial area ratio:    0.18
      Required ratio:    6.00 (Gate area) 
      Cumulative area ratio:    0.41
      Required ratio:    0.00 (Cumulative area) 

    Layer: met2
      Partial area ratio:   27.41
      Required ratio:    0.00 (Gate area) 
      Cumulative area ratio:   29.29
      Required ratio:    0.00 (Cumulative area) 
      Partial area ratio:  135.83
      Required ratio:  400.00 (Side area) 
      Cumulative area ratio:  144.86
      Required ratio:    0.00 (Cumulative side area) 

    Layer: via2
      Partial area ratio:    0.08
      Required ratio:    6.00 (Gate area) 
      Cumulative area ratio:    0.49
      Required ratio:    0.00 (Cumulative area) 

    Layer: met3
      Partial area ratio:  117.94
      Required ratio:    0.00 (Gate area) 
      Cumulative area ratio:  147.24
      Required ratio:    0.00 (Cumulative area) 
      Partial area ratio:  630.87
      Required ratio:  400.00 (Side area) (VIOLATED)
      Cumulative area ratio:  775.73
      Required ratio:    0.00 (Cumulative side area) 

    Layer: via3
      Partial area ratio:    0.16
      Required ratio:    6.00 (Gate area) 
      Cumulative area ratio:    0.65
      Required ratio:    0.00 (Cumulative area) 

    Layer: met4
      Partial area ratio:   20.72
      Required ratio:    0.00 (Gate area) 
      Cumulative area ratio:  167.96
      Required ratio:    0.00 (Cumulative area) 
      Partial area ratio:  110.92
      Required ratio: 2778.20 (Side area) 
      Cumulative area ratio:  886.65
      Required ratio:    0.00 (Cumulative side area) 


  Pin:   _113884_/A0 (sky130_fd_sc_hd__mux2_1)
    Layer: li1
      Partial area ratio:    0.01
      Required ratio:    0.00 (Gate area) 
      Cumulative area ratio:    0.01
      Required ratio:    0.00 (Cumulative area) 
      Partial area ratio:    0.28
      Required ratio:   75.00 (Side area) 
      Cumulative area ratio:    0.28
      Required ratio:    0.00 (Cumulative side area) 

    Layer: mcon
      Partial area ratio:    0.23
      Required ratio:    3.00 (Gate area) 
      Cumulative area ratio:    0.23
      Required ratio:    0.00 (Cumulative area) 

    Layer: met1
      Partial area ratio:    5.83
      Required ratio:    0.00 (Gate area) 
      Cumulative area ratio:    5.84
      Required ratio:    0.00 (Cumulative area) 
      Partial area ratio:   28.53
      Required ratio:  400.00 (Side area) 
      Cumulative area ratio:   28.81
      Required ratio:    0.00 (Cumulative side area) 

    Layer: via
      Partial area ratio:    0.18
      Required ratio:    6.00 (Gate area) 
      Cumulative area ratio:    0.41
      Required ratio:    0.00 (Cumulative area) 

    Layer: met2
      Partial area ratio:   27.41
      Required ratio:    0.00 (Gate area) 
      Cumulative area ratio:   33.25
      Required ratio:    0.00 (Cumulative area) 
      Partial area ratio:  135.83
      Required ratio:  400.00 (Side area) 
      Cumulative area ratio:  164.64
      Required ratio:    0.00 (Cumulative side area) 

    Layer: via2
      Partial area ratio:    0.08
      Required ratio:    6.00 (Gate area) 
      Cumulative area ratio:    0.49
      Required ratio:    0.00 (Cumulative area) 

    Layer: met3
      Partial area ratio:  117.94
      Required ratio:    0.00 (Gate area) 
      Cumulative area ratio:  151.19
      Required ratio:    0.00 (Cumulative area) 
      Partial area ratio:  630.87
      Required ratio:  400.00 (Side area) (VIOLATED)
      Cumulative area ratio:  795.51
      Required ratio:    0.00 (Cumulative side area) 

    Layer: via3
      Partial area ratio:    0.16
      Required ratio:    6.00 (Gate area) 
      Cumulative area ratio:    0.65
      Required ratio:    0.00 (Cumulative area) 

    Layer: met4
      Partial area ratio:   20.72
      Required ratio:    0.00 (Gate area) 
      Cumulative area ratio:  171.91
      Required ratio:    0.00 (Cumulative area) 
      Partial area ratio:  110.92
      Required ratio: 2778.20 (Side area) 
      Cumulative area ratio:  906.43
      Required ratio:    0.00 (Cumulative side area) 


  Pin:   max_cap1718/A (sky130_fd_sc_hd__buf_12)
    Layer: mcon
      Partial area ratio:    0.03
      Required ratio:    3.00 (Gate area) 
      Cumulative area ratio:    0.03
      Required ratio:    0.00 (Cumulative area) 

    Layer: met1
      Partial area ratio:    0.63
      Required ratio:    0.00 (Gate area) 
      Cumulative area ratio:    0.63
      Required ratio:    0.00 (Cumulative area) 
      Partial area ratio:    3.03
      Required ratio:  400.00 (Side area) 
      Cumulative area ratio:    3.03
      Required ratio:    0.00 (Cumulative side area) 

    Layer: via
      Partial area ratio:    0.05
      Required ratio:    6.00 (Gate area) 
      Cumulative area ratio:    0.07
      Required ratio:    0.00 (Cumulative area) 

    Layer: met2
      Partial area ratio:    2.07
      Required ratio:    0.00 (Gate area) 
      Cumulative area ratio:    2.70
      Required ratio:    0.00 (Cumulative area) 
      Partial area ratio:   10.04
      Required ratio: 2778.20 (Side area) 
      Cumulative area ratio:   13.07
      Required ratio:    0.00 (Cumulative side area) 

    Layer: via2
      Partial area ratio:    0.04
      Required ratio:   22.04 (Gate area) 
      Cumulative area ratio:    0.12
      Required ratio:    0.00 (Cumulative area) 

    Layer: met3
      Partial area ratio:    3.68
      Required ratio:    0.00 (Gate area) 
      Cumulative area ratio:    6.38
      Required ratio:    0.00 (Cumulative area) 
      Partial area ratio:   20.10
      Required ratio: 2778.20 (Side area) 
      Cumulative area ratio:   33.17
      Required ratio:    0.00 (Cumulative side area) 

    Layer: via3
      Partial area ratio:    0.04
      Required ratio:   22.04 (Gate area) 
      Cumulative area ratio:    0.16
      Required ratio:    0.00 (Cumulative area) 

    Layer: met4
      Partial area ratio:   20.72
      Required ratio:    0.00 (Gate area) 
      Cumulative area ratio:   27.09
      Required ratio:    0.00 (Cumulative area) 
      Partial area ratio:  110.92
      Required ratio: 2778.20 (Side area) 
      Cumulative area ratio:  144.09
      Required ratio:    0.00 (Cumulative side area) 



Net: _015238_
  Pin:   _060807_/B1 (sky130_fd_sc_hd__a221o_2)
    Layer: mcon
      Partial area ratio:    0.12
      Required ratio:    3.00 (Gate area) 
      Cumulative area ratio:    0.12
      Required ratio:    0.00 (Cumulative area) 

    Layer: met1
      Partial area ratio:    0.34
      Required ratio:    0.00 (Gate area) 
      Cumulative area ratio:    0.34
      Required ratio:    0.00 (Cumulative area) 
      Partial area ratio:    1.64
      Required ratio:  400.00 (Side area) 
      Cumulative area ratio:    1.64
      Required ratio:    0.00 (Cumulative side area) 

    Layer: via
      Partial area ratio:    0.09
      Required ratio:    6.00 (Gate area) 
      Cumulative area ratio:    0.21
      Required ratio:    0.00 (Cumulative area) 

    Layer: met2
      Partial area ratio:  230.31
      Required ratio:    0.00 (Gate area) 
      Cumulative area ratio:  230.65
      Required ratio:    0.00 (Cumulative area) 
      Partial area ratio: 1149.91
      Required ratio:  400.00 (Side area) (VIOLATED)
      Cumulative area ratio: 1151.55
      Required ratio:    0.00 (Cumulative side area) 

    Layer: via2
      Partial area ratio:    0.16
      Required ratio:    6.00 (Gate area) 
      Cumulative area ratio:    0.37
      Required ratio:    0.00 (Cumulative area) 

    Layer: met3
      Partial area ratio:    7.73
      Required ratio:    0.00 (Gate area) 
      Cumulative area ratio:  238.38
      Required ratio:    0.00 (Cumulative area) 
      Partial area ratio:   43.12
      Required ratio: 2778.20 (Side area) 
      Cumulative area ratio: 1194.67
      Required ratio:    0.00 (Cumulative side area) 



Net: _015345_
  Pin:   _060921_/A2 (sky130_fd_sc_hd__o21a_2)
    Layer: li1
      Partial area ratio:    0.00
      Required ratio:    0.00 (Gate area) 
      Cumulative area ratio:    0.00
      Required ratio:    0.00 (Cumulative area) 
      Partial area ratio:    0.14
      Required ratio:   75.00 (Side area) 
      Cumulative area ratio:    0.14
      Required ratio:    0.00 (Cumulative side area) 

    Layer: mcon
      Partial area ratio:    0.12
      Required ratio:    3.00 (Gate area) 
      Cumulative area ratio:    0.12
      Required ratio:    0.00 (Cumulative area) 

    Layer: met1
      Partial area ratio:    0.34
      Required ratio:    0.00 (Gate area) 
      Cumulative area ratio:    0.34
      Required ratio:    0.00 (Cumulative area) 
      Partial area ratio:    1.64
      Required ratio:  400.00 (Side area) 
      Cumulative area ratio:    1.78
      Required ratio:    0.00 (Cumulative side area) 

    Layer: via
      Partial area ratio:    0.09
      Required ratio:    6.00 (Gate area) 
      Cumulative area ratio:    0.21
      Required ratio:    0.00 (Cumulative area) 

    Layer: met2
      Partial area ratio:   10.46
      Required ratio:    0.00 (Gate area) 
      Cumulative area ratio:   10.80
      Required ratio:    0.00 (Cumulative area) 
      Partial area ratio:   51.63
      Required ratio:  400.00 (Side area) 
      Cumulative area ratio:   53.41
      Required ratio:    0.00 (Cumulative side area) 

    Layer: via2
      Partial area ratio:    0.16
      Required ratio:    6.00 (Gate area) 
      Cumulative area ratio:    0.37
      Required ratio:    0.00 (Cumulative area) 

    Layer: met3
      Partial area ratio:  977.33
      Required ratio:    0.00 (Gate area) 
      Cumulative area ratio:  988.13
      Required ratio:    0.00 (Cumulative area) 
      Partial area ratio: 5214.32
      Required ratio: 2771.60 (Side area) (VIOLATED)
      Cumulative area ratio: 5267.73
      Required ratio:    0.00 (Cumulative side area) 



Net: _027642_
  Pin:   _081304_/C1 (sky130_fd_sc_hd__a221o_2)
    Layer: mcon
      Partial area ratio:    0.12
      Required ratio:    3.00 (Gate area) 
      Cumulative area ratio:    0.12
      Required ratio:    0.00 (Cumulative area) 

    Layer: met1
      Partial area ratio:    0.34
      Required ratio:    0.00 (Gate area) 
      Cumulative area ratio:    0.34
      Required ratio:    0.00 (Cumulative area) 
      Partial area ratio:    1.64
      Required ratio:  400.00 (Side area) 
      Cumulative area ratio:    1.64
      Required ratio:    0.00 (Cumulative side area) 

    Layer: via
      Partial area ratio:    0.09
      Required ratio:    6.00 (Gate area) 
      Cumulative area ratio:    0.21
      Required ratio:    0.00 (Cumulative area) 

    Layer: met2
      Partial area ratio:    1.43
      Required ratio:    0.00 (Gate area) 
      Cumulative area ratio:    1.76
      Required ratio:    0.00 (Cumulative area) 
      Partial area ratio:    6.43
      Required ratio:  400.00 (Side area) 
      Cumulative area ratio:    8.07
      Required ratio:    0.00 (Cumulative side area) 

    Layer: via2
      Partial area ratio:    0.16
      Required ratio:    6.00 (Gate area) 
      Cumulative area ratio:    0.37
      Required ratio:    0.00 (Cumulative area) 

    Layer: met3
      Partial area ratio:  143.07
      Required ratio:    0.00 (Gate area) 
      Cumulative area ratio:  144.83
      Required ratio:    0.00 (Cumulative area) 
      Partial area ratio:  768.74
      Required ratio:  400.00 (Side area) (VIOLATED)
      Cumulative area ratio:  776.82
      Required ratio:    0.00 (Cumulative side area) 

    Layer: via3
      Partial area ratio:    0.16
      Required ratio:    6.00 (Gate area) 
      Cumulative area ratio:    0.53
      Required ratio:    0.00 (Cumulative area) 

    Layer: met4
      Partial area ratio:  502.44
      Required ratio:    0.00 (Gate area) 
      Cumulative area ratio:  647.28
      Required ratio:    0.00 (Cumulative area) 
      Partial area ratio: 2681.60
      Required ratio: 2778.20 (Side area) 
      Cumulative area ratio: 3458.42
      Required ratio:    0.00 (Cumulative side area) 



Net: data_axil_araddr\[2\]
  Pin:   _057613_/A (sky130_fd_sc_hd__and2_2)
    Layer: mcon
      Partial area ratio:    0.23
      Required ratio:    3.00 (Gate area) 
      Cumulative area ratio:    0.23
      Required ratio:    0.00 (Cumulative area) 

    Layer: met1
      Partial area ratio:    0.31
      Required ratio:    0.00 (Gate area) 
      Cumulative area ratio:    0.31
      Required ratio:    0.00 (Cumulative area) 
      Partial area ratio:    1.39
      Required ratio: 2773.88 (Side area) 
      Cumulative area ratio:    1.39
      Required ratio:    0.00 (Cumulative side area) 

    Layer: via
      Partial area ratio:    0.04
      Required ratio:   21.65 (Gate area) 
      Cumulative area ratio:    0.27
      Required ratio:    0.00 (Cumulative area) 

    Layer: met2
      Partial area ratio:    2.92
      Required ratio:    0.00 (Gate area) 
      Cumulative area ratio:    3.23
      Required ratio:    0.00 (Cumulative area) 
      Partial area ratio:   14.17
      Required ratio: 3121.64 (Side area) 
      Cumulative area ratio:   15.56
      Required ratio:    0.00 (Cumulative side area) 

    Layer: via2
      Partial area ratio:    0.03
      Required ratio:   52.95 (Gate area) 
      Cumulative area ratio:    0.30
      Required ratio:    0.00 (Cumulative area) 

    Layer: met3
      Partial area ratio:    2.50
      Required ratio:    0.00 (Gate area) 
      Cumulative area ratio:    5.73
      Required ratio:    0.00 (Cumulative area) 
      Partial area ratio:   13.60
      Required ratio: 3473.72 (Side area) 
      Cumulative area ratio:   29.16
      Required ratio:    0.00 (Cumulative side area) 


  Pin:   _060411_/A2 (sky130_fd_sc_hd__a221oi_4)
    Layer: mcon
      Partial area ratio:    0.06
      Required ratio:    3.00 (Gate area) 
      Cumulative area ratio:    0.06
      Required ratio:    0.00 (Cumulative area) 

    Layer: met1
      Partial area ratio:   10.71
      Required ratio:    0.00 (Gate area) 
      Cumulative area ratio:   10.71
      Required ratio:    0.00 (Cumulative area) 
      Partial area ratio:   53.35
      Required ratio: 2773.88 (Side area) 
      Cumulative area ratio:   53.35
      Required ratio:    0.00 (Cumulative side area) 

    Layer: via
      Partial area ratio:    0.05
      Required ratio:   21.65 (Gate area) 
      Cumulative area ratio:    0.11
      Required ratio:    0.00 (Cumulative area) 

    Layer: met2
      Partial area ratio:    2.92
      Required ratio:    0.00 (Gate area) 
      Cumulative area ratio:   13.63
      Required ratio:    0.00 (Cumulative area) 
      Partial area ratio:   14.17
      Required ratio: 3121.64 (Side area) 
      Cumulative area ratio:   67.52
      Required ratio:    0.00 (Cumulative side area) 

    Layer: via2
      Partial area ratio:    0.03
      Required ratio:   52.95 (Gate area) 
      Cumulative area ratio:    0.14
      Required ratio:    0.00 (Cumulative area) 

    Layer: met3
      Partial area ratio:    2.50
      Required ratio:    0.00 (Gate area) 
      Cumulative area ratio:   16.13
      Required ratio:    0.00 (Cumulative area) 
      Partial area ratio:   13.60
      Required ratio: 3473.72 (Side area) 
      Cumulative area ratio:   81.13
      Required ratio:    0.00 (Cumulative side area) 


  Pin:   _060412_/A2 (sky130_fd_sc_hd__a221o_2)
    Layer: li1
      Partial area ratio:    0.01
      Required ratio:    0.00 (Gate area) 
      Cumulative area ratio:    0.01
      Required ratio:    0.00 (Cumulative area) 
      Partial area ratio:    0.15
      Required ratio:   75.00 (Side area) 
      Cumulative area ratio:    0.15
      Required ratio:    0.00 (Cumulative side area) 

    Layer: mcon
      Partial area ratio:    0.12
      Required ratio:    3.00 (Gate area) 
      Cumulative area ratio:    0.12
      Required ratio:    0.00 (Cumulative area) 

    Layer: met1
      Partial area ratio:    0.49
      Required ratio:    0.00 (Gate area) 
      Cumulative area ratio:    0.49
      Required ratio:    0.00 (Cumulative area) 
      Partial area ratio:    2.32
      Required ratio: 2773.88 (Side area) 
      Cumulative area ratio:    2.47
      Required ratio:    0.00 (Cumulative side area) 

    Layer: via
      Partial area ratio:    0.03
      Required ratio:   21.65 (Gate area) 
      Cumulative area ratio:    0.15
      Required ratio:    0.00 (Cumulative area) 

    Layer: met2
      Partial area ratio:    2.92
      Required ratio:    0.00 (Gate area) 
      Cumulative area ratio:    3.42
      Required ratio:    0.00 (Cumulative area) 
      Partial area ratio:   14.17
      Required ratio: 3121.64 (Side area) 
      Cumulative area ratio:   16.64
      Required ratio:    0.00 (Cumulative side area) 

    Layer: via2
      Partial area ratio:    0.03
      Required ratio:   52.95 (Gate area) 
      Cumulative area ratio:    0.18
      Required ratio:    0.00 (Cumulative area) 

    Layer: met3
      Partial area ratio:    2.50
      Required ratio:    0.00 (Gate area) 
      Cumulative area ratio:    5.91
      Required ratio:    0.00 (Cumulative area) 
      Partial area ratio:   13.60
      Required ratio: 3473.72 (Side area) 
      Cumulative area ratio:   30.24
      Required ratio:    0.00 (Cumulative side area) 


  Pin:   _089294_/A0 (sky130_fd_sc_hd__mux2_1)
    Layer: li1
      Partial area ratio:    0.01
      Required ratio:    0.00 (Gate area) 
      Cumulative area ratio:    0.01
      Required ratio:    0.00 (Cumulative area) 
      Partial area ratio:    0.28
      Required ratio:   75.00 (Side area) 
      Cumulative area ratio:    0.28
      Required ratio:    0.00 (Cumulative side area) 

    Layer: mcon
      Partial area ratio:    0.23
      Required ratio:    3.00 (Gate area) 
      Cumulative area ratio:    0.23
      Required ratio:    0.00 (Cumulative area) 

    Layer: met1
      Partial area ratio:    1.87
      Required ratio:    0.00 (Gate area) 
      Cumulative area ratio:    1.88
      Required ratio:    0.00 (Cumulative area) 
      Partial area ratio:    8.75
      Required ratio:  400.00 (Side area) 
      Cumulative area ratio:    9.03
      Required ratio:    0.00 (Cumulative side area) 

    Layer: via
      Partial area ratio:    0.18
      Required ratio:    6.00 (Gate area) 
      Cumulative area ratio:    0.41
      Required ratio:    0.00 (Cumulative area) 

    Layer: met2
      Partial area ratio:  566.36
      Required ratio:    0.00 (Gate area) 
      Cumulative area ratio:  568.24
      Required ratio:    0.00 (Cumulative area) 
      Partial area ratio: 2825.86
      Required ratio: 2778.20 (Side area) (VIOLATED)
      Cumulative area ratio: 2834.89
      Required ratio:    0.00 (Cumulative side area) 

    Layer: via2
      Partial area ratio:    0.32
      Required ratio:   22.04 (Gate area) 
      Cumulative area ratio:    0.73
      Required ratio:    0.00 (Cumulative area) 

    Layer: met3
      Partial area ratio:    2.50
      Required ratio:    0.00 (Gate area) 
      Cumulative area ratio:  570.74
      Required ratio:    0.00 (Cumulative area) 
      Partial area ratio:   13.60
      Required ratio: 3473.72 (Side area) 
      Cumulative area ratio: 2848.49
      Required ratio:    0.00 (Cumulative side area) 


  Pin:   _090858_/A0 (sky130_fd_sc_hd__mux2_1)
    Layer: li1
      Partial area ratio:    0.01
      Required ratio:    0.00 (Gate area) 
      Cumulative area ratio:    0.01
      Required ratio:    0.00 (Cumulative area) 
      Partial area ratio:    0.28
      Required ratio:   75.00 (Side area) 
      Cumulative area ratio:    0.28
      Required ratio:    0.00 (Cumulative side area) 

    Layer: mcon
      Partial area ratio:    0.23
      Required ratio:    3.00 (Gate area) 
      Cumulative area ratio:    0.23
      Required ratio:    0.00 (Cumulative area) 

    Layer: met1
      Partial area ratio:    0.77
      Required ratio:    0.00 (Gate area) 
      Cumulative area ratio:    0.77
      Required ratio:    0.00 (Cumulative area) 
      Partial area ratio:    3.69
      Required ratio: 2773.88 (Side area) 
      Cumulative area ratio:    3.97
      Required ratio:    0.00 (Cumulative side area) 

    Layer: via
      Partial area ratio:    0.04
      Required ratio:   21.65 (Gate area) 
      Cumulative area ratio:    0.27
      Required ratio:    0.00 (Cumulative area) 

    Layer: met2
      Partial area ratio:    2.51
      Required ratio:    0.00 (Gate area) 
      Cumulative area ratio:    3.28
      Required ratio:    0.00 (Cumulative area) 
      Partial area ratio:   11.80
      Required ratio: 2773.88 (Side area) 
      Cumulative area ratio:   15.77
      Required ratio:    0.00 (Cumulative side area) 

    Layer: via2
      Partial area ratio:    0.07
      Required ratio:   21.65 (Gate area) 
      Cumulative area ratio:    0.34
      Required ratio:    0.00 (Cumulative area) 

    Layer: met3
      Partial area ratio:    2.50
      Required ratio:    0.00 (Gate area) 
      Cumulative area ratio:    5.78
      Required ratio:    0.00 (Cumulative area) 
      Partial area ratio:   13.60
      Required ratio: 3473.72 (Side area) 
      Cumulative area ratio:   29.37
      Required ratio:    0.00 (Cumulative side area) 


  Pin:   ANTENNA_2870/DIODE (sky130_fd_sc_hd__diode_2)
    Layer: mcon
      Partial area ratio:    0.07
      Required ratio:   10.82 (Gate area) 
      Cumulative area ratio:    0.07
      Required ratio:    0.00 (Cumulative area) 

    Layer: met1
      Partial area ratio:    0.31
      Required ratio:    0.00 (Gate area) 
      Cumulative area ratio:    0.31
      Required ratio:    0.00 (Cumulative area) 
      Partial area ratio:    1.39
      Required ratio: 2773.88 (Side area) 
      Cumulative area ratio:    1.39
      Required ratio:    0.00 (Cumulative side area) 

    Layer: via
      Partial area ratio:    0.04
      Required ratio:   21.65 (Gate area) 
      Cumulative area ratio:    0.11
      Required ratio:    0.00 (Cumulative area) 

    Layer: met2
      Partial area ratio:    2.92
      Required ratio:    0.00 (Gate area) 
      Cumulative area ratio:    3.23
      Required ratio:    0.00 (Cumulative area) 
      Partial area ratio:   14.17
      Required ratio: 3121.64 (Side area) 
      Cumulative area ratio:   15.56
      Required ratio:    0.00 (Cumulative side area) 

    Layer: via2
      Partial area ratio:    0.03
      Required ratio:   52.95 (Gate area) 
      Cumulative area ratio:    0.14
      Required ratio:    0.00 (Cumulative area) 

    Layer: met3
      Partial area ratio:    2.50
      Required ratio:    0.00 (Gate area) 
      Cumulative area ratio:    5.73
      Required ratio:    0.00 (Cumulative area) 
      Partial area ratio:   13.60
      Required ratio: 3473.72 (Side area) 
      Cumulative area ratio:   29.16
      Required ratio:    0.00 (Cumulative side area) 


  Pin:   ANTENNA_2871/DIODE (sky130_fd_sc_hd__diode_2)
    Layer: mcon
      Partial area ratio:    0.13
      Required ratio:   10.82 (Gate area) 
      Cumulative area ratio:    0.13
      Required ratio:    0.00 (Cumulative area) 

    Layer: met1
      Partial area ratio:   10.71
      Required ratio:    0.00 (Gate area) 
      Cumulative area ratio:   10.71
      Required ratio:    0.00 (Cumulative area) 
      Partial area ratio:   53.35
      Required ratio: 2773.88 (Side area) 
      Cumulative area ratio:   53.35
      Required ratio:    0.00 (Cumulative side area) 

    Layer: via
      Partial area ratio:    0.05
      Required ratio:   21.65 (Gate area) 
      Cumulative area ratio:    0.18
      Required ratio:    0.00 (Cumulative area) 

    Layer: met2
      Partial area ratio:    2.92
      Required ratio:    0.00 (Gate area) 
      Cumulative area ratio:   13.63
      Required ratio:    0.00 (Cumulative area) 
      Partial area ratio:   14.17
      Required ratio: 3121.64 (Side area) 
      Cumulative area ratio:   67.52
      Required ratio:    0.00 (Cumulative side area) 

    Layer: via2
      Partial area ratio:    0.03
      Required ratio:   52.95 (Gate area) 
      Cumulative area ratio:    0.21
      Required ratio:    0.00 (Cumulative area) 

    Layer: met3
      Partial area ratio:    2.50
      Required ratio:    0.00 (Gate area) 
      Cumulative area ratio:   16.13
      Required ratio:    0.00 (Cumulative area) 
      Partial area ratio:   13.60
      Required ratio: 3473.72 (Side area) 
      Cumulative area ratio:   81.13
      Required ratio:    0.00 (Cumulative side area) 


  Pin:   ANTENNA_2872/DIODE (sky130_fd_sc_hd__diode_2)
    Layer: mcon
      Partial area ratio:    0.07
      Required ratio:   10.82 (Gate area) 
      Cumulative area ratio:    0.07
      Required ratio:    0.00 (Cumulative area) 

    Layer: met1
      Partial area ratio:    0.49
      Required ratio:    0.00 (Gate area) 
      Cumulative area ratio:    0.49
      Required ratio:    0.00 (Cumulative area) 
      Partial area ratio:    2.32
      Required ratio: 2773.88 (Side area) 
      Cumulative area ratio:    2.32
      Required ratio:    0.00 (Cumulative side area) 

    Layer: via
      Partial area ratio:    0.03
      Required ratio:   21.65 (Gate area) 
      Cumulative area ratio:    0.10
      Required ratio:    0.00 (Cumulative area) 

    Layer: met2
      Partial area ratio:    2.92
      Required ratio:    0.00 (Gate area) 
      Cumulative area ratio:    3.41
      Required ratio:    0.00 (Cumulative area) 
      Partial area ratio:   14.17
      Required ratio: 3121.64 (Side area) 
      Cumulative area ratio:   16.49
      Required ratio:    0.00 (Cumulative side area) 

    Layer: via2
      Partial area ratio:    0.03
      Required ratio:   52.95 (Gate area) 
      Cumulative area ratio:    0.13
      Required ratio:    0.00 (Cumulative area) 

    Layer: met3
      Partial area ratio:    2.50
      Required ratio:    0.00 (Gate area) 
      Cumulative area ratio:    5.91
      Required ratio:    0.00 (Cumulative area) 
      Partial area ratio:   13.60
      Required ratio: 3473.72 (Side area) 
      Cumulative area ratio:   30.10
      Required ratio:    0.00 (Cumulative side area) 


  Pin:   ANTENNA_2873/DIODE (sky130_fd_sc_hd__diode_2)
    Layer: mcon
      Partial area ratio:    0.07
      Required ratio:   10.82 (Gate area) 
      Cumulative area ratio:    0.07
      Required ratio:    0.00 (Cumulative area) 

    Layer: met1
      Partial area ratio:    0.77
      Required ratio:    0.00 (Gate area) 
      Cumulative area ratio:    0.77
      Required ratio:    0.00 (Cumulative area) 
      Partial area ratio:    3.69
      Required ratio: 2773.88 (Side area) 
      Cumulative area ratio:    3.69
      Required ratio:    0.00 (Cumulative side area) 

    Layer: via
      Partial area ratio:    0.04
      Required ratio:   21.65 (Gate area) 
      Cumulative area ratio:    0.11
      Required ratio:    0.00 (Cumulative area) 

    Layer: met2
      Partial area ratio:    2.51
      Required ratio:    0.00 (Gate area) 
      Cumulative area ratio:    3.27
      Required ratio:    0.00 (Cumulative area) 
      Partial area ratio:   11.80
      Required ratio: 2773.88 (Side area) 
      Cumulative area ratio:   15.49
      Required ratio:    0.00 (Cumulative side area) 

    Layer: via2
      Partial area ratio:    0.07
      Required ratio:   21.65 (Gate area) 
      Cumulative area ratio:    0.18
      Required ratio:    0.00 (Cumulative area) 

    Layer: met3
      Partial area ratio:    2.50
      Required ratio:    0.00 (Gate area) 
      Cumulative area ratio:    5.77
      Required ratio:    0.00 (Cumulative area) 
      Partial area ratio:   13.60
      Required ratio: 3473.72 (Side area) 
      Cumulative area ratio:   29.10
      Required ratio:    0.00 (Cumulative side area) 



Net: iram_s_wdata\[16\]
  Pin:   _065308_/A1 (sky130_fd_sc_hd__mux2_1)
    Layer: mcon
      Partial area ratio:    0.23
      Required ratio:    3.00 (Gate area) 
      Cumulative area ratio:    0.23
      Required ratio:    0.00 (Cumulative area) 

    Layer: met1
      Partial area ratio:   58.91
      Required ratio:    0.00 (Gate area) 
      Cumulative area ratio:   58.91
      Required ratio:    0.00 (Cumulative area) 
      Partial area ratio:  293.08
      Required ratio:  400.00 (Side area) 
      Cumulative area ratio:  293.08
      Required ratio:    0.00 (Cumulative side area) 

    Layer: via
      Partial area ratio:    0.36
      Required ratio:    6.00 (Gate area) 
      Cumulative area ratio:    0.59
      Required ratio:    0.00 (Cumulative area) 

    Layer: met2
      Partial area ratio:   11.90
      Required ratio:    0.00 (Gate area) 
      Cumulative area ratio:   70.81
      Required ratio:    0.00 (Cumulative area) 
      Partial area ratio:   58.44
      Required ratio:  400.00 (Side area) 
      Cumulative area ratio:  351.52
      Required ratio:    0.00 (Cumulative side area) 

    Layer: via2
      Partial area ratio:    0.11
      Required ratio:    6.00 (Gate area) 
      Cumulative area ratio:    0.69
      Required ratio:    0.00 (Cumulative area) 

    Layer: met3
      Partial area ratio:   13.29
      Required ratio:    0.00 (Gate area) 
      Cumulative area ratio:   84.10
      Required ratio:    0.00 (Cumulative area) 
      Partial area ratio:   72.11
      Required ratio:  400.00 (Side area) 
      Cumulative area ratio:  423.62
      Required ratio:    0.00 (Cumulative side area) 

    Layer: via3
      Partial area ratio:    0.11
      Required ratio:    6.00 (Gate area) 
      Cumulative area ratio:    0.80
      Required ratio:    0.00 (Cumulative area) 

    Layer: met4
      Partial area ratio:    4.77
      Required ratio:    0.00 (Gate area) 
      Cumulative area ratio:   88.87
      Required ratio:    0.00 (Cumulative area) 
      Partial area ratio:   25.90
      Required ratio: 2969.60 (Side area) 
      Cumulative area ratio:  449.53
      Required ratio:    0.00 (Cumulative side area) 


  Pin:   _065346_/A0 (sky130_fd_sc_hd__mux2_1)
    Layer: li1
      Partial area ratio:    0.01
      Required ratio:    0.00 (Gate area) 
      Cumulative area ratio:    0.01
      Required ratio:    0.00 (Cumulative area) 
      Partial area ratio:    0.28
      Required ratio:   75.00 (Side area) 
      Cumulative area ratio:    0.28
      Required ratio:    0.00 (Cumulative side area) 

    Layer: mcon
      Partial area ratio:    0.23
      Required ratio:    3.00 (Gate area) 
      Cumulative area ratio:    0.23
      Required ratio:    0.00 (Cumulative area) 

    Layer: met1
      Partial area ratio:    1.87
      Required ratio:    0.00 (Gate area) 
      Cumulative area ratio:    1.88
      Required ratio:    0.00 (Cumulative area) 
      Partial area ratio:    8.75
      Required ratio:  400.00 (Side area) 
      Cumulative area ratio:    9.03
      Required ratio:    0.00 (Cumulative side area) 

    Layer: via
      Partial area ratio:    0.18
      Required ratio:    6.00 (Gate area) 
      Cumulative area ratio:    0.41
      Required ratio:    0.00 (Cumulative area) 

    Layer: met2
      Partial area ratio:   11.90
      Required ratio:    0.00 (Gate area) 
      Cumulative area ratio:   13.78
      Required ratio:    0.00 (Cumulative area) 
      Partial area ratio:   58.44
      Required ratio:  400.00 (Side area) 
      Cumulative area ratio:   67.46
      Required ratio:    0.00 (Cumulative side area) 

    Layer: via2
      Partial area ratio:    0.11
      Required ratio:    6.00 (Gate area) 
      Cumulative area ratio:    0.51
      Required ratio:    0.00 (Cumulative area) 

    Layer: met3
      Partial area ratio:   13.29
      Required ratio:    0.00 (Gate area) 
      Cumulative area ratio:   27.07
      Required ratio:    0.00 (Cumulative area) 
      Partial area ratio:   72.11
      Required ratio:  400.00 (Side area) 
      Cumulative area ratio:  139.57
      Required ratio:    0.00 (Cumulative side area) 

    Layer: via3
      Partial area ratio:    0.11
      Required ratio:    6.00 (Gate area) 
      Cumulative area ratio:    0.62
      Required ratio:    0.00 (Cumulative area) 

    Layer: met4
      Partial area ratio:    4.77
      Required ratio:    0.00 (Gate area) 
      Cumulative area ratio:   31.84
      Required ratio:    0.00 (Cumulative area) 
      Partial area ratio:   25.90
      Required ratio: 2969.60 (Side area) 
      Cumulative area ratio:  165.47
      Required ratio:    0.00 (Cumulative side area) 


  Pin:   _065383_/A1 (sky130_fd_sc_hd__mux2_1)
    Layer: mcon
      Partial area ratio:    0.23
      Required ratio:    3.00 (Gate area) 
      Cumulative area ratio:    0.23
      Required ratio:    0.00 (Cumulative area) 

    Layer: met1
      Partial area ratio:    2.38
      Required ratio:    0.00 (Gate area) 
      Cumulative area ratio:    2.38
      Required ratio:    0.00 (Cumulative area) 
      Partial area ratio:   11.31
      Required ratio:  400.00 (Side area) 
      Cumulative area ratio:   11.31
      Required ratio:    0.00 (Cumulative side area) 

    Layer: via
      Partial area ratio:    0.18
      Required ratio:    6.00 (Gate area) 
      Cumulative area ratio:    0.41
      Required ratio:    0.00 (Cumulative area) 

    Layer: met2
      Partial area ratio:   11.90
      Required ratio:    0.00 (Gate area) 
      Cumulative area ratio:   14.28
      Required ratio:    0.00 (Cumulative area) 
      Partial area ratio:   58.44
      Required ratio:  400.00 (Side area) 
      Cumulative area ratio:   69.74
      Required ratio:    0.00 (Cumulative side area) 

    Layer: via2
      Partial area ratio:    0.11
      Required ratio:    6.00 (Gate area) 
      Cumulative area ratio:    0.51
      Required ratio:    0.00 (Cumulative area) 

    Layer: met3
      Partial area ratio:   13.29
      Required ratio:    0.00 (Gate area) 
      Cumulative area ratio:   27.57
      Required ratio:    0.00 (Cumulative area) 
      Partial area ratio:   72.11
      Required ratio:  400.00 (Side area) 
      Cumulative area ratio:  141.85
      Required ratio:    0.00 (Cumulative side area) 

    Layer: via3
      Partial area ratio:    0.11
      Required ratio:    6.00 (Gate area) 
      Cumulative area ratio:    0.62
      Required ratio:    0.00 (Cumulative area) 

    Layer: met4
      Partial area ratio:    4.77
      Required ratio:    0.00 (Gate area) 
      Cumulative area ratio:   32.34
      Required ratio:    0.00 (Cumulative area) 
      Partial area ratio:   25.90
      Required ratio: 2969.60 (Side area) 
      Cumulative area ratio:  167.75
      Required ratio:    0.00 (Cumulative side area) 


  Pin:   _065422_/A1 (sky130_fd_sc_hd__mux2_1)
    Layer: mcon
      Partial area ratio:    0.23
      Required ratio:    3.00 (Gate area) 
      Cumulative area ratio:    0.23
      Required ratio:    0.00 (Cumulative area) 

    Layer: met1
      Partial area ratio:   11.69
      Required ratio:    0.00 (Gate area) 
      Cumulative area ratio:   11.69
      Required ratio:    0.00 (Cumulative area) 
      Partial area ratio:   56.97
      Required ratio:  400.00 (Side area) 
      Cumulative area ratio:   56.97
      Required ratio:    0.00 (Cumulative side area) 

    Layer: via
      Partial area ratio:    0.36
      Required ratio:    6.00 (Gate area) 
      Cumulative area ratio:    0.59
      Required ratio:    0.00 (Cumulative area) 

    Layer: met2
      Partial area ratio:    6.73
      Required ratio:    0.00 (Gate area) 
      Cumulative area ratio:   18.42
      Required ratio:    0.00 (Cumulative area) 
      Partial area ratio:   30.94
      Required ratio:  400.00 (Side area) 
      Cumulative area ratio:   87.92
      Required ratio:    0.00 (Cumulative side area) 

    Layer: via2
      Partial area ratio:    0.63
      Required ratio:    6.00 (Gate area) 
      Cumulative area ratio:    1.22
      Required ratio:    0.00 (Cumulative area) 

    Layer: met3
      Partial area ratio:    6.35
      Required ratio:    0.00 (Gate area) 
      Cumulative area ratio:   24.77
      Required ratio:    0.00 (Cumulative area) 
      Partial area ratio:   41.27
      Required ratio:  400.00 (Side area) 
      Cumulative area ratio:  129.19
      Required ratio:    0.00 (Cumulative side area) 

    Layer: via3
      Partial area ratio:    0.63
      Required ratio:    6.00 (Gate area) 
      Cumulative area ratio:    1.86
      Required ratio:    0.00 (Cumulative area) 

    Layer: met4
      Partial area ratio:    4.77
      Required ratio:    0.00 (Gate area) 
      Cumulative area ratio:   29.54
      Required ratio:    0.00 (Cumulative area) 
      Partial area ratio:   25.90
      Required ratio: 2969.60 (Side area) 
      Cumulative area ratio:  155.09
      Required ratio:    0.00 (Cumulative side area) 


  Pin:   _065459_/A1 (sky130_fd_sc_hd__mux2_1)
    Layer: mcon
      Partial area ratio:    0.23
      Required ratio:    3.00 (Gate area) 
      Cumulative area ratio:    0.23
      Required ratio:    0.00 (Cumulative area) 

    Layer: met1
      Partial area ratio:    2.38
      Required ratio:    0.00 (Gate area) 
      Cumulative area ratio:    2.38
      Required ratio:    0.00 (Cumulative area) 
      Partial area ratio:   11.31
      Required ratio:  400.00 (Side area) 
      Cumulative area ratio:   11.31
      Required ratio:    0.00 (Cumulative side area) 

    Layer: via
      Partial area ratio:    0.18
      Required ratio:    6.00 (Gate area) 
      Cumulative area ratio:    0.41
      Required ratio:    0.00 (Cumulative area) 

    Layer: met2
      Partial area ratio:    1.12
      Required ratio:    0.00 (Gate area) 
      Cumulative area ratio:    3.51
      Required ratio:    0.00 (Cumulative area) 
      Partial area ratio:    4.42
      Required ratio:  400.00 (Side area) 
      Cumulative area ratio:   15.72
      Required ratio:    0.00 (Cumulative side area) 

    Layer: via2
      Partial area ratio:    0.32
      Required ratio:    6.00 (Gate area) 
      Cumulative area ratio:    0.73
      Required ratio:    0.00 (Cumulative area) 

    Layer: met3
      Partial area ratio:    4.82
      Required ratio:    0.00 (Gate area) 
      Cumulative area ratio:    8.32
      Required ratio:    0.00 (Cumulative area) 
      Partial area ratio:   29.40
      Required ratio:  400.00 (Side area) 
      Cumulative area ratio:   45.12
      Required ratio:    0.00 (Cumulative side area) 

    Layer: via3
      Partial area ratio:    0.32
      Required ratio:    6.00 (Gate area) 
      Cumulative area ratio:    1.04
      Required ratio:    0.00 (Cumulative area) 

    Layer: met4
      Partial area ratio:    4.77
      Required ratio:    0.00 (Gate area) 
      Cumulative area ratio:   13.09
      Required ratio:    0.00 (Cumulative area) 
      Partial area ratio:   25.90
      Required ratio: 2969.60 (Side area) 
      Cumulative area ratio:   71.02
      Required ratio:    0.00 (Cumulative side area) 


  Pin:   _065802_/A1 (sky130_fd_sc_hd__mux2_1)
    Layer: mcon
      Partial area ratio:    0.23
      Required ratio:    3.00 (Gate area) 
      Cumulative area ratio:    0.23
      Required ratio:    0.00 (Cumulative area) 

    Layer: met1
      Partial area ratio:    0.66
      Required ratio:    0.00 (Gate area) 
      Cumulative area ratio:    0.66
      Required ratio:    0.00 (Cumulative area) 
      Partial area ratio:    3.22
      Required ratio:  400.00 (Side area) 
      Cumulative area ratio:    3.22
      Required ratio:    0.00 (Cumulative side area) 

    Layer: via
      Partial area ratio:    0.18
      Required ratio:    6.00 (Gate area) 
      Cumulative area ratio:    0.41
      Required ratio:    0.00 (Cumulative area) 

    Layer: met2
      Partial area ratio:    1.12
      Required ratio:    0.00 (Gate area) 
      Cumulative area ratio:    1.78
      Required ratio:    0.00 (Cumulative area) 
      Partial area ratio:    4.42
      Required ratio:  400.00 (Side area) 
      Cumulative area ratio:    7.64
      Required ratio:    0.00 (Cumulative side area) 

    Layer: via2
      Partial area ratio:    0.32
      Required ratio:    6.00 (Gate area) 
      Cumulative area ratio:    0.73
      Required ratio:    0.00 (Cumulative area) 

    Layer: met3
      Partial area ratio:  108.73
      Required ratio:    0.00 (Gate area) 
      Cumulative area ratio:  110.51
      Required ratio:    0.00 (Cumulative area) 
      Partial area ratio:  581.66
      Required ratio: 2969.60 (Side area) 
      Cumulative area ratio:  589.30
      Required ratio:    0.00 (Cumulative side area) 

    Layer: via3
      Partial area ratio:    0.05
      Required ratio:   39.26 (Gate area) 
      Cumulative area ratio:    0.78
      Required ratio:    0.00 (Cumulative area) 

    Layer: met4
      Partial area ratio:    4.77
      Required ratio:    0.00 (Gate area) 
      Cumulative area ratio:  115.28
      Required ratio:    0.00 (Cumulative area) 
      Partial area ratio:   25.90
      Required ratio: 2969.60 (Side area) 
      Cumulative area ratio:  615.20
      Required ratio:    0.00 (Cumulative side area) 


  Pin:   _065839_/A0 (sky130_fd_sc_hd__mux2_1)
    Layer: li1
      Partial area ratio:    0.01
      Required ratio:    0.00 (Gate area) 
      Cumulative area ratio:    0.01
      Required ratio:    0.00 (Cumulative area) 
      Partial area ratio:    0.28
      Required ratio:   75.00 (Side area) 
      Cumulative area ratio:    0.28
      Required ratio:    0.00 (Cumulative side area) 

    Layer: mcon
      Partial area ratio:    0.23
      Required ratio:    3.00 (Gate area) 
      Cumulative area ratio:    0.23
      Required ratio:    0.00 (Cumulative area) 

    Layer: met1
      Partial area ratio:    0.66
      Required ratio:    0.00 (Gate area) 
      Cumulative area ratio:    0.67
      Required ratio:    0.00 (Cumulative area) 
      Partial area ratio:    3.22
      Required ratio:  400.00 (Side area) 
      Cumulative area ratio:    3.50
      Required ratio:    0.00 (Cumulative side area) 

    Layer: via
      Partial area ratio:    0.18
      Required ratio:    6.00 (Gate area) 
      Cumulative area ratio:    0.41
      Required ratio:    0.00 (Cumulative area) 

    Layer: met2
      Partial area ratio:   14.51
      Required ratio:    0.00 (Gate area) 
      Cumulative area ratio:   15.18
      Required ratio:    0.00 (Cumulative area) 
      Partial area ratio:   71.19
      Required ratio:  400.00 (Side area) 
      Cumulative area ratio:   74.69
      Required ratio:    0.00 (Cumulative side area) 

    Layer: via2
      Partial area ratio:    0.32
      Required ratio:    6.00 (Gate area) 
      Cumulative area ratio:    0.73
      Required ratio:    0.00 (Cumulative area) 

    Layer: met3
      Partial area ratio:    8.10
      Required ratio:    0.00 (Gate area) 
      Cumulative area ratio:   23.28
      Required ratio:    0.00 (Cumulative area) 
      Partial area ratio:   46.92
      Required ratio:  400.00 (Side area) 
      Cumulative area ratio:  121.62
      Required ratio:    0.00 (Cumulative side area) 

    Layer: via3
      Partial area ratio:    0.32
      Required ratio:    6.00 (Gate area) 
      Cumulative area ratio:    1.04
      Required ratio:    0.00 (Cumulative area) 

    Layer: met4
      Partial area ratio:    4.77
      Required ratio:    0.00 (Gate area) 
      Cumulative area ratio:   28.05
      Required ratio:    0.00 (Cumulative area) 
      Partial area ratio:   25.90
      Required ratio: 2969.60 (Side area) 
      Cumulative area ratio:  147.52
      Required ratio:    0.00 (Cumulative side area) 


  Pin:   _089781_/A0 (sky130_fd_sc_hd__mux2_1)
    Layer: li1
      Partial area ratio:    0.01
      Required ratio:    0.00 (Gate area) 
      Cumulative area ratio:    0.01
      Required ratio:    0.00 (Cumulative area) 
      Partial area ratio:    0.28
      Required ratio:   75.00 (Side area) 
      Cumulative area ratio:    0.28
      Required ratio:    0.00 (Cumulative side area) 

    Layer: mcon
      Partial area ratio:    0.23
      Required ratio:    3.00 (Gate area) 
      Cumulative area ratio:    0.23
      Required ratio:    0.00 (Cumulative area) 

    Layer: met1
      Partial area ratio:    1.87
      Required ratio:    0.00 (Gate area) 
      Cumulative area ratio:    1.88
      Required ratio:    0.00 (Cumulative area) 
      Partial area ratio:    8.75
      Required ratio:  400.00 (Side area) 
      Cumulative area ratio:    9.03
      Required ratio:    0.00 (Cumulative side area) 

    Layer: via
      Partial area ratio:    0.18
      Required ratio:    6.00 (Gate area) 
      Cumulative area ratio:    0.41
      Required ratio:    0.00 (Cumulative area) 

    Layer: met2
      Partial area ratio:   11.14
      Required ratio:    0.00 (Gate area) 
      Cumulative area ratio:   13.02
      Required ratio:    0.00 (Cumulative area) 
      Partial area ratio:   53.08
      Required ratio:  400.00 (Side area) 
      Cumulative area ratio:   62.11
      Required ratio:    0.00 (Cumulative side area) 

    Layer: via2
      Partial area ratio:    0.63
      Required ratio:    6.00 (Gate area) 
      Cumulative area ratio:    1.04
      Required ratio:    0.00 (Cumulative area) 

    Layer: met3
      Partial area ratio:  108.73
      Required ratio:    0.00 (Gate area) 
      Cumulative area ratio:  121.75
      Required ratio:    0.00 (Cumulative area) 
      Partial area ratio:  581.66
      Required ratio: 2969.60 (Side area) 
      Cumulative area ratio:  643.77
      Required ratio:    0.00 (Cumulative side area) 

    Layer: via3
      Partial area ratio:    0.05
      Required ratio:   39.26 (Gate area) 
      Cumulative area ratio:    1.09
      Required ratio:    0.00 (Cumulative area) 

    Layer: met4
      Partial area ratio:    4.77
      Required ratio:    0.00 (Gate area) 
      Cumulative area ratio:  126.52
      Required ratio:    0.00 (Cumulative area) 
      Partial area ratio:   25.90
      Required ratio: 2969.60 (Side area) 
      Cumulative area ratio:  669.67
      Required ratio:    0.00 (Cumulative side area) 


  Pin:   _090107_/A (sky130_fd_sc_hd__or4_2)
    Layer: mcon
      Partial area ratio:    0.23
      Required ratio:    3.00 (Gate area) 
      Cumulative area ratio:    0.23
      Required ratio:    0.00 (Cumulative area) 

    Layer: met1
      Partial area ratio:    0.66
      Required ratio:    0.00 (Gate area) 
      Cumulative area ratio:    0.66
      Required ratio:    0.00 (Cumulative area) 
      Partial area ratio:    3.22
      Required ratio:  400.00 (Side area) 
      Cumulative area ratio:    3.22
      Required ratio:    0.00 (Cumulative side area) 

    Layer: via
      Partial area ratio:    0.18
      Required ratio:    6.00 (Gate area) 
      Cumulative area ratio:    0.41
      Required ratio:    0.00 (Cumulative area) 

    Layer: met2
      Partial area ratio:   44.02
      Required ratio:    0.00 (Gate area) 
      Cumulative area ratio:   44.68
      Required ratio:    0.00 (Cumulative area) 
      Partial area ratio:  218.35
      Required ratio:  400.00 (Side area) 
      Cumulative area ratio:  221.57
      Required ratio:    0.00 (Cumulative side area) 

    Layer: via2
      Partial area ratio:    0.19
      Required ratio:    6.00 (Gate area) 
      Cumulative area ratio:    0.60
      Required ratio:    0.00 (Cumulative area) 

    Layer: met3
      Partial area ratio:  108.73
      Required ratio:    0.00 (Gate area) 
      Cumulative area ratio:  153.41
      Required ratio:    0.00 (Cumulative area) 
      Partial area ratio:  581.66
      Required ratio: 2969.60 (Side area) 
      Cumulative area ratio:  803.24
      Required ratio:    0.00 (Cumulative side area) 

    Layer: via3
      Partial area ratio:    0.05
      Required ratio:   39.26 (Gate area) 
      Cumulative area ratio:    0.65
      Required ratio:    0.00 (Cumulative area) 

    Layer: met4
      Partial area ratio:    4.77
      Required ratio:    0.00 (Gate area) 
      Cumulative area ratio:  158.18
      Required ratio:    0.00 (Cumulative area) 
      Partial area ratio:   25.90
      Required ratio: 2969.60 (Side area) 
      Cumulative area ratio:  829.14
      Required ratio:    0.00 (Cumulative side area) 


  Pin:   _090680_/A0 (sky130_fd_sc_hd__mux2_1)
    Layer: li1
      Partial area ratio:    0.01
      Required ratio:    0.00 (Gate area) 
      Cumulative area ratio:    0.01
      Required ratio:    0.00 (Cumulative area) 
      Partial area ratio:    0.28
      Required ratio:   75.00 (Side area) 
      Cumulative area ratio:    0.28
      Required ratio:    0.00 (Cumulative side area) 

    Layer: mcon
      Partial area ratio:    0.23
      Required ratio:    3.00 (Gate area) 
      Cumulative area ratio:    0.23
      Required ratio:    0.00 (Cumulative area) 

    Layer: met1
      Partial area ratio:   11.13
      Required ratio:    0.00 (Gate area) 
      Cumulative area ratio:   11.13
      Required ratio:    0.00 (Cumulative area) 
      Partial area ratio:   54.17
      Required ratio:  400.00 (Side area) 
      Cumulative area ratio:   54.44
      Required ratio:    0.00 (Cumulative side area) 

    Layer: via
      Partial area ratio:    0.36
      Required ratio:    6.00 (Gate area) 
      Cumulative area ratio:    0.59
      Required ratio:    0.00 (Cumulative area) 

    Layer: met2
      Partial area ratio:    5.77
      Required ratio:    0.00 (Gate area) 
      Cumulative area ratio:   16.91
      Required ratio:    0.00 (Cumulative area) 
      Partial area ratio:   28.48
      Required ratio:  400.00 (Side area) 
      Cumulative area ratio:   82.92
      Required ratio:    0.00 (Cumulative side area) 

    Layer: via2
      Partial area ratio:    0.06
      Required ratio:    6.00 (Gate area) 
      Cumulative area ratio:    0.65
      Required ratio:    0.00 (Cumulative area) 

    Layer: met3
      Partial area ratio:  108.73
      Required ratio:    0.00 (Gate area) 
      Cumulative area ratio:  125.64
      Required ratio:    0.00 (Cumulative area) 
      Partial area ratio:  581.66
      Required ratio: 2969.60 (Side area) 
      Cumulative area ratio:  664.59
      Required ratio:    0.00 (Cumulative side area) 

    Layer: via3
      Partial area ratio:    0.05
      Required ratio:   39.26 (Gate area) 
      Cumulative area ratio:    0.70
      Required ratio:    0.00 (Cumulative area) 

    Layer: met4
      Partial area ratio:    4.77
      Required ratio:    0.00 (Gate area) 
      Cumulative area ratio:  130.41
      Required ratio:    0.00 (Cumulative area) 
      Partial area ratio:   25.90
      Required ratio: 2969.60 (Side area) 
      Cumulative area ratio:  690.49
      Required ratio:    0.00 (Cumulative side area) 


  Pin:   _091329_/A0 (sky130_fd_sc_hd__mux2_1)
    Layer: li1
      Partial area ratio:    0.01
      Required ratio:    0.00 (Gate area) 
      Cumulative area ratio:    0.01
      Required ratio:    0.00 (Cumulative area) 
      Partial area ratio:    0.28
      Required ratio:   75.00 (Side area) 
      Cumulative area ratio:    0.28
      Required ratio:    0.00 (Cumulative side area) 

    Layer: mcon
      Partial area ratio:    0.23
      Required ratio:    3.00 (Gate area) 
      Cumulative area ratio:    0.23
      Required ratio:    0.00 (Cumulative area) 

    Layer: met1
      Partial area ratio:    0.66
      Required ratio:    0.00 (Gate area) 
      Cumulative area ratio:    0.67
      Required ratio:    0.00 (Cumulative area) 
      Partial area ratio:    3.22
      Required ratio:  400.00 (Side area) 
      Cumulative area ratio:    3.50
      Required ratio:    0.00 (Cumulative side area) 

    Layer: via
      Partial area ratio:    0.18
      Required ratio:    6.00 (Gate area) 
      Cumulative area ratio:    0.41
      Required ratio:    0.00 (Cumulative area) 

    Layer: met2
      Partial area ratio:    9.98
      Required ratio:    0.00 (Gate area) 
      Cumulative area ratio:   10.64
      Required ratio:    0.00 (Cumulative area) 
      Partial area ratio:   48.53
      Required ratio:  400.00 (Side area) 
      Cumulative area ratio:   52.03
      Required ratio:    0.00 (Cumulative side area) 

    Layer: via2
      Partial area ratio:    0.32
      Required ratio:    6.00 (Gate area) 
      Cumulative area ratio:    0.73
      Required ratio:    0.00 (Cumulative area) 

    Layer: met3
      Partial area ratio:  108.73
      Required ratio:    0.00 (Gate area) 
      Cumulative area ratio:  119.37
      Required ratio:    0.00 (Cumulative area) 
      Partial area ratio:  581.66
      Required ratio: 2969.60 (Side area) 
      Cumulative area ratio:  633.69
      Required ratio:    0.00 (Cumulative side area) 

    Layer: via3
      Partial area ratio:    0.05
      Required ratio:   39.26 (Gate area) 
      Cumulative area ratio:    0.78
      Required ratio:    0.00 (Cumulative area) 

    Layer: met4
      Partial area ratio:    4.77
      Required ratio:    0.00 (Gate area) 
      Cumulative area ratio:  124.14
      Required ratio:    0.00 (Cumulative area) 
      Partial area ratio:   25.90
      Required ratio: 2969.60 (Side area) 
      Cumulative area ratio:  659.59
      Required ratio:    0.00 (Cumulative side area) 


  Pin:   wire1840/A (sky130_fd_sc_hd__buf_12)
    Layer: mcon
      Partial area ratio:    0.03
      Required ratio:    3.00 (Gate area) 
      Cumulative area ratio:    0.03
      Required ratio:    0.00 (Cumulative area) 

    Layer: met1
      Partial area ratio:    0.08
      Required ratio:    0.00 (Gate area) 
      Cumulative area ratio:    0.08
      Required ratio:    0.00 (Cumulative area) 
      Partial area ratio:    0.41
      Required ratio:  400.00 (Side area) 
      Cumulative area ratio:    0.41
      Required ratio:    0.00 (Cumulative side area) 

    Layer: via
      Partial area ratio:    0.02
      Required ratio:    6.00 (Gate area) 
      Cumulative area ratio:    0.05
      Required ratio:    0.00 (Cumulative area) 

    Layer: met2
      Partial area ratio:    0.21
      Required ratio:    0.00 (Gate area) 
      Cumulative area ratio:    0.30
      Required ratio:    0.00 (Cumulative area) 
      Partial area ratio:    0.89
      Required ratio:  400.00 (Side area) 
      Cumulative area ratio:    1.30
      Required ratio:    0.00 (Cumulative side area) 

    Layer: via2
      Partial area ratio:    0.04
      Required ratio:    6.00 (Gate area) 
      Cumulative area ratio:    0.09
      Required ratio:    0.00 (Cumulative area) 

    Layer: met3
      Partial area ratio:   89.68
      Required ratio:    0.00 (Gate area) 
      Cumulative area ratio:   89.98
      Required ratio:    0.00 (Cumulative area) 
      Partial area ratio:  478.76
      Required ratio:  400.00 (Side area) (VIOLATED)
      Cumulative area ratio:  480.06
      Required ratio:    0.00 (Cumulative side area) 

    Layer: via3
      Partial area ratio:    0.04
      Required ratio:    6.00 (Gate area) 
      Cumulative area ratio:    0.13
      Required ratio:    0.00 (Cumulative area) 

    Layer: met4
      Partial area ratio:    4.77
      Required ratio:    0.00 (Gate area) 
      Cumulative area ratio:   94.75
      Required ratio:    0.00 (Cumulative area) 
      Partial area ratio:   25.90
      Required ratio: 2969.60 (Side area) 
      Cumulative area ratio:  505.96
      Required ratio:    0.00 (Cumulative side area) 


  Pin:   wire1842/A (sky130_fd_sc_hd__buf_8)
    Layer: mcon
      Partial area ratio:    0.04
      Required ratio:    3.00 (Gate area) 
      Cumulative area ratio:    0.04
      Required ratio:    0.00 (Cumulative area) 

    Layer: met1
      Partial area ratio:    0.11
      Required ratio:    0.00 (Gate area) 
      Cumulative area ratio:    0.11
      Required ratio:    0.00 (Cumulative area) 
      Partial area ratio:    0.55
      Required ratio:  400.00 (Side area) 
      Cumulative area ratio:    0.55
      Required ratio:    0.00 (Cumulative side area) 

    Layer: via
      Partial area ratio:    0.03
      Required ratio:    6.00 (Gate area) 
      Cumulative area ratio:    0.07
      Required ratio:    0.00 (Cumulative area) 

    Layer: met2
      Partial area ratio:    5.77
      Required ratio:    0.00 (Gate area) 
      Cumulative area ratio:    5.89
      Required ratio:    0.00 (Cumulative area) 
      Partial area ratio:   28.48
      Required ratio:  400.00 (Side area) 
      Cumulative area ratio:   29.03
      Required ratio:    0.00 (Cumulative side area) 

    Layer: via2
      Partial area ratio:    0.06
      Required ratio:    6.00 (Gate area) 
      Cumulative area ratio:    0.13
      Required ratio:    0.00 (Cumulative area) 

    Layer: met3
      Partial area ratio:  108.73
      Required ratio:    0.00 (Gate area) 
      Cumulative area ratio:  114.62
      Required ratio:    0.00 (Cumulative area) 
      Partial area ratio:  581.66
      Required ratio: 2969.60 (Side area) 
      Cumulative area ratio:  610.69
      Required ratio:    0.00 (Cumulative side area) 

    Layer: via3
      Partial area ratio:    0.05
      Required ratio:   39.26 (Gate area) 
      Cumulative area ratio:    0.18
      Required ratio:    0.00 (Cumulative area) 

    Layer: met4
      Partial area ratio:    4.77
      Required ratio:    0.00 (Gate area) 
      Cumulative area ratio:  119.39
      Required ratio:    0.00 (Cumulative area) 
      Partial area ratio:   25.90
      Required ratio: 2969.60 (Side area) 
      Cumulative area ratio:  636.59
      Required ratio:    0.00 (Cumulative side area) 


  Pin:   load_slew1843/A (sky130_fd_sc_hd__buf_6)
    Layer: mcon
      Partial area ratio:    0.06
      Required ratio:    3.00 (Gate area) 
      Cumulative area ratio:    0.06
      Required ratio:    0.00 (Cumulative area) 

    Layer: met1
      Partial area ratio:    0.74
      Required ratio:    0.00 (Gate area) 
      Cumulative area ratio:    0.74
      Required ratio:    0.00 (Cumulative area) 
      Partial area ratio:    3.53
      Required ratio:  400.00 (Side area) 
      Cumulative area ratio:    3.53
      Required ratio:    0.00 (Cumulative side area) 

    Layer: via
      Partial area ratio:    0.05
      Required ratio:    6.00 (Gate area) 
      Cumulative area ratio:    0.10
      Required ratio:    0.00 (Cumulative area) 

    Layer: met2
      Partial area ratio:   44.02
      Required ratio:    0.00 (Gate area) 
      Cumulative area ratio:   44.75
      Required ratio:    0.00 (Cumulative area) 
      Partial area ratio:  218.35
      Required ratio:  400.00 (Side area) 
      Cumulative area ratio:  221.88
      Required ratio:    0.00 (Cumulative side area) 

    Layer: via2
      Partial area ratio:    0.19
      Required ratio:    6.00 (Gate area) 
      Cumulative area ratio:    0.30
      Required ratio:    0.00 (Cumulative area) 

    Layer: met3
      Partial area ratio:  108.73
      Required ratio:    0.00 (Gate area) 
      Cumulative area ratio:  153.48
      Required ratio:    0.00 (Cumulative area) 
      Partial area ratio:  581.66
      Required ratio: 2969.60 (Side area) 
      Cumulative area ratio:  803.54
      Required ratio:    0.00 (Cumulative side area) 

    Layer: via3
      Partial area ratio:    0.05
      Required ratio:   39.26 (Gate area) 
      Cumulative area ratio:    0.35
      Required ratio:    0.00 (Cumulative area) 

    Layer: met4
      Partial area ratio:    4.77
      Required ratio:    0.00 (Gate area) 
      Cumulative area ratio:  158.25
      Required ratio:    0.00 (Cumulative area) 
      Partial area ratio:   25.90
      Required ratio: 2969.60 (Side area) 
      Cumulative area ratio:  829.44
      Required ratio:    0.00 (Cumulative side area) 


  Pin:   load_slew1844/A (sky130_fd_sc_hd__buf_6)
    Layer: mcon
      Partial area ratio:    0.06
      Required ratio:    3.00 (Gate area) 
      Cumulative area ratio:    0.06
      Required ratio:    0.00 (Cumulative area) 

    Layer: met1
      Partial area ratio:    0.61
      Required ratio:    0.00 (Gate area) 
      Cumulative area ratio:    0.61
      Required ratio:    0.00 (Cumulative area) 
      Partial area ratio:    2.88
      Required ratio:  400.00 (Side area) 
      Cumulative area ratio:    2.88
      Required ratio:    0.00 (Cumulative side area) 

    Layer: via
      Partial area ratio:    0.05
      Required ratio:    6.00 (Gate area) 
      Cumulative area ratio:    0.10
      Required ratio:    0.00 (Cumulative area) 

    Layer: met2
      Partial area ratio:    5.77
      Required ratio:    0.00 (Gate area) 
      Cumulative area ratio:    6.38
      Required ratio:    0.00 (Cumulative area) 
      Partial area ratio:   28.48
      Required ratio:  400.00 (Side area) 
      Cumulative area ratio:   31.36
      Required ratio:    0.00 (Cumulative side area) 

    Layer: via2
      Partial area ratio:    0.06
      Required ratio:    6.00 (Gate area) 
      Cumulative area ratio:    0.16
      Required ratio:    0.00 (Cumulative area) 

    Layer: met3
      Partial area ratio:  108.73
      Required ratio:    0.00 (Gate area) 
      Cumulative area ratio:  115.11
      Required ratio:    0.00 (Cumulative area) 
      Partial area ratio:  581.66
      Required ratio: 2969.60 (Side area) 
      Cumulative area ratio:  613.02
      Required ratio:    0.00 (Cumulative side area) 

    Layer: via3
      Partial area ratio:    0.05
      Required ratio:   39.26 (Gate area) 
      Cumulative area ratio:    0.21
      Required ratio:    0.00 (Cumulative area) 

    Layer: met4
      Partial area ratio:    4.77
      Required ratio:    0.00 (Gate area) 
      Cumulative area ratio:  119.88
      Required ratio:    0.00 (Cumulative area) 
      Partial area ratio:   25.90
      Required ratio: 2969.60 (Side area) 
      Cumulative area ratio:  638.92
      Required ratio:    0.00 (Cumulative side area) 



Net: iram_s_wdata\[25\]
  Pin:   _065298_/A1 (sky130_fd_sc_hd__mux2_1)
    Layer: mcon
      Partial area ratio:    0.23
      Required ratio:    3.00 (Gate area) 
      Cumulative area ratio:    0.23
      Required ratio:    0.00 (Cumulative area) 

    Layer: met1
      Partial area ratio:    0.66
      Required ratio:    0.00 (Gate area) 
      Cumulative area ratio:    0.66
      Required ratio:    0.00 (Cumulative area) 
      Partial area ratio:    3.22
      Required ratio:  400.00 (Side area) 
      Cumulative area ratio:    3.22
      Required ratio:    0.00 (Cumulative side area) 

    Layer: via
      Partial area ratio:    0.18
      Required ratio:    6.00 (Gate area) 
      Cumulative area ratio:    0.41
      Required ratio:    0.00 (Cumulative area) 

    Layer: met2
      Partial area ratio:   15.20
      Required ratio:    0.00 (Gate area) 
      Cumulative area ratio:   15.86
      Required ratio:    0.00 (Cumulative area) 
      Partial area ratio:   75.08
      Required ratio: 2947.76 (Side area) 
      Cumulative area ratio:   78.30
      Required ratio:    0.00 (Cumulative side area) 

    Layer: via2
      Partial area ratio:    0.04
      Required ratio:   37.30 (Gate area) 
      Cumulative area ratio:    0.44
      Required ratio:    0.00 (Cumulative area) 

    Layer: met3
      Partial area ratio:   21.75
      Required ratio:    0.00 (Gate area) 
      Cumulative area ratio:   37.61
      Required ratio:    0.00 (Cumulative area) 
      Partial area ratio:  116.65
      Required ratio: 3665.12 (Side area) 
      Cumulative area ratio:  194.95
      Required ratio:    0.00 (Cumulative side area) 

    Layer: via3
      Partial area ratio:    0.01
      Required ratio:  101.86 (Gate area) 
      Cumulative area ratio:    0.45
      Required ratio:    0.00 (Cumulative area) 

    Layer: met4
      Partial area ratio:   30.21
      Required ratio:    0.00 (Gate area) 
      Cumulative area ratio:   67.82
      Required ratio:    0.00 (Cumulative area) 
      Partial area ratio:  161.29
      Required ratio: 3665.12 (Side area) 
      Cumulative area ratio:  356.24
      Required ratio:    0.00 (Cumulative side area) 


  Pin:   _065336_/A0 (sky130_fd_sc_hd__mux2_1)
    Layer: li1
      Partial area ratio:    0.01
      Required ratio:    0.00 (Gate area) 
      Cumulative area ratio:    0.01
      Required ratio:    0.00 (Cumulative area) 
      Partial area ratio:    0.28
      Required ratio:   75.00 (Side area) 
      Cumulative area ratio:    0.28
      Required ratio:    0.00 (Cumulative side area) 

    Layer: mcon
      Partial area ratio:    0.23
      Required ratio:    3.00 (Gate area) 
      Cumulative area ratio:    0.23
      Required ratio:    0.00 (Cumulative area) 

    Layer: met1
      Partial area ratio:    0.66
      Required ratio:    0.00 (Gate area) 
      Cumulative area ratio:    0.67
      Required ratio:    0.00 (Cumulative area) 
      Partial area ratio:    3.22
      Required ratio:  400.00 (Side area) 
      Cumulative area ratio:    3.50
      Required ratio:    0.00 (Cumulative side area) 

    Layer: via
      Partial area ratio:    0.18
      Required ratio:    6.00 (Gate area) 
      Cumulative area ratio:    0.41
      Required ratio:    0.00 (Cumulative area) 

    Layer: met2
      Partial area ratio:   15.20
      Required ratio:    0.00 (Gate area) 
      Cumulative area ratio:   15.87
      Required ratio:    0.00 (Cumulative area) 
      Partial area ratio:   75.08
      Required ratio: 2947.76 (Side area) 
      Cumulative area ratio:   78.58
      Required ratio:    0.00 (Cumulative side area) 

    Layer: via2
      Partial area ratio:    0.04
      Required ratio:   37.30 (Gate area) 
      Cumulative area ratio:    0.44
      Required ratio:    0.00 (Cumulative area) 

    Layer: met3
      Partial area ratio:   21.75
      Required ratio:    0.00 (Gate area) 
      Cumulative area ratio:   37.61
      Required ratio:    0.00 (Cumulative area) 
      Partial area ratio:  116.65
      Required ratio: 3665.12 (Side area) 
      Cumulative area ratio:  195.23
      Required ratio:    0.00 (Cumulative side area) 

    Layer: via3
      Partial area ratio:    0.01
      Required ratio:  101.86 (Gate area) 
      Cumulative area ratio:    0.45
      Required ratio:    0.00 (Cumulative area) 

    Layer: met4
      Partial area ratio:   30.21
      Required ratio:    0.00 (Gate area) 
      Cumulative area ratio:   67.83
      Required ratio:    0.00 (Cumulative area) 
      Partial area ratio:  161.29
      Required ratio: 3665.12 (Side area) 
      Cumulative area ratio:  356.52
      Required ratio:    0.00 (Cumulative side area) 


  Pin:   _065373_/A1 (sky130_fd_sc_hd__mux2_1)
    Layer: mcon
      Partial area ratio:    0.23
      Required ratio:    3.00 (Gate area) 
      Cumulative area ratio:    0.23
      Required ratio:    0.00 (Cumulative area) 

    Layer: met1
      Partial area ratio:    7.50
      Required ratio:    0.00 (Gate area) 
      Cumulative area ratio:    7.50
      Required ratio:    0.00 (Cumulative area) 
      Partial area ratio:   36.86
      Required ratio:  400.00 (Side area) 
      Cumulative area ratio:   36.86
      Required ratio:    0.00 (Cumulative side area) 

    Layer: via
      Partial area ratio:    0.18
      Required ratio:    6.00 (Gate area) 
      Cumulative area ratio:    0.41
      Required ratio:    0.00 (Cumulative area) 

    Layer: met2
      Partial area ratio:   15.20
      Required ratio:    0.00 (Gate area) 
      Cumulative area ratio:   22.69
      Required ratio:    0.00 (Cumulative area) 
      Partial area ratio:   75.08
      Required ratio: 2947.76 (Side area) 
      Cumulative area ratio:  111.94
      Required ratio:    0.00 (Cumulative side area) 

    Layer: via2
      Partial area ratio:    0.04
      Required ratio:   37.30 (Gate area) 
      Cumulative area ratio:    0.44
      Required ratio:    0.00 (Cumulative area) 

    Layer: met3
      Partial area ratio:   21.75
      Required ratio:    0.00 (Gate area) 
      Cumulative area ratio:   44.44
      Required ratio:    0.00 (Cumulative area) 
      Partial area ratio:  116.65
      Required ratio: 3665.12 (Side area) 
      Cumulative area ratio:  228.59
      Required ratio:    0.00 (Cumulative side area) 

    Layer: via3
      Partial area ratio:    0.01
      Required ratio:  101.86 (Gate area) 
      Cumulative area ratio:    0.45
      Required ratio:    0.00 (Cumulative area) 

    Layer: met4
      Partial area ratio:   30.21
      Required ratio:    0.00 (Gate area) 
      Cumulative area ratio:   74.65
      Required ratio:    0.00 (Cumulative area) 
      Partial area ratio:  161.29
      Required ratio: 3665.12 (Side area) 
      Cumulative area ratio:  389.88
      Required ratio:    0.00 (Cumulative side area) 


  Pin:   _065412_/A1 (sky130_fd_sc_hd__mux2_1)
    Layer: mcon
      Partial area ratio:    0.23
      Required ratio:    3.00 (Gate area) 
      Cumulative area ratio:    0.23
      Required ratio:    0.00 (Cumulative area) 

    Layer: met1
      Partial area ratio:    3.92
      Required ratio:    0.00 (Gate area) 
      Cumulative area ratio:    3.92
      Required ratio:    0.00 (Cumulative area) 
      Partial area ratio:   18.97
      Required ratio:  400.00 (Side area) 
      Cumulative area ratio:   18.97
      Required ratio:    0.00 (Cumulative side area) 

    Layer: via
      Partial area ratio:    0.18
      Required ratio:    6.00 (Gate area) 
      Cumulative area ratio:    0.41
      Required ratio:    0.00 (Cumulative area) 

    Layer: met2
      Partial area ratio:    3.18
      Required ratio:    0.00 (Gate area) 
      Cumulative area ratio:    7.09
      Required ratio:    0.00 (Cumulative area) 
      Partial area ratio:   14.53
      Required ratio:  400.00 (Side area) 
      Cumulative area ratio:   33.50
      Required ratio:    0.00 (Cumulative side area) 

    Layer: via2
      Partial area ratio:    0.32
      Required ratio:    6.00 (Gate area) 
      Cumulative area ratio:    0.73
      Required ratio:    0.00 (Cumulative area) 

    Layer: met3
      Partial area ratio:   21.75
      Required ratio:    0.00 (Gate area) 
      Cumulative area ratio:   28.84
      Required ratio:    0.00 (Cumulative area) 
      Partial area ratio:  116.65
      Required ratio: 3665.12 (Side area) 
      Cumulative area ratio:  150.15
      Required ratio:    0.00 (Cumulative side area) 

    Layer: via3
      Partial area ratio:    0.01
      Required ratio:  101.86 (Gate area) 
      Cumulative area ratio:    0.73
      Required ratio:    0.00 (Cumulative area) 

    Layer: met4
      Partial area ratio:   30.21
      Required ratio:    0.00 (Gate area) 
      Cumulative area ratio:   59.05
      Required ratio:    0.00 (Cumulative area) 
      Partial area ratio:  161.29
      Required ratio: 3665.12 (Side area) 
      Cumulative area ratio:  311.44
      Required ratio:    0.00 (Cumulative side area) 


  Pin:   _065449_/A1 (sky130_fd_sc_hd__mux2_1)
    Layer: mcon
      Partial area ratio:    0.46
      Required ratio:    3.00 (Gate area) 
      Cumulative area ratio:    0.46
      Required ratio:    0.00 (Cumulative area) 

    Layer: met1
      Partial area ratio:    0.77
      Required ratio:    0.00 (Gate area) 
      Cumulative area ratio:    0.77
      Required ratio:    0.00 (Cumulative area) 
      Partial area ratio:    3.78
      Required ratio: 2773.88 (Side area) 
      Cumulative area ratio:    3.78
      Required ratio:    0.00 (Cumulative side area) 

    Layer: via
      Partial area ratio:    0.04
      Required ratio:   21.65 (Gate area) 
      Cumulative area ratio:    0.50
      Required ratio:    0.00 (Cumulative area) 

    Layer: met2
      Partial area ratio:    0.97
      Required ratio:    0.00 (Gate area) 
      Cumulative area ratio:    1.74
      Required ratio:    0.00 (Cumulative area) 
      Partial area ratio:    4.54
      Required ratio: 2773.88 (Side area) 
      Cumulative area ratio:    8.32
      Required ratio:    0.00 (Cumulative side area) 

    Layer: via2
      Partial area ratio:    0.07
      Required ratio:   21.65 (Gate area) 
      Cumulative area ratio:    0.57
      Required ratio:    0.00 (Cumulative area) 

    Layer: met3
      Partial area ratio:   21.75
      Required ratio:    0.00 (Gate area) 
      Cumulative area ratio:   23.49
      Required ratio:    0.00 (Cumulative area) 
      Partial area ratio:  116.65
      Required ratio: 3665.12 (Side area) 
      Cumulative area ratio:  124.97
      Required ratio:    0.00 (Cumulative side area) 

    Layer: via3
      Partial area ratio:    0.01
      Required ratio:  101.86 (Gate area) 
      Cumulative area ratio:    0.58
      Required ratio:    0.00 (Cumulative area) 

    Layer: met4
      Partial area ratio:   30.21
      Required ratio:    0.00 (Gate area) 
      Cumulative area ratio:   53.70
      Required ratio:    0.00 (Cumulative area) 
      Partial area ratio:  161.29
      Required ratio: 3665.12 (Side area) 
      Cumulative area ratio:  286.26
      Required ratio:    0.00 (Cumulative side area) 


  Pin:   _065792_/A1 (sky130_fd_sc_hd__mux2_1)
    Layer: mcon
      Partial area ratio:    0.23
      Required ratio:    3.00 (Gate area) 
      Cumulative area ratio:    0.23
      Required ratio:    0.00 (Cumulative area) 

    Layer: met1
      Partial area ratio:   16.27
      Required ratio:    0.00 (Gate area) 
      Cumulative area ratio:   16.27
      Required ratio:    0.00 (Cumulative area) 
      Partial area ratio:   80.88
      Required ratio: 2773.88 (Side area) 
      Cumulative area ratio:   80.88
      Required ratio:    0.00 (Cumulative side area) 

    Layer: via
      Partial area ratio:    0.08
      Required ratio:   21.65 (Gate area) 
      Cumulative area ratio:    0.31
      Required ratio:    0.00 (Cumulative area) 

    Layer: met2
      Partial area ratio:   19.38
      Required ratio:    0.00 (Gate area) 
      Cumulative area ratio:   35.65
      Required ratio:    0.00 (Cumulative area) 
      Partial area ratio:   96.29
      Required ratio: 2773.88 (Side area) 
      Cumulative area ratio:  177.17
      Required ratio:    0.00 (Cumulative side area) 

    Layer: via2
      Partial area ratio:    0.14
      Required ratio:   21.65 (Gate area) 
      Cumulative area ratio:    0.45
      Required ratio:    0.00 (Cumulative area) 

    Layer: met3
      Partial area ratio:   21.75
      Required ratio:    0.00 (Gate area) 
      Cumulative area ratio:   57.39
      Required ratio:    0.00 (Cumulative area) 
      Partial area ratio:  116.65
      Required ratio: 3665.12 (Side area) 
      Cumulative area ratio:  293.82
      Required ratio:    0.00 (Cumulative side area) 

    Layer: via3
      Partial area ratio:    0.01
      Required ratio:  101.86 (Gate area) 
      Cumulative area ratio:    0.46
      Required ratio:    0.00 (Cumulative area) 

    Layer: met4
      Partial area ratio:   30.21
      Required ratio:    0.00 (Gate area) 
      Cumulative area ratio:   87.61
      Required ratio:    0.00 (Cumulative area) 
      Partial area ratio:  161.29
      Required ratio: 3665.12 (Side area) 
      Cumulative area ratio:  455.11
      Required ratio:    0.00 (Cumulative side area) 


  Pin:   _065829_/A0 (sky130_fd_sc_hd__mux2_1)
    Layer: li1
      Partial area ratio:    0.01
      Required ratio:    0.00 (Gate area) 
      Cumulative area ratio:    0.01
      Required ratio:    0.00 (Cumulative area) 
      Partial area ratio:    0.28
      Required ratio:   75.00 (Side area) 
      Cumulative area ratio:    0.28
      Required ratio:    0.00 (Cumulative side area) 

    Layer: mcon
      Partial area ratio:    0.23
      Required ratio:    3.00 (Gate area) 
      Cumulative area ratio:    0.23
      Required ratio:    0.00 (Cumulative area) 

    Layer: met1
      Partial area ratio:   35.91
      Required ratio:    0.00 (Gate area) 
      Cumulative area ratio:   35.91
      Required ratio:    0.00 (Cumulative area) 
      Partial area ratio:  178.06
      Required ratio:  400.00 (Side area) 
      Cumulative area ratio:  178.33
      Required ratio:    0.00 (Cumulative side area) 

    Layer: via
      Partial area ratio:    0.36
      Required ratio:    6.00 (Gate area) 
      Cumulative area ratio:    0.59
      Required ratio:    0.00 (Cumulative area) 

    Layer: met2
      Partial area ratio:   15.20
      Required ratio:    0.00 (Gate area) 
      Cumulative area ratio:   51.11
      Required ratio:    0.00 (Cumulative area) 
      Partial area ratio:   75.08
      Required ratio: 2947.76 (Side area) 
      Cumulative area ratio:  253.41
      Required ratio:    0.00 (Cumulative side area) 

    Layer: via2
      Partial area ratio:    0.04
      Required ratio:   37.30 (Gate area) 
      Cumulative area ratio:    0.62
      Required ratio:    0.00 (Cumulative area) 

    Layer: met3
      Partial area ratio:   21.75
      Required ratio:    0.00 (Gate area) 
      Cumulative area ratio:   72.86
      Required ratio:    0.00 (Cumulative area) 
      Partial area ratio:  116.65
      Required ratio: 3665.12 (Side area) 
      Cumulative area ratio:  370.06
      Required ratio:    0.00 (Cumulative side area) 

    Layer: via3
      Partial area ratio:    0.01
      Required ratio:  101.86 (Gate area) 
      Cumulative area ratio:    0.63
      Required ratio:    0.00 (Cumulative area) 

    Layer: met4
      Partial area ratio:   30.21
      Required ratio:    0.00 (Gate area) 
      Cumulative area ratio:  103.07
      Required ratio:    0.00 (Cumulative area) 
      Partial area ratio:  161.29
      Required ratio: 3665.12 (Side area) 
      Cumulative area ratio:  531.35
      Required ratio:    0.00 (Cumulative side area) 


  Pin:   _089790_/A0 (sky130_fd_sc_hd__mux2_1)
    Layer: li1
      Partial area ratio:    0.01
      Required ratio:    0.00 (Gate area) 
      Cumulative area ratio:    0.01
      Required ratio:    0.00 (Cumulative area) 
      Partial area ratio:    0.28
      Required ratio:   75.00 (Side area) 
      Cumulative area ratio:    0.28
      Required ratio:    0.00 (Cumulative side area) 

    Layer: mcon
      Partial area ratio:    0.23
      Required ratio:    3.00 (Gate area) 
      Cumulative area ratio:    0.23
      Required ratio:    0.00 (Cumulative area) 

    Layer: met1
      Partial area ratio:    0.66
      Required ratio:    0.00 (Gate area) 
      Cumulative area ratio:    0.67
      Required ratio:    0.00 (Cumulative area) 
      Partial area ratio:    3.22
      Required ratio:  400.00 (Side area) 
      Cumulative area ratio:    3.50
      Required ratio:    0.00 (Cumulative side area) 

    Layer: via
      Partial area ratio:    0.18
      Required ratio:    6.00 (Gate area) 
      Cumulative area ratio:    0.41
      Required ratio:    0.00 (Cumulative area) 

    Layer: met2
      Partial area ratio:   15.20
      Required ratio:    0.00 (Gate area) 
      Cumulative area ratio:   15.87
      Required ratio:    0.00 (Cumulative area) 
      Partial area ratio:   75.08
      Required ratio: 2947.76 (Side area) 
      Cumulative area ratio:   78.58
      Required ratio:    0.00 (Cumulative side area) 

    Layer: via2
      Partial area ratio:    0.04
      Required ratio:   37.30 (Gate area) 
      Cumulative area ratio:    0.44
      Required ratio:    0.00 (Cumulative area) 

    Layer: met3
      Partial area ratio:   21.75
      Required ratio:    0.00 (Gate area) 
      Cumulative area ratio:   37.61
      Required ratio:    0.00 (Cumulative area) 
      Partial area ratio:  116.65
      Required ratio: 3665.12 (Side area) 
      Cumulative area ratio:  195.23
      Required ratio:    0.00 (Cumulative side area) 

    Layer: via3
      Partial area ratio:    0.01
      Required ratio:  101.86 (Gate area) 
      Cumulative area ratio:    0.45
      Required ratio:    0.00 (Cumulative area) 

    Layer: met4
      Partial area ratio:   30.21
      Required ratio:    0.00 (Gate area) 
      Cumulative area ratio:   67.83
      Required ratio:    0.00 (Cumulative area) 
      Partial area ratio:  161.29
      Required ratio: 3665.12 (Side area) 
      Cumulative area ratio:  356.52
      Required ratio:    0.00 (Cumulative side area) 


  Pin:   _090105_/C (sky130_fd_sc_hd__or4_2)
    Layer: mcon
      Partial area ratio:    0.23
      Required ratio:    3.00 (Gate area) 
      Cumulative area ratio:    0.23
      Required ratio:    0.00 (Cumulative area) 

    Layer: met1
      Partial area ratio:    2.90
      Required ratio:    0.00 (Gate area) 
      Cumulative area ratio:    2.90
      Required ratio:    0.00 (Cumulative area) 
      Partial area ratio:   13.86
      Required ratio:  400.00 (Side area) 
      Cumulative area ratio:   13.86
      Required ratio:    0.00 (Cumulative side area) 

    Layer: via
      Partial area ratio:    0.18
      Required ratio:    6.00 (Gate area) 
      Cumulative area ratio:    0.41
      Required ratio:    0.00 (Cumulative area) 

    Layer: met2
      Partial area ratio:   16.40
      Required ratio:    0.00 (Gate area) 
      Cumulative area ratio:   19.29
      Required ratio:    0.00 (Cumulative area) 
      Partial area ratio:   80.64
      Required ratio:  400.00 (Side area) 
      Cumulative area ratio:   94.50
      Required ratio:    0.00 (Cumulative side area) 

    Layer: via2
      Partial area ratio:    0.32
      Required ratio:    6.00 (Gate area) 
      Cumulative area ratio:    0.73
      Required ratio:    0.00 (Cumulative area) 

    Layer: met3
      Partial area ratio:   21.75
      Required ratio:    0.00 (Gate area) 
      Cumulative area ratio:   41.04
      Required ratio:    0.00 (Cumulative area) 
      Partial area ratio:  116.65
      Required ratio: 3665.12 (Side area) 
      Cumulative area ratio:  211.15
      Required ratio:    0.00 (Cumulative side area) 

    Layer: via3
      Partial area ratio:    0.01
      Required ratio:  101.86 (Gate area) 
      Cumulative area ratio:    0.73
      Required ratio:    0.00 (Cumulative area) 

    Layer: met4
      Partial area ratio:   30.21
      Required ratio:    0.00 (Gate area) 
      Cumulative area ratio:   71.25
      Required ratio:    0.00 (Cumulative area) 
      Partial area ratio:  161.29
      Required ratio: 3665.12 (Side area) 
      Cumulative area ratio:  372.44
      Required ratio:    0.00 (Cumulative side area) 


  Pin:   _090689_/A0 (sky130_fd_sc_hd__mux2_1)
    Layer: li1
      Partial area ratio:    0.01
      Required ratio:    0.00 (Gate area) 
      Cumulative area ratio:    0.01
      Required ratio:    0.00 (Cumulative area) 
      Partial area ratio:    0.28
      Required ratio:   75.00 (Side area) 
      Cumulative area ratio:    0.28
      Required ratio:    0.00 (Cumulative side area) 

    Layer: mcon
      Partial area ratio:    0.23
      Required ratio:    3.00 (Gate area) 
      Cumulative area ratio:    0.23
      Required ratio:    0.00 (Cumulative area) 

    Layer: met1
      Partial area ratio:    0.66
      Required ratio:    0.00 (Gate area) 
      Cumulative area ratio:    0.67
      Required ratio:    0.00 (Cumulative area) 
      Partial area ratio:    3.22
      Required ratio:  400.00 (Side area) 
      Cumulative area ratio:    3.50
      Required ratio:    0.00 (Cumulative side area) 

    Layer: via
      Partial area ratio:    0.18
      Required ratio:    6.00 (Gate area) 
      Cumulative area ratio:    0.41
      Required ratio:    0.00 (Cumulative area) 

    Layer: met2
      Partial area ratio:   16.66
      Required ratio:    0.00 (Gate area) 
      Cumulative area ratio:   17.32
      Required ratio:    0.00 (Cumulative area) 
      Partial area ratio:   78.82
      Required ratio: 2969.60 (Side area) 
      Cumulative area ratio:   82.32
      Required ratio:    0.00 (Cumulative side area) 

    Layer: via2
      Partial area ratio:    0.24
      Required ratio:   39.26 (Gate area) 
      Cumulative area ratio:    0.64
      Required ratio:    0.00 (Cumulative area) 

    Layer: met3
      Partial area ratio:   21.75
      Required ratio:    0.00 (Gate area) 
      Cumulative area ratio:   39.07
      Required ratio:    0.00 (Cumulative area) 
      Partial area ratio:  116.65
      Required ratio: 3665.12 (Side area) 
      Cumulative area ratio:  198.97
      Required ratio:    0.00 (Cumulative side area) 

    Layer: via3
      Partial area ratio:    0.01
      Required ratio:  101.86 (Gate area) 
      Cumulative area ratio:    0.65
      Required ratio:    0.00 (Cumulative area) 

    Layer: met4
      Partial area ratio:   30.21
      Required ratio:    0.00 (Gate area) 
      Cumulative area ratio:   69.28
      Required ratio:    0.00 (Cumulative area) 
      Partial area ratio:  161.29
      Required ratio: 3665.12 (Side area) 
      Cumulative area ratio:  360.26
      Required ratio:    0.00 (Cumulative side area) 


  Pin:   wire1775/A (sky130_fd_sc_hd__buf_12)
    Layer: mcon
      Partial area ratio:    0.03
      Required ratio:    3.00 (Gate area) 
      Cumulative area ratio:    0.03
      Required ratio:    0.00 (Cumulative area) 

    Layer: met1
      Partial area ratio:    0.21
      Required ratio:    0.00 (Gate area) 
      Cumulative area ratio:    0.21
      Required ratio:    0.00 (Cumulative area) 
      Partial area ratio:    0.99
      Required ratio:  400.00 (Side area) 
      Cumulative area ratio:    0.99
      Required ratio:    0.00 (Cumulative side area) 

    Layer: via
      Partial area ratio:    0.02
      Required ratio:    6.00 (Gate area) 
      Cumulative area ratio:    0.05
      Required ratio:    0.00 (Cumulative area) 

    Layer: met2
      Partial area ratio:    2.04
      Required ratio:    0.00 (Gate area) 
      Cumulative area ratio:    2.25
      Required ratio:    0.00 (Cumulative area) 
      Partial area ratio:   10.02
      Required ratio:  400.00 (Side area) 
      Cumulative area ratio:   11.01
      Required ratio:    0.00 (Cumulative side area) 

    Layer: via2
      Partial area ratio:    0.04
      Required ratio:    6.00 (Gate area) 
      Cumulative area ratio:    0.09
      Required ratio:    0.00 (Cumulative area) 

    Layer: met3
      Partial area ratio:   82.82
      Required ratio:    0.00 (Gate area) 
      Cumulative area ratio:   85.08
      Required ratio:    0.00 (Cumulative area) 
      Partial area ratio:  442.67
      Required ratio:  400.00 (Side area) (VIOLATED)
      Cumulative area ratio:  453.68
      Required ratio:    0.00 (Cumulative side area) 

    Layer: via3
      Partial area ratio:    0.04
      Required ratio:    6.00 (Gate area) 
      Cumulative area ratio:    0.13
      Required ratio:    0.00 (Cumulative area) 

    Layer: met4
      Partial area ratio:   30.21
      Required ratio:    0.00 (Gate area) 
      Cumulative area ratio:  115.29
      Required ratio:    0.00 (Cumulative area) 
      Partial area ratio:  161.29
      Required ratio: 3665.12 (Side area) 
      Cumulative area ratio:  614.98
      Required ratio:    0.00 (Cumulative side area) 


  Pin:   load_slew1776/A (sky130_fd_sc_hd__buf_8)
    Layer: mcon
      Partial area ratio:    0.04
      Required ratio:    3.00 (Gate area) 
      Cumulative area ratio:    0.04
      Required ratio:    0.00 (Cumulative area) 

    Layer: met1
      Partial area ratio:    0.11
      Required ratio:    0.00 (Gate area) 
      Cumulative area ratio:    0.11
      Required ratio:    0.00 (Cumulative area) 
      Partial area ratio:    0.55
      Required ratio:  400.00 (Side area) 
      Cumulative area ratio:    0.55
      Required ratio:    0.00 (Cumulative side area) 

    Layer: via
      Partial area ratio:    0.03
      Required ratio:    6.00 (Gate area) 
      Cumulative area ratio:    0.07
      Required ratio:    0.00 (Cumulative area) 

    Layer: met2
      Partial area ratio:   15.20
      Required ratio:    0.00 (Gate area) 
      Cumulative area ratio:   15.31
      Required ratio:    0.00 (Cumulative area) 
      Partial area ratio:   75.08
      Required ratio: 2947.76 (Side area) 
      Cumulative area ratio:   75.62
      Required ratio:    0.00 (Cumulative side area) 

    Layer: via2
      Partial area ratio:    0.04
      Required ratio:   37.30 (Gate area) 
      Cumulative area ratio:    0.10
      Required ratio:    0.00 (Cumulative area) 

    Layer: met3
      Partial area ratio:   21.75
      Required ratio:    0.00 (Gate area) 
      Cumulative area ratio:   37.06
      Required ratio:    0.00 (Cumulative area) 
      Partial area ratio:  116.65
      Required ratio: 3665.12 (Side area) 
      Cumulative area ratio:  192.27
      Required ratio:    0.00 (Cumulative side area) 

    Layer: via3
      Partial area ratio:    0.01
      Required ratio:  101.86 (Gate area) 
      Cumulative area ratio:    0.11
      Required ratio:    0.00 (Cumulative area) 

    Layer: met4
      Partial area ratio:   30.21
      Required ratio:    0.00 (Gate area) 
      Cumulative area ratio:   67.27
      Required ratio:    0.00 (Cumulative area) 
      Partial area ratio:  161.29
      Required ratio: 3665.12 (Side area) 
      Cumulative area ratio:  353.57
      Required ratio:    0.00 (Cumulative side area) 


  Pin:   load_slew1777/A (sky130_fd_sc_hd__clkbuf_2)
    Layer: mcon
      Partial area ratio:    0.14
      Required ratio:    3.00 (Gate area) 
      Cumulative area ratio:    0.14
      Required ratio:    0.00 (Cumulative area) 

    Layer: met1
      Partial area ratio:   45.99
      Required ratio:    0.00 (Gate area) 
      Cumulative area ratio:   45.99
      Required ratio:    0.00 (Cumulative area) 
      Partial area ratio:  229.39
      Required ratio:  400.00 (Side area) 
      Cumulative area ratio:  229.39
      Required ratio:    0.00 (Cumulative side area) 

    Layer: via
      Partial area ratio:    0.21
      Required ratio:    6.00 (Gate area) 
      Cumulative area ratio:    0.35
      Required ratio:    0.00 (Cumulative area) 

    Layer: met2
      Partial area ratio:   16.66
      Required ratio:    0.00 (Gate area) 
      Cumulative area ratio:   62.64
      Required ratio:    0.00 (Cumulative area) 
      Partial area ratio:   78.82
      Required ratio: 2969.60 (Side area) 
      Cumulative area ratio:  308.21
      Required ratio:    0.00 (Cumulative side area) 

    Layer: via2
      Partial area ratio:    0.24
      Required ratio:   39.26 (Gate area) 
      Cumulative area ratio:    0.58
      Required ratio:    0.00 (Cumulative area) 

    Layer: met3
      Partial area ratio:   21.75
      Required ratio:    0.00 (Gate area) 
      Cumulative area ratio:   84.39
      Required ratio:    0.00 (Cumulative area) 
      Partial area ratio:  116.65
      Required ratio: 3665.12 (Side area) 
      Cumulative area ratio:  424.86
      Required ratio:    0.00 (Cumulative side area) 

    Layer: via3
      Partial area ratio:    0.01
      Required ratio:  101.86 (Gate area) 
      Cumulative area ratio:    0.59
      Required ratio:    0.00 (Cumulative area) 

    Layer: met4
      Partial area ratio:   30.21
      Required ratio:    0.00 (Gate area) 
      Cumulative area ratio:  114.60
      Required ratio:    0.00 (Cumulative area) 
      Partial area ratio:  161.29
      Required ratio: 3665.12 (Side area) 
      Cumulative area ratio:  586.15
      Required ratio:    0.00 (Cumulative side area) 


  Pin:   wire1780/A (sky130_fd_sc_hd__buf_12)
    Layer: mcon
      Partial area ratio:    0.03
      Required ratio:    3.00 (Gate area) 
      Cumulative area ratio:    0.03
      Required ratio:    0.00 (Cumulative area) 

    Layer: met1
      Partial area ratio:    8.74
      Required ratio:    0.00 (Gate area) 
      Cumulative area ratio:    8.74
      Required ratio:    0.00 (Cumulative area) 
      Partial area ratio:   43.61
      Required ratio:  400.00 (Side area) 
      Cumulative area ratio:   43.61
      Required ratio:    0.00 (Cumulative side area) 

    Layer: via
      Partial area ratio:    0.02
      Required ratio:    6.00 (Gate area) 
      Cumulative area ratio:    0.05
      Required ratio:    0.00 (Cumulative area) 

    Layer: met2
      Partial area ratio:    1.00
      Required ratio:    0.00 (Gate area) 
      Cumulative area ratio:    9.74
      Required ratio:    0.00 (Cumulative area) 
      Partial area ratio:    4.84
      Required ratio:  400.00 (Side area) 
      Cumulative area ratio:   48.45
      Required ratio:    0.00 (Cumulative side area) 

    Layer: via2
      Partial area ratio:    0.04
      Required ratio:    6.00 (Gate area) 
      Cumulative area ratio:    0.09
      Required ratio:    0.00 (Cumulative area) 

    Layer: met3
      Partial area ratio:   21.75
      Required ratio:    0.00 (Gate area) 
      Cumulative area ratio:   31.49
      Required ratio:    0.00 (Cumulative area) 
      Partial area ratio:  116.65
      Required ratio: 3665.12 (Side area) 
      Cumulative area ratio:  165.10
      Required ratio:    0.00 (Cumulative side area) 

    Layer: via3
      Partial area ratio:    0.01
      Required ratio:  101.86 (Gate area) 
      Cumulative area ratio:    0.10
      Required ratio:    0.00 (Cumulative area) 

    Layer: met4
      Partial area ratio:   30.21
      Required ratio:    0.00 (Gate area) 
      Cumulative area ratio:   61.70
      Required ratio:    0.00 (Cumulative area) 
      Partial area ratio:  161.29
      Required ratio: 3665.12 (Side area) 
      Cumulative area ratio:  326.39
      Required ratio:    0.00 (Cumulative side area) 


  Pin:   ANTENNA_777/DIODE (sky130_fd_sc_hd__diode_2)
    Layer: mcon
      Partial area ratio:    0.07
      Required ratio:   10.82 (Gate area) 
      Cumulative area ratio:    0.07
      Required ratio:    0.00 (Cumulative area) 

    Layer: met1
      Partial area ratio:    0.77
      Required ratio:    0.00 (Gate area) 
      Cumulative area ratio:    0.77
      Required ratio:    0.00 (Cumulative area) 
      Partial area ratio:    3.78
      Required ratio: 2773.88 (Side area) 
      Cumulative area ratio:    3.78
      Required ratio:    0.00 (Cumulative side area) 

    Layer: via
      Partial area ratio:    0.04
      Required ratio:   21.65 (Gate area) 
      Cumulative area ratio:    0.11
      Required ratio:    0.00 (Cumulative area) 

    Layer: met2
      Partial area ratio:    0.97
      Required ratio:    0.00 (Gate area) 
      Cumulative area ratio:    1.74
      Required ratio:    0.00 (Cumulative area) 
      Partial area ratio:    4.54
      Required ratio: 2773.88 (Side area) 
      Cumulative area ratio:    8.32
      Required ratio:    0.00 (Cumulative side area) 

    Layer: via2
      Partial area ratio:    0.07
      Required ratio:   21.65 (Gate area) 
      Cumulative area ratio:    0.18
      Required ratio:    0.00 (Cumulative area) 

    Layer: met3
      Partial area ratio:   21.75
      Required ratio:    0.00 (Gate area) 
      Cumulative area ratio:   23.49
      Required ratio:    0.00 (Cumulative area) 
      Partial area ratio:  116.65
      Required ratio: 3665.12 (Side area) 
      Cumulative area ratio:  124.97
      Required ratio:    0.00 (Cumulative side area) 

    Layer: via3
      Partial area ratio:    0.01
      Required ratio:  101.86 (Gate area) 
      Cumulative area ratio:    0.19
      Required ratio:    0.00 (Cumulative area) 

    Layer: met4
      Partial area ratio:   30.21
      Required ratio:    0.00 (Gate area) 
      Cumulative area ratio:   53.70
      Required ratio:    0.00 (Cumulative area) 
      Partial area ratio:  161.29
      Required ratio: 3665.12 (Side area) 
      Cumulative area ratio:  286.26
      Required ratio:    0.00 (Cumulative side area) 


  Pin:   ANTENNA_2432/DIODE (sky130_fd_sc_hd__diode_2)
    Layer: mcon
      Partial area ratio:    0.07
      Required ratio:   10.82 (Gate area) 
      Cumulative area ratio:    0.07
      Required ratio:    0.00 (Cumulative area) 

    Layer: met1
      Partial area ratio:   16.27
      Required ratio:    0.00 (Gate area) 
      Cumulative area ratio:   16.27
      Required ratio:    0.00 (Cumulative area) 
      Partial area ratio:   80.88
      Required ratio: 2773.88 (Side area) 
      Cumulative area ratio:   80.88
      Required ratio:    0.00 (Cumulative side area) 

    Layer: via
      Partial area ratio:    0.08
      Required ratio:   21.65 (Gate area) 
      Cumulative area ratio:    0.15
      Required ratio:    0.00 (Cumulative area) 

    Layer: met2
      Partial area ratio:   19.38
      Required ratio:    0.00 (Gate area) 
      Cumulative area ratio:   35.65
      Required ratio:    0.00 (Cumulative area) 
      Partial area ratio:   96.29
      Required ratio: 2773.88 (Side area) 
      Cumulative area ratio:  177.17
      Required ratio:    0.00 (Cumulative side area) 

    Layer: via2
      Partial area ratio:    0.14
      Required ratio:   21.65 (Gate area) 
      Cumulative area ratio:    0.29
      Required ratio:    0.00 (Cumulative area) 

    Layer: met3
      Partial area ratio:   21.75
      Required ratio:    0.00 (Gate area) 
      Cumulative area ratio:   57.39
      Required ratio:    0.00 (Cumulative area) 
      Partial area ratio:  116.65
      Required ratio: 3665.12 (Side area) 
      Cumulative area ratio:  293.82
      Required ratio:    0.00 (Cumulative side area) 

    Layer: via3
      Partial area ratio:    0.01
      Required ratio:  101.86 (Gate area) 
      Cumulative area ratio:    0.30
      Required ratio:    0.00 (Cumulative area) 

    Layer: met4
      Partial area ratio:   30.21
      Required ratio:    0.00 (Gate area) 
      Cumulative area ratio:   87.61
      Required ratio:    0.00 (Cumulative area) 
      Partial area ratio:  161.29
      Required ratio: 3665.12 (Side area) 
      Cumulative area ratio:  455.11
      Required ratio:    0.00 (Cumulative side area) 


  Pin:   ANTENNA_2433/DIODE (sky130_fd_sc_hd__diode_2)
    Layer: mcon
      Partial area ratio:    0.13
      Required ratio:   10.82 (Gate area) 
      Cumulative area ratio:    0.13
      Required ratio:    0.00 (Cumulative area) 

    Layer: met1
      Partial area ratio:    4.79
      Required ratio:    0.00 (Gate area) 
      Cumulative area ratio:    4.79
      Required ratio:    0.00 (Cumulative area) 
      Partial area ratio:   23.59
      Required ratio: 2773.88 (Side area) 
      Cumulative area ratio:   23.59
      Required ratio:    0.00 (Cumulative side area) 

    Layer: via
      Partial area ratio:    0.10
      Required ratio:   21.65 (Gate area) 
      Cumulative area ratio:    0.24
      Required ratio:    0.00 (Cumulative area) 

    Layer: met2
      Partial area ratio:   15.20
      Required ratio:    0.00 (Gate area) 
      Cumulative area ratio:   19.99
      Required ratio:    0.00 (Cumulative area) 
      Partial area ratio:   75.08
      Required ratio: 2947.76 (Side area) 
      Cumulative area ratio:   98.67
      Required ratio:    0.00 (Cumulative side area) 

    Layer: via2
      Partial area ratio:    0.04
      Required ratio:   37.30 (Gate area) 
      Cumulative area ratio:    0.27
      Required ratio:    0.00 (Cumulative area) 

    Layer: met3
      Partial area ratio:   21.75
      Required ratio:    0.00 (Gate area) 
      Cumulative area ratio:   41.74
      Required ratio:    0.00 (Cumulative area) 
      Partial area ratio:  116.65
      Required ratio: 3665.12 (Side area) 
      Cumulative area ratio:  215.32
      Required ratio:    0.00 (Cumulative side area) 

    Layer: via3
      Partial area ratio:    0.01
      Required ratio:  101.86 (Gate area) 
      Cumulative area ratio:    0.28
      Required ratio:    0.00 (Cumulative area) 

    Layer: met4
      Partial area ratio:   30.21
      Required ratio:    0.00 (Gate area) 
      Cumulative area ratio:   71.95
      Required ratio:    0.00 (Cumulative area) 
      Partial area ratio:  161.29
      Required ratio: 3665.12 (Side area) 
      Cumulative area ratio:  376.61
      Required ratio:    0.00 (Cumulative side area) 


  Pin:   ANTENNA_2912/DIODE (sky130_fd_sc_hd__diode_2)
    Layer: mcon
      Partial area ratio:    0.07
      Required ratio:   10.82 (Gate area) 
      Cumulative area ratio:    0.07
      Required ratio:    0.00 (Cumulative area) 

    Layer: met1
      Partial area ratio:    0.39
      Required ratio:    0.00 (Gate area) 
      Cumulative area ratio:    0.39
      Required ratio:    0.00 (Cumulative area) 
      Partial area ratio:    1.80
      Required ratio: 2773.88 (Side area) 
      Cumulative area ratio:    1.80
      Required ratio:    0.00 (Cumulative side area) 

    Layer: via
      Partial area ratio:    0.05
      Required ratio:   21.65 (Gate area) 
      Cumulative area ratio:    0.12
      Required ratio:    0.00 (Cumulative area) 

    Layer: met2
      Partial area ratio:   15.20
      Required ratio:    0.00 (Gate area) 
      Cumulative area ratio:   15.59
      Required ratio:    0.00 (Cumulative area) 
      Partial area ratio:   75.08
      Required ratio: 2947.76 (Side area) 
      Cumulative area ratio:   76.87
      Required ratio:    0.00 (Cumulative side area) 

    Layer: via2
      Partial area ratio:    0.04
      Required ratio:   37.30 (Gate area) 
      Cumulative area ratio:    0.15
      Required ratio:    0.00 (Cumulative area) 

    Layer: met3
      Partial area ratio:   21.75
      Required ratio:    0.00 (Gate area) 
      Cumulative area ratio:   37.34
      Required ratio:    0.00 (Cumulative area) 
      Partial area ratio:  116.65
      Required ratio: 3665.12 (Side area) 
      Cumulative area ratio:  193.52
      Required ratio:    0.00 (Cumulative side area) 

    Layer: via3
      Partial area ratio:    0.01
      Required ratio:  101.86 (Gate area) 
      Cumulative area ratio:    0.16
      Required ratio:    0.00 (Cumulative area) 

    Layer: met4
      Partial area ratio:   30.21
      Required ratio:    0.00 (Gate area) 
      Cumulative area ratio:   67.55
      Required ratio:    0.00 (Cumulative area) 
      Partial area ratio:  161.29
      Required ratio: 3665.12 (Side area) 
      Cumulative area ratio:  354.81
      Required ratio:    0.00 (Cumulative side area) 



Net: iram_s_wdata\[3\]
  Pin:   _065520_/A1 (sky130_fd_sc_hd__mux2_1)
    Layer: mcon
      Partial area ratio:    0.23
      Required ratio:    3.00 (Gate area) 
      Cumulative area ratio:    0.23
      Required ratio:    0.00 (Cumulative area) 

    Layer: met1
      Partial area ratio:    0.66
      Required ratio:    0.00 (Gate area) 
      Cumulative area ratio:    0.66
      Required ratio:    0.00 (Cumulative area) 
      Partial area ratio:    3.22
      Required ratio:  400.00 (Side area) 
      Cumulative area ratio:    3.22
      Required ratio:    0.00 (Cumulative side area) 

    Layer: via
      Partial area ratio:    0.18
      Required ratio:    6.00 (Gate area) 
      Cumulative area ratio:    0.41
      Required ratio:    0.00 (Cumulative area) 

    Layer: met2
      Partial area ratio:    1.65
      Required ratio:    0.00 (Gate area) 
      Cumulative area ratio:    2.31
      Required ratio:    0.00 (Cumulative area) 
      Partial area ratio:    7.67
      Required ratio: 2947.76 (Side area) 
      Cumulative area ratio:   10.89
      Required ratio:    0.00 (Cumulative side area) 

    Layer: via2
      Partial area ratio:    0.07
      Required ratio:   37.30 (Gate area) 
      Cumulative area ratio:    0.48
      Required ratio:    0.00 (Cumulative area) 

    Layer: met3
      Partial area ratio:   84.86
      Required ratio:    0.00 (Gate area) 
      Cumulative area ratio:   87.17
      Required ratio:    0.00 (Cumulative area) 
      Partial area ratio:  453.35
      Required ratio: 3295.52 (Side area) 
      Cumulative area ratio:  464.25
      Required ratio:    0.00 (Cumulative side area) 

    Layer: via3
      Partial area ratio:    0.02
      Required ratio:   68.60 (Gate area) 
      Cumulative area ratio:    0.50
      Required ratio:    0.00 (Cumulative area) 

    Layer: met4
      Partial area ratio:   32.42
      Required ratio:    0.00 (Gate area) 
      Cumulative area ratio:  119.59
      Required ratio:    0.00 (Cumulative area) 
      Partial area ratio:  173.00
      Required ratio: 3665.12 (Side area) 
      Cumulative area ratio:  637.24
      Required ratio:    0.00 (Cumulative side area) 


  Pin:   _065558_/A1 (sky130_fd_sc_hd__mux2_1)
    Layer: mcon
      Partial area ratio:    0.23
      Required ratio:    3.00 (Gate area) 
      Cumulative area ratio:    0.23
      Required ratio:    0.00 (Cumulative area) 

    Layer: met1
      Partial area ratio:    1.03
      Required ratio:    0.00 (Gate area) 
      Cumulative area ratio:    1.03
      Required ratio:    0.00 (Cumulative area) 
      Partial area ratio:    4.99
      Required ratio: 2773.88 (Side area) 
      Cumulative area ratio:    4.99
      Required ratio:    0.00 (Cumulative side area) 

    Layer: via
      Partial area ratio:    0.08
      Required ratio:   21.65 (Gate area) 
      Cumulative area ratio:    0.31
      Required ratio:    0.00 (Cumulative area) 

    Layer: met2
      Partial area ratio:    1.65
      Required ratio:    0.00 (Gate area) 
      Cumulative area ratio:    2.68
      Required ratio:    0.00 (Cumulative area) 
      Partial area ratio:    7.67
      Required ratio: 2947.76 (Side area) 
      Cumulative area ratio:   12.66
      Required ratio:    0.00 (Cumulative side area) 

    Layer: via2
      Partial area ratio:    0.07
      Required ratio:   37.30 (Gate area) 
      Cumulative area ratio:    0.38
      Required ratio:    0.00 (Cumulative area) 

    Layer: met3
      Partial area ratio:   84.86
      Required ratio:    0.00 (Gate area) 
      Cumulative area ratio:   87.54
      Required ratio:    0.00 (Cumulative area) 
      Partial area ratio:  453.35
      Required ratio: 3295.52 (Side area) 
      Cumulative area ratio:  466.01
      Required ratio:    0.00 (Cumulative side area) 

    Layer: via3
      Partial area ratio:    0.02
      Required ratio:   68.60 (Gate area) 
      Cumulative area ratio:    0.40
      Required ratio:    0.00 (Cumulative area) 

    Layer: met4
      Partial area ratio:   32.42
      Required ratio:    0.00 (Gate area) 
      Cumulative area ratio:  119.96
      Required ratio:    0.00 (Cumulative area) 
      Partial area ratio:  173.00
      Required ratio: 3665.12 (Side area) 
      Cumulative area ratio:  639.01
      Required ratio:    0.00 (Cumulative side area) 


  Pin:   _090667_/A0 (sky130_fd_sc_hd__mux2_1)
    Layer: li1
      Partial area ratio:    0.01
      Required ratio:    0.00 (Gate area) 
      Cumulative area ratio:    0.01
      Required ratio:    0.00 (Cumulative area) 
      Partial area ratio:    0.28
      Required ratio:   75.00 (Side area) 
      Cumulative area ratio:    0.28
      Required ratio:    0.00 (Cumulative side area) 

    Layer: mcon
      Partial area ratio:    0.23
      Required ratio:    3.00 (Gate area) 
      Cumulative area ratio:    0.23
      Required ratio:    0.00 (Cumulative area) 

    Layer: met1
      Partial area ratio:    2.38
      Required ratio:    0.00 (Gate area) 
      Cumulative area ratio:    2.39
      Required ratio:    0.00 (Cumulative area) 
      Partial area ratio:   11.31
      Required ratio:  400.00 (Side area) 
      Cumulative area ratio:   11.58
      Required ratio:    0.00 (Cumulative side area) 

    Layer: via
      Partial area ratio:    0.18
      Required ratio:    6.00 (Gate area) 
      Cumulative area ratio:    0.41
      Required ratio:    0.00 (Cumulative area) 

    Layer: met2
      Partial area ratio:    0.75
      Required ratio:    0.00 (Gate area) 
      Cumulative area ratio:    3.14
      Required ratio:    0.00 (Cumulative area) 
      Partial area ratio:    3.52
      Required ratio: 2969.60 (Side area) 
      Cumulative area ratio:   15.10
      Required ratio:    0.00 (Cumulative side area) 

    Layer: via2
      Partial area ratio:    0.02
      Required ratio:   39.26 (Gate area) 
      Cumulative area ratio:    0.43
      Required ratio:    0.00 (Cumulative area) 

    Layer: met3
      Partial area ratio:   38.43
      Required ratio:    0.00 (Gate area) 
      Cumulative area ratio:   41.58
      Required ratio:    0.00 (Cumulative area) 
      Partial area ratio:  205.15
      Required ratio: 2969.60 (Side area) 
      Cumulative area ratio:  220.25
      Required ratio:    0.00 (Cumulative side area) 

    Layer: via3
      Partial area ratio:    0.02
      Required ratio:   39.26 (Gate area) 
      Cumulative area ratio:    0.45
      Required ratio:    0.00 (Cumulative area) 

    Layer: met4
      Partial area ratio:   32.42
      Required ratio:    0.00 (Gate area) 
      Cumulative area ratio:   74.00
      Required ratio:    0.00 (Cumulative area) 
      Partial area ratio:  173.00
      Required ratio: 3665.12 (Side area) 
      Cumulative area ratio:  393.24
      Required ratio:    0.00 (Cumulative side area) 


  Pin:   _091316_/A0 (sky130_fd_sc_hd__mux2_1)
    Layer: li1
      Partial area ratio:    0.01
      Required ratio:    0.00 (Gate area) 
      Cumulative area ratio:    0.01
      Required ratio:    0.00 (Cumulative area) 
      Partial area ratio:    0.28
      Required ratio:   75.00 (Side area) 
      Cumulative area ratio:    0.28
      Required ratio:    0.00 (Cumulative side area) 

    Layer: mcon
      Partial area ratio:    0.23
      Required ratio:    3.00 (Gate area) 
      Cumulative area ratio:    0.23
      Required ratio:    0.00 (Cumulative area) 

    Layer: met1
      Partial area ratio:    1.36
      Required ratio:    0.00 (Gate area) 
      Cumulative area ratio:    1.37
      Required ratio:    0.00 (Cumulative area) 
      Partial area ratio:    6.19
      Required ratio:  400.00 (Side area) 
      Cumulative area ratio:    6.47
      Required ratio:    0.00 (Cumulative side area) 

    Layer: via
      Partial area ratio:    0.18
      Required ratio:    6.00 (Gate area) 
      Cumulative area ratio:    0.41
      Required ratio:    0.00 (Cumulative area) 

    Layer: met2
      Partial area ratio:  607.24
      Required ratio:    0.00 (Gate area) 
      Cumulative area ratio:  608.61
      Required ratio:    0.00 (Cumulative area) 
      Partial area ratio: 3031.08
      Required ratio:  400.00 (Side area) (VIOLATED)
      Cumulative area ratio: 3037.56
      Required ratio:    0.00 (Cumulative side area) 

    Layer: via2
      Partial area ratio:    0.32
      Required ratio:    6.00 (Gate area) 
      Cumulative area ratio:    0.73
      Required ratio:    0.00 (Cumulative area) 

    Layer: met3
      Partial area ratio:   84.86
      Required ratio:    0.00 (Gate area) 
      Cumulative area ratio:  693.47
      Required ratio:    0.00 (Cumulative area) 
      Partial area ratio:  453.35
      Required ratio: 3295.52 (Side area) 
      Cumulative area ratio: 3490.91
      Required ratio:    0.00 (Cumulative side area) 

    Layer: via3
      Partial area ratio:    0.02
      Required ratio:   68.60 (Gate area) 
      Cumulative area ratio:    0.74
      Required ratio:    0.00 (Cumulative area) 

    Layer: met4
      Partial area ratio:   32.42
      Required ratio:    0.00 (Gate area) 
      Cumulative area ratio:  725.88
      Required ratio:    0.00 (Cumulative area) 
      Partial area ratio:  173.00
      Required ratio: 3665.12 (Side area) 
      Cumulative area ratio: 3663.90
      Required ratio:    0.00 (Cumulative side area) 


  Pin:   _113102_/A0 (sky130_fd_sc_hd__mux2_1)
    Layer: li1
      Partial area ratio:    0.01
      Required ratio:    0.00 (Gate area) 
      Cumulative area ratio:    0.01
      Required ratio:    0.00 (Cumulative area) 
      Partial area ratio:    0.28
      Required ratio:   75.00 (Side area) 
      Cumulative area ratio:    0.28
      Required ratio:    0.00 (Cumulative side area) 

    Layer: mcon
      Partial area ratio:    0.23
      Required ratio:    3.00 (Gate area) 
      Cumulative area ratio:    0.23
      Required ratio:    0.00 (Cumulative area) 

    Layer: met1
      Partial area ratio:    5.77
      Required ratio:    0.00 (Gate area) 
      Cumulative area ratio:    5.78
      Required ratio:    0.00 (Cumulative area) 
      Partial area ratio:   27.39
      Required ratio:  400.00 (Side area) 
      Cumulative area ratio:   27.67
      Required ratio:    0.00 (Cumulative side area) 

    Layer: via
      Partial area ratio:    0.36
      Required ratio:    6.00 (Gate area) 
      Cumulative area ratio:    0.59
      Required ratio:    0.00 (Cumulative area) 

    Layer: met2
      Partial area ratio:   14.92
      Required ratio:    0.00 (Gate area) 
      Cumulative area ratio:   20.70
      Required ratio:    0.00 (Cumulative area) 
      Partial area ratio:   73.82
      Required ratio: 2947.76 (Side area) 
      Cumulative area ratio:  101.48
      Required ratio:    0.00 (Cumulative side area) 

    Layer: via2
      Partial area ratio:    0.07
      Required ratio:   37.30 (Gate area) 
      Cumulative area ratio:    0.65
      Required ratio:    0.00 (Cumulative area) 

    Layer: met3
      Partial area ratio:   84.86
      Required ratio:    0.00 (Gate area) 
      Cumulative area ratio:  105.55
      Required ratio:    0.00 (Cumulative area) 
      Partial area ratio:  453.35
      Required ratio: 3295.52 (Side area) 
      Cumulative area ratio:  554.84
      Required ratio:    0.00 (Cumulative side area) 

    Layer: via3
      Partial area ratio:    0.02
      Required ratio:   68.60 (Gate area) 
      Cumulative area ratio:    0.67
      Required ratio:    0.00 (Cumulative area) 

    Layer: met4
      Partial area ratio:   32.42
      Required ratio:    0.00 (Gate area) 
      Cumulative area ratio:  137.97
      Required ratio:    0.00 (Cumulative area) 
      Partial area ratio:  173.00
      Required ratio: 3665.12 (Side area) 
      Cumulative area ratio:  727.83
      Required ratio:    0.00 (Cumulative side area) 


  Pin:   load_slew1930/A (sky130_fd_sc_hd__buf_1)
    Layer: mcon
      Partial area ratio:    0.15
      Required ratio:    3.00 (Gate area) 
      Cumulative area ratio:    0.15
      Required ratio:    0.00 (Cumulative area) 

    Layer: met1
      Partial area ratio:    0.42
      Required ratio:    0.00 (Gate area) 
      Cumulative area ratio:    0.42
      Required ratio:    0.00 (Cumulative area) 
      Partial area ratio:    2.07
      Required ratio:  400.00 (Side area) 
      Cumulative area ratio:    2.07
      Required ratio:    0.00 (Cumulative side area) 

    Layer: via
      Partial area ratio:    0.11
      Required ratio:    6.00 (Gate area) 
      Cumulative area ratio:    0.26
      Required ratio:    0.00 (Cumulative area) 

    Layer: met2
      Partial area ratio:   14.92
      Required ratio:    0.00 (Gate area) 
      Cumulative area ratio:   15.34
      Required ratio:    0.00 (Cumulative area) 
      Partial area ratio:   73.82
      Required ratio: 2947.76 (Side area) 
      Cumulative area ratio:   75.88
      Required ratio:    0.00 (Cumulative side area) 

    Layer: via2
      Partial area ratio:    0.07
      Required ratio:   37.30 (Gate area) 
      Cumulative area ratio:    0.33
      Required ratio:    0.00 (Cumulative area) 

    Layer: met3
      Partial area ratio:   84.86
      Required ratio:    0.00 (Gate area) 
      Cumulative area ratio:  100.20
      Required ratio:    0.00 (Cumulative area) 
      Partial area ratio:  453.35
      Required ratio: 3295.52 (Side area) 
      Cumulative area ratio:  529.24
      Required ratio:    0.00 (Cumulative side area) 

    Layer: via3
      Partial area ratio:    0.02
      Required ratio:   68.60 (Gate area) 
      Cumulative area ratio:    0.35
      Required ratio:    0.00 (Cumulative area) 

    Layer: met4
      Partial area ratio:   32.42
      Required ratio:    0.00 (Gate area) 
      Cumulative area ratio:  132.62
      Required ratio:    0.00 (Cumulative area) 
      Partial area ratio:  173.00
      Required ratio: 3665.12 (Side area) 
      Cumulative area ratio:  702.23
      Required ratio:    0.00 (Cumulative side area) 


  Pin:   max_cap1932/A (sky130_fd_sc_hd__buf_12)
    Layer: mcon
      Partial area ratio:    0.03
      Required ratio:    3.00 (Gate area) 
      Cumulative area ratio:    0.03
      Required ratio:    0.00 (Cumulative area) 

    Layer: met1
      Partial area ratio:    0.49
      Required ratio:    0.00 (Gate area) 
      Cumulative area ratio:    0.49
      Required ratio:    0.00 (Cumulative area) 
      Partial area ratio:    2.39
      Required ratio:  400.00 (Side area) 
      Cumulative area ratio:    2.39
      Required ratio:    0.00 (Cumulative side area) 

    Layer: via
      Partial area ratio:    0.02
      Required ratio:    6.00 (Gate area) 
      Cumulative area ratio:    0.04
      Required ratio:    0.00 (Cumulative area) 

    Layer: met2
      Partial area ratio:    0.75
      Required ratio:    0.00 (Gate area) 
      Cumulative area ratio:    1.24
      Required ratio:    0.00 (Cumulative area) 
      Partial area ratio:    3.52
      Required ratio: 2969.60 (Side area) 
      Cumulative area ratio:    5.91
      Required ratio:    0.00 (Cumulative side area) 

    Layer: via2
      Partial area ratio:    0.02
      Required ratio:   39.26 (Gate area) 
      Cumulative area ratio:    0.07
      Required ratio:    0.00 (Cumulative area) 

    Layer: met3
      Partial area ratio:   38.43
      Required ratio:    0.00 (Gate area) 
      Cumulative area ratio:   39.67
      Required ratio:    0.00 (Cumulative area) 
      Partial area ratio:  205.15
      Required ratio: 2969.60 (Side area) 
      Cumulative area ratio:  211.06
      Required ratio:    0.00 (Cumulative side area) 

    Layer: via3
      Partial area ratio:    0.02
      Required ratio:   39.26 (Gate area) 
      Cumulative area ratio:    0.08
      Required ratio:    0.00 (Cumulative area) 

    Layer: met4
      Partial area ratio:   32.42
      Required ratio:    0.00 (Gate area) 
      Cumulative area ratio:   72.09
      Required ratio:    0.00 (Cumulative area) 
      Partial area ratio:  173.00
      Required ratio: 3665.12 (Side area) 
      Cumulative area ratio:  384.05
      Required ratio:    0.00 (Cumulative side area) 


  Pin:   load_slew1933/A (sky130_fd_sc_hd__buf_6)
    Layer: mcon
      Partial area ratio:    0.06
      Required ratio:    3.00 (Gate area) 
      Cumulative area ratio:    0.06
      Required ratio:    0.00 (Cumulative area) 

    Layer: met1
      Partial area ratio:    0.49
      Required ratio:    0.00 (Gate area) 
      Cumulative area ratio:    0.49
      Required ratio:    0.00 (Cumulative area) 
      Partial area ratio:    2.39
      Required ratio:  400.00 (Side area) 
      Cumulative area ratio:    2.39
      Required ratio:    0.00 (Cumulative side area) 

    Layer: via
      Partial area ratio:    0.02
      Required ratio:    6.00 (Gate area) 
      Cumulative area ratio:    0.07
      Required ratio:    0.00 (Cumulative area) 

    Layer: met2
      Partial area ratio:    0.75
      Required ratio:    0.00 (Gate area) 
      Cumulative area ratio:    1.24
      Required ratio:    0.00 (Cumulative area) 
      Partial area ratio:    3.52
      Required ratio: 2969.60 (Side area) 
      Cumulative area ratio:    5.91
      Required ratio:    0.00 (Cumulative side area) 

    Layer: via2
      Partial area ratio:    0.02
      Required ratio:   39.26 (Gate area) 
      Cumulative area ratio:    0.10
      Required ratio:    0.00 (Cumulative area) 

    Layer: met3
      Partial area ratio:   38.43
      Required ratio:    0.00 (Gate area) 
      Cumulative area ratio:   39.67
      Required ratio:    0.00 (Cumulative area) 
      Partial area ratio:  205.15
      Required ratio: 2969.60 (Side area) 
      Cumulative area ratio:  211.06
      Required ratio:    0.00 (Cumulative side area) 

    Layer: via3
      Partial area ratio:    0.02
      Required ratio:   39.26 (Gate area) 
      Cumulative area ratio:    0.11
      Required ratio:    0.00 (Cumulative area) 

    Layer: met4
      Partial area ratio:   32.42
      Required ratio:    0.00 (Gate area) 
      Cumulative area ratio:   72.09
      Required ratio:    0.00 (Cumulative area) 
      Partial area ratio:  173.00
      Required ratio: 3665.12 (Side area) 
      Cumulative area ratio:  384.05
      Required ratio:    0.00 (Cumulative side area) 


  Pin:   wire1936/A (sky130_fd_sc_hd__buf_12)
    Layer: mcon
      Partial area ratio:    0.03
      Required ratio:    3.00 (Gate area) 
      Cumulative area ratio:    0.03
      Required ratio:    0.00 (Cumulative area) 

    Layer: met1
      Partial area ratio:    8.28
      Required ratio:    0.00 (Gate area) 
      Cumulative area ratio:    8.28
      Required ratio:    0.00 (Cumulative area) 
      Partial area ratio:   41.35
      Required ratio:  400.00 (Side area) 
      Cumulative area ratio:   41.35
      Required ratio:    0.00 (Cumulative side area) 

    Layer: via
      Partial area ratio:    0.02
      Required ratio:    6.00 (Gate area) 
      Cumulative area ratio:    0.05
      Required ratio:    0.00 (Cumulative area) 

    Layer: met2
      Partial area ratio:    0.84
      Required ratio:    0.00 (Gate area) 
      Cumulative area ratio:    9.12
      Required ratio:    0.00 (Cumulative area) 
      Partial area ratio:    4.01
      Required ratio:  400.00 (Side area) 
      Cumulative area ratio:   45.36
      Required ratio:    0.00 (Cumulative side area) 

    Layer: via2
      Partial area ratio:    0.04
      Required ratio:    6.00 (Gate area) 
      Cumulative area ratio:    0.09
      Required ratio:    0.00 (Cumulative area) 

    Layer: met3
      Partial area ratio:   38.43
      Required ratio:    0.00 (Gate area) 
      Cumulative area ratio:   47.55
      Required ratio:    0.00 (Cumulative area) 
      Partial area ratio:  205.15
      Required ratio: 2969.60 (Side area) 
      Cumulative area ratio:  250.50
      Required ratio:    0.00 (Cumulative side area) 

    Layer: via3
      Partial area ratio:    0.02
      Required ratio:   39.26 (Gate area) 
      Cumulative area ratio:    0.11
      Required ratio:    0.00 (Cumulative area) 

    Layer: met4
      Partial area ratio:   32.42
      Required ratio:    0.00 (Gate area) 
      Cumulative area ratio:   79.97
      Required ratio:    0.00 (Cumulative area) 
      Partial area ratio:  173.00
      Required ratio: 3665.12 (Side area) 
      Cumulative area ratio:  423.50
      Required ratio:    0.00 (Cumulative side area) 


  Pin:   ANTENNA_2916/DIODE (sky130_fd_sc_hd__diode_2)
    Layer: mcon
      Partial area ratio:    0.07
      Required ratio:   10.82 (Gate area) 
      Cumulative area ratio:    0.07
      Required ratio:    0.00 (Cumulative area) 

    Layer: met1
      Partial area ratio:    1.52
      Required ratio:    0.00 (Gate area) 
      Cumulative area ratio:    1.52
      Required ratio:    0.00 (Cumulative area) 
      Partial area ratio:    7.20
      Required ratio: 2773.88 (Side area) 
      Cumulative area ratio:    7.20
      Required ratio:    0.00 (Cumulative side area) 

    Layer: via
      Partial area ratio:    0.10
      Required ratio:   21.65 (Gate area) 
      Cumulative area ratio:    0.17
      Required ratio:    0.00 (Cumulative area) 

    Layer: met2
      Partial area ratio:    1.65
      Required ratio:    0.00 (Gate area) 
      Cumulative area ratio:    3.17
      Required ratio:    0.00 (Cumulative area) 
      Partial area ratio:    7.67
      Required ratio: 2947.76 (Side area) 
      Cumulative area ratio:   14.87
      Required ratio:    0.00 (Cumulative side area) 

    Layer: via2
      Partial area ratio:    0.07
      Required ratio:   37.30 (Gate area) 
      Cumulative area ratio:    0.24
      Required ratio:    0.00 (Cumulative area) 

    Layer: met3
      Partial area ratio:   84.86
      Required ratio:    0.00 (Gate area) 
      Cumulative area ratio:   88.03
      Required ratio:    0.00 (Cumulative area) 
      Partial area ratio:  453.35
      Required ratio: 3295.52 (Side area) 
      Cumulative area ratio:  468.22
      Required ratio:    0.00 (Cumulative side area) 

    Layer: via3
      Partial area ratio:    0.02
      Required ratio:   68.60 (Gate area) 
      Cumulative area ratio:    0.26
      Required ratio:    0.00 (Cumulative area) 

    Layer: met4
      Partial area ratio:   32.42
      Required ratio:    0.00 (Gate area) 
      Cumulative area ratio:  120.45
      Required ratio:    0.00 (Cumulative area) 
      Partial area ratio:  173.00
      Required ratio: 3665.12 (Side area) 
      Cumulative area ratio:  641.22
      Required ratio:    0.00 (Cumulative side area) 


  Pin:   ANTENNA_2917/DIODE (sky130_fd_sc_hd__diode_2)
    Layer: mcon
      Partial area ratio:    0.13
      Required ratio:   10.82 (Gate area) 
      Cumulative area ratio:    0.13
      Required ratio:    0.00 (Cumulative area) 

    Layer: met1
      Partial area ratio:    1.03
      Required ratio:    0.00 (Gate area) 
      Cumulative area ratio:    1.03
      Required ratio:    0.00 (Cumulative area) 
      Partial area ratio:    4.99
      Required ratio: 2773.88 (Side area) 
      Cumulative area ratio:    4.99
      Required ratio:    0.00 (Cumulative side area) 

    Layer: via
      Partial area ratio:    0.08
      Required ratio:   21.65 (Gate area) 
      Cumulative area ratio:    0.21
      Required ratio:    0.00 (Cumulative area) 

    Layer: met2
      Partial area ratio:    1.65
      Required ratio:    0.00 (Gate area) 
      Cumulative area ratio:    2.68
      Required ratio:    0.00 (Cumulative area) 
      Partial area ratio:    7.67
      Required ratio: 2947.76 (Side area) 
      Cumulative area ratio:   12.66
      Required ratio:    0.00 (Cumulative side area) 

    Layer: via2
      Partial area ratio:    0.07
      Required ratio:   37.30 (Gate area) 
      Cumulative area ratio:    0.28
      Required ratio:    0.00 (Cumulative area) 

    Layer: met3
      Partial area ratio:   84.86
      Required ratio:    0.00 (Gate area) 
      Cumulative area ratio:   87.54
      Required ratio:    0.00 (Cumulative area) 
      Partial area ratio:  453.35
      Required ratio: 3295.52 (Side area) 
      Cumulative area ratio:  466.01
      Required ratio:    0.00 (Cumulative side area) 

    Layer: via3
      Partial area ratio:    0.02
      Required ratio:   68.60 (Gate area) 
      Cumulative area ratio:    0.30
      Required ratio:    0.00 (Cumulative area) 

    Layer: met4
      Partial area ratio:   32.42
      Required ratio:    0.00 (Gate area) 
      Cumulative area ratio:  119.96
      Required ratio:    0.00 (Cumulative area) 
      Partial area ratio:  173.00
      Required ratio: 3665.12 (Side area) 
      Cumulative area ratio:  639.01
      Required ratio:    0.00 (Cumulative side area) 


  Pin:   ANTENNA_2918/DIODE (sky130_fd_sc_hd__diode_2)
    Layer: mcon
      Partial area ratio:    0.07
      Required ratio:   10.82 (Gate area) 
      Cumulative area ratio:    0.07
      Required ratio:    0.00 (Cumulative area) 

    Layer: met1
      Partial area ratio:    0.19
      Required ratio:    0.00 (Gate area) 
      Cumulative area ratio:    0.19
      Required ratio:    0.00 (Cumulative area) 
      Partial area ratio:    0.93
      Required ratio: 2773.88 (Side area) 
      Cumulative area ratio:    0.93
      Required ratio:    0.00 (Cumulative side area) 

    Layer: via
      Partial area ratio:    0.05
      Required ratio:   21.65 (Gate area) 
      Cumulative area ratio:    0.12
      Required ratio:    0.00 (Cumulative area) 

    Layer: met2
      Partial area ratio:   14.92
      Required ratio:    0.00 (Gate area) 
      Cumulative area ratio:   15.11
      Required ratio:    0.00 (Cumulative area) 
      Partial area ratio:   73.82
      Required ratio: 2947.76 (Side area) 
      Cumulative area ratio:   74.75
      Required ratio:    0.00 (Cumulative side area) 

    Layer: via2
      Partial area ratio:    0.07
      Required ratio:   37.30 (Gate area) 
      Cumulative area ratio:    0.19
      Required ratio:    0.00 (Cumulative area) 

    Layer: met3
      Partial area ratio:   84.86
      Required ratio:    0.00 (Gate area) 
      Cumulative area ratio:   99.97
      Required ratio:    0.00 (Cumulative area) 
      Partial area ratio:  453.35
      Required ratio: 3295.52 (Side area) 
      Cumulative area ratio:  528.10
      Required ratio:    0.00 (Cumulative side area) 

    Layer: via3
      Partial area ratio:    0.02
      Required ratio:   68.60 (Gate area) 
      Cumulative area ratio:    0.20
      Required ratio:    0.00 (Cumulative area) 

    Layer: met4
      Partial area ratio:   32.42
      Required ratio:    0.00 (Gate area) 
      Cumulative area ratio:  132.39
      Required ratio:    0.00 (Cumulative area) 
      Partial area ratio:  173.00
      Required ratio: 3665.12 (Side area) 
      Cumulative area ratio:  701.10
      Required ratio:    0.00 (Cumulative side area) 


  Pin:   ANTENNA_2919/DIODE (sky130_fd_sc_hd__diode_2)
    Layer: mcon
      Partial area ratio:    0.07
      Required ratio:   10.82 (Gate area) 
      Cumulative area ratio:    0.07
      Required ratio:    0.00 (Cumulative area) 

    Layer: met1
      Partial area ratio:    0.39
      Required ratio:    0.00 (Gate area) 
      Cumulative area ratio:    0.39
      Required ratio:    0.00 (Cumulative area) 
      Partial area ratio:    1.80
      Required ratio: 2773.88 (Side area) 
      Cumulative area ratio:    1.80
      Required ratio:    0.00 (Cumulative side area) 

    Layer: via
      Partial area ratio:    0.05
      Required ratio:   21.65 (Gate area) 
      Cumulative area ratio:    0.12
      Required ratio:    0.00 (Cumulative area) 

    Layer: met2
      Partial area ratio:   14.92
      Required ratio:    0.00 (Gate area) 
      Cumulative area ratio:   15.31
      Required ratio:    0.00 (Cumulative area) 
      Partial area ratio:   73.82
      Required ratio: 2947.76 (Side area) 
      Cumulative area ratio:   75.61
      Required ratio:    0.00 (Cumulative side area) 

    Layer: via2
      Partial area ratio:    0.07
      Required ratio:   37.30 (Gate area) 
      Cumulative area ratio:    0.19
      Required ratio:    0.00 (Cumulative area) 

    Layer: met3
      Partial area ratio:   84.86
      Required ratio:    0.00 (Gate area) 
      Cumulative area ratio:  100.17
      Required ratio:    0.00 (Cumulative area) 
      Partial area ratio:  453.35
      Required ratio: 3295.52 (Side area) 
      Cumulative area ratio:  528.97
      Required ratio:    0.00 (Cumulative side area) 

    Layer: via3
      Partial area ratio:    0.02
      Required ratio:   68.60 (Gate area) 
      Cumulative area ratio:    0.20
      Required ratio:    0.00 (Cumulative area) 

    Layer: met4
      Partial area ratio:   32.42
      Required ratio:    0.00 (Gate area) 
      Cumulative area ratio:  132.59
      Required ratio:    0.00 (Cumulative area) 
      Partial area ratio:  173.00
      Required ratio: 3665.12 (Side area) 
      Cumulative area ratio:  701.96
      Required ratio:    0.00 (Cumulative side area) 



Net: iram_s_wstrb\[2\]
  Pin:   _065338_/A (sky130_fd_sc_hd__nand2_2)
    Layer: mcon
      Partial area ratio:    0.06
      Required ratio:    3.00 (Gate area) 
      Cumulative area ratio:    0.06
      Required ratio:    0.00 (Cumulative area) 

    Layer: met1
      Partial area ratio:    0.17
      Required ratio:    0.00 (Gate area) 
      Cumulative area ratio:    0.17
      Required ratio:    0.00 (Cumulative area) 
      Partial area ratio:    0.82
      Required ratio:  400.00 (Side area) 
      Cumulative area ratio:    0.82
      Required ratio:    0.00 (Cumulative side area) 

    Layer: via
      Partial area ratio:    0.05
      Required ratio:    6.00 (Gate area) 
      Cumulative area ratio:    0.10
      Required ratio:    0.00 (Cumulative area) 

    Layer: met2
      Partial area ratio:    0.29
      Required ratio:    0.00 (Gate area) 
      Cumulative area ratio:    0.45
      Required ratio:    0.00 (Cumulative area) 
      Partial area ratio:    1.12
      Required ratio:  400.00 (Side area) 
      Cumulative area ratio:    1.94
      Required ratio:    0.00 (Cumulative side area) 

    Layer: via2
      Partial area ratio:    0.08
      Required ratio:    6.00 (Gate area) 
      Cumulative area ratio:    0.18
      Required ratio:    0.00 (Cumulative area) 

    Layer: met3
      Partial area ratio:   23.89
      Required ratio:    0.00 (Gate area) 
      Cumulative area ratio:   24.35
      Required ratio:    0.00 (Cumulative area) 
      Partial area ratio:  128.18
      Required ratio:  400.00 (Side area) 
      Cumulative area ratio:  130.12
      Required ratio:    0.00 (Cumulative side area) 

    Layer: via3
      Partial area ratio:    0.02
      Required ratio:    6.00 (Gate area) 
      Cumulative area ratio:    0.20
      Required ratio:    0.00 (Cumulative area) 

    Layer: met4
      Partial area ratio:   21.33
      Required ratio:    0.00 (Gate area) 
      Cumulative area ratio:   45.68
      Required ratio:    0.00 (Cumulative area) 
      Partial area ratio:  113.99
      Required ratio: 3486.68 (Side area) 
      Cumulative area ratio:  244.11
      Required ratio:    0.00 (Cumulative side area) 


  Pin:   _065451_/A (sky130_fd_sc_hd__and2_2)
    Layer: mcon
      Partial area ratio:    0.23
      Required ratio:    3.00 (Gate area) 
      Cumulative area ratio:    0.23
      Required ratio:    0.00 (Cumulative area) 

    Layer: met1
      Partial area ratio:   13.93
      Required ratio:    0.00 (Gate area) 
      Cumulative area ratio:   13.93
      Required ratio:    0.00 (Cumulative area) 
      Partial area ratio:   68.19
      Required ratio:  400.00 (Side area) 
      Cumulative area ratio:   68.19
      Required ratio:    0.00 (Cumulative side area) 

    Layer: via
      Partial area ratio:    0.36
      Required ratio:    6.00 (Gate area) 
      Cumulative area ratio:    0.59
      Required ratio:    0.00 (Cumulative area) 

    Layer: met2
      Partial area ratio:   28.28
      Required ratio:    0.00 (Gate area) 
      Cumulative area ratio:   42.22
      Required ratio:    0.00 (Cumulative area) 
      Partial area ratio:  140.57
      Required ratio:  400.00 (Side area) 
      Cumulative area ratio:  208.76
      Required ratio:    0.00 (Cumulative side area) 

    Layer: via2
      Partial area ratio:    0.06
      Required ratio:    6.00 (Gate area) 
      Cumulative area ratio:    0.65
      Required ratio:    0.00 (Cumulative area) 

    Layer: met3
      Partial area ratio:   23.89
      Required ratio:    0.00 (Gate area) 
      Cumulative area ratio:   66.11
      Required ratio:    0.00 (Cumulative area) 
      Partial area ratio:  128.18
      Required ratio:  400.00 (Side area) 
      Cumulative area ratio:  336.94
      Required ratio:    0.00 (Cumulative side area) 

    Layer: via3
      Partial area ratio:    0.02
      Required ratio:    6.00 (Gate area) 
      Cumulative area ratio:    0.67
      Required ratio:    0.00 (Cumulative area) 

    Layer: met4
      Partial area ratio:   21.33
      Required ratio:    0.00 (Gate area) 
      Cumulative area ratio:   87.44
      Required ratio:    0.00 (Cumulative area) 
      Partial area ratio:  113.99
      Required ratio: 3486.68 (Side area) 
      Cumulative area ratio:  450.93
      Required ratio:    0.00 (Cumulative side area) 


  Pin:   _065831_/A (sky130_fd_sc_hd__nand2_2)
    Layer: mcon
      Partial area ratio:    0.06
      Required ratio:    3.00 (Gate area) 
      Cumulative area ratio:    0.06
      Required ratio:    0.00 (Cumulative area) 

    Layer: met1
      Partial area ratio:    1.81
      Required ratio:    0.00 (Gate area) 
      Cumulative area ratio:    1.81
      Required ratio:    0.00 (Cumulative area) 
      Partial area ratio:    8.92
      Required ratio:  400.00 (Side area) 
      Cumulative area ratio:    8.92
      Required ratio:    0.00 (Cumulative side area) 

    Layer: via
      Partial area ratio:    0.05
      Required ratio:    6.00 (Gate area) 
      Cumulative area ratio:    0.10
      Required ratio:    0.00 (Cumulative area) 

    Layer: met2
      Partial area ratio:   15.50
      Required ratio:    0.00 (Gate area) 
      Cumulative area ratio:   17.32
      Required ratio:    0.00 (Cumulative area) 
      Partial area ratio:   76.70
      Required ratio:  400.00 (Side area) 
      Cumulative area ratio:   85.61
      Required ratio:    0.00 (Cumulative side area) 

    Layer: via2
      Partial area ratio:    0.08
      Required ratio:    6.00 (Gate area) 
      Cumulative area ratio:    0.18
      Required ratio:    0.00 (Cumulative area) 

    Layer: met3
      Partial area ratio:   23.89
      Required ratio:    0.00 (Gate area) 
      Cumulative area ratio:   41.21
      Required ratio:    0.00 (Cumulative area) 
      Partial area ratio:  128.18
      Required ratio:  400.00 (Side area) 
      Cumulative area ratio:  213.79
      Required ratio:    0.00 (Cumulative side area) 

    Layer: via3
      Partial area ratio:    0.02
      Required ratio:    6.00 (Gate area) 
      Cumulative area ratio:    0.20
      Required ratio:    0.00 (Cumulative area) 

    Layer: met4
      Partial area ratio:   21.33
      Required ratio:    0.00 (Gate area) 
      Cumulative area ratio:   62.54
      Required ratio:    0.00 (Cumulative area) 
      Partial area ratio:  113.99
      Required ratio: 3486.68 (Side area) 
      Cumulative area ratio:  327.78
      Required ratio:    0.00 (Cumulative side area) 


  Pin:   _089800_/A0 (sky130_fd_sc_hd__mux2_1)
    Layer: li1
      Partial area ratio:    0.01
      Required ratio:    0.00 (Gate area) 
      Cumulative area ratio:    0.01
      Required ratio:    0.00 (Cumulative area) 
      Partial area ratio:    0.28
      Required ratio:   75.00 (Side area) 
      Cumulative area ratio:    0.28
      Required ratio:    0.00 (Cumulative side area) 

    Layer: mcon
      Partial area ratio:    0.23
      Required ratio:    3.00 (Gate area) 
      Cumulative area ratio:    0.23
      Required ratio:    0.00 (Cumulative area) 

    Layer: met1
      Partial area ratio:    0.66
      Required ratio:    0.00 (Gate area) 
      Cumulative area ratio:    0.67
      Required ratio:    0.00 (Cumulative area) 
      Partial area ratio:    3.22
      Required ratio:  400.00 (Side area) 
      Cumulative area ratio:    3.50
      Required ratio:    0.00 (Cumulative side area) 

    Layer: via
      Partial area ratio:    0.18
      Required ratio:    6.00 (Gate area) 
      Cumulative area ratio:    0.41
      Required ratio:    0.00 (Cumulative area) 

    Layer: met2
      Partial area ratio:    3.98
      Required ratio:    0.00 (Gate area) 
      Cumulative area ratio:    4.64
      Required ratio:    0.00 (Cumulative area) 
      Partial area ratio:   17.75
      Required ratio:  400.00 (Side area) 
      Cumulative area ratio:   21.25
      Required ratio:    0.00 (Cumulative side area) 

    Layer: via2
      Partial area ratio:    0.32
      Required ratio:    6.00 (Gate area) 
      Cumulative area ratio:    0.73
      Required ratio:    0.00 (Cumulative area) 

    Layer: met3
      Partial area ratio:   23.89
      Required ratio:    0.00 (Gate area) 
      Cumulative area ratio:   28.53
      Required ratio:    0.00 (Cumulative area) 
      Partial area ratio:  128.18
      Required ratio:  400.00 (Side area) 
      Cumulative area ratio:  149.43
      Required ratio:    0.00 (Cumulative side area) 

    Layer: via3
      Partial area ratio:    0.02
      Required ratio:    6.00 (Gate area) 
      Cumulative area ratio:    0.74
      Required ratio:    0.00 (Cumulative area) 

    Layer: met4
      Partial area ratio:   21.33
      Required ratio:    0.00 (Gate area) 
      Cumulative area ratio:   49.87
      Required ratio:    0.00 (Cumulative area) 
      Partial area ratio:  113.99
      Required ratio: 3486.68 (Side area) 
      Cumulative area ratio:  263.42
      Required ratio:    0.00 (Cumulative side area) 


  Pin:   _090108_/B1 (sky130_fd_sc_hd__o21ai_2)
    Layer: mcon
      Partial area ratio:    0.06
      Required ratio:    3.00 (Gate area) 
      Cumulative area ratio:    0.06
      Required ratio:    0.00 (Cumulative area) 

    Layer: met1
      Partial area ratio:    1.08
      Required ratio:    0.00 (Gate area) 
      Cumulative area ratio:    1.08
      Required ratio:    0.00 (Cumulative area) 
      Partial area ratio:    5.02
      Required ratio:  400.00 (Side area) 
      Cumulative area ratio:    5.02
      Required ratio:    0.00 (Cumulative side area) 

    Layer: via
      Partial area ratio:    0.09
      Required ratio:    6.00 (Gate area) 
      Cumulative area ratio:    0.15
      Required ratio:    0.00 (Cumulative area) 

    Layer: met2
      Partial area ratio:   28.28
      Required ratio:    0.00 (Gate area) 
      Cumulative area ratio:   29.36
      Required ratio:    0.00 (Cumulative area) 
      Partial area ratio:  140.57
      Required ratio:  400.00 (Side area) 
      Cumulative area ratio:  145.59
      Required ratio:    0.00 (Cumulative side area) 

    Layer: via2
      Partial area ratio:    0.06
      Required ratio:    6.00 (Gate area) 
      Cumulative area ratio:    0.21
      Required ratio:    0.00 (Cumulative area) 

    Layer: met3
      Partial area ratio:   23.89
      Required ratio:    0.00 (Gate area) 
      Cumulative area ratio:   53.25
      Required ratio:    0.00 (Cumulative area) 
      Partial area ratio:  128.18
      Required ratio:  400.00 (Side area) 
      Cumulative area ratio:  273.77
      Required ratio:    0.00 (Cumulative side area) 

    Layer: via3
      Partial area ratio:    0.02
      Required ratio:    6.00 (Gate area) 
      Cumulative area ratio:    0.23
      Required ratio:    0.00 (Cumulative area) 

    Layer: met4
      Partial area ratio:   21.33
      Required ratio:    0.00 (Gate area) 
      Cumulative area ratio:   74.59
      Required ratio:    0.00 (Cumulative area) 
      Partial area ratio:  113.99
      Required ratio: 3486.68 (Side area) 
      Cumulative area ratio:  387.75
      Required ratio:    0.00 (Cumulative side area) 


  Pin:   _090111_/C (sky130_fd_sc_hd__or4_2)
    Layer: mcon
      Partial area ratio:    0.23
      Required ratio:    3.00 (Gate area) 
      Cumulative area ratio:    0.23
      Required ratio:    0.00 (Cumulative area) 

    Layer: met1
      Partial area ratio:   20.14
      Required ratio:    0.00 (Gate area) 
      Cumulative area ratio:   20.14
      Required ratio:    0.00 (Cumulative area) 
      Partial area ratio:   98.36
      Required ratio:  400.00 (Side area) 
      Cumulative area ratio:   98.36
      Required ratio:    0.00 (Cumulative side area) 

    Layer: via
      Partial area ratio:    0.54
      Required ratio:    6.00 (Gate area) 
      Cumulative area ratio:    0.77
      Required ratio:    0.00 (Cumulative area) 

    Layer: met2
      Partial area ratio:   28.28
      Required ratio:    0.00 (Gate area) 
      Cumulative area ratio:   48.42
      Required ratio:    0.00 (Cumulative area) 
      Partial area ratio:  140.57
      Required ratio:  400.00 (Side area) 
      Cumulative area ratio:  238.93
      Required ratio:    0.00 (Cumulative side area) 

    Layer: via2
      Partial area ratio:    0.06
      Required ratio:    6.00 (Gate area) 
      Cumulative area ratio:    0.83
      Required ratio:    0.00 (Cumulative area) 

    Layer: met3
      Partial area ratio:   23.89
      Required ratio:    0.00 (Gate area) 
      Cumulative area ratio:   72.31
      Required ratio:    0.00 (Cumulative area) 
      Partial area ratio:  128.18
      Required ratio:  400.00 (Side area) 
      Cumulative area ratio:  367.11
      Required ratio:    0.00 (Cumulative side area) 

    Layer: via3
      Partial area ratio:    0.02
      Required ratio:    6.00 (Gate area) 
      Cumulative area ratio:    0.85
      Required ratio:    0.00 (Cumulative area) 

    Layer: met4
      Partial area ratio:   21.33
      Required ratio:    0.00 (Gate area) 
      Cumulative area ratio:   93.64
      Required ratio:    0.00 (Cumulative area) 
      Partial area ratio:  113.99
      Required ratio: 3486.68 (Side area) 
      Cumulative area ratio:  481.10
      Required ratio:    0.00 (Cumulative side area) 


  Pin:   _090117_/A1 (sky130_fd_sc_hd__a221o_2)
    Layer: mcon
      Partial area ratio:    0.12
      Required ratio:    3.00 (Gate area) 
      Cumulative area ratio:    0.12
      Required ratio:    0.00 (Cumulative area) 

    Layer: met1
      Partial area ratio:    5.90
      Required ratio:    0.00 (Gate area) 
      Cumulative area ratio:    5.90
      Required ratio:    0.00 (Cumulative area) 
      Partial area ratio:   29.05
      Required ratio:  400.00 (Side area) 
      Cumulative area ratio:   29.05
      Required ratio:    0.00 (Cumulative side area) 

    Layer: via
      Partial area ratio:    0.18
      Required ratio:    6.00 (Gate area) 
      Cumulative area ratio:    0.30
      Required ratio:    0.00 (Cumulative area) 

    Layer: met2
      Partial area ratio:   28.28
      Required ratio:    0.00 (Gate area) 
      Cumulative area ratio:   34.19
      Required ratio:    0.00 (Cumulative area) 
      Partial area ratio:  140.57
      Required ratio:  400.00 (Side area) 
      Cumulative area ratio:  169.62
      Required ratio:    0.00 (Cumulative side area) 

    Layer: via2
      Partial area ratio:    0.06
      Required ratio:    6.00 (Gate area) 
      Cumulative area ratio:    0.36
      Required ratio:    0.00 (Cumulative area) 

    Layer: met3
      Partial area ratio:   23.89
      Required ratio:    0.00 (Gate area) 
      Cumulative area ratio:   58.08
      Required ratio:    0.00 (Cumulative area) 
      Partial area ratio:  128.18
      Required ratio:  400.00 (Side area) 
      Cumulative area ratio:  297.79
      Required ratio:    0.00 (Cumulative side area) 

    Layer: via3
      Partial area ratio:    0.02
      Required ratio:    6.00 (Gate area) 
      Cumulative area ratio:    0.38
      Required ratio:    0.00 (Cumulative area) 

    Layer: met4
      Partial area ratio:   21.33
      Required ratio:    0.00 (Gate area) 
      Cumulative area ratio:   79.41
      Required ratio:    0.00 (Cumulative area) 
      Partial area ratio:  113.99
      Required ratio: 3486.68 (Side area) 
      Cumulative area ratio:  411.78
      Required ratio:    0.00 (Cumulative side area) 


  Pin:   _090122_/A3 (sky130_fd_sc_hd__o32a_2)
    Layer: mcon
      Partial area ratio:    0.12
      Required ratio:    3.00 (Gate area) 
      Cumulative area ratio:    0.12
      Required ratio:    0.00 (Cumulative area) 

    Layer: met1
      Partial area ratio:    0.34
      Required ratio:    0.00 (Gate area) 
      Cumulative area ratio:    0.34
      Required ratio:    0.00 (Cumulative area) 
      Partial area ratio:    1.64
      Required ratio:  400.00 (Side area) 
      Cumulative area ratio:    1.64
      Required ratio:    0.00 (Cumulative side area) 

    Layer: via
      Partial area ratio:    0.09
      Required ratio:    6.00 (Gate area) 
      Cumulative area ratio:    0.21
      Required ratio:    0.00 (Cumulative area) 

    Layer: met2
      Partial area ratio:   28.28
      Required ratio:    0.00 (Gate area) 
      Cumulative area ratio:   28.62
      Required ratio:    0.00 (Cumulative area) 
      Partial area ratio:  140.57
      Required ratio:  400.00 (Side area) 
      Cumulative area ratio:  142.21
      Required ratio:    0.00 (Cumulative side area) 

    Layer: via2
      Partial area ratio:    0.06
      Required ratio:    6.00 (Gate area) 
      Cumulative area ratio:    0.27
      Required ratio:    0.00 (Cumulative area) 

    Layer: met3
      Partial area ratio:   23.89
      Required ratio:    0.00 (Gate area) 
      Cumulative area ratio:   52.51
      Required ratio:    0.00 (Cumulative area) 
      Partial area ratio:  128.18
      Required ratio:  400.00 (Side area) 
      Cumulative area ratio:  270.39
      Required ratio:    0.00 (Cumulative side area) 

    Layer: via3
      Partial area ratio:    0.02
      Required ratio:    6.00 (Gate area) 
      Cumulative area ratio:    0.29
      Required ratio:    0.00 (Cumulative area) 

    Layer: met4
      Partial area ratio:   21.33
      Required ratio:    0.00 (Gate area) 
      Cumulative area ratio:   73.84
      Required ratio:    0.00 (Cumulative area) 
      Partial area ratio:  113.99
      Required ratio: 3486.68 (Side area) 
      Cumulative area ratio:  384.38
      Required ratio:    0.00 (Cumulative side area) 


  Pin:   _091212_/A1 (sky130_fd_sc_hd__mux2_1)
    Layer: mcon
      Partial area ratio:    0.23
      Required ratio:    3.00 (Gate area) 
      Cumulative area ratio:    0.23
      Required ratio:    0.00 (Cumulative area) 

    Layer: met1
      Partial area ratio:    0.66
      Required ratio:    0.00 (Gate area) 
      Cumulative area ratio:    0.66
      Required ratio:    0.00 (Cumulative area) 
      Partial area ratio:    3.22
      Required ratio:  400.00 (Side area) 
      Cumulative area ratio:    3.22
      Required ratio:    0.00 (Cumulative side area) 

    Layer: via
      Partial area ratio:    0.18
      Required ratio:    6.00 (Gate area) 
      Cumulative area ratio:    0.41
      Required ratio:    0.00 (Cumulative area) 

    Layer: met2
      Partial area ratio:   10.35
      Required ratio:    0.00 (Gate area) 
      Cumulative area ratio:   11.02
      Required ratio:    0.00 (Cumulative area) 
      Partial area ratio:   50.42
      Required ratio:  400.00 (Side area) 
      Cumulative area ratio:   53.64
      Required ratio:    0.00 (Cumulative side area) 

    Layer: via2
      Partial area ratio:    0.32
      Required ratio:    6.00 (Gate area) 
      Cumulative area ratio:    0.73
      Required ratio:    0.00 (Cumulative area) 

    Layer: met3
      Partial area ratio:  146.51
      Required ratio:    0.00 (Gate area) 
      Cumulative area ratio:  157.53
      Required ratio:    0.00 (Cumulative area) 
      Partial area ratio:  784.84
      Required ratio: 2773.88 (Side area) 
      Cumulative area ratio:  838.48
      Required ratio:    0.00 (Cumulative side area) 

    Layer: via3
      Partial area ratio:    0.04
      Required ratio:   21.65 (Gate area) 
      Cumulative area ratio:    0.77
      Required ratio:    0.00 (Cumulative area) 

    Layer: met4
      Partial area ratio:   21.33
      Required ratio:    0.00 (Gate area) 
      Cumulative area ratio:  178.86
      Required ratio:    0.00 (Cumulative area) 
      Partial area ratio:  113.99
      Required ratio: 3486.68 (Side area) 
      Cumulative area ratio:  952.47
      Required ratio:    0.00 (Cumulative side area) 


  Pin:   _091347_/A0 (sky130_fd_sc_hd__mux2_1)
    Layer: li1
      Partial area ratio:    0.01
      Required ratio:    0.00 (Gate area) 
      Cumulative area ratio:    0.01
      Required ratio:    0.00 (Cumulative area) 
      Partial area ratio:    0.28
      Required ratio:   75.00 (Side area) 
      Cumulative area ratio:    0.28
      Required ratio:    0.00 (Cumulative side area) 

    Layer: mcon
      Partial area ratio:    0.23
      Required ratio:    3.00 (Gate area) 
      Cumulative area ratio:    0.23
      Required ratio:    0.00 (Cumulative area) 

    Layer: met1
      Partial area ratio:    5.73
      Required ratio:    0.00 (Gate area) 
      Cumulative area ratio:    5.74
      Required ratio:    0.00 (Cumulative area) 
      Partial area ratio:   28.03
      Required ratio:  400.00 (Side area) 
      Cumulative area ratio:   28.31
      Required ratio:    0.00 (Cumulative side area) 

    Layer: via
      Partial area ratio:    0.18
      Required ratio:    6.00 (Gate area) 
      Cumulative area ratio:    0.41
      Required ratio:    0.00 (Cumulative area) 

    Layer: met2
      Partial area ratio:  110.71
      Required ratio:    0.00 (Gate area) 
      Cumulative area ratio:  116.44
      Required ratio:    0.00 (Cumulative area) 
      Partial area ratio:  548.86
      Required ratio:  400.00 (Side area) (VIOLATED)
      Cumulative area ratio:  577.17
      Required ratio:    0.00 (Cumulative side area) 

    Layer: via2
      Partial area ratio:    0.95
      Required ratio:    6.00 (Gate area) 
      Cumulative area ratio:    1.36
      Required ratio:    0.00 (Cumulative area) 

    Layer: met3
      Partial area ratio:   23.89
      Required ratio:    0.00 (Gate area) 
      Cumulative area ratio:  140.34
      Required ratio:    0.00 (Cumulative area) 
      Partial area ratio:  128.18
      Required ratio:  400.00 (Side area) 
      Cumulative area ratio:  705.34
      Required ratio:    0.00 (Cumulative side area) 

    Layer: via3
      Partial area ratio:    0.02
      Required ratio:    6.00 (Gate area) 
      Cumulative area ratio:    1.38
      Required ratio:    0.00 (Cumulative area) 

    Layer: met4
      Partial area ratio:   21.33
      Required ratio:    0.00 (Gate area) 
      Cumulative area ratio:  161.67
      Required ratio:    0.00 (Cumulative area) 
      Partial area ratio:  113.99
      Required ratio: 3486.68 (Side area) 
      Cumulative area ratio:  819.33
      Required ratio:    0.00 (Cumulative side area) 


  Pin:   load_slew1466/A (sky130_fd_sc_hd__buf_1)
    Layer: mcon
      Partial area ratio:    0.15
      Required ratio:    3.00 (Gate area) 
      Cumulative area ratio:    0.15
      Required ratio:    0.00 (Cumulative area) 

    Layer: met1
      Partial area ratio:    0.42
      Required ratio:    0.00 (Gate area) 
      Cumulative area ratio:    0.42
      Required ratio:    0.00 (Cumulative area) 
      Partial area ratio:    2.07
      Required ratio:  400.00 (Side area) 
      Cumulative area ratio:    2.07
      Required ratio:    0.00 (Cumulative side area) 

    Layer: via
      Partial area ratio:    0.11
      Required ratio:    6.00 (Gate area) 
      Cumulative area ratio:    0.26
      Required ratio:    0.00 (Cumulative area) 

    Layer: met2
      Partial area ratio:  447.84
      Required ratio:    0.00 (Gate area) 
      Cumulative area ratio:  448.26
      Required ratio:    0.00 (Cumulative area) 
      Partial area ratio: 2235.55
      Required ratio:  400.00 (Side area) (VIOLATED)
      Cumulative area ratio: 2237.61
      Required ratio:    0.00 (Cumulative side area) 

    Layer: via2
      Partial area ratio:    0.61
      Required ratio:    6.00 (Gate area) 
      Cumulative area ratio:    0.87
      Required ratio:    0.00 (Cumulative area) 

    Layer: met3
      Partial area ratio:  146.51
      Required ratio:    0.00 (Gate area) 
      Cumulative area ratio:  594.77
      Required ratio:    0.00 (Cumulative area) 
      Partial area ratio:  784.84
      Required ratio: 2773.88 (Side area) 
      Cumulative area ratio: 3022.46
      Required ratio:    0.00 (Cumulative side area) 

    Layer: via3
      Partial area ratio:    0.04
      Required ratio:   21.65 (Gate area) 
      Cumulative area ratio:    0.91
      Required ratio:    0.00 (Cumulative area) 

    Layer: met4
      Partial area ratio:   21.33
      Required ratio:    0.00 (Gate area) 
      Cumulative area ratio:  616.11
      Required ratio:    0.00 (Cumulative area) 
      Partial area ratio:  113.99
      Required ratio: 3486.68 (Side area) 
      Cumulative area ratio: 3136.44
      Required ratio:    0.00 (Cumulative side area) 


  Pin:   load_slew1467/A (sky130_fd_sc_hd__buf_1)
    Layer: mcon
      Partial area ratio:    0.15
      Required ratio:    3.00 (Gate area) 
      Cumulative area ratio:    0.15
      Required ratio:    0.00 (Cumulative area) 

    Layer: met1
      Partial area ratio:    0.38
      Required ratio:    0.00 (Gate area) 
      Cumulative area ratio:    0.38
      Required ratio:    0.00 (Cumulative area) 
      Partial area ratio:    1.83
      Required ratio: 2773.88 (Side area) 
      Cumulative area ratio:    1.83
      Required ratio:    0.00 (Cumulative side area) 

    Layer: via
      Partial area ratio:    0.04
      Required ratio:   21.65 (Gate area) 
      Cumulative area ratio:    0.18
      Required ratio:    0.00 (Cumulative area) 

    Layer: met2
      Partial area ratio:    0.79
      Required ratio:    0.00 (Gate area) 
      Cumulative area ratio:    1.17
      Required ratio:    0.00 (Cumulative area) 
      Partial area ratio:    3.65
      Required ratio: 2773.88 (Side area) 
      Cumulative area ratio:    5.48
      Required ratio:    0.00 (Cumulative side area) 

    Layer: via2
      Partial area ratio:    0.06
      Required ratio:   21.65 (Gate area) 
      Cumulative area ratio:    0.25
      Required ratio:    0.00 (Cumulative area) 

    Layer: met3
      Partial area ratio:  146.51
      Required ratio:    0.00 (Gate area) 
      Cumulative area ratio:  147.68
      Required ratio:    0.00 (Cumulative area) 
      Partial area ratio:  784.84
      Required ratio: 2773.88 (Side area) 
      Cumulative area ratio:  790.33
      Required ratio:    0.00 (Cumulative side area) 

    Layer: via3
      Partial area ratio:    0.04
      Required ratio:   21.65 (Gate area) 
      Cumulative area ratio:    0.29
      Required ratio:    0.00 (Cumulative area) 

    Layer: met4
      Partial area ratio:   21.33
      Required ratio:    0.00 (Gate area) 
      Cumulative area ratio:  169.01
      Required ratio:    0.00 (Cumulative area) 
      Partial area ratio:  113.99
      Required ratio: 3486.68 (Side area) 
      Cumulative area ratio:  904.31
      Required ratio:    0.00 (Cumulative side area) 


  Pin:   max_cap1474/A (sky130_fd_sc_hd__clkbuf_16)
    Layer: mcon
      Partial area ratio:    0.03
      Required ratio:    3.00 (Gate area) 
      Cumulative area ratio:    0.03
      Required ratio:    0.00 (Cumulative area) 

    Layer: met1
      Partial area ratio:    0.70
      Required ratio:    0.00 (Gate area) 
      Cumulative area ratio:    0.70
      Required ratio:    0.00 (Cumulative area) 
      Partial area ratio:    3.29
      Required ratio:  400.00 (Side area) 
      Cumulative area ratio:    3.29
      Required ratio:    0.00 (Cumulative side area) 

    Layer: via
      Partial area ratio:    0.05
      Required ratio:    6.00 (Gate area) 
      Cumulative area ratio:    0.09
      Required ratio:    0.00 (Cumulative area) 

    Layer: met2
      Partial area ratio:    1.71
      Required ratio:    0.00 (Gate area) 
      Cumulative area ratio:    2.41
      Required ratio:    0.00 (Cumulative area) 
      Partial area ratio:    8.21
      Required ratio: 3312.80 (Side area) 
      Cumulative area ratio:   11.51
      Required ratio:    0.00 (Cumulative side area) 

    Layer: via2
      Partial area ratio:    0.05
      Required ratio:   70.15 (Gate area) 
      Cumulative area ratio:    0.13
      Required ratio:    0.00 (Cumulative area) 

    Layer: met3
      Partial area ratio:   37.64
      Required ratio:    0.00 (Gate area) 
      Cumulative area ratio:   40.05
      Required ratio:    0.00 (Cumulative area) 
      Partial area ratio:  201.31
      Required ratio: 3312.80 (Side area) 
      Cumulative area ratio:  212.81
      Required ratio:    0.00 (Cumulative side area) 

    Layer: via3
      Partial area ratio:    0.05
      Required ratio:   70.15 (Gate area) 
      Cumulative area ratio:    0.18
      Required ratio:    0.00 (Cumulative area) 

    Layer: met4
      Partial area ratio:   21.33
      Required ratio:    0.00 (Gate area) 
      Cumulative area ratio:   61.38
      Required ratio:    0.00 (Cumulative area) 
      Partial area ratio:  113.99
      Required ratio: 3486.68 (Side area) 
      Cumulative area ratio:  326.80
      Required ratio:    0.00 (Cumulative side area) 


  Pin:   ANTENNA_2920/DIODE (sky130_fd_sc_hd__diode_2)
    Layer: mcon
      Partial area ratio:    0.13
      Required ratio:   10.82 (Gate area) 
      Cumulative area ratio:    0.13
      Required ratio:    0.00 (Cumulative area) 

    Layer: met1
      Partial area ratio:    0.38
      Required ratio:    0.00 (Gate area) 
      Cumulative area ratio:    0.38
      Required ratio:    0.00 (Cumulative area) 
      Partial area ratio:    1.83
      Required ratio: 2773.88 (Side area) 
      Cumulative area ratio:    1.83
      Required ratio:    0.00 (Cumulative side area) 

    Layer: via
      Partial area ratio:    0.04
      Required ratio:   21.65 (Gate area) 
      Cumulative area ratio:    0.17
      Required ratio:    0.00 (Cumulative area) 

    Layer: met2
      Partial area ratio:    0.79
      Required ratio:    0.00 (Gate area) 
      Cumulative area ratio:    1.17
      Required ratio:    0.00 (Cumulative area) 
      Partial area ratio:    3.65
      Required ratio: 2773.88 (Side area) 
      Cumulative area ratio:    5.48
      Required ratio:    0.00 (Cumulative side area) 

    Layer: via2
      Partial area ratio:    0.06
      Required ratio:   21.65 (Gate area) 
      Cumulative area ratio:    0.23
      Required ratio:    0.00 (Cumulative area) 

    Layer: met3
      Partial area ratio:  146.51
      Required ratio:    0.00 (Gate area) 
      Cumulative area ratio:  147.68
      Required ratio:    0.00 (Cumulative area) 
      Partial area ratio:  784.84
      Required ratio: 2773.88 (Side area) 
      Cumulative area ratio:  790.33
      Required ratio:    0.00 (Cumulative side area) 

    Layer: via3
      Partial area ratio:    0.04
      Required ratio:   21.65 (Gate area) 
      Cumulative area ratio:    0.27
      Required ratio:    0.00 (Cumulative area) 

    Layer: met4
      Partial area ratio:   21.33
      Required ratio:    0.00 (Gate area) 
      Cumulative area ratio:  169.01
      Required ratio:    0.00 (Cumulative area) 
      Partial area ratio:  113.99
      Required ratio: 3486.68 (Side area) 
      Cumulative area ratio:  904.31
      Required ratio:    0.00 (Cumulative side area) 



Net: qspi_irq
  Pin:   _060344_/A1 (sky130_fd_sc_hd__a22o_2)
    Layer: mcon
      Partial area ratio:    0.12
      Required ratio:    3.00 (Gate area) 
      Cumulative area ratio:    0.12
      Required ratio:    0.00 (Cumulative area) 

    Layer: met1
      Partial area ratio:    0.34
      Required ratio:    0.00 (Gate area) 
      Cumulative area ratio:    0.34
      Required ratio:    0.00 (Cumulative area) 
      Partial area ratio:    1.64
      Required ratio:  400.00 (Side area) 
      Cumulative area ratio:    1.64
      Required ratio:    0.00 (Cumulative side area) 

    Layer: via
      Partial area ratio:    0.09
      Required ratio:    6.00 (Gate area) 
      Cumulative area ratio:    0.21
      Required ratio:    0.00 (Cumulative area) 

    Layer: met2
      Partial area ratio:    3.31
      Required ratio:    0.00 (Gate area) 
      Cumulative area ratio:    3.65
      Required ratio:    0.00 (Cumulative area) 
      Partial area ratio:   15.77
      Required ratio:  400.00 (Side area) 
      Cumulative area ratio:   17.41
      Required ratio:    0.00 (Cumulative side area) 

    Layer: via2
      Partial area ratio:    0.11
      Required ratio:    6.00 (Gate area) 
      Cumulative area ratio:    0.31
      Required ratio:    0.00 (Cumulative area) 

    Layer: met3
      Partial area ratio:   90.25
      Required ratio:    0.00 (Gate area) 
      Cumulative area ratio:   93.89
      Required ratio:    0.00 (Cumulative area) 
      Partial area ratio:  487.56
      Required ratio:  400.00 (Side area) (VIOLATED)
      Cumulative area ratio:  504.97
      Required ratio:    0.00 (Cumulative side area) 

    Layer: via3
      Partial area ratio:    0.11
      Required ratio:    6.00 (Gate area) 
      Cumulative area ratio:    0.42
      Required ratio:    0.00 (Cumulative area) 

    Layer: met4
      Partial area ratio:    4.28
      Required ratio:    0.00 (Gate area) 
      Cumulative area ratio:   98.17
      Required ratio:    0.00 (Cumulative area) 
      Partial area ratio:   23.04
      Required ratio: 4169.24 (Side area) 
      Cumulative area ratio:  528.01
      Required ratio:    0.00 (Cumulative side area) 


  Pin:   _111150_/A1 (sky130_fd_sc_hd__a211o_2)
    Layer: mcon
      Partial area ratio:    0.12
      Required ratio:    3.00 (Gate area) 
      Cumulative area ratio:    0.12
      Required ratio:    0.00 (Cumulative area) 

    Layer: met1
      Partial area ratio:    0.69
      Required ratio:    0.00 (Gate area) 
      Cumulative area ratio:    0.69
      Required ratio:    0.00 (Cumulative area) 
      Partial area ratio:    3.15
      Required ratio:  400.00 (Side area) 
      Cumulative area ratio:    3.15
      Required ratio:    0.00 (Cumulative side area) 

    Layer: via
      Partial area ratio:    0.09
      Required ratio:    6.00 (Gate area) 
      Cumulative area ratio:    0.21
      Required ratio:    0.00 (Cumulative area) 

    Layer: met2
      Partial area ratio:    2.03
      Required ratio:    0.00 (Gate area) 
      Cumulative area ratio:    2.73
      Required ratio:    0.00 (Cumulative area) 
      Partial area ratio:    9.85
      Required ratio: 4169.24 (Side area) 
      Cumulative area ratio:   13.00
      Required ratio:    0.00 (Cumulative side area) 

    Layer: via2
      Partial area ratio:    0.01
      Required ratio:  147.23 (Gate area) 
      Cumulative area ratio:    0.22
      Required ratio:    0.00 (Cumulative area) 

    Layer: met3
      Partial area ratio:    6.25
      Required ratio:    0.00 (Gate area) 
      Cumulative area ratio:    8.98
      Required ratio:    0.00 (Cumulative area) 
      Partial area ratio:   33.82
      Required ratio: 4169.24 (Side area) 
      Cumulative area ratio:   46.82
      Required ratio:    0.00 (Cumulative side area) 

    Layer: via3
      Partial area ratio:    0.01
      Required ratio:  147.23 (Gate area) 
      Cumulative area ratio:    0.23
      Required ratio:    0.00 (Cumulative area) 

    Layer: met4
      Partial area ratio:    4.28
      Required ratio:    0.00 (Gate area) 
      Cumulative area ratio:   13.26
      Required ratio:    0.00 (Cumulative area) 
      Partial area ratio:   23.04
      Required ratio: 4169.24 (Side area) 
      Cumulative area ratio:   69.86
      Required ratio:    0.00 (Cumulative side area) 


  Pin:   _113056_/A1 (sky130_fd_sc_hd__o211a_2)
    Layer: mcon
      Partial area ratio:    0.12
      Required ratio:    3.00 (Gate area) 
      Cumulative area ratio:    0.12
      Required ratio:    0.00 (Cumulative area) 

    Layer: met1
      Partial area ratio:    7.98
      Required ratio:    0.00 (Gate area) 
      Cumulative area ratio:    7.98
      Required ratio:    0.00 (Cumulative area) 
      Partial area ratio:   38.78
      Required ratio: 2778.20 (Side area) 
      Cumulative area ratio:   38.78
      Required ratio:    0.00 (Cumulative side area) 

    Layer: via
      Partial area ratio:    0.18
      Required ratio:   22.04 (Gate area) 
      Cumulative area ratio:    0.30
      Required ratio:    0.00 (Cumulative area) 

    Layer: met2
      Partial area ratio:    2.03
      Required ratio:    0.00 (Gate area) 
      Cumulative area ratio:   10.01
      Required ratio:    0.00 (Cumulative area) 
      Partial area ratio:    9.85
      Required ratio: 4169.24 (Side area) 
      Cumulative area ratio:   48.62
      Required ratio:    0.00 (Cumulative side area) 

    Layer: via2
      Partial area ratio:    0.01
      Required ratio:  147.23 (Gate area) 
      Cumulative area ratio:    0.31
      Required ratio:    0.00 (Cumulative area) 

    Layer: met3
      Partial area ratio:    6.25
      Required ratio:    0.00 (Gate area) 
      Cumulative area ratio:   16.26
      Required ratio:    0.00 (Cumulative area) 
      Partial area ratio:   33.82
      Required ratio: 4169.24 (Side area) 
      Cumulative area ratio:   82.44
      Required ratio:    0.00 (Cumulative side area) 

    Layer: via3
      Partial area ratio:    0.01
      Required ratio:  147.23 (Gate area) 
      Cumulative area ratio:    0.32
      Required ratio:    0.00 (Cumulative area) 

    Layer: met4
      Partial area ratio:    4.28
      Required ratio:    0.00 (Gate area) 
      Cumulative area ratio:   20.54
      Required ratio:    0.00 (Cumulative area) 
      Partial area ratio:   23.04
      Required ratio: 4169.24 (Side area) 
      Cumulative area ratio:  105.48
      Required ratio:    0.00 (Cumulative side area) 


  Pin:   _125959_/D (sky130_fd_sc_hd__dfrtp_2)
    Layer: mcon
      Partial area ratio:    0.23
      Required ratio:    3.00 (Gate area) 
      Cumulative area ratio:    0.23
      Required ratio:    0.00 (Cumulative area) 

    Layer: met1
      Partial area ratio:    9.86
      Required ratio:    0.00 (Gate area) 
      Cumulative area ratio:    9.86
      Required ratio:    0.00 (Cumulative area) 
      Partial area ratio:   47.83
      Required ratio:  400.00 (Side area) 
      Cumulative area ratio:   47.83
      Required ratio:    0.00 (Cumulative side area) 

    Layer: via
      Partial area ratio:    0.36
      Required ratio:    6.00 (Gate area) 
      Cumulative area ratio:    0.59
      Required ratio:    0.00 (Cumulative area) 

    Layer: met2
      Partial area ratio:    3.31
      Required ratio:    0.00 (Gate area) 
      Cumulative area ratio:   13.17
      Required ratio:    0.00 (Cumulative area) 
      Partial area ratio:   15.77
      Required ratio:  400.00 (Side area) 
      Cumulative area ratio:   63.60
      Required ratio:    0.00 (Cumulative side area) 

    Layer: via2
      Partial area ratio:    0.11
      Required ratio:    6.00 (Gate area) 
      Cumulative area ratio:    0.69
      Required ratio:    0.00 (Cumulative area) 

    Layer: met3
      Partial area ratio:   90.25
      Required ratio:    0.00 (Gate area) 
      Cumulative area ratio:  103.42
      Required ratio:    0.00 (Cumulative area) 
      Partial area ratio:  487.56
      Required ratio:  400.00 (Side area) (VIOLATED)
      Cumulative area ratio:  551.17
      Required ratio:    0.00 (Cumulative side area) 

    Layer: via3
      Partial area ratio:    0.11
      Required ratio:    6.00 (Gate area) 
      Cumulative area ratio:    0.80
      Required ratio:    0.00 (Cumulative area) 

    Layer: met4
      Partial area ratio:    4.28
      Required ratio:    0.00 (Gate area) 
      Cumulative area ratio:  107.70
      Required ratio:    0.00 (Cumulative area) 
      Partial area ratio:   23.04
      Required ratio: 4169.24 (Side area) 
      Cumulative area ratio:  574.20
      Required ratio:    0.00 (Cumulative side area) 


  Pin:   ANTENNA_884/DIODE (sky130_fd_sc_hd__diode_2)
    Layer: mcon
      Partial area ratio:    0.07
      Required ratio:   10.82 (Gate area) 
      Cumulative area ratio:    0.07
      Required ratio:    0.00 (Cumulative area) 

    Layer: met1
      Partial area ratio:    0.39
      Required ratio:    0.00 (Gate area) 
      Cumulative area ratio:    0.39
      Required ratio:    0.00 (Cumulative area) 
      Partial area ratio:    1.80
      Required ratio: 2773.88 (Side area) 
      Cumulative area ratio:    1.80
      Required ratio:    0.00 (Cumulative side area) 

    Layer: via
      Partial area ratio:    0.05
      Required ratio:   21.65 (Gate area) 
      Cumulative area ratio:    0.12
      Required ratio:    0.00 (Cumulative area) 

    Layer: met2
      Partial area ratio:    2.03
      Required ratio:    0.00 (Gate area) 
      Cumulative area ratio:    2.43
      Required ratio:    0.00 (Cumulative area) 
      Partial area ratio:    9.85
      Required ratio: 4169.24 (Side area) 
      Cumulative area ratio:   11.64
      Required ratio:    0.00 (Cumulative side area) 

    Layer: via2
      Partial area ratio:    0.01
      Required ratio:  147.23 (Gate area) 
      Cumulative area ratio:    0.13
      Required ratio:    0.00 (Cumulative area) 

    Layer: met3
      Partial area ratio:    6.25
      Required ratio:    0.00 (Gate area) 
      Cumulative area ratio:    8.68
      Required ratio:    0.00 (Cumulative area) 
      Partial area ratio:   33.82
      Required ratio: 4169.24 (Side area) 
      Cumulative area ratio:   45.46
      Required ratio:    0.00 (Cumulative side area) 

    Layer: via3
      Partial area ratio:    0.01
      Required ratio:  147.23 (Gate area) 
      Cumulative area ratio:    0.14
      Required ratio:    0.00 (Cumulative area) 

    Layer: met4
      Partial area ratio:    4.28
      Required ratio:    0.00 (Gate area) 
      Cumulative area ratio:   12.96
      Required ratio:    0.00 (Cumulative area) 
      Partial area ratio:   23.04
      Required ratio: 4169.24 (Side area) 
      Cumulative area ratio:   68.50
      Required ratio:    0.00 (Cumulative side area) 


  Pin:   ANTENNA_885/DIODE (sky130_fd_sc_hd__diode_2)
    Layer: mcon
      Partial area ratio:    0.07
      Required ratio:   10.82 (Gate area) 
      Cumulative area ratio:    0.07
      Required ratio:    0.00 (Cumulative area) 

    Layer: met1
      Partial area ratio:    0.19
      Required ratio:    0.00 (Gate area) 
      Cumulative area ratio:    0.19
      Required ratio:    0.00 (Cumulative area) 
      Partial area ratio:    0.93
      Required ratio: 2773.88 (Side area) 
      Cumulative area ratio:    0.93
      Required ratio:    0.00 (Cumulative side area) 

    Layer: via
      Partial area ratio:    0.05
      Required ratio:   21.65 (Gate area) 
      Cumulative area ratio:    0.12
      Required ratio:    0.00 (Cumulative area) 

    Layer: met2
      Partial area ratio:    2.03
      Required ratio:    0.00 (Gate area) 
      Cumulative area ratio:    2.22
      Required ratio:    0.00 (Cumulative area) 
      Partial area ratio:    9.85
      Required ratio: 4169.24 (Side area) 
      Cumulative area ratio:   10.78
      Required ratio:    0.00 (Cumulative side area) 

    Layer: via2
      Partial area ratio:    0.01
      Required ratio:  147.23 (Gate area) 
      Cumulative area ratio:    0.13
      Required ratio:    0.00 (Cumulative area) 

    Layer: met3
      Partial area ratio:    6.25
      Required ratio:    0.00 (Gate area) 
      Cumulative area ratio:    8.48
      Required ratio:    0.00 (Cumulative area) 
      Partial area ratio:   33.82
      Required ratio: 4169.24 (Side area) 
      Cumulative area ratio:   44.60
      Required ratio:    0.00 (Cumulative side area) 

    Layer: via3
      Partial area ratio:    0.01
      Required ratio:  147.23 (Gate area) 
      Cumulative area ratio:    0.14
      Required ratio:    0.00 (Cumulative area) 

    Layer: met4
      Partial area ratio:    4.28
      Required ratio:    0.00 (Gate area) 
      Cumulative area ratio:   12.76
      Required ratio:    0.00 (Cumulative area) 
      Partial area ratio:   23.04
      Required ratio: 4169.24 (Side area) 
      Cumulative area ratio:   67.64
      Required ratio:    0.00 (Cumulative side area) 


  Pin:   ANTENNA_886/DIODE (sky130_fd_sc_hd__diode_2)
    Layer: mcon
      Partial area ratio:    0.07
      Required ratio:   10.82 (Gate area) 
      Cumulative area ratio:    0.07
      Required ratio:    0.00 (Cumulative area) 

    Layer: met1
      Partial area ratio:    0.19
      Required ratio:    0.00 (Gate area) 
      Cumulative area ratio:    0.19
      Required ratio:    0.00 (Cumulative area) 
      Partial area ratio:    0.93
      Required ratio: 2773.88 (Side area) 
      Cumulative area ratio:    0.93
      Required ratio:    0.00 (Cumulative side area) 

    Layer: via
      Partial area ratio:    0.05
      Required ratio:   21.65 (Gate area) 
      Cumulative area ratio:    0.12
      Required ratio:    0.00 (Cumulative area) 

    Layer: met2
      Partial area ratio:    2.03
      Required ratio:    0.00 (Gate area) 
      Cumulative area ratio:    2.22
      Required ratio:    0.00 (Cumulative area) 
      Partial area ratio:    9.85
      Required ratio: 4169.24 (Side area) 
      Cumulative area ratio:   10.78
      Required ratio:    0.00 (Cumulative side area) 

    Layer: via2
      Partial area ratio:    0.01
      Required ratio:  147.23 (Gate area) 
      Cumulative area ratio:    0.13
      Required ratio:    0.00 (Cumulative area) 

    Layer: met3
      Partial area ratio:    6.25
      Required ratio:    0.00 (Gate area) 
      Cumulative area ratio:    8.48
      Required ratio:    0.00 (Cumulative area) 
      Partial area ratio:   33.82
      Required ratio: 4169.24 (Side area) 
      Cumulative area ratio:   44.60
      Required ratio:    0.00 (Cumulative side area) 

    Layer: via3
      Partial area ratio:    0.01
      Required ratio:  147.23 (Gate area) 
      Cumulative area ratio:    0.14
      Required ratio:    0.00 (Cumulative area) 

    Layer: met4
      Partial area ratio:    4.28
      Required ratio:    0.00 (Gate area) 
      Cumulative area ratio:   12.76
      Required ratio:    0.00 (Cumulative area) 
      Partial area ratio:   23.04
      Required ratio: 4169.24 (Side area) 
      Cumulative area ratio:   67.64
      Required ratio:    0.00 (Cumulative side area) 


  Pin:   ANTENNA_887/DIODE (sky130_fd_sc_hd__diode_2)
    Layer: mcon
      Partial area ratio:    0.07
      Required ratio:   10.82 (Gate area) 
      Cumulative area ratio:    0.07
      Required ratio:    0.00 (Cumulative area) 

    Layer: met1
      Partial area ratio:    0.39
      Required ratio:    0.00 (Gate area) 
      Cumulative area ratio:    0.39
      Required ratio:    0.00 (Cumulative area) 
      Partial area ratio:    1.80
      Required ratio: 2773.88 (Side area) 
      Cumulative area ratio:    1.80
      Required ratio:    0.00 (Cumulative side area) 

    Layer: via
      Partial area ratio:    0.05
      Required ratio:   21.65 (Gate area) 
      Cumulative area ratio:    0.12
      Required ratio:    0.00 (Cumulative area) 

    Layer: met2
      Partial area ratio:    2.03
      Required ratio:    0.00 (Gate area) 
      Cumulative area ratio:    2.43
      Required ratio:    0.00 (Cumulative area) 
      Partial area ratio:    9.85
      Required ratio: 4169.24 (Side area) 
      Cumulative area ratio:   11.64
      Required ratio:    0.00 (Cumulative side area) 

    Layer: via2
      Partial area ratio:    0.01
      Required ratio:  147.23 (Gate area) 
      Cumulative area ratio:    0.13
      Required ratio:    0.00 (Cumulative area) 

    Layer: met3
      Partial area ratio:    6.25
      Required ratio:    0.00 (Gate area) 
      Cumulative area ratio:    8.68
      Required ratio:    0.00 (Cumulative area) 
      Partial area ratio:   33.82
      Required ratio: 4169.24 (Side area) 
      Cumulative area ratio:   45.46
      Required ratio:    0.00 (Cumulative side area) 

    Layer: via3
      Partial area ratio:    0.01
      Required ratio:  147.23 (Gate area) 
      Cumulative area ratio:    0.14
      Required ratio:    0.00 (Cumulative area) 

    Layer: met4
      Partial area ratio:    4.28
      Required ratio:    0.00 (Gate area) 
      Cumulative area ratio:   12.96
      Required ratio:    0.00 (Cumulative area) 
      Partial area ratio:   23.04
      Required ratio: 4169.24 (Side area) 
      Cumulative area ratio:   68.50
      Required ratio:    0.00 (Cumulative side area) 


  Pin:   ANTENNA_888/DIODE (sky130_fd_sc_hd__diode_2)
    Layer: mcon
      Partial area ratio:    0.07
      Required ratio:   10.82 (Gate area) 
      Cumulative area ratio:    0.07
      Required ratio:    0.00 (Cumulative area) 

    Layer: met1
      Partial area ratio:    0.39
      Required ratio:    0.00 (Gate area) 
      Cumulative area ratio:    0.39
      Required ratio:    0.00 (Cumulative area) 
      Partial area ratio:    1.80
      Required ratio: 2773.88 (Side area) 
      Cumulative area ratio:    1.80
      Required ratio:    0.00 (Cumulative side area) 

    Layer: via
      Partial area ratio:    0.05
      Required ratio:   21.65 (Gate area) 
      Cumulative area ratio:    0.12
      Required ratio:    0.00 (Cumulative area) 

    Layer: met2
      Partial area ratio:    2.03
      Required ratio:    0.00 (Gate area) 
      Cumulative area ratio:    2.43
      Required ratio:    0.00 (Cumulative area) 
      Partial area ratio:    9.85
      Required ratio: 4169.24 (Side area) 
      Cumulative area ratio:   11.64
      Required ratio:    0.00 (Cumulative side area) 

    Layer: via2
      Partial area ratio:    0.01
      Required ratio:  147.23 (Gate area) 
      Cumulative area ratio:    0.13
      Required ratio:    0.00 (Cumulative area) 

    Layer: met3
      Partial area ratio:    6.25
      Required ratio:    0.00 (Gate area) 
      Cumulative area ratio:    8.68
      Required ratio:    0.00 (Cumulative area) 
      Partial area ratio:   33.82
      Required ratio: 4169.24 (Side area) 
      Cumulative area ratio:   45.46
      Required ratio:    0.00 (Cumulative side area) 

    Layer: via3
      Partial area ratio:    0.01
      Required ratio:  147.23 (Gate area) 
      Cumulative area ratio:    0.14
      Required ratio:    0.00 (Cumulative area) 

    Layer: met4
      Partial area ratio:    4.28
      Required ratio:    0.00 (Gate area) 
      Cumulative area ratio:   12.96
      Required ratio:    0.00 (Cumulative area) 
      Partial area ratio:   23.04
      Required ratio: 4169.24 (Side area) 
      Cumulative area ratio:   68.50
      Required ratio:    0.00 (Cumulative side area) 


  Pin:   ANTENNA_889/DIODE (sky130_fd_sc_hd__diode_2)
    Layer: mcon
      Partial area ratio:    0.13
      Required ratio:   10.82 (Gate area) 
      Cumulative area ratio:    0.13
      Required ratio:    0.00 (Cumulative area) 

    Layer: met1
      Partial area ratio:    0.79
      Required ratio:    0.00 (Gate area) 
      Cumulative area ratio:    0.79
      Required ratio:    0.00 (Cumulative area) 
      Partial area ratio:    3.59
      Required ratio: 2773.88 (Side area) 
      Cumulative area ratio:    3.59
      Required ratio:    0.00 (Cumulative side area) 

    Layer: via
      Partial area ratio:    0.10
      Required ratio:   21.65 (Gate area) 
      Cumulative area ratio:    0.24
      Required ratio:    0.00 (Cumulative area) 

    Layer: met2
      Partial area ratio:    2.03
      Required ratio:    0.00 (Gate area) 
      Cumulative area ratio:    2.82
      Required ratio:    0.00 (Cumulative area) 
      Partial area ratio:    9.85
      Required ratio: 4169.24 (Side area) 
      Cumulative area ratio:   13.44
      Required ratio:    0.00 (Cumulative side area) 

    Layer: via2
      Partial area ratio:    0.01
      Required ratio:  147.23 (Gate area) 
      Cumulative area ratio:    0.25
      Required ratio:    0.00 (Cumulative area) 

    Layer: met3
      Partial area ratio:    6.25
      Required ratio:    0.00 (Gate area) 
      Cumulative area ratio:    9.07
      Required ratio:    0.00 (Cumulative area) 
      Partial area ratio:   33.82
      Required ratio: 4169.24 (Side area) 
      Cumulative area ratio:   47.25
      Required ratio:    0.00 (Cumulative side area) 

    Layer: via3
      Partial area ratio:    0.01
      Required ratio:  147.23 (Gate area) 
      Cumulative area ratio:    0.26
      Required ratio:    0.00 (Cumulative area) 

    Layer: met4
      Partial area ratio:    4.28
      Required ratio:    0.00 (Gate area) 
      Cumulative area ratio:   13.35
      Required ratio:    0.00 (Cumulative area) 
      Partial area ratio:   23.04
      Required ratio: 4169.24 (Side area) 
      Cumulative area ratio:   70.29
      Required ratio:    0.00 (Cumulative side area) 


  Pin:   ANTENNA_890/DIODE (sky130_fd_sc_hd__diode_2)
    Layer: mcon
      Partial area ratio:    0.07
      Required ratio:   10.82 (Gate area) 
      Cumulative area ratio:    0.07
      Required ratio:    0.00 (Cumulative area) 

    Layer: met1
      Partial area ratio:    0.39
      Required ratio:    0.00 (Gate area) 
      Cumulative area ratio:    0.39
      Required ratio:    0.00 (Cumulative area) 
      Partial area ratio:    1.80
      Required ratio: 2773.88 (Side area) 
      Cumulative area ratio:    1.80
      Required ratio:    0.00 (Cumulative side area) 

    Layer: via
      Partial area ratio:    0.05
      Required ratio:   21.65 (Gate area) 
      Cumulative area ratio:    0.12
      Required ratio:    0.00 (Cumulative area) 

    Layer: met2
      Partial area ratio:    2.03
      Required ratio:    0.00 (Gate area) 
      Cumulative area ratio:    2.43
      Required ratio:    0.00 (Cumulative area) 
      Partial area ratio:    9.85
      Required ratio: 4169.24 (Side area) 
      Cumulative area ratio:   11.64
      Required ratio:    0.00 (Cumulative side area) 

    Layer: via2
      Partial area ratio:    0.01
      Required ratio:  147.23 (Gate area) 
      Cumulative area ratio:    0.13
      Required ratio:    0.00 (Cumulative area) 

    Layer: met3
      Partial area ratio:    6.25
      Required ratio:    0.00 (Gate area) 
      Cumulative area ratio:    8.68
      Required ratio:    0.00 (Cumulative area) 
      Partial area ratio:   33.82
      Required ratio: 4169.24 (Side area) 
      Cumulative area ratio:   45.46
      Required ratio:    0.00 (Cumulative side area) 

    Layer: via3
      Partial area ratio:    0.01
      Required ratio:  147.23 (Gate area) 
      Cumulative area ratio:    0.14
      Required ratio:    0.00 (Cumulative area) 

    Layer: met4
      Partial area ratio:    4.28
      Required ratio:    0.00 (Gate area) 
      Cumulative area ratio:   12.96
      Required ratio:    0.00 (Cumulative area) 
      Partial area ratio:   23.04
      Required ratio: 4169.24 (Side area) 
      Cumulative area ratio:   68.50
      Required ratio:    0.00 (Cumulative side area) 


  Pin:   ANTENNA_891/DIODE (sky130_fd_sc_hd__diode_2)
    Layer: mcon
      Partial area ratio:    0.07
      Required ratio:   10.82 (Gate area) 
      Cumulative area ratio:    0.07
      Required ratio:    0.00 (Cumulative area) 

    Layer: met1
      Partial area ratio:    0.39
      Required ratio:    0.00 (Gate area) 
      Cumulative area ratio:    0.39
      Required ratio:    0.00 (Cumulative area) 
      Partial area ratio:    1.80
      Required ratio: 2773.88 (Side area) 
      Cumulative area ratio:    1.80
      Required ratio:    0.00 (Cumulative side area) 

    Layer: via
      Partial area ratio:    0.05
      Required ratio:   21.65 (Gate area) 
      Cumulative area ratio:    0.12
      Required ratio:    0.00 (Cumulative area) 

    Layer: met2
      Partial area ratio:    2.03
      Required ratio:    0.00 (Gate area) 
      Cumulative area ratio:    2.43
      Required ratio:    0.00 (Cumulative area) 
      Partial area ratio:    9.85
      Required ratio: 4169.24 (Side area) 
      Cumulative area ratio:   11.64
      Required ratio:    0.00 (Cumulative side area) 

    Layer: via2
      Partial area ratio:    0.01
      Required ratio:  147.23 (Gate area) 
      Cumulative area ratio:    0.13
      Required ratio:    0.00 (Cumulative area) 

    Layer: met3
      Partial area ratio:    6.25
      Required ratio:    0.00 (Gate area) 
      Cumulative area ratio:    8.68
      Required ratio:    0.00 (Cumulative area) 
      Partial area ratio:   33.82
      Required ratio: 4169.24 (Side area) 
      Cumulative area ratio:   45.46
      Required ratio:    0.00 (Cumulative side area) 

    Layer: via3
      Partial area ratio:    0.01
      Required ratio:  147.23 (Gate area) 
      Cumulative area ratio:    0.14
      Required ratio:    0.00 (Cumulative area) 

    Layer: met4
      Partial area ratio:    4.28
      Required ratio:    0.00 (Gate area) 
      Cumulative area ratio:   12.96
      Required ratio:    0.00 (Cumulative area) 
      Partial area ratio:   23.04
      Required ratio: 4169.24 (Side area) 
      Cumulative area ratio:   68.50
      Required ratio:    0.00 (Cumulative side area) 



Net: rom_m0_rdata\[17\]
  Pin:   _060193_/A1 (sky130_fd_sc_hd__o211a_4)
    Layer: li1
      Partial area ratio:    0.00
      Required ratio:    0.00 (Gate area) 
      Cumulative area ratio:    0.00
      Required ratio:    0.00 (Cumulative area) 
      Partial area ratio:    0.07
      Required ratio:   75.00 (Side area) 
      Cumulative area ratio:    0.07
      Required ratio:    0.00 (Cumulative side area) 

    Layer: mcon
      Partial area ratio:    0.06
      Required ratio:    3.00 (Gate area) 
      Cumulative area ratio:    0.06
      Required ratio:    0.00 (Cumulative area) 

    Layer: met1
      Partial area ratio:    0.17
      Required ratio:    0.00 (Gate area) 
      Cumulative area ratio:    0.17
      Required ratio:    0.00 (Cumulative area) 
      Partial area ratio:    0.82
      Required ratio:  400.00 (Side area) 
      Cumulative area ratio:    0.89
      Required ratio:    0.00 (Cumulative side area) 

    Layer: via
      Partial area ratio:    0.05
      Required ratio:    6.00 (Gate area) 
      Cumulative area ratio:    0.10
      Required ratio:    0.00 (Cumulative area) 

    Layer: met2
      Partial area ratio:    0.42
      Required ratio:    0.00 (Gate area) 
      Cumulative area ratio:    0.59
      Required ratio:    0.00 (Cumulative area) 
      Partial area ratio:    1.77
      Required ratio:  400.00 (Side area) 
      Cumulative area ratio:    2.67
      Required ratio:    0.00 (Cumulative side area) 

    Layer: via2
      Partial area ratio:    0.08
      Required ratio:    6.00 (Gate area) 
      Cumulative area ratio:    0.18
      Required ratio:    0.00 (Cumulative area) 

    Layer: met3
      Partial area ratio:   71.20
      Required ratio:    0.00 (Gate area) 
      Cumulative area ratio:   71.79
      Required ratio:    0.00 (Cumulative area) 
      Partial area ratio:  380.44
      Required ratio: 2778.20 (Side area) 
      Cumulative area ratio:  383.11
      Required ratio:    0.00 (Cumulative side area) 

    Layer: via3
      Partial area ratio:    0.06
      Required ratio:   22.04 (Gate area) 
      Cumulative area ratio:    0.25
      Required ratio:    0.00 (Cumulative area) 

    Layer: met4
      Partial area ratio:    0.89
      Required ratio:    0.00 (Gate area) 
      Cumulative area ratio:   72.68
      Required ratio:    0.00 (Cumulative area) 
      Partial area ratio:    5.27
      Required ratio: 2778.20 (Side area) 
      Cumulative area ratio:  388.38
      Required ratio:    0.00 (Cumulative side area) 


  Pin:   _076090_/B1 (sky130_fd_sc_hd__a2bb2o_2)
    Layer: li1
      Partial area ratio:    0.01
      Required ratio:    0.00 (Gate area) 
      Cumulative area ratio:    0.01
      Required ratio:    0.00 (Cumulative area) 
      Partial area ratio:    0.22
      Required ratio:   75.00 (Side area) 
      Cumulative area ratio:    0.22
      Required ratio:    0.00 (Cumulative side area) 

    Layer: mcon
      Partial area ratio:    0.18
      Required ratio:    3.00 (Gate area) 
      Cumulative area ratio:    0.18
      Required ratio:    0.00 (Cumulative area) 

    Layer: met1
      Partial area ratio:    3.51
      Required ratio:    0.00 (Gate area) 
      Cumulative area ratio:    3.51
      Required ratio:    0.00 (Cumulative area) 
      Partial area ratio:   17.06
      Required ratio:  400.00 (Side area) 
      Cumulative area ratio:   17.28
      Required ratio:    0.00 (Cumulative side area) 

    Layer: via
      Partial area ratio:    0.14
      Required ratio:    6.00 (Gate area) 
      Cumulative area ratio:    0.32
      Required ratio:    0.00 (Cumulative area) 

    Layer: met2
      Partial area ratio:   27.47
      Required ratio:    0.00 (Gate area) 
      Cumulative area ratio:   30.99
      Required ratio:    0.00 (Cumulative area) 
      Partial area ratio:  134.87
      Required ratio: 2778.20 (Side area) 
      Cumulative area ratio:  152.15
      Required ratio:    0.00 (Cumulative side area) 

    Layer: via2
      Partial area ratio:    0.25
      Required ratio:   22.04 (Gate area) 
      Cumulative area ratio:    0.57
      Required ratio:    0.00 (Cumulative area) 

    Layer: met3
      Partial area ratio:   71.20
      Required ratio:    0.00 (Gate area) 
      Cumulative area ratio:  102.19
      Required ratio:    0.00 (Cumulative area) 
      Partial area ratio:  380.44
      Required ratio: 2778.20 (Side area) 
      Cumulative area ratio:  532.59
      Required ratio:    0.00 (Cumulative side area) 

    Layer: via3
      Partial area ratio:    0.06
      Required ratio:   22.04 (Gate area) 
      Cumulative area ratio:    0.64
      Required ratio:    0.00 (Cumulative area) 

    Layer: met4
      Partial area ratio:    0.89
      Required ratio:    0.00 (Gate area) 
      Cumulative area ratio:  103.08
      Required ratio:    0.00 (Cumulative area) 
      Partial area ratio:    5.27
      Required ratio: 2778.20 (Side area) 
      Cumulative area ratio:  537.86
      Required ratio:    0.00 (Cumulative side area) 


  Pin:   _081055_/A1 (sky130_fd_sc_hd__a221o_2)
    Layer: mcon
      Partial area ratio:    0.12
      Required ratio:    3.00 (Gate area) 
      Cumulative area ratio:    0.12
      Required ratio:    0.00 (Cumulative area) 

    Layer: met1
      Partial area ratio:    0.95
      Required ratio:    0.00 (Gate area) 
      Cumulative area ratio:    0.95
      Required ratio:    0.00 (Cumulative area) 
      Partial area ratio:    4.45
      Required ratio:  400.00 (Side area) 
      Cumulative area ratio:    4.45
      Required ratio:    0.00 (Cumulative side area) 

    Layer: via
      Partial area ratio:    0.09
      Required ratio:    6.00 (Gate area) 
      Cumulative area ratio:    0.21
      Required ratio:    0.00 (Cumulative area) 

    Layer: met2
      Partial area ratio:    1.81
      Required ratio:    0.00 (Gate area) 
      Cumulative area ratio:    2.76
      Required ratio:    0.00 (Cumulative area) 
      Partial area ratio:    8.36
      Required ratio:  400.00 (Side area) 
      Cumulative area ratio:   12.81
      Required ratio:    0.00 (Cumulative side area) 

    Layer: via2
      Partial area ratio:    0.16
      Required ratio:    6.00 (Gate area) 
      Cumulative area ratio:    0.37
      Required ratio:    0.00 (Cumulative area) 

    Layer: met3
      Partial area ratio:  408.85
      Required ratio:    0.00 (Gate area) 
      Cumulative area ratio:  411.61
      Required ratio:    0.00 (Cumulative area) 
      Partial area ratio: 2184.31
      Required ratio:  400.00 (Side area) (VIOLATED)
      Cumulative area ratio: 2197.12
      Required ratio:    0.00 (Cumulative side area) 

    Layer: via3
      Partial area ratio:    0.16
      Required ratio:    6.00 (Gate area) 
      Cumulative area ratio:    0.53
      Required ratio:    0.00 (Cumulative area) 

    Layer: met4
      Partial area ratio:    0.89
      Required ratio:    0.00 (Gate area) 
      Cumulative area ratio:  412.50
      Required ratio:    0.00 (Cumulative area) 
      Partial area ratio:    5.27
      Required ratio: 2778.20 (Side area) 
      Cumulative area ratio: 2202.39
      Required ratio:    0.00 (Cumulative side area) 



Net: s10_rdata\[14\]
  Pin:   _081621_/A2 (sky130_fd_sc_hd__a221o_2)
    Layer: li1
      Partial area ratio:    0.01
      Required ratio:    0.00 (Gate area) 
      Cumulative area ratio:    0.01
      Required ratio:    0.00 (Cumulative area) 
      Partial area ratio:    0.15
      Required ratio:   75.00 (Side area) 
      Cumulative area ratio:    0.15
      Required ratio:    0.00 (Cumulative side area) 

    Layer: mcon
      Partial area ratio:    0.12
      Required ratio:    3.00 (Gate area) 
      Cumulative area ratio:    0.12
      Required ratio:    0.00 (Cumulative area) 

    Layer: met1
      Partial area ratio:    0.82
      Required ratio:    0.00 (Gate area) 
      Cumulative area ratio:    0.83
      Required ratio:    0.00 (Cumulative area) 
      Partial area ratio:    3.80
      Required ratio:  400.00 (Side area) 
      Cumulative area ratio:    3.95
      Required ratio:    0.00 (Cumulative side area) 

    Layer: via
      Partial area ratio:    0.09
      Required ratio:    6.00 (Gate area) 
      Cumulative area ratio:    0.21
      Required ratio:    0.00 (Cumulative area) 

    Layer: met2
      Partial area ratio:    0.57
      Required ratio:    0.00 (Gate area) 
      Cumulative area ratio:    1.40
      Required ratio:    0.00 (Cumulative area) 
      Partial area ratio:    2.25
      Required ratio:  400.00 (Side area) 
      Cumulative area ratio:    6.20
      Required ratio:    0.00 (Cumulative side area) 

    Layer: via2
      Partial area ratio:    0.16
      Required ratio:    6.00 (Gate area) 
      Cumulative area ratio:    0.37
      Required ratio:    0.00 (Cumulative area) 

    Layer: met3
      Partial area ratio:    1.34
      Required ratio:    0.00 (Gate area) 
      Cumulative area ratio:    2.74
      Required ratio:    0.00 (Cumulative area) 
      Partial area ratio:    9.02
      Required ratio:  400.00 (Side area) 
      Cumulative area ratio:   15.22
      Required ratio:    0.00 (Cumulative side area) 

    Layer: via3
      Partial area ratio:    0.16
      Required ratio:    6.00 (Gate area) 
      Cumulative area ratio:    0.53
      Required ratio:    0.00 (Cumulative area) 

    Layer: met4
      Partial area ratio:   13.39
      Required ratio:    0.00 (Gate area) 
      Cumulative area ratio:   16.13
      Required ratio:    0.00 (Cumulative area) 
      Partial area ratio:   56.66
      Required ratio:  400.00 (Side area) 
      Cumulative area ratio:   71.88
      Required ratio:    0.00 (Cumulative side area) 

    Layer: via4
      Partial area ratio:    2.59
      Required ratio:    6.00 (Gate area) 
      Cumulative area ratio:    3.12
      Required ratio:    0.00 (Cumulative area) 

    Layer: met5
      Partial area ratio:  523.14
      Required ratio:    0.00 (Gate area) 
      Cumulative area ratio:  539.27
      Required ratio:    0.00 (Cumulative area) 
      Partial area ratio:  794.99
      Required ratio: 2778.20 (Side area) 
      Cumulative area ratio:  866.87
      Required ratio:    0.00 (Cumulative side area) 


  Pin:   _091156_/A0 (sky130_fd_sc_hd__mux2_1)
    Layer: li1
      Partial area ratio:    0.01
      Required ratio:    0.00 (Gate area) 
      Cumulative area ratio:    0.01
      Required ratio:    0.00 (Cumulative area) 
      Partial area ratio:    0.28
      Required ratio:   75.00 (Side area) 
      Cumulative area ratio:    0.28
      Required ratio:    0.00 (Cumulative side area) 

    Layer: mcon
      Partial area ratio:    0.23
      Required ratio:    3.00 (Gate area) 
      Cumulative area ratio:    0.23
      Required ratio:    0.00 (Cumulative area) 

    Layer: met1
      Partial area ratio:    9.54
      Required ratio:    0.00 (Gate area) 
      Cumulative area ratio:    9.55
      Required ratio:    0.00 (Cumulative area) 
      Partial area ratio:   47.08
      Required ratio:  400.00 (Side area) 
      Cumulative area ratio:   47.36
      Required ratio:    0.00 (Cumulative side area) 

    Layer: via
      Partial area ratio:    0.18
      Required ratio:    6.00 (Gate area) 
      Cumulative area ratio:    0.41
      Required ratio:    0.00 (Cumulative area) 

    Layer: met2
      Partial area ratio:    3.48
      Required ratio:    0.00 (Gate area) 
      Cumulative area ratio:   13.02
      Required ratio:    0.00 (Cumulative area) 
      Partial area ratio:   15.33
      Required ratio: 2778.20 (Side area) 
      Cumulative area ratio:   62.69
      Required ratio:    0.00 (Cumulative side area) 

    Layer: via2
      Partial area ratio:    0.32
      Required ratio:   22.04 (Gate area) 
      Cumulative area ratio:    0.73
      Required ratio:    0.00 (Cumulative area) 

    Layer: met3
      Partial area ratio:  556.20
      Required ratio:    0.00 (Gate area) 
      Cumulative area ratio:  569.22
      Required ratio:    0.00 (Cumulative area) 
      Partial area ratio: 2970.10
      Required ratio: 2778.20 (Side area) (VIOLATED)
      Cumulative area ratio: 3032.79
      Required ratio:    0.00 (Cumulative side area) 

    Layer: via3
      Partial area ratio:    0.32
      Required ratio:   22.04 (Gate area) 
      Cumulative area ratio:    1.04
      Required ratio:    0.00 (Cumulative area) 

    Layer: met4
      Partial area ratio: 1204.97
      Required ratio:    0.00 (Gate area) 
      Cumulative area ratio: 1774.20
      Required ratio:    0.00 (Cumulative area) 
      Partial area ratio: 6397.52
      Required ratio: 2778.20 (Side area) (VIOLATED)
      Cumulative area ratio: 9430.31
      Required ratio:    0.00 (Cumulative side area) 

    Layer: via4
      Partial area ratio:    5.08
      Required ratio:   22.04 (Gate area) 
      Cumulative area ratio:    6.12
      Required ratio:    0.00 (Cumulative area) 

    Layer: met5
      Partial area ratio:  523.14
      Required ratio:    0.00 (Gate area) 
      Cumulative area ratio: 2297.33
      Required ratio:    0.00 (Cumulative area) 
      Partial area ratio:  794.99
      Required ratio: 2778.20 (Side area) 
      Cumulative area ratio: 10225.30
      Required ratio:    0.00 (Cumulative side area) 



Net: s4_rdata\[20\]
  Pin:   _081423_/B1 (sky130_fd_sc_hd__a221o_2)
    Layer: mcon
      Partial area ratio:    0.12
      Required ratio:    3.00 (Gate area) 
      Cumulative area ratio:    0.12
      Required ratio:    0.00 (Cumulative area) 

    Layer: met1
      Partial area ratio:    0.34
      Required ratio:    0.00 (Gate area) 
      Cumulative area ratio:    0.34
      Required ratio:    0.00 (Cumulative area) 
      Partial area ratio:    1.64
      Required ratio:  400.00 (Side area) 
      Cumulative area ratio:    1.64
      Required ratio:    0.00 (Cumulative side area) 

    Layer: via
      Partial area ratio:    0.09
      Required ratio:    6.00 (Gate area) 
      Cumulative area ratio:    0.21
      Required ratio:    0.00 (Cumulative area) 

    Layer: met2
      Partial area ratio:  278.50
      Required ratio:    0.00 (Gate area) 
      Cumulative area ratio:  278.84
      Required ratio:    0.00 (Cumulative area) 
      Partial area ratio: 1388.47
      Required ratio:  400.00 (Side area) (VIOLATED)
      Cumulative area ratio: 1390.12
      Required ratio:    0.00 (Cumulative side area) 

    Layer: via2
      Partial area ratio:    0.16
      Required ratio:    6.00 (Gate area) 
      Cumulative area ratio:    0.37
      Required ratio:    0.00 (Cumulative area) 

    Layer: met3
      Partial area ratio:   40.90
      Required ratio:    0.00 (Gate area) 
      Cumulative area ratio:  319.74
      Required ratio:    0.00 (Cumulative area) 
      Partial area ratio:  220.06
      Required ratio: 2778.20 (Side area) 
      Cumulative area ratio: 1610.17
      Required ratio:    0.00 (Cumulative side area) 


  Pin:   _113577_/A1 (sky130_fd_sc_hd__o21a_2)
    Layer: mcon
      Partial area ratio:    0.12
      Required ratio:    3.00 (Gate area) 
      Cumulative area ratio:    0.12
      Required ratio:    0.00 (Cumulative area) 

    Layer: met1
      Partial area ratio:    0.69
      Required ratio:    0.00 (Gate area) 
      Cumulative area ratio:    0.69
      Required ratio:    0.00 (Cumulative area) 
      Partial area ratio:    3.15
      Required ratio:  400.00 (Side area) 
      Cumulative area ratio:    3.15
      Required ratio:    0.00 (Cumulative side area) 

    Layer: via
      Partial area ratio:    0.09
      Required ratio:    6.00 (Gate area) 
      Cumulative area ratio:    0.21
      Required ratio:    0.00 (Cumulative area) 

    Layer: met2
      Partial area ratio:    3.48
      Required ratio:    0.00 (Gate area) 
      Cumulative area ratio:    4.17
      Required ratio:    0.00 (Cumulative area) 
      Partial area ratio:   15.82
      Required ratio: 2778.20 (Side area) 
      Cumulative area ratio:   18.98
      Required ratio:    0.00 (Cumulative side area) 

    Layer: via2
      Partial area ratio:    0.16
      Required ratio:   22.04 (Gate area) 
      Cumulative area ratio:    0.37
      Required ratio:    0.00 (Cumulative area) 

    Layer: met3
      Partial area ratio:   40.90
      Required ratio:    0.00 (Gate area) 
      Cumulative area ratio:   45.07
      Required ratio:    0.00 (Cumulative area) 
      Partial area ratio:  220.06
      Required ratio: 2778.20 (Side area) 
      Cumulative area ratio:  239.03
      Required ratio:    0.00 (Cumulative side area) 



Net: s4_rdata\[7\]
  Pin:   _081830_/B1 (sky130_fd_sc_hd__a22o_2)
    Layer: mcon
      Partial area ratio:    0.12
      Required ratio:    3.00 (Gate area) 
      Cumulative area ratio:    0.12
      Required ratio:    0.00 (Cumulative area) 

    Layer: met1
      Partial area ratio:    0.34
      Required ratio:    0.00 (Gate area) 
      Cumulative area ratio:    0.34
      Required ratio:    0.00 (Cumulative area) 
      Partial area ratio:    1.64
      Required ratio:  400.00 (Side area) 
      Cumulative area ratio:    1.64
      Required ratio:    0.00 (Cumulative side area) 

    Layer: via
      Partial area ratio:    0.09
      Required ratio:    6.00 (Gate area) 
      Cumulative area ratio:    0.21
      Required ratio:    0.00 (Cumulative area) 

    Layer: met2
      Partial area ratio:   39.42
      Required ratio:    0.00 (Gate area) 
      Cumulative area ratio:   39.76
      Required ratio:    0.00 (Cumulative area) 
      Partial area ratio:  195.93
      Required ratio:  400.00 (Side area) 
      Cumulative area ratio:  197.57
      Required ratio:    0.00 (Cumulative side area) 

    Layer: via2
      Partial area ratio:    0.16
      Required ratio:    6.00 (Gate area) 
      Cumulative area ratio:    0.37
      Required ratio:    0.00 (Cumulative area) 

    Layer: met3
      Partial area ratio:  319.12
      Required ratio:    0.00 (Gate area) 
      Cumulative area ratio:  358.87
      Required ratio:    0.00 (Cumulative area) 
      Partial area ratio: 1709.54
      Required ratio:  400.00 (Side area) (VIOLATED)
      Cumulative area ratio: 1907.11
      Required ratio:    0.00 (Cumulative side area) 

    Layer: via3
      Partial area ratio:    0.16
      Required ratio:    6.00 (Gate area) 
      Cumulative area ratio:    0.53
      Required ratio:    0.00 (Cumulative area) 

    Layer: met4
      Partial area ratio:   24.14
      Required ratio:    0.00 (Gate area) 
      Cumulative area ratio:  383.02
      Required ratio:    0.00 (Cumulative area) 
      Partial area ratio:  129.71
      Required ratio: 2778.20 (Side area) 
      Cumulative area ratio: 2036.83
      Required ratio:    0.00 (Cumulative side area) 


  Pin:   _113538_/A1 (sky130_fd_sc_hd__o21a_2)
    Layer: mcon
      Partial area ratio:    0.12
      Required ratio:    3.00 (Gate area) 
      Cumulative area ratio:    0.12
      Required ratio:    0.00 (Cumulative area) 

    Layer: met1
      Partial area ratio:    4.08
      Required ratio:    0.00 (Gate area) 
      Cumulative area ratio:    4.08
      Required ratio:    0.00 (Cumulative area) 
      Partial area ratio:   20.07
      Required ratio:  400.00 (Side area) 
      Cumulative area ratio:   20.07
      Required ratio:    0.00 (Cumulative side area) 

    Layer: via
      Partial area ratio:    0.09
      Required ratio:    6.00 (Gate area) 
      Cumulative area ratio:    0.21
      Required ratio:    0.00 (Cumulative area) 

    Layer: met2
      Partial area ratio:   41.61
      Required ratio:    0.00 (Gate area) 
      Cumulative area ratio:   45.68
      Required ratio:    0.00 (Cumulative area) 
      Partial area ratio:  205.43
      Required ratio: 2778.20 (Side area) 
      Cumulative area ratio:  225.50
      Required ratio:    0.00 (Cumulative side area) 

    Layer: via2
      Partial area ratio:    0.16
      Required ratio:   22.04 (Gate area) 
      Cumulative area ratio:    0.37
      Required ratio:    0.00 (Cumulative area) 

    Layer: met3
      Partial area ratio:   69.63
      Required ratio:    0.00 (Gate area) 
      Cumulative area ratio:  115.31
      Required ratio:    0.00 (Cumulative area) 
      Partial area ratio:  373.24
      Required ratio: 2778.20 (Side area) 
      Cumulative area ratio:  598.74
      Required ratio:    0.00 (Cumulative side area) 

    Layer: via3
      Partial area ratio:    0.16
      Required ratio:   22.04 (Gate area) 
      Cumulative area ratio:    0.53
      Required ratio:    0.00 (Cumulative area) 

    Layer: met4
      Partial area ratio:   24.14
      Required ratio:    0.00 (Gate area) 
      Cumulative area ratio:  139.45
      Required ratio:    0.00 (Cumulative area) 
      Partial area ratio:  129.71
      Required ratio: 2778.20 (Side area) 
      Cumulative area ratio:  728.45
      Required ratio:    0.00 (Cumulative side area) 



Net: u_npu.tcm_addr_a\[0\]
  Pin:   wire562/A (sky130_fd_sc_hd__clkbuf_2)
    Layer: mcon
      Partial area ratio:    0.14
      Required ratio:    3.00 (Gate area) 
      Cumulative area ratio:    0.14
      Required ratio:    0.00 (Cumulative area) 

    Layer: met1
      Partial area ratio:    0.39
      Required ratio:    0.00 (Gate area) 
      Cumulative area ratio:    0.39
      Required ratio:    0.00 (Cumulative area) 
      Partial area ratio:    1.91
      Required ratio:  400.00 (Side area) 
      Cumulative area ratio:    1.91
      Required ratio:    0.00 (Cumulative side area) 

    Layer: via
      Partial area ratio:    0.11
      Required ratio:    6.00 (Gate area) 
      Cumulative area ratio:    0.24
      Required ratio:    0.00 (Cumulative area) 

    Layer: met2
      Partial area ratio:  125.58
      Required ratio:    0.00 (Gate area) 
      Cumulative area ratio:  125.97
      Required ratio:    0.00 (Cumulative area) 
      Partial area ratio:  626.22
      Required ratio: 3121.64 (Side area) 
      Cumulative area ratio:  628.13
      Required ratio:    0.00 (Cumulative side area) 

    Layer: via2
      Partial area ratio:    0.06
      Required ratio:   52.95 (Gate area) 
      Cumulative area ratio:    0.30
      Required ratio:    0.00 (Cumulative area) 

    Layer: met3
      Partial area ratio:   14.31
      Required ratio:    0.00 (Gate area) 
      Cumulative area ratio:  140.27
      Required ratio:    0.00 (Cumulative area) 
      Partial area ratio:   76.85
      Required ratio: 3469.40 (Side area) 
      Cumulative area ratio:  704.98
      Required ratio:    0.00 (Cumulative side area) 

    Layer: via3
      Partial area ratio:    0.01
      Required ratio:   84.25 (Gate area) 
      Cumulative area ratio:    0.32
      Required ratio:    0.00 (Cumulative area) 

    Layer: met4
      Partial area ratio:   41.27
      Required ratio:    0.00 (Gate area) 
      Cumulative area ratio:  181.54
      Required ratio:    0.00 (Cumulative area) 
      Partial area ratio:  220.61
      Required ratio: 4182.20 (Side area) 
      Cumulative area ratio:  925.59
      Required ratio:    0.00 (Cumulative side area) 


  Pin:   load_slew563/A (sky130_fd_sc_hd__buf_1)
    Layer: mcon
      Partial area ratio:    0.15
      Required ratio:    3.00 (Gate area) 
      Cumulative area ratio:    0.15
      Required ratio:    0.00 (Cumulative area) 

    Layer: met1
      Partial area ratio:    0.42
      Required ratio:    0.00 (Gate area) 
      Cumulative area ratio:    0.42
      Required ratio:    0.00 (Cumulative area) 
      Partial area ratio:    2.07
      Required ratio:  400.00 (Side area) 
      Cumulative area ratio:    2.07
      Required ratio:    0.00 (Cumulative side area) 

    Layer: via
      Partial area ratio:    0.11
      Required ratio:    6.00 (Gate area) 
      Cumulative area ratio:    0.26
      Required ratio:    0.00 (Cumulative area) 

    Layer: met2
      Partial area ratio:  125.58
      Required ratio:    0.00 (Gate area) 
      Cumulative area ratio:  126.00
      Required ratio:    0.00 (Cumulative area) 
      Partial area ratio:  626.22
      Required ratio: 3121.64 (Side area) 
      Cumulative area ratio:  628.29
      Required ratio:    0.00 (Cumulative side area) 

    Layer: via2
      Partial area ratio:    0.06
      Required ratio:   52.95 (Gate area) 
      Cumulative area ratio:    0.32
      Required ratio:    0.00 (Cumulative area) 

    Layer: met3
      Partial area ratio:   14.31
      Required ratio:    0.00 (Gate area) 
      Cumulative area ratio:  140.31
      Required ratio:    0.00 (Cumulative area) 
      Partial area ratio:   76.85
      Required ratio: 3469.40 (Side area) 
      Cumulative area ratio:  705.14
      Required ratio:    0.00 (Cumulative side area) 

    Layer: via3
      Partial area ratio:    0.01
      Required ratio:   84.25 (Gate area) 
      Cumulative area ratio:    0.34
      Required ratio:    0.00 (Cumulative area) 

    Layer: met4
      Partial area ratio:   41.27
      Required ratio:    0.00 (Gate area) 
      Cumulative area ratio:  181.57
      Required ratio:    0.00 (Cumulative area) 
      Partial area ratio:  220.61
      Required ratio: 4182.20 (Side area) 
      Cumulative area ratio:  925.75
      Required ratio:    0.00 (Cumulative side area) 


  Pin:   load_slew564/A (sky130_fd_sc_hd__buf_1)
    Layer: mcon
      Partial area ratio:    0.15
      Required ratio:    3.00 (Gate area) 
      Cumulative area ratio:    0.15
      Required ratio:    0.00 (Cumulative area) 

    Layer: met1
      Partial area ratio:    0.42
      Required ratio:    0.00 (Gate area) 
      Cumulative area ratio:    0.42
      Required ratio:    0.00 (Cumulative area) 
      Partial area ratio:    2.07
      Required ratio:  400.00 (Side area) 
      Cumulative area ratio:    2.07
      Required ratio:    0.00 (Cumulative side area) 

    Layer: via
      Partial area ratio:    0.11
      Required ratio:    6.00 (Gate area) 
      Cumulative area ratio:    0.26
      Required ratio:    0.00 (Cumulative area) 

    Layer: met2
      Partial area ratio:    1.03
      Required ratio:    0.00 (Gate area) 
      Cumulative area ratio:    1.45
      Required ratio:    0.00 (Cumulative area) 
      Partial area ratio:    4.70
      Required ratio: 2773.88 (Side area) 
      Cumulative area ratio:    6.77
      Required ratio:    0.00 (Cumulative side area) 

    Layer: via2
      Partial area ratio:    0.06
      Required ratio:   21.65 (Gate area) 
      Cumulative area ratio:    0.32
      Required ratio:    0.00 (Cumulative area) 

    Layer: met3
      Partial area ratio:   14.31
      Required ratio:    0.00 (Gate area) 
      Cumulative area ratio:   15.76
      Required ratio:    0.00 (Cumulative area) 
      Partial area ratio:   76.85
      Required ratio: 3469.40 (Side area) 
      Cumulative area ratio:   83.62
      Required ratio:    0.00 (Cumulative side area) 

    Layer: via3
      Partial area ratio:    0.01
      Required ratio:   84.25 (Gate area) 
      Cumulative area ratio:    0.34
      Required ratio:    0.00 (Cumulative area) 

    Layer: met4
      Partial area ratio:   41.27
      Required ratio:    0.00 (Gate area) 
      Cumulative area ratio:   57.02
      Required ratio:    0.00 (Cumulative area) 
      Partial area ratio:  220.61
      Required ratio: 4182.20 (Side area) 
      Cumulative area ratio:  304.23
      Required ratio:    0.00 (Cumulative side area) 


  Pin:   wire565/A (sky130_fd_sc_hd__clkbuf_2)
    Layer: mcon
      Partial area ratio:    0.14
      Required ratio:    3.00 (Gate area) 
      Cumulative area ratio:    0.14
      Required ratio:    0.00 (Cumulative area) 

    Layer: met1
      Partial area ratio:   61.72
      Required ratio:    0.00 (Gate area) 
      Cumulative area ratio:   61.72
      Required ratio:    0.00 (Cumulative area) 
      Partial area ratio:  308.25
      Required ratio:  400.00 (Side area) 
      Cumulative area ratio:  308.25
      Required ratio:    0.00 (Cumulative side area) 

    Layer: via
      Partial area ratio:    0.11
      Required ratio:    6.00 (Gate area) 
      Cumulative area ratio:    0.24
      Required ratio:    0.00 (Cumulative area) 

    Layer: met2
      Partial area ratio:  409.62
      Required ratio:    0.00 (Gate area) 
      Cumulative area ratio:  471.34
      Required ratio:    0.00 (Cumulative area) 
      Partial area ratio: 2044.51
      Required ratio:  400.00 (Side area) (VIOLATED)
      Cumulative area ratio: 2352.76
      Required ratio:    0.00 (Cumulative side area) 

    Layer: via2
      Partial area ratio:    0.19
      Required ratio:    6.00 (Gate area) 
      Cumulative area ratio:    0.43
      Required ratio:    0.00 (Cumulative area) 

    Layer: met3
      Partial area ratio:   14.31
      Required ratio:    0.00 (Gate area) 
      Cumulative area ratio:  485.65
      Required ratio:    0.00 (Cumulative area) 
      Partial area ratio:   76.85
      Required ratio: 3469.40 (Side area) 
      Cumulative area ratio: 2429.60
      Required ratio:    0.00 (Cumulative side area) 

    Layer: via3
      Partial area ratio:    0.01
      Required ratio:   84.25 (Gate area) 
      Cumulative area ratio:    0.44
      Required ratio:    0.00 (Cumulative area) 

    Layer: met4
      Partial area ratio:   41.27
      Required ratio:    0.00 (Gate area) 
      Cumulative area ratio:  526.91
      Required ratio:    0.00 (Cumulative area) 
      Partial area ratio:  220.61
      Required ratio: 4182.20 (Side area) 
      Cumulative area ratio: 2650.22
      Required ratio:    0.00 (Cumulative side area) 


  Pin:   load_slew566/A (sky130_fd_sc_hd__buf_1)
    Layer: mcon
      Partial area ratio:    0.15
      Required ratio:    3.00 (Gate area) 
      Cumulative area ratio:    0.15
      Required ratio:    0.00 (Cumulative area) 

    Layer: met1
      Partial area ratio:    1.95
      Required ratio:    0.00 (Gate area) 
      Cumulative area ratio:    1.95
      Required ratio:    0.00 (Cumulative area) 
      Partial area ratio:    9.57
      Required ratio: 2773.88 (Side area) 
      Cumulative area ratio:    9.57
      Required ratio:    0.00 (Cumulative side area) 

    Layer: via
      Partial area ratio:    0.04
      Required ratio:   21.65 (Gate area) 
      Cumulative area ratio:    0.18
      Required ratio:    0.00 (Cumulative area) 

    Layer: met2
      Partial area ratio:    2.08
      Required ratio:    0.00 (Gate area) 
      Cumulative area ratio:    4.03
      Required ratio:    0.00 (Cumulative area) 
      Partial area ratio:    9.51
      Required ratio: 2773.88 (Side area) 
      Cumulative area ratio:   19.07
      Required ratio:    0.00 (Cumulative side area) 

    Layer: via2
      Partial area ratio:    0.06
      Required ratio:   21.65 (Gate area) 
      Cumulative area ratio:    0.25
      Required ratio:    0.00 (Cumulative area) 

    Layer: met3
      Partial area ratio:   14.31
      Required ratio:    0.00 (Gate area) 
      Cumulative area ratio:   18.34
      Required ratio:    0.00 (Cumulative area) 
      Partial area ratio:   76.85
      Required ratio: 3469.40 (Side area) 
      Cumulative area ratio:   95.92
      Required ratio:    0.00 (Cumulative side area) 

    Layer: via3
      Partial area ratio:    0.01
      Required ratio:   84.25 (Gate area) 
      Cumulative area ratio:    0.26
      Required ratio:    0.00 (Cumulative area) 

    Layer: met4
      Partial area ratio:   41.27
      Required ratio:    0.00 (Gate area) 
      Cumulative area ratio:   59.61
      Required ratio:    0.00 (Cumulative area) 
      Partial area ratio:  220.61
      Required ratio: 4182.20 (Side area) 
      Cumulative area ratio:  316.53
      Required ratio:    0.00 (Cumulative side area) 


  Pin:   load_slew567/A (sky130_fd_sc_hd__buf_1)
    Layer: mcon
      Partial area ratio:    0.15
      Required ratio:    3.00 (Gate area) 
      Cumulative area ratio:    0.15
      Required ratio:    0.00 (Cumulative area) 

    Layer: met1
      Partial area ratio:    0.48
      Required ratio:    0.00 (Gate area) 
      Cumulative area ratio:    0.48
      Required ratio:    0.00 (Cumulative area) 
      Partial area ratio:    2.26
      Required ratio: 2773.88 (Side area) 
      Cumulative area ratio:    2.26
      Required ratio:    0.00 (Cumulative side area) 

    Layer: via
      Partial area ratio:    0.04
      Required ratio:   21.65 (Gate area) 
      Cumulative area ratio:    0.18
      Required ratio:    0.00 (Cumulative area) 

    Layer: met2
      Partial area ratio:  125.58
      Required ratio:    0.00 (Gate area) 
      Cumulative area ratio:  126.05
      Required ratio:    0.00 (Cumulative area) 
      Partial area ratio:  626.22
      Required ratio: 3121.64 (Side area) 
      Cumulative area ratio:  628.48
      Required ratio:    0.00 (Cumulative side area) 

    Layer: via2
      Partial area ratio:    0.06
      Required ratio:   52.95 (Gate area) 
      Cumulative area ratio:    0.25
      Required ratio:    0.00 (Cumulative area) 

    Layer: met3
      Partial area ratio:   14.31
      Required ratio:    0.00 (Gate area) 
      Cumulative area ratio:  140.36
      Required ratio:    0.00 (Cumulative area) 
      Partial area ratio:   76.85
      Required ratio: 3469.40 (Side area) 
      Cumulative area ratio:  705.33
      Required ratio:    0.00 (Cumulative side area) 

    Layer: via3
      Partial area ratio:    0.01
      Required ratio:   84.25 (Gate area) 
      Cumulative area ratio:    0.26
      Required ratio:    0.00 (Cumulative area) 

    Layer: met4
      Partial area ratio:   41.27
      Required ratio:    0.00 (Gate area) 
      Cumulative area ratio:  181.63
      Required ratio:    0.00 (Cumulative area) 
      Partial area ratio:  220.61
      Required ratio: 4182.20 (Side area) 
      Cumulative area ratio:  925.94
      Required ratio:    0.00 (Cumulative side area) 


  Pin:   wire576/A (sky130_fd_sc_hd__clkbuf_16)
    Layer: mcon
      Partial area ratio:    0.03
      Required ratio:    3.00 (Gate area) 
      Cumulative area ratio:    0.03
      Required ratio:    0.00 (Cumulative area) 

    Layer: met1
      Partial area ratio:    0.10
      Required ratio:    0.00 (Gate area) 
      Cumulative area ratio:    0.10
      Required ratio:    0.00 (Cumulative area) 
      Partial area ratio:    0.48
      Required ratio:  400.00 (Side area) 
      Cumulative area ratio:    0.48
      Required ratio:    0.00 (Cumulative side area) 

    Layer: via
      Partial area ratio:    0.03
      Required ratio:    6.00 (Gate area) 
      Cumulative area ratio:    0.06
      Required ratio:    0.00 (Cumulative area) 

    Layer: met2
      Partial area ratio:    0.89
      Required ratio:    0.00 (Gate area) 
      Cumulative area ratio:    0.99
      Required ratio:    0.00 (Cumulative area) 
      Partial area ratio:    4.12
      Required ratio:  400.00 (Side area) 
      Cumulative area ratio:    4.60
      Required ratio:    0.00 (Cumulative side area) 

    Layer: via2
      Partial area ratio:    0.05
      Required ratio:    6.00 (Gate area) 
      Cumulative area ratio:    0.11
      Required ratio:    0.00 (Cumulative area) 

    Layer: met3
      Partial area ratio:  144.75
      Required ratio:    0.00 (Gate area) 
      Cumulative area ratio:  145.74
      Required ratio:    0.00 (Cumulative area) 
      Partial area ratio:  774.24
      Required ratio: 3312.80 (Side area) 
      Cumulative area ratio:  778.84
      Required ratio:    0.00 (Cumulative side area) 

    Layer: via3
      Partial area ratio:    0.04
      Required ratio:   70.15 (Gate area) 
      Cumulative area ratio:    0.15
      Required ratio:    0.00 (Cumulative area) 

    Layer: met4
      Partial area ratio:   41.27
      Required ratio:    0.00 (Gate area) 
      Cumulative area ratio:  187.01
      Required ratio:    0.00 (Cumulative area) 
      Partial area ratio:  220.61
      Required ratio: 4182.20 (Side area) 
      Cumulative area ratio:  999.45
      Required ratio:    0.00 (Cumulative side area) 


  Pin:   load_slew577/A (sky130_fd_sc_hd__buf_1)
    Layer: mcon
      Partial area ratio:    0.15
      Required ratio:    3.00 (Gate area) 
      Cumulative area ratio:    0.15
      Required ratio:    0.00 (Cumulative area) 

    Layer: met1
      Partial area ratio:    1.86
      Required ratio:    0.00 (Gate area) 
      Cumulative area ratio:    1.86
      Required ratio:    0.00 (Cumulative area) 
      Partial area ratio:    8.89
      Required ratio:  400.00 (Side area) 
      Cumulative area ratio:    8.89
      Required ratio:    0.00 (Cumulative side area) 

    Layer: via
      Partial area ratio:    0.11
      Required ratio:    6.00 (Gate area) 
      Cumulative area ratio:    0.26
      Required ratio:    0.00 (Cumulative area) 

    Layer: met2
      Partial area ratio:   18.73
      Required ratio:    0.00 (Gate area) 
      Cumulative area ratio:   20.59
      Required ratio:    0.00 (Cumulative area) 
      Partial area ratio:   91.04
      Required ratio: 3312.80 (Side area) 
      Cumulative area ratio:   99.92
      Required ratio:    0.00 (Cumulative side area) 

    Layer: via2
      Partial area ratio:    0.20
      Required ratio:   70.15 (Gate area) 
      Cumulative area ratio:    0.47
      Required ratio:    0.00 (Cumulative area) 

    Layer: met3
      Partial area ratio:  144.75
      Required ratio:    0.00 (Gate area) 
      Cumulative area ratio:  165.34
      Required ratio:    0.00 (Cumulative area) 
      Partial area ratio:  774.24
      Required ratio: 3312.80 (Side area) 
      Cumulative area ratio:  874.16
      Required ratio:    0.00 (Cumulative side area) 

    Layer: via3
      Partial area ratio:    0.04
      Required ratio:   70.15 (Gate area) 
      Cumulative area ratio:    0.50
      Required ratio:    0.00 (Cumulative area) 

    Layer: met4
      Partial area ratio:   41.27
      Required ratio:    0.00 (Gate area) 
      Cumulative area ratio:  206.60
      Required ratio:    0.00 (Cumulative area) 
      Partial area ratio:  220.61
      Required ratio: 4182.20 (Side area) 
      Cumulative area ratio: 1094.78
      Required ratio:    0.00 (Cumulative side area) 


  Pin:   ANTENNA_1273/DIODE (sky130_fd_sc_hd__diode_2)
    Layer: mcon
      Partial area ratio:    0.13
      Required ratio:   10.82 (Gate area) 
      Cumulative area ratio:    0.13
      Required ratio:    0.00 (Cumulative area) 

    Layer: met1
      Partial area ratio:    1.95
      Required ratio:    0.00 (Gate area) 
      Cumulative area ratio:    1.95
      Required ratio:    0.00 (Cumulative area) 
      Partial area ratio:    9.57
      Required ratio: 2773.88 (Side area) 
      Cumulative area ratio:    9.57
      Required ratio:    0.00 (Cumulative side area) 

    Layer: via
      Partial area ratio:    0.04
      Required ratio:   21.65 (Gate area) 
      Cumulative area ratio:    0.17
      Required ratio:    0.00 (Cumulative area) 

    Layer: met2
      Partial area ratio:    2.08
      Required ratio:    0.00 (Gate area) 
      Cumulative area ratio:    4.03
      Required ratio:    0.00 (Cumulative area) 
      Partial area ratio:    9.51
      Required ratio: 2773.88 (Side area) 
      Cumulative area ratio:   19.07
      Required ratio:    0.00 (Cumulative side area) 

    Layer: via2
      Partial area ratio:    0.06
      Required ratio:   21.65 (Gate area) 
      Cumulative area ratio:    0.23
      Required ratio:    0.00 (Cumulative area) 

    Layer: met3
      Partial area ratio:   14.31
      Required ratio:    0.00 (Gate area) 
      Cumulative area ratio:   18.34
      Required ratio:    0.00 (Cumulative area) 
      Partial area ratio:   76.85
      Required ratio: 3469.40 (Side area) 
      Cumulative area ratio:   95.92
      Required ratio:    0.00 (Cumulative side area) 

    Layer: via3
      Partial area ratio:    0.01
      Required ratio:   84.25 (Gate area) 
      Cumulative area ratio:    0.24
      Required ratio:    0.00 (Cumulative area) 

    Layer: met4
      Partial area ratio:   41.27
      Required ratio:    0.00 (Gate area) 
      Cumulative area ratio:   59.61
      Required ratio:    0.00 (Cumulative area) 
      Partial area ratio:  220.61
      Required ratio: 4182.20 (Side area) 
      Cumulative area ratio:  316.53
      Required ratio:    0.00 (Cumulative side area) 


  Pin:   ANTENNA_1274/DIODE (sky130_fd_sc_hd__diode_2)
    Layer: mcon
      Partial area ratio:    0.07
      Required ratio:   10.82 (Gate area) 
      Cumulative area ratio:    0.07
      Required ratio:    0.00 (Cumulative area) 

    Layer: met1
      Partial area ratio:    0.48
      Required ratio:    0.00 (Gate area) 
      Cumulative area ratio:    0.48
      Required ratio:    0.00 (Cumulative area) 
      Partial area ratio:    2.26
      Required ratio: 2773.88 (Side area) 
      Cumulative area ratio:    2.26
      Required ratio:    0.00 (Cumulative side area) 

    Layer: via
      Partial area ratio:    0.04
      Required ratio:   21.65 (Gate area) 
      Cumulative area ratio:    0.10
      Required ratio:    0.00 (Cumulative area) 

    Layer: met2
      Partial area ratio:  125.58
      Required ratio:    0.00 (Gate area) 
      Cumulative area ratio:  126.05
      Required ratio:    0.00 (Cumulative area) 
      Partial area ratio:  626.22
      Required ratio: 3121.64 (Side area) 
      Cumulative area ratio:  628.48
      Required ratio:    0.00 (Cumulative side area) 

    Layer: via2
      Partial area ratio:    0.06
      Required ratio:   52.95 (Gate area) 
      Cumulative area ratio:    0.16
      Required ratio:    0.00 (Cumulative area) 

    Layer: met3
      Partial area ratio:   14.31
      Required ratio:    0.00 (Gate area) 
      Cumulative area ratio:  140.36
      Required ratio:    0.00 (Cumulative area) 
      Partial area ratio:   76.85
      Required ratio: 3469.40 (Side area) 
      Cumulative area ratio:  705.33
      Required ratio:    0.00 (Cumulative side area) 

    Layer: via3
      Partial area ratio:    0.01
      Required ratio:   84.25 (Gate area) 
      Cumulative area ratio:    0.18
      Required ratio:    0.00 (Cumulative area) 

    Layer: met4
      Partial area ratio:   41.27
      Required ratio:    0.00 (Gate area) 
      Cumulative area ratio:  181.63
      Required ratio:    0.00 (Cumulative area) 
      Partial area ratio:  220.61
      Required ratio: 4182.20 (Side area) 
      Cumulative area ratio:  925.94
      Required ratio:    0.00 (Cumulative side area) 


  Pin:   ANTENNA_2934/DIODE (sky130_fd_sc_hd__diode_2)
    Layer: mcon
      Partial area ratio:    0.07
      Required ratio:   10.82 (Gate area) 
      Cumulative area ratio:    0.07
      Required ratio:    0.00 (Cumulative area) 

    Layer: met1
      Partial area ratio:    1.08
      Required ratio:    0.00 (Gate area) 
      Cumulative area ratio:    1.08
      Required ratio:    0.00 (Cumulative area) 
      Partial area ratio:    4.98
      Required ratio: 2773.88 (Side area) 
      Cumulative area ratio:    4.98
      Required ratio:    0.00 (Cumulative side area) 

    Layer: via
      Partial area ratio:    0.10
      Required ratio:   21.65 (Gate area) 
      Cumulative area ratio:    0.17
      Required ratio:    0.00 (Cumulative area) 

    Layer: met2
      Partial area ratio:  125.58
      Required ratio:    0.00 (Gate area) 
      Cumulative area ratio:  126.66
      Required ratio:    0.00 (Cumulative area) 
      Partial area ratio:  626.22
      Required ratio: 3121.64 (Side area) 
      Cumulative area ratio:  631.20
      Required ratio:    0.00 (Cumulative side area) 

    Layer: via2
      Partial area ratio:    0.06
      Required ratio:   52.95 (Gate area) 
      Cumulative area ratio:    0.23
      Required ratio:    0.00 (Cumulative area) 

    Layer: met3
      Partial area ratio:   14.31
      Required ratio:    0.00 (Gate area) 
      Cumulative area ratio:  140.96
      Required ratio:    0.00 (Cumulative area) 
      Partial area ratio:   76.85
      Required ratio: 3469.40 (Side area) 
      Cumulative area ratio:  708.05
      Required ratio:    0.00 (Cumulative side area) 

    Layer: via3
      Partial area ratio:    0.01
      Required ratio:   84.25 (Gate area) 
      Cumulative area ratio:    0.24
      Required ratio:    0.00 (Cumulative area) 

    Layer: met4
      Partial area ratio:   41.27
      Required ratio:    0.00 (Gate area) 
      Cumulative area ratio:  182.23
      Required ratio:    0.00 (Cumulative area) 
      Partial area ratio:  220.61
      Required ratio: 4182.20 (Side area) 
      Cumulative area ratio:  928.66
      Required ratio:    0.00 (Cumulative side area) 


  Pin:   ANTENNA_2935/DIODE (sky130_fd_sc_hd__diode_2)
    Layer: mcon
      Partial area ratio:    0.07
      Required ratio:   10.82 (Gate area) 
      Cumulative area ratio:    0.07
      Required ratio:    0.00 (Cumulative area) 

    Layer: met1
      Partial area ratio:   30.22
      Required ratio:    0.00 (Gate area) 
      Cumulative area ratio:   30.22
      Required ratio:    0.00 (Cumulative area) 
      Partial area ratio:  150.68
      Required ratio: 2773.88 (Side area) 
      Cumulative area ratio:  150.68
      Required ratio:    0.00 (Cumulative side area) 

    Layer: via
      Partial area ratio:    0.10
      Required ratio:   21.65 (Gate area) 
      Cumulative area ratio:    0.17
      Required ratio:    0.00 (Cumulative area) 

    Layer: met2
      Partial area ratio:  125.58
      Required ratio:    0.00 (Gate area) 
      Cumulative area ratio:  155.80
      Required ratio:    0.00 (Cumulative area) 
      Partial area ratio:  626.22
      Required ratio: 3121.64 (Side area) 
      Cumulative area ratio:  776.91
      Required ratio:    0.00 (Cumulative side area) 

    Layer: via2
      Partial area ratio:    0.06
      Required ratio:   52.95 (Gate area) 
      Cumulative area ratio:    0.23
      Required ratio:    0.00 (Cumulative area) 

    Layer: met3
      Partial area ratio:   14.31
      Required ratio:    0.00 (Gate area) 
      Cumulative area ratio:  170.11
      Required ratio:    0.00 (Cumulative area) 
      Partial area ratio:   76.85
      Required ratio: 3469.40 (Side area) 
      Cumulative area ratio:  853.75
      Required ratio:    0.00 (Cumulative side area) 

    Layer: via3
      Partial area ratio:    0.01
      Required ratio:   84.25 (Gate area) 
      Cumulative area ratio:    0.24
      Required ratio:    0.00 (Cumulative area) 

    Layer: met4
      Partial area ratio:   41.27
      Required ratio:    0.00 (Gate area) 
      Cumulative area ratio:  211.37
      Required ratio:    0.00 (Cumulative area) 
      Partial area ratio:  220.61
      Required ratio: 4182.20 (Side area) 
      Cumulative area ratio: 1074.37
      Required ratio:    0.00 (Cumulative side area) 


  Pin:   ANTENNA_2936/DIODE (sky130_fd_sc_hd__diode_2)
    Layer: mcon
      Partial area ratio:    0.07
      Required ratio:   10.82 (Gate area) 
      Cumulative area ratio:    0.07
      Required ratio:    0.00 (Cumulative area) 

    Layer: met1
      Partial area ratio:    0.19
      Required ratio:    0.00 (Gate area) 
      Cumulative area ratio:    0.19
      Required ratio:    0.00 (Cumulative area) 
      Partial area ratio:    0.93
      Required ratio: 2773.88 (Side area) 
      Cumulative area ratio:    0.93
      Required ratio:    0.00 (Cumulative side area) 

    Layer: via
      Partial area ratio:    0.05
      Required ratio:   21.65 (Gate area) 
      Cumulative area ratio:    0.12
      Required ratio:    0.00 (Cumulative area) 

    Layer: met2
      Partial area ratio:    1.03
      Required ratio:    0.00 (Gate area) 
      Cumulative area ratio:    1.22
      Required ratio:    0.00 (Cumulative area) 
      Partial area ratio:    4.70
      Required ratio: 2773.88 (Side area) 
      Cumulative area ratio:    5.64
      Required ratio:    0.00 (Cumulative side area) 

    Layer: via2
      Partial area ratio:    0.06
      Required ratio:   21.65 (Gate area) 
      Cumulative area ratio:    0.18
      Required ratio:    0.00 (Cumulative area) 

    Layer: met3
      Partial area ratio:   14.31
      Required ratio:    0.00 (Gate area) 
      Cumulative area ratio:   15.53
      Required ratio:    0.00 (Cumulative area) 
      Partial area ratio:   76.85
      Required ratio: 3469.40 (Side area) 
      Cumulative area ratio:   82.48
      Required ratio:    0.00 (Cumulative side area) 

    Layer: via3
      Partial area ratio:    0.01
      Required ratio:   84.25 (Gate area) 
      Cumulative area ratio:    0.19
      Required ratio:    0.00 (Cumulative area) 

    Layer: met4
      Partial area ratio:   41.27
      Required ratio:    0.00 (Gate area) 
      Cumulative area ratio:   56.79
      Required ratio:    0.00 (Cumulative area) 
      Partial area ratio:  220.61
      Required ratio: 4182.20 (Side area) 
      Cumulative area ratio:  303.10
      Required ratio:    0.00 (Cumulative side area) 



Net: u_npu.tcm_addr_a\[6\]
  Pin:   wire466/A (sky130_fd_sc_hd__clkbuf_2)
    Layer: mcon
      Partial area ratio:    0.14
      Required ratio:    3.00 (Gate area) 
      Cumulative area ratio:    0.14
      Required ratio:    0.00 (Cumulative area) 

    Layer: met1
      Partial area ratio:    1.71
      Required ratio:    0.00 (Gate area) 
      Cumulative area ratio:    1.71
      Required ratio:    0.00 (Cumulative area) 
      Partial area ratio:    8.20
      Required ratio:  400.00 (Side area) 
      Cumulative area ratio:    8.20
      Required ratio:    0.00 (Cumulative side area) 

    Layer: via
      Partial area ratio:    0.11
      Required ratio:    6.00 (Gate area) 
      Cumulative area ratio:    0.24
      Required ratio:    0.00 (Cumulative area) 

    Layer: met2
      Partial area ratio:  113.41
      Required ratio:    0.00 (Gate area) 
      Cumulative area ratio:  115.13
      Required ratio:    0.00 (Cumulative area) 
      Partial area ratio:  566.66
      Required ratio: 2947.76 (Side area) 
      Cumulative area ratio:  574.86
      Required ratio:    0.00 (Cumulative side area) 

    Layer: via2
      Partial area ratio:    0.03
      Required ratio:   37.30 (Gate area) 
      Cumulative area ratio:    0.27
      Required ratio:    0.00 (Cumulative area) 

    Layer: met3
      Partial area ratio:   47.41
      Required ratio:    0.00 (Gate area) 
      Cumulative area ratio:  162.53
      Required ratio:    0.00 (Cumulative area) 
      Partial area ratio:  253.32
      Required ratio: 3121.64 (Side area) 
      Cumulative area ratio:  828.18
      Required ratio:    0.00 (Cumulative side area) 

    Layer: via3
      Partial area ratio:    0.02
      Required ratio:   52.95 (Gate area) 
      Cumulative area ratio:    0.29
      Required ratio:    0.00 (Cumulative area) 

    Layer: met4
      Partial area ratio:  105.11
      Required ratio:    0.00 (Gate area) 
      Cumulative area ratio:  267.65
      Required ratio:    0.00 (Cumulative area) 
      Partial area ratio:  560.79
      Required ratio: 4356.08 (Side area) 
      Cumulative area ratio: 1388.97
      Required ratio:    0.00 (Cumulative side area) 


  Pin:   load_slew467/A (sky130_fd_sc_hd__buf_1)
    Layer: mcon
      Partial area ratio:    0.15
      Required ratio:    3.00 (Gate area) 
      Cumulative area ratio:    0.15
      Required ratio:    0.00 (Cumulative area) 

    Layer: met1
      Partial area ratio:    1.93
      Required ratio:    0.00 (Gate area) 
      Cumulative area ratio:    1.93
      Required ratio:    0.00 (Cumulative area) 
      Partial area ratio:    9.05
      Required ratio:  400.00 (Side area) 
      Cumulative area ratio:    9.05
      Required ratio:    0.00 (Cumulative side area) 

    Layer: via
      Partial area ratio:    0.23
      Required ratio:    6.00 (Gate area) 
      Cumulative area ratio:    0.38
      Required ratio:    0.00 (Cumulative area) 

    Layer: met2
      Partial area ratio:  113.41
      Required ratio:    0.00 (Gate area) 
      Cumulative area ratio:  115.34
      Required ratio:    0.00 (Cumulative area) 
      Partial area ratio:  566.66
      Required ratio: 2947.76 (Side area) 
      Cumulative area ratio:  575.71
      Required ratio:    0.00 (Cumulative side area) 

    Layer: via2
      Partial area ratio:    0.03
      Required ratio:   37.30 (Gate area) 
      Cumulative area ratio:    0.41
      Required ratio:    0.00 (Cumulative area) 

    Layer: met3
      Partial area ratio:   47.41
      Required ratio:    0.00 (Gate area) 
      Cumulative area ratio:  162.75
      Required ratio:    0.00 (Cumulative area) 
      Partial area ratio:  253.32
      Required ratio: 3121.64 (Side area) 
      Cumulative area ratio:  829.03
      Required ratio:    0.00 (Cumulative side area) 

    Layer: via3
      Partial area ratio:    0.02
      Required ratio:   52.95 (Gate area) 
      Cumulative area ratio:    0.43
      Required ratio:    0.00 (Cumulative area) 

    Layer: met4
      Partial area ratio:  105.11
      Required ratio:    0.00 (Gate area) 
      Cumulative area ratio:  267.86
      Required ratio:    0.00 (Cumulative area) 
      Partial area ratio:  560.79
      Required ratio: 4356.08 (Side area) 
      Cumulative area ratio: 1389.82
      Required ratio:    0.00 (Cumulative side area) 


  Pin:   load_slew468/A (sky130_fd_sc_hd__buf_1)
    Layer: mcon
      Partial area ratio:    0.15
      Required ratio:    3.00 (Gate area) 
      Cumulative area ratio:    0.15
      Required ratio:    0.00 (Cumulative area) 

    Layer: met1
      Partial area ratio:  107.33
      Required ratio:    0.00 (Gate area) 
      Cumulative area ratio:  107.33
      Required ratio:    0.00 (Cumulative area) 
      Partial area ratio:  535.49
      Required ratio:  400.00 (Side area) (VIOLATED)
      Cumulative area ratio:  535.49
      Required ratio:    0.00 (Cumulative side area) 

    Layer: via
      Partial area ratio:    0.34
      Required ratio:    6.00 (Gate area) 
      Cumulative area ratio:    0.49
      Required ratio:    0.00 (Cumulative area) 

    Layer: met2
      Partial area ratio:   85.22
      Required ratio:    0.00 (Gate area) 
      Cumulative area ratio:  192.55
      Required ratio:    0.00 (Cumulative area) 
      Partial area ratio:  425.38
      Required ratio: 2773.88 (Side area) 
      Cumulative area ratio:  960.87
      Required ratio:    0.00 (Cumulative side area) 

    Layer: via2
      Partial area ratio:    0.13
      Required ratio:   21.65 (Gate area) 
      Cumulative area ratio:    0.62
      Required ratio:    0.00 (Cumulative area) 

    Layer: met3
      Partial area ratio:   47.41
      Required ratio:    0.00 (Gate area) 
      Cumulative area ratio:  239.96
      Required ratio:    0.00 (Cumulative area) 
      Partial area ratio:  253.32
      Required ratio: 3121.64 (Side area) 
      Cumulative area ratio: 1214.19
      Required ratio:    0.00 (Cumulative side area) 

    Layer: via3
      Partial area ratio:    0.02
      Required ratio:   52.95 (Gate area) 
      Cumulative area ratio:    0.64
      Required ratio:    0.00 (Cumulative area) 

    Layer: met4
      Partial area ratio:  105.11
      Required ratio:    0.00 (Gate area) 
      Cumulative area ratio:  345.07
      Required ratio:    0.00 (Cumulative area) 
      Partial area ratio:  560.79
      Required ratio: 4356.08 (Side area) 
      Cumulative area ratio: 1774.98
      Required ratio:    0.00 (Cumulative side area) 


  Pin:   wire469/A (sky130_fd_sc_hd__clkbuf_2)
    Layer: mcon
      Partial area ratio:    0.14
      Required ratio:    3.00 (Gate area) 
      Cumulative area ratio:    0.14
      Required ratio:    0.00 (Cumulative area) 

    Layer: met1
      Partial area ratio:    0.81
      Required ratio:    0.00 (Gate area) 
      Cumulative area ratio:    0.81
      Required ratio:    0.00 (Cumulative area) 
      Partial area ratio:    3.66
      Required ratio:  400.00 (Side area) 
      Cumulative area ratio:    3.66
      Required ratio:    0.00 (Cumulative side area) 

    Layer: via
      Partial area ratio:    0.11
      Required ratio:    6.00 (Gate area) 
      Cumulative area ratio:    0.24
      Required ratio:    0.00 (Cumulative area) 

    Layer: met2
      Partial area ratio:    2.00
      Required ratio:    0.00 (Gate area) 
      Cumulative area ratio:    2.81
      Required ratio:    0.00 (Cumulative area) 
      Partial area ratio:    9.57
      Required ratio: 2773.88 (Side area) 
      Cumulative area ratio:   13.23
      Required ratio:    0.00 (Cumulative side area) 

    Layer: via2
      Partial area ratio:    0.06
      Required ratio:   21.65 (Gate area) 
      Cumulative area ratio:    0.30
      Required ratio:    0.00 (Cumulative area) 

    Layer: met3
      Partial area ratio:    0.51
      Required ratio:    0.00 (Gate area) 
      Cumulative area ratio:    3.32
      Required ratio:    0.00 (Cumulative area) 
      Partial area ratio:    3.45
      Required ratio: 2773.88 (Side area) 
      Cumulative area ratio:   16.68
      Required ratio:    0.00 (Cumulative side area) 

    Layer: via3
      Partial area ratio:    0.06
      Required ratio:   21.65 (Gate area) 
      Cumulative area ratio:    0.36
      Required ratio:    0.00 (Cumulative area) 

    Layer: met4
      Partial area ratio:  105.11
      Required ratio:    0.00 (Gate area) 
      Cumulative area ratio:  108.43
      Required ratio:    0.00 (Cumulative area) 
      Partial area ratio:  560.79
      Required ratio: 4356.08 (Side area) 
      Cumulative area ratio:  577.47
      Required ratio:    0.00 (Cumulative side area) 


  Pin:   load_slew470/A (sky130_fd_sc_hd__buf_1)
    Layer: mcon
      Partial area ratio:    0.15
      Required ratio:    3.00 (Gate area) 
      Cumulative area ratio:    0.15
      Required ratio:    0.00 (Cumulative area) 

    Layer: met1
      Partial area ratio:    1.86
      Required ratio:    0.00 (Gate area) 
      Cumulative area ratio:    1.86
      Required ratio:    0.00 (Cumulative area) 
      Partial area ratio:    8.89
      Required ratio:  400.00 (Side area) 
      Cumulative area ratio:    8.89
      Required ratio:    0.00 (Cumulative side area) 

    Layer: via
      Partial area ratio:    0.11
      Required ratio:    6.00 (Gate area) 
      Cumulative area ratio:    0.26
      Required ratio:    0.00 (Cumulative area) 

    Layer: met2
      Partial area ratio:    2.00
      Required ratio:    0.00 (Gate area) 
      Cumulative area ratio:    3.86
      Required ratio:    0.00 (Cumulative area) 
      Partial area ratio:    9.58
      Required ratio: 2773.88 (Side area) 
      Cumulative area ratio:   18.46
      Required ratio:    0.00 (Cumulative side area) 

    Layer: via2
      Partial area ratio:    0.06
      Required ratio:   21.65 (Gate area) 
      Cumulative area ratio:    0.32
      Required ratio:    0.00 (Cumulative area) 

    Layer: met3
      Partial area ratio:    0.74
      Required ratio:    0.00 (Gate area) 
      Cumulative area ratio:    4.60
      Required ratio:    0.00 (Cumulative area) 
      Partial area ratio:    4.70
      Required ratio: 2773.88 (Side area) 
      Cumulative area ratio:   23.17
      Required ratio:    0.00 (Cumulative side area) 

    Layer: via3
      Partial area ratio:    0.06
      Required ratio:   21.65 (Gate area) 
      Cumulative area ratio:    0.39
      Required ratio:    0.00 (Cumulative area) 

    Layer: met4
      Partial area ratio:  105.11
      Required ratio:    0.00 (Gate area) 
      Cumulative area ratio:  109.71
      Required ratio:    0.00 (Cumulative area) 
      Partial area ratio:  560.79
      Required ratio: 4356.08 (Side area) 
      Cumulative area ratio:  583.95
      Required ratio:    0.00 (Cumulative side area) 


  Pin:   load_slew471/A (sky130_fd_sc_hd__buf_1)
    Layer: mcon
      Partial area ratio:    0.15
      Required ratio:    3.00 (Gate area) 
      Cumulative area ratio:    0.15
      Required ratio:    0.00 (Cumulative area) 

    Layer: met1
      Partial area ratio:    0.87
      Required ratio:    0.00 (Gate area) 
      Cumulative area ratio:    0.87
      Required ratio:    0.00 (Cumulative area) 
      Partial area ratio:    3.97
      Required ratio:  400.00 (Side area) 
      Cumulative area ratio:    3.97
      Required ratio:    0.00 (Cumulative side area) 

    Layer: via
      Partial area ratio:    0.11
      Required ratio:    6.00 (Gate area) 
      Cumulative area ratio:    0.26
      Required ratio:    0.00 (Cumulative area) 

    Layer: met2
      Partial area ratio:    0.72
      Required ratio:    0.00 (Gate area) 
      Cumulative area ratio:    1.59
      Required ratio:    0.00 (Cumulative area) 
      Partial area ratio:    2.83
      Required ratio:  400.00 (Side area) 
      Cumulative area ratio:    6.80
      Required ratio:    0.00 (Cumulative side area) 

    Layer: via2
      Partial area ratio:    0.20
      Required ratio:    6.00 (Gate area) 
      Cumulative area ratio:    0.47
      Required ratio:    0.00 (Cumulative area) 

    Layer: met3
      Partial area ratio:    1.68
      Required ratio:    0.00 (Gate area) 
      Cumulative area ratio:    3.28
      Required ratio:    0.00 (Cumulative area) 
      Partial area ratio:   11.36
      Required ratio:  400.00 (Side area) 
      Cumulative area ratio:   18.16
      Required ratio:    0.00 (Cumulative side area) 

    Layer: via3
      Partial area ratio:    0.20
      Required ratio:    6.00 (Gate area) 
      Cumulative area ratio:    0.67
      Required ratio:    0.00 (Cumulative area) 

    Layer: met4
      Partial area ratio:  105.11
      Required ratio:    0.00 (Gate area) 
      Cumulative area ratio:  108.39
      Required ratio:    0.00 (Cumulative area) 
      Partial area ratio:  560.79
      Required ratio: 4356.08 (Side area) 
      Cumulative area ratio:  578.95
      Required ratio:    0.00 (Cumulative side area) 


  Pin:   wire480/A (sky130_fd_sc_hd__clkbuf_16)
    Layer: mcon
      Partial area ratio:    0.03
      Required ratio:    3.00 (Gate area) 
      Cumulative area ratio:    0.03
      Required ratio:    0.00 (Cumulative area) 

    Layer: met1
      Partial area ratio:    0.10
      Required ratio:    0.00 (Gate area) 
      Cumulative area ratio:    0.10
      Required ratio:    0.00 (Cumulative area) 
      Partial area ratio:    0.48
      Required ratio:  400.00 (Side area) 
      Cumulative area ratio:    0.48
      Required ratio:    0.00 (Cumulative side area) 

    Layer: via
      Partial area ratio:    0.03
      Required ratio:    6.00 (Gate area) 
      Cumulative area ratio:    0.06
      Required ratio:    0.00 (Cumulative area) 

    Layer: met2
      Partial area ratio:    0.17
      Required ratio:    0.00 (Gate area) 
      Cumulative area ratio:    0.26
      Required ratio:    0.00 (Cumulative area) 
      Partial area ratio:    0.65
      Required ratio:  400.00 (Side area) 
      Cumulative area ratio:    1.13
      Required ratio:    0.00 (Cumulative side area) 

    Layer: via2
      Partial area ratio:    0.05
      Required ratio:    6.00 (Gate area) 
      Cumulative area ratio:    0.11
      Required ratio:    0.00 (Cumulative area) 

    Layer: met3
      Partial area ratio:  191.67
      Required ratio:    0.00 (Gate area) 
      Cumulative area ratio:  191.94
      Required ratio:    0.00 (Cumulative area) 
      Partial area ratio: 1022.56
      Required ratio: 3486.68 (Side area) 
      Cumulative area ratio: 1023.69
      Required ratio:    0.00 (Cumulative side area) 

    Layer: via3
      Partial area ratio:    0.05
      Required ratio:   85.80 (Gate area) 
      Cumulative area ratio:    0.16
      Required ratio:    0.00 (Cumulative area) 

    Layer: met4
      Partial area ratio:  105.11
      Required ratio:    0.00 (Gate area) 
      Cumulative area ratio:  297.05
      Required ratio:    0.00 (Cumulative area) 
      Partial area ratio:  560.79
      Required ratio: 4356.08 (Side area) 
      Cumulative area ratio: 1584.48
      Required ratio:    0.00 (Cumulative side area) 


  Pin:   load_slew481/A (sky130_fd_sc_hd__buf_1)
    Layer: mcon
      Partial area ratio:    0.15
      Required ratio:    3.00 (Gate area) 
      Cumulative area ratio:    0.15
      Required ratio:    0.00 (Cumulative area) 

    Layer: met1
      Partial area ratio:    2.84
      Required ratio:    0.00 (Gate area) 
      Cumulative area ratio:    2.84
      Required ratio:    0.00 (Cumulative area) 
      Partial area ratio:   13.80
      Required ratio:  400.00 (Side area) 
      Cumulative area ratio:   13.80
      Required ratio:    0.00 (Cumulative side area) 

    Layer: via
      Partial area ratio:    0.11
      Required ratio:    6.00 (Gate area) 
      Cumulative area ratio:    0.26
      Required ratio:    0.00 (Cumulative area) 

    Layer: met2
      Partial area ratio:   49.62
      Required ratio:    0.00 (Gate area) 
      Cumulative area ratio:   52.46
      Required ratio:    0.00 (Cumulative area) 
      Partial area ratio:  247.66
      Required ratio: 2773.88 (Side area) 
      Cumulative area ratio:  261.46
      Required ratio:    0.00 (Cumulative side area) 

    Layer: via2
      Partial area ratio:    0.06
      Required ratio:   21.65 (Gate area) 
      Cumulative area ratio:    0.32
      Required ratio:    0.00 (Cumulative area) 

    Layer: met3
      Partial area ratio:  191.67
      Required ratio:    0.00 (Gate area) 
      Cumulative area ratio:  244.14
      Required ratio:    0.00 (Cumulative area) 
      Partial area ratio: 1022.56
      Required ratio: 3486.68 (Side area) 
      Cumulative area ratio: 1284.02
      Required ratio:    0.00 (Cumulative side area) 

    Layer: via3
      Partial area ratio:    0.05
      Required ratio:   85.80 (Gate area) 
      Cumulative area ratio:    0.38
      Required ratio:    0.00 (Cumulative area) 

    Layer: met4
      Partial area ratio:  105.11
      Required ratio:    0.00 (Gate area) 
      Cumulative area ratio:  349.25
      Required ratio:    0.00 (Cumulative area) 
      Partial area ratio:  560.79
      Required ratio: 4356.08 (Side area) 
      Cumulative area ratio: 1844.81
      Required ratio:    0.00 (Cumulative side area) 


  Pin:   ANTENNA_1305/DIODE (sky130_fd_sc_hd__diode_2)
    Layer: mcon
      Partial area ratio:    0.07
      Required ratio:   10.82 (Gate area) 
      Cumulative area ratio:    0.07
      Required ratio:    0.00 (Cumulative area) 

    Layer: met1
      Partial area ratio:    0.69
      Required ratio:    0.00 (Gate area) 
      Cumulative area ratio:    0.69
      Required ratio:    0.00 (Cumulative area) 
      Partial area ratio:    3.28
      Required ratio: 2773.88 (Side area) 
      Cumulative area ratio:    3.28
      Required ratio:    0.00 (Cumulative side area) 

    Layer: via
      Partial area ratio:    0.05
      Required ratio:   21.65 (Gate area) 
      Cumulative area ratio:    0.12
      Required ratio:    0.00 (Cumulative area) 

    Layer: met2
      Partial area ratio:  113.41
      Required ratio:    0.00 (Gate area) 
      Cumulative area ratio:  114.10
      Required ratio:    0.00 (Cumulative area) 
      Partial area ratio:  566.66
      Required ratio: 2947.76 (Side area) 
      Cumulative area ratio:  569.94
      Required ratio:    0.00 (Cumulative side area) 

    Layer: via2
      Partial area ratio:    0.03
      Required ratio:   37.30 (Gate area) 
      Cumulative area ratio:    0.15
      Required ratio:    0.00 (Cumulative area) 

    Layer: met3
      Partial area ratio:   47.41
      Required ratio:    0.00 (Gate area) 
      Cumulative area ratio:  161.51
      Required ratio:    0.00 (Cumulative area) 
      Partial area ratio:  253.32
      Required ratio: 3121.64 (Side area) 
      Cumulative area ratio:  823.26
      Required ratio:    0.00 (Cumulative side area) 

    Layer: via3
      Partial area ratio:    0.02
      Required ratio:   52.95 (Gate area) 
      Cumulative area ratio:    0.17
      Required ratio:    0.00 (Cumulative area) 

    Layer: met4
      Partial area ratio:  105.11
      Required ratio:    0.00 (Gate area) 
      Cumulative area ratio:  266.62
      Required ratio:    0.00 (Cumulative area) 
      Partial area ratio:  560.79
      Required ratio: 4356.08 (Side area) 
      Cumulative area ratio: 1384.05
      Required ratio:    0.00 (Cumulative side area) 


  Pin:   ANTENNA_1306/DIODE (sky130_fd_sc_hd__diode_2)
    Layer: mcon
      Partial area ratio:    0.13
      Required ratio:   10.82 (Gate area) 
      Cumulative area ratio:    0.13
      Required ratio:    0.00 (Cumulative area) 

    Layer: met1
      Partial area ratio:    1.03
      Required ratio:    0.00 (Gate area) 
      Cumulative area ratio:    1.03
      Required ratio:    0.00 (Cumulative area) 
      Partial area ratio:    4.95
      Required ratio: 2773.88 (Side area) 
      Cumulative area ratio:    4.95
      Required ratio:    0.00 (Cumulative side area) 

    Layer: via
      Partial area ratio:    0.10
      Required ratio:   21.65 (Gate area) 
      Cumulative area ratio:    0.24
      Required ratio:    0.00 (Cumulative area) 

    Layer: met2
      Partial area ratio:  113.41
      Required ratio:    0.00 (Gate area) 
      Cumulative area ratio:  114.44
      Required ratio:    0.00 (Cumulative area) 
      Partial area ratio:  566.66
      Required ratio: 2947.76 (Side area) 
      Cumulative area ratio:  571.62
      Required ratio:    0.00 (Cumulative side area) 

    Layer: via2
      Partial area ratio:    0.03
      Required ratio:   37.30 (Gate area) 
      Cumulative area ratio:    0.27
      Required ratio:    0.00 (Cumulative area) 

    Layer: met3
      Partial area ratio:   47.41
      Required ratio:    0.00 (Gate area) 
      Cumulative area ratio:  161.85
      Required ratio:    0.00 (Cumulative area) 
      Partial area ratio:  253.32
      Required ratio: 3121.64 (Side area) 
      Cumulative area ratio:  824.93
      Required ratio:    0.00 (Cumulative side area) 

    Layer: via3
      Partial area ratio:    0.02
      Required ratio:   52.95 (Gate area) 
      Cumulative area ratio:    0.29
      Required ratio:    0.00 (Cumulative area) 

    Layer: met4
      Partial area ratio:  105.11
      Required ratio:    0.00 (Gate area) 
      Cumulative area ratio:  266.96
      Required ratio:    0.00 (Cumulative area) 
      Partial area ratio:  560.79
      Required ratio: 4356.08 (Side area) 
      Cumulative area ratio: 1385.72
      Required ratio:    0.00 (Cumulative side area) 


  Pin:   ANTENNA_1307/DIODE (sky130_fd_sc_hd__diode_2)
    Layer: mcon
      Partial area ratio:    0.07
      Required ratio:   10.82 (Gate area) 
      Cumulative area ratio:    0.07
      Required ratio:    0.00 (Cumulative area) 

    Layer: met1
      Partial area ratio:    0.19
      Required ratio:    0.00 (Gate area) 
      Cumulative area ratio:    0.19
      Required ratio:    0.00 (Cumulative area) 
      Partial area ratio:    0.93
      Required ratio: 2773.88 (Side area) 
      Cumulative area ratio:    0.93
      Required ratio:    0.00 (Cumulative side area) 

    Layer: via
      Partial area ratio:    0.05
      Required ratio:   21.65 (Gate area) 
      Cumulative area ratio:    0.12
      Required ratio:    0.00 (Cumulative area) 

    Layer: met2
      Partial area ratio:   85.22
      Required ratio:    0.00 (Gate area) 
      Cumulative area ratio:   85.41
      Required ratio:    0.00 (Cumulative area) 
      Partial area ratio:  425.38
      Required ratio: 2773.88 (Side area) 
      Cumulative area ratio:  426.31
      Required ratio:    0.00 (Cumulative side area) 

    Layer: via2
      Partial area ratio:    0.13
      Required ratio:   21.65 (Gate area) 
      Cumulative area ratio:    0.24
      Required ratio:    0.00 (Cumulative area) 

    Layer: met3
      Partial area ratio:   47.41
      Required ratio:    0.00 (Gate area) 
      Cumulative area ratio:  132.82
      Required ratio:    0.00 (Cumulative area) 
      Partial area ratio:  253.32
      Required ratio: 3121.64 (Side area) 
      Cumulative area ratio:  679.63
      Required ratio:    0.00 (Cumulative side area) 

    Layer: via3
      Partial area ratio:    0.02
      Required ratio:   52.95 (Gate area) 
      Cumulative area ratio:    0.27
      Required ratio:    0.00 (Cumulative area) 

    Layer: met4
      Partial area ratio:  105.11
      Required ratio:    0.00 (Gate area) 
      Cumulative area ratio:  237.93
      Required ratio:    0.00 (Cumulative area) 
      Partial area ratio:  560.79
      Required ratio: 4356.08 (Side area) 
      Cumulative area ratio: 1240.42
      Required ratio:    0.00 (Cumulative side area) 


  Pin:   ANTENNA_2575/DIODE (sky130_fd_sc_hd__diode_2)
    Layer: mcon
      Partial area ratio:    0.07
      Required ratio:   10.82 (Gate area) 
      Cumulative area ratio:    0.07
      Required ratio:    0.00 (Cumulative area) 

    Layer: met1
      Partial area ratio:    1.02
      Required ratio:    0.00 (Gate area) 
      Cumulative area ratio:    1.02
      Required ratio:    0.00 (Cumulative area) 
      Partial area ratio:    4.83
      Required ratio: 2773.88 (Side area) 
      Cumulative area ratio:    4.83
      Required ratio:    0.00 (Cumulative side area) 

    Layer: via
      Partial area ratio:    0.10
      Required ratio:   21.65 (Gate area) 
      Cumulative area ratio:    0.17
      Required ratio:    0.00 (Cumulative area) 

    Layer: met2
      Partial area ratio:   49.62
      Required ratio:    0.00 (Gate area) 
      Cumulative area ratio:   50.64
      Required ratio:    0.00 (Cumulative area) 
      Partial area ratio:  247.66
      Required ratio: 2773.88 (Side area) 
      Cumulative area ratio:  252.49
      Required ratio:    0.00 (Cumulative side area) 

    Layer: via2
      Partial area ratio:    0.06
      Required ratio:   21.65 (Gate area) 
      Cumulative area ratio:    0.23
      Required ratio:    0.00 (Cumulative area) 

    Layer: met3
      Partial area ratio:  191.67
      Required ratio:    0.00 (Gate area) 
      Cumulative area ratio:  242.32
      Required ratio:    0.00 (Cumulative area) 
      Partial area ratio: 1022.56
      Required ratio: 3486.68 (Side area) 
      Cumulative area ratio: 1275.05
      Required ratio:    0.00 (Cumulative side area) 

    Layer: via3
      Partial area ratio:    0.05
      Required ratio:   85.80 (Gate area) 
      Cumulative area ratio:    0.29
      Required ratio:    0.00 (Cumulative area) 

    Layer: met4
      Partial area ratio:  105.11
      Required ratio:    0.00 (Gate area) 
      Cumulative area ratio:  347.43
      Required ratio:    0.00 (Cumulative area) 
      Partial area ratio:  560.79
      Required ratio: 4356.08 (Side area) 
      Cumulative area ratio: 1835.84
      Required ratio:    0.00 (Cumulative side area) 


  Pin:   ANTENNA_2940/DIODE (sky130_fd_sc_hd__diode_2)
    Layer: mcon
      Partial area ratio:    0.07
      Required ratio:   10.82 (Gate area) 
      Cumulative area ratio:    0.07
      Required ratio:    0.00 (Cumulative area) 

    Layer: met1
      Partial area ratio:    0.19
      Required ratio:    0.00 (Gate area) 
      Cumulative area ratio:    0.19
      Required ratio:    0.00 (Cumulative area) 
      Partial area ratio:    0.93
      Required ratio: 2773.88 (Side area) 
      Cumulative area ratio:    0.93
      Required ratio:    0.00 (Cumulative side area) 

    Layer: via
      Partial area ratio:    0.05
      Required ratio:   21.65 (Gate area) 
      Cumulative area ratio:    0.12
      Required ratio:    0.00 (Cumulative area) 

    Layer: met2
      Partial area ratio:    2.00
      Required ratio:    0.00 (Gate area) 
      Cumulative area ratio:    2.19
      Required ratio:    0.00 (Cumulative area) 
      Partial area ratio:    9.57
      Required ratio: 2773.88 (Side area) 
      Cumulative area ratio:   10.50
      Required ratio:    0.00 (Cumulative side area) 

    Layer: via2
      Partial area ratio:    0.06
      Required ratio:   21.65 (Gate area) 
      Cumulative area ratio:    0.18
      Required ratio:    0.00 (Cumulative area) 

    Layer: met3
      Partial area ratio:    0.51
      Required ratio:    0.00 (Gate area) 
      Cumulative area ratio:    2.70
      Required ratio:    0.00 (Cumulative area) 
      Partial area ratio:    3.45
      Required ratio: 2773.88 (Side area) 
      Cumulative area ratio:   13.95
      Required ratio:    0.00 (Cumulative side area) 

    Layer: via3
      Partial area ratio:    0.06
      Required ratio:   21.65 (Gate area) 
      Cumulative area ratio:    0.24
      Required ratio:    0.00 (Cumulative area) 

    Layer: met4
      Partial area ratio:  105.11
      Required ratio:    0.00 (Gate area) 
      Cumulative area ratio:  107.81
      Required ratio:    0.00 (Cumulative area) 
      Partial area ratio:  560.79
      Required ratio: 4356.08 (Side area) 
      Cumulative area ratio:  574.74
      Required ratio:    0.00 (Cumulative side area) 


  Pin:   ANTENNA_2941/DIODE (sky130_fd_sc_hd__diode_2)
    Layer: mcon
      Partial area ratio:    0.13
      Required ratio:   10.82 (Gate area) 
      Cumulative area ratio:    0.13
      Required ratio:    0.00 (Cumulative area) 

    Layer: met1
      Partial area ratio:    0.88
      Required ratio:    0.00 (Gate area) 
      Cumulative area ratio:    0.88
      Required ratio:    0.00 (Cumulative area) 
      Partial area ratio:    4.21
      Required ratio: 2773.88 (Side area) 
      Cumulative area ratio:    4.21
      Required ratio:    0.00 (Cumulative side area) 

    Layer: via
      Partial area ratio:    0.10
      Required ratio:   21.65 (Gate area) 
      Cumulative area ratio:    0.24
      Required ratio:    0.00 (Cumulative area) 

    Layer: met2
      Partial area ratio:    2.00
      Required ratio:    0.00 (Gate area) 
      Cumulative area ratio:    2.88
      Required ratio:    0.00 (Cumulative area) 
      Partial area ratio:    9.58
      Required ratio: 2773.88 (Side area) 
      Cumulative area ratio:   13.79
      Required ratio:    0.00 (Cumulative side area) 

    Layer: via2
      Partial area ratio:    0.06
      Required ratio:   21.65 (Gate area) 
      Cumulative area ratio:    0.30
      Required ratio:    0.00 (Cumulative area) 

    Layer: met3
      Partial area ratio:    0.74
      Required ratio:    0.00 (Gate area) 
      Cumulative area ratio:    3.63
      Required ratio:    0.00 (Cumulative area) 
      Partial area ratio:    4.70
      Required ratio: 2773.88 (Side area) 
      Cumulative area ratio:   18.49
      Required ratio:    0.00 (Cumulative side area) 

    Layer: via3
      Partial area ratio:    0.06
      Required ratio:   21.65 (Gate area) 
      Cumulative area ratio:    0.36
      Required ratio:    0.00 (Cumulative area) 

    Layer: met4
      Partial area ratio:  105.11
      Required ratio:    0.00 (Gate area) 
      Cumulative area ratio:  108.74
      Required ratio:    0.00 (Cumulative area) 
      Partial area ratio:  560.79
      Required ratio: 4356.08 (Side area) 
      Cumulative area ratio:  579.28
      Required ratio:    0.00 (Cumulative side area) 



Net: u_npu.u_npu_sram.dout_b\[286\]
  Pin:   _061109_/A2 (sky130_fd_sc_hd__mux4_2)
    Layer: mcon
      Partial area ratio:    0.18
      Required ratio:    3.00 (Gate area) 
      Cumulative area ratio:    0.18
      Required ratio:    0.00 (Cumulative area) 

    Layer: met1
      Partial area ratio:   86.61
      Required ratio:    0.00 (Gate area) 
      Cumulative area ratio:   86.61
      Required ratio:    0.00 (Cumulative area) 
      Partial area ratio:  431.89
      Required ratio:  400.00 (Side area) (VIOLATED)
      Cumulative area ratio:  431.89
      Required ratio:    0.00 (Cumulative side area) 

    Layer: via
      Partial area ratio:    0.28
      Required ratio:    6.00 (Gate area) 
      Cumulative area ratio:    0.46
      Required ratio:    0.00 (Cumulative area) 

    Layer: met2
      Partial area ratio:    7.98
      Required ratio:    0.00 (Gate area) 
      Cumulative area ratio:   94.59
      Required ratio:    0.00 (Cumulative area) 
      Partial area ratio:   39.21
      Required ratio: 2773.88 (Side area) 
      Cumulative area ratio:  471.10
      Required ratio:    0.00 (Cumulative side area) 

    Layer: via2
      Partial area ratio:    0.07
      Required ratio:   21.65 (Gate area) 
      Cumulative area ratio:    0.53
      Required ratio:    0.00 (Cumulative area) 

    Layer: met3
      Partial area ratio:    9.16
      Required ratio:    0.00 (Gate area) 
      Cumulative area ratio:  103.75
      Required ratio:    0.00 (Cumulative area) 
      Partial area ratio:   49.63
      Required ratio: 2773.88 (Side area) 
      Cumulative area ratio:  520.72
      Required ratio:    0.00 (Cumulative side area) 

    Layer: via3
      Partial area ratio:    0.07
      Required ratio:   21.65 (Gate area) 
      Cumulative area ratio:    0.60
      Required ratio:    0.00 (Cumulative area) 

    Layer: met4
      Partial area ratio:    7.20
      Required ratio:    0.00 (Gate area) 
      Cumulative area ratio:  110.95
      Required ratio:    0.00 (Cumulative area) 
      Partial area ratio:   39.20
      Required ratio: 2773.88 (Side area) 
      Cumulative area ratio:  559.92
      Required ratio:    0.00 (Cumulative side area) 


  Pin:   ANTENNA_2946/DIODE (sky130_fd_sc_hd__diode_2)
    Layer: mcon
      Partial area ratio:    0.07
      Required ratio:   10.82 (Gate area) 
      Cumulative area ratio:    0.07
      Required ratio:    0.00 (Cumulative area) 

    Layer: met1
      Partial area ratio:    0.19
      Required ratio:    0.00 (Gate area) 
      Cumulative area ratio:    0.19
      Required ratio:    0.00 (Cumulative area) 
      Partial area ratio:    0.93
      Required ratio: 2773.88 (Side area) 
      Cumulative area ratio:    0.93
      Required ratio:    0.00 (Cumulative side area) 

    Layer: via
      Partial area ratio:    0.05
      Required ratio:   21.65 (Gate area) 
      Cumulative area ratio:    0.12
      Required ratio:    0.00 (Cumulative area) 

    Layer: met2
      Partial area ratio:    7.98
      Required ratio:    0.00 (Gate area) 
      Cumulative area ratio:    8.17
      Required ratio:    0.00 (Cumulative area) 
      Partial area ratio:   39.21
      Required ratio: 2773.88 (Side area) 
      Cumulative area ratio:   40.14
      Required ratio:    0.00 (Cumulative side area) 

    Layer: via2
      Partial area ratio:    0.07
      Required ratio:   21.65 (Gate area) 
      Cumulative area ratio:    0.19
      Required ratio:    0.00 (Cumulative area) 

    Layer: met3
      Partial area ratio:    9.16
      Required ratio:    0.00 (Gate area) 
      Cumulative area ratio:   17.33
      Required ratio:    0.00 (Cumulative area) 
      Partial area ratio:   49.63
      Required ratio: 2773.88 (Side area) 
      Cumulative area ratio:   89.77
      Required ratio:    0.00 (Cumulative side area) 

    Layer: via3
      Partial area ratio:    0.07
      Required ratio:   21.65 (Gate area) 
      Cumulative area ratio:    0.25
      Required ratio:    0.00 (Cumulative area) 

    Layer: met4
      Partial area ratio:    7.20
      Required ratio:    0.00 (Gate area) 
      Cumulative area ratio:   24.53
      Required ratio:    0.00 (Cumulative area) 
      Partial area ratio:   39.20
      Required ratio: 2773.88 (Side area) 
      Cumulative area ratio:  128.97
      Required ratio:    0.00 (Cumulative side area) 



Net: net143
  Pin:   _062516_/A (sky130_fd_sc_hd__or2_2)
    Layer: mcon
      Partial area ratio:    0.23
      Required ratio:    3.00 (Gate area) 
      Cumulative area ratio:    0.23
      Required ratio:    0.00 (Cumulative area) 

    Layer: met1
      Partial area ratio:    2.38
      Required ratio:    0.00 (Gate area) 
      Cumulative area ratio:    2.38
      Required ratio:    0.00 (Cumulative area) 
      Partial area ratio:   11.31
      Required ratio:  400.00 (Side area) 
      Cumulative area ratio:   11.31
      Required ratio:    0.00 (Cumulative side area) 

    Layer: via
      Partial area ratio:    0.18
      Required ratio:    6.00 (Gate area) 
      Cumulative area ratio:    0.41
      Required ratio:    0.00 (Cumulative area) 

    Layer: met2
      Partial area ratio:  224.53
      Required ratio:    0.00 (Gate area) 
      Cumulative area ratio:  226.91
      Required ratio:    0.00 (Cumulative area) 
      Partial area ratio: 1121.44
      Required ratio:  400.00 (Side area) (VIOLATED)
      Cumulative area ratio: 1132.74
      Required ratio:    0.00 (Cumulative side area) 

    Layer: via2
      Partial area ratio:    0.08
      Required ratio:    6.00 (Gate area) 
      Cumulative area ratio:    0.49
      Required ratio:    0.00 (Cumulative area) 

    Layer: met3
      Partial area ratio:    0.88
      Required ratio:    0.00 (Gate area) 
      Cumulative area ratio:  227.79
      Required ratio:    0.00 (Cumulative area) 
      Partial area ratio:    5.25
      Required ratio: 3669.20 (Side area) 
      Cumulative area ratio: 1137.99
      Required ratio:    0.00 (Cumulative side area) 


  Pin:   _062519_/A (sky130_fd_sc_hd__or3b_2)
    Layer: mcon
      Partial area ratio:    0.23
      Required ratio:    3.00 (Gate area) 
      Cumulative area ratio:    0.23
      Required ratio:    0.00 (Cumulative area) 

    Layer: met1
      Partial area ratio:    2.38
      Required ratio:    0.00 (Gate area) 
      Cumulative area ratio:    2.38
      Required ratio:    0.00 (Cumulative area) 
      Partial area ratio:   11.31
      Required ratio:  400.00 (Side area) 
      Cumulative area ratio:   11.31
      Required ratio:    0.00 (Cumulative side area) 

    Layer: via
      Partial area ratio:    0.18
      Required ratio:    6.00 (Gate area) 
      Cumulative area ratio:    0.41
      Required ratio:    0.00 (Cumulative area) 

    Layer: met2
      Partial area ratio:  224.53
      Required ratio:    0.00 (Gate area) 
      Cumulative area ratio:  226.91
      Required ratio:    0.00 (Cumulative area) 
      Partial area ratio: 1121.44
      Required ratio:  400.00 (Side area) (VIOLATED)
      Cumulative area ratio: 1132.74
      Required ratio:    0.00 (Cumulative side area) 

    Layer: via2
      Partial area ratio:    0.08
      Required ratio:    6.00 (Gate area) 
      Cumulative area ratio:    0.49
      Required ratio:    0.00 (Cumulative area) 

    Layer: met3
      Partial area ratio:    0.88
      Required ratio:    0.00 (Gate area) 
      Cumulative area ratio:  227.79
      Required ratio:    0.00 (Cumulative area) 
      Partial area ratio:    5.25
      Required ratio: 3669.20 (Side area) 
      Cumulative area ratio: 1137.99
      Required ratio:    0.00 (Cumulative side area) 


  Pin:   _062538_/A (sky130_fd_sc_hd__or2_2)
    Layer: mcon
      Partial area ratio:    0.23
      Required ratio:    3.00 (Gate area) 
      Cumulative area ratio:    0.23
      Required ratio:    0.00 (Cumulative area) 

    Layer: met1
      Partial area ratio:    2.38
      Required ratio:    0.00 (Gate area) 
      Cumulative area ratio:    2.38
      Required ratio:    0.00 (Cumulative area) 
      Partial area ratio:   11.31
      Required ratio:  400.00 (Side area) 
      Cumulative area ratio:   11.31
      Required ratio:    0.00 (Cumulative side area) 

    Layer: via
      Partial area ratio:    0.18
      Required ratio:    6.00 (Gate area) 
      Cumulative area ratio:    0.41
      Required ratio:    0.00 (Cumulative area) 

    Layer: met2
      Partial area ratio:  224.53
      Required ratio:    0.00 (Gate area) 
      Cumulative area ratio:  226.91
      Required ratio:    0.00 (Cumulative area) 
      Partial area ratio: 1121.44
      Required ratio:  400.00 (Side area) (VIOLATED)
      Cumulative area ratio: 1132.74
      Required ratio:    0.00 (Cumulative side area) 

    Layer: via2
      Partial area ratio:    0.08
      Required ratio:    6.00 (Gate area) 
      Cumulative area ratio:    0.49
      Required ratio:    0.00 (Cumulative area) 

    Layer: met3
      Partial area ratio:    0.88
      Required ratio:    0.00 (Gate area) 
      Cumulative area ratio:  227.79
      Required ratio:    0.00 (Cumulative area) 
      Partial area ratio:    5.25
      Required ratio: 3669.20 (Side area) 
      Cumulative area ratio: 1137.99
      Required ratio:    0.00 (Cumulative side area) 


  Pin:   _062539_/A (sky130_fd_sc_hd__or3b_2)
    Layer: mcon
      Partial area ratio:    0.23
      Required ratio:    3.00 (Gate area) 
      Cumulative area ratio:    0.23
      Required ratio:    0.00 (Cumulative area) 

    Layer: met1
      Partial area ratio:    2.38
      Required ratio:    0.00 (Gate area) 
      Cumulative area ratio:    2.38
      Required ratio:    0.00 (Cumulative area) 
      Partial area ratio:   11.31
      Required ratio:  400.00 (Side area) 
      Cumulative area ratio:   11.31
      Required ratio:    0.00 (Cumulative side area) 

    Layer: via
      Partial area ratio:    0.18
      Required ratio:    6.00 (Gate area) 
      Cumulative area ratio:    0.41
      Required ratio:    0.00 (Cumulative area) 

    Layer: met2
      Partial area ratio:  224.53
      Required ratio:    0.00 (Gate area) 
      Cumulative area ratio:  226.91
      Required ratio:    0.00 (Cumulative area) 
      Partial area ratio: 1121.44
      Required ratio:  400.00 (Side area) (VIOLATED)
      Cumulative area ratio: 1132.74
      Required ratio:    0.00 (Cumulative side area) 

    Layer: via2
      Partial area ratio:    0.08
      Required ratio:    6.00 (Gate area) 
      Cumulative area ratio:    0.49
      Required ratio:    0.00 (Cumulative area) 

    Layer: met3
      Partial area ratio:    0.88
      Required ratio:    0.00 (Gate area) 
      Cumulative area ratio:  227.79
      Required ratio:    0.00 (Cumulative area) 
      Partial area ratio:    5.25
      Required ratio: 3669.20 (Side area) 
      Cumulative area ratio: 1137.99
      Required ratio:    0.00 (Cumulative side area) 


  Pin:   _062552_/A (sky130_fd_sc_hd__or2_2)
    Layer: mcon
      Partial area ratio:    0.23
      Required ratio:    3.00 (Gate area) 
      Cumulative area ratio:    0.23
      Required ratio:    0.00 (Cumulative area) 

    Layer: met1
      Partial area ratio:    2.38
      Required ratio:    0.00 (Gate area) 
      Cumulative area ratio:    2.38
      Required ratio:    0.00 (Cumulative area) 
      Partial area ratio:   11.31
      Required ratio:  400.00 (Side area) 
      Cumulative area ratio:   11.31
      Required ratio:    0.00 (Cumulative side area) 

    Layer: via
      Partial area ratio:    0.18
      Required ratio:    6.00 (Gate area) 
      Cumulative area ratio:    0.41
      Required ratio:    0.00 (Cumulative area) 

    Layer: met2
      Partial area ratio:  497.56
      Required ratio:    0.00 (Gate area) 
      Cumulative area ratio:  499.94
      Required ratio:    0.00 (Cumulative area) 
      Partial area ratio: 2485.32
      Required ratio: 3669.20 (Side area) 
      Cumulative area ratio: 2496.63
      Required ratio:    0.00 (Cumulative side area) 

    Layer: via2
      Partial area ratio:    0.16
      Required ratio:  102.23 (Gate area) 
      Cumulative area ratio:    0.57
      Required ratio:    0.00 (Cumulative area) 

    Layer: met3
      Partial area ratio:    0.88
      Required ratio:    0.00 (Gate area) 
      Cumulative area ratio:  500.82
      Required ratio:    0.00 (Cumulative area) 
      Partial area ratio:    5.25
      Required ratio: 3669.20 (Side area) 
      Cumulative area ratio: 2501.87
      Required ratio:    0.00 (Cumulative side area) 


  Pin:   _062553_/A (sky130_fd_sc_hd__or3b_2)
    Layer: mcon
      Partial area ratio:    0.23
      Required ratio:    3.00 (Gate area) 
      Cumulative area ratio:    0.23
      Required ratio:    0.00 (Cumulative area) 

    Layer: met1
      Partial area ratio:    2.38
      Required ratio:    0.00 (Gate area) 
      Cumulative area ratio:    2.38
      Required ratio:    0.00 (Cumulative area) 
      Partial area ratio:   11.31
      Required ratio:  400.00 (Side area) 
      Cumulative area ratio:   11.31
      Required ratio:    0.00 (Cumulative side area) 

    Layer: via
      Partial area ratio:    0.18
      Required ratio:    6.00 (Gate area) 
      Cumulative area ratio:    0.41
      Required ratio:    0.00 (Cumulative area) 

    Layer: met2
      Partial area ratio:  497.56
      Required ratio:    0.00 (Gate area) 
      Cumulative area ratio:  499.94
      Required ratio:    0.00 (Cumulative area) 
      Partial area ratio: 2485.32
      Required ratio: 3669.20 (Side area) 
      Cumulative area ratio: 2496.63
      Required ratio:    0.00 (Cumulative side area) 

    Layer: via2
      Partial area ratio:    0.16
      Required ratio:  102.23 (Gate area) 
      Cumulative area ratio:    0.57
      Required ratio:    0.00 (Cumulative area) 

    Layer: met3
      Partial area ratio:    0.88
      Required ratio:    0.00 (Gate area) 
      Cumulative area ratio:  500.82
      Required ratio:    0.00 (Cumulative area) 
      Partial area ratio:    5.25
      Required ratio: 3669.20 (Side area) 
      Cumulative area ratio: 2501.87
      Required ratio:    0.00 (Cumulative side area) 



Net: net480
  Pin:   wire472/A (sky130_fd_sc_hd__clkbuf_2)
    Layer: mcon
      Partial area ratio:    0.14
      Required ratio:    3.00 (Gate area) 
      Cumulative area ratio:    0.14
      Required ratio:    0.00 (Cumulative area) 

    Layer: met1
      Partial area ratio:    0.81
      Required ratio:    0.00 (Gate area) 
      Cumulative area ratio:    0.81
      Required ratio:    0.00 (Cumulative area) 
      Partial area ratio:    3.66
      Required ratio:  400.00 (Side area) 
      Cumulative area ratio:    3.66
      Required ratio:    0.00 (Cumulative side area) 

    Layer: via
      Partial area ratio:    0.11
      Required ratio:    6.00 (Gate area) 
      Cumulative area ratio:    0.24
      Required ratio:    0.00 (Cumulative area) 

    Layer: met2
      Partial area ratio:   48.07
      Required ratio:    0.00 (Gate area) 
      Cumulative area ratio:   48.87
      Required ratio:    0.00 (Cumulative area) 
      Partial area ratio:  239.79
      Required ratio: 4512.68 (Side area) 
      Cumulative area ratio:  243.45
      Required ratio:    0.00 (Cumulative side area) 

    Layer: via2
      Partial area ratio:    0.01
      Required ratio:  178.14 (Gate area) 
      Cumulative area ratio:    0.25
      Required ratio:    0.00 (Cumulative area) 

    Layer: met3
      Partial area ratio:    0.29
      Required ratio:    0.00 (Gate area) 
      Cumulative area ratio:   49.17
      Required ratio:    0.00 (Cumulative area) 
      Partial area ratio:    1.72
      Required ratio: 5785.00 (Side area) 
      Cumulative area ratio:  245.17
      Required ratio:    0.00 (Cumulative side area) 

    Layer: via3
      Partial area ratio:    0.01
      Required ratio:  292.65 (Gate area) 
      Cumulative area ratio:    0.25
      Required ratio:    0.00 (Cumulative area) 

    Layer: met4
      Partial area ratio:    2.19
      Required ratio:    0.00 (Gate area) 
      Cumulative area ratio:   51.36
      Required ratio:    0.00 (Cumulative area) 
      Partial area ratio:   11.76
      Required ratio: 5785.00 (Side area) 
      Cumulative area ratio:  256.92
      Required ratio:    0.00 (Cumulative side area) 


  Pin:   load_slew473/A (sky130_fd_sc_hd__buf_1)
    Layer: mcon
      Partial area ratio:    0.15
      Required ratio:    3.00 (Gate area) 
      Cumulative area ratio:    0.15
      Required ratio:    0.00 (Cumulative area) 

    Layer: met1
      Partial area ratio:    0.87
      Required ratio:    0.00 (Gate area) 
      Cumulative area ratio:    0.87
      Required ratio:    0.00 (Cumulative area) 
      Partial area ratio:    3.97
      Required ratio:  400.00 (Side area) 
      Cumulative area ratio:    3.97
      Required ratio:    0.00 (Cumulative side area) 

    Layer: via
      Partial area ratio:    0.11
      Required ratio:    6.00 (Gate area) 
      Cumulative area ratio:    0.26
      Required ratio:    0.00 (Cumulative area) 

    Layer: met2
      Partial area ratio:   48.07
      Required ratio:    0.00 (Gate area) 
      Cumulative area ratio:   48.94
      Required ratio:    0.00 (Cumulative area) 
      Partial area ratio:  239.79
      Required ratio: 4512.68 (Side area) 
      Cumulative area ratio:  243.76
      Required ratio:    0.00 (Cumulative side area) 

    Layer: via2
      Partial area ratio:    0.01
      Required ratio:  178.14 (Gate area) 
      Cumulative area ratio:    0.27
      Required ratio:    0.00 (Cumulative area) 

    Layer: met3
      Partial area ratio:    0.29
      Required ratio:    0.00 (Gate area) 
      Cumulative area ratio:   49.23
      Required ratio:    0.00 (Cumulative area) 
      Partial area ratio:    1.72
      Required ratio: 5785.00 (Side area) 
      Cumulative area ratio:  245.47
      Required ratio:    0.00 (Cumulative side area) 

    Layer: via3
      Partial area ratio:    0.01
      Required ratio:  292.65 (Gate area) 
      Cumulative area ratio:    0.28
      Required ratio:    0.00 (Cumulative area) 

    Layer: met4
      Partial area ratio:    2.19
      Required ratio:    0.00 (Gate area) 
      Cumulative area ratio:   51.42
      Required ratio:    0.00 (Cumulative area) 
      Partial area ratio:   11.76
      Required ratio: 5785.00 (Side area) 
      Cumulative area ratio:  257.23
      Required ratio:    0.00 (Cumulative side area) 


  Pin:   load_slew474/A (sky130_fd_sc_hd__buf_1)
    Layer: mcon
      Partial area ratio:    0.15
      Required ratio:    3.00 (Gate area) 
      Cumulative area ratio:    0.15
      Required ratio:    0.00 (Cumulative area) 

    Layer: met1
      Partial area ratio:    3.37
      Required ratio:    0.00 (Gate area) 
      Cumulative area ratio:    3.37
      Required ratio:    0.00 (Cumulative area) 
      Partial area ratio:   15.92
      Required ratio:  400.00 (Side area) 
      Cumulative area ratio:   15.92
      Required ratio:    0.00 (Cumulative side area) 

    Layer: via
      Partial area ratio:    0.23
      Required ratio:    6.00 (Gate area) 
      Cumulative area ratio:    0.38
      Required ratio:    0.00 (Cumulative area) 

    Layer: met2
      Partial area ratio:   48.07
      Required ratio:    0.00 (Gate area) 
      Cumulative area ratio:   51.44
      Required ratio:    0.00 (Cumulative area) 
      Partial area ratio:  239.79
      Required ratio: 4512.68 (Side area) 
      Cumulative area ratio:  255.71
      Required ratio:    0.00 (Cumulative side area) 

    Layer: via2
      Partial area ratio:    0.01
      Required ratio:  178.14 (Gate area) 
      Cumulative area ratio:    0.38
      Required ratio:    0.00 (Cumulative area) 

    Layer: met3
      Partial area ratio:    0.29
      Required ratio:    0.00 (Gate area) 
      Cumulative area ratio:   51.73
      Required ratio:    0.00 (Cumulative area) 
      Partial area ratio:    1.72
      Required ratio: 5785.00 (Side area) 
      Cumulative area ratio:  257.43
      Required ratio:    0.00 (Cumulative side area) 

    Layer: via3
      Partial area ratio:    0.01
      Required ratio:  292.65 (Gate area) 
      Cumulative area ratio:    0.39
      Required ratio:    0.00 (Cumulative area) 

    Layer: met4
      Partial area ratio:    2.19
      Required ratio:    0.00 (Gate area) 
      Cumulative area ratio:   53.92
      Required ratio:    0.00 (Cumulative area) 
      Partial area ratio:   11.76
      Required ratio: 5785.00 (Side area) 
      Cumulative area ratio:  269.18
      Required ratio:    0.00 (Cumulative side area) 


  Pin:   load_slew475/A (sky130_fd_sc_hd__buf_1)
    Layer: mcon
      Partial area ratio:    0.15
      Required ratio:    3.00 (Gate area) 
      Cumulative area ratio:    0.15
      Required ratio:    0.00 (Cumulative area) 

    Layer: met1
      Partial area ratio:    0.87
      Required ratio:    0.00 (Gate area) 
      Cumulative area ratio:    0.87
      Required ratio:    0.00 (Cumulative area) 
      Partial area ratio:    3.97
      Required ratio:  400.00 (Side area) 
      Cumulative area ratio:    3.97
      Required ratio:    0.00 (Cumulative side area) 

    Layer: via
      Partial area ratio:    0.11
      Required ratio:    6.00 (Gate area) 
      Cumulative area ratio:    0.26
      Required ratio:    0.00 (Cumulative area) 

    Layer: met2
      Partial area ratio:   48.07
      Required ratio:    0.00 (Gate area) 
      Cumulative area ratio:   48.94
      Required ratio:    0.00 (Cumulative area) 
      Partial area ratio:  239.79
      Required ratio: 4512.68 (Side area) 
      Cumulative area ratio:  243.76
      Required ratio:    0.00 (Cumulative side area) 

    Layer: via2
      Partial area ratio:    0.01
      Required ratio:  178.14 (Gate area) 
      Cumulative area ratio:    0.27
      Required ratio:    0.00 (Cumulative area) 

    Layer: met3
      Partial area ratio:    0.29
      Required ratio:    0.00 (Gate area) 
      Cumulative area ratio:   49.23
      Required ratio:    0.00 (Cumulative area) 
      Partial area ratio:    1.72
      Required ratio: 5785.00 (Side area) 
      Cumulative area ratio:  245.47
      Required ratio:    0.00 (Cumulative side area) 

    Layer: via3
      Partial area ratio:    0.01
      Required ratio:  292.65 (Gate area) 
      Cumulative area ratio:    0.28
      Required ratio:    0.00 (Cumulative area) 

    Layer: met4
      Partial area ratio:    2.19
      Required ratio:    0.00 (Gate area) 
      Cumulative area ratio:   51.42
      Required ratio:    0.00 (Cumulative area) 
      Partial area ratio:   11.76
      Required ratio: 5785.00 (Side area) 
      Cumulative area ratio:  257.23
      Required ratio:    0.00 (Cumulative side area) 


  Pin:   load_slew476/A (sky130_fd_sc_hd__buf_1)
    Layer: mcon
      Partial area ratio:    0.15
      Required ratio:    3.00 (Gate area) 
      Cumulative area ratio:    0.15
      Required ratio:    0.00 (Cumulative area) 

    Layer: met1
      Partial area ratio:    1.86
      Required ratio:    0.00 (Gate area) 
      Cumulative area ratio:    1.86
      Required ratio:    0.00 (Cumulative area) 
      Partial area ratio:    8.89
      Required ratio:  400.00 (Side area) 
      Cumulative area ratio:    8.89
      Required ratio:    0.00 (Cumulative side area) 

    Layer: via
      Partial area ratio:    0.11
      Required ratio:    6.00 (Gate area) 
      Cumulative area ratio:    0.26
      Required ratio:    0.00 (Cumulative area) 

    Layer: met2
      Partial area ratio:   48.07
      Required ratio:    0.00 (Gate area) 
      Cumulative area ratio:   49.92
      Required ratio:    0.00 (Cumulative area) 
      Partial area ratio:  239.79
      Required ratio: 4512.68 (Side area) 
      Cumulative area ratio:  248.68
      Required ratio:    0.00 (Cumulative side area) 

    Layer: via2
      Partial area ratio:    0.01
      Required ratio:  178.14 (Gate area) 
      Cumulative area ratio:    0.27
      Required ratio:    0.00 (Cumulative area) 

    Layer: met3
      Partial area ratio:    0.29
      Required ratio:    0.00 (Gate area) 
      Cumulative area ratio:   50.22
      Required ratio:    0.00 (Cumulative area) 
      Partial area ratio:    1.72
      Required ratio: 5785.00 (Side area) 
      Cumulative area ratio:  250.39
      Required ratio:    0.00 (Cumulative side area) 

    Layer: via3
      Partial area ratio:    0.01
      Required ratio:  292.65 (Gate area) 
      Cumulative area ratio:    0.28
      Required ratio:    0.00 (Cumulative area) 

    Layer: met4
      Partial area ratio:    2.19
      Required ratio:    0.00 (Gate area) 
      Cumulative area ratio:   52.41
      Required ratio:    0.00 (Cumulative area) 
      Partial area ratio:   11.76
      Required ratio: 5785.00 (Side area) 
      Cumulative area ratio:  262.15
      Required ratio:    0.00 (Cumulative side area) 


  Pin:   wire477/A (sky130_fd_sc_hd__clkbuf_2)
    Layer: mcon
      Partial area ratio:    0.14
      Required ratio:    3.00 (Gate area) 
      Cumulative area ratio:    0.14
      Required ratio:    0.00 (Cumulative area) 

    Layer: met1
      Partial area ratio:    1.11
      Required ratio:    0.00 (Gate area) 
      Cumulative area ratio:    1.11
      Required ratio:    0.00 (Cumulative area) 
      Partial area ratio:    5.18
      Required ratio:  400.00 (Side area) 
      Cumulative area ratio:    5.18
      Required ratio:    0.00 (Cumulative side area) 

    Layer: via
      Partial area ratio:    0.11
      Required ratio:    6.00 (Gate area) 
      Cumulative area ratio:    0.24
      Required ratio:    0.00 (Cumulative area) 

    Layer: met2
      Partial area ratio:  330.49
      Required ratio:    0.00 (Gate area) 
      Cumulative area ratio:  331.60
      Required ratio:    0.00 (Cumulative area) 
      Partial area ratio: 1651.44
      Required ratio:  400.00 (Side area) (VIOLATED)
      Cumulative area ratio: 1656.62
      Required ratio:    0.00 (Cumulative side area) 

    Layer: via2
      Partial area ratio:    0.10
      Required ratio:    6.00 (Gate area) 
      Cumulative area ratio:    0.34
      Required ratio:    0.00 (Cumulative area) 

    Layer: met3
      Partial area ratio:    0.61
      Required ratio:    0.00 (Gate area) 
      Cumulative area ratio:  332.21
      Required ratio:    0.00 (Cumulative area) 
      Partial area ratio:    4.36
      Required ratio:  400.00 (Side area) 
      Cumulative area ratio: 1660.98
      Required ratio:    0.00 (Cumulative side area) 

    Layer: via3
      Partial area ratio:    0.10
      Required ratio:    6.00 (Gate area) 
      Cumulative area ratio:    0.44
      Required ratio:    0.00 (Cumulative area) 

    Layer: met4
      Partial area ratio:    2.19
      Required ratio:    0.00 (Gate area) 
      Cumulative area ratio:  334.40
      Required ratio:    0.00 (Cumulative area) 
      Partial area ratio:   11.76
      Required ratio: 5785.00 (Side area) 
      Cumulative area ratio: 1672.73
      Required ratio:    0.00 (Cumulative side area) 


  Pin:   load_slew478/A (sky130_fd_sc_hd__buf_1)
    Layer: mcon
      Partial area ratio:    0.15
      Required ratio:    3.00 (Gate area) 
      Cumulative area ratio:    0.15
      Required ratio:    0.00 (Cumulative area) 

    Layer: met1
      Partial area ratio:   13.85
      Required ratio:    0.00 (Gate area) 
      Cumulative area ratio:   13.85
      Required ratio:    0.00 (Cumulative area) 
      Partial area ratio:   68.31
      Required ratio:  400.00 (Side area) 
      Cumulative area ratio:   68.31
      Required ratio:    0.00 (Cumulative side area) 

    Layer: via
      Partial area ratio:    0.23
      Required ratio:    6.00 (Gate area) 
      Cumulative area ratio:    0.38
      Required ratio:    0.00 (Cumulative area) 

    Layer: met2
      Partial area ratio:  330.49
      Required ratio:    0.00 (Gate area) 
      Cumulative area ratio:  344.34
      Required ratio:    0.00 (Cumulative area) 
      Partial area ratio: 1651.44
      Required ratio:  400.00 (Side area) (VIOLATED)
      Cumulative area ratio: 1719.75
      Required ratio:    0.00 (Cumulative side area) 

    Layer: via2
      Partial area ratio:    0.10
      Required ratio:    6.00 (Gate area) 
      Cumulative area ratio:    0.47
      Required ratio:    0.00 (Cumulative area) 

    Layer: met3
      Partial area ratio:    0.61
      Required ratio:    0.00 (Gate area) 
      Cumulative area ratio:  344.95
      Required ratio:    0.00 (Cumulative area) 
      Partial area ratio:    4.36
      Required ratio:  400.00 (Side area) 
      Cumulative area ratio: 1724.11
      Required ratio:    0.00 (Cumulative side area) 

    Layer: via3
      Partial area ratio:    0.10
      Required ratio:    6.00 (Gate area) 
      Cumulative area ratio:    0.57
      Required ratio:    0.00 (Cumulative area) 

    Layer: met4
      Partial area ratio:    2.19
      Required ratio:    0.00 (Gate area) 
      Cumulative area ratio:  347.14
      Required ratio:    0.00 (Cumulative area) 
      Partial area ratio:   11.76
      Required ratio: 5785.00 (Side area) 
      Cumulative area ratio: 1735.87
      Required ratio:    0.00 (Cumulative side area) 


  Pin:   load_slew479/A (sky130_fd_sc_hd__buf_1)
    Layer: mcon
      Partial area ratio:    0.15
      Required ratio:    3.00 (Gate area) 
      Cumulative area ratio:    0.15
      Required ratio:    0.00 (Cumulative area) 

    Layer: met1
      Partial area ratio:    2.84
      Required ratio:    0.00 (Gate area) 
      Cumulative area ratio:    2.84
      Required ratio:    0.00 (Cumulative area) 
      Partial area ratio:   13.80
      Required ratio:  400.00 (Side area) 
      Cumulative area ratio:   13.80
      Required ratio:    0.00 (Cumulative side area) 

    Layer: via
      Partial area ratio:    0.11
      Required ratio:    6.00 (Gate area) 
      Cumulative area ratio:    0.26
      Required ratio:    0.00 (Cumulative area) 

    Layer: met2
      Partial area ratio:  423.50
      Required ratio:    0.00 (Gate area) 
      Cumulative area ratio:  426.34
      Required ratio:    0.00 (Cumulative area) 
      Partial area ratio: 2112.79
      Required ratio: 3872.32 (Side area) 
      Cumulative area ratio: 2126.59
      Required ratio:    0.00 (Cumulative side area) 

    Layer: via2
      Partial area ratio:    0.41
      Required ratio:  120.51 (Gate area) 
      Cumulative area ratio:    0.67
      Required ratio:    0.00 (Cumulative area) 

    Layer: met3
      Partial area ratio:    0.29
      Required ratio:    0.00 (Gate area) 
      Cumulative area ratio:  426.63
      Required ratio:    0.00 (Cumulative area) 
      Partial area ratio:    1.72
      Required ratio: 5785.00 (Side area) 
      Cumulative area ratio: 2128.31
      Required ratio:    0.00 (Cumulative side area) 

    Layer: via3
      Partial area ratio:    0.01
      Required ratio:  292.65 (Gate area) 
      Cumulative area ratio:    0.68
      Required ratio:    0.00 (Cumulative area) 

    Layer: met4
      Partial area ratio:    2.19
      Required ratio:    0.00 (Gate area) 
      Cumulative area ratio:  428.82
      Required ratio:    0.00 (Cumulative area) 
      Partial area ratio:   11.76
      Required ratio: 5785.00 (Side area) 
      Cumulative area ratio: 2140.07
      Required ratio:    0.00 (Cumulative side area) 


  Pin:   ANTENNA_2606/DIODE (sky130_fd_sc_hd__diode_2)
    Layer: mcon
      Partial area ratio:    0.07
      Required ratio:   10.82 (Gate area) 
      Cumulative area ratio:    0.07
      Required ratio:    0.00 (Cumulative area) 

    Layer: met1
      Partial area ratio:    0.39
      Required ratio:    0.00 (Gate area) 
      Cumulative area ratio:    0.39
      Required ratio:    0.00 (Cumulative area) 
      Partial area ratio:    1.80
      Required ratio: 2773.88 (Side area) 
      Cumulative area ratio:    1.80
      Required ratio:    0.00 (Cumulative side area) 

    Layer: via
      Partial area ratio:    0.05
      Required ratio:   21.65 (Gate area) 
      Cumulative area ratio:    0.12
      Required ratio:    0.00 (Cumulative area) 

    Layer: met2
      Partial area ratio:   48.07
      Required ratio:    0.00 (Gate area) 
      Cumulative area ratio:   48.46
      Required ratio:    0.00 (Cumulative area) 
      Partial area ratio:  239.79
      Required ratio: 4512.68 (Side area) 
      Cumulative area ratio:  241.58
      Required ratio:    0.00 (Cumulative side area) 

    Layer: via2
      Partial area ratio:    0.01
      Required ratio:  178.14 (Gate area) 
      Cumulative area ratio:    0.13
      Required ratio:    0.00 (Cumulative area) 

    Layer: met3
      Partial area ratio:    0.29
      Required ratio:    0.00 (Gate area) 
      Cumulative area ratio:   48.75
      Required ratio:    0.00 (Cumulative area) 
      Partial area ratio:    1.72
      Required ratio: 5785.00 (Side area) 
      Cumulative area ratio:  243.30
      Required ratio:    0.00 (Cumulative side area) 

    Layer: via3
      Partial area ratio:    0.01
      Required ratio:  292.65 (Gate area) 
      Cumulative area ratio:    0.13
      Required ratio:    0.00 (Cumulative area) 

    Layer: met4
      Partial area ratio:    2.19
      Required ratio:    0.00 (Gate area) 
      Cumulative area ratio:   50.94
      Required ratio:    0.00 (Cumulative area) 
      Partial area ratio:   11.76
      Required ratio: 5785.00 (Side area) 
      Cumulative area ratio:  255.06
      Required ratio:    0.00 (Cumulative side area) 


  Pin:   ANTENNA_2607/DIODE (sky130_fd_sc_hd__diode_2)
    Layer: mcon
      Partial area ratio:    0.07
      Required ratio:   10.82 (Gate area) 
      Cumulative area ratio:    0.07
      Required ratio:    0.00 (Cumulative area) 

    Layer: met1
      Partial area ratio:    0.39
      Required ratio:    0.00 (Gate area) 
      Cumulative area ratio:    0.39
      Required ratio:    0.00 (Cumulative area) 
      Partial area ratio:    1.80
      Required ratio: 2773.88 (Side area) 
      Cumulative area ratio:    1.80
      Required ratio:    0.00 (Cumulative side area) 

    Layer: via
      Partial area ratio:    0.05
      Required ratio:   21.65 (Gate area) 
      Cumulative area ratio:    0.12
      Required ratio:    0.00 (Cumulative area) 

    Layer: met2
      Partial area ratio:   48.07
      Required ratio:    0.00 (Gate area) 
      Cumulative area ratio:   48.46
      Required ratio:    0.00 (Cumulative area) 
      Partial area ratio:  239.79
      Required ratio: 4512.68 (Side area) 
      Cumulative area ratio:  241.58
      Required ratio:    0.00 (Cumulative side area) 

    Layer: via2
      Partial area ratio:    0.01
      Required ratio:  178.14 (Gate area) 
      Cumulative area ratio:    0.13
      Required ratio:    0.00 (Cumulative area) 

    Layer: met3
      Partial area ratio:    0.29
      Required ratio:    0.00 (Gate area) 
      Cumulative area ratio:   48.75
      Required ratio:    0.00 (Cumulative area) 
      Partial area ratio:    1.72
      Required ratio: 5785.00 (Side area) 
      Cumulative area ratio:  243.30
      Required ratio:    0.00 (Cumulative side area) 

    Layer: via3
      Partial area ratio:    0.01
      Required ratio:  292.65 (Gate area) 
      Cumulative area ratio:    0.13
      Required ratio:    0.00 (Cumulative area) 

    Layer: met4
      Partial area ratio:    2.19
      Required ratio:    0.00 (Gate area) 
      Cumulative area ratio:   50.94
      Required ratio:    0.00 (Cumulative area) 
      Partial area ratio:   11.76
      Required ratio: 5785.00 (Side area) 
      Cumulative area ratio:  255.06
      Required ratio:    0.00 (Cumulative side area) 


  Pin:   ANTENNA_2608/DIODE (sky130_fd_sc_hd__diode_2)
    Layer: mcon
      Partial area ratio:    0.07
      Required ratio:   10.82 (Gate area) 
      Cumulative area ratio:    0.07
      Required ratio:    0.00 (Cumulative area) 

    Layer: met1
      Partial area ratio:    0.39
      Required ratio:    0.00 (Gate area) 
      Cumulative area ratio:    0.39
      Required ratio:    0.00 (Cumulative area) 
      Partial area ratio:    1.80
      Required ratio: 2773.88 (Side area) 
      Cumulative area ratio:    1.80
      Required ratio:    0.00 (Cumulative side area) 

    Layer: via
      Partial area ratio:    0.05
      Required ratio:   21.65 (Gate area) 
      Cumulative area ratio:    0.12
      Required ratio:    0.00 (Cumulative area) 

    Layer: met2
      Partial area ratio:   48.07
      Required ratio:    0.00 (Gate area) 
      Cumulative area ratio:   48.46
      Required ratio:    0.00 (Cumulative area) 
      Partial area ratio:  239.79
      Required ratio: 4512.68 (Side area) 
      Cumulative area ratio:  241.58
      Required ratio:    0.00 (Cumulative side area) 

    Layer: via2
      Partial area ratio:    0.01
      Required ratio:  178.14 (Gate area) 
      Cumulative area ratio:    0.13
      Required ratio:    0.00 (Cumulative area) 

    Layer: met3
      Partial area ratio:    0.29
      Required ratio:    0.00 (Gate area) 
      Cumulative area ratio:   48.75
      Required ratio:    0.00 (Cumulative area) 
      Partial area ratio:    1.72
      Required ratio: 5785.00 (Side area) 
      Cumulative area ratio:  243.30
      Required ratio:    0.00 (Cumulative side area) 

    Layer: via3
      Partial area ratio:    0.01
      Required ratio:  292.65 (Gate area) 
      Cumulative area ratio:    0.13
      Required ratio:    0.00 (Cumulative area) 

    Layer: met4
      Partial area ratio:    2.19
      Required ratio:    0.00 (Gate area) 
      Cumulative area ratio:   50.94
      Required ratio:    0.00 (Cumulative area) 
      Partial area ratio:   11.76
      Required ratio: 5785.00 (Side area) 
      Cumulative area ratio:  255.06
      Required ratio:    0.00 (Cumulative side area) 


  Pin:   ANTENNA_2609/DIODE (sky130_fd_sc_hd__diode_2)
    Layer: mcon
      Partial area ratio:    0.07
      Required ratio:   10.82 (Gate area) 
      Cumulative area ratio:    0.07
      Required ratio:    0.00 (Cumulative area) 

    Layer: met1
      Partial area ratio:    0.39
      Required ratio:    0.00 (Gate area) 
      Cumulative area ratio:    0.39
      Required ratio:    0.00 (Cumulative area) 
      Partial area ratio:    1.80
      Required ratio: 2773.88 (Side area) 
      Cumulative area ratio:    1.80
      Required ratio:    0.00 (Cumulative side area) 

    Layer: via
      Partial area ratio:    0.05
      Required ratio:   21.65 (Gate area) 
      Cumulative area ratio:    0.12
      Required ratio:    0.00 (Cumulative area) 

    Layer: met2
      Partial area ratio:   48.07
      Required ratio:    0.00 (Gate area) 
      Cumulative area ratio:   48.46
      Required ratio:    0.00 (Cumulative area) 
      Partial area ratio:  239.79
      Required ratio: 4512.68 (Side area) 
      Cumulative area ratio:  241.58
      Required ratio:    0.00 (Cumulative side area) 

    Layer: via2
      Partial area ratio:    0.01
      Required ratio:  178.14 (Gate area) 
      Cumulative area ratio:    0.13
      Required ratio:    0.00 (Cumulative area) 

    Layer: met3
      Partial area ratio:    0.29
      Required ratio:    0.00 (Gate area) 
      Cumulative area ratio:   48.75
      Required ratio:    0.00 (Cumulative area) 
      Partial area ratio:    1.72
      Required ratio: 5785.00 (Side area) 
      Cumulative area ratio:  243.30
      Required ratio:    0.00 (Cumulative side area) 

    Layer: via3
      Partial area ratio:    0.01
      Required ratio:  292.65 (Gate area) 
      Cumulative area ratio:    0.13
      Required ratio:    0.00 (Cumulative area) 

    Layer: met4
      Partial area ratio:    2.19
      Required ratio:    0.00 (Gate area) 
      Cumulative area ratio:   50.94
      Required ratio:    0.00 (Cumulative area) 
      Partial area ratio:   11.76
      Required ratio: 5785.00 (Side area) 
      Cumulative area ratio:  255.06
      Required ratio:    0.00 (Cumulative side area) 


  Pin:   ANTENNA_2610/DIODE (sky130_fd_sc_hd__diode_2)
    Layer: mcon
      Partial area ratio:    0.07
      Required ratio:   10.82 (Gate area) 
      Cumulative area ratio:    0.07
      Required ratio:    0.00 (Cumulative area) 

    Layer: met1
      Partial area ratio:    0.93
      Required ratio:    0.00 (Gate area) 
      Cumulative area ratio:    0.93
      Required ratio:    0.00 (Cumulative area) 
      Partial area ratio:    4.21
      Required ratio: 2773.88 (Side area) 
      Cumulative area ratio:    4.21
      Required ratio:    0.00 (Cumulative side area) 

    Layer: via
      Partial area ratio:    0.10
      Required ratio:   21.65 (Gate area) 
      Cumulative area ratio:    0.17
      Required ratio:    0.00 (Cumulative area) 

    Layer: met2
      Partial area ratio:   48.07
      Required ratio:    0.00 (Gate area) 
      Cumulative area ratio:   48.99
      Required ratio:    0.00 (Cumulative area) 
      Partial area ratio:  239.79
      Required ratio: 4512.68 (Side area) 
      Cumulative area ratio:  244.00
      Required ratio:    0.00 (Cumulative side area) 

    Layer: via2
      Partial area ratio:    0.01
      Required ratio:  178.14 (Gate area) 
      Cumulative area ratio:    0.18
      Required ratio:    0.00 (Cumulative area) 

    Layer: met3
      Partial area ratio:    0.29
      Required ratio:    0.00 (Gate area) 
      Cumulative area ratio:   49.29
      Required ratio:    0.00 (Cumulative area) 
      Partial area ratio:    1.72
      Required ratio: 5785.00 (Side area) 
      Cumulative area ratio:  245.71
      Required ratio:    0.00 (Cumulative side area) 

    Layer: via3
      Partial area ratio:    0.01
      Required ratio:  292.65 (Gate area) 
      Cumulative area ratio:    0.18
      Required ratio:    0.00 (Cumulative area) 

    Layer: met4
      Partial area ratio:    2.19
      Required ratio:    0.00 (Gate area) 
      Cumulative area ratio:   51.48
      Required ratio:    0.00 (Cumulative area) 
      Partial area ratio:   11.76
      Required ratio: 5785.00 (Side area) 
      Cumulative area ratio:  257.47
      Required ratio:    0.00 (Cumulative side area) 


  Pin:   ANTENNA_2611/DIODE (sky130_fd_sc_hd__diode_2)
    Layer: mcon
      Partial area ratio:    0.07
      Required ratio:   10.82 (Gate area) 
      Cumulative area ratio:    0.07
      Required ratio:    0.00 (Cumulative area) 

    Layer: met1
      Partial area ratio:    0.39
      Required ratio:    0.00 (Gate area) 
      Cumulative area ratio:    0.39
      Required ratio:    0.00 (Cumulative area) 
      Partial area ratio:    1.80
      Required ratio: 2773.88 (Side area) 
      Cumulative area ratio:    1.80
      Required ratio:    0.00 (Cumulative side area) 

    Layer: via
      Partial area ratio:    0.05
      Required ratio:   21.65 (Gate area) 
      Cumulative area ratio:    0.12
      Required ratio:    0.00 (Cumulative area) 

    Layer: met2
      Partial area ratio:   48.07
      Required ratio:    0.00 (Gate area) 
      Cumulative area ratio:   48.46
      Required ratio:    0.00 (Cumulative area) 
      Partial area ratio:  239.79
      Required ratio: 4512.68 (Side area) 
      Cumulative area ratio:  241.58
      Required ratio:    0.00 (Cumulative side area) 

    Layer: via2
      Partial area ratio:    0.01
      Required ratio:  178.14 (Gate area) 
      Cumulative area ratio:    0.13
      Required ratio:    0.00 (Cumulative area) 

    Layer: met3
      Partial area ratio:    0.29
      Required ratio:    0.00 (Gate area) 
      Cumulative area ratio:   48.75
      Required ratio:    0.00 (Cumulative area) 
      Partial area ratio:    1.72
      Required ratio: 5785.00 (Side area) 
      Cumulative area ratio:  243.30
      Required ratio:    0.00 (Cumulative side area) 

    Layer: via3
      Partial area ratio:    0.01
      Required ratio:  292.65 (Gate area) 
      Cumulative area ratio:    0.13
      Required ratio:    0.00 (Cumulative area) 

    Layer: met4
      Partial area ratio:    2.19
      Required ratio:    0.00 (Gate area) 
      Cumulative area ratio:   50.94
      Required ratio:    0.00 (Cumulative area) 
      Partial area ratio:   11.76
      Required ratio: 5785.00 (Side area) 
      Cumulative area ratio:  255.06
      Required ratio:    0.00 (Cumulative side area) 


  Pin:   ANTENNA_2612/DIODE (sky130_fd_sc_hd__diode_2)
    Layer: mcon
      Partial area ratio:    0.13
      Required ratio:   10.82 (Gate area) 
      Cumulative area ratio:    0.13
      Required ratio:    0.00 (Cumulative area) 

    Layer: met1
      Partial area ratio:    1.03
      Required ratio:    0.00 (Gate area) 
      Cumulative area ratio:    1.03
      Required ratio:    0.00 (Cumulative area) 
      Partial area ratio:    4.95
      Required ratio: 2773.88 (Side area) 
      Cumulative area ratio:    4.95
      Required ratio:    0.00 (Cumulative side area) 

    Layer: via
      Partial area ratio:    0.10
      Required ratio:   21.65 (Gate area) 
      Cumulative area ratio:    0.24
      Required ratio:    0.00 (Cumulative area) 

    Layer: met2
      Partial area ratio:   48.07
      Required ratio:    0.00 (Gate area) 
      Cumulative area ratio:   49.10
      Required ratio:    0.00 (Cumulative area) 
      Partial area ratio:  239.79
      Required ratio: 4512.68 (Side area) 
      Cumulative area ratio:  244.74
      Required ratio:    0.00 (Cumulative side area) 

    Layer: via2
      Partial area ratio:    0.01
      Required ratio:  178.14 (Gate area) 
      Cumulative area ratio:    0.24
      Required ratio:    0.00 (Cumulative area) 

    Layer: met3
      Partial area ratio:    0.29
      Required ratio:    0.00 (Gate area) 
      Cumulative area ratio:   49.39
      Required ratio:    0.00 (Cumulative area) 
      Partial area ratio:    1.72
      Required ratio: 5785.00 (Side area) 
      Cumulative area ratio:  246.45
      Required ratio:    0.00 (Cumulative side area) 

    Layer: via3
      Partial area ratio:    0.01
      Required ratio:  292.65 (Gate area) 
      Cumulative area ratio:    0.25
      Required ratio:    0.00 (Cumulative area) 

    Layer: met4
      Partial area ratio:    2.19
      Required ratio:    0.00 (Gate area) 
      Cumulative area ratio:   51.58
      Required ratio:    0.00 (Cumulative area) 
      Partial area ratio:   11.76
      Required ratio: 5785.00 (Side area) 
      Cumulative area ratio:  258.21
      Required ratio:    0.00 (Cumulative side area) 


  Pin:   ANTENNA_2613/DIODE (sky130_fd_sc_hd__diode_2)
    Layer: mcon
      Partial area ratio:    0.07
      Required ratio:   10.82 (Gate area) 
      Cumulative area ratio:    0.07
      Required ratio:    0.00 (Cumulative area) 

    Layer: met1
      Partial area ratio:    0.19
      Required ratio:    0.00 (Gate area) 
      Cumulative area ratio:    0.19
      Required ratio:    0.00 (Cumulative area) 
      Partial area ratio:    0.93
      Required ratio: 2773.88 (Side area) 
      Cumulative area ratio:    0.93
      Required ratio:    0.00 (Cumulative side area) 

    Layer: via
      Partial area ratio:    0.05
      Required ratio:   21.65 (Gate area) 
      Cumulative area ratio:    0.12
      Required ratio:    0.00 (Cumulative area) 

    Layer: met2
      Partial area ratio:   48.07
      Required ratio:    0.00 (Gate area) 
      Cumulative area ratio:   48.26
      Required ratio:    0.00 (Cumulative area) 
      Partial area ratio:  239.79
      Required ratio: 4512.68 (Side area) 
      Cumulative area ratio:  240.72
      Required ratio:    0.00 (Cumulative side area) 

    Layer: via2
      Partial area ratio:    0.01
      Required ratio:  178.14 (Gate area) 
      Cumulative area ratio:    0.13
      Required ratio:    0.00 (Cumulative area) 

    Layer: met3
      Partial area ratio:    0.29
      Required ratio:    0.00 (Gate area) 
      Cumulative area ratio:   48.55
      Required ratio:    0.00 (Cumulative area) 
      Partial area ratio:    1.72
      Required ratio: 5785.00 (Side area) 
      Cumulative area ratio:  242.44
      Required ratio:    0.00 (Cumulative side area) 

    Layer: via3
      Partial area ratio:    0.01
      Required ratio:  292.65 (Gate area) 
      Cumulative area ratio:    0.13
      Required ratio:    0.00 (Cumulative area) 

    Layer: met4
      Partial area ratio:    2.19
      Required ratio:    0.00 (Gate area) 
      Cumulative area ratio:   50.74
      Required ratio:    0.00 (Cumulative area) 
      Partial area ratio:   11.76
      Required ratio: 5785.00 (Side area) 
      Cumulative area ratio:  254.19
      Required ratio:    0.00 (Cumulative side area) 


  Pin:   ANTENNA_2614/DIODE (sky130_fd_sc_hd__diode_2)
    Layer: mcon
      Partial area ratio:    0.07
      Required ratio:   10.82 (Gate area) 
      Cumulative area ratio:    0.07
      Required ratio:    0.00 (Cumulative area) 

    Layer: met1
      Partial area ratio:    0.39
      Required ratio:    0.00 (Gate area) 
      Cumulative area ratio:    0.39
      Required ratio:    0.00 (Cumulative area) 
      Partial area ratio:    1.80
      Required ratio: 2773.88 (Side area) 
      Cumulative area ratio:    1.80
      Required ratio:    0.00 (Cumulative side area) 

    Layer: via
      Partial area ratio:    0.05
      Required ratio:   21.65 (Gate area) 
      Cumulative area ratio:    0.12
      Required ratio:    0.00 (Cumulative area) 

    Layer: met2
      Partial area ratio:   48.07
      Required ratio:    0.00 (Gate area) 
      Cumulative area ratio:   48.46
      Required ratio:    0.00 (Cumulative area) 
      Partial area ratio:  239.79
      Required ratio: 4512.68 (Side area) 
      Cumulative area ratio:  241.58
      Required ratio:    0.00 (Cumulative side area) 

    Layer: via2
      Partial area ratio:    0.01
      Required ratio:  178.14 (Gate area) 
      Cumulative area ratio:    0.13
      Required ratio:    0.00 (Cumulative area) 

    Layer: met3
      Partial area ratio:    0.29
      Required ratio:    0.00 (Gate area) 
      Cumulative area ratio:   48.75
      Required ratio:    0.00 (Cumulative area) 
      Partial area ratio:    1.72
      Required ratio: 5785.00 (Side area) 
      Cumulative area ratio:  243.30
      Required ratio:    0.00 (Cumulative side area) 

    Layer: via3
      Partial area ratio:    0.01
      Required ratio:  292.65 (Gate area) 
      Cumulative area ratio:    0.13
      Required ratio:    0.00 (Cumulative area) 

    Layer: met4
      Partial area ratio:    2.19
      Required ratio:    0.00 (Gate area) 
      Cumulative area ratio:   50.94
      Required ratio:    0.00 (Cumulative area) 
      Partial area ratio:   11.76
      Required ratio: 5785.00 (Side area) 
      Cumulative area ratio:  255.06
      Required ratio:    0.00 (Cumulative side area) 


  Pin:   ANTENNA_2615/DIODE (sky130_fd_sc_hd__diode_2)
    Layer: mcon
      Partial area ratio:    0.13
      Required ratio:   10.82 (Gate area) 
      Cumulative area ratio:    0.13
      Required ratio:    0.00 (Cumulative area) 

    Layer: met1
      Partial area ratio:    1.03
      Required ratio:    0.00 (Gate area) 
      Cumulative area ratio:    1.03
      Required ratio:    0.00 (Cumulative area) 
      Partial area ratio:    4.95
      Required ratio: 2773.88 (Side area) 
      Cumulative area ratio:    4.95
      Required ratio:    0.00 (Cumulative side area) 

    Layer: via
      Partial area ratio:    0.10
      Required ratio:   21.65 (Gate area) 
      Cumulative area ratio:    0.24
      Required ratio:    0.00 (Cumulative area) 

    Layer: met2
      Partial area ratio:   48.07
      Required ratio:    0.00 (Gate area) 
      Cumulative area ratio:   49.10
      Required ratio:    0.00 (Cumulative area) 
      Partial area ratio:  239.79
      Required ratio: 4512.68 (Side area) 
      Cumulative area ratio:  244.74
      Required ratio:    0.00 (Cumulative side area) 

    Layer: via2
      Partial area ratio:    0.01
      Required ratio:  178.14 (Gate area) 
      Cumulative area ratio:    0.24
      Required ratio:    0.00 (Cumulative area) 

    Layer: met3
      Partial area ratio:    0.29
      Required ratio:    0.00 (Gate area) 
      Cumulative area ratio:   49.39
      Required ratio:    0.00 (Cumulative area) 
      Partial area ratio:    1.72
      Required ratio: 5785.00 (Side area) 
      Cumulative area ratio:  246.45
      Required ratio:    0.00 (Cumulative side area) 

    Layer: via3
      Partial area ratio:    0.01
      Required ratio:  292.65 (Gate area) 
      Cumulative area ratio:    0.25
      Required ratio:    0.00 (Cumulative area) 

    Layer: met4
      Partial area ratio:    2.19
      Required ratio:    0.00 (Gate area) 
      Cumulative area ratio:   51.58
      Required ratio:    0.00 (Cumulative area) 
      Partial area ratio:   11.76
      Required ratio: 5785.00 (Side area) 
      Cumulative area ratio:  258.21
      Required ratio:    0.00 (Cumulative side area) 


  Pin:   ANTENNA_2616/DIODE (sky130_fd_sc_hd__diode_2)
    Layer: mcon
      Partial area ratio:    0.07
      Required ratio:   10.82 (Gate area) 
      Cumulative area ratio:    0.07
      Required ratio:    0.00 (Cumulative area) 

    Layer: met1
      Partial area ratio:    0.39
      Required ratio:    0.00 (Gate area) 
      Cumulative area ratio:    0.39
      Required ratio:    0.00 (Cumulative area) 
      Partial area ratio:    1.80
      Required ratio: 2773.88 (Side area) 
      Cumulative area ratio:    1.80
      Required ratio:    0.00 (Cumulative side area) 

    Layer: via
      Partial area ratio:    0.05
      Required ratio:   21.65 (Gate area) 
      Cumulative area ratio:    0.12
      Required ratio:    0.00 (Cumulative area) 

    Layer: met2
      Partial area ratio:   48.07
      Required ratio:    0.00 (Gate area) 
      Cumulative area ratio:   48.46
      Required ratio:    0.00 (Cumulative area) 
      Partial area ratio:  239.79
      Required ratio: 4512.68 (Side area) 
      Cumulative area ratio:  241.58
      Required ratio:    0.00 (Cumulative side area) 

    Layer: via2
      Partial area ratio:    0.01
      Required ratio:  178.14 (Gate area) 
      Cumulative area ratio:    0.13
      Required ratio:    0.00 (Cumulative area) 

    Layer: met3
      Partial area ratio:    0.29
      Required ratio:    0.00 (Gate area) 
      Cumulative area ratio:   48.75
      Required ratio:    0.00 (Cumulative area) 
      Partial area ratio:    1.72
      Required ratio: 5785.00 (Side area) 
      Cumulative area ratio:  243.30
      Required ratio:    0.00 (Cumulative side area) 

    Layer: via3
      Partial area ratio:    0.01
      Required ratio:  292.65 (Gate area) 
      Cumulative area ratio:    0.13
      Required ratio:    0.00 (Cumulative area) 

    Layer: met4
      Partial area ratio:    2.19
      Required ratio:    0.00 (Gate area) 
      Cumulative area ratio:   50.94
      Required ratio:    0.00 (Cumulative area) 
      Partial area ratio:   11.76
      Required ratio: 5785.00 (Side area) 
      Cumulative area ratio:  255.06
      Required ratio:    0.00 (Cumulative side area) 



Net: net496
  Pin:   wire488/A (sky130_fd_sc_hd__clkbuf_2)
    Layer: mcon
      Partial area ratio:    0.14
      Required ratio:    3.00 (Gate area) 
      Cumulative area ratio:    0.14
      Required ratio:    0.00 (Cumulative area) 

    Layer: met1
      Partial area ratio:    1.71
      Required ratio:    0.00 (Gate area) 
      Cumulative area ratio:    1.71
      Required ratio:    0.00 (Cumulative area) 
      Partial area ratio:    8.20
      Required ratio:  400.00 (Side area) 
      Cumulative area ratio:    8.20
      Required ratio:    0.00 (Cumulative side area) 

    Layer: via
      Partial area ratio:    0.11
      Required ratio:    6.00 (Gate area) 
      Cumulative area ratio:    0.24
      Required ratio:    0.00 (Cumulative area) 

    Layer: met2
      Partial area ratio:   52.97
      Required ratio:    0.00 (Gate area) 
      Cumulative area ratio:   54.68
      Required ratio:    0.00 (Cumulative area) 
      Partial area ratio:  264.34
      Required ratio: 4686.56 (Side area) 
      Cumulative area ratio:  272.54
      Required ratio:    0.00 (Cumulative side area) 

    Layer: via2
      Partial area ratio:    0.01
      Required ratio:  193.79 (Gate area) 
      Cumulative area ratio:    0.25
      Required ratio:    0.00 (Cumulative area) 

    Layer: met3
      Partial area ratio:   16.06
      Required ratio:    0.00 (Gate area) 
      Cumulative area ratio:   70.74
      Required ratio:    0.00 (Cumulative area) 
      Partial area ratio:   85.79
      Required ratio: 6132.76 (Side area) 
      Cumulative area ratio:  358.33
      Required ratio:    0.00 (Cumulative side area) 

    Layer: via3
      Partial area ratio:    0.01
      Required ratio:  323.95 (Gate area) 
      Cumulative area ratio:    0.26
      Required ratio:    0.00 (Cumulative area) 

    Layer: met4
      Partial area ratio:   25.25
      Required ratio:    0.00 (Gate area) 
      Cumulative area ratio:   95.99
      Required ratio:    0.00 (Cumulative area) 
      Partial area ratio:  134.97
      Required ratio: 6132.76 (Side area) 
      Cumulative area ratio:  493.30
      Required ratio:    0.00 (Cumulative side area) 


  Pin:   load_slew489/A (sky130_fd_sc_hd__buf_1)
    Layer: mcon
      Partial area ratio:    0.15
      Required ratio:    3.00 (Gate area) 
      Cumulative area ratio:    0.15
      Required ratio:    0.00 (Cumulative area) 

    Layer: met1
      Partial area ratio:    2.18
      Required ratio:    0.00 (Gate area) 
      Cumulative area ratio:    2.18
      Required ratio:    0.00 (Cumulative area) 
      Partial area ratio:   10.53
      Required ratio:  400.00 (Side area) 
      Cumulative area ratio:   10.53
      Required ratio:    0.00 (Cumulative side area) 

    Layer: via
      Partial area ratio:    0.11
      Required ratio:    6.00 (Gate area) 
      Cumulative area ratio:    0.26
      Required ratio:    0.00 (Cumulative area) 

    Layer: met2
      Partial area ratio:   52.97
      Required ratio:    0.00 (Gate area) 
      Cumulative area ratio:   55.15
      Required ratio:    0.00 (Cumulative area) 
      Partial area ratio:  264.34
      Required ratio: 4686.56 (Side area) 
      Cumulative area ratio:  274.87
      Required ratio:    0.00 (Cumulative side area) 

    Layer: via2
      Partial area ratio:    0.01
      Required ratio:  193.79 (Gate area) 
      Cumulative area ratio:    0.27
      Required ratio:    0.00 (Cumulative area) 

    Layer: met3
      Partial area ratio:   16.06
      Required ratio:    0.00 (Gate area) 
      Cumulative area ratio:   71.21
      Required ratio:    0.00 (Cumulative area) 
      Partial area ratio:   85.79
      Required ratio: 6132.76 (Side area) 
      Cumulative area ratio:  360.65
      Required ratio:    0.00 (Cumulative side area) 

    Layer: via3
      Partial area ratio:    0.01
      Required ratio:  323.95 (Gate area) 
      Cumulative area ratio:    0.28
      Required ratio:    0.00 (Cumulative area) 

    Layer: met4
      Partial area ratio:   25.25
      Required ratio:    0.00 (Gate area) 
      Cumulative area ratio:   96.46
      Required ratio:    0.00 (Cumulative area) 
      Partial area ratio:  134.97
      Required ratio: 6132.76 (Side area) 
      Cumulative area ratio:  495.62
      Required ratio:    0.00 (Cumulative side area) 


  Pin:   load_slew490/A (sky130_fd_sc_hd__buf_1)
    Layer: mcon
      Partial area ratio:    0.15
      Required ratio:    3.00 (Gate area) 
      Cumulative area ratio:    0.15
      Required ratio:    0.00 (Cumulative area) 

    Layer: met1
      Partial area ratio:    2.71
      Required ratio:    0.00 (Gate area) 
      Cumulative area ratio:    2.71
      Required ratio:    0.00 (Cumulative area) 
      Partial area ratio:   12.59
      Required ratio:  400.00 (Side area) 
      Cumulative area ratio:   12.59
      Required ratio:    0.00 (Cumulative side area) 

    Layer: via
      Partial area ratio:    0.23
      Required ratio:    6.00 (Gate area) 
      Cumulative area ratio:    0.38
      Required ratio:    0.00 (Cumulative area) 

    Layer: met2
      Partial area ratio:   52.97
      Required ratio:    0.00 (Gate area) 
      Cumulative area ratio:   55.68
      Required ratio:    0.00 (Cumulative area) 
      Partial area ratio:  264.34
      Required ratio: 4686.56 (Side area) 
      Cumulative area ratio:  276.93
      Required ratio:    0.00 (Cumulative side area) 

    Layer: via2
      Partial area ratio:    0.01
      Required ratio:  193.79 (Gate area) 
      Cumulative area ratio:    0.39
      Required ratio:    0.00 (Cumulative area) 

    Layer: met3
      Partial area ratio:   16.06
      Required ratio:    0.00 (Gate area) 
      Cumulative area ratio:   71.74
      Required ratio:    0.00 (Cumulative area) 
      Partial area ratio:   85.79
      Required ratio: 6132.76 (Side area) 
      Cumulative area ratio:  362.72
      Required ratio:    0.00 (Cumulative side area) 

    Layer: via3
      Partial area ratio:    0.01
      Required ratio:  323.95 (Gate area) 
      Cumulative area ratio:    0.39
      Required ratio:    0.00 (Cumulative area) 

    Layer: met4
      Partial area ratio:   25.25
      Required ratio:    0.00 (Gate area) 
      Cumulative area ratio:   96.98
      Required ratio:    0.00 (Cumulative area) 
      Partial area ratio:  134.97
      Required ratio: 6132.76 (Side area) 
      Cumulative area ratio:  497.69
      Required ratio:    0.00 (Cumulative side area) 


  Pin:   load_slew491/A (sky130_fd_sc_hd__buf_1)
    Layer: mcon
      Partial area ratio:    0.15
      Required ratio:    3.00 (Gate area) 
      Cumulative area ratio:    0.15
      Required ratio:    0.00 (Cumulative area) 

    Layer: met1
      Partial area ratio:    0.42
      Required ratio:    0.00 (Gate area) 
      Cumulative area ratio:    0.42
      Required ratio:    0.00 (Cumulative area) 
      Partial area ratio:    2.07
      Required ratio:  400.00 (Side area) 
      Cumulative area ratio:    2.07
      Required ratio:    0.00 (Cumulative side area) 

    Layer: via
      Partial area ratio:    0.11
      Required ratio:    6.00 (Gate area) 
      Cumulative area ratio:    0.26
      Required ratio:    0.00 (Cumulative area) 

    Layer: met2
      Partial area ratio:   52.97
      Required ratio:    0.00 (Gate area) 
      Cumulative area ratio:   53.39
      Required ratio:    0.00 (Cumulative area) 
      Partial area ratio:  264.34
      Required ratio: 4686.56 (Side area) 
      Cumulative area ratio:  266.41
      Required ratio:    0.00 (Cumulative side area) 

    Layer: via2
      Partial area ratio:    0.01
      Required ratio:  193.79 (Gate area) 
      Cumulative area ratio:    0.27
      Required ratio:    0.00 (Cumulative area) 

    Layer: met3
      Partial area ratio:   16.06
      Required ratio:    0.00 (Gate area) 
      Cumulative area ratio:   69.45
      Required ratio:    0.00 (Cumulative area) 
      Partial area ratio:   85.79
      Required ratio: 6132.76 (Side area) 
      Cumulative area ratio:  352.19
      Required ratio:    0.00 (Cumulative side area) 

    Layer: via3
      Partial area ratio:    0.01
      Required ratio:  323.95 (Gate area) 
      Cumulative area ratio:    0.28
      Required ratio:    0.00 (Cumulative area) 

    Layer: met4
      Partial area ratio:   25.25
      Required ratio:    0.00 (Gate area) 
      Cumulative area ratio:   94.70
      Required ratio:    0.00 (Cumulative area) 
      Partial area ratio:  134.97
      Required ratio: 6132.76 (Side area) 
      Cumulative area ratio:  487.16
      Required ratio:    0.00 (Cumulative side area) 


  Pin:   load_slew492/A (sky130_fd_sc_hd__buf_1)
    Layer: mcon
      Partial area ratio:    0.15
      Required ratio:    3.00 (Gate area) 
      Cumulative area ratio:    0.15
      Required ratio:    0.00 (Cumulative area) 

    Layer: met1
      Partial area ratio:    1.53
      Required ratio:    0.00 (Gate area) 
      Cumulative area ratio:    1.53
      Required ratio:    0.00 (Cumulative area) 
      Partial area ratio:    7.25
      Required ratio:  400.00 (Side area) 
      Cumulative area ratio:    7.25
      Required ratio:    0.00 (Cumulative side area) 

    Layer: via
      Partial area ratio:    0.11
      Required ratio:    6.00 (Gate area) 
      Cumulative area ratio:    0.26
      Required ratio:    0.00 (Cumulative area) 

    Layer: met2
      Partial area ratio:   52.97
      Required ratio:    0.00 (Gate area) 
      Cumulative area ratio:   54.50
      Required ratio:    0.00 (Cumulative area) 
      Partial area ratio:  264.34
      Required ratio: 4686.56 (Side area) 
      Cumulative area ratio:  271.59
      Required ratio:    0.00 (Cumulative side area) 

    Layer: via2
      Partial area ratio:    0.01
      Required ratio:  193.79 (Gate area) 
      Cumulative area ratio:    0.27
      Required ratio:    0.00 (Cumulative area) 

    Layer: met3
      Partial area ratio:   16.06
      Required ratio:    0.00 (Gate area) 
      Cumulative area ratio:   70.56
      Required ratio:    0.00 (Cumulative area) 
      Partial area ratio:   85.79
      Required ratio: 6132.76 (Side area) 
      Cumulative area ratio:  357.38
      Required ratio:    0.00 (Cumulative side area) 

    Layer: via3
      Partial area ratio:    0.01
      Required ratio:  323.95 (Gate area) 
      Cumulative area ratio:    0.28
      Required ratio:    0.00 (Cumulative area) 

    Layer: met4
      Partial area ratio:   25.25
      Required ratio:    0.00 (Gate area) 
      Cumulative area ratio:   95.80
      Required ratio:    0.00 (Cumulative area) 
      Partial area ratio:  134.97
      Required ratio: 6132.76 (Side area) 
      Cumulative area ratio:  492.35
      Required ratio:    0.00 (Cumulative side area) 


  Pin:   wire493/A (sky130_fd_sc_hd__clkbuf_2)
    Layer: mcon
      Partial area ratio:    0.14
      Required ratio:    3.00 (Gate area) 
      Cumulative area ratio:    0.14
      Required ratio:    0.00 (Cumulative area) 

    Layer: met1
      Partial area ratio:    1.71
      Required ratio:    0.00 (Gate area) 
      Cumulative area ratio:    1.71
      Required ratio:    0.00 (Cumulative area) 
      Partial area ratio:    8.20
      Required ratio:  400.00 (Side area) 
      Cumulative area ratio:    8.20
      Required ratio:    0.00 (Cumulative side area) 

    Layer: via
      Partial area ratio:    0.11
      Required ratio:    6.00 (Gate area) 
      Cumulative area ratio:    0.24
      Required ratio:    0.00 (Cumulative area) 

    Layer: met2
      Partial area ratio:  357.22
      Required ratio:    0.00 (Gate area) 
      Cumulative area ratio:  358.93
      Required ratio:    0.00 (Cumulative area) 
      Partial area ratio: 1785.28
      Required ratio:  400.00 (Side area) (VIOLATED)
      Cumulative area ratio: 1793.48
      Required ratio:    0.00 (Cumulative side area) 

    Layer: via2
      Partial area ratio:    0.19
      Required ratio:    6.00 (Gate area) 
      Cumulative area ratio:    0.43
      Required ratio:    0.00 (Cumulative area) 

    Layer: met3
      Partial area ratio:    3.87
      Required ratio:    0.00 (Gate area) 
      Cumulative area ratio:  362.79
      Required ratio:    0.00 (Cumulative area) 
      Partial area ratio:   21.74
      Required ratio:  400.00 (Side area) 
      Cumulative area ratio: 1815.22
      Required ratio:    0.00 (Cumulative side area) 

    Layer: via3
      Partial area ratio:    0.10
      Required ratio:    6.00 (Gate area) 
      Cumulative area ratio:    0.53
      Required ratio:    0.00 (Cumulative area) 

    Layer: met4
      Partial area ratio:   25.25
      Required ratio:    0.00 (Gate area) 
      Cumulative area ratio:  388.04
      Required ratio:    0.00 (Cumulative area) 
      Partial area ratio:  134.97
      Required ratio: 6132.76 (Side area) 
      Cumulative area ratio: 1950.19
      Required ratio:    0.00 (Cumulative side area) 


  Pin:   load_slew494/A (sky130_fd_sc_hd__buf_1)
    Layer: mcon
      Partial area ratio:    0.15
      Required ratio:    3.00 (Gate area) 
      Cumulative area ratio:    0.15
      Required ratio:    0.00 (Cumulative area) 

    Layer: met1
      Partial area ratio:    0.42
      Required ratio:    0.00 (Gate area) 
      Cumulative area ratio:    0.42
      Required ratio:    0.00 (Cumulative area) 
      Partial area ratio:    2.07
      Required ratio:  400.00 (Side area) 
      Cumulative area ratio:    2.07
      Required ratio:    0.00 (Cumulative side area) 

    Layer: via
      Partial area ratio:    0.11
      Required ratio:    6.00 (Gate area) 
      Cumulative area ratio:    0.26
      Required ratio:    0.00 (Cumulative area) 

    Layer: met2
      Partial area ratio:    1.07
      Required ratio:    0.00 (Gate area) 
      Cumulative area ratio:    1.49
      Required ratio:    0.00 (Cumulative area) 
      Partial area ratio:    4.47
      Required ratio:  400.00 (Side area) 
      Cumulative area ratio:    6.54
      Required ratio:    0.00 (Cumulative side area) 

    Layer: via2
      Partial area ratio:    0.20
      Required ratio:    6.00 (Gate area) 
      Cumulative area ratio:    0.47
      Required ratio:    0.00 (Cumulative area) 

    Layer: met3
      Partial area ratio:    3.87
      Required ratio:    0.00 (Gate area) 
      Cumulative area ratio:    5.36
      Required ratio:    0.00 (Cumulative area) 
      Partial area ratio:   21.74
      Required ratio:  400.00 (Side area) 
      Cumulative area ratio:   28.28
      Required ratio:    0.00 (Cumulative side area) 

    Layer: via3
      Partial area ratio:    0.10
      Required ratio:    6.00 (Gate area) 
      Cumulative area ratio:    0.56
      Required ratio:    0.00 (Cumulative area) 

    Layer: met4
      Partial area ratio:   25.25
      Required ratio:    0.00 (Gate area) 
      Cumulative area ratio:   30.60
      Required ratio:    0.00 (Cumulative area) 
      Partial area ratio:  134.97
      Required ratio: 6132.76 (Side area) 
      Cumulative area ratio:  163.25
      Required ratio:    0.00 (Cumulative side area) 


  Pin:   load_slew495/A (sky130_fd_sc_hd__buf_1)
    Layer: mcon
      Partial area ratio:    0.15
      Required ratio:    3.00 (Gate area) 
      Cumulative area ratio:    0.15
      Required ratio:    0.00 (Cumulative area) 

    Layer: met1
      Partial area ratio:    1.53
      Required ratio:    0.00 (Gate area) 
      Cumulative area ratio:    1.53
      Required ratio:    0.00 (Cumulative area) 
      Partial area ratio:    7.25
      Required ratio:  400.00 (Side area) 
      Cumulative area ratio:    7.25
      Required ratio:    0.00 (Cumulative side area) 

    Layer: via
      Partial area ratio:    0.11
      Required ratio:    6.00 (Gate area) 
      Cumulative area ratio:    0.26
      Required ratio:    0.00 (Cumulative area) 

    Layer: met2
      Partial area ratio:   52.97
      Required ratio:    0.00 (Gate area) 
      Cumulative area ratio:   54.50
      Required ratio:    0.00 (Cumulative area) 
      Partial area ratio:  264.34
      Required ratio: 4686.56 (Side area) 
      Cumulative area ratio:  271.59
      Required ratio:    0.00 (Cumulative side area) 

    Layer: via2
      Partial area ratio:    0.01
      Required ratio:  193.79 (Gate area) 
      Cumulative area ratio:    0.27
      Required ratio:    0.00 (Cumulative area) 

    Layer: met3
      Partial area ratio:   16.06
      Required ratio:    0.00 (Gate area) 
      Cumulative area ratio:   70.56
      Required ratio:    0.00 (Cumulative area) 
      Partial area ratio:   85.79
      Required ratio: 6132.76 (Side area) 
      Cumulative area ratio:  357.38
      Required ratio:    0.00 (Cumulative side area) 

    Layer: via3
      Partial area ratio:    0.01
      Required ratio:  323.95 (Gate area) 
      Cumulative area ratio:    0.28
      Required ratio:    0.00 (Cumulative area) 

    Layer: met4
      Partial area ratio:   25.25
      Required ratio:    0.00 (Gate area) 
      Cumulative area ratio:   95.80
      Required ratio:    0.00 (Cumulative area) 
      Partial area ratio:  134.97
      Required ratio: 6132.76 (Side area) 
      Cumulative area ratio:  492.35
      Required ratio:    0.00 (Cumulative side area) 


  Pin:   ANTENNA_2617/DIODE (sky130_fd_sc_hd__diode_2)
    Layer: mcon
      Partial area ratio:    0.07
      Required ratio:   10.82 (Gate area) 
      Cumulative area ratio:    0.07
      Required ratio:    0.00 (Cumulative area) 

    Layer: met1
      Partial area ratio:    0.69
      Required ratio:    0.00 (Gate area) 
      Cumulative area ratio:    0.69
      Required ratio:    0.00 (Cumulative area) 
      Partial area ratio:    3.28
      Required ratio: 2773.88 (Side area) 
      Cumulative area ratio:    3.28
      Required ratio:    0.00 (Cumulative side area) 

    Layer: via
      Partial area ratio:    0.05
      Required ratio:   21.65 (Gate area) 
      Cumulative area ratio:    0.12
      Required ratio:    0.00 (Cumulative area) 

    Layer: met2
      Partial area ratio:   52.97
      Required ratio:    0.00 (Gate area) 
      Cumulative area ratio:   53.66
      Required ratio:    0.00 (Cumulative area) 
      Partial area ratio:  264.34
      Required ratio: 4686.56 (Side area) 
      Cumulative area ratio:  267.62
      Required ratio:    0.00 (Cumulative side area) 

    Layer: via2
      Partial area ratio:    0.01
      Required ratio:  193.79 (Gate area) 
      Cumulative area ratio:    0.13
      Required ratio:    0.00 (Cumulative area) 

    Layer: met3
      Partial area ratio:   16.06
      Required ratio:    0.00 (Gate area) 
      Cumulative area ratio:   69.72
      Required ratio:    0.00 (Cumulative area) 
      Partial area ratio:   85.79
      Required ratio: 6132.76 (Side area) 
      Cumulative area ratio:  353.40
      Required ratio:    0.00 (Cumulative side area) 

    Layer: via3
      Partial area ratio:    0.01
      Required ratio:  323.95 (Gate area) 
      Cumulative area ratio:    0.14
      Required ratio:    0.00 (Cumulative area) 

    Layer: met4
      Partial area ratio:   25.25
      Required ratio:    0.00 (Gate area) 
      Cumulative area ratio:   94.97
      Required ratio:    0.00 (Cumulative area) 
      Partial area ratio:  134.97
      Required ratio: 6132.76 (Side area) 
      Cumulative area ratio:  488.37
      Required ratio:    0.00 (Cumulative side area) 


  Pin:   ANTENNA_2618/DIODE (sky130_fd_sc_hd__diode_2)
    Layer: mcon
      Partial area ratio:    0.07
      Required ratio:   10.82 (Gate area) 
      Cumulative area ratio:    0.07
      Required ratio:    0.00 (Cumulative area) 

    Layer: met1
      Partial area ratio:    0.69
      Required ratio:    0.00 (Gate area) 
      Cumulative area ratio:    0.69
      Required ratio:    0.00 (Cumulative area) 
      Partial area ratio:    3.28
      Required ratio: 2773.88 (Side area) 
      Cumulative area ratio:    3.28
      Required ratio:    0.00 (Cumulative side area) 

    Layer: via
      Partial area ratio:    0.05
      Required ratio:   21.65 (Gate area) 
      Cumulative area ratio:    0.12
      Required ratio:    0.00 (Cumulative area) 

    Layer: met2
      Partial area ratio:   52.97
      Required ratio:    0.00 (Gate area) 
      Cumulative area ratio:   53.66
      Required ratio:    0.00 (Cumulative area) 
      Partial area ratio:  264.34
      Required ratio: 4686.56 (Side area) 
      Cumulative area ratio:  267.62
      Required ratio:    0.00 (Cumulative side area) 

    Layer: via2
      Partial area ratio:    0.01
      Required ratio:  193.79 (Gate area) 
      Cumulative area ratio:    0.13
      Required ratio:    0.00 (Cumulative area) 

    Layer: met3
      Partial area ratio:   16.06
      Required ratio:    0.00 (Gate area) 
      Cumulative area ratio:   69.72
      Required ratio:    0.00 (Cumulative area) 
      Partial area ratio:   85.79
      Required ratio: 6132.76 (Side area) 
      Cumulative area ratio:  353.40
      Required ratio:    0.00 (Cumulative side area) 

    Layer: via3
      Partial area ratio:    0.01
      Required ratio:  323.95 (Gate area) 
      Cumulative area ratio:    0.14
      Required ratio:    0.00 (Cumulative area) 

    Layer: met4
      Partial area ratio:   25.25
      Required ratio:    0.00 (Gate area) 
      Cumulative area ratio:   94.97
      Required ratio:    0.00 (Cumulative area) 
      Partial area ratio:  134.97
      Required ratio: 6132.76 (Side area) 
      Cumulative area ratio:  488.37
      Required ratio:    0.00 (Cumulative side area) 


  Pin:   ANTENNA_2619/DIODE (sky130_fd_sc_hd__diode_2)
    Layer: mcon
      Partial area ratio:    0.13
      Required ratio:   10.82 (Gate area) 
      Cumulative area ratio:    0.13
      Required ratio:    0.00 (Cumulative area) 

    Layer: met1
      Partial area ratio:    0.88
      Required ratio:    0.00 (Gate area) 
      Cumulative area ratio:    0.88
      Required ratio:    0.00 (Cumulative area) 
      Partial area ratio:    4.21
      Required ratio: 2773.88 (Side area) 
      Cumulative area ratio:    4.21
      Required ratio:    0.00 (Cumulative side area) 

    Layer: via
      Partial area ratio:    0.10
      Required ratio:   21.65 (Gate area) 
      Cumulative area ratio:    0.24
      Required ratio:    0.00 (Cumulative area) 

    Layer: met2
      Partial area ratio:   52.97
      Required ratio:    0.00 (Gate area) 
      Cumulative area ratio:   53.85
      Required ratio:    0.00 (Cumulative area) 
      Partial area ratio:  264.34
      Required ratio: 4686.56 (Side area) 
      Cumulative area ratio:  268.55
      Required ratio:    0.00 (Cumulative side area) 

    Layer: via2
      Partial area ratio:    0.01
      Required ratio:  193.79 (Gate area) 
      Cumulative area ratio:    0.25
      Required ratio:    0.00 (Cumulative area) 

    Layer: met3
      Partial area ratio:   16.06
      Required ratio:    0.00 (Gate area) 
      Cumulative area ratio:   69.91
      Required ratio:    0.00 (Cumulative area) 
      Partial area ratio:   85.79
      Required ratio: 6132.76 (Side area) 
      Cumulative area ratio:  354.34
      Required ratio:    0.00 (Cumulative side area) 

    Layer: via3
      Partial area ratio:    0.01
      Required ratio:  323.95 (Gate area) 
      Cumulative area ratio:    0.25
      Required ratio:    0.00 (Cumulative area) 

    Layer: met4
      Partial area ratio:   25.25
      Required ratio:    0.00 (Gate area) 
      Cumulative area ratio:   95.16
      Required ratio:    0.00 (Cumulative area) 
      Partial area ratio:  134.97
      Required ratio: 6132.76 (Side area) 
      Cumulative area ratio:  489.31
      Required ratio:    0.00 (Cumulative side area) 


  Pin:   ANTENNA_2620/DIODE (sky130_fd_sc_hd__diode_2)
    Layer: mcon
      Partial area ratio:    0.13
      Required ratio:   10.82 (Gate area) 
      Cumulative area ratio:    0.13
      Required ratio:    0.00 (Cumulative area) 

    Layer: met1
      Partial area ratio:    1.38
      Required ratio:    0.00 (Gate area) 
      Cumulative area ratio:    1.38
      Required ratio:    0.00 (Cumulative area) 
      Partial area ratio:    6.55
      Required ratio: 2773.88 (Side area) 
      Cumulative area ratio:    6.55
      Required ratio:    0.00 (Cumulative side area) 

    Layer: via
      Partial area ratio:    0.10
      Required ratio:   21.65 (Gate area) 
      Cumulative area ratio:    0.24
      Required ratio:    0.00 (Cumulative area) 

    Layer: met2
      Partial area ratio:   52.97
      Required ratio:    0.00 (Gate area) 
      Cumulative area ratio:   54.35
      Required ratio:    0.00 (Cumulative area) 
      Partial area ratio:  264.34
      Required ratio: 4686.56 (Side area) 
      Cumulative area ratio:  270.89
      Required ratio:    0.00 (Cumulative side area) 

    Layer: via2
      Partial area ratio:    0.01
      Required ratio:  193.79 (Gate area) 
      Cumulative area ratio:    0.25
      Required ratio:    0.00 (Cumulative area) 

    Layer: met3
      Partial area ratio:   16.06
      Required ratio:    0.00 (Gate area) 
      Cumulative area ratio:   70.41
      Required ratio:    0.00 (Cumulative area) 
      Partial area ratio:   85.79
      Required ratio: 6132.76 (Side area) 
      Cumulative area ratio:  356.68
      Required ratio:    0.00 (Cumulative side area) 

    Layer: via3
      Partial area ratio:    0.01
      Required ratio:  323.95 (Gate area) 
      Cumulative area ratio:    0.25
      Required ratio:    0.00 (Cumulative area) 

    Layer: met4
      Partial area ratio:   25.25
      Required ratio:    0.00 (Gate area) 
      Cumulative area ratio:   95.66
      Required ratio:    0.00 (Cumulative area) 
      Partial area ratio:  134.97
      Required ratio: 6132.76 (Side area) 
      Cumulative area ratio:  491.65
      Required ratio:    0.00 (Cumulative side area) 


  Pin:   ANTENNA_2621/DIODE (sky130_fd_sc_hd__diode_2)
    Layer: mcon
      Partial area ratio:    0.13
      Required ratio:   10.82 (Gate area) 
      Cumulative area ratio:    0.13
      Required ratio:    0.00 (Cumulative area) 

    Layer: met1
      Partial area ratio:    1.03
      Required ratio:    0.00 (Gate area) 
      Cumulative area ratio:    1.03
      Required ratio:    0.00 (Cumulative area) 
      Partial area ratio:    4.95
      Required ratio: 2773.88 (Side area) 
      Cumulative area ratio:    4.95
      Required ratio:    0.00 (Cumulative side area) 

    Layer: via
      Partial area ratio:    0.10
      Required ratio:   21.65 (Gate area) 
      Cumulative area ratio:    0.24
      Required ratio:    0.00 (Cumulative area) 

    Layer: met2
      Partial area ratio:   52.97
      Required ratio:    0.00 (Gate area) 
      Cumulative area ratio:   54.00
      Required ratio:    0.00 (Cumulative area) 
      Partial area ratio:  264.34
      Required ratio: 4686.56 (Side area) 
      Cumulative area ratio:  269.29
      Required ratio:    0.00 (Cumulative side area) 

    Layer: via2
      Partial area ratio:    0.01
      Required ratio:  193.79 (Gate area) 
      Cumulative area ratio:    0.25
      Required ratio:    0.00 (Cumulative area) 

    Layer: met3
      Partial area ratio:   16.06
      Required ratio:    0.00 (Gate area) 
      Cumulative area ratio:   70.06
      Required ratio:    0.00 (Cumulative area) 
      Partial area ratio:   85.79
      Required ratio: 6132.76 (Side area) 
      Cumulative area ratio:  355.08
      Required ratio:    0.00 (Cumulative side area) 

    Layer: via3
      Partial area ratio:    0.01
      Required ratio:  323.95 (Gate area) 
      Cumulative area ratio:    0.25
      Required ratio:    0.00 (Cumulative area) 

    Layer: met4
      Partial area ratio:   25.25
      Required ratio:    0.00 (Gate area) 
      Cumulative area ratio:   95.31
      Required ratio:    0.00 (Cumulative area) 
      Partial area ratio:  134.97
      Required ratio: 6132.76 (Side area) 
      Cumulative area ratio:  490.05
      Required ratio:    0.00 (Cumulative side area) 


  Pin:   ANTENNA_2622/DIODE (sky130_fd_sc_hd__diode_2)
    Layer: mcon
      Partial area ratio:    0.07
      Required ratio:   10.82 (Gate area) 
      Cumulative area ratio:    0.07
      Required ratio:    0.00 (Cumulative area) 

    Layer: met1
      Partial area ratio:    0.84
      Required ratio:    0.00 (Gate area) 
      Cumulative area ratio:    0.84
      Required ratio:    0.00 (Cumulative area) 
      Partial area ratio:    4.02
      Required ratio: 2773.88 (Side area) 
      Cumulative area ratio:    4.02
      Required ratio:    0.00 (Cumulative side area) 

    Layer: via
      Partial area ratio:    0.05
      Required ratio:   21.65 (Gate area) 
      Cumulative area ratio:    0.12
      Required ratio:    0.00 (Cumulative area) 

    Layer: met2
      Partial area ratio:   52.97
      Required ratio:    0.00 (Gate area) 
      Cumulative area ratio:   53.81
      Required ratio:    0.00 (Cumulative area) 
      Partial area ratio:  264.34
      Required ratio: 4686.56 (Side area) 
      Cumulative area ratio:  268.36
      Required ratio:    0.00 (Cumulative side area) 

    Layer: via2
      Partial area ratio:    0.01
      Required ratio:  193.79 (Gate area) 
      Cumulative area ratio:    0.13
      Required ratio:    0.00 (Cumulative area) 

    Layer: met3
      Partial area ratio:   16.06
      Required ratio:    0.00 (Gate area) 
      Cumulative area ratio:   69.87
      Required ratio:    0.00 (Cumulative area) 
      Partial area ratio:   85.79
      Required ratio: 6132.76 (Side area) 
      Cumulative area ratio:  354.15
      Required ratio:    0.00 (Cumulative side area) 

    Layer: via3
      Partial area ratio:    0.01
      Required ratio:  323.95 (Gate area) 
      Cumulative area ratio:    0.14
      Required ratio:    0.00 (Cumulative area) 

    Layer: met4
      Partial area ratio:   25.25
      Required ratio:    0.00 (Gate area) 
      Cumulative area ratio:   95.12
      Required ratio:    0.00 (Cumulative area) 
      Partial area ratio:  134.97
      Required ratio: 6132.76 (Side area) 
      Cumulative area ratio:  489.11
      Required ratio:    0.00 (Cumulative side area) 


  Pin:   ANTENNA_2623/DIODE (sky130_fd_sc_hd__diode_2)
    Layer: mcon
      Partial area ratio:    0.07
      Required ratio:   10.82 (Gate area) 
      Cumulative area ratio:    0.07
      Required ratio:    0.00 (Cumulative area) 

    Layer: met1
      Partial area ratio:    0.19
      Required ratio:    0.00 (Gate area) 
      Cumulative area ratio:    0.19
      Required ratio:    0.00 (Cumulative area) 
      Partial area ratio:    0.93
      Required ratio: 2773.88 (Side area) 
      Cumulative area ratio:    0.93
      Required ratio:    0.00 (Cumulative side area) 

    Layer: via
      Partial area ratio:    0.05
      Required ratio:   21.65 (Gate area) 
      Cumulative area ratio:    0.12
      Required ratio:    0.00 (Cumulative area) 

    Layer: met2
      Partial area ratio:    0.33
      Required ratio:    0.00 (Gate area) 
      Cumulative area ratio:    0.52
      Required ratio:    0.00 (Cumulative area) 
      Partial area ratio:    1.28
      Required ratio: 2773.88 (Side area) 
      Cumulative area ratio:    2.21
      Required ratio:    0.00 (Cumulative side area) 

    Layer: via2
      Partial area ratio:    0.09
      Required ratio:   21.65 (Gate area) 
      Cumulative area ratio:    0.21
      Required ratio:    0.00 (Cumulative area) 

    Layer: met3
      Partial area ratio:   16.06
      Required ratio:    0.00 (Gate area) 
      Cumulative area ratio:   16.58
      Required ratio:    0.00 (Cumulative area) 
      Partial area ratio:   85.79
      Required ratio: 6132.76 (Side area) 
      Cumulative area ratio:   88.00
      Required ratio:    0.00 (Cumulative side area) 

    Layer: via3
      Partial area ratio:    0.01
      Required ratio:  323.95 (Gate area) 
      Cumulative area ratio:    0.22
      Required ratio:    0.00 (Cumulative area) 

    Layer: met4
      Partial area ratio:   25.25
      Required ratio:    0.00 (Gate area) 
      Cumulative area ratio:   41.82
      Required ratio:    0.00 (Cumulative area) 
      Partial area ratio:  134.97
      Required ratio: 6132.76 (Side area) 
      Cumulative area ratio:  222.97
      Required ratio:    0.00 (Cumulative side area) 


  Pin:   ANTENNA_2624/DIODE (sky130_fd_sc_hd__diode_2)
    Layer: mcon
      Partial area ratio:    0.07
      Required ratio:   10.82 (Gate area) 
      Cumulative area ratio:    0.07
      Required ratio:    0.00 (Cumulative area) 

    Layer: met1
      Partial area ratio:    0.69
      Required ratio:    0.00 (Gate area) 
      Cumulative area ratio:    0.69
      Required ratio:    0.00 (Cumulative area) 
      Partial area ratio:    3.28
      Required ratio: 2773.88 (Side area) 
      Cumulative area ratio:    3.28
      Required ratio:    0.00 (Cumulative side area) 

    Layer: via
      Partial area ratio:    0.05
      Required ratio:   21.65 (Gate area) 
      Cumulative area ratio:    0.12
      Required ratio:    0.00 (Cumulative area) 

    Layer: met2
      Partial area ratio:   52.97
      Required ratio:    0.00 (Gate area) 
      Cumulative area ratio:   53.66
      Required ratio:    0.00 (Cumulative area) 
      Partial area ratio:  264.34
      Required ratio: 4686.56 (Side area) 
      Cumulative area ratio:  267.62
      Required ratio:    0.00 (Cumulative side area) 

    Layer: via2
      Partial area ratio:    0.01
      Required ratio:  193.79 (Gate area) 
      Cumulative area ratio:    0.13
      Required ratio:    0.00 (Cumulative area) 

    Layer: met3
      Partial area ratio:   16.06
      Required ratio:    0.00 (Gate area) 
      Cumulative area ratio:   69.72
      Required ratio:    0.00 (Cumulative area) 
      Partial area ratio:   85.79
      Required ratio: 6132.76 (Side area) 
      Cumulative area ratio:  353.40
      Required ratio:    0.00 (Cumulative side area) 

    Layer: via3
      Partial area ratio:    0.01
      Required ratio:  323.95 (Gate area) 
      Cumulative area ratio:    0.14
      Required ratio:    0.00 (Cumulative area) 

    Layer: met4
      Partial area ratio:   25.25
      Required ratio:    0.00 (Gate area) 
      Cumulative area ratio:   94.97
      Required ratio:    0.00 (Cumulative area) 
      Partial area ratio:  134.97
      Required ratio: 6132.76 (Side area) 
      Cumulative area ratio:  488.37
      Required ratio:    0.00 (Cumulative side area) 


  Pin:   ANTENNA_2949/DIODE (sky130_fd_sc_hd__diode_2)
    Layer: mcon
      Partial area ratio:    0.07
      Required ratio:   10.82 (Gate area) 
      Cumulative area ratio:    0.07
      Required ratio:    0.00 (Cumulative area) 

    Layer: met1
      Partial area ratio:    0.69
      Required ratio:    0.00 (Gate area) 
      Cumulative area ratio:    0.69
      Required ratio:    0.00 (Cumulative area) 
      Partial area ratio:    3.28
      Required ratio: 2773.88 (Side area) 
      Cumulative area ratio:    3.28
      Required ratio:    0.00 (Cumulative side area) 

    Layer: via
      Partial area ratio:    0.05
      Required ratio:   21.65 (Gate area) 
      Cumulative area ratio:    0.12
      Required ratio:    0.00 (Cumulative area) 

    Layer: met2
      Partial area ratio:   52.97
      Required ratio:    0.00 (Gate area) 
      Cumulative area ratio:   53.66
      Required ratio:    0.00 (Cumulative area) 
      Partial area ratio:  264.34
      Required ratio: 4686.56 (Side area) 
      Cumulative area ratio:  267.62
      Required ratio:    0.00 (Cumulative side area) 

    Layer: via2
      Partial area ratio:    0.01
      Required ratio:  193.79 (Gate area) 
      Cumulative area ratio:    0.13
      Required ratio:    0.00 (Cumulative area) 

    Layer: met3
      Partial area ratio:   16.06
      Required ratio:    0.00 (Gate area) 
      Cumulative area ratio:   69.72
      Required ratio:    0.00 (Cumulative area) 
      Partial area ratio:   85.79
      Required ratio: 6132.76 (Side area) 
      Cumulative area ratio:  353.40
      Required ratio:    0.00 (Cumulative side area) 

    Layer: via3
      Partial area ratio:    0.01
      Required ratio:  323.95 (Gate area) 
      Cumulative area ratio:    0.14
      Required ratio:    0.00 (Cumulative area) 

    Layer: met4
      Partial area ratio:   25.25
      Required ratio:    0.00 (Gate area) 
      Cumulative area ratio:   94.97
      Required ratio:    0.00 (Cumulative area) 
      Partial area ratio:  134.97
      Required ratio: 6132.76 (Side area) 
      Cumulative area ratio:  488.37
      Required ratio:    0.00 (Cumulative side area) 


  Pin:   ANTENNA_2950/DIODE (sky130_fd_sc_hd__diode_2)
    Layer: mcon
      Partial area ratio:    0.07
      Required ratio:   10.82 (Gate area) 
      Cumulative area ratio:    0.07
      Required ratio:    0.00 (Cumulative area) 

    Layer: met1
      Partial area ratio:    0.84
      Required ratio:    0.00 (Gate area) 
      Cumulative area ratio:    0.84
      Required ratio:    0.00 (Cumulative area) 
      Partial area ratio:    4.02
      Required ratio: 2773.88 (Side area) 
      Cumulative area ratio:    4.02
      Required ratio:    0.00 (Cumulative side area) 

    Layer: via
      Partial area ratio:    0.05
      Required ratio:   21.65 (Gate area) 
      Cumulative area ratio:    0.12
      Required ratio:    0.00 (Cumulative area) 

    Layer: met2
      Partial area ratio:   52.97
      Required ratio:    0.00 (Gate area) 
      Cumulative area ratio:   53.81
      Required ratio:    0.00 (Cumulative area) 
      Partial area ratio:  264.34
      Required ratio: 4686.56 (Side area) 
      Cumulative area ratio:  268.36
      Required ratio:    0.00 (Cumulative side area) 

    Layer: via2
      Partial area ratio:    0.01
      Required ratio:  193.79 (Gate area) 
      Cumulative area ratio:    0.13
      Required ratio:    0.00 (Cumulative area) 

    Layer: met3
      Partial area ratio:   16.06
      Required ratio:    0.00 (Gate area) 
      Cumulative area ratio:   69.87
      Required ratio:    0.00 (Cumulative area) 
      Partial area ratio:   85.79
      Required ratio: 6132.76 (Side area) 
      Cumulative area ratio:  354.15
      Required ratio:    0.00 (Cumulative side area) 

    Layer: via3
      Partial area ratio:    0.01
      Required ratio:  323.95 (Gate area) 
      Cumulative area ratio:    0.14
      Required ratio:    0.00 (Cumulative area) 

    Layer: met4
      Partial area ratio:   25.25
      Required ratio:    0.00 (Gate area) 
      Cumulative area ratio:   95.12
      Required ratio:    0.00 (Cumulative area) 
      Partial area ratio:  134.97
      Required ratio: 6132.76 (Side area) 
      Cumulative area ratio:  489.11
      Required ratio:    0.00 (Cumulative side area) 


  Pin:   ANTENNA_2951/DIODE (sky130_fd_sc_hd__diode_2)
    Layer: mcon
      Partial area ratio:    0.13
      Required ratio:   10.82 (Gate area) 
      Cumulative area ratio:    0.13
      Required ratio:    0.00 (Cumulative area) 

    Layer: met1
      Partial area ratio:    0.73
      Required ratio:    0.00 (Gate area) 
      Cumulative area ratio:    0.73
      Required ratio:    0.00 (Cumulative area) 
      Partial area ratio:    3.47
      Required ratio: 2773.88 (Side area) 
      Cumulative area ratio:    3.47
      Required ratio:    0.00 (Cumulative side area) 

    Layer: via
      Partial area ratio:    0.10
      Required ratio:   21.65 (Gate area) 
      Cumulative area ratio:    0.24
      Required ratio:    0.00 (Cumulative area) 

    Layer: met2
      Partial area ratio:   52.97
      Required ratio:    0.00 (Gate area) 
      Cumulative area ratio:   53.70
      Required ratio:    0.00 (Cumulative area) 
      Partial area ratio:  264.34
      Required ratio: 4686.56 (Side area) 
      Cumulative area ratio:  267.81
      Required ratio:    0.00 (Cumulative side area) 

    Layer: via2
      Partial area ratio:    0.01
      Required ratio:  193.79 (Gate area) 
      Cumulative area ratio:    0.25
      Required ratio:    0.00 (Cumulative area) 

    Layer: met3
      Partial area ratio:   16.06
      Required ratio:    0.00 (Gate area) 
      Cumulative area ratio:   69.76
      Required ratio:    0.00 (Cumulative area) 
      Partial area ratio:   85.79
      Required ratio: 6132.76 (Side area) 
      Cumulative area ratio:  353.60
      Required ratio:    0.00 (Cumulative side area) 

    Layer: via3
      Partial area ratio:    0.01
      Required ratio:  323.95 (Gate area) 
      Cumulative area ratio:    0.25
      Required ratio:    0.00 (Cumulative area) 

    Layer: met4
      Partial area ratio:   25.25
      Required ratio:    0.00 (Gate area) 
      Cumulative area ratio:   95.01
      Required ratio:    0.00 (Cumulative area) 
      Partial area ratio:  134.97
      Required ratio: 6132.76 (Side area) 
      Cumulative area ratio:  488.57
      Required ratio:    0.00 (Cumulative side area) 


  Pin:   ANTENNA_2952/DIODE (sky130_fd_sc_hd__diode_2)
    Layer: mcon
      Partial area ratio:    0.13
      Required ratio:   10.82 (Gate area) 
      Cumulative area ratio:    0.13
      Required ratio:    0.00 (Cumulative area) 

    Layer: met1
      Partial area ratio:    1.33
      Required ratio:    0.00 (Gate area) 
      Cumulative area ratio:    1.33
      Required ratio:    0.00 (Cumulative area) 
      Partial area ratio:    6.43
      Required ratio: 2773.88 (Side area) 
      Cumulative area ratio:    6.43
      Required ratio:    0.00 (Cumulative side area) 

    Layer: via
      Partial area ratio:    0.10
      Required ratio:   21.65 (Gate area) 
      Cumulative area ratio:    0.24
      Required ratio:    0.00 (Cumulative area) 

    Layer: met2
      Partial area ratio:   52.97
      Required ratio:    0.00 (Gate area) 
      Cumulative area ratio:   54.30
      Required ratio:    0.00 (Cumulative area) 
      Partial area ratio:  264.34
      Required ratio: 4686.56 (Side area) 
      Cumulative area ratio:  270.77
      Required ratio:    0.00 (Cumulative side area) 

    Layer: via2
      Partial area ratio:    0.01
      Required ratio:  193.79 (Gate area) 
      Cumulative area ratio:    0.25
      Required ratio:    0.00 (Cumulative area) 

    Layer: met3
      Partial area ratio:   16.06
      Required ratio:    0.00 (Gate area) 
      Cumulative area ratio:   70.36
      Required ratio:    0.00 (Cumulative area) 
      Partial area ratio:   85.79
      Required ratio: 6132.76 (Side area) 
      Cumulative area ratio:  356.56
      Required ratio:    0.00 (Cumulative side area) 

    Layer: via3
      Partial area ratio:    0.01
      Required ratio:  323.95 (Gate area) 
      Cumulative area ratio:    0.25
      Required ratio:    0.00 (Cumulative area) 

    Layer: met4
      Partial area ratio:   25.25
      Required ratio:    0.00 (Gate area) 
      Cumulative area ratio:   95.60
      Required ratio:    0.00 (Cumulative area) 
      Partial area ratio:  134.97
      Required ratio: 6132.76 (Side area) 
      Cumulative area ratio:  491.53
      Required ratio:    0.00 (Cumulative side area) 


  Pin:   ANTENNA_2953/DIODE (sky130_fd_sc_hd__diode_2)
    Layer: mcon
      Partial area ratio:    0.07
      Required ratio:   10.82 (Gate area) 
      Cumulative area ratio:    0.07
      Required ratio:    0.00 (Cumulative area) 

    Layer: met1
      Partial area ratio:    0.69
      Required ratio:    0.00 (Gate area) 
      Cumulative area ratio:    0.69
      Required ratio:    0.00 (Cumulative area) 
      Partial area ratio:    3.28
      Required ratio: 2773.88 (Side area) 
      Cumulative area ratio:    3.28
      Required ratio:    0.00 (Cumulative side area) 

    Layer: via
      Partial area ratio:    0.05
      Required ratio:   21.65 (Gate area) 
      Cumulative area ratio:    0.12
      Required ratio:    0.00 (Cumulative area) 

    Layer: met2
      Partial area ratio:   52.97
      Required ratio:    0.00 (Gate area) 
      Cumulative area ratio:   53.66
      Required ratio:    0.00 (Cumulative area) 
      Partial area ratio:  264.34
      Required ratio: 4686.56 (Side area) 
      Cumulative area ratio:  267.62
      Required ratio:    0.00 (Cumulative side area) 

    Layer: via2
      Partial area ratio:    0.01
      Required ratio:  193.79 (Gate area) 
      Cumulative area ratio:    0.13
      Required ratio:    0.00 (Cumulative area) 

    Layer: met3
      Partial area ratio:   16.06
      Required ratio:    0.00 (Gate area) 
      Cumulative area ratio:   69.72
      Required ratio:    0.00 (Cumulative area) 
      Partial area ratio:   85.79
      Required ratio: 6132.76 (Side area) 
      Cumulative area ratio:  353.40
      Required ratio:    0.00 (Cumulative side area) 

    Layer: via3
      Partial area ratio:    0.01
      Required ratio:  323.95 (Gate area) 
      Cumulative area ratio:    0.14
      Required ratio:    0.00 (Cumulative area) 

    Layer: met4
      Partial area ratio:   25.25
      Required ratio:    0.00 (Gate area) 
      Cumulative area ratio:   94.97
      Required ratio:    0.00 (Cumulative area) 
      Partial area ratio:  134.97
      Required ratio: 6132.76 (Side area) 
      Cumulative area ratio:  488.37
      Required ratio:    0.00 (Cumulative side area) 



Net: net1773
  Pin:   _065297_/A1 (sky130_fd_sc_hd__mux2_1)
    Layer: mcon
      Partial area ratio:    0.23
      Required ratio:    3.00 (Gate area) 
      Cumulative area ratio:    0.23
      Required ratio:    0.00 (Cumulative area) 

    Layer: met1
      Partial area ratio:    2.38
      Required ratio:    0.00 (Gate area) 
      Cumulative area ratio:    2.38
      Required ratio:    0.00 (Cumulative area) 
      Partial area ratio:   11.31
      Required ratio:  400.00 (Side area) 
      Cumulative area ratio:   11.31
      Required ratio:    0.00 (Cumulative side area) 

    Layer: via
      Partial area ratio:    0.18
      Required ratio:    6.00 (Gate area) 
      Cumulative area ratio:    0.41
      Required ratio:    0.00 (Cumulative area) 

    Layer: met2
      Partial area ratio:   64.28
      Required ratio:    0.00 (Gate area) 
      Cumulative area ratio:   66.66
      Required ratio:    0.00 (Cumulative area) 
      Partial area ratio:  318.97
      Required ratio:  400.00 (Side area) 
      Cumulative area ratio:  330.28
      Required ratio:    0.00 (Cumulative side area) 

    Layer: via2
      Partial area ratio:    0.21
      Required ratio:    6.00 (Gate area) 
      Cumulative area ratio:    0.62
      Required ratio:    0.00 (Cumulative area) 

    Layer: met3
      Partial area ratio:    2.36
      Required ratio:    0.00 (Gate area) 
      Cumulative area ratio:   69.02
      Required ratio:    0.00 (Cumulative area) 
      Partial area ratio:   12.87
      Required ratio: 4016.96 (Side area) 
      Cumulative area ratio:  343.15
      Required ratio:    0.00 (Cumulative side area) 


  Pin:   _065335_/A0 (sky130_fd_sc_hd__mux2_1)
    Layer: li1
      Partial area ratio:    0.01
      Required ratio:    0.00 (Gate area) 
      Cumulative area ratio:    0.01
      Required ratio:    0.00 (Cumulative area) 
      Partial area ratio:    0.28
      Required ratio:   75.00 (Side area) 
      Cumulative area ratio:    0.28
      Required ratio:    0.00 (Cumulative side area) 

    Layer: mcon
      Partial area ratio:    0.23
      Required ratio:    3.00 (Gate area) 
      Cumulative area ratio:    0.23
      Required ratio:    0.00 (Cumulative area) 

    Layer: met1
      Partial area ratio:    4.54
      Required ratio:    0.00 (Gate area) 
      Cumulative area ratio:    4.55
      Required ratio:    0.00 (Cumulative area) 
      Partial area ratio:   21.78
      Required ratio:  400.00 (Side area) 
      Cumulative area ratio:   22.06
      Required ratio:    0.00 (Cumulative side area) 

    Layer: via
      Partial area ratio:    0.36
      Required ratio:    6.00 (Gate area) 
      Cumulative area ratio:    0.59
      Required ratio:    0.00 (Cumulative area) 

    Layer: met2
      Partial area ratio:   64.28
      Required ratio:    0.00 (Gate area) 
      Cumulative area ratio:   68.83
      Required ratio:    0.00 (Cumulative area) 
      Partial area ratio:  318.97
      Required ratio:  400.00 (Side area) 
      Cumulative area ratio:  341.03
      Required ratio:    0.00 (Cumulative side area) 

    Layer: via2
      Partial area ratio:    0.21
      Required ratio:    6.00 (Gate area) 
      Cumulative area ratio:    0.80
      Required ratio:    0.00 (Cumulative area) 

    Layer: met3
      Partial area ratio:    2.36
      Required ratio:    0.00 (Gate area) 
      Cumulative area ratio:   71.19
      Required ratio:    0.00 (Cumulative area) 
      Partial area ratio:   12.87
      Required ratio: 4016.96 (Side area) 
      Cumulative area ratio:  353.90
      Required ratio:    0.00 (Cumulative side area) 


  Pin:   _065372_/A1 (sky130_fd_sc_hd__mux2_1)
    Layer: mcon
      Partial area ratio:    0.23
      Required ratio:    3.00 (Gate area) 
      Cumulative area ratio:    0.23
      Required ratio:    0.00 (Cumulative area) 

    Layer: met1
      Partial area ratio:   16.56
      Required ratio:    0.00 (Gate area) 
      Cumulative area ratio:   16.56
      Required ratio:    0.00 (Cumulative area) 
      Partial area ratio:   82.19
      Required ratio:  400.00 (Side area) 
      Cumulative area ratio:   82.19
      Required ratio:    0.00 (Cumulative side area) 

    Layer: via
      Partial area ratio:    0.18
      Required ratio:    6.00 (Gate area) 
      Cumulative area ratio:    0.41
      Required ratio:    0.00 (Cumulative area) 

    Layer: met2
      Partial area ratio:   64.28
      Required ratio:    0.00 (Gate area) 
      Cumulative area ratio:   80.84
      Required ratio:    0.00 (Cumulative area) 
      Partial area ratio:  318.97
      Required ratio:  400.00 (Side area) 
      Cumulative area ratio:  401.17
      Required ratio:    0.00 (Cumulative side area) 

    Layer: via2
      Partial area ratio:    0.21
      Required ratio:    6.00 (Gate area) 
      Cumulative area ratio:    0.62
      Required ratio:    0.00 (Cumulative area) 

    Layer: met3
      Partial area ratio:    2.36
      Required ratio:    0.00 (Gate area) 
      Cumulative area ratio:   83.20
      Required ratio:    0.00 (Cumulative area) 
      Partial area ratio:   12.87
      Required ratio: 4016.96 (Side area) 
      Cumulative area ratio:  414.04
      Required ratio:    0.00 (Cumulative side area) 


  Pin:   _065411_/A1 (sky130_fd_sc_hd__mux2_1)
    Layer: mcon
      Partial area ratio:    0.23
      Required ratio:    3.00 (Gate area) 
      Cumulative area ratio:    0.23
      Required ratio:    0.00 (Cumulative area) 

    Layer: met1
      Partial area ratio:    7.91
      Required ratio:    0.00 (Gate area) 
      Cumulative area ratio:    7.91
      Required ratio:    0.00 (Cumulative area) 
      Partial area ratio:   38.92
      Required ratio:  400.00 (Side area) 
      Cumulative area ratio:   38.92
      Required ratio:    0.00 (Cumulative side area) 

    Layer: via
      Partial area ratio:    0.18
      Required ratio:    6.00 (Gate area) 
      Cumulative area ratio:    0.41
      Required ratio:    0.00 (Cumulative area) 

    Layer: met2
      Partial area ratio:   12.38
      Required ratio:    0.00 (Gate area) 
      Cumulative area ratio:   20.28
      Required ratio:    0.00 (Cumulative area) 
      Partial area ratio:   61.29
      Required ratio: 2947.76 (Side area) 
      Cumulative area ratio:  100.21
      Required ratio:    0.00 (Cumulative side area) 

    Layer: via2
      Partial area ratio:    0.02
      Required ratio:   37.30 (Gate area) 
      Cumulative area ratio:    0.42
      Required ratio:    0.00 (Cumulative area) 

    Layer: met3
      Partial area ratio:    2.36
      Required ratio:    0.00 (Gate area) 
      Cumulative area ratio:   22.64
      Required ratio:    0.00 (Cumulative area) 
      Partial area ratio:   12.87
      Required ratio: 4016.96 (Side area) 
      Cumulative area ratio:  113.08
      Required ratio:    0.00 (Cumulative side area) 


  Pin:   _065448_/A1 (sky130_fd_sc_hd__mux2_1)
    Layer: mcon
      Partial area ratio:    0.23
      Required ratio:    3.00 (Gate area) 
      Cumulative area ratio:    0.23
      Required ratio:    0.00 (Cumulative area) 

    Layer: met1
      Partial area ratio:   39.33
      Required ratio:    0.00 (Gate area) 
      Cumulative area ratio:   39.33
      Required ratio:    0.00 (Cumulative area) 
      Partial area ratio:  196.03
      Required ratio:  400.00 (Side area) 
      Cumulative area ratio:  196.03
      Required ratio:    0.00 (Cumulative side area) 

    Layer: via
      Partial area ratio:    0.18
      Required ratio:    6.00 (Gate area) 
      Cumulative area ratio:    0.41
      Required ratio:    0.00 (Cumulative area) 

    Layer: met2
      Partial area ratio:   12.38
      Required ratio:    0.00 (Gate area) 
      Cumulative area ratio:   51.71
      Required ratio:    0.00 (Cumulative area) 
      Partial area ratio:   61.29
      Required ratio: 2947.76 (Side area) 
      Cumulative area ratio:  257.32
      Required ratio:    0.00 (Cumulative side area) 

    Layer: via2
      Partial area ratio:    0.02
      Required ratio:   37.30 (Gate area) 
      Cumulative area ratio:    0.42
      Required ratio:    0.00 (Cumulative area) 

    Layer: met3
      Partial area ratio:    2.36
      Required ratio:    0.00 (Gate area) 
      Cumulative area ratio:   54.07
      Required ratio:    0.00 (Cumulative area) 
      Partial area ratio:   12.87
      Required ratio: 4016.96 (Side area) 
      Cumulative area ratio:  270.19
      Required ratio:    0.00 (Cumulative side area) 


  Pin:   _065791_/A1 (sky130_fd_sc_hd__mux2_1)
    Layer: mcon
      Partial area ratio:    0.46
      Required ratio:    3.00 (Gate area) 
      Cumulative area ratio:    0.46
      Required ratio:    0.00 (Cumulative area) 

    Layer: met1
      Partial area ratio:   38.65
      Required ratio:    0.00 (Gate area) 
      Cumulative area ratio:   38.65
      Required ratio:    0.00 (Cumulative area) 
      Partial area ratio:  192.00
      Required ratio:  400.00 (Side area) 
      Cumulative area ratio:  192.00
      Required ratio:    0.00 (Cumulative side area) 

    Layer: via
      Partial area ratio:    0.36
      Required ratio:    6.00 (Gate area) 
      Cumulative area ratio:    0.82
      Required ratio:    0.00 (Cumulative area) 

    Layer: met2
      Partial area ratio:   12.38
      Required ratio:    0.00 (Gate area) 
      Cumulative area ratio:   51.02
      Required ratio:    0.00 (Cumulative area) 
      Partial area ratio:   61.29
      Required ratio: 2947.76 (Side area) 
      Cumulative area ratio:  253.29
      Required ratio:    0.00 (Cumulative side area) 

    Layer: via2
      Partial area ratio:    0.02
      Required ratio:   37.30 (Gate area) 
      Cumulative area ratio:    0.83
      Required ratio:    0.00 (Cumulative area) 

    Layer: met3
      Partial area ratio:    2.36
      Required ratio:    0.00 (Gate area) 
      Cumulative area ratio:   53.38
      Required ratio:    0.00 (Cumulative area) 
      Partial area ratio:   12.87
      Required ratio: 4016.96 (Side area) 
      Cumulative area ratio:  266.16
      Required ratio:    0.00 (Cumulative side area) 


  Pin:   _065828_/A0 (sky130_fd_sc_hd__mux2_1)
    Layer: li1
      Partial area ratio:    0.01
      Required ratio:    0.00 (Gate area) 
      Cumulative area ratio:    0.01
      Required ratio:    0.00 (Cumulative area) 
      Partial area ratio:    0.28
      Required ratio:   75.00 (Side area) 
      Cumulative area ratio:    0.28
      Required ratio:    0.00 (Cumulative side area) 

    Layer: mcon
      Partial area ratio:    0.23
      Required ratio:    3.00 (Gate area) 
      Cumulative area ratio:    0.23
      Required ratio:    0.00 (Cumulative area) 

    Layer: met1
      Partial area ratio:  229.49
      Required ratio:    0.00 (Gate area) 
      Cumulative area ratio:  229.50
      Required ratio:    0.00 (Cumulative area) 
      Partial area ratio: 1146.00
      Required ratio:  400.00 (Side area) (VIOLATED)
      Cumulative area ratio: 1146.28
      Required ratio:    0.00 (Cumulative side area) 

    Layer: via
      Partial area ratio:    0.36
      Required ratio:    6.00 (Gate area) 
      Cumulative area ratio:    0.59
      Required ratio:    0.00 (Cumulative area) 

    Layer: met2
      Partial area ratio:   19.94
      Required ratio:    0.00 (Gate area) 
      Cumulative area ratio:  249.44
      Required ratio:    0.00 (Cumulative area) 
      Partial area ratio:   98.05
      Required ratio: 3669.20 (Side area) 
      Cumulative area ratio: 1244.33
      Required ratio:    0.00 (Cumulative side area) 

    Layer: via2
      Partial area ratio:    0.12
      Required ratio:  102.23 (Gate area) 
      Cumulative area ratio:    0.71
      Required ratio:    0.00 (Cumulative area) 

    Layer: met3
      Partial area ratio:    2.36
      Required ratio:    0.00 (Gate area) 
      Cumulative area ratio:  251.80
      Required ratio:    0.00 (Cumulative area) 
      Partial area ratio:   12.87
      Required ratio: 4016.96 (Side area) 
      Cumulative area ratio: 1257.21
      Required ratio:    0.00 (Cumulative side area) 


  Pin:   _089791_/A0 (sky130_fd_sc_hd__mux2_1)
    Layer: li1
      Partial area ratio:    0.01
      Required ratio:    0.00 (Gate area) 
      Cumulative area ratio:    0.01
      Required ratio:    0.00 (Cumulative area) 
      Partial area ratio:    0.28
      Required ratio:   75.00 (Side area) 
      Cumulative area ratio:    0.28
      Required ratio:    0.00 (Cumulative side area) 

    Layer: mcon
      Partial area ratio:    0.23
      Required ratio:    3.00 (Gate area) 
      Cumulative area ratio:    0.23
      Required ratio:    0.00 (Cumulative area) 

    Layer: met1
      Partial area ratio:    0.66
      Required ratio:    0.00 (Gate area) 
      Cumulative area ratio:    0.67
      Required ratio:    0.00 (Cumulative area) 
      Partial area ratio:    3.22
      Required ratio:  400.00 (Side area) 
      Cumulative area ratio:    3.50
      Required ratio:    0.00 (Cumulative side area) 

    Layer: via
      Partial area ratio:    0.18
      Required ratio:    6.00 (Gate area) 
      Cumulative area ratio:    0.41
      Required ratio:    0.00 (Cumulative area) 

    Layer: met2
      Partial area ratio:   12.38
      Required ratio:    0.00 (Gate area) 
      Cumulative area ratio:   13.04
      Required ratio:    0.00 (Cumulative area) 
      Partial area ratio:   61.29
      Required ratio: 2947.76 (Side area) 
      Cumulative area ratio:   64.79
      Required ratio:    0.00 (Cumulative side area) 

    Layer: via2
      Partial area ratio:    0.02
      Required ratio:   37.30 (Gate area) 
      Cumulative area ratio:    0.42
      Required ratio:    0.00 (Cumulative area) 

    Layer: met3
      Partial area ratio:    2.36
      Required ratio:    0.00 (Gate area) 
      Cumulative area ratio:   15.40
      Required ratio:    0.00 (Cumulative area) 
      Partial area ratio:   12.87
      Required ratio: 4016.96 (Side area) 
      Cumulative area ratio:   77.66
      Required ratio:    0.00 (Cumulative side area) 


  Pin:   _090105_/D (sky130_fd_sc_hd__or4_2)
    Layer: mcon
      Partial area ratio:    0.23
      Required ratio:    3.00 (Gate area) 
      Cumulative area ratio:    0.23
      Required ratio:    0.00 (Cumulative area) 

    Layer: met1
      Partial area ratio:   12.30
      Required ratio:    0.00 (Gate area) 
      Cumulative area ratio:   12.30
      Required ratio:    0.00 (Cumulative area) 
      Partial area ratio:   60.03
      Required ratio:  400.00 (Side area) 
      Cumulative area ratio:   60.03
      Required ratio:    0.00 (Cumulative side area) 

    Layer: via
      Partial area ratio:    0.36
      Required ratio:    6.00 (Gate area) 
      Cumulative area ratio:    0.59
      Required ratio:    0.00 (Cumulative area) 

    Layer: met2
      Partial area ratio:   12.38
      Required ratio:    0.00 (Gate area) 
      Cumulative area ratio:   24.68
      Required ratio:    0.00 (Cumulative area) 
      Partial area ratio:   61.29
      Required ratio: 2947.76 (Side area) 
      Cumulative area ratio:  121.32
      Required ratio:    0.00 (Cumulative side area) 

    Layer: via2
      Partial area ratio:    0.02
      Required ratio:   37.30 (Gate area) 
      Cumulative area ratio:    0.60
      Required ratio:    0.00 (Cumulative area) 

    Layer: met3
      Partial area ratio:    2.36
      Required ratio:    0.00 (Gate area) 
      Cumulative area ratio:   27.04
      Required ratio:    0.00 (Cumulative area) 
      Partial area ratio:   12.87
      Required ratio: 4016.96 (Side area) 
      Cumulative area ratio:  134.19
      Required ratio:    0.00 (Cumulative side area) 


  Pin:   _091339_/A0 (sky130_fd_sc_hd__mux2_1)
    Layer: li1
      Partial area ratio:    0.01
      Required ratio:    0.00 (Gate area) 
      Cumulative area ratio:    0.01
      Required ratio:    0.00 (Cumulative area) 
      Partial area ratio:    0.56
      Required ratio:   75.00 (Side area) 
      Cumulative area ratio:    0.56
      Required ratio:    0.00 (Cumulative side area) 

    Layer: mcon
      Partial area ratio:    0.46
      Required ratio:    3.00 (Gate area) 
      Cumulative area ratio:    0.46
      Required ratio:    0.00 (Cumulative area) 

    Layer: met1
      Partial area ratio:    0.89
      Required ratio:    0.00 (Gate area) 
      Cumulative area ratio:    0.90
      Required ratio:    0.00 (Cumulative area) 
      Partial area ratio:    4.36
      Required ratio: 2773.88 (Side area) 
      Cumulative area ratio:    4.91
      Required ratio:    0.00 (Cumulative side area) 

    Layer: via
      Partial area ratio:    0.04
      Required ratio:   21.65 (Gate area) 
      Cumulative area ratio:    0.50
      Required ratio:    0.00 (Cumulative area) 

    Layer: met2
      Partial area ratio:   12.38
      Required ratio:    0.00 (Gate area) 
      Cumulative area ratio:   13.28
      Required ratio:    0.00 (Cumulative area) 
      Partial area ratio:   61.29
      Required ratio: 2947.76 (Side area) 
      Cumulative area ratio:   66.20
      Required ratio:    0.00 (Cumulative side area) 

    Layer: via2
      Partial area ratio:    0.02
      Required ratio:   37.30 (Gate area) 
      Cumulative area ratio:    0.51
      Required ratio:    0.00 (Cumulative area) 

    Layer: met3
      Partial area ratio:    2.36
      Required ratio:    0.00 (Gate area) 
      Cumulative area ratio:   15.64
      Required ratio:    0.00 (Cumulative area) 
      Partial area ratio:   12.87
      Required ratio: 4016.96 (Side area) 
      Cumulative area ratio:   79.08
      Required ratio:    0.00 (Cumulative side area) 


  Pin:   wire1770/A (sky130_fd_sc_hd__buf_12)
    Layer: mcon
      Partial area ratio:    0.03
      Required ratio:    3.00 (Gate area) 
      Cumulative area ratio:    0.03
      Required ratio:    0.00 (Cumulative area) 

    Layer: met1
      Partial area ratio:   11.98
      Required ratio:    0.00 (Gate area) 
      Cumulative area ratio:   11.98
      Required ratio:    0.00 (Cumulative area) 
      Partial area ratio:   59.84
      Required ratio:  400.00 (Side area) 
      Cumulative area ratio:   59.84
      Required ratio:    0.00 (Cumulative side area) 

    Layer: via
      Partial area ratio:    0.02
      Required ratio:    6.00 (Gate area) 
      Cumulative area ratio:    0.05
      Required ratio:    0.00 (Cumulative area) 

    Layer: met2
      Partial area ratio:   12.38
      Required ratio:    0.00 (Gate area) 
      Cumulative area ratio:   24.36
      Required ratio:    0.00 (Cumulative area) 
      Partial area ratio:   61.29
      Required ratio: 2947.76 (Side area) 
      Cumulative area ratio:  121.13
      Required ratio:    0.00 (Cumulative side area) 

    Layer: via2
      Partial area ratio:    0.02
      Required ratio:   37.30 (Gate area) 
      Cumulative area ratio:    0.07
      Required ratio:    0.00 (Cumulative area) 

    Layer: met3
      Partial area ratio:    2.36
      Required ratio:    0.00 (Gate area) 
      Cumulative area ratio:   26.72
      Required ratio:    0.00 (Cumulative area) 
      Partial area ratio:   12.87
      Required ratio: 4016.96 (Side area) 
      Cumulative area ratio:  134.00
      Required ratio:    0.00 (Cumulative side area) 


  Pin:   load_slew1771/A (sky130_fd_sc_hd__buf_1)
    Layer: mcon
      Partial area ratio:    0.15
      Required ratio:    3.00 (Gate area) 
      Cumulative area ratio:    0.15
      Required ratio:    0.00 (Cumulative area) 

    Layer: met1
      Partial area ratio:    2.26
      Required ratio:    0.00 (Gate area) 
      Cumulative area ratio:    2.26
      Required ratio:    0.00 (Cumulative area) 
      Partial area ratio:   10.69
      Required ratio:  400.00 (Side area) 
      Cumulative area ratio:   10.69
      Required ratio:    0.00 (Cumulative side area) 

    Layer: via
      Partial area ratio:    0.23
      Required ratio:    6.00 (Gate area) 
      Cumulative area ratio:    0.38
      Required ratio:    0.00 (Cumulative area) 

    Layer: met2
      Partial area ratio:   19.94
      Required ratio:    0.00 (Gate area) 
      Cumulative area ratio:   22.19
      Required ratio:    0.00 (Cumulative area) 
      Partial area ratio:   98.05
      Required ratio: 3669.20 (Side area) 
      Cumulative area ratio:  108.74
      Required ratio:    0.00 (Cumulative side area) 

    Layer: via2
      Partial area ratio:    0.12
      Required ratio:  102.23 (Gate area) 
      Cumulative area ratio:    0.50
      Required ratio:    0.00 (Cumulative area) 

    Layer: met3
      Partial area ratio:    2.36
      Required ratio:    0.00 (Gate area) 
      Cumulative area ratio:   24.55
      Required ratio:    0.00 (Cumulative area) 
      Partial area ratio:   12.87
      Required ratio: 4016.96 (Side area) 
      Cumulative area ratio:  121.62
      Required ratio:    0.00 (Cumulative side area) 


  Pin:   ANTENNA_1896/DIODE (sky130_fd_sc_hd__diode_2)
    Layer: mcon
      Partial area ratio:    0.07
      Required ratio:   10.82 (Gate area) 
      Cumulative area ratio:    0.07
      Required ratio:    0.00 (Cumulative area) 

    Layer: met1
      Partial area ratio:    4.75
      Required ratio:    0.00 (Gate area) 
      Cumulative area ratio:    4.75
      Required ratio:    0.00 (Cumulative area) 
      Partial area ratio:   23.30
      Required ratio: 2773.88 (Side area) 
      Cumulative area ratio:   23.30
      Required ratio:    0.00 (Cumulative side area) 

    Layer: via
      Partial area ratio:    0.10
      Required ratio:   21.65 (Gate area) 
      Cumulative area ratio:    0.17
      Required ratio:    0.00 (Cumulative area) 

    Layer: met2
      Partial area ratio:   12.38
      Required ratio:    0.00 (Gate area) 
      Cumulative area ratio:   17.12
      Required ratio:    0.00 (Cumulative area) 
      Partial area ratio:   61.29
      Required ratio: 2947.76 (Side area) 
      Cumulative area ratio:   84.59
      Required ratio:    0.00 (Cumulative side area) 

    Layer: via2
      Partial area ratio:    0.02
      Required ratio:   37.30 (Gate area) 
      Cumulative area ratio:    0.19
      Required ratio:    0.00 (Cumulative area) 

    Layer: met3
      Partial area ratio:    2.36
      Required ratio:    0.00 (Gate area) 
      Cumulative area ratio:   19.48
      Required ratio:    0.00 (Cumulative area) 
      Partial area ratio:   12.87
      Required ratio: 4016.96 (Side area) 
      Cumulative area ratio:   97.46
      Required ratio:    0.00 (Cumulative side area) 


  Pin:   ANTENNA_1897/DIODE (sky130_fd_sc_hd__diode_2)
    Layer: mcon
      Partial area ratio:    0.07
      Required ratio:   10.82 (Gate area) 
      Cumulative area ratio:    0.07
      Required ratio:    0.00 (Cumulative area) 

    Layer: met1
      Partial area ratio:    0.89
      Required ratio:    0.00 (Gate area) 
      Cumulative area ratio:    0.89
      Required ratio:    0.00 (Cumulative area) 
      Partial area ratio:    4.36
      Required ratio: 2773.88 (Side area) 
      Cumulative area ratio:    4.36
      Required ratio:    0.00 (Cumulative side area) 

    Layer: via
      Partial area ratio:    0.04
      Required ratio:   21.65 (Gate area) 
      Cumulative area ratio:    0.11
      Required ratio:    0.00 (Cumulative area) 

    Layer: met2
      Partial area ratio:   12.38
      Required ratio:    0.00 (Gate area) 
      Cumulative area ratio:   13.27
      Required ratio:    0.00 (Cumulative area) 
      Partial area ratio:   61.29
      Required ratio: 2947.76 (Side area) 
      Cumulative area ratio:   65.65
      Required ratio:    0.00 (Cumulative side area) 

    Layer: via2
      Partial area ratio:    0.02
      Required ratio:   37.30 (Gate area) 
      Cumulative area ratio:    0.12
      Required ratio:    0.00 (Cumulative area) 

    Layer: met3
      Partial area ratio:    2.36
      Required ratio:    0.00 (Gate area) 
      Cumulative area ratio:   15.63
      Required ratio:    0.00 (Cumulative area) 
      Partial area ratio:   12.87
      Required ratio: 4016.96 (Side area) 
      Cumulative area ratio:   78.52
      Required ratio:    0.00 (Cumulative side area) 



Net: net1846
  Pin:   _065506_/A1 (sky130_fd_sc_hd__mux2_1)
    Layer: mcon
      Partial area ratio:    0.46
      Required ratio:    3.00 (Gate area) 
      Cumulative area ratio:    0.46
      Required ratio:    0.00 (Cumulative area) 

    Layer: met1
      Partial area ratio:   30.63
      Required ratio:    0.00 (Gate area) 
      Cumulative area ratio:   30.63
      Required ratio:    0.00 (Cumulative area) 
      Partial area ratio:  151.06
      Required ratio:  400.00 (Side area) 
      Cumulative area ratio:  151.06
      Required ratio:    0.00 (Cumulative side area) 

    Layer: via
      Partial area ratio:    0.54
      Required ratio:    6.00 (Gate area) 
      Cumulative area ratio:    0.99
      Required ratio:    0.00 (Cumulative area) 

    Layer: met2
      Partial area ratio:   10.48
      Required ratio:    0.00 (Gate area) 
      Cumulative area ratio:   41.11
      Required ratio:    0.00 (Cumulative area) 
      Partial area ratio:   51.81
      Required ratio:  400.00 (Side area) 
      Cumulative area ratio:  202.87
      Required ratio:    0.00 (Cumulative side area) 

    Layer: via2
      Partial area ratio:    0.04
      Required ratio:    6.00 (Gate area) 
      Cumulative area ratio:    1.03
      Required ratio:    0.00 (Cumulative area) 

    Layer: met3
      Partial area ratio:    9.64
      Required ratio:    0.00 (Gate area) 
      Cumulative area ratio:   50.74
      Required ratio:    0.00 (Cumulative area) 
      Partial area ratio:   52.24
      Required ratio:  400.00 (Side area) 
      Cumulative area ratio:  255.11
      Required ratio:    0.00 (Cumulative side area) 

    Layer: via3
      Partial area ratio:    0.04
      Required ratio:    6.00 (Gate area) 
      Cumulative area ratio:    1.07
      Required ratio:    0.00 (Cumulative area) 

    Layer: met4
      Partial area ratio:   24.58
      Required ratio:    0.00 (Gate area) 
      Cumulative area ratio:   75.32
      Required ratio:    0.00 (Cumulative area) 
      Partial area ratio:  131.83
      Required ratio: 3669.20 (Side area) 
      Cumulative area ratio:  386.94
      Required ratio:    0.00 (Cumulative side area) 


  Pin:   _065545_/A1 (sky130_fd_sc_hd__mux2_1)
    Layer: mcon
      Partial area ratio:    0.23
      Required ratio:    3.00 (Gate area) 
      Cumulative area ratio:    0.23
      Required ratio:    0.00 (Cumulative area) 

    Layer: met1
      Partial area ratio:    1.87
      Required ratio:    0.00 (Gate area) 
      Cumulative area ratio:    1.87
      Required ratio:    0.00 (Cumulative area) 
      Partial area ratio:    8.75
      Required ratio:  400.00 (Side area) 
      Cumulative area ratio:    8.75
      Required ratio:    0.00 (Cumulative side area) 

    Layer: via
      Partial area ratio:    0.18
      Required ratio:    6.00 (Gate area) 
      Cumulative area ratio:    0.41
      Required ratio:    0.00 (Cumulative area) 

    Layer: met2
      Partial area ratio:   10.48
      Required ratio:    0.00 (Gate area) 
      Cumulative area ratio:   12.35
      Required ratio:    0.00 (Cumulative area) 
      Partial area ratio:   51.81
      Required ratio:  400.00 (Side area) 
      Cumulative area ratio:   60.56
      Required ratio:    0.00 (Cumulative side area) 

    Layer: via2
      Partial area ratio:    0.04
      Required ratio:    6.00 (Gate area) 
      Cumulative area ratio:    0.44
      Required ratio:    0.00 (Cumulative area) 

    Layer: met3
      Partial area ratio:    9.64
      Required ratio:    0.00 (Gate area) 
      Cumulative area ratio:   21.99
      Required ratio:    0.00 (Cumulative area) 
      Partial area ratio:   52.24
      Required ratio:  400.00 (Side area) 
      Cumulative area ratio:  112.80
      Required ratio:    0.00 (Cumulative side area) 

    Layer: via3
      Partial area ratio:    0.04
      Required ratio:    6.00 (Gate area) 
      Cumulative area ratio:    0.48
      Required ratio:    0.00 (Cumulative area) 

    Layer: met4
      Partial area ratio:   24.58
      Required ratio:    0.00 (Gate area) 
      Cumulative area ratio:   46.57
      Required ratio:    0.00 (Cumulative area) 
      Partial area ratio:  131.83
      Required ratio: 3669.20 (Side area) 
      Cumulative area ratio:  244.63
      Required ratio:    0.00 (Cumulative side area) 


  Pin:   _091328_/A0 (sky130_fd_sc_hd__mux2_1)
    Layer: li1
      Partial area ratio:    0.01
      Required ratio:    0.00 (Gate area) 
      Cumulative area ratio:    0.01
      Required ratio:    0.00 (Cumulative area) 
      Partial area ratio:    0.28
      Required ratio:   75.00 (Side area) 
      Cumulative area ratio:    0.28
      Required ratio:    0.00 (Cumulative side area) 

    Layer: mcon
      Partial area ratio:    0.23
      Required ratio:    3.00 (Gate area) 
      Cumulative area ratio:    0.23
      Required ratio:    0.00 (Cumulative area) 

    Layer: met1
      Partial area ratio:   23.02
      Required ratio:    0.00 (Gate area) 
      Cumulative area ratio:   23.02
      Required ratio:    0.00 (Cumulative area) 
      Partial area ratio:  113.61
      Required ratio:  400.00 (Side area) 
      Cumulative area ratio:  113.89
      Required ratio:    0.00 (Cumulative side area) 

    Layer: via
      Partial area ratio:    0.36
      Required ratio:    6.00 (Gate area) 
      Cumulative area ratio:    0.59
      Required ratio:    0.00 (Cumulative area) 

    Layer: met2
      Partial area ratio:   10.48
      Required ratio:    0.00 (Gate area) 
      Cumulative area ratio:   33.50
      Required ratio:    0.00 (Cumulative area) 
      Partial area ratio:   51.81
      Required ratio:  400.00 (Side area) 
      Cumulative area ratio:  165.70
      Required ratio:    0.00 (Cumulative side area) 

    Layer: via2
      Partial area ratio:    0.04
      Required ratio:    6.00 (Gate area) 
      Cumulative area ratio:    0.62
      Required ratio:    0.00 (Cumulative area) 

    Layer: met3
      Partial area ratio:    9.64
      Required ratio:    0.00 (Gate area) 
      Cumulative area ratio:   43.14
      Required ratio:    0.00 (Cumulative area) 
      Partial area ratio:   52.24
      Required ratio:  400.00 (Side area) 
      Cumulative area ratio:  217.94
      Required ratio:    0.00 (Cumulative side area) 

    Layer: via3
      Partial area ratio:    0.04
      Required ratio:    6.00 (Gate area) 
      Cumulative area ratio:    0.66
      Required ratio:    0.00 (Cumulative area) 

    Layer: met4
      Partial area ratio:   24.58
      Required ratio:    0.00 (Gate area) 
      Cumulative area ratio:   67.72
      Required ratio:    0.00 (Cumulative area) 
      Partial area ratio:  131.83
      Required ratio: 3669.20 (Side area) 
      Cumulative area ratio:  349.77
      Required ratio:    0.00 (Cumulative side area) 


  Pin:   _113114_/A0 (sky130_fd_sc_hd__mux2_1)
    Layer: li1
      Partial area ratio:    0.01
      Required ratio:    0.00 (Gate area) 
      Cumulative area ratio:    0.01
      Required ratio:    0.00 (Cumulative area) 
      Partial area ratio:    0.28
      Required ratio:   75.00 (Side area) 
      Cumulative area ratio:    0.28
      Required ratio:    0.00 (Cumulative side area) 

    Layer: mcon
      Partial area ratio:    0.23
      Required ratio:    3.00 (Gate area) 
      Cumulative area ratio:    0.23
      Required ratio:    0.00 (Cumulative area) 

    Layer: met1
      Partial area ratio:    0.66
      Required ratio:    0.00 (Gate area) 
      Cumulative area ratio:    0.67
      Required ratio:    0.00 (Cumulative area) 
      Partial area ratio:    3.22
      Required ratio:  400.00 (Side area) 
      Cumulative area ratio:    3.50
      Required ratio:    0.00 (Cumulative side area) 

    Layer: via
      Partial area ratio:    0.18
      Required ratio:    6.00 (Gate area) 
      Cumulative area ratio:    0.41
      Required ratio:    0.00 (Cumulative area) 

    Layer: met2
      Partial area ratio:    6.83
      Required ratio:    0.00 (Gate area) 
      Cumulative area ratio:    7.49
      Required ratio:    0.00 (Cumulative area) 
      Partial area ratio:   31.50
      Required ratio:  400.00 (Side area) 
      Cumulative area ratio:   35.00
      Required ratio:    0.00 (Cumulative side area) 

    Layer: via2
      Partial area ratio:    0.63
      Required ratio:    6.00 (Gate area) 
      Cumulative area ratio:    1.04
      Required ratio:    0.00 (Cumulative area) 

    Layer: met3
      Partial area ratio:  501.77
      Required ratio:    0.00 (Gate area) 
      Cumulative area ratio:  509.26
      Required ratio:    0.00 (Cumulative area) 
      Partial area ratio: 2687.24
      Required ratio:  400.00 (Side area) (VIOLATED)
      Cumulative area ratio: 2722.24
      Required ratio:    0.00 (Cumulative side area) 

    Layer: via3
      Partial area ratio:    0.63
      Required ratio:    6.00 (Gate area) 
      Cumulative area ratio:    1.68
      Required ratio:    0.00 (Cumulative area) 

    Layer: met4
      Partial area ratio:   24.58
      Required ratio:    0.00 (Gate area) 
      Cumulative area ratio:  533.84
      Required ratio:    0.00 (Cumulative area) 
      Partial area ratio:  131.83
      Required ratio: 3669.20 (Side area) 
      Cumulative area ratio: 2854.07
      Required ratio:    0.00 (Cumulative side area) 


  Pin:   wire1845/A (sky130_fd_sc_hd__buf_8)
    Layer: mcon
      Partial area ratio:    0.04
      Required ratio:    3.00 (Gate area) 
      Cumulative area ratio:    0.04
      Required ratio:    0.00 (Cumulative area) 

    Layer: met1
      Partial area ratio:    5.39
      Required ratio:    0.00 (Gate area) 
      Cumulative area ratio:    5.39
      Required ratio:    0.00 (Cumulative area) 
      Partial area ratio:   26.85
      Required ratio:  400.00 (Side area) 
      Cumulative area ratio:   26.85
      Required ratio:    0.00 (Cumulative side area) 

    Layer: via
      Partial area ratio:    0.03
      Required ratio:    6.00 (Gate area) 
      Cumulative area ratio:    0.07
      Required ratio:    0.00 (Cumulative area) 

    Layer: met2
      Partial area ratio:   10.48
      Required ratio:    0.00 (Gate area) 
      Cumulative area ratio:   15.87
      Required ratio:    0.00 (Cumulative area) 
      Partial area ratio:   51.81
      Required ratio:  400.00 (Side area) 
      Cumulative area ratio:   78.66
      Required ratio:    0.00 (Cumulative side area) 

    Layer: via2
      Partial area ratio:    0.04
      Required ratio:    6.00 (Gate area) 
      Cumulative area ratio:    0.10
      Required ratio:    0.00 (Cumulative area) 

    Layer: met3
      Partial area ratio:    9.64
      Required ratio:    0.00 (Gate area) 
      Cumulative area ratio:   25.51
      Required ratio:    0.00 (Cumulative area) 
      Partial area ratio:   52.24
      Required ratio:  400.00 (Side area) 
      Cumulative area ratio:  130.90
      Required ratio:    0.00 (Cumulative side area) 

    Layer: via3
      Partial area ratio:    0.04
      Required ratio:    6.00 (Gate area) 
      Cumulative area ratio:    0.14
      Required ratio:    0.00 (Cumulative area) 

    Layer: met4
      Partial area ratio:   24.58
      Required ratio:    0.00 (Gate area) 
      Cumulative area ratio:   50.08
      Required ratio:    0.00 (Cumulative area) 
      Partial area ratio:  131.83
      Required ratio: 3669.20 (Side area) 
      Cumulative area ratio:  262.73
      Required ratio:    0.00 (Cumulative side area) 



Net: net5841
  Pin:   _057371_/A (sky130_fd_sc_hd__inv_4)
    Layer: mcon
      Partial area ratio:    0.03
      Required ratio:    3.00 (Gate area) 
      Cumulative area ratio:    0.03
      Required ratio:    0.00 (Cumulative area) 

    Layer: met1
      Partial area ratio:    0.08
      Required ratio:    0.00 (Gate area) 
      Cumulative area ratio:    0.08
      Required ratio:    0.00 (Cumulative area) 
      Partial area ratio:    0.41
      Required ratio:  400.00 (Side area) 
      Cumulative area ratio:    0.41
      Required ratio:    0.00 (Cumulative side area) 

    Layer: via
      Partial area ratio:    0.02
      Required ratio:    6.00 (Gate area) 
      Cumulative area ratio:    0.05
      Required ratio:    0.00 (Cumulative area) 

    Layer: met2
      Partial area ratio:   17.17
      Required ratio:    0.00 (Gate area) 
      Cumulative area ratio:   17.25
      Required ratio:    0.00 (Cumulative area) 
      Partial area ratio:   85.43
      Required ratio: 5234.12 (Side area) 
      Cumulative area ratio:   85.84
      Required ratio:    0.00 (Cumulative side area) 

    Layer: via2
      Partial area ratio:    0.00
      Required ratio:  243.07 (Gate area) 
      Cumulative area ratio:    0.06
      Required ratio:    0.00 (Cumulative area) 

    Layer: met3
      Partial area ratio:    0.16
      Required ratio:    0.00 (Gate area) 
      Cumulative area ratio:   17.41
      Required ratio:    0.00 (Cumulative area) 
      Partial area ratio:    0.90
      Required ratio: 5234.12 (Side area) 
      Cumulative area ratio:   86.74
      Required ratio:    0.00 (Cumulative side area) 


  Pin:   _060760_/A1 (sky130_fd_sc_hd__a31o_2)
    Layer: mcon
      Partial area ratio:    0.12
      Required ratio:    3.00 (Gate area) 
      Cumulative area ratio:    0.12
      Required ratio:    0.00 (Cumulative area) 

    Layer: met1
      Partial area ratio:   44.15
      Required ratio:    0.00 (Gate area) 
      Cumulative area ratio:   44.15
      Required ratio:    0.00 (Cumulative area) 
      Partial area ratio:  220.42
      Required ratio:  400.00 (Side area) 
      Cumulative area ratio:  220.42
      Required ratio:    0.00 (Cumulative side area) 

    Layer: via
      Partial area ratio:    0.09
      Required ratio:    6.00 (Gate area) 
      Cumulative area ratio:    0.21
      Required ratio:    0.00 (Cumulative area) 

    Layer: met2
      Partial area ratio:   17.17
      Required ratio:    0.00 (Gate area) 
      Cumulative area ratio:   61.31
      Required ratio:    0.00 (Cumulative area) 
      Partial area ratio:   85.43
      Required ratio: 5234.12 (Side area) 
      Cumulative area ratio:  305.85
      Required ratio:    0.00 (Cumulative side area) 

    Layer: via2
      Partial area ratio:    0.00
      Required ratio:  243.07 (Gate area) 
      Cumulative area ratio:    0.21
      Required ratio:    0.00 (Cumulative area) 

    Layer: met3
      Partial area ratio:    0.16
      Required ratio:    0.00 (Gate area) 
      Cumulative area ratio:   61.47
      Required ratio:    0.00 (Cumulative area) 
      Partial area ratio:    0.90
      Required ratio: 5234.12 (Side area) 
      Cumulative area ratio:  306.76
      Required ratio:    0.00 (Cumulative side area) 


  Pin:   _060773_/A1 (sky130_fd_sc_hd__a221o_2)
    Layer: mcon
      Partial area ratio:    0.12
      Required ratio:    3.00 (Gate area) 
      Cumulative area ratio:    0.12
      Required ratio:    0.00 (Cumulative area) 

    Layer: met1
      Partial area ratio:   13.53
      Required ratio:    0.00 (Gate area) 
      Cumulative area ratio:   13.53
      Required ratio:    0.00 (Cumulative area) 
      Partial area ratio:   66.90
      Required ratio:  400.00 (Side area) 
      Cumulative area ratio:   66.90
      Required ratio:    0.00 (Cumulative side area) 

    Layer: via
      Partial area ratio:    0.18
      Required ratio:    6.00 (Gate area) 
      Cumulative area ratio:    0.30
      Required ratio:    0.00 (Cumulative area) 

    Layer: met2
      Partial area ratio:   17.17
      Required ratio:    0.00 (Gate area) 
      Cumulative area ratio:   30.70
      Required ratio:    0.00 (Cumulative area) 
      Partial area ratio:   85.43
      Required ratio: 5234.12 (Side area) 
      Cumulative area ratio:  152.34
      Required ratio:    0.00 (Cumulative side area) 

    Layer: via2
      Partial area ratio:    0.00
      Required ratio:  243.07 (Gate area) 
      Cumulative area ratio:    0.30
      Required ratio:    0.00 (Cumulative area) 

    Layer: met3
      Partial area ratio:    0.16
      Required ratio:    0.00 (Gate area) 
      Cumulative area ratio:   30.86
      Required ratio:    0.00 (Cumulative area) 
      Partial area ratio:    0.90
      Required ratio: 5234.12 (Side area) 
      Cumulative area ratio:  153.24
      Required ratio:    0.00 (Cumulative side area) 


  Pin:   _060784_/A1 (sky130_fd_sc_hd__a221o_2)
    Layer: mcon
      Partial area ratio:    0.12
      Required ratio:    3.00 (Gate area) 
      Cumulative area ratio:    0.12
      Required ratio:    0.00 (Cumulative area) 

    Layer: met1
      Partial area ratio:   13.50
      Required ratio:    0.00 (Gate area) 
      Cumulative area ratio:   13.50
      Required ratio:    0.00 (Cumulative area) 
      Partial area ratio:   67.03
      Required ratio:  400.00 (Side area) 
      Cumulative area ratio:   67.03
      Required ratio:    0.00 (Cumulative side area) 

    Layer: via
      Partial area ratio:    0.18
      Required ratio:    6.00 (Gate area) 
      Cumulative area ratio:    0.30
      Required ratio:    0.00 (Cumulative area) 

    Layer: met2
      Partial area ratio:   17.17
      Required ratio:    0.00 (Gate area) 
      Cumulative area ratio:   30.67
      Required ratio:    0.00 (Cumulative area) 
      Partial area ratio:   85.43
      Required ratio: 5234.12 (Side area) 
      Cumulative area ratio:  152.46
      Required ratio:    0.00 (Cumulative side area) 

    Layer: via2
      Partial area ratio:    0.00
      Required ratio:  243.07 (Gate area) 
      Cumulative area ratio:    0.30
      Required ratio:    0.00 (Cumulative area) 

    Layer: met3
      Partial area ratio:    0.16
      Required ratio:    0.00 (Gate area) 
      Cumulative area ratio:   30.83
      Required ratio:    0.00 (Cumulative area) 
      Partial area ratio:    0.90
      Required ratio: 5234.12 (Side area) 
      Cumulative area ratio:  153.36
      Required ratio:    0.00 (Cumulative side area) 


  Pin:   _060797_/C1 (sky130_fd_sc_hd__a211o_2)
    Layer: mcon
      Partial area ratio:    0.12
      Required ratio:    3.00 (Gate area) 
      Cumulative area ratio:    0.12
      Required ratio:    0.00 (Cumulative area) 

    Layer: met1
      Partial area ratio:   39.55
      Required ratio:    0.00 (Gate area) 
      Cumulative area ratio:   39.55
      Required ratio:    0.00 (Cumulative area) 
      Partial area ratio:  197.00
      Required ratio:  400.00 (Side area) 
      Cumulative area ratio:  197.00
      Required ratio:    0.00 (Cumulative side area) 

    Layer: via
      Partial area ratio:    0.18
      Required ratio:    6.00 (Gate area) 
      Cumulative area ratio:    0.30
      Required ratio:    0.00 (Cumulative area) 

    Layer: met2
      Partial area ratio:   17.17
      Required ratio:    0.00 (Gate area) 
      Cumulative area ratio:   56.72
      Required ratio:    0.00 (Cumulative area) 
      Partial area ratio:   85.43
      Required ratio: 5234.12 (Side area) 
      Cumulative area ratio:  282.44
      Required ratio:    0.00 (Cumulative side area) 

    Layer: via2
      Partial area ratio:    0.00
      Required ratio:  243.07 (Gate area) 
      Cumulative area ratio:    0.30
      Required ratio:    0.00 (Cumulative area) 

    Layer: met3
      Partial area ratio:    0.16
      Required ratio:    0.00 (Gate area) 
      Cumulative area ratio:   56.88
      Required ratio:    0.00 (Cumulative area) 
      Partial area ratio:    0.90
      Required ratio: 5234.12 (Side area) 
      Cumulative area ratio:  283.34
      Required ratio:    0.00 (Cumulative side area) 


  Pin:   _060801_/C1 (sky130_fd_sc_hd__o221a_2)
    Layer: mcon
      Partial area ratio:    0.12
      Required ratio:    3.00 (Gate area) 
      Cumulative area ratio:    0.12
      Required ratio:    0.00 (Cumulative area) 

    Layer: met1
      Partial area ratio:    0.34
      Required ratio:    0.00 (Gate area) 
      Cumulative area ratio:    0.34
      Required ratio:    0.00 (Cumulative area) 
      Partial area ratio:    1.64
      Required ratio:  400.00 (Side area) 
      Cumulative area ratio:    1.64
      Required ratio:    0.00 (Cumulative side area) 

    Layer: via
      Partial area ratio:    0.09
      Required ratio:    6.00 (Gate area) 
      Cumulative area ratio:    0.21
      Required ratio:    0.00 (Cumulative area) 

    Layer: met2
      Partial area ratio:   17.17
      Required ratio:    0.00 (Gate area) 
      Cumulative area ratio:   17.50
      Required ratio:    0.00 (Cumulative area) 
      Partial area ratio:   85.43
      Required ratio: 5234.12 (Side area) 
      Cumulative area ratio:   87.07
      Required ratio:    0.00 (Cumulative side area) 

    Layer: via2
      Partial area ratio:    0.00
      Required ratio:  243.07 (Gate area) 
      Cumulative area ratio:    0.21
      Required ratio:    0.00 (Cumulative area) 

    Layer: met3
      Partial area ratio:    0.16
      Required ratio:    0.00 (Gate area) 
      Cumulative area ratio:   17.66
      Required ratio:    0.00 (Cumulative area) 
      Partial area ratio:    0.90
      Required ratio: 5234.12 (Side area) 
      Cumulative area ratio:   87.97
      Required ratio:    0.00 (Cumulative side area) 


  Pin:   _060828_/C1 (sky130_fd_sc_hd__o221a_2)
    Layer: mcon
      Partial area ratio:    0.12
      Required ratio:    3.00 (Gate area) 
      Cumulative area ratio:    0.12
      Required ratio:    0.00 (Cumulative area) 

    Layer: met1
      Partial area ratio:   13.76
      Required ratio:    0.00 (Gate area) 
      Cumulative area ratio:   13.76
      Required ratio:    0.00 (Cumulative area) 
      Partial area ratio:   68.33
      Required ratio:  400.00 (Side area) 
      Cumulative area ratio:   68.33
      Required ratio:    0.00 (Cumulative side area) 

    Layer: via
      Partial area ratio:    0.18
      Required ratio:    6.00 (Gate area) 
      Cumulative area ratio:    0.30
      Required ratio:    0.00 (Cumulative area) 

    Layer: met2
      Partial area ratio:   17.17
      Required ratio:    0.00 (Gate area) 
      Cumulative area ratio:   30.93
      Required ratio:    0.00 (Cumulative area) 
      Partial area ratio:   85.43
      Required ratio: 5234.12 (Side area) 
      Cumulative area ratio:  153.76
      Required ratio:    0.00 (Cumulative side area) 

    Layer: via2
      Partial area ratio:    0.00
      Required ratio:  243.07 (Gate area) 
      Cumulative area ratio:    0.30
      Required ratio:    0.00 (Cumulative area) 

    Layer: met3
      Partial area ratio:    0.16
      Required ratio:    0.00 (Gate area) 
      Cumulative area ratio:   31.09
      Required ratio:    0.00 (Cumulative area) 
      Partial area ratio:    0.90
      Required ratio: 5234.12 (Side area) 
      Cumulative area ratio:  154.67
      Required ratio:    0.00 (Cumulative side area) 


  Pin:   _060838_/C1 (sky130_fd_sc_hd__a211o_2)
    Layer: mcon
      Partial area ratio:    0.12
      Required ratio:    3.00 (Gate area) 
      Cumulative area ratio:    0.12
      Required ratio:    0.00 (Cumulative area) 

    Layer: met1
      Partial area ratio:    0.34
      Required ratio:    0.00 (Gate area) 
      Cumulative area ratio:    0.34
      Required ratio:    0.00 (Cumulative area) 
      Partial area ratio:    1.64
      Required ratio:  400.00 (Side area) 
      Cumulative area ratio:    1.64
      Required ratio:    0.00 (Cumulative side area) 

    Layer: via
      Partial area ratio:    0.09
      Required ratio:    6.00 (Gate area) 
      Cumulative area ratio:    0.21
      Required ratio:    0.00 (Cumulative area) 

    Layer: met2
      Partial area ratio:   17.17
      Required ratio:    0.00 (Gate area) 
      Cumulative area ratio:   17.50
      Required ratio:    0.00 (Cumulative area) 
      Partial area ratio:   85.43
      Required ratio: 5234.12 (Side area) 
      Cumulative area ratio:   87.07
      Required ratio:    0.00 (Cumulative side area) 

    Layer: via2
      Partial area ratio:    0.00
      Required ratio:  243.07 (Gate area) 
      Cumulative area ratio:    0.21
      Required ratio:    0.00 (Cumulative area) 

    Layer: met3
      Partial area ratio:    0.16
      Required ratio:    0.00 (Gate area) 
      Cumulative area ratio:   17.66
      Required ratio:    0.00 (Cumulative area) 
      Partial area ratio:    0.90
      Required ratio: 5234.12 (Side area) 
      Cumulative area ratio:   87.97
      Required ratio:    0.00 (Cumulative side area) 


  Pin:   _060849_/C1 (sky130_fd_sc_hd__a221o_2)
    Layer: mcon
      Partial area ratio:    0.12
      Required ratio:    3.00 (Gate area) 
      Cumulative area ratio:    0.12
      Required ratio:    0.00 (Cumulative area) 

    Layer: met1
      Partial area ratio:    0.95
      Required ratio:    0.00 (Gate area) 
      Cumulative area ratio:    0.95
      Required ratio:    0.00 (Cumulative area) 
      Partial area ratio:    4.45
      Required ratio:  400.00 (Side area) 
      Cumulative area ratio:    4.45
      Required ratio:    0.00 (Cumulative side area) 

    Layer: via
      Partial area ratio:    0.09
      Required ratio:    6.00 (Gate area) 
      Cumulative area ratio:    0.21
      Required ratio:    0.00 (Cumulative area) 

    Layer: met2
      Partial area ratio:   17.17
      Required ratio:    0.00 (Gate area) 
      Cumulative area ratio:   18.12
      Required ratio:    0.00 (Cumulative area) 
      Partial area ratio:   85.43
      Required ratio: 5234.12 (Side area) 
      Cumulative area ratio:   89.89
      Required ratio:    0.00 (Cumulative side area) 

    Layer: via2
      Partial area ratio:    0.00
      Required ratio:  243.07 (Gate area) 
      Cumulative area ratio:    0.21
      Required ratio:    0.00 (Cumulative area) 

    Layer: met3
      Partial area ratio:    0.16
      Required ratio:    0.00 (Gate area) 
      Cumulative area ratio:   18.28
      Required ratio:    0.00 (Cumulative area) 
      Partial area ratio:    0.90
      Required ratio: 5234.12 (Side area) 
      Cumulative area ratio:   90.79
      Required ratio:    0.00 (Cumulative side area) 


  Pin:   _060867_/C1 (sky130_fd_sc_hd__a211o_2)
    Layer: mcon
      Partial area ratio:    0.12
      Required ratio:    3.00 (Gate area) 
      Cumulative area ratio:    0.12
      Required ratio:    0.00 (Cumulative area) 

    Layer: met1
      Partial area ratio:    0.34
      Required ratio:    0.00 (Gate area) 
      Cumulative area ratio:    0.34
      Required ratio:    0.00 (Cumulative area) 
      Partial area ratio:    1.64
      Required ratio:  400.00 (Side area) 
      Cumulative area ratio:    1.64
      Required ratio:    0.00 (Cumulative side area) 

    Layer: via
      Partial area ratio:    0.09
      Required ratio:    6.00 (Gate area) 
      Cumulative area ratio:    0.21
      Required ratio:    0.00 (Cumulative area) 

    Layer: met2
      Partial area ratio:   17.17
      Required ratio:    0.00 (Gate area) 
      Cumulative area ratio:   17.50
      Required ratio:    0.00 (Cumulative area) 
      Partial area ratio:   85.43
      Required ratio: 5234.12 (Side area) 
      Cumulative area ratio:   87.07
      Required ratio:    0.00 (Cumulative side area) 

    Layer: via2
      Partial area ratio:    0.00
      Required ratio:  243.07 (Gate area) 
      Cumulative area ratio:    0.21
      Required ratio:    0.00 (Cumulative area) 

    Layer: met3
      Partial area ratio:    0.16
      Required ratio:    0.00 (Gate area) 
      Cumulative area ratio:   17.66
      Required ratio:    0.00 (Cumulative area) 
      Partial area ratio:    0.90
      Required ratio: 5234.12 (Side area) 
      Cumulative area ratio:   87.97
      Required ratio:    0.00 (Cumulative side area) 


  Pin:   _060871_/C1 (sky130_fd_sc_hd__o221a_2)
    Layer: mcon
      Partial area ratio:    0.12
      Required ratio:    3.00 (Gate area) 
      Cumulative area ratio:    0.12
      Required ratio:    0.00 (Cumulative area) 

    Layer: met1
      Partial area ratio:    0.34
      Required ratio:    0.00 (Gate area) 
      Cumulative area ratio:    0.34
      Required ratio:    0.00 (Cumulative area) 
      Partial area ratio:    1.64
      Required ratio:  400.00 (Side area) 
      Cumulative area ratio:    1.64
      Required ratio:    0.00 (Cumulative side area) 

    Layer: via
      Partial area ratio:    0.09
      Required ratio:    6.00 (Gate area) 
      Cumulative area ratio:    0.21
      Required ratio:    0.00 (Cumulative area) 

    Layer: met2
      Partial area ratio:   17.17
      Required ratio:    0.00 (Gate area) 
      Cumulative area ratio:   17.50
      Required ratio:    0.00 (Cumulative area) 
      Partial area ratio:   85.43
      Required ratio: 5234.12 (Side area) 
      Cumulative area ratio:   87.07
      Required ratio:    0.00 (Cumulative side area) 

    Layer: via2
      Partial area ratio:    0.00
      Required ratio:  243.07 (Gate area) 
      Cumulative area ratio:    0.21
      Required ratio:    0.00 (Cumulative area) 

    Layer: met3
      Partial area ratio:    0.16
      Required ratio:    0.00 (Gate area) 
      Cumulative area ratio:   17.66
      Required ratio:    0.00 (Cumulative area) 
      Partial area ratio:    0.90
      Required ratio: 5234.12 (Side area) 
      Cumulative area ratio:   87.97
      Required ratio:    0.00 (Cumulative side area) 


  Pin:   _060884_/C1 (sky130_fd_sc_hd__o221a_2)
    Layer: mcon
      Partial area ratio:    0.12
      Required ratio:    3.00 (Gate area) 
      Cumulative area ratio:    0.12
      Required ratio:    0.00 (Cumulative area) 

    Layer: met1
      Partial area ratio:    0.34
      Required ratio:    0.00 (Gate area) 
      Cumulative area ratio:    0.34
      Required ratio:    0.00 (Cumulative area) 
      Partial area ratio:    1.64
      Required ratio:  400.00 (Side area) 
      Cumulative area ratio:    1.64
      Required ratio:    0.00 (Cumulative side area) 

    Layer: via
      Partial area ratio:    0.09
      Required ratio:    6.00 (Gate area) 
      Cumulative area ratio:    0.21
      Required ratio:    0.00 (Cumulative area) 

    Layer: met2
      Partial area ratio:    0.57
      Required ratio:    0.00 (Gate area) 
      Cumulative area ratio:    0.91
      Required ratio:    0.00 (Cumulative area) 
      Partial area ratio:    2.25
      Required ratio:  400.00 (Side area) 
      Cumulative area ratio:    3.89
      Required ratio:    0.00 (Cumulative side area) 

    Layer: via2
      Partial area ratio:    0.16
      Required ratio:    6.00 (Gate area) 
      Cumulative area ratio:    0.37
      Required ratio:    0.00 (Cumulative area) 

    Layer: met3
      Partial area ratio:    0.16
      Required ratio:    0.00 (Gate area) 
      Cumulative area ratio:    1.07
      Required ratio:    0.00 (Cumulative area) 
      Partial area ratio:    0.90
      Required ratio: 5234.12 (Side area) 
      Cumulative area ratio:    4.79
      Required ratio:    0.00 (Cumulative side area) 


  Pin:   _060901_/C1 (sky130_fd_sc_hd__o221a_2)
    Layer: mcon
      Partial area ratio:    0.12
      Required ratio:    3.00 (Gate area) 
      Cumulative area ratio:    0.12
      Required ratio:    0.00 (Cumulative area) 

    Layer: met1
      Partial area ratio:    3.56
      Required ratio:    0.00 (Gate area) 
      Cumulative area ratio:    3.56
      Required ratio:    0.00 (Cumulative area) 
      Partial area ratio:   17.46
      Required ratio:  400.00 (Side area) 
      Cumulative area ratio:   17.46
      Required ratio:    0.00 (Cumulative side area) 

    Layer: via
      Partial area ratio:    0.09
      Required ratio:    6.00 (Gate area) 
      Cumulative area ratio:    0.21
      Required ratio:    0.00 (Cumulative area) 

    Layer: met2
      Partial area ratio:   17.17
      Required ratio:    0.00 (Gate area) 
      Cumulative area ratio:   20.72
      Required ratio:    0.00 (Cumulative area) 
      Partial area ratio:   85.43
      Required ratio: 5234.12 (Side area) 
      Cumulative area ratio:  102.90
      Required ratio:    0.00 (Cumulative side area) 

    Layer: via2
      Partial area ratio:    0.00
      Required ratio:  243.07 (Gate area) 
      Cumulative area ratio:    0.21
      Required ratio:    0.00 (Cumulative area) 

    Layer: met3
      Partial area ratio:    0.16
      Required ratio:    0.00 (Gate area) 
      Cumulative area ratio:   20.88
      Required ratio:    0.00 (Cumulative area) 
      Partial area ratio:    0.90
      Required ratio: 5234.12 (Side area) 
      Cumulative area ratio:  103.80
      Required ratio:    0.00 (Cumulative side area) 


  Pin:   _060916_/C1 (sky130_fd_sc_hd__a211o_2)
    Layer: mcon
      Partial area ratio:    0.12
      Required ratio:    3.00 (Gate area) 
      Cumulative area ratio:    0.12
      Required ratio:    0.00 (Cumulative area) 

    Layer: met1
      Partial area ratio:   45.70
      Required ratio:    0.00 (Gate area) 
      Cumulative area ratio:   45.70
      Required ratio:    0.00 (Cumulative area) 
      Partial area ratio:  227.76
      Required ratio:  400.00 (Side area) 
      Cumulative area ratio:  227.76
      Required ratio:    0.00 (Cumulative side area) 

    Layer: via
      Partial area ratio:    0.18
      Required ratio:    6.00 (Gate area) 
      Cumulative area ratio:    0.30
      Required ratio:    0.00 (Cumulative area) 

    Layer: met2
      Partial area ratio:   17.17
      Required ratio:    0.00 (Gate area) 
      Cumulative area ratio:   62.87
      Required ratio:    0.00 (Cumulative area) 
      Partial area ratio:   85.43
      Required ratio: 5234.12 (Side area) 
      Cumulative area ratio:  313.19
      Required ratio:    0.00 (Cumulative side area) 

    Layer: via2
      Partial area ratio:    0.00
      Required ratio:  243.07 (Gate area) 
      Cumulative area ratio:    0.30
      Required ratio:    0.00 (Cumulative area) 

    Layer: met3
      Partial area ratio:    0.16
      Required ratio:    0.00 (Gate area) 
      Cumulative area ratio:   63.03
      Required ratio:    0.00 (Cumulative area) 
      Partial area ratio:    0.90
      Required ratio: 5234.12 (Side area) 
      Cumulative area ratio:  314.10
      Required ratio:    0.00 (Cumulative side area) 


  Pin:   _060920_/C1 (sky130_fd_sc_hd__o221a_2)
    Layer: mcon
      Partial area ratio:    0.12
      Required ratio:    3.00 (Gate area) 
      Cumulative area ratio:    0.12
      Required ratio:    0.00 (Cumulative area) 

    Layer: met1
      Partial area ratio:   10.85
      Required ratio:    0.00 (Gate area) 
      Cumulative area ratio:   10.85
      Required ratio:    0.00 (Cumulative area) 
      Partial area ratio:   53.86
      Required ratio: 2773.88 (Side area) 
      Cumulative area ratio:   53.86
      Required ratio:    0.00 (Cumulative side area) 

    Layer: via
      Partial area ratio:    0.10
      Required ratio:   21.65 (Gate area) 
      Cumulative area ratio:    0.22
      Required ratio:    0.00 (Cumulative area) 

    Layer: met2
      Partial area ratio:   17.17
      Required ratio:    0.00 (Gate area) 
      Cumulative area ratio:   28.01
      Required ratio:    0.00 (Cumulative area) 
      Partial area ratio:   85.43
      Required ratio: 5234.12 (Side area) 
      Cumulative area ratio:  139.29
      Required ratio:    0.00 (Cumulative side area) 

    Layer: via2
      Partial area ratio:    0.00
      Required ratio:  243.07 (Gate area) 
      Cumulative area ratio:    0.22
      Required ratio:    0.00 (Cumulative area) 

    Layer: met3
      Partial area ratio:    0.16
      Required ratio:    0.00 (Gate area) 
      Cumulative area ratio:   28.18
      Required ratio:    0.00 (Cumulative area) 
      Partial area ratio:    0.90
      Required ratio: 5234.12 (Side area) 
      Cumulative area ratio:  140.19
      Required ratio:    0.00 (Cumulative side area) 


  Pin:   _060937_/C1 (sky130_fd_sc_hd__a221o_2)
    Layer: mcon
      Partial area ratio:    0.12
      Required ratio:    3.00 (Gate area) 
      Cumulative area ratio:    0.12
      Required ratio:    0.00 (Cumulative area) 

    Layer: met1
      Partial area ratio:    2.12
      Required ratio:    0.00 (Gate area) 
      Cumulative area ratio:    2.12
      Required ratio:    0.00 (Cumulative area) 
      Partial area ratio:   10.39
      Required ratio:  400.00 (Side area) 
      Cumulative area ratio:   10.39
      Required ratio:    0.00 (Cumulative side area) 

    Layer: via
      Partial area ratio:    0.05
      Required ratio:    6.00 (Gate area) 
      Cumulative area ratio:    0.16
      Required ratio:    0.00 (Cumulative area) 

    Layer: met2
      Partial area ratio:   17.17
      Required ratio:    0.00 (Gate area) 
      Cumulative area ratio:   19.28
      Required ratio:    0.00 (Cumulative area) 
      Partial area ratio:   85.43
      Required ratio: 5234.12 (Side area) 
      Cumulative area ratio:   95.82
      Required ratio:    0.00 (Cumulative side area) 

    Layer: via2
      Partial area ratio:    0.00
      Required ratio:  243.07 (Gate area) 
      Cumulative area ratio:    0.17
      Required ratio:    0.00 (Cumulative area) 

    Layer: met3
      Partial area ratio:    0.16
      Required ratio:    0.00 (Gate area) 
      Cumulative area ratio:   19.44
      Required ratio:    0.00 (Cumulative area) 
      Partial area ratio:    0.90
      Required ratio: 5234.12 (Side area) 
      Cumulative area ratio:   96.72
      Required ratio:    0.00 (Cumulative side area) 


  Pin:   _060950_/B1 (sky130_fd_sc_hd__a31o_2)
    Layer: mcon
      Partial area ratio:    0.12
      Required ratio:    3.00 (Gate area) 
      Cumulative area ratio:    0.12
      Required ratio:    0.00 (Cumulative area) 

    Layer: met1
      Partial area ratio:   11.10
      Required ratio:    0.00 (Gate area) 
      Cumulative area ratio:   11.10
      Required ratio:    0.00 (Cumulative area) 
      Partial area ratio:   55.19
      Required ratio:  400.00 (Side area) 
      Cumulative area ratio:   55.19
      Required ratio:    0.00 (Cumulative side area) 

    Layer: via
      Partial area ratio:    0.09
      Required ratio:    6.00 (Gate area) 
      Cumulative area ratio:    0.21
      Required ratio:    0.00 (Cumulative area) 

    Layer: met2
      Partial area ratio:   17.17
      Required ratio:    0.00 (Gate area) 
      Cumulative area ratio:   28.27
      Required ratio:    0.00 (Cumulative area) 
      Partial area ratio:   85.43
      Required ratio: 5234.12 (Side area) 
      Cumulative area ratio:  140.63
      Required ratio:    0.00 (Cumulative side area) 

    Layer: via2
      Partial area ratio:    0.00
      Required ratio:  243.07 (Gate area) 
      Cumulative area ratio:    0.21
      Required ratio:    0.00 (Cumulative area) 

    Layer: met3
      Partial area ratio:    0.16
      Required ratio:    0.00 (Gate area) 
      Cumulative area ratio:   28.43
      Required ratio:    0.00 (Cumulative area) 
      Partial area ratio:    0.90
      Required ratio: 5234.12 (Side area) 
      Cumulative area ratio:  141.53
      Required ratio:    0.00 (Cumulative side area) 


  Pin:   _060954_/C1 (sky130_fd_sc_hd__o221a_2)
    Layer: mcon
      Partial area ratio:    0.12
      Required ratio:    3.00 (Gate area) 
      Cumulative area ratio:    0.12
      Required ratio:    0.00 (Cumulative area) 

    Layer: met1
      Partial area ratio:    0.34
      Required ratio:    0.00 (Gate area) 
      Cumulative area ratio:    0.34
      Required ratio:    0.00 (Cumulative area) 
      Partial area ratio:    1.64
      Required ratio:  400.00 (Side area) 
      Cumulative area ratio:    1.64
      Required ratio:    0.00 (Cumulative side area) 

    Layer: via
      Partial area ratio:    0.09
      Required ratio:    6.00 (Gate area) 
      Cumulative area ratio:    0.21
      Required ratio:    0.00 (Cumulative area) 

    Layer: met2
      Partial area ratio:   17.17
      Required ratio:    0.00 (Gate area) 
      Cumulative area ratio:   17.50
      Required ratio:    0.00 (Cumulative area) 
      Partial area ratio:   85.43
      Required ratio: 5234.12 (Side area) 
      Cumulative area ratio:   87.07
      Required ratio:    0.00 (Cumulative side area) 

    Layer: via2
      Partial area ratio:    0.00
      Required ratio:  243.07 (Gate area) 
      Cumulative area ratio:    0.21
      Required ratio:    0.00 (Cumulative area) 

    Layer: met3
      Partial area ratio:    0.16
      Required ratio:    0.00 (Gate area) 
      Cumulative area ratio:   17.66
      Required ratio:    0.00 (Cumulative area) 
      Partial area ratio:    0.90
      Required ratio: 5234.12 (Side area) 
      Cumulative area ratio:   87.97
      Required ratio:    0.00 (Cumulative side area) 


  Pin:   _060968_/C1 (sky130_fd_sc_hd__o221a_2)
    Layer: mcon
      Partial area ratio:    0.12
      Required ratio:    3.00 (Gate area) 
      Cumulative area ratio:    0.12
      Required ratio:    0.00 (Cumulative area) 

    Layer: met1
      Partial area ratio:    3.87
      Required ratio:    0.00 (Gate area) 
      Cumulative area ratio:    3.87
      Required ratio:    0.00 (Cumulative area) 
      Partial area ratio:   18.89
      Required ratio:  400.00 (Side area) 
      Cumulative area ratio:   18.89
      Required ratio:    0.00 (Cumulative side area) 

    Layer: via
      Partial area ratio:    0.18
      Required ratio:    6.00 (Gate area) 
      Cumulative area ratio:    0.30
      Required ratio:    0.00 (Cumulative area) 

    Layer: met2
      Partial area ratio:   17.17
      Required ratio:    0.00 (Gate area) 
      Cumulative area ratio:   21.04
      Required ratio:    0.00 (Cumulative area) 
      Partial area ratio:   85.43
      Required ratio: 5234.12 (Side area) 
      Cumulative area ratio:  104.33
      Required ratio:    0.00 (Cumulative side area) 

    Layer: via2
      Partial area ratio:    0.00
      Required ratio:  243.07 (Gate area) 
      Cumulative area ratio:    0.30
      Required ratio:    0.00 (Cumulative area) 

    Layer: met3
      Partial area ratio:    0.16
      Required ratio:    0.00 (Gate area) 
      Cumulative area ratio:   21.20
      Required ratio:    0.00 (Cumulative area) 
      Partial area ratio:    0.90
      Required ratio: 5234.12 (Side area) 
      Cumulative area ratio:  105.23
      Required ratio:    0.00 (Cumulative side area) 


  Pin:   _060992_/C1 (sky130_fd_sc_hd__o221a_2)
    Layer: mcon
      Partial area ratio:    0.12
      Required ratio:    3.00 (Gate area) 
      Cumulative area ratio:    0.12
      Required ratio:    0.00 (Cumulative area) 

    Layer: met1
      Partial area ratio:    1.68
      Required ratio:    0.00 (Gate area) 
      Cumulative area ratio:    1.68
      Required ratio:    0.00 (Cumulative area) 
      Partial area ratio:    8.10
      Required ratio:  400.00 (Side area) 
      Cumulative area ratio:    8.10
      Required ratio:    0.00 (Cumulative side area) 

    Layer: via
      Partial area ratio:    0.09
      Required ratio:    6.00 (Gate area) 
      Cumulative area ratio:    0.21
      Required ratio:    0.00 (Cumulative area) 

    Layer: met2
      Partial area ratio:   17.17
      Required ratio:    0.00 (Gate area) 
      Cumulative area ratio:   18.85
      Required ratio:    0.00 (Cumulative area) 
      Partial area ratio:   85.43
      Required ratio: 5234.12 (Side area) 
      Cumulative area ratio:   93.54
      Required ratio:    0.00 (Cumulative side area) 

    Layer: via2
      Partial area ratio:    0.00
      Required ratio:  243.07 (Gate area) 
      Cumulative area ratio:    0.21
      Required ratio:    0.00 (Cumulative area) 

    Layer: met3
      Partial area ratio:    0.16
      Required ratio:    0.00 (Gate area) 
      Cumulative area ratio:   19.01
      Required ratio:    0.00 (Cumulative area) 
      Partial area ratio:    0.90
      Required ratio: 5234.12 (Side area) 
      Cumulative area ratio:   94.44
      Required ratio:    0.00 (Cumulative side area) 


  Pin:   _061016_/C1 (sky130_fd_sc_hd__a221o_2)
    Layer: mcon
      Partial area ratio:    0.12
      Required ratio:    3.00 (Gate area) 
      Cumulative area ratio:    0.12
      Required ratio:    0.00 (Cumulative area) 

    Layer: met1
      Partial area ratio:   34.76
      Required ratio:    0.00 (Gate area) 
      Cumulative area ratio:   34.76
      Required ratio:    0.00 (Cumulative area) 
      Partial area ratio:  173.03
      Required ratio:  400.00 (Side area) 
      Cumulative area ratio:  173.03
      Required ratio:    0.00 (Cumulative side area) 

    Layer: via
      Partial area ratio:    0.18
      Required ratio:    6.00 (Gate area) 
      Cumulative area ratio:    0.30
      Required ratio:    0.00 (Cumulative area) 

    Layer: met2
      Partial area ratio:   17.17
      Required ratio:    0.00 (Gate area) 
      Cumulative area ratio:   51.92
      Required ratio:    0.00 (Cumulative area) 
      Partial area ratio:   85.43
      Required ratio: 5234.12 (Side area) 
      Cumulative area ratio:  258.47
      Required ratio:    0.00 (Cumulative side area) 

    Layer: via2
      Partial area ratio:    0.00
      Required ratio:  243.07 (Gate area) 
      Cumulative area ratio:    0.30
      Required ratio:    0.00 (Cumulative area) 

    Layer: met3
      Partial area ratio:    0.16
      Required ratio:    0.00 (Gate area) 
      Cumulative area ratio:   52.08
      Required ratio:    0.00 (Cumulative area) 
      Partial area ratio:    0.90
      Required ratio: 5234.12 (Side area) 
      Cumulative area ratio:  259.37
      Required ratio:    0.00 (Cumulative side area) 


  Pin:   _061038_/C1 (sky130_fd_sc_hd__a221o_2)
    Layer: mcon
      Partial area ratio:    0.12
      Required ratio:    3.00 (Gate area) 
      Cumulative area ratio:    0.12
      Required ratio:    0.00 (Cumulative area) 

    Layer: met1
      Partial area ratio:    2.12
      Required ratio:    0.00 (Gate area) 
      Cumulative area ratio:    2.12
      Required ratio:    0.00 (Cumulative area) 
      Partial area ratio:   10.39
      Required ratio:  400.00 (Side area) 
      Cumulative area ratio:   10.39
      Required ratio:    0.00 (Cumulative side area) 

    Layer: via
      Partial area ratio:    0.05
      Required ratio:    6.00 (Gate area) 
      Cumulative area ratio:    0.16
      Required ratio:    0.00 (Cumulative area) 

    Layer: met2
      Partial area ratio:   17.17
      Required ratio:    0.00 (Gate area) 
      Cumulative area ratio:   19.28
      Required ratio:    0.00 (Cumulative area) 
      Partial area ratio:   85.43
      Required ratio: 5234.12 (Side area) 
      Cumulative area ratio:   95.82
      Required ratio:    0.00 (Cumulative side area) 

    Layer: via2
      Partial area ratio:    0.00
      Required ratio:  243.07 (Gate area) 
      Cumulative area ratio:    0.17
      Required ratio:    0.00 (Cumulative area) 

    Layer: met3
      Partial area ratio:    0.16
      Required ratio:    0.00 (Gate area) 
      Cumulative area ratio:   19.44
      Required ratio:    0.00 (Cumulative area) 
      Partial area ratio:    0.90
      Required ratio: 5234.12 (Side area) 
      Cumulative area ratio:   96.72
      Required ratio:    0.00 (Cumulative side area) 


  Pin:   _061051_/C1 (sky130_fd_sc_hd__a211o_2)
    Layer: mcon
      Partial area ratio:    0.12
      Required ratio:    3.00 (Gate area) 
      Cumulative area ratio:    0.12
      Required ratio:    0.00 (Cumulative area) 

    Layer: met1
      Partial area ratio:   90.31
      Required ratio:    0.00 (Gate area) 
      Cumulative area ratio:   90.31
      Required ratio:    0.00 (Cumulative area) 
      Partial area ratio:  451.05
      Required ratio:  400.00 (Side area) (VIOLATED)
      Cumulative area ratio:  451.05
      Required ratio:    0.00 (Cumulative side area) 

    Layer: via
      Partial area ratio:    0.09
      Required ratio:    6.00 (Gate area) 
      Cumulative area ratio:    0.21
      Required ratio:    0.00 (Cumulative area) 

    Layer: met2
      Partial area ratio:   17.17
      Required ratio:    0.00 (Gate area) 
      Cumulative area ratio:  107.48
      Required ratio:    0.00 (Cumulative area) 
      Partial area ratio:   85.43
      Required ratio: 5234.12 (Side area) 
      Cumulative area ratio:  536.48
      Required ratio:    0.00 (Cumulative side area) 

    Layer: via2
      Partial area ratio:    0.00
      Required ratio:  243.07 (Gate area) 
      Cumulative area ratio:    0.21
      Required ratio:    0.00 (Cumulative area) 

    Layer: met3
      Partial area ratio:    0.16
      Required ratio:    0.00 (Gate area) 
      Cumulative area ratio:  107.64
      Required ratio:    0.00 (Cumulative area) 
      Partial area ratio:    0.90
      Required ratio: 5234.12 (Side area) 
      Cumulative area ratio:  537.38
      Required ratio:    0.00 (Cumulative side area) 


  Pin:   _061060_/C1 (sky130_fd_sc_hd__o221a_2)
    Layer: mcon
      Partial area ratio:    0.12
      Required ratio:    3.00 (Gate area) 
      Cumulative area ratio:    0.12
      Required ratio:    0.00 (Cumulative area) 

    Layer: met1
      Partial area ratio:    0.34
      Required ratio:    0.00 (Gate area) 
      Cumulative area ratio:    0.34
      Required ratio:    0.00 (Cumulative area) 
      Partial area ratio:    1.64
      Required ratio:  400.00 (Side area) 
      Cumulative area ratio:    1.64
      Required ratio:    0.00 (Cumulative side area) 

    Layer: via
      Partial area ratio:    0.09
      Required ratio:    6.00 (Gate area) 
      Cumulative area ratio:    0.21
      Required ratio:    0.00 (Cumulative area) 

    Layer: met2
      Partial area ratio:   17.17
      Required ratio:    0.00 (Gate area) 
      Cumulative area ratio:   17.50
      Required ratio:    0.00 (Cumulative area) 
      Partial area ratio:   85.43
      Required ratio: 5234.12 (Side area) 
      Cumulative area ratio:   87.07
      Required ratio:    0.00 (Cumulative side area) 

    Layer: via2
      Partial area ratio:    0.00
      Required ratio:  243.07 (Gate area) 
      Cumulative area ratio:    0.21
      Required ratio:    0.00 (Cumulative area) 

    Layer: met3
      Partial area ratio:    0.16
      Required ratio:    0.00 (Gate area) 
      Cumulative area ratio:   17.66
      Required ratio:    0.00 (Cumulative area) 
      Partial area ratio:    0.90
      Required ratio: 5234.12 (Side area) 
      Cumulative area ratio:   87.97
      Required ratio:    0.00 (Cumulative side area) 


  Pin:   _061075_/C1 (sky130_fd_sc_hd__o221a_2)
    Layer: mcon
      Partial area ratio:    0.12
      Required ratio:    3.00 (Gate area) 
      Cumulative area ratio:    0.12
      Required ratio:    0.00 (Cumulative area) 

    Layer: met1
      Partial area ratio:    2.81
      Required ratio:    0.00 (Gate area) 
      Cumulative area ratio:    2.81
      Required ratio:    0.00 (Cumulative area) 
      Partial area ratio:   13.78
      Required ratio: 2947.76 (Side area) 
      Cumulative area ratio:   13.78
      Required ratio:    0.00 (Cumulative side area) 

    Layer: via
      Partial area ratio:    0.06
      Required ratio:   37.30 (Gate area) 
      Cumulative area ratio:    0.18
      Required ratio:    0.00 (Cumulative area) 

    Layer: met2
      Partial area ratio:   17.17
      Required ratio:    0.00 (Gate area) 
      Cumulative area ratio:   19.98
      Required ratio:    0.00 (Cumulative area) 
      Partial area ratio:   85.43
      Required ratio: 5234.12 (Side area) 
      Cumulative area ratio:   99.21
      Required ratio:    0.00 (Cumulative side area) 

    Layer: via2
      Partial area ratio:    0.00
      Required ratio:  243.07 (Gate area) 
      Cumulative area ratio:    0.18
      Required ratio:    0.00 (Cumulative area) 

    Layer: met3
      Partial area ratio:    0.16
      Required ratio:    0.00 (Gate area) 
      Cumulative area ratio:   20.14
      Required ratio:    0.00 (Cumulative area) 
      Partial area ratio:    0.90
      Required ratio: 5234.12 (Side area) 
      Cumulative area ratio:  100.11
      Required ratio:    0.00 (Cumulative side area) 


  Pin:   _061087_/C1 (sky130_fd_sc_hd__o221a_2)
    Layer: mcon
      Partial area ratio:    0.12
      Required ratio:    3.00 (Gate area) 
      Cumulative area ratio:    0.12
      Required ratio:    0.00 (Cumulative area) 

    Layer: met1
      Partial area ratio:    0.34
      Required ratio:    0.00 (Gate area) 
      Cumulative area ratio:    0.34
      Required ratio:    0.00 (Cumulative area) 
      Partial area ratio:    1.64
      Required ratio:  400.00 (Side area) 
      Cumulative area ratio:    1.64
      Required ratio:    0.00 (Cumulative side area) 

    Layer: via
      Partial area ratio:    0.09
      Required ratio:    6.00 (Gate area) 
      Cumulative area ratio:    0.21
      Required ratio:    0.00 (Cumulative area) 

    Layer: met2
      Partial area ratio:   17.17
      Required ratio:    0.00 (Gate area) 
      Cumulative area ratio:   17.50
      Required ratio:    0.00 (Cumulative area) 
      Partial area ratio:   85.43
      Required ratio: 5234.12 (Side area) 
      Cumulative area ratio:   87.07
      Required ratio:    0.00 (Cumulative side area) 

    Layer: via2
      Partial area ratio:    0.00
      Required ratio:  243.07 (Gate area) 
      Cumulative area ratio:    0.21
      Required ratio:    0.00 (Cumulative area) 

    Layer: met3
      Partial area ratio:    0.16
      Required ratio:    0.00 (Gate area) 
      Cumulative area ratio:   17.66
      Required ratio:    0.00 (Cumulative area) 
      Partial area ratio:    0.90
      Required ratio: 5234.12 (Side area) 
      Cumulative area ratio:   87.97
      Required ratio:    0.00 (Cumulative side area) 


  Pin:   _061100_/C1 (sky130_fd_sc_hd__a221o_2)
    Layer: mcon
      Partial area ratio:    0.12
      Required ratio:    3.00 (Gate area) 
      Cumulative area ratio:    0.12
      Required ratio:    0.00 (Cumulative area) 

    Layer: met1
      Partial area ratio:    0.69
      Required ratio:    0.00 (Gate area) 
      Cumulative area ratio:    0.69
      Required ratio:    0.00 (Cumulative area) 
      Partial area ratio:    3.15
      Required ratio:  400.00 (Side area) 
      Cumulative area ratio:    3.15
      Required ratio:    0.00 (Cumulative side area) 

    Layer: via
      Partial area ratio:    0.09
      Required ratio:    6.00 (Gate area) 
      Cumulative area ratio:    0.21
      Required ratio:    0.00 (Cumulative area) 

    Layer: met2
      Partial area ratio:   17.17
      Required ratio:    0.00 (Gate area) 
      Cumulative area ratio:   17.86
      Required ratio:    0.00 (Cumulative area) 
      Partial area ratio:   85.43
      Required ratio: 5234.12 (Side area) 
      Cumulative area ratio:   88.59
      Required ratio:    0.00 (Cumulative side area) 

    Layer: via2
      Partial area ratio:    0.00
      Required ratio:  243.07 (Gate area) 
      Cumulative area ratio:    0.21
      Required ratio:    0.00 (Cumulative area) 

    Layer: met3
      Partial area ratio:    0.16
      Required ratio:    0.00 (Gate area) 
      Cumulative area ratio:   18.02
      Required ratio:    0.00 (Cumulative area) 
      Partial area ratio:    0.90
      Required ratio: 5234.12 (Side area) 
      Cumulative area ratio:   89.49
      Required ratio:    0.00 (Cumulative side area) 


  Pin:   _061108_/C1 (sky130_fd_sc_hd__a221o_2)
    Layer: mcon
      Partial area ratio:    0.12
      Required ratio:    3.00 (Gate area) 
      Cumulative area ratio:    0.12
      Required ratio:    0.00 (Cumulative area) 

    Layer: met1
      Partial area ratio:    1.42
      Required ratio:    0.00 (Gate area) 
      Cumulative area ratio:    1.42
      Required ratio:    0.00 (Cumulative area) 
      Partial area ratio:    6.80
      Required ratio:  400.00 (Side area) 
      Cumulative area ratio:    6.80
      Required ratio:    0.00 (Cumulative side area) 

    Layer: via
      Partial area ratio:    0.09
      Required ratio:    6.00 (Gate area) 
      Cumulative area ratio:    0.21
      Required ratio:    0.00 (Cumulative area) 

    Layer: met2
      Partial area ratio:   17.17
      Required ratio:    0.00 (Gate area) 
      Cumulative area ratio:   18.59
      Required ratio:    0.00 (Cumulative area) 
      Partial area ratio:   85.43
      Required ratio: 5234.12 (Side area) 
      Cumulative area ratio:   92.23
      Required ratio:    0.00 (Cumulative side area) 

    Layer: via2
      Partial area ratio:    0.00
      Required ratio:  243.07 (Gate area) 
      Cumulative area ratio:    0.21
      Required ratio:    0.00 (Cumulative area) 

    Layer: met3
      Partial area ratio:    0.16
      Required ratio:    0.00 (Gate area) 
      Cumulative area ratio:   18.75
      Required ratio:    0.00 (Cumulative area) 
      Partial area ratio:    0.90
      Required ratio: 5234.12 (Side area) 
      Cumulative area ratio:   93.14
      Required ratio:    0.00 (Cumulative side area) 


  Pin:   _061126_/B1 (sky130_fd_sc_hd__a211o_2)
    Layer: li1
      Partial area ratio:    0.00
      Required ratio:    0.00 (Gate area) 
      Cumulative area ratio:    0.00
      Required ratio:    0.00 (Cumulative area) 
      Partial area ratio:    0.14
      Required ratio:   75.00 (Side area) 
      Cumulative area ratio:    0.14
      Required ratio:    0.00 (Cumulative side area) 

    Layer: mcon
      Partial area ratio:    0.12
      Required ratio:    3.00 (Gate area) 
      Cumulative area ratio:    0.12
      Required ratio:    0.00 (Cumulative area) 

    Layer: met1
      Partial area ratio:   90.31
      Required ratio:    0.00 (Gate area) 
      Cumulative area ratio:   90.32
      Required ratio:    0.00 (Cumulative area) 
      Partial area ratio:  451.05
      Required ratio:  400.00 (Side area) (VIOLATED)
      Cumulative area ratio:  451.19
      Required ratio:    0.00 (Cumulative side area) 

    Layer: via
      Partial area ratio:    0.09
      Required ratio:    6.00 (Gate area) 
      Cumulative area ratio:    0.21
      Required ratio:    0.00 (Cumulative area) 

    Layer: met2
      Partial area ratio:   17.17
      Required ratio:    0.00 (Gate area) 
      Cumulative area ratio:  107.48
      Required ratio:    0.00 (Cumulative area) 
      Partial area ratio:   85.43
      Required ratio: 5234.12 (Side area) 
      Cumulative area ratio:  536.62
      Required ratio:    0.00 (Cumulative side area) 

    Layer: via2
      Partial area ratio:    0.00
      Required ratio:  243.07 (Gate area) 
      Cumulative area ratio:    0.21
      Required ratio:    0.00 (Cumulative area) 

    Layer: met3
      Partial area ratio:    0.16
      Required ratio:    0.00 (Gate area) 
      Cumulative area ratio:  107.64
      Required ratio:    0.00 (Cumulative area) 
      Partial area ratio:    0.90
      Required ratio: 5234.12 (Side area) 
      Cumulative area ratio:  537.52
      Required ratio:    0.00 (Cumulative side area) 


  Pin:   ANTENNA_3047/DIODE (sky130_fd_sc_hd__diode_2)
    Layer: mcon
      Partial area ratio:    0.13
      Required ratio:   10.82 (Gate area) 
      Cumulative area ratio:    0.13
      Required ratio:    0.00 (Cumulative area) 

    Layer: met1
      Partial area ratio:    1.48
      Required ratio:    0.00 (Gate area) 
      Cumulative area ratio:    1.48
      Required ratio:    0.00 (Cumulative area) 
      Partial area ratio:    7.17
      Required ratio: 2773.88 (Side area) 
      Cumulative area ratio:    7.17
      Required ratio:    0.00 (Cumulative side area) 

    Layer: via
      Partial area ratio:    0.10
      Required ratio:   21.65 (Gate area) 
      Cumulative area ratio:    0.24
      Required ratio:    0.00 (Cumulative area) 

    Layer: met2
      Partial area ratio:   17.17
      Required ratio:    0.00 (Gate area) 
      Cumulative area ratio:   18.64
      Required ratio:    0.00 (Cumulative area) 
      Partial area ratio:   85.43
      Required ratio: 5234.12 (Side area) 
      Cumulative area ratio:   92.61
      Required ratio:    0.00 (Cumulative side area) 

    Layer: via2
      Partial area ratio:    0.00
      Required ratio:  243.07 (Gate area) 
      Cumulative area ratio:    0.24
      Required ratio:    0.00 (Cumulative area) 

    Layer: met3
      Partial area ratio:    0.16
      Required ratio:    0.00 (Gate area) 
      Cumulative area ratio:   18.80
      Required ratio:    0.00 (Cumulative area) 
      Partial area ratio:    0.90
      Required ratio: 5234.12 (Side area) 
      Cumulative area ratio:   93.51
      Required ratio:    0.00 (Cumulative side area) 


  Pin:   ANTENNA_3048/DIODE (sky130_fd_sc_hd__diode_2)
    Layer: mcon
      Partial area ratio:    0.13
      Required ratio:   10.82 (Gate area) 
      Cumulative area ratio:    0.13
      Required ratio:    0.00 (Cumulative area) 

    Layer: met1
      Partial area ratio:   14.36
      Required ratio:    0.00 (Gate area) 
      Cumulative area ratio:   14.36
      Required ratio:    0.00 (Cumulative area) 
      Partial area ratio:   71.19
      Required ratio: 2773.88 (Side area) 
      Cumulative area ratio:   71.19
      Required ratio:    0.00 (Cumulative side area) 

    Layer: via
      Partial area ratio:    0.16
      Required ratio:   21.65 (Gate area) 
      Cumulative area ratio:    0.29
      Required ratio:    0.00 (Cumulative area) 

    Layer: met2
      Partial area ratio:   17.17
      Required ratio:    0.00 (Gate area) 
      Cumulative area ratio:   31.52
      Required ratio:    0.00 (Cumulative area) 
      Partial area ratio:   85.43
      Required ratio: 5234.12 (Side area) 
      Cumulative area ratio:  156.62
      Required ratio:    0.00 (Cumulative side area) 

    Layer: via2
      Partial area ratio:    0.00
      Required ratio:  243.07 (Gate area) 
      Cumulative area ratio:    0.29
      Required ratio:    0.00 (Cumulative area) 

    Layer: met3
      Partial area ratio:    0.16
      Required ratio:    0.00 (Gate area) 
      Cumulative area ratio:   31.69
      Required ratio:    0.00 (Cumulative area) 
      Partial area ratio:    0.90
      Required ratio: 5234.12 (Side area) 
      Cumulative area ratio:  157.53
      Required ratio:    0.00 (Cumulative side area) 


  Pin:   ANTENNA_3049/DIODE (sky130_fd_sc_hd__diode_2)
    Layer: mcon
      Partial area ratio:    0.07
      Required ratio:   10.82 (Gate area) 
      Cumulative area ratio:    0.07
      Required ratio:    0.00 (Cumulative area) 

    Layer: met1
      Partial area ratio:    1.58
      Required ratio:    0.00 (Gate area) 
      Cumulative area ratio:    1.58
      Required ratio:    0.00 (Cumulative area) 
      Partial area ratio:    7.72
      Required ratio: 2773.88 (Side area) 
      Cumulative area ratio:    7.72
      Required ratio:    0.00 (Cumulative side area) 

    Layer: via
      Partial area ratio:    0.05
      Required ratio:   21.65 (Gate area) 
      Cumulative area ratio:    0.12
      Required ratio:    0.00 (Cumulative area) 

    Layer: met2
      Partial area ratio:   17.17
      Required ratio:    0.00 (Gate area) 
      Cumulative area ratio:   18.75
      Required ratio:    0.00 (Cumulative area) 
      Partial area ratio:   85.43
      Required ratio: 5234.12 (Side area) 
      Cumulative area ratio:   93.15
      Required ratio:    0.00 (Cumulative side area) 

    Layer: via2
      Partial area ratio:    0.00
      Required ratio:  243.07 (Gate area) 
      Cumulative area ratio:    0.12
      Required ratio:    0.00 (Cumulative area) 

    Layer: met3
      Partial area ratio:    0.16
      Required ratio:    0.00 (Gate area) 
      Cumulative area ratio:   18.91
      Required ratio:    0.00 (Cumulative area) 
      Partial area ratio:    0.90
      Required ratio: 5234.12 (Side area) 
      Cumulative area ratio:   94.06
      Required ratio:    0.00 (Cumulative side area) 


  Pin:   ANTENNA_3050/DIODE (sky130_fd_sc_hd__diode_2)
    Layer: mcon
      Partial area ratio:    0.13
      Required ratio:   10.82 (Gate area) 
      Cumulative area ratio:    0.13
      Required ratio:    0.00 (Cumulative area) 

    Layer: met1
      Partial area ratio:   10.85
      Required ratio:    0.00 (Gate area) 
      Cumulative area ratio:   10.85
      Required ratio:    0.00 (Cumulative area) 
      Partial area ratio:   53.86
      Required ratio: 2773.88 (Side area) 
      Cumulative area ratio:   53.86
      Required ratio:    0.00 (Cumulative side area) 

    Layer: via
      Partial area ratio:    0.10
      Required ratio:   21.65 (Gate area) 
      Cumulative area ratio:    0.23
      Required ratio:    0.00 (Cumulative area) 

    Layer: met2
      Partial area ratio:   17.17
      Required ratio:    0.00 (Gate area) 
      Cumulative area ratio:   28.01
      Required ratio:    0.00 (Cumulative area) 
      Partial area ratio:   85.43
      Required ratio: 5234.12 (Side area) 
      Cumulative area ratio:  139.29
      Required ratio:    0.00 (Cumulative side area) 

    Layer: via2
      Partial area ratio:    0.00
      Required ratio:  243.07 (Gate area) 
      Cumulative area ratio:    0.24
      Required ratio:    0.00 (Cumulative area) 

    Layer: met3
      Partial area ratio:    0.16
      Required ratio:    0.00 (Gate area) 
      Cumulative area ratio:   28.18
      Required ratio:    0.00 (Cumulative area) 
      Partial area ratio:    0.90
      Required ratio: 5234.12 (Side area) 
      Cumulative area ratio:  140.19
      Required ratio:    0.00 (Cumulative side area) 


  Pin:   ANTENNA_3051/DIODE (sky130_fd_sc_hd__diode_2)
    Layer: mcon
      Partial area ratio:    0.07
      Required ratio:   10.82 (Gate area) 
      Cumulative area ratio:    0.07
      Required ratio:    0.00 (Cumulative area) 

    Layer: met1
      Partial area ratio:    1.28
      Required ratio:    0.00 (Gate area) 
      Cumulative area ratio:    1.28
      Required ratio:    0.00 (Cumulative area) 
      Partial area ratio:    6.24
      Required ratio: 2773.88 (Side area) 
      Cumulative area ratio:    6.24
      Required ratio:    0.00 (Cumulative side area) 

    Layer: via
      Partial area ratio:    0.05
      Required ratio:   21.65 (Gate area) 
      Cumulative area ratio:    0.12
      Required ratio:    0.00 (Cumulative area) 

    Layer: met2
      Partial area ratio:   17.17
      Required ratio:    0.00 (Gate area) 
      Cumulative area ratio:   18.45
      Required ratio:    0.00 (Cumulative area) 
      Partial area ratio:   85.43
      Required ratio: 5234.12 (Side area) 
      Cumulative area ratio:   91.67
      Required ratio:    0.00 (Cumulative side area) 

    Layer: via2
      Partial area ratio:    0.00
      Required ratio:  243.07 (Gate area) 
      Cumulative area ratio:    0.12
      Required ratio:    0.00 (Cumulative area) 

    Layer: met3
      Partial area ratio:    0.16
      Required ratio:    0.00 (Gate area) 
      Cumulative area ratio:   18.61
      Required ratio:    0.00 (Cumulative area) 
      Partial area ratio:    0.90
      Required ratio: 5234.12 (Side area) 
      Cumulative area ratio:   92.57
      Required ratio:    0.00 (Cumulative side area) 


  Pin:   ANTENNA_3052/DIODE (sky130_fd_sc_hd__diode_2)
    Layer: mcon
      Partial area ratio:    0.13
      Required ratio:   10.82 (Gate area) 
      Cumulative area ratio:    0.13
      Required ratio:    0.00 (Cumulative area) 

    Layer: met1
      Partial area ratio:   10.51
      Required ratio:    0.00 (Gate area) 
      Cumulative area ratio:   10.51
      Required ratio:    0.00 (Cumulative area) 
      Partial area ratio:   51.93
      Required ratio: 2773.88 (Side area) 
      Cumulative area ratio:   51.93
      Required ratio:    0.00 (Cumulative side area) 

    Layer: via
      Partial area ratio:    0.16
      Required ratio:   21.65 (Gate area) 
      Cumulative area ratio:    0.29
      Required ratio:    0.00 (Cumulative area) 

    Layer: met2
      Partial area ratio:   17.17
      Required ratio:    0.00 (Gate area) 
      Cumulative area ratio:   27.67
      Required ratio:    0.00 (Cumulative area) 
      Partial area ratio:   85.43
      Required ratio: 5234.12 (Side area) 
      Cumulative area ratio:  137.36
      Required ratio:    0.00 (Cumulative side area) 

    Layer: via2
      Partial area ratio:    0.00
      Required ratio:  243.07 (Gate area) 
      Cumulative area ratio:    0.29
      Required ratio:    0.00 (Cumulative area) 

    Layer: met3
      Partial area ratio:    0.16
      Required ratio:    0.00 (Gate area) 
      Cumulative area ratio:   27.83
      Required ratio:    0.00 (Cumulative area) 
      Partial area ratio:    0.90
      Required ratio: 5234.12 (Side area) 
      Cumulative area ratio:  138.27
      Required ratio:    0.00 (Cumulative side area) 


  Pin:   ANTENNA_3053/DIODE (sky130_fd_sc_hd__diode_2)
    Layer: mcon
      Partial area ratio:    0.13
      Required ratio:   10.82 (Gate area) 
      Cumulative area ratio:    0.13
      Required ratio:    0.00 (Cumulative area) 

    Layer: met1
      Partial area ratio:    2.81
      Required ratio:    0.00 (Gate area) 
      Cumulative area ratio:    2.81
      Required ratio:    0.00 (Cumulative area) 
      Partial area ratio:   13.78
      Required ratio: 2947.76 (Side area) 
      Cumulative area ratio:   13.78
      Required ratio:    0.00 (Cumulative side area) 

    Layer: via
      Partial area ratio:    0.06
      Required ratio:   37.30 (Gate area) 
      Cumulative area ratio:    0.19
      Required ratio:    0.00 (Cumulative area) 

    Layer: met2
      Partial area ratio:   17.17
      Required ratio:    0.00 (Gate area) 
      Cumulative area ratio:   19.98
      Required ratio:    0.00 (Cumulative area) 
      Partial area ratio:   85.43
      Required ratio: 5234.12 (Side area) 
      Cumulative area ratio:   99.21
      Required ratio:    0.00 (Cumulative side area) 

    Layer: via2
      Partial area ratio:    0.00
      Required ratio:  243.07 (Gate area) 
      Cumulative area ratio:    0.20
      Required ratio:    0.00 (Cumulative area) 

    Layer: met3
      Partial area ratio:    0.16
      Required ratio:    0.00 (Gate area) 
      Cumulative area ratio:   20.14
      Required ratio:    0.00 (Cumulative area) 
      Partial area ratio:    0.90
      Required ratio: 5234.12 (Side area) 
      Cumulative area ratio:  100.11
      Required ratio:    0.00 (Cumulative side area) 


  Pin:   ANTENNA_3054/DIODE (sky130_fd_sc_hd__diode_2)
    Layer: mcon
      Partial area ratio:    0.07
      Required ratio:   10.82 (Gate area) 
      Cumulative area ratio:    0.07
      Required ratio:    0.00 (Cumulative area) 

    Layer: met1
      Partial area ratio:    2.81
      Required ratio:    0.00 (Gate area) 
      Cumulative area ratio:    2.81
      Required ratio:    0.00 (Cumulative area) 
      Partial area ratio:   13.78
      Required ratio: 2947.76 (Side area) 
      Cumulative area ratio:   13.78
      Required ratio:    0.00 (Cumulative side area) 

    Layer: via
      Partial area ratio:    0.06
      Required ratio:   37.30 (Gate area) 
      Cumulative area ratio:    0.13
      Required ratio:    0.00 (Cumulative area) 

    Layer: met2
      Partial area ratio:   17.17
      Required ratio:    0.00 (Gate area) 
      Cumulative area ratio:   19.98
      Required ratio:    0.00 (Cumulative area) 
      Partial area ratio:   85.43
      Required ratio: 5234.12 (Side area) 
      Cumulative area ratio:   99.21
      Required ratio:    0.00 (Cumulative side area) 

    Layer: via2
      Partial area ratio:    0.00
      Required ratio:  243.07 (Gate area) 
      Cumulative area ratio:    0.13
      Required ratio:    0.00 (Cumulative area) 

    Layer: met3
      Partial area ratio:    0.16
      Required ratio:    0.00 (Gate area) 
      Cumulative area ratio:   20.14
      Required ratio:    0.00 (Cumulative area) 
      Partial area ratio:    0.90
      Required ratio: 5234.12 (Side area) 
      Cumulative area ratio:  100.11
      Required ratio:    0.00 (Cumulative side area) 


  Pin:   ANTENNA_3055/DIODE (sky130_fd_sc_hd__diode_2)
    Layer: mcon
      Partial area ratio:    0.13
      Required ratio:   10.82 (Gate area) 
      Cumulative area ratio:    0.13
      Required ratio:    0.00 (Cumulative area) 

    Layer: met1
      Partial area ratio:   50.80
      Required ratio:    0.00 (Gate area) 
      Cumulative area ratio:   50.80
      Required ratio:    0.00 (Cumulative area) 
      Partial area ratio:  253.41
      Required ratio: 2773.88 (Side area) 
      Cumulative area ratio:  253.41
      Required ratio:    0.00 (Cumulative side area) 

    Layer: via
      Partial area ratio:    0.16
      Required ratio:   21.65 (Gate area) 
      Cumulative area ratio:    0.29
      Required ratio:    0.00 (Cumulative area) 

    Layer: met2
      Partial area ratio:   17.17
      Required ratio:    0.00 (Gate area) 
      Cumulative area ratio:   67.97
      Required ratio:    0.00 (Cumulative area) 
      Partial area ratio:   85.43
      Required ratio: 5234.12 (Side area) 
      Cumulative area ratio:  338.85
      Required ratio:    0.00 (Cumulative side area) 

    Layer: via2
      Partial area ratio:    0.00
      Required ratio:  243.07 (Gate area) 
      Cumulative area ratio:    0.29
      Required ratio:    0.00 (Cumulative area) 

    Layer: met3
      Partial area ratio:    0.16
      Required ratio:    0.00 (Gate area) 
      Cumulative area ratio:   68.13
      Required ratio:    0.00 (Cumulative area) 
      Partial area ratio:    0.90
      Required ratio: 5234.12 (Side area) 
      Cumulative area ratio:  339.75
      Required ratio:    0.00 (Cumulative side area) 



[INFO ANT-0002] Found 23 net violations.
[INFO ANT-0001] Found 33 pin violations.
