
===========================================================================
report_checks -unconstrained
===========================================================================
======================= max_ff_n40C_1v95 Corner ===================================

Startpoint: _126380_ (rising edge-triggered flip-flop clocked by clk_i)
Endpoint: _125738_ (recovery check against rising-edge clock clk_i)
Path Group: asynchronous
Path Type: max

Fanout         Cap        Slew       Delay        Time   Description
---------------------------------------------------------------------------------------------
                                  0.000000    0.000000   clock clk_i (rise edge)
                                  0.000000    0.000000   clock source latency
     3    0.561772    0.000000    0.000000    0.000000 ^ clk_i (in)
                                                         clk_i (net)
                      1.614417    0.807208    0.807208 ^ clkbuf_regs_0_clk_i/A (sky130_fd_sc_hd__clkbuf_16)
     1    0.008215    0.056962    0.093097    0.900306 ^ clkbuf_regs_0_clk_i/X (sky130_fd_sc_hd__clkbuf_16)
                                                         clk_i_regs (net)
                      0.056963    0.000630    0.900936 ^ clkbuf_0_clk_i_regs/A (sky130_fd_sc_hd__clkbuf_16)
     2    0.104887    0.093714    0.130965    1.031901 ^ clkbuf_0_clk_i_regs/X (sky130_fd_sc_hd__clkbuf_16)
                                                         clknet_0_clk_i_regs (net)
                      0.099048    0.017344    1.049245 ^ clkbuf_1_1_0_clk_i_regs/A (sky130_fd_sc_hd__clkbuf_8)
     1    0.079949    0.111597    0.155966    1.205211 ^ clkbuf_1_1_0_clk_i_regs/X (sky130_fd_sc_hd__clkbuf_8)
                                                         clknet_1_1_0_clk_i_regs (net)
                      0.112917    0.009732    1.214944 ^ clkbuf_1_1_1_clk_i_regs/A (sky130_fd_sc_hd__clkbuf_8)
     2    0.145643    0.193195    0.200129    1.415073 ^ clkbuf_1_1_1_clk_i_regs/X (sky130_fd_sc_hd__clkbuf_8)
                                                         clknet_1_1_1_clk_i_regs (net)
                      0.200426    0.029360    1.444433 ^ clkbuf_2_2_0_clk_i_regs/A (sky130_fd_sc_hd__clkbuf_8)
     2    0.078730    0.111783    0.167465    1.611898 ^ clkbuf_2_2_0_clk_i_regs/X (sky130_fd_sc_hd__clkbuf_8)
                                                         clknet_2_2_0_clk_i_regs (net)
                      0.114404    0.013554    1.625452 ^ clkbuf_3_4_0_clk_i_regs/A (sky130_fd_sc_hd__clkbuf_8)
     2    0.088297    0.122125    0.161146    1.786597 ^ clkbuf_3_4_0_clk_i_regs/X (sky130_fd_sc_hd__clkbuf_8)
                                                         clknet_3_4_0_clk_i_regs (net)
                      0.126884    0.018913    1.805510 ^ clkbuf_4_8_0_clk_i_regs/A (sky130_fd_sc_hd__clkbuf_8)
     4    0.073354    0.102842    0.159127    1.964637 ^ clkbuf_4_8_0_clk_i_regs/X (sky130_fd_sc_hd__clkbuf_8)
                                                         clknet_4_8_0_clk_i_regs (net)
                      0.102986    0.003199    1.967836 ^ clkbuf_6_32_0_clk_i_regs/A (sky130_fd_sc_hd__clkbuf_8)
     2    0.055403    0.081449    0.133928    2.101764 ^ clkbuf_6_32_0_clk_i_regs/X (sky130_fd_sc_hd__clkbuf_8)
                                                         clknet_6_32_0_clk_i_regs (net)
                      0.084521    0.012377    2.114142 ^ clkbuf_7_65__f_clk_i_regs/A (sky130_fd_sc_hd__clkbuf_16)
    13    0.111670    0.097927    0.149464    2.263606 ^ clkbuf_7_65__f_clk_i_regs/X (sky130_fd_sc_hd__clkbuf_16)
                                                         clknet_7_65__leaf_clk_i_regs (net)
                      0.098119    0.003527    2.267133 ^ clkbuf_leaf_483_clk_i_regs/A (sky130_fd_sc_hd__clkbuf_8)
     9    0.036022    0.056824    0.121097    2.388230 ^ clkbuf_leaf_483_clk_i_regs/X (sky130_fd_sc_hd__clkbuf_8)
                                                         clknet_leaf_483_clk_i_regs (net)
                      0.056863    0.001333    2.389563 ^ _126380_/CLK (sky130_fd_sc_hd__dfrtp_2)
     1    0.002400    0.026518    0.241203    2.630765 v _126380_/Q (sky130_fd_sc_hd__dfrtp_2)
                                                         u_uart2.fifo_clr_r (net)
                      0.026518    0.000171    2.630936 v hold15143/A (sky130_fd_sc_hd__dlygate4sd3_1)
     1    0.001696    0.034127    0.351553    2.982489 v hold15143/X (sky130_fd_sc_hd__dlygate4sd3_1)
                                                         net15144 (net)
                      0.034127    0.000079    2.982567 v _059127_/A_N (sky130_fd_sc_hd__and2b_2)
    18    0.161139    0.596647    0.483198    3.465765 ^ _059127_/X (sky130_fd_sc_hd__and2b_2)
                                                         u_uart2.u_rx_fifo.rst_n (net)
                      0.611598    0.075131    3.540896 ^ _125738_/RESET_B (sky130_fd_sc_hd__dfrtp_2)
                                              3.540896   data arrival time

                                 20.000000   20.000000   clock clk_i (rise edge)
                                  0.000000   20.000000   clock source latency
     3    0.561772    0.000000    0.000000   20.000000 ^ clk_i (in)
                                                         clk_i (net)
                      1.614417    0.807209   20.807209 ^ clkbuf_regs_0_clk_i/A (sky130_fd_sc_hd__clkbuf_16)
     1    0.008215    0.056962    0.093097   20.900307 ^ clkbuf_regs_0_clk_i/X (sky130_fd_sc_hd__clkbuf_16)
                                                         clk_i_regs (net)
                      0.056963    0.000631   20.900936 ^ clkbuf_0_clk_i_regs/A (sky130_fd_sc_hd__clkbuf_16)
     2    0.104887    0.093714    0.130965   21.031902 ^ clkbuf_0_clk_i_regs/X (sky130_fd_sc_hd__clkbuf_16)
                                                         clknet_0_clk_i_regs (net)
                      0.099048    0.017343   21.049244 ^ clkbuf_1_1_0_clk_i_regs/A (sky130_fd_sc_hd__clkbuf_8)
     1    0.079949    0.111597    0.155968   21.205212 ^ clkbuf_1_1_0_clk_i_regs/X (sky130_fd_sc_hd__clkbuf_8)
                                                         clknet_1_1_0_clk_i_regs (net)
                      0.112917    0.009731   21.214943 ^ clkbuf_1_1_1_clk_i_regs/A (sky130_fd_sc_hd__clkbuf_8)
     2    0.145643    0.193195    0.200130   21.415073 ^ clkbuf_1_1_1_clk_i_regs/X (sky130_fd_sc_hd__clkbuf_8)
                                                         clknet_1_1_1_clk_i_regs (net)
                      0.200426    0.029360   21.444433 ^ clkbuf_2_2_0_clk_i_regs/A (sky130_fd_sc_hd__clkbuf_8)
     2    0.078730    0.111783    0.167466   21.611898 ^ clkbuf_2_2_0_clk_i_regs/X (sky130_fd_sc_hd__clkbuf_8)
                                                         clknet_2_2_0_clk_i_regs (net)
                      0.118434    0.021270   21.633169 ^ clkbuf_3_5_0_clk_i_regs/A (sky130_fd_sc_hd__clkbuf_8)
     2    0.038737    0.060744    0.126077   21.759245 ^ clkbuf_3_5_0_clk_i_regs/X (sky130_fd_sc_hd__clkbuf_8)
                                                         clknet_3_5_0_clk_i_regs (net)
                      0.062142    0.007171   21.766417 ^ clkbuf_4_11_0_clk_i_regs/A (sky130_fd_sc_hd__clkbuf_8)
     4    0.100570    0.136152    0.164709   21.931126 ^ clkbuf_4_11_0_clk_i_regs/X (sky130_fd_sc_hd__clkbuf_8)
                                                         clknet_4_11_0_clk_i_regs (net)
                      0.137102    0.009170   21.940296 ^ clkbuf_6_44_0_clk_i_regs/A (sky130_fd_sc_hd__clkbuf_8)
     2    0.025540    0.045075    0.120201   22.060495 ^ clkbuf_6_44_0_clk_i_regs/X (sky130_fd_sc_hd__clkbuf_8)
                                                         clknet_6_44_0_clk_i_regs (net)
                      0.045150    0.001574   22.062071 ^ clkbuf_7_89__f_clk_i_regs/A (sky130_fd_sc_hd__clkbuf_16)
     9    0.086538    0.078966    0.123960   22.186029 ^ clkbuf_7_89__f_clk_i_regs/X (sky130_fd_sc_hd__clkbuf_16)
                                                         clknet_7_89__leaf_clk_i_regs (net)
                      0.079242    0.003759   22.189789 ^ clkbuf_leaf_160_clk_i_regs/A (sky130_fd_sc_hd__clkbuf_8)
    12    0.040897    0.062727    0.120037   22.309826 ^ clkbuf_leaf_160_clk_i_regs/X (sky130_fd_sc_hd__clkbuf_8)
                                                         clknet_leaf_160_clk_i_regs (net)
                      0.062751    0.001188   22.311014 ^ _125738_/CLK (sky130_fd_sc_hd__dfrtp_2)
                                 -0.250000   22.061014   clock uncertainty
                                  0.000000   22.061014   clock reconvergence pessimism
                                 -0.013718   22.047297   library recovery time
                                             22.047297   data required time
---------------------------------------------------------------------------------------------
                                             22.047297   data required time
                                             -3.540896   data arrival time
---------------------------------------------------------------------------------------------
                                             18.506401   slack (MET)


Startpoint: u_npu.u_npu_sram.g_sram[12].u_macro
            (falling edge-triggered flip-flop clocked by clk_i)
Endpoint: _125083_ (rising edge-triggered flip-flop clocked by clk_i)
Path Group: clk_i
Path Type: max

Fanout         Cap        Slew       Delay        Time   Description
---------------------------------------------------------------------------------------------
                                 10.000000   10.000000   clock clk_i (fall edge)
                                  0.000000   10.000000   clock source latency
     3    0.559813    0.000000    0.000000   10.000000 v clk_i (in)
                                                         clk_i (net)
                      1.674777    0.837389   10.837389 v clkbuf_0_clk_i/A (sky130_fd_sc_hd__clkbuf_16)
     2    0.118201    0.112885    0.557443   11.394832 v clkbuf_0_clk_i/X (sky130_fd_sc_hd__clkbuf_16)
                                                         clknet_0_clk_i (net)
                      0.116721    0.015673   11.410505 v clkbuf_1_0_0_clk_i/A (sky130_fd_sc_hd__clkbuf_8)
    15    1.134595    0.563633    0.194543   11.605048 v clkbuf_1_0_0_clk_i/X (sky130_fd_sc_hd__clkbuf_8)
                                                         clknet_1_0_0_clk_i (net)
                      1.586658    0.747603   12.352651 v clkbuf_leaf_1_clk_i/A (sky130_fd_sc_hd__clkbuf_8)
     4    0.119637    0.125266    0.540392   12.893043 v clkbuf_leaf_1_clk_i/X (sky130_fd_sc_hd__clkbuf_8)
                                                         clknet_leaf_1_clk_i (net)
                      0.169738    0.011594   12.904636 v u_npu.u_npu_sram.g_sram[12].u_macro/clk1 (sky130_sram_2kbyte_1rw1r_32x512_8)
     1    0.023611    0.013898    0.506647   13.411284 v u_npu.u_npu_sram.g_sram[12].u_macro/dout1[11] (sky130_sram_2kbyte_1rw1r_32x512_8)
                                                         u_npu.u_npu_sram.dout_b[75] (net)
                      0.010424    0.001005   13.412289 v wire4014/A (sky130_fd_sc_hd__clkbuf_2)
     1    0.042291    0.112295    0.127814   13.540103 v wire4014/X (sky130_fd_sc_hd__clkbuf_2)
                                                         net4014 (net)
                      0.113582    0.009766   13.549870 v wire4013/A (sky130_fd_sc_hd__clkbuf_2)
     1    0.037656    0.101504    0.162967   13.712836 v wire4013/X (sky130_fd_sc_hd__clkbuf_2)
                                                         net4013 (net)
                      0.102238    0.006882   13.719718 v wire4012/A (sky130_fd_sc_hd__buf_6)
     1    0.036003    0.034128    0.119528   13.839247 v wire4012/X (sky130_fd_sc_hd__buf_6)
                                                         net4012 (net)
                      0.036121    0.006293   13.845539 v wire4011/A (sky130_fd_sc_hd__buf_6)
     1    0.047426    0.040794    0.094977   13.940516 v wire4011/X (sky130_fd_sc_hd__buf_6)
                                                         net4011 (net)
                      0.044784    0.009732   13.950249 v _060886_/A0 (sky130_fd_sc_hd__mux2_1)
     1    0.167629    0.552507    0.509439   14.459687 v _060886_/X (sky130_fd_sc_hd__mux2_1)
                                                         _015315_ (net)
                      0.574574    0.086902   14.546589 v _060888_/B1 (sky130_fd_sc_hd__a221o_2)
     1    0.224656    0.368302    0.511460   15.058049 v _060888_/X (sky130_fd_sc_hd__a221o_2)
                                                         _015317_ (net)
                      0.492056    0.171829   15.229878 v _060890_/A1 (sky130_fd_sc_hd__a21oi_2)
     1    0.269696    2.283677    1.743743   16.973621 ^ _060890_/Y (sky130_fd_sc_hd__a21oi_2)
                                                         _015319_ (net)
                      2.302333    0.167626   17.141247 ^ _060891_/B1 (sky130_fd_sc_hd__a31oi_2)
     1    0.261581    1.468175    0.698904   17.840151 v _060891_/Y (sky130_fd_sc_hd__a31oi_2)
                                                         _015320_ (net)
                      1.529198    0.247304   18.087456 v _060892_/B2 (sky130_fd_sc_hd__a22oi_2)
     1    0.005547    0.229681    0.445084   18.532539 ^ _060892_/Y (sky130_fd_sc_hd__a22oi_2)
                                                         _015321_ (net)
                      0.229682    0.000407   18.532946 ^ _060893_/A (sky130_fd_sc_hd__inv_2)
     3    0.090249    0.166805    0.158515   18.691462 v _060893_/Y (sky130_fd_sc_hd__inv_2)
                                                         u_npu.eng_rdata_axi[11] (net)
                      0.167354    0.007914   18.699375 v _101383_/A2 (sky130_fd_sc_hd__a22o_2)
     1    0.003214    0.025437    0.180126   18.879501 v _101383_/X (sky130_fd_sc_hd__a22o_2)
                                                         _011178_ (net)
                      0.025437    0.000204   18.879705 v _125083_/D (sky130_fd_sc_hd__dfrtp_2)
                                             18.879705   data arrival time

                                 20.000000   20.000000   clock clk_i (rise edge)
                                  0.000000   20.000000   clock source latency
     3    0.561772    0.000000    0.000000   20.000000 ^ clk_i (in)
                                                         clk_i (net)
                      1.614417    0.807209   20.807209 ^ clkbuf_regs_0_clk_i/A (sky130_fd_sc_hd__clkbuf_16)
     1    0.008215    0.056962    0.093097   20.900307 ^ clkbuf_regs_0_clk_i/X (sky130_fd_sc_hd__clkbuf_16)
                                                         clk_i_regs (net)
                      0.056963    0.000631   20.900936 ^ clkbuf_0_clk_i_regs/A (sky130_fd_sc_hd__clkbuf_16)
     2    0.104887    0.093714    0.130965   21.031902 ^ clkbuf_0_clk_i_regs/X (sky130_fd_sc_hd__clkbuf_16)
                                                         clknet_0_clk_i_regs (net)
                      0.099474    0.018025   21.049927 ^ clkbuf_1_0_0_clk_i_regs/A (sky130_fd_sc_hd__clkbuf_8)
     1    0.074693    0.105534    0.142457   21.192383 ^ clkbuf_1_0_0_clk_i_regs/X (sky130_fd_sc_hd__clkbuf_8)
                                                         clknet_1_0_0_clk_i_regs (net)
                      0.116604    0.026148   21.218531 ^ clkbuf_1_0_1_clk_i_regs/A (sky130_fd_sc_hd__clkbuf_8)
     2    0.064590    0.092977    0.143567   21.362099 ^ clkbuf_1_0_1_clk_i_regs/X (sky130_fd_sc_hd__clkbuf_8)
                                                         clknet_1_0_1_clk_i_regs (net)
                      0.098304    0.017348   21.379446 ^ clkbuf_2_0_0_clk_i_regs/A (sky130_fd_sc_hd__clkbuf_8)
     2    0.067894    0.096929    0.141453   21.520899 ^ clkbuf_2_0_0_clk_i_regs/X (sky130_fd_sc_hd__clkbuf_8)
                                                         clknet_2_0_0_clk_i_regs (net)
                      0.100698    0.014937   21.535837 ^ clkbuf_3_0_0_clk_i_regs/A (sky130_fd_sc_hd__clkbuf_8)
     2    0.206604    0.250252    0.176996   21.712833 ^ clkbuf_3_0_0_clk_i_regs/X (sky130_fd_sc_hd__clkbuf_8)
                                                         clknet_3_0_0_clk_i_regs (net)
                      0.397617    0.160306   21.873138 ^ clkbuf_4_1_0_clk_i_regs/A (sky130_fd_sc_hd__clkbuf_8)
     4    0.072545    0.107524    0.178147   22.051287 ^ clkbuf_4_1_0_clk_i_regs/X (sky130_fd_sc_hd__clkbuf_8)
                                                         clknet_4_1_0_clk_i_regs (net)
                      0.115132    0.022082   22.073368 ^ clkbuf_6_6_0_clk_i_regs/A (sky130_fd_sc_hd__clkbuf_8)
     2    0.065972    0.094806    0.145581   22.218948 ^ clkbuf_6_6_0_clk_i_regs/X (sky130_fd_sc_hd__clkbuf_8)
                                                         clknet_6_6_0_clk_i_regs (net)
                      0.097899    0.013468   22.232418 ^ clkbuf_7_12__f_clk_i_regs/A (sky130_fd_sc_hd__clkbuf_16)
     6    0.077444    0.073307    0.128781   22.361198 ^ clkbuf_7_12__f_clk_i_regs/X (sky130_fd_sc_hd__clkbuf_16)
                                                         clknet_7_12__leaf_clk_i_regs (net)
                      0.078133    0.014516   22.375715 ^ clkbuf_leaf_1165_clk_i_regs/A (sky130_fd_sc_hd__clkbuf_8)
    10    0.038088    0.059316    0.116977   22.492691 ^ clkbuf_leaf_1165_clk_i_regs/X (sky130_fd_sc_hd__clkbuf_8)
                                                         clknet_leaf_1165_clk_i_regs (net)
                      0.059572    0.003071   22.495762 ^ _125083_/CLK (sky130_fd_sc_hd__dfrtp_2)
                                 -0.250000   22.245764   clock uncertainty
                                  0.000000   22.245764   clock reconvergence pessimism
                                 -0.068671   22.177094   library setup time
                                             22.177094   data required time
---------------------------------------------------------------------------------------------
                                             22.177094   data required time
                                            -18.879705   data arrival time
---------------------------------------------------------------------------------------------
                                              3.297387   slack (MET)


Startpoint: _124153_ (rising edge-triggered flip-flop clocked by jtag_clk)
Endpoint: _124096_ (rising edge-triggered flip-flop clocked by jtag_clk)
Path Group: jtag_clk
Path Type: max

Fanout         Cap        Slew       Delay        Time   Description
---------------------------------------------------------------------------------------------
                                  0.000000    0.000000   clock jtag_clk (rise edge)
                                  0.000000    0.000000   clock source latency
     1    0.269386    0.000000    0.000000    0.000000 ^ jtag_tck (in)
                                                         jtag_tck (net)
                      0.390152    0.195076    0.195076 ^ clkbuf_0_jtag_tck/A (sky130_fd_sc_hd__clkbuf_16)
    16    0.152602    0.130468    0.202490    0.397566 ^ clkbuf_0_jtag_tck/X (sky130_fd_sc_hd__clkbuf_16)
                                                         clknet_0_jtag_tck (net)
                      0.134996    0.019145    0.416711 ^ clkbuf_4_5_0_jtag_tck/A (sky130_fd_sc_hd__clkbuf_8)
    13    0.049618    0.073980    0.139892    0.556604 ^ clkbuf_4_5_0_jtag_tck/X (sky130_fd_sc_hd__clkbuf_8)
                                                         clknet_4_5_0_jtag_tck (net)
                      0.074237    0.003499    0.560102 ^ _124153_/CLK (sky130_fd_sc_hd__dfstp_2)
     5    0.019906    0.079067    0.356025    0.916128 ^ _124153_/Q (sky130_fd_sc_hd__dfstp_2)
                                                         u_jtag.ir_reg[1] (net)
                      0.079094    0.001386    0.917514 ^ _090708_/D_N (sky130_fd_sc_hd__or4b_2)
     2    0.009879    0.083740    0.352913    1.270427 v _090708_/X (sky130_fd_sc_hd__or4b_2)
                                                         _035028_ (net)
                      0.083772    0.000759    1.271185 v _090710_/B (sky130_fd_sc_hd__nand3_2)
    22    0.144634    0.562198    0.402898    1.674083 ^ _090710_/Y (sky130_fd_sc_hd__nand3_2)
                                                         _035030_ (net)
                      0.562235    0.004001    1.678084 ^ _090711_/B (sky130_fd_sc_hd__and2b_2)
    23    0.146549    0.541358    0.458994    2.137078 ^ _090711_/X (sky130_fd_sc_hd__and2b_2)
                                                         _035031_ (net)
                      0.541505    0.007700    2.144779 ^ max_cap1402/A (sky130_fd_sc_hd__buf_12)
    21    0.142697    0.126292    0.114854    2.259633 ^ max_cap1402/X (sky130_fd_sc_hd__buf_12)
                                                         net1402 (net)
                      0.174155    0.060542    2.320175 ^ _090787_/A1 (sky130_fd_sc_hd__a31o_2)
     1    0.003823    0.040351    0.103718    2.423894 ^ _090787_/X (sky130_fd_sc_hd__a31o_2)
                                                         _010191_ (net)
                      0.040351    0.000168    2.424062 ^ _124096_/D (sky130_fd_sc_hd__dfrtp_2)
                                              2.424062   data arrival time

                                100.000000  100.000000   clock jtag_clk (rise edge)
                                  0.000000  100.000000   clock source latency
     1    0.269386    0.000000    0.000000  100.000000 ^ jtag_tck (in)
                                                         jtag_tck (net)
                      0.390152    0.195080  100.195076 ^ clkbuf_0_jtag_tck/A (sky130_fd_sc_hd__clkbuf_16)
    16    0.152602    0.130468    0.202483  100.397560 ^ clkbuf_0_jtag_tck/X (sky130_fd_sc_hd__clkbuf_16)
                                                         clknet_0_jtag_tck (net)
                      0.132357    0.012371  100.409927 ^ clkbuf_4_2_0_jtag_tck/A (sky130_fd_sc_hd__clkbuf_8)
     6    0.037723    0.059503    0.130150  100.540077 ^ clkbuf_4_2_0_jtag_tck/X (sky130_fd_sc_hd__clkbuf_8)
                                                         clknet_4_2_0_jtag_tck (net)
                      0.059704    0.002473  100.542557 ^ _124096_/CLK (sky130_fd_sc_hd__dfrtp_2)
                                  0.000000  100.542557   clock reconvergence pessimism
                                 -0.036217  100.506340   library setup time
                                            100.506340   data required time
---------------------------------------------------------------------------------------------
                                            100.506340   data required time
                                             -2.424062   data arrival time
---------------------------------------------------------------------------------------------
                                             98.082275   slack (MET)




===========================================================================
report_checks --slack_max -0.01
============================================================================
======================= max_ff_n40C_1v95 Corner ===================================

No paths found.


===========================================================================
 report_check_types -max_slew -max_cap -max_fanout -violators
============================================================================
======================= max_ff_n40C_1v95 Corner ===================================

max slew

Pin                                        Limit        Slew       Slack
------------------------------------------------------------------------
wire562/A                               1.500000    2.688715   -1.188715 (VIOLATED)
ANTENNA_2934/DIODE                      1.500000    2.688554   -1.188554 (VIOLATED)
load_slew563/A                          1.500000    2.598779   -1.098779 (VIOLATED)
ANTENNA_2935/DIODE                      1.500000    2.598622   -1.098622 (VIOLATED)
wire568/A                               1.500000    2.525880   -1.025880 (VIOLATED)
_065598_/C                              1.500000    2.525258   -1.025258 (VIOLATED)
_059197_/B                              1.500000    2.525239   -1.025239 (VIOLATED)
_059196_/Y                              1.494397    2.473048   -0.978651 (VIOLATED)
_060892_/B2                             1.500000    2.429225   -0.929225 (VIOLATED)
load_slew569/A                          1.500000    2.423325   -0.923325 (VIOLATED)
_060891_/Y                              1.500053    2.392933   -0.892880 (VIOLATED)
load_slew564/A                          1.500000    2.391093   -0.891093 (VIOLATED)
ANTENNA_2936/DIODE                      1.500000    2.391014   -0.891014 (VIOLATED)
wire1484/A                              1.500000    2.383465   -0.883465 (VIOLATED)
ANTENNA_2709/DIODE                      1.500000    2.383400   -0.883400 (VIOLATED)
wire565/A                               1.500000    2.350904   -0.850904 (VIOLATED)
clkbuf_leaf_2_clk_i/A                   1.500000    2.318730   -0.818730 (VIOLATED)
ANTENNA_2818/DIODE                      1.500000    2.318654   -0.818654 (VIOLATED)
ANTENNA_2816/DIODE                      1.500000    2.318648   -0.818648 (VIOLATED)
ANTENNA_2817/DIODE                      1.500000    2.318323   -0.818323 (VIOLATED)
_125213_/RESET_B                        1.500000    2.311267   -0.811267 (VIOLATED)
_125206_/RESET_B                        1.500000    2.311211   -0.811211 (VIOLATED)
_125207_/RESET_B                        1.500000    2.311077   -0.811077 (VIOLATED)
_125212_/RESET_B                        1.500000    2.310906   -0.810906 (VIOLATED)
_125205_/RESET_B                        1.500000    2.310859   -0.810859 (VIOLATED)
load_slew6213/A                         1.500000    2.310788   -0.810788 (VIOLATED)
_125211_/RESET_B                        1.500000    2.310725   -0.810725 (VIOLATED)
_125165_/RESET_B                        1.500000    2.310393   -0.810393 (VIOLATED)
_125204_/RESET_B                        1.500000    2.310352   -0.810352 (VIOLATED)
_125164_/RESET_B                        1.500000    2.309962   -0.809962 (VIOLATED)
_125210_/RESET_B                        1.500000    2.309884   -0.809884 (VIOLATED)
_125208_/RESET_B                        1.500000    2.309293   -0.809293 (VIOLATED)
_125209_/RESET_B                        1.500000    2.309073   -0.809074 (VIOLATED)
_125203_/RESET_B                        1.500000    2.308662   -0.808662 (VIOLATED)
_125200_/RESET_B                        1.500000    2.308332   -0.808332 (VIOLATED)
_125230_/RESET_B                        1.500000    2.305450   -0.805450 (VIOLATED)
_125231_/RESET_B                        1.500000    2.305241   -0.805241 (VIOLATED)
_125214_/RESET_B                        1.500000    2.305192   -0.805192 (VIOLATED)
_125216_/RESET_B                        1.500000    2.305098   -0.805098 (VIOLATED)
_125215_/RESET_B                        1.500000    2.305054   -0.805054 (VIOLATED)
_060891_/A2                             1.500000    2.304138   -0.804138 (VIOLATED)
_125217_/RESET_B                        1.500000    2.304135   -0.804135 (VIOLATED)
_125218_/RESET_B                        1.500000    2.302578   -0.802578 (VIOLATED)
_060891_/B1                             1.500000    2.302333   -0.802333 (VIOLATED)
_125219_/RESET_B                        1.500000    2.299146   -0.799146 (VIOLATED)
_125220_/RESET_B                        1.500000    2.294764   -0.794764 (VIOLATED)
clkbuf_leaf_14_clk_i/A                  1.500000    2.291700   -0.791700 (VIOLATED)
ANTENNA_2261/DIODE                      1.500000    2.291550   -0.791550 (VIOLATED)
_125221_/RESET_B                        1.500000    2.288245   -0.788245 (VIOLATED)
_060890_/Y                              1.496349    2.283677   -0.787328 (VIOLATED)
_125222_/RESET_B                        1.500000    2.284052   -0.784052 (VIOLATED)
_125820_/RESET_B                        1.500000    2.283814   -0.783814 (VIOLATED)
_125843_/RESET_B                        1.500000    2.283770   -0.783770 (VIOLATED)
_125831_/RESET_B                        1.500000    2.283250   -0.783250 (VIOLATED)
_125844_/RESET_B                        1.500000    2.282885   -0.782885 (VIOLATED)
_125223_/RESET_B                        1.500000    2.282760   -0.782760 (VIOLATED)
ANTENNA_3015/DIODE                      1.500000    2.281658   -0.781658 (VIOLATED)
ANTENNA_3013/DIODE                      1.500000    2.277325   -0.777325 (VIOLATED)
_125224_/RESET_B                        1.500000    2.276878   -0.776878 (VIOLATED)
_125225_/RESET_B                        1.500000    2.275259   -0.775260 (VIOLATED)
ANTENNA_3012/DIODE                      1.500000    2.272910   -0.772910 (VIOLATED)
_125226_/RESET_B                        1.500000    2.271141   -0.771141 (VIOLATED)
_125227_/RESET_B                        1.500000    2.268237   -0.768237 (VIOLATED)
load_slew1485/A                         1.500000    2.267930   -0.767930 (VIOLATED)
ANTENNA_3010/DIODE                      1.500000    2.267784   -0.767784 (VIOLATED)
ANTENNA_3011/DIODE                      1.500000    2.267504   -0.767504 (VIOLATED)
_125228_/RESET_B                        1.500000    2.266533   -0.766533 (VIOLATED)
_125202_/RESET_B                        1.500000    2.265201   -0.765201 (VIOLATED)
_125201_/RESET_B                        1.500000    2.265153   -0.765153 (VIOLATED)
ANTENNA_3014/DIODE                      1.500000    2.262524   -0.762524 (VIOLATED)
_125229_/RESET_B                        1.500000    2.260103   -0.760103 (VIOLATED)
_060882_/Y                              1.496462    2.239518   -0.743056 (VIOLATED)
_115190_/RESET_B                        1.500000    2.240627   -0.740627 (VIOLATED)
load_slew566/A                          1.500000    2.234699   -0.734699 (VIOLATED)
ANTENNA_1273/DIODE                      1.500000    2.234544   -0.734544 (VIOLATED)
clkbuf_leaf_13_clk_i/A                  1.500000    2.232723   -0.732723 (VIOLATED)
ANTENNA_2260/DIODE                      1.500000    2.232660   -0.732660 (VIOLATED)
wire1477/A                              1.500000    2.230935   -0.730935 (VIOLATED)
ANTENNA_3009/DIODE                      1.500000    2.230780   -0.730780 (VIOLATED)
load_slew570/A                          1.500000    2.218421   -0.718421 (VIOLATED)
_125168_/RESET_B                        1.500000    2.206773   -0.706773 (VIOLATED)
_125170_/RESET_B                        1.500000    2.199486   -0.699486 (VIOLATED)
clkbuf_leaf_3_clk_i/A                   1.500000    2.195830   -0.695830 (VIOLATED)
_125172_/RESET_B                        1.500000    2.186550   -0.686550 (VIOLATED)
_125171_/RESET_B                        1.500000    2.184537   -0.684537 (VIOLATED)
wire1468/A                              1.500000    2.183700   -0.683700 (VIOLATED)
_125174_/RESET_B                        1.500000    2.179823   -0.679824 (VIOLATED)
_125173_/RESET_B                        1.500000    2.173341   -0.673341 (VIOLATED)
_125169_/RESET_B                        1.500000    2.172820   -0.672820 (VIOLATED)
_091150_/A1                             1.500000    2.163653   -0.663653 (VIOLATED)
ANTENNA_2552/DIODE                      1.500000    2.163622   -0.663622 (VIOLATED)
ANTENNA_2553/DIODE                      1.500000    2.163615   -0.663615 (VIOLATED)
ANTENNA_2551/DIODE                      1.500000    2.163579   -0.663579 (VIOLATED)
ANTENNA_2559/DIODE                      1.500000    2.163544   -0.663544 (VIOLATED)
ANTENNA_1261/DIODE                      1.500000    2.163535   -0.663535 (VIOLATED)
ANTENNA_2558/DIODE                      1.500000    2.163475   -0.663475 (VIOLATED)
ANTENNA_2560/DIODE                      1.500000    2.163263   -0.663263 (VIOLATED)
_125175_/RESET_B                        1.500000    2.161767   -0.661767 (VIOLATED)
wire504/A                               1.500000    2.161587   -0.661587 (VIOLATED)
ANTENNA_1583/DIODE                      1.500000    2.161522   -0.661522 (VIOLATED)
_125176_/RESET_B                        1.500000    2.154154   -0.654154 (VIOLATED)
_125177_/RESET_B                        1.500000    2.148357   -0.648357 (VIOLATED)
ANTENNA_2554/DIODE                      1.500000    2.142490   -0.642490 (VIOLATED)
ANTENNA_2555/DIODE                      1.500000    2.142490   -0.642490 (VIOLATED)
ANTENNA_2556/DIODE                      1.500000    2.142490   -0.642491 (VIOLATED)
ANTENNA_2557/DIODE                      1.500000    2.142491   -0.642491 (VIOLATED)
_126436_/D                              1.500000    2.142490   -0.642490 (VIOLATED)
_062179_/X                              1.508011    2.142243   -0.634232 (VIOLATED)
_125179_/RESET_B                        1.500000    2.134203   -0.634204 (VIOLATED)
load_slew1478/A                         1.500000    2.132045   -0.632045 (VIOLATED)
clkbuf_leaf_4_clk_i/A                   1.500000    2.126592   -0.626592 (VIOLATED)
wire472/A                               1.500000    2.118930   -0.618930 (VIOLATED)
_125180_/RESET_B                        1.500000    2.118811   -0.618811 (VIOLATED)
_125182_/RESET_B                        1.500000    2.108888   -0.608888 (VIOLATED)
_125193_/RESET_B                        1.500000    2.105295   -0.605295 (VIOLATED)
_125192_/RESET_B                        1.500000    2.105270   -0.605270 (VIOLATED)
_125194_/RESET_B                        1.500000    2.105234   -0.605234 (VIOLATED)
wire520/A                               1.500000    2.105205   -0.605205 (VIOLATED)
_125195_/RESET_B                        1.500000    2.105149   -0.605149 (VIOLATED)
ANTENNA_2625/DIODE                      1.500000    2.105144   -0.605144 (VIOLATED)
_125196_/RESET_B                        1.500000    2.104942   -0.604942 (VIOLATED)
_125191_/RESET_B                        1.500000    2.104786   -0.604786 (VIOLATED)
_125197_/RESET_B                        1.500000    2.104559   -0.604559 (VIOLATED)
_125190_/RESET_B                        1.500000    2.104421   -0.604421 (VIOLATED)
_125198_/RESET_B                        1.500000    2.104288   -0.604288 (VIOLATED)
_125199_/RESET_B                        1.500000    2.103964   -0.603964 (VIOLATED)
_125178_/RESET_B                        1.500000    2.102655   -0.602655 (VIOLATED)
_125189_/RESET_B                        1.500000    2.102474   -0.602474 (VIOLATED)
_125187_/RESET_B                        1.500000    2.098997   -0.598997 (VIOLATED)
_125186_/RESET_B                        1.500000    2.097486   -0.597486 (VIOLATED)
_125188_/RESET_B                        1.500000    2.097220   -0.597220 (VIOLATED)
_125185_/RESET_B                        1.500000    2.095013   -0.595013 (VIOLATED)
load_slew1469/A                         1.500000    2.093288   -0.593288 (VIOLATED)
_125184_/RESET_B                        1.500000    2.091722   -0.591722 (VIOLATED)
_125183_/RESET_B                        1.500000    2.089712   -0.589712 (VIOLATED)
ANTENNA_1584/DIODE                      1.500000    2.081823   -0.581823 (VIOLATED)
_125181_/RESET_B                        1.500000    2.081001   -0.581001 (VIOLATED)
load_slew505/A                          1.500000    2.073678   -0.573678 (VIOLATED)
ANTENNA_2616/DIODE                      1.500000    2.057229   -0.557229 (VIOLATED)
ANTENNA_2819/DIODE                      1.500000    2.057021   -0.557021 (VIOLATED)
clkbuf_leaf_12_clk_i/A                  1.500000    2.056972   -0.556972 (VIOLATED)
ANTENNA_2614/DIODE                      1.500000    2.056819   -0.556819 (VIOLATED)
ANTENNA_2611/DIODE                      1.500000    2.055196   -0.555196 (VIOLATED)
ANTENNA_2609/DIODE                      1.500000    2.054769   -0.554769 (VIOLATED)
ANTENNA_2606/DIODE                      1.500000    2.053920   -0.553920 (VIOLATED)
load_slew473/A                          1.500000    2.053394   -0.553394 (VIOLATED)
ANTENNA_2607/DIODE                      1.500000    2.053028   -0.553028 (VIOLATED)
ANTENNA_2608/DIODE                      1.500000    2.052569   -0.552569 (VIOLATED)
_125834_/RESET_B                        1.500000    2.050526   -0.550526 (VIOLATED)
ANTENNA_2610/DIODE                      1.500000    2.049732   -0.549732 (VIOLATED)
ANTENNA_2612/DIODE                      1.500000    2.039244   -0.539244 (VIOLATED)
ANTENNA_2626/DIODE                      1.500000    2.036827   -0.536827 (VIOLATED)
load_slew521/A                          1.500000    2.035756   -0.535756 (VIOLATED)
ANTENNA_2613/DIODE                      1.500000    2.032898   -0.532898 (VIOLATED)
wire1487/A                              1.500000    2.031001   -0.531002 (VIOLATED)
ANTENNA_3016/DIODE                      1.500000    2.030840   -0.530841 (VIOLATED)
ANTENNA_2615/DIODE                      1.500000    2.026106   -0.526106 (VIOLATED)
clkbuf_leaf_0_clk_i/A                   1.500000    2.005433   -0.505433 (VIOLATED)
ANTENNA_2259/DIODE                      1.500000    2.005335   -0.505335 (VIOLATED)
_060963_/B1                             1.500000    2.004646   -0.504646 (VIOLATED)
_061100_/B2                             1.500000    2.004619   -0.504619 (VIOLATED)
ANTENNA_2181/DIODE                      1.500000    2.004526   -0.504526 (VIOLATED)
_061016_/B2                             1.500000    2.004088   -0.504088 (VIOLATED)
_061038_/B2                             1.500000    2.002613   -0.502613 (VIOLATED)
_060937_/A1                             1.500000    2.002378   -0.502378 (VIOLATED)
clkbuf_leaf_1_clk_i/A                   1.500000    1.995966   -0.495966 (VIOLATED)
_060849_/B2                             1.500000    1.989676   -0.489676 (VIOLATED)
_060784_/C1                             1.500000    1.979803   -0.479804 (VIOLATED)
_060773_/C1                             1.500000    1.977700   -0.477700 (VIOLATED)
_057372_/A                              1.500000    1.973132   -0.473132 (VIOLATED)
wire1471/A                              1.500000    1.969168   -0.469168 (VIOLATED)
wire1480/A                              1.500000    1.959205   -0.459205 (VIOLATED)
wire626/A                               1.500000    1.951305   -0.451305 (VIOLATED)
ANTENNA_1595/DIODE                      1.500000    1.951231   -0.451232 (VIOLATED)
ANTENNA_1601/DIODE                      1.500000    1.951227   -0.451227 (VIOLATED)
ANTENNA_1597/DIODE                      1.500000    1.951059   -0.451059 (VIOLATED)
ANTENNA_1593/DIODE                      1.500000    1.951055   -0.451055 (VIOLATED)
ANTENNA_1592/DIODE                      1.500000    1.950970   -0.450970 (VIOLATED)
ANTENNA_1599/DIODE                      1.500000    1.950959   -0.450959 (VIOLATED)
ANTENNA_1602/DIODE                      1.500000    1.950843   -0.450843 (VIOLATED)
ANTENNA_1600/DIODE                      1.500000    1.950834   -0.450834 (VIOLATED)
ANTENNA_1598/DIODE                      1.500000    1.950825   -0.450825 (VIOLATED)
ANTENNA_1596/DIODE                      1.500000    1.950814   -0.450814 (VIOLATED)
ANTENNA_1594/DIODE                      1.500000    1.950484   -0.450484 (VIOLATED)
ANTENNA_1272/DIODE                      1.500000    1.938956   -0.438956 (VIOLATED)
ANTENNA_1270/DIODE                      1.500000    1.938954   -0.438954 (VIOLATED)
ANTENNA_1271/DIODE                      1.500000    1.938952   -0.438952 (VIOLATED)
ANTENNA_1268/DIODE                      1.500000    1.938935   -0.438935 (VIOLATED)
ANTENNA_1269/DIODE                      1.500000    1.938930   -0.438930 (VIOLATED)
ANTENNA_1267/DIODE                      1.500000    1.938785   -0.438785 (VIOLATED)
ANTENNA_1266/DIODE                      1.500000    1.938778   -0.438778 (VIOLATED)
ANTENNA_1265/DIODE                      1.500000    1.938570   -0.438570 (VIOLATED)
ANTENNA_1264/DIODE                      1.500000    1.938318   -0.438318 (VIOLATED)
_091151_/A1                             1.500000    1.938317   -0.438317 (VIOLATED)
ANTENNA_1263/DIODE                      1.500000    1.937934   -0.437934 (VIOLATED)
ANTENNA_1262/DIODE                      1.500000    1.937453   -0.437453 (VIOLATED)
ANTENNA_558/DIODE                       1.500000    1.926296   -0.426296 (VIOLATED)
ANTENNA_557/DIODE                       1.500000    1.926295   -0.426295 (VIOLATED)
ANTENNA_556/DIODE                       1.500000    1.926295   -0.426295 (VIOLATED)
ANTENNA_555/DIODE                       1.500000    1.926294   -0.426294 (VIOLATED)
ANTENNA_554/DIODE                       1.500000    1.926294   -0.426294 (VIOLATED)
ANTENNA_553/DIODE                       1.500000    1.926293   -0.426293 (VIOLATED)
ANTENNA_550/DIODE                       1.500000    1.926291   -0.426291 (VIOLATED)
ANTENNA_548/DIODE                       1.500000    1.926290   -0.426290 (VIOLATED)
_089405_/A1                             1.500000    1.926290   -0.426290 (VIOLATED)
ANTENNA_549/DIODE                       1.500000    1.926282   -0.426282 (VIOLATED)
ANTENNA_551/DIODE                       1.500000    1.926280   -0.426280 (VIOLATED)
ANTENNA_552/DIODE                       1.500000    1.926278   -0.426278 (VIOLATED)
wire440/A                               1.500000    1.920791   -0.420791 (VIOLATED)
_089404_/X                              1.506058    1.920183   -0.414125 (VIOLATED)
ANTENNA_1585/DIODE                      1.500000    1.907699   -0.407699 (VIOLATED)
ANTENNA_3032/DIODE                      1.500000    1.904637   -0.404637 (VIOLATED)
_060756_/A2                             1.500000    1.904630   -0.404630 (VIOLATED)
ANTENNA_3033/DIODE                      1.500000    1.904504   -0.404504 (VIOLATED)
_060767_/A2                             1.500000    1.904242   -0.404242 (VIOLATED)
ANTENNA_3034/DIODE                      1.500000    1.903746   -0.403746 (VIOLATED)
_060778_/A2                             1.500000    1.903424   -0.403424 (VIOLATED)
_060793_/A2                             1.500000    1.902984   -0.402984 (VIOLATED)
load_slew506/A                          1.500000    1.902966   -0.402966 (VIOLATED)
_060811_/A2                             1.500000    1.902255   -0.402255 (VIOLATED)
_060834_/A2                             1.500000    1.899721   -0.399721 (VIOLATED)
_060847_/A2                             1.500000    1.899060   -0.399060 (VIOLATED)
_060863_/A2                             1.500000    1.896407   -0.396407 (VIOLATED)
_060882_/A2                             1.500000    1.894921   -0.394921 (VIOLATED)
_060912_/A2                             1.500000    1.892711   -0.392711 (VIOLATED)
_060932_/A2                             1.500000    1.890313   -0.390313 (VIOLATED)
wire536/A                               1.500000    1.890310   -0.390310 (VIOLATED)
ANTENNA_2954/DIODE                      1.500000    1.890240   -0.390241 (VIOLATED)
_060949_/A2                             1.500000    1.885634   -0.385634 (VIOLATED)
_060958_/A2                             1.500000    1.884379   -0.384379 (VIOLATED)
_062000_/A1                             1.500000    1.883750   -0.383750 (VIOLATED)
wire581/A                               1.500000    1.881187   -0.381187 (VIOLATED)
_060984_/A2                             1.500000    1.880871   -0.380871 (VIOLATED)
ANTENNA_1807/DIODE                      1.500000    1.876262   -0.376262 (VIOLATED)
_061999_/X                              1.506058    1.882008   -0.375950 (VIOLATED)
load_slew567/A                          1.500000    1.873345   -0.373345 (VIOLATED)
ANTENNA_1274/DIODE                      1.500000    1.873308   -0.373308 (VIOLATED)
_061007_/A2                             1.500000    1.872558   -0.372558 (VIOLATED)
load_slew571/A                          1.500000    1.871299   -0.371299 (VIOLATED)
load_slew441/A                          1.500000    1.871055   -0.371055 (VIOLATED)
wire573/A                               1.500000    1.869756   -0.369756 (VIOLATED)
_061014_/A2                             1.500000    1.868480   -0.368480 (VIOLATED)
_061024_/A2                             1.500000    1.866594   -0.366594 (VIOLATED)
ANTENNA_1183/DIODE                      1.500000    1.865161   -0.365161 (VIOLATED)
ANTENNA_1181/DIODE                      1.500000    1.865146   -0.365146 (VIOLATED)
_091162_/A1                             1.500000    1.865090   -0.365090 (VIOLATED)
ANTENNA_1176/DIODE                      1.500000    1.865075   -0.365076 (VIOLATED)
ANTENNA_1175/DIODE                      1.500000    1.865062   -0.365062 (VIOLATED)
ANTENNA_1177/DIODE                      1.500000    1.864935   -0.364935 (VIOLATED)
ANTENNA_1178/DIODE                      1.500000    1.864899   -0.364899 (VIOLATED)
ANTENNA_1179/DIODE                      1.500000    1.864868   -0.364868 (VIOLATED)
ANTENNA_1180/DIODE                      1.500000    1.864747   -0.364747 (VIOLATED)
ANTENNA_1182/DIODE                      1.500000    1.864708   -0.364708 (VIOLATED)
ANTENNA_1184/DIODE                      1.500000    1.864656   -0.364656 (VIOLATED)
_061036_/A2                             1.500000    1.864413   -0.364413 (VIOLATED)
ANTENNA_1185/DIODE                      1.500000    1.863949   -0.363949 (VIOLATED)
_061047_/A2                             1.500000    1.862339   -0.362339 (VIOLATED)
load_slew1486/A                         1.500000    1.861610   -0.361610 (VIOLATED)
ANTENNA_1778/DIODE                      1.500000    1.859466   -0.359466 (VIOLATED)
wire1473/A                              1.500000    1.859282   -0.359282 (VIOLATED)
ANTENNA_1777/DIODE                      1.500000    1.859005   -0.359005 (VIOLATED)
ANTENNA_1779/DIODE                      1.500000    1.858238   -0.358238 (VIOLATED)
wire1458/A                              1.500000    1.857422   -0.357422 (VIOLATED)
ANTENNA_2704/DIODE                      1.500000    1.857273   -0.357273 (VIOLATED)
ANTENNA_1771/DIODE                      1.500000    1.854904   -0.354904 (VIOLATED)
_090698_/A0                             1.500000    1.853927   -0.353927 (VIOLATED)
_061098_/A2                             1.500000    1.853488   -0.353488 (VIOLATED)
ANTENNA_1772/DIODE                      1.500000    1.853295   -0.353295 (VIOLATED)
ANTENNA_1773/DIODE                      1.500000    1.853279   -0.353279 (VIOLATED)
_061125_/A2                             1.500000    1.852337   -0.352337 (VIOLATED)
_061104_/A2                             1.500000    1.852292   -0.352292 (VIOLATED)
load_slew627/A                          1.500000    1.848944   -0.348944 (VIOLATED)
u_data_ram.g_sram[2].u_macro/addr1[0]    0.040000    0.386639   -0.346639 (VIOLATED)
_091246_/C1                             1.500000    1.846117   -0.346117 (VIOLATED)
_091235_/B1                             1.500000    1.846034   -0.346034 (VIOLATED)
_091249_/C1                             1.500000    1.845834   -0.345834 (VIOLATED)
_091252_/B1                             1.500000    1.844212   -0.344212 (VIOLATED)
_091256_/C1                             1.500000    1.843389   -0.343389 (VIOLATED)
_091258_/C1                             1.500000    1.841764   -0.341764 (VIOLATED)
_091260_/C1                             1.500000    1.841515   -0.341515 (VIOLATED)
_091262_/C1                             1.500000    1.840975   -0.340975 (VIOLATED)
_091264_/C1                             1.500000    1.840852   -0.340852 (VIOLATED)
_062210_/A2                             1.500000    1.840681   -0.340681 (VIOLATED)
wire450/A                               1.500000    1.839288   -0.339289 (VIOLATED)
_091272_/C1                             1.500000    1.838152   -0.338153 (VIOLATED)
ANTENNA_2955/DIODE                      1.500000    1.837573   -0.337573 (VIOLATED)
_091270_/C1                             1.500000    1.834223   -0.334223 (VIOLATED)
_091268_/C1                             1.500000    1.834030   -0.334030 (VIOLATED)
_091266_/C1                             1.500000    1.833874   -0.333874 (VIOLATED)
_101755_/A2                             1.500000    1.833407   -0.333407 (VIOLATED)
_101756_/A1                             1.500000    1.833268   -0.333268 (VIOLATED)
_102900_/A1                             1.500000    1.833217   -0.333217 (VIOLATED)
_102362_/A1                             1.500000    1.833202   -0.333202 (VIOLATED)
_102361_/A1                             1.500000    1.833187   -0.333187 (VIOLATED)
load_slew537/A                          1.500000    1.832503   -0.332503 (VIOLATED)
_103398_/A1                             1.500000    1.832457   -0.332457 (VIOLATED)
ANTENNA_2627/DIODE                      1.500000    1.832133   -0.332133 (VIOLATED)
_060988_/A2                             1.500000    1.831813   -0.331813 (VIOLATED)
load_slew522/A                          1.500000    1.831593   -0.331593 (VIOLATED)
_103801_/A1                             1.500000    1.830132   -0.330132 (VIOLATED)
_062186_/A2                             1.500000    1.828682   -0.328682 (VIOLATED)
ANTENNA_1201/DIODE                      1.500000    1.827389   -0.327389 (VIOLATED)
ANTENNA_1198/DIODE                      1.500000    1.827230   -0.327230 (VIOLATED)
_091165_/A1                             1.500000    1.827137   -0.327137 (VIOLATED)
_105873_/A1                             1.500000    1.827090   -0.327090 (VIOLATED)
ANTENNA_1197/DIODE                      1.500000    1.827061   -0.327061 (VIOLATED)
ANTENNA_1199/DIODE                      1.500000    1.826865   -0.326865 (VIOLATED)
ANTENNA_1200/DIODE                      1.500000    1.826826   -0.326826 (VIOLATED)
ANTENNA_1202/DIODE                      1.500000    1.826764   -0.326764 (VIOLATED)
ANTENNA_1203/DIODE                      1.500000    1.826713   -0.326713 (VIOLATED)
ANTENNA_1204/DIODE                      1.500000    1.826663   -0.326663 (VIOLATED)
ANTENNA_1205/DIODE                      1.500000    1.826607   -0.326607 (VIOLATED)
ANTENNA_1207/DIODE                      1.500000    1.826568   -0.326568 (VIOLATED)
ANTENNA_1206/DIODE                      1.500000    1.826565   -0.326565 (VIOLATED)
clkbuf_leaf_10_clk_i/A                  1.500000    1.825776   -0.325776 (VIOLATED)
_105167_/A1                             1.500000    1.819370   -0.319370 (VIOLATED)
load_slew474/A                          1.500000    1.817764   -0.317764 (VIOLATED)
load_slew1470/A                         1.500000    1.814770   -0.314770 (VIOLATED)
ANTENNA_1775/DIODE                      1.500000    1.814729   -0.314729 (VIOLATED)
u_npu.u_npu_sram.g_sram[9].u_macro/addr1[1]    0.040000    0.349892   -0.309892 (VIOLATED)
clkbuf_leaf_9_clk_i/A                   1.500000    1.807379   -0.307379 (VIOLATED)
_062006_/A1                             1.500000    1.805039   -0.305039 (VIOLATED)
wire620/A                               1.500000    1.800150   -0.300150 (VIOLATED)
wire638/A                               1.500000    1.798646   -0.298646 (VIOLATED)
ANTENNA_2646/DIODE                      1.500000    1.798604   -0.298604 (VIOLATED)
_062005_/X                              1.506058    1.803501   -0.297443 (VIOLATED)
_061044_/A2                             1.500000    1.795399   -0.295399 (VIOLATED)
load_slew451/A                          1.500000    1.788588   -0.288588 (VIOLATED)
_091274_/C1                             1.500000    1.785059   -0.285059 (VIOLATED)
ANTENNA_566/DIODE                       1.500000    1.784901   -0.284901 (VIOLATED)
_091276_/C1                             1.500000    1.784811   -0.284811 (VIOLATED)
ANTENNA_567/DIODE                       1.500000    1.784144   -0.284144 (VIOLATED)
_091278_/C1                             1.500000    1.783838   -0.283838 (VIOLATED)
ANTENNA_568/DIODE                       1.500000    1.783048   -0.283048 (VIOLATED)
_091163_/A1                             1.500000    1.774599   -0.274599 (VIOLATED)
load_slew582/A                          1.500000    1.773820   -0.273820 (VIOLATED)
wire1482/A                              1.500000    1.770167   -0.270167 (VIOLATED)
ANTENNA_1795/DIODE                      1.500000    1.770037   -0.270037 (VIOLATED)
ANTENNA_1794/DIODE                      1.500000    1.770035   -0.270035 (VIOLATED)
ANTENNA_1797/DIODE                      1.500000    1.769901   -0.269901 (VIOLATED)
ANTENNA_1796/DIODE                      1.500000    1.769897   -0.269898 (VIOLATED)
ANTENNA_1803/DIODE                      1.500000    1.769833   -0.269833 (VIOLATED)
ANTENNA_1802/DIODE                      1.500000    1.769828   -0.269828 (VIOLATED)
ANTENNA_1801/DIODE                      1.500000    1.769823   -0.269823 (VIOLATED)
ANTENNA_1798/DIODE                      1.500000    1.769820   -0.269820 (VIOLATED)
ANTENNA_1800/DIODE                      1.500000    1.769818   -0.269818 (VIOLATED)
ANTENNA_1804/DIODE                      1.500000    1.769762   -0.269762 (VIOLATED)
ANTENNA_1799/DIODE                      1.500000    1.769618   -0.269618 (VIOLATED)
ANTENNA_1808/DIODE                      1.500000    1.768253   -0.268253 (VIOLATED)
_090697_/A0                             1.500000    1.766456   -0.266456 (VIOLATED)
ANTENNA_2705/DIODE                      1.500000    1.756635   -0.256635 (VIOLATED)
load_slew1459/A                         1.500000    1.756400   -0.256400 (VIOLATED)
ANTENNA_1792/DIODE                      1.500000    1.754822   -0.254822 (VIOLATED)
_124711_/RESET_B                        1.500000    1.754097   -0.254097 (VIOLATED)
_124710_/RESET_B                        1.500000    1.753996   -0.253996 (VIOLATED)
_124679_/RESET_B                        1.500000    1.753810   -0.253810 (VIOLATED)
_124678_/RESET_B                        1.500000    1.753801   -0.253801 (VIOLATED)
_124676_/RESET_B                        1.500000    1.753508   -0.253508 (VIOLATED)
_124677_/RESET_B                        1.500000    1.753217   -0.253217 (VIOLATED)
_124712_/RESET_B                        1.500000    1.753185   -0.253185 (VIOLATED)
_124680_/RESET_B                        1.500000    1.752197   -0.252197 (VIOLATED)
rebuffer6375/A                          1.500000    1.751886   -0.251886 (VIOLATED)
_124709_/RESET_B                        1.500000    1.751699   -0.251699 (VIOLATED)
ANTENNA_1249/DIODE                      1.500000    1.751230   -0.251230 (VIOLATED)
ANTENNA_1247/DIODE                      1.500000    1.751219   -0.251220 (VIOLATED)
ANTENNA_1246/DIODE                      1.500000    1.751194   -0.251194 (VIOLATED)
ANTENNA_1242/DIODE                      1.500000    1.751106   -0.251106 (VIOLATED)
_124675_/RESET_B                        1.500000    1.751012   -0.251013 (VIOLATED)
_124616_/RESET_B                        1.500000    1.751007   -0.251007 (VIOLATED)
ANTENNA_1241/DIODE                      1.500000    1.750869   -0.250869 (VIOLATED)
_091146_/A1                             1.500000    1.750728   -0.250728 (VIOLATED)
ANTENNA_1239/DIODE                      1.500000    1.750621   -0.250622 (VIOLATED)
ANTENNA_1240/DIODE                      1.500000    1.750582   -0.250583 (VIOLATED)
ANTENNA_1243/DIODE                      1.500000    1.750398   -0.250398 (VIOLATED)
ANTENNA_1244/DIODE                      1.500000    1.750356   -0.250356 (VIOLATED)
ANTENNA_1245/DIODE                      1.500000    1.750313   -0.250313 (VIOLATED)
ANTENNA_1248/DIODE                      1.500000    1.750028   -0.250028 (VIOLATED)
_124648_/RESET_B                        1.500000    1.749730   -0.249730 (VIOLATED)
_060873_/C1                             1.500000    1.748378   -0.248378 (VIOLATED)
_061089_/C1                             1.500000    1.748244   -0.248244 (VIOLATED)
_124615_/RESET_B                        1.500000    1.747979   -0.247979 (VIOLATED)
_124672_/RESET_B                        1.500000    1.747952   -0.247952 (VIOLATED)
_124671_/RESET_B                        1.500000    1.747792   -0.247792 (VIOLATED)
_124703_/RESET_B                        1.500000    1.747635   -0.247635 (VIOLATED)
_124673_/RESET_B                        1.500000    1.747614   -0.247614 (VIOLATED)
_124704_/RESET_B                        1.500000    1.747472   -0.247472 (VIOLATED)
_124705_/RESET_B                        1.500000    1.747430   -0.247430 (VIOLATED)
_124674_/RESET_B                        1.500000    1.746746   -0.246747 (VIOLATED)
_124647_/RESET_B                        1.500000    1.746128   -0.246128 (VIOLATED)
load_slew1488/A                         1.500000    1.745985   -0.245985 (VIOLATED)
_124706_/RESET_B                        1.500000    1.745973   -0.245973 (VIOLATED)
_124707_/RESET_B                        1.500000    1.745838   -0.245838 (VIOLATED)
_124646_/RESET_B                        1.500000    1.743529   -0.243529 (VIOLATED)
ANTENNA_1219/DIODE                      1.500000    1.742903   -0.242903 (VIOLATED)
ANTENNA_1221/DIODE                      1.500000    1.742870   -0.242870 (VIOLATED)
_091168_/A1                             1.500000    1.742854   -0.242854 (VIOLATED)
ANTENNA_1216/DIODE                      1.500000    1.742781   -0.242781 (VIOLATED)
ANTENNA_1217/DIODE                      1.500000    1.742709   -0.242709 (VIOLATED)
ANTENNA_1220/DIODE                      1.500000    1.742708   -0.242709 (VIOLATED)
ANTENNA_1218/DIODE                      1.500000    1.742663   -0.242663 (VIOLATED)
_124644_/RESET_B                        1.500000    1.742316   -0.242316 (VIOLATED)
_124614_/RESET_B                        1.500000    1.740933   -0.240933 (VIOLATED)
load_slew1479/A                         1.500000    1.740341   -0.240341 (VIOLATED)
_062200_/B2                             1.500000    1.739933   -0.239933 (VIOLATED)
load_slew574/A                          1.500000    1.739310   -0.239310 (VIOLATED)
_124708_/RESET_B                        1.500000    1.739214   -0.239214 (VIOLATED)
_124645_/RESET_B                        1.500000    1.738729   -0.238729 (VIOLATED)
_060974_/C1                             1.500000    1.737537   -0.237537 (VIOLATED)
_124613_/RESET_B                        1.500000    1.732280   -0.232280 (VIOLATED)
_111373_/B2                             1.500000    1.730786   -0.230787 (VIOLATED)
_111153_/C1                             1.500000    1.730682   -0.230683 (VIOLATED)
_111209_/C1                             1.500000    1.729793   -0.229793 (VIOLATED)
_111418_/C1                             1.500000    1.728633   -0.228633 (VIOLATED)
_111564_/C1                             1.500000    1.727362   -0.227362 (VIOLATED)
ANTENNA_1227/DIODE                      1.500000    1.726351   -0.226351 (VIOLATED)
ANTENNA_1226/DIODE                      1.500000    1.726319   -0.226319 (VIOLATED)
ANTENNA_1225/DIODE                      1.500000    1.726239   -0.226239 (VIOLATED)
ANTENNA_1223/DIODE                      1.500000    1.726207   -0.226208 (VIOLATED)
_126454_/D                              1.500000    1.726171   -0.226171 (VIOLATED)
ANTENNA_1224/DIODE                      1.500000    1.726142   -0.226142 (VIOLATED)
ANTENNA_1222/DIODE                      1.500000    1.726007   -0.226007 (VIOLATED)
_111482_/C1                             1.500000    1.724897   -0.224897 (VIOLATED)
_060760_/B1                             1.500000    1.724823   -0.224824 (VIOLATED)
_111480_/B2                             1.500000    1.723011   -0.223011 (VIOLATED)
_124612_/RESET_B                        1.500000    1.722223   -0.222223 (VIOLATED)
_062395_/X                              1.508011    1.725915   -0.217904 (VIOLATED)
_111377_/C1                             1.500000    1.717883   -0.217883 (VIOLATED)
_060807_/C1                             1.500000    1.716644   -0.216644 (VIOLATED)
_124643_/RESET_B                        1.500000    1.715237   -0.215237 (VIOLATED)
_111206_/B2                             1.500000    1.714740   -0.214740 (VIOLATED)
clkbuf_leaf_6_clk_i/A                   1.500000    1.714627   -0.214627 (VIOLATED)
_124611_/RESET_B                        1.500000    1.714335   -0.214335 (VIOLATED)
_111161_/C1                             1.500000    1.710713   -0.210713 (VIOLATED)
load_slew621/A                          1.500000    1.710169   -0.210169 (VIOLATED)
_111168_/A1                             1.500000    1.708036   -0.208036 (VIOLATED)
_062309_/A2                             1.500000    1.706391   -0.206391 (VIOLATED)
clkbuf_leaf_7_clk_i/A                   1.500000    1.705700   -0.205700 (VIOLATED)
ANTENNA_2262/DIODE                      1.500000    1.705663   -0.205663 (VIOLATED)
_060853_/A                              1.500000    1.705623   -0.205623 (VIOLATED)
_060787_/A                              1.500000    1.705507   -0.205507 (VIOLATED)
_124610_/RESET_B                        1.500000    1.703944   -0.203944 (VIOLATED)
load_slew442/A                          1.500000    1.703494   -0.203494 (VIOLATED)
_061062_/C1                             1.500000    1.703109   -0.203109 (VIOLATED)
_089361_/A1                             1.500000    1.701800   -0.201800 (VIOLATED)
ANTENNA_2355/DIODE                      1.500000    1.701795   -0.201795 (VIOLATED)
_124642_/RESET_B                        1.500000    1.701036   -0.201036 (VIOLATED)
_124641_/RESET_B                        1.500000    1.700991   -0.200991 (VIOLATED)
_111468_/C1                             1.500000    1.700549   -0.200549 (VIOLATED)
_124609_/RESET_B                        1.500000    1.699104   -0.199104 (VIOLATED)
_111547_/C1                             1.500000    1.698820   -0.198820 (VIOLATED)
_111245_/A1                             1.500000    1.696550   -0.196550 (VIOLATED)
ANTENNA_1605/DIODE                      1.500000    1.694941   -0.194941 (VIOLATED)
load_slew639/A                          1.500000    1.694847   -0.194847 (VIOLATED)
ANTENNA_2647/DIODE                      1.500000    1.694842   -0.194842 (VIOLATED)
_091161_/A1                             1.500000    1.692375   -0.192375 (VIOLATED)
ANTENNA_2263/DIODE                      1.500000    1.690524   -0.190524 (VIOLATED)
_111436_/C1                             1.500000    1.690457   -0.190457 (VIOLATED)
_111504_/C1                             1.500000    1.689715   -0.189715 (VIOLATED)
_111179_/C1                             1.500000    1.689588   -0.189588 (VIOLATED)
ANTENNA_2849/DIODE                      1.500000    1.689418   -0.189418 (VIOLATED)
_061994_/A1                             1.500000    1.689411   -0.189411 (VIOLATED)
u_instruction_ram.g_sram[0].u_macro/wmask0[3]    0.040000    0.229101   -0.189101 (VIOLATED)
clkbuf_leaf_8_clk_i/A                   1.500000    1.688516   -0.188516 (VIOLATED)
load_slew507/A                          1.500000    1.687393   -0.187393 (VIOLATED)
ANTENNA_1586/DIODE                      1.500000    1.687265   -0.187265 (VIOLATED)
_060816_/A                              1.500000    1.687229   -0.187229 (VIOLATED)
_061002_/A                              1.500000    1.686786   -0.186786 (VIOLATED)
_062234_/A2                             1.500000    1.686067   -0.186067 (VIOLATED)
ANTENNA_2180/DIODE                      1.500000    1.685584   -0.185584 (VIOLATED)
_060857_/A                              1.500000    1.685164   -0.185165 (VIOLATED)
_111283_/C1                             1.500000    1.684813   -0.184813 (VIOLATED)
clkbuf_0_clk_i/A                        1.500000    1.684801   -0.184802 (VIOLATED)
_091315_/A0                             1.500000    1.684595   -0.184595 (VIOLATED)
ANTENNA_784/DIODE                       1.500000    1.684585   -0.184585 (VIOLATED)
_125958_/D                              1.500000    1.684570   -0.184570 (VIOLATED)
_124697_/RESET_B                        1.500000    1.684176   -0.184176 (VIOLATED)
_124640_/RESET_B                        1.500000    1.683994   -0.183994 (VIOLATED)
_124696_/RESET_B                        1.500000    1.683398   -0.183398 (VIOLATED)
_060842_/A                              1.500000    1.681676   -0.181676 (VIOLATED)
_111309_/C1                             1.500000    1.681452   -0.181452 (VIOLATED)
_062004_/A1                             1.500000    1.679619   -0.179619 (VIOLATED)
_061993_/X                              1.506058    1.685002   -0.178944 (VIOLATED)
u_data_ram.g_sram[0].u_macro/wmask0[1]    0.040000    0.217969   -0.177969 (VIOLATED)
_111402_/A1                             1.500000    1.672613   -0.172613 (VIOLATED)
u_instruction_ram.g_sram[2].u_macro/addr1[1]    0.040000    0.211970   -0.171970 (VIOLATED)
_124608_/RESET_B                        1.500000    1.671555   -0.171555 (VIOLATED)
clkbuf_leaf_5_clk_i/A                   1.500000    1.670237   -0.170237 (VIOLATED)
clkbuf_leaf_11_clk_i/A                  1.500000    1.669820   -0.169820 (VIOLATED)
ANTENNA_2264/DIODE                      1.500000    1.669800   -0.169800 (VIOLATED)
_060830_/C1                             1.500000    1.667216   -0.167216 (VIOLATED)
ANTENNA_2956/DIODE                      1.500000    1.665523   -0.165523 (VIOLATED)
_089360_/X                              1.506058    1.670723   -0.164665 (VIOLATED)
hold15116/X                             1.499524    1.662248   -0.162724 (VIOLATED)
load_slew523/A                          1.500000    1.660717   -0.160717 (VIOLATED)
_101412_/Y                              1.496926    1.657588   -0.160662 (VIOLATED)
_126447_/D                              1.500000    1.660602   -0.160602 (VIOLATED)
_111459_/A1                             1.500000    1.660590   -0.160590 (VIOLATED)
ANTENNA_2628/DIODE                      1.500000    1.660457   -0.160457 (VIOLATED)
ANTENNA_2567/DIODE                      1.500000    1.659990   -0.159990 (VIOLATED)
_111173_/B2                             1.500000    1.659968   -0.159968 (VIOLATED)
load_slew538/A                          1.500000    1.659925   -0.159925 (VIOLATED)
_111475_/A1                             1.500000    1.659383   -0.159383 (VIOLATED)
ANTENNA_2565/DIODE                      1.500000    1.659357   -0.159357 (VIOLATED)
ANTENNA_2265/DIODE                      1.500000    1.658956   -0.158956 (VIOLATED)
_111240_/B2                             1.500000    1.658651   -0.158651 (VIOLATED)
clkload0/A                              1.500000    1.658592   -0.158592 (VIOLATED)
ANTENNA_2561/DIODE                      1.500000    1.658429   -0.158429 (VIOLATED)
_060922_/C1                             1.500000    1.658316   -0.158316 (VIOLATED)
ANTENNA_2562/DIODE                      1.500000    1.658124   -0.158124 (VIOLATED)
ANTENNA_2563/DIODE                      1.500000    1.658124   -0.158124 (VIOLATED)
ANTENNA_2564/DIODE                      1.500000    1.658124   -0.158124 (VIOLATED)
ANTENNA_2566/DIODE                      1.500000    1.658124   -0.158124 (VIOLATED)
_126437_/D                              1.500000    1.658124   -0.158124 (VIOLATED)
_111448_/C1                             1.500000    1.657994   -0.157994 (VIOLATED)
_058633_/B                              1.500000    1.657718   -0.157718 (VIOLATED)
_058635_/B                              1.500000    1.657712   -0.157712 (VIOLATED)
_058634_/B                              1.500000    1.657600   -0.157600 (VIOLATED)
_091230_/S                              1.500000    1.657502   -0.157502 (VIOLATED)
_091231_/A2                             1.500000    1.657359   -0.157359 (VIOLATED)
_111315_/A1                             1.500000    1.657138   -0.157138 (VIOLATED)
ANTENNA_1196/DIODE                      1.500000    1.656680   -0.156680 (VIOLATED)
ANTENNA_1193/DIODE                      1.500000    1.656679   -0.156679 (VIOLATED)
ANTENNA_1191/DIODE                      1.500000    1.656675   -0.156675 (VIOLATED)
ANTENNA_1189/DIODE                      1.500000    1.656643   -0.156643 (VIOLATED)
ANTENNA_1187/DIODE                      1.500000    1.656613   -0.156613 (VIOLATED)
ANTENNA_1186/DIODE                      1.500000    1.656585   -0.156585 (VIOLATED)
_126449_/D                              1.500000    1.656551   -0.156551 (VIOLATED)
ANTENNA_1195/DIODE                      1.500000    1.656524   -0.156524 (VIOLATED)
ANTENNA_1192/DIODE                      1.500000    1.656524   -0.156524 (VIOLATED)
ANTENNA_1194/DIODE                      1.500000    1.656524   -0.156524 (VIOLATED)
ANTENNA_1190/DIODE                      1.500000    1.656524   -0.156524 (VIOLATED)
ANTENNA_1188/DIODE                      1.500000    1.656523   -0.156523 (VIOLATED)
u_instruction_ram.g_sram[2].u_macro/addr1[0]    0.040000    0.196171   -0.156171 (VIOLATED)
u_data_ram.g_sram[3].u_macro/wmask0[3]    0.040000    0.195889   -0.155889 (VIOLATED)
u_instruction_ram.g_sram[3].u_macro/addr1[6]    0.040000    0.195840   -0.155840 (VIOLATED)
_111393_/C1                             1.500000    1.655490   -0.155490 (VIOLATED)
_062343_/A2                             1.500000    1.654740   -0.154740 (VIOLATED)
_111278_/C1                             1.500000    1.654242   -0.154242 (VIOLATED)
_111554_/C1                             1.500000    1.652382   -0.152382 (VIOLATED)
_062310_/X                              1.508011    1.660367   -0.152356 (VIOLATED)
wire488/A                               1.500000    1.651773   -0.151773 (VIOLATED)
ANTENNA_2949/DIODE                      1.500000    1.651719   -0.151719 (VIOLATED)
_111318_/C1                             1.500000    1.651347   -0.151347 (VIOLATED)
_111383_/C1                             1.500000    1.650664   -0.150664 (VIOLATED)
_062192_/X                              1.508011    1.657841   -0.149830 (VIOLATED)
load_slew452/A                          1.500000    1.649080   -0.149080 (VIOLATED)
_124607_/RESET_B                        1.500000    1.649047   -0.149047 (VIOLATED)
_111496_/C1                             1.500000    1.648377   -0.148377 (VIOLATED)
_062336_/X                              1.508011    1.656367   -0.148356 (VIOLATED)
ANTENNA_2550/DIODE                      1.500000    1.647263   -0.147263 (VIOLATED)
ANTENNA_2547/DIODE                      1.500000    1.647011   -0.147011 (VIOLATED)
ANTENNA_2546/DIODE                      1.500000    1.646982   -0.146982 (VIOLATED)
ANTENNA_2544/DIODE                      1.500000    1.646951   -0.146951 (VIOLATED)
ANTENNA_2541/DIODE                      1.500000    1.646895   -0.146895 (VIOLATED)
_126451_/D                              1.500000    1.646857   -0.146857 (VIOLATED)
ANTENNA_2549/DIODE                      1.500000    1.646845   -0.146845 (VIOLATED)
ANTENNA_2548/DIODE                      1.500000    1.646845   -0.146845 (VIOLATED)
ANTENNA_2545/DIODE                      1.500000    1.646845   -0.146845 (VIOLATED)
ANTENNA_2543/DIODE                      1.500000    1.646844   -0.146844 (VIOLATED)
ANTENNA_2542/DIODE                      1.500000    1.646844   -0.146844 (VIOLATED)
ANTENNA_2540/DIODE                      1.500000    1.646741   -0.146741 (VIOLATED)
_111194_/S                              1.500000    1.645240   -0.145240 (VIOLATED)
clkbuf_1_1_0_clk_i/X                    1.511189    1.655736   -0.144547 (VIOLATED)
_111228_/C1                             1.500000    1.644376   -0.144376 (VIOLATED)
ANTENNA_2537/DIODE                      1.500000    1.644182   -0.144182 (VIOLATED)
ANTENNA_2535/DIODE                      1.500000    1.644182   -0.144182 (VIOLATED)
ANTENNA_2536/DIODE                      1.500000    1.644182   -0.144182 (VIOLATED)
ANTENNA_2533/DIODE                      1.500000    1.644181   -0.144181 (VIOLATED)
ANTENNA_2534/DIODE                      1.500000    1.644181   -0.144182 (VIOLATED)
ANTENNA_2539/DIODE                      1.500000    1.644137   -0.144137 (VIOLATED)
ANTENNA_2538/DIODE                      1.500000    1.644137   -0.144137 (VIOLATED)
ANTENNA_2532/DIODE                      1.500000    1.644133   -0.144133 (VIOLATED)
_126448_/D                              1.500000    1.644131   -0.144131 (VIOLATED)
ANTENNA_2531/DIODE                      1.500000    1.644131   -0.144131 (VIOLATED)
wire576/A                               1.500000    1.643864   -0.143864 (VIOLATED)
u_data_ram.g_sram[3].u_macro/addr1[6]    0.040000    0.183626   -0.143626 (VIOLATED)
u_instruction_ram.g_sram[3].u_macro/addr1[5]    0.040000    0.183586   -0.143586 (VIOLATED)
_060994_/C1                             1.500000    1.643574   -0.143574 (VIOLATED)
wire644/A                               1.500000    1.642435   -0.142435 (VIOLATED)
ANTENNA_1606/DIODE                      1.500000    1.642177   -0.142177 (VIOLATED)
u_data_ram.g_sram[3].u_macro/addr1[2]    0.040000    0.181225   -0.141225 (VIOLATED)
u_instruction_ram.g_sram[3].u_macro/addr1[4]    0.040000    0.181049   -0.141049 (VIOLATED)
_124701_/RESET_B                        1.500000    1.641010   -0.141010 (VIOLATED)
_124702_/RESET_B                        1.500000    1.640792   -0.140792 (VIOLATED)
u_data_ram.g_sram[2].u_macro/wmask0[3]    0.040000    0.180712   -0.140712 (VIOLATED)
_111296_/C1                             1.500000    1.640134   -0.140134 (VIOLATED)
_124670_/RESET_B                        1.500000    1.640064   -0.140064 (VIOLATED)
_124669_/RESET_B                        1.500000    1.639831   -0.139831 (VIOLATED)
_124699_/RESET_B                        1.500000    1.639700   -0.139700 (VIOLATED)
_124700_/RESET_B                        1.500000    1.639582   -0.139582 (VIOLATED)
_058632_/Y                              1.494397    1.633641   -0.139244 (VIOLATED)
u_data_ram.g_sram[2].u_macro/addr1[1]    0.040000    0.179208   -0.139208 (VIOLATED)
wire602/A                               1.500000    1.638809   -0.138809 (VIOLATED)
ANTENNA_2963/DIODE                      1.500000    1.638664   -0.138664 (VIOLATED)
_062360_/X                              1.508011    1.646669   -0.138658 (VIOLATED)
_124698_/RESET_B                        1.500000    1.638542   -0.138542 (VIOLATED)
u_data_ram.g_sram[3].u_macro/wmask0[2]    0.040000    0.177993   -0.137993 (VIOLATED)
_111533_/C1                             1.500000    1.637705   -0.137705 (VIOLATED)
_124639_/RESET_B                        1.500000    1.637245   -0.137245 (VIOLATED)
_089376_/A1                             1.500000    1.636846   -0.136846 (VIOLATED)
u_npu.u_npu_sram.g_sram[14].u_macro/addr1[7]    0.040000    0.176340   -0.136340 (VIOLATED)
_062323_/X                              1.508011    1.643807   -0.135796 (VIOLATED)
_124668_/RESET_B                        1.500000    1.635172   -0.135172 (VIOLATED)
u_npu.u_npu_sram.g_sram[0].u_macro/addr0[6]    0.040000    0.175052   -0.135052 (VIOLATED)
u_npu.u_npu_sram.g_sram[0].u_macro/addr0[3]    0.040000    0.175022   -0.135022 (VIOLATED)
_124638_/RESET_B                        1.500000    1.634940   -0.134940 (VIOLATED)
_062008_/A1                             1.500000    1.632595   -0.132595 (VIOLATED)
u_data_ram.g_sram[0].u_macro/addr0[0]    0.040000    0.172275   -0.132275 (VIOLATED)
u_npu.u_npu_sram.g_sram[6].u_macro/addr0[0]    0.040000    0.172244   -0.132244 (VIOLATED)
_124606_/RESET_B                        1.500000    1.632074   -0.132075 (VIOLATED)
_060844_/A2                             1.500000    1.631968   -0.131968 (VIOLATED)
u_npu.u_npu_sram.g_sram[14].u_macro/addr1[8]    0.040000    0.171357   -0.131357 (VIOLATED)
u_npu.u_npu_sram.g_sram[1].u_macro/wmask0[1]    0.040000    0.171255   -0.131255 (VIOLATED)
u_data_ram.g_sram[3].u_macro/addr1[8]    0.040000    0.171240   -0.131240 (VIOLATED)
_124637_/RESET_B                        1.500000    1.631237   -0.131237 (VIOLATED)
_062003_/X                              1.506058    1.636976   -0.130918 (VIOLATED)
u_npu.u_npu_sram.g_sram[14].u_macro/addr1[6]    0.040000    0.170751   -0.130751 (VIOLATED)
u_npu.u_npu_sram.g_sram[14].u_macro/addr0[6]    0.040000    0.170694   -0.130694 (VIOLATED)
u_npu.u_npu_sram.g_sram[1].u_macro/wmask0[0]    0.040000    0.169940   -0.129940 (VIOLATED)
u_npu.u_npu_sram.g_sram[2].u_macro/addr0[7]    0.040000    0.169807   -0.129807 (VIOLATED)
_126432_/D                              1.500000    1.629245   -0.129245 (VIOLATED)
u_instruction_ram.g_sram[3].u_macro/addr0[6]    0.040000    0.168997   -0.128997 (VIOLATED)
u_instruction_ram.g_sram[1].u_macro/wmask0[2]    0.040000    0.168982   -0.128982 (VIOLATED)
u_npu.u_npu_sram.g_sram[6].u_macro/addr0[4]    0.040000    0.168946   -0.128946 (VIOLATED)
u_npu.u_npu_sram.g_sram[5].u_macro/addr0[0]    0.040000    0.168858   -0.128858 (VIOLATED)
_061078_/C1                             1.500000    1.628857   -0.128857 (VIOLATED)
u_npu.u_npu_sram.g_sram[3].u_macro/wmask0[0]    0.040000    0.168739   -0.128739 (VIOLATED)
u_npu.u_npu_sram.g_sram[14].u_macro/addr1[4]    0.040000    0.168166   -0.128166 (VIOLATED)
u_npu.u_npu_sram.g_sram[7].u_macro/addr0[0]    0.040000    0.167950   -0.127950 (VIOLATED)
u_npu.u_npu_sram.g_sram[5].u_macro/addr1[6]    0.040000    0.167854   -0.127854 (VIOLATED)
u_npu.u_npu_sram.g_sram[5].u_macro/addr1[3]    0.040000    0.167750   -0.127750 (VIOLATED)
u_npu.u_npu_sram.g_sram[11].u_macro/addr0[0]    0.040000    0.167584   -0.127584 (VIOLATED)
u_instruction_ram.g_sram[3].u_macro/addr0[4]    0.040000    0.167364   -0.127364 (VIOLATED)
_124605_/RESET_B                        1.500000    1.626788   -0.126788 (VIOLATED)
u_npu.u_npu_sram.g_sram[6].u_macro/addr0[1]    0.040000    0.166762   -0.126762 (VIOLATED)
u_data_ram.g_sram[2].u_macro/wmask0[1]    0.040000    0.166711   -0.126711 (VIOLATED)
u_data_ram.g_sram[3].u_macro/addr0[3]    0.040000    0.166627   -0.126627 (VIOLATED)
u_npu.u_npu_sram.g_sram[1].u_macro/addr0[3]    0.040000    0.166269   -0.126269 (VIOLATED)
u_npu.u_npu_sram.g_sram[5].u_macro/addr0[1]    0.040000    0.166234   -0.126234 (VIOLATED)
u_npu.u_npu_sram.g_sram[6].u_macro/wmask0[3]    0.040000    0.166120   -0.126120 (VIOLATED)
u_instruction_ram.g_sram[3].u_macro/addr0[3]    0.040000    0.165885   -0.125885 (VIOLATED)
u_npu.u_npu_sram.g_sram[9].u_macro/addr0[0]    0.040000    0.165745   -0.125745 (VIOLATED)
u_instruction_ram.g_sram[3].u_macro/addr0[8]    0.040000    0.165648   -0.125648 (VIOLATED)
u_npu.u_npu_sram.g_sram[0].u_macro/addr0[4]    0.040000    0.165519   -0.125519 (VIOLATED)
u_npu.u_npu_sram.g_sram[1].u_macro/addr0[8]    0.040000    0.165476   -0.125476 (VIOLATED)
u_npu.u_npu_sram.g_sram[10].u_macro/addr1[8]    0.040000    0.165468   -0.125468 (VIOLATED)
u_npu.u_npu_sram.g_sram[6].u_macro/wmask0[2]    0.040000    0.165409   -0.125409 (VIOLATED)
u_npu.u_npu_sram.g_sram[5].u_macro/addr1[2]    0.040000    0.165298   -0.125298 (VIOLATED)
u_instruction_ram.g_sram[3].u_macro/addr1[8]    0.040000    0.165132   -0.125132 (VIOLATED)
u_npu.u_npu_sram.g_sram[5].u_macro/addr1[7]    0.040000    0.164979   -0.124979 (VIOLATED)
u_npu.u_npu_sram.g_sram[2].u_macro/addr1[8]    0.040000    0.164893   -0.124893 (VIOLATED)
u_data_ram.g_sram[3].u_macro/addr0[1]    0.040000    0.164441   -0.124441 (VIOLATED)
u_npu.u_npu_sram.g_sram[9].u_macro/wmask0[0]    0.040000    0.164437   -0.124437 (VIOLATED)
u_npu.u_npu_sram.g_sram[3].u_macro/addr0[7]    0.040000    0.164366   -0.124366 (VIOLATED)
u_instruction_ram.g_sram[3].u_macro/addr1[7]    0.040000    0.164266   -0.124266 (VIOLATED)
u_npu.u_npu_sram.g_sram[3].u_macro/addr0[4]    0.040000    0.164160   -0.124160 (VIOLATED)
u_npu.u_npu_sram.g_sram[10].u_macro/addr0[2]    0.040000    0.164125   -0.124125 (VIOLATED)
u_npu.u_npu_sram.g_sram[6].u_macro/addr0[5]    0.040000    0.164107   -0.124107 (VIOLATED)
u_instruction_ram.g_sram[3].u_macro/addr0[5]    0.040000    0.164058   -0.124058 (VIOLATED)
u_npu.u_npu_sram.g_sram[5].u_macro/addr1[5]    0.040000    0.163826   -0.123826 (VIOLATED)
u_npu.u_npu_sram.g_sram[14].u_macro/addr0[0]    0.040000    0.163796   -0.123796 (VIOLATED)
u_instruction_ram.g_sram[3].u_macro/addr1[2]    0.040000    0.163709   -0.123709 (VIOLATED)
u_npu.u_npu_sram.g_sram[5].u_macro/wmask0[0]    0.040000    0.163674   -0.123674 (VIOLATED)
u_npu.u_npu_sram.g_sram[3].u_macro/addr0[6]    0.040000    0.163608   -0.123608 (VIOLATED)
u_instruction_ram.g_sram[3].u_macro/wmask0[0]    0.040000    0.163557   -0.123558 (VIOLATED)
u_data_ram.g_sram[3].u_macro/addr1[5]    0.040000    0.163317   -0.123317 (VIOLATED)
u_data_ram.g_sram[1].u_macro/wmask0[3]    0.040000    0.163308   -0.123308 (VIOLATED)
_091298_/C1                             1.500000    1.622994   -0.122994 (VIOLATED)
ANTENNA_2358/DIODE                      1.500000    1.622870   -0.122870 (VIOLATED)
u_npu.u_npu_sram.g_sram[4].u_macro/addr0[0]    0.040000    0.162851   -0.122851 (VIOLATED)
u_npu.u_npu_sram.g_sram[1].u_macro/addr0[7]    0.040000    0.162842   -0.122842 (VIOLATED)
u_instruction_ram.g_sram[0].u_macro/wmask0[0]    0.040000    0.162840   -0.122840 (VIOLATED)
_091304_/C1                             1.500000    1.622746   -0.122746 (VIOLATED)
u_instruction_ram.g_sram[1].u_macro/wmask0[0]    0.040000    0.162632   -0.122632 (VIOLATED)
ANTENNA_2359/DIODE                      1.500000    1.622415   -0.122415 (VIOLATED)
u_npu.u_npu_sram.g_sram[2].u_macro/addr0[5]    0.040000    0.162288   -0.122288 (VIOLATED)
u_instruction_ram.g_sram[3].u_macro/wmask0[1]    0.040000    0.162147   -0.122147 (VIOLATED)
u_npu.u_npu_sram.g_sram[6].u_macro/addr0[2]    0.040000    0.162105   -0.122105 (VIOLATED)
u_npu.u_npu_sram.g_sram[0].u_macro/addr0[8]    0.040000    0.162081   -0.122081 (VIOLATED)
u_npu.u_npu_sram.g_sram[1].u_macro/wmask0[3]    0.040000    0.162023   -0.122023 (VIOLATED)
u_npu.u_npu_sram.g_sram[5].u_macro/addr0[2]    0.040000    0.161730   -0.121730 (VIOLATED)
u_npu.u_npu_sram.g_sram[5].u_macro/wmask0[1]    0.040000    0.161706   -0.121706 (VIOLATED)
u_instruction_ram.g_sram[3].u_macro/addr1[3]    0.040000    0.161666   -0.121666 (VIOLATED)
_062007_/X                              1.506058    1.627568   -0.121510 (VIOLATED)
u_data_ram.g_sram[3].u_macro/addr0[7]    0.040000    0.161364   -0.121364 (VIOLATED)
u_instruction_ram.g_sram[3].u_macro/addr0[2]    0.040000    0.161279   -0.121279 (VIOLATED)
u_data_ram.g_sram[0].u_macro/addr0[7]    0.040000    0.161156   -0.121156 (VIOLATED)
u_npu.u_npu_sram.g_sram[10].u_macro/addr1[0]    0.040000    0.161117   -0.121117 (VIOLATED)
u_npu.u_npu_sram.g_sram[3].u_macro/addr0[8]    0.040000    0.161115   -0.121115 (VIOLATED)
_062131_/X                              1.508011    1.629102   -0.121090 (VIOLATED)
u_npu.u_npu_sram.g_sram[10].u_macro/addr0[0]    0.040000    0.160927   -0.120927 (VIOLATED)
u_instruction_ram.g_sram[2].u_macro/wmask0[0]    0.040000    0.160797   -0.120797 (VIOLATED)
u_npu.u_npu_sram.g_sram[5].u_macro/addr1[4]    0.040000    0.160796   -0.120796 (VIOLATED)
u_npu.u_npu_sram.g_sram[3].u_macro/wmask0[3]    0.040000    0.160725   -0.120725 (VIOLATED)
u_npu.u_npu_sram.g_sram[2].u_macro/addr0[4]    0.040000    0.160615   -0.120615 (VIOLATED)
u_npu.u_npu_sram.g_sram[5].u_macro/addr0[7]    0.040000    0.160453   -0.120453 (VIOLATED)
u_npu.u_npu_sram.g_sram[5].u_macro/addr1[8]    0.040000    0.160410   -0.120410 (VIOLATED)
u_instruction_ram.g_sram[1].u_macro/wmask0[1]    0.040000    0.160406   -0.120406 (VIOLATED)
u_data_ram.g_sram[0].u_macro/addr0[6]    0.040000    0.160401   -0.120401 (VIOLATED)
_062226_/A2                             1.500000    1.620325   -0.120325 (VIOLATED)
u_npu.u_npu_sram.g_sram[10].u_macro/addr0[3]    0.040000    0.160211   -0.120211 (VIOLATED)
u_npu.u_npu_sram.g_sram[2].u_macro/addr0[8]    0.040000    0.160110   -0.120110 (VIOLATED)
u_data_ram.g_sram[2].u_macro/wmask0[0]    0.040000    0.159935   -0.119935 (VIOLATED)
u_npu.u_npu_sram.g_sram[4].u_macro/addr0[4]    0.040000    0.159917   -0.119917 (VIOLATED)
u_npu.u_npu_sram.g_sram[2].u_macro/addr1[7]    0.040000    0.159911   -0.119911 (VIOLATED)
u_npu.u_npu_sram.g_sram[5].u_macro/wmask0[2]    0.040000    0.159776   -0.119776 (VIOLATED)
u_data_ram.g_sram[3].u_macro/wmask0[1]    0.040000    0.159673   -0.119673 (VIOLATED)
u_npu.u_npu_sram.g_sram[0].u_macro/wmask0[0]    0.040000    0.159639   -0.119639 (VIOLATED)
u_npu.u_npu_sram.g_sram[4].u_macro/addr0[6]    0.040000    0.159611   -0.119611 (VIOLATED)
u_npu.u_npu_sram.g_sram[11].u_macro/wmask0[3]    0.040000    0.159514   -0.119514 (VIOLATED)
u_npu.u_npu_sram.g_sram[14].u_macro/addr1[2]    0.040000    0.159480   -0.119481 (VIOLATED)
u_data_ram.g_sram[3].u_macro/addr0[8]    0.040000    0.159459   -0.119459 (VIOLATED)
u_data_ram.g_sram[3].u_macro/wmask0[0]    0.040000    0.159446   -0.119446 (VIOLATED)
u_npu.u_npu_sram.g_sram[6].u_macro/addr1[4]    0.040000    0.159409   -0.119409 (VIOLATED)
u_npu.u_npu_sram.g_sram[10].u_macro/addr0[7]    0.040000    0.159390   -0.119390 (VIOLATED)
u_npu.u_npu_sram.g_sram[13].u_macro/addr1[8]    0.040000    0.159372   -0.119372 (VIOLATED)
u_npu.u_npu_sram.g_sram[6].u_macro/addr0[3]    0.040000    0.159129   -0.119129 (VIOLATED)
u_npu.u_npu_sram.g_sram[4].u_macro/addr0[3]    0.040000    0.159121   -0.119121 (VIOLATED)
u_instruction_ram.g_sram[3].u_macro/wmask0[2]    0.040000    0.159111   -0.119111 (VIOLATED)
u_instruction_ram.g_sram[2].u_macro/wmask0[2]    0.040000    0.159056   -0.119056 (VIOLATED)
u_npu.u_npu_sram.g_sram[6].u_macro/wmask0[0]    0.040000    0.158789   -0.118789 (VIOLATED)
u_npu.u_npu_sram.g_sram[0].u_macro/addr0[7]    0.040000    0.158748   -0.118748 (VIOLATED)
u_npu.u_npu_sram.g_sram[9].u_macro/addr1[6]    0.040000    0.158590   -0.118590 (VIOLATED)
u_npu.u_npu_sram.g_sram[10].u_macro/addr1[1]    0.040000    0.158568   -0.118568 (VIOLATED)
u_npu.u_npu_sram.g_sram[2].u_macro/addr0[6]    0.040000    0.158497   -0.118497 (VIOLATED)
u_instruction_ram.g_sram[2].u_macro/wmask0[1]    0.040000    0.158442   -0.118442 (VIOLATED)
u_npu.u_npu_sram.g_sram[7].u_macro/wmask0[3]    0.040000    0.158336   -0.118336 (VIOLATED)
u_data_ram.g_sram[2].u_macro/addr1[7]    0.040000    0.158270   -0.118270 (VIOLATED)
u_npu.u_npu_sram.g_sram[6].u_macro/addr1[8]    0.040000    0.158224   -0.118224 (VIOLATED)
u_data_ram.g_sram[3].u_macro/addr1[4]    0.040000    0.158109   -0.118109 (VIOLATED)
u_npu.u_npu_sram.g_sram[1].u_macro/addr0[6]    0.040000    0.158083   -0.118083 (VIOLATED)
u_npu.u_npu_sram.g_sram[6].u_macro/addr1[6]    0.040000    0.158045   -0.118045 (VIOLATED)
u_npu.u_npu_sram.g_sram[10].u_macro/addr0[6]    0.040000    0.157971   -0.117971 (VIOLATED)
u_npu.u_npu_sram.g_sram[5].u_macro/wmask0[3]    0.040000    0.157912   -0.117912 (VIOLATED)
u_npu.u_npu_sram.g_sram[14].u_macro/addr1[5]    0.040000    0.157839   -0.117839 (VIOLATED)
u_npu.u_npu_sram.g_sram[14].u_macro/addr0[2]    0.040000    0.157743   -0.117743 (VIOLATED)
u_npu.u_npu_sram.g_sram[5].u_macro/addr0[3]    0.040000    0.157725   -0.117725 (VIOLATED)
u_npu.u_npu_sram.g_sram[6].u_macro/addr1[2]    0.040000    0.157464   -0.117464 (VIOLATED)
u_npu.u_npu_sram.g_sram[1].u_macro/addr0[2]    0.040000    0.157438   -0.117438 (VIOLATED)
u_npu.u_npu_sram.g_sram[10].u_macro/addr0[1]    0.040000    0.157236   -0.117236 (VIOLATED)
u_instruction_ram.g_sram[3].u_macro/addr0[7]    0.040000    0.157227   -0.117227 (VIOLATED)
u_npu.u_npu_sram.g_sram[5].u_macro/addr0[6]    0.040000    0.157219   -0.117219 (VIOLATED)
u_npu.u_npu_sram.g_sram[10].u_macro/addr0[5]    0.040000    0.157206   -0.117206 (VIOLATED)
u_npu.u_npu_sram.g_sram[13].u_macro/addr1[7]    0.040000    0.157190   -0.117190 (VIOLATED)
u_npu.u_npu_sram.g_sram[0].u_macro/wmask0[3]    0.040000    0.157113   -0.117113 (VIOLATED)
u_npu.u_npu_sram.g_sram[14].u_macro/addr0[1]    0.040000    0.157017   -0.117018 (VIOLATED)
u_npu.u_npu_sram.g_sram[2].u_macro/addr0[2]    0.040000    0.156975   -0.116975 (VIOLATED)
u_data_ram.g_sram[3].u_macro/addr0[2]    0.040000    0.156925   -0.116926 (VIOLATED)
u_npu.u_npu_sram.g_sram[5].u_macro/addr0[8]    0.040000    0.156906   -0.116906 (VIOLATED)
u_data_ram.g_sram[0].u_macro/addr0[1]    0.040000    0.156655   -0.116655 (VIOLATED)
u_npu.u_npu_sram.g_sram[1].u_macro/wmask0[2]    0.040000    0.156590   -0.116590 (VIOLATED)
u_npu.u_npu_sram.g_sram[6].u_macro/addr0[7]    0.040000    0.156474   -0.116474 (VIOLATED)
u_npu.u_npu_sram.g_sram[8].u_macro/addr0[4]    0.040000    0.156383   -0.116383 (VIOLATED)
u_npu.u_npu_sram.g_sram[5].u_macro/addr0[4]    0.040000    0.156370   -0.116370 (VIOLATED)
u_npu.u_npu_sram.g_sram[9].u_macro/wmask0[2]    0.040000    0.156342   -0.116342 (VIOLATED)
u_npu.u_npu_sram.g_sram[9].u_macro/addr0[4]    0.040000    0.156288   -0.116288 (VIOLATED)
u_npu.u_npu_sram.g_sram[5].u_macro/addr1[0]    0.040000    0.156265   -0.116265 (VIOLATED)
u_npu.u_npu_sram.g_sram[3].u_macro/wmask0[2]    0.040000    0.156249   -0.116249 (VIOLATED)
u_npu.u_npu_sram.g_sram[8].u_macro/addr0[0]    0.040000    0.156213   -0.116213 (VIOLATED)
u_npu.u_npu_sram.g_sram[14].u_macro/wmask0[0]    0.040000    0.156181   -0.116181 (VIOLATED)
u_npu.u_npu_sram.g_sram[4].u_macro/addr0[7]    0.040000    0.156144   -0.116144 (VIOLATED)
u_npu.u_npu_sram.g_sram[0].u_macro/wmask0[1]    0.040000    0.156136   -0.116136 (VIOLATED)
u_data_ram.g_sram[2].u_macro/wmask0[2]    0.040000    0.156027   -0.116027 (VIOLATED)
u_npu.u_npu_sram.g_sram[10].u_macro/addr0[4]    0.040000    0.156010   -0.116010 (VIOLATED)
u_npu.u_npu_sram.g_sram[6].u_macro/addr0[8]    0.040000    0.155821   -0.115821 (VIOLATED)
u_npu.u_npu_sram.g_sram[14].u_macro/addr1[0]    0.040000    0.155777   -0.115777 (VIOLATED)
u_instruction_ram.g_sram[2].u_macro/wmask0[3]    0.040000    0.155634   -0.115634 (VIOLATED)
u_instruction_ram.g_sram[3].u_macro/addr1[1]    0.040000    0.155634   -0.115634 (VIOLATED)
u_instruction_ram.g_sram[0].u_macro/addr0[6]    0.040000    0.155616   -0.115616 (VIOLATED)
u_npu.u_npu_sram.g_sram[4].u_macro/addr0[8]    0.040000    0.155602   -0.115602 (VIOLATED)
u_data_ram.g_sram[2].u_macro/addr1[8]    0.040000    0.155510   -0.115510 (VIOLATED)
u_npu.u_npu_sram.g_sram[14].u_macro/addr0[3]    0.040000    0.155269   -0.115269 (VIOLATED)
u_npu.u_npu_sram.g_sram[10].u_macro/wmask0[0]    0.040000    0.155259   -0.115259 (VIOLATED)
u_npu.u_npu_sram.g_sram[1].u_macro/addr1[8]    0.040000    0.155231   -0.115231 (VIOLATED)
u_instruction_ram.g_sram[1].u_macro/wmask0[3]    0.040000    0.155220   -0.115220 (VIOLATED)
u_npu.u_npu_sram.g_sram[8].u_macro/addr0[7]    0.040000    0.155175   -0.115175 (VIOLATED)
u_npu.u_npu_sram.g_sram[8].u_macro/addr0[3]    0.040000    0.155128   -0.115128 (VIOLATED)
u_npu.u_npu_sram.g_sram[6].u_macro/wmask0[1]    0.040000    0.154952   -0.114952 (VIOLATED)
u_npu.u_npu_sram.g_sram[4].u_macro/addr0[2]    0.040000    0.154935   -0.114935 (VIOLATED)
u_data_ram.g_sram[3].u_macro/addr0[0]    0.040000    0.154863   -0.114863 (VIOLATED)
u_npu.u_npu_sram.g_sram[14].u_macro/addr0[8]    0.040000    0.154826   -0.114826 (VIOLATED)
_061054_/C1                             1.500000    1.614669   -0.114669 (VIOLATED)
u_npu.u_npu_sram.g_sram[2].u_macro/wmask0[0]    0.040000    0.154664   -0.114664 (VIOLATED)
_061117_/C1                             1.500000    1.614641   -0.114641 (VIOLATED)
u_npu.u_npu_sram.g_sram[0].u_macro/wmask0[2]    0.040000    0.154591   -0.114591 (VIOLATED)
u_npu.u_npu_sram.g_sram[8].u_macro/addr0[6]    0.040000    0.154587   -0.114587 (VIOLATED)
u_npu.u_npu_sram.g_sram[14].u_macro/addr0[4]    0.040000    0.154420   -0.114420 (VIOLATED)
clkbuf_regs_0_clk_i/A                   1.500000    1.614417   -0.114417 (VIOLATED)
u_npu.u_npu_sram.g_sram[13].u_macro/wmask0[2]    0.040000    0.154338   -0.114338 (VIOLATED)
u_npu.u_npu_sram.g_sram[14].u_macro/addr1[3]    0.040000    0.154280   -0.114280 (VIOLATED)
u_npu.u_npu_sram.g_sram[4].u_macro/wmask0[3]    0.040000    0.154251   -0.114251 (VIOLATED)
u_npu.u_npu_sram.g_sram[10].u_macro/addr0[8]    0.040000    0.154249   -0.114249 (VIOLATED)
u_npu.u_npu_sram.g_sram[3].u_macro/addr0[3]    0.040000    0.154243   -0.114243 (VIOLATED)
_061111_/C1                             1.500000    1.614122   -0.114122 (VIOLATED)
u_data_ram.g_sram[2].u_macro/addr0[0]    0.040000    0.154090   -0.114090 (VIOLATED)
_061030_/C1                             1.500000    1.614055   -0.114055 (VIOLATED)
u_data_ram.g_sram[3].u_macro/addr0[5]    0.040000    0.153952   -0.113952 (VIOLATED)
u_npu.u_npu_sram.g_sram[5].u_macro/addr1[1]    0.040000    0.153897   -0.113897 (VIOLATED)
u_npu.u_npu_sram.g_sram[2].u_macro/wmask0[3]    0.040000    0.153896   -0.113896 (VIOLATED)
wire546/A                               1.500000    1.613887   -0.113887 (VIOLATED)
u_instruction_ram.g_sram[3].u_macro/wmask0[3]    0.040000    0.153802   -0.113802 (VIOLATED)
u_npu.u_npu_sram.g_sram[8].u_macro/addr0[8]    0.040000    0.153781   -0.113781 (VIOLATED)
u_npu.u_npu_sram.g_sram[7].u_macro/wmask0[1]    0.040000    0.153737   -0.113737 (VIOLATED)
u_npu.u_npu_sram.g_sram[9].u_macro/addr0[1]    0.040000    0.153687   -0.113687 (VIOLATED)
u_npu.u_npu_sram.g_sram[9].u_macro/addr1[8]    0.040000    0.153656   -0.113656 (VIOLATED)
u_npu.u_npu_sram.g_sram[3].u_macro/addr0[5]    0.040000    0.153527   -0.113527 (VIOLATED)
u_npu.u_npu_sram.g_sram[10].u_macro/wmask0[3]    0.040000    0.153502   -0.113502 (VIOLATED)
u_npu.u_npu_sram.g_sram[13].u_macro/wmask0[0]    0.040000    0.153440   -0.113440 (VIOLATED)
u_npu.u_npu_sram.g_sram[14].u_macro/addr1[1]    0.040000    0.153438   -0.113438 (VIOLATED)
u_npu.u_npu_sram.g_sram[4].u_macro/wmask0[0]    0.040000    0.153436   -0.113436 (VIOLATED)
_060980_/C1                             1.500000    1.613405   -0.113405 (VIOLATED)
u_npu.u_npu_sram.g_sram[8].u_macro/addr0[5]    0.040000    0.153357   -0.113357 (VIOLATED)
_090471_/A0                             1.500000    1.613335   -0.113335 (VIOLATED)
u_data_ram.g_sram[0].u_macro/addr0[3]    0.040000    0.153283   -0.113283 (VIOLATED)
u_npu.u_npu_sram.g_sram[2].u_macro/wmask0[1]    0.040000    0.153263   -0.113263 (VIOLATED)
u_npu.u_npu_sram.g_sram[4].u_macro/wmask0[1]    0.040000    0.153262   -0.113262 (VIOLATED)
u_npu.u_npu_sram.g_sram[9].u_macro/wmask0[1]    0.040000    0.153215   -0.113215 (VIOLATED)
u_instruction_ram.g_sram[2].u_macro/addr1[8]    0.040000    0.153161   -0.113161 (VIOLATED)
u_data_ram.g_sram[3].u_macro/addr0[4]    0.040000    0.153089   -0.113089 (VIOLATED)
u_npu.u_npu_sram.g_sram[6].u_macro/addr1[1]    0.040000    0.153067   -0.113067 (VIOLATED)
u_npu.u_npu_sram.g_sram[10].u_macro/addr1[7]    0.040000    0.153062   -0.113063 (VIOLATED)
u_npu.u_npu_sram.g_sram[7].u_macro/addr0[3]    0.040000    0.152741   -0.112741 (VIOLATED)
_111156_/C1                             1.500000    1.612688   -0.112688 (VIOLATED)
u_npu.u_npu_sram.g_sram[4].u_macro/addr1[8]    0.040000    0.152629   -0.112629 (VIOLATED)
u_npu.u_npu_sram.g_sram[9].u_macro/addr1[2]    0.040000    0.152603   -0.112603 (VIOLATED)
_111211_/C1                             1.500000    1.612480   -0.112480 (VIOLATED)
u_npu.u_npu_sram.g_sram[4].u_macro/addr0[5]    0.040000    0.152395   -0.112395 (VIOLATED)
u_data_ram.g_sram[3].u_macro/addr0[6]    0.040000    0.152388   -0.112388 (VIOLATED)
u_npu.u_npu_sram.g_sram[8].u_macro/addr0[2]    0.040000    0.152383   -0.112383 (VIOLATED)
u_instruction_ram.g_sram[2].u_macro/addr1[7]    0.040000    0.152381   -0.112381 (VIOLATED)
u_npu.u_npu_sram.g_sram[9].u_macro/addr0[3]    0.040000    0.152332   -0.112332 (VIOLATED)
u_npu.u_npu_sram.g_sram[1].u_macro/addr1[7]    0.040000    0.152330   -0.112330 (VIOLATED)
u_npu.u_npu_sram.g_sram[9].u_macro/addr1[3]    0.040000    0.152306   -0.112306 (VIOLATED)
_061041_/C1                             1.500000    1.612262   -0.112262 (VIOLATED)
_111938_/C1                             1.500000    1.612198   -0.112198 (VIOLATED)
u_npu.u_npu_sram.g_sram[6].u_macro/addr0[6]    0.040000    0.152186   -0.112186 (VIOLATED)
_111687_/A1                             1.500000    1.612165   -0.112165 (VIOLATED)
_111487_/A1                             1.500000    1.612069   -0.112069 (VIOLATED)
u_npu.u_npu_sram.g_sram[10].u_macro/addr1[3]    0.040000    0.151982   -0.111982 (VIOLATED)
u_npu.u_npu_sram.g_sram[0].u_macro/addr1[8]    0.040000    0.151979   -0.111979 (VIOLATED)
u_npu.u_npu_sram.g_sram[10].u_macro/addr1[5]    0.040000    0.151515   -0.111515 (VIOLATED)
u_npu.u_npu_sram.g_sram[10].u_macro/addr1[6]    0.040000    0.151476   -0.111476 (VIOLATED)
_111567_/C1                             1.500000    1.611439   -0.111439 (VIOLATED)
u_npu.u_npu_sram.g_sram[12].u_macro/addr1[8]    0.040000    0.151377   -0.111377 (VIOLATED)
u_npu.u_npu_sram.g_sram[11].u_macro/wmask0[2]    0.040000    0.151343   -0.111343 (VIOLATED)
u_npu.u_npu_sram.g_sram[13].u_macro/wmask0[3]    0.040000    0.151322   -0.111322 (VIOLATED)
u_npu.u_npu_sram.g_sram[4].u_macro/wmask0[2]    0.040000    0.151317   -0.111317 (VIOLATED)
u_npu.u_npu_sram.g_sram[0].u_macro/addr0[5]    0.040000    0.151290   -0.111290 (VIOLATED)
u_npu.u_npu_sram.g_sram[10].u_macro/addr1[4]    0.040000    0.151286   -0.111286 (VIOLATED)
u_npu.u_npu_sram.g_sram[4].u_macro/addr1[7]    0.040000    0.151064   -0.111064 (VIOLATED)
_111186_/C1                             1.500000    1.610860   -0.110860 (VIOLATED)
u_npu.u_npu_sram.g_sram[10].u_macro/addr1[2]    0.040000    0.150834   -0.110834 (VIOLATED)
u_instruction_ram.g_sram[0].u_macro/addr0[0]    0.040000    0.150739   -0.110739 (VIOLATED)
u_npu.u_npu_sram.g_sram[11].u_macro/wmask0[0]    0.040000    0.150730   -0.110730 (VIOLATED)
_111273_/C1                             1.500000    1.610700   -0.110700 (VIOLATED)
u_npu.u_npu_sram.g_sram[7].u_macro/addr0[4]    0.040000    0.150544   -0.110544 (VIOLATED)
u_npu.u_npu_sram.g_sram[7].u_macro/addr0[2]    0.040000    0.150409   -0.110409 (VIOLATED)
_061094_/C1                             1.500000    1.610391   -0.110391 (VIOLATED)
u_npu.u_npu_sram.g_sram[6].u_macro/addr1[5]    0.040000    0.150351   -0.110351 (VIOLATED)
_111217_/C1                             1.500000    1.610248   -0.110248 (VIOLATED)
u_data_ram.g_sram[2].u_macro/addr0[1]    0.040000    0.150219   -0.110219 (VIOLATED)
u_instruction_ram.g_sram[0].u_macro/addr0[1]    0.040000    0.150042   -0.110042 (VIOLATED)
u_npu.u_npu_sram.g_sram[11].u_macro/addr0[1]    0.040000    0.149978   -0.109978 (VIOLATED)
u_instruction_ram.g_sram[2].u_macro/addr0[3]    0.040000    0.149933   -0.109933 (VIOLATED)
u_npu.u_npu_sram.g_sram[10].u_macro/wmask0[1]    0.040000    0.149750   -0.109750 (VIOLATED)
u_npu.u_npu_sram.g_sram[2].u_macro/wmask0[2]    0.040000    0.149747   -0.109747 (VIOLATED)
u_npu.u_npu_sram.g_sram[5].u_macro/addr0[5]    0.040000    0.149666   -0.109666 (VIOLATED)
u_npu.u_npu_sram.g_sram[6].u_macro/addr1[3]    0.040000    0.149492   -0.109492 (VIOLATED)
u_npu.u_npu_sram.g_sram[9].u_macro/addr0[7]    0.040000    0.149472   -0.109472 (VIOLATED)
u_data_ram.g_sram[2].u_macro/addr0[7]    0.040000    0.149428   -0.109428 (VIOLATED)
u_npu.u_npu_sram.g_sram[9].u_macro/addr0[2]    0.040000    0.149385   -0.109385 (VIOLATED)
_061019_/C1                             1.500000    1.609267   -0.109267 (VIOLATED)
u_data_ram.g_sram[0].u_macro/addr0[5]    0.040000    0.149254   -0.109254 (VIOLATED)
_060903_/C1                             1.500000    1.609247   -0.109247 (VIOLATED)
u_npu.u_npu_sram.g_sram[10].u_macro/wmask0[2]    0.040000    0.149218   -0.109218 (VIOLATED)
u_npu.u_npu_sram.g_sram[2].u_macro/addr0[3]    0.040000    0.149217   -0.109217 (VIOLATED)
_124604_/RESET_B                        1.500000    1.609130   -0.109130 (VIOLATED)
u_npu.u_npu_sram.g_sram[9].u_macro/wmask0[3]    0.040000    0.149108   -0.109108 (VIOLATED)
u_npu.u_npu_sram.g_sram[9].u_macro/addr0[5]    0.040000    0.149041   -0.109041 (VIOLATED)
u_npu.u_npu_sram.g_sram[7].u_macro/addr0[1]    0.040000    0.148992   -0.108992 (VIOLATED)
ANTENNA_174/DIODE                       1.500000    1.608924   -0.108924 (VIOLATED)
ANTENNA_173/DIODE                       1.500000    1.608918   -0.108918 (VIOLATED)
u_npu.u_npu_sram.g_sram[12].u_macro/addr1[7]    0.040000    0.148887   -0.108887 (VIOLATED)
ANTENNA_172/DIODE                       1.500000    1.608861   -0.108861 (VIOLATED)
ANTENNA_171/DIODE                       1.500000    1.608814   -0.108814 (VIOLATED)
ANTENNA_170/DIODE                       1.500000    1.608810   -0.108811 (VIOLATED)
_089375_/X                              1.506058    1.614782   -0.108724 (VIOLATED)
u_npu.u_npu_sram.g_sram[7].u_macro/addr0[5]    0.040000    0.148694   -0.108694 (VIOLATED)
ANTENNA_169/DIODE                       1.500000    1.608691   -0.108691 (VIOLATED)
u_npu.u_npu_sram.g_sram[3].u_macro/addr0[2]    0.040000    0.148603   -0.108603 (VIOLATED)
u_npu.u_npu_sram.g_sram[14].u_macro/addr0[7]    0.040000    0.148596   -0.108596 (VIOLATED)
u_npu.u_npu_sram.g_sram[7].u_macro/addr0[8]    0.040000    0.148592   -0.108592 (VIOLATED)
ANTENNA_168/DIODE                       1.500000    1.608581   -0.108581 (VIOLATED)
ANTENNA_167/DIODE                       1.500000    1.608575   -0.108575 (VIOLATED)
ANTENNA_166/DIODE                       1.500000    1.608567   -0.108567 (VIOLATED)
ANTENNA_165/DIODE                       1.500000    1.608555   -0.108555 (VIOLATED)
u_npu.u_npu_sram.g_sram[14].u_macro/wmask0[3]    0.040000    0.148543   -0.108543 (VIOLATED)
_111368_/A1                             1.500000    1.608537   -0.108538 (VIOLATED)
u_npu.u_npu_sram.g_sram[8].u_macro/addr1[8]    0.040000    0.148514   -0.108514 (VIOLATED)
_060965_/A2                             1.500000    1.608402   -0.108402 (VIOLATED)
u_npu.u_npu_sram.g_sram[7].u_macro/addr0[6]    0.040000    0.148386   -0.108386 (VIOLATED)
ANTENNA_175/DIODE                       1.500000    1.608312   -0.108312 (VIOLATED)
u_npu.u_npu_sram.g_sram[9].u_macro/addr0[8]    0.040000    0.148299   -0.108299 (VIOLATED)
u_npu.u_npu_sram.g_sram[7].u_macro/addr0[7]    0.040000    0.148254   -0.108254 (VIOLATED)
u_data_ram.g_sram[3].u_macro/addr1[7]    0.040000    0.148097   -0.108097 (VIOLATED)
ANTENNA_652/DIODE                       1.500000    1.607853   -0.107853 (VIOLATED)
u_npu.u_npu_sram.g_sram[9].u_macro/addr1[5]    0.040000    0.147837   -0.107837 (VIOLATED)
u_instruction_ram.g_sram[2].u_macro/addr0[8]    0.040000    0.147777   -0.107777 (VIOLATED)
u_npu.u_npu_sram.g_sram[11].u_macro/addr0[2]    0.040000    0.147668   -0.107668 (VIOLATED)
u_npu.u_npu_sram.g_sram[14].u_macro/wmask0[1]    0.040000    0.147619   -0.107619 (VIOLATED)
u_npu.u_npu_sram.g_sram[4].u_macro/addr0[1]    0.040000    0.147551   -0.107551 (VIOLATED)
u_instruction_ram.g_sram[2].u_macro/addr1[3]    0.040000    0.147537   -0.107537 (VIOLATED)
u_instruction_ram.g_sram[2].u_macro/addr0[6]    0.040000    0.147418   -0.107418 (VIOLATED)
u_instruction_ram.g_sram[3].u_macro/addr0[1]    0.040000    0.147392   -0.107392 (VIOLATED)
u_npu.u_npu_sram.g_sram[13].u_macro/addr0[0]    0.040000    0.147347   -0.107347 (VIOLATED)
u_npu.u_npu_sram.g_sram[6].u_macro/addr1[7]    0.040000    0.147295   -0.107295 (VIOLATED)
u_npu.u_npu_sram.g_sram[6].u_macro/addr1[0]    0.040000    0.147243   -0.107243 (VIOLATED)
u_npu.u_npu_sram.g_sram[14].u_macro/addr0[5]    0.040000    0.147231   -0.107231 (VIOLATED)
u_instruction_ram.g_sram[2].u_macro/addr0[5]    0.040000    0.147186   -0.107186 (VIOLATED)
u_instruction_ram.g_sram[2].u_macro/addr0[4]    0.040000    0.147030   -0.107030 (VIOLATED)
u_npu.u_npu_sram.g_sram[12].u_macro/addr0[0]    0.040000    0.147004   -0.107004 (VIOLATED)
u_npu.u_npu_sram.g_sram[14].u_macro/wmask0[2]    0.040000    0.147002   -0.107002 (VIOLATED)
u_instruction_ram.g_sram[3].u_macro/addr1[0]    0.040000    0.146984   -0.106984 (VIOLATED)
_060942_/C1                             1.500000    1.606977   -0.106977 (VIOLATED)
u_npu.u_npu_sram.g_sram[1].u_macro/addr1[0]    0.040000    0.146732   -0.106732 (VIOLATED)
u_npu.u_npu_sram.g_sram[13].u_macro/wmask0[1]    0.040000    0.146719   -0.106719 (VIOLATED)
u_instruction_ram.g_sram[3].u_macro/addr0[0]    0.040000    0.146605   -0.106605 (VIOLATED)
u_npu.u_npu_sram.g_sram[12].u_macro/addr0[4]    0.040000    0.146392   -0.106392 (VIOLATED)
u_npu.u_npu_sram.g_sram[3].u_macro/wmask0[1]    0.040000    0.146385   -0.106385 (VIOLATED)
u_npu.u_npu_sram.g_sram[2].u_macro/addr1[0]    0.040000    0.146368   -0.106368 (VIOLATED)
u_npu.u_npu_sram.g_sram[9].u_macro/addr1[4]    0.040000    0.146325   -0.106325 (VIOLATED)
u_data_ram.g_sram[0].u_macro/addr0[2]    0.040000    0.146313   -0.106313 (VIOLATED)
u_npu.u_npu_sram.g_sram[0].u_macro/addr0[2]    0.040000    0.145927   -0.105927 (VIOLATED)
u_data_ram.g_sram[1].u_macro/wmask0[0]    0.040000    0.145870   -0.105870 (VIOLATED)
_060936_/C1                             1.500000    1.605769   -0.105769 (VIOLATED)
u_npu.u_npu_sram.g_sram[12].u_macro/addr1[0]    0.040000    0.145709   -0.105709 (VIOLATED)
u_npu.u_npu_sram.g_sram[1].u_macro/addr0[4]    0.040000    0.145625   -0.105625 (VIOLATED)
u_data_ram.g_sram[0].u_macro/addr1[8]    0.040000    0.145512   -0.105512 (VIOLATED)
u_npu.u_npu_sram.g_sram[11].u_macro/addr0[5]    0.040000    0.145318   -0.105318 (VIOLATED)
u_npu.u_npu_sram.g_sram[11].u_macro/addr0[3]    0.040000    0.145310   -0.105310 (VIOLATED)
u_npu.u_npu_sram.g_sram[11].u_macro/addr0[6]    0.040000    0.145227   -0.105227 (VIOLATED)
u_npu.u_npu_sram.g_sram[9].u_macro/addr0[6]    0.040000    0.145174   -0.105174 (VIOLATED)
u_npu.u_npu_sram.g_sram[2].u_macro/addr1[2]    0.040000    0.145129   -0.105129 (VIOLATED)
_060908_/C1                             1.500000    1.605006   -0.105006 (VIOLATED)
u_npu.u_npu_sram.g_sram[7].u_macro/wmask0[0]    0.040000    0.144980   -0.104980 (VIOLATED)
u_npu.u_npu_sram.g_sram[11].u_macro/addr0[8]    0.040000    0.144774   -0.104774 (VIOLATED)
u_npu.u_npu_sram.g_sram[13].u_macro/addr1[0]    0.040000    0.144617   -0.104617 (VIOLATED)
u_instruction_ram.g_sram[2].u_macro/addr0[7]    0.040000    0.144512   -0.104512 (VIOLATED)
u_npu.u_npu_sram.g_sram[11].u_macro/addr0[4]    0.040000    0.144391   -0.104391 (VIOLATED)
u_data_ram.g_sram[0].u_macro/addr1[7]    0.040000    0.144334   -0.104334 (VIOLATED)
u_data_ram.g_sram[0].u_macro/addr0[4]    0.040000    0.144326   -0.104326 (VIOLATED)
u_npu.u_npu_sram.g_sram[8].u_macro/wmask0[3]    0.040000    0.144323   -0.104323 (VIOLATED)
u_npu.u_npu_sram.g_sram[7].u_macro/wmask0[2]    0.040000    0.144289   -0.104289 (VIOLATED)
u_npu.u_npu_sram.g_sram[0].u_macro/addr1[7]    0.040000    0.144226   -0.104226 (VIOLATED)
u_npu.u_npu_sram.g_sram[12].u_macro/addr0[3]    0.040000    0.144176   -0.104176 (VIOLATED)
u_instruction_ram.g_sram[2].u_macro/addr0[2]    0.040000    0.144048   -0.104048 (VIOLATED)
u_instruction_ram.g_sram[2].u_macro/addr0[1]    0.040000    0.143965   -0.103965 (VIOLATED)
u_npu.u_npu_sram.g_sram[11].u_macro/wmask0[1]    0.040000    0.143904   -0.103904 (VIOLATED)
u_npu.u_npu_sram.g_sram[8].u_macro/wmask0[0]    0.040000    0.143886   -0.103886 (VIOLATED)
u_instruction_ram.g_sram[0].u_macro/addr0[2]    0.040000    0.143775   -0.103775 (VIOLATED)
u_npu.u_npu_sram.g_sram[12].u_macro/addr0[2]    0.040000    0.143741   -0.103741 (VIOLATED)
u_npu.u_npu_sram.g_sram[3].u_macro/addr1[7]    0.040000    0.143715   -0.103715 (VIOLATED)
u_npu.u_npu_sram.g_sram[11].u_macro/addr0[7]    0.040000    0.143646   -0.103646 (VIOLATED)
u_instruction_ram.g_sram[2].u_macro/addr0[0]    0.040000    0.143548   -0.103548 (VIOLATED)
u_instruction_ram.g_sram[0].u_macro/addr0[4]    0.040000    0.143304   -0.103304 (VIOLATED)
u_npu.u_npu_sram.g_sram[12].u_macro/addr0[6]    0.040000    0.143243   -0.103243 (VIOLATED)
u_npu.u_npu_sram.g_sram[2].u_macro/addr1[1]    0.040000    0.143243   -0.103243 (VIOLATED)
u_instruction_ram.g_sram[0].u_macro/addr1[7]    0.040000    0.143240   -0.103240 (VIOLATED)
u_npu.u_npu_sram.g_sram[8].u_macro/wmask0[1]    0.040000    0.143235   -0.103235 (VIOLATED)
_101749_/Y                              1.496507    1.599688   -0.103181 (VIOLATED)
_061996_/A1                             1.500000    1.602997   -0.102997 (VIOLATED)
u_npu.u_npu_sram.g_sram[12].u_macro/addr0[7]    0.040000    0.142968   -0.102968 (VIOLATED)
u_npu.u_npu_sram.g_sram[12].u_macro/addr0[8]    0.040000    0.142948   -0.102948 (VIOLATED)
u_data_ram.g_sram[3].u_macro/addr1[3]    0.040000    0.142816   -0.102816 (VIOLATED)
u_instruction_ram.g_sram[2].u_macro/addr1[5]    0.040000    0.142774   -0.102774 (VIOLATED)
u_npu.u_npu_sram.g_sram[3].u_macro/addr1[8]    0.040000    0.142731   -0.102731 (VIOLATED)
u_data_ram.g_sram[1].u_macro/wmask0[1]    0.040000    0.142723   -0.102723 (VIOLATED)
u_instruction_ram.g_sram[0].u_macro/addr0[3]    0.040000    0.142634   -0.102634 (VIOLATED)
u_instruction_ram.g_sram[0].u_macro/addr0[5]    0.040000    0.142506   -0.102506 (VIOLATED)
u_npu.u_npu_sram.g_sram[1].u_macro/addr1[1]    0.040000    0.142385   -0.102385 (VIOLATED)
u_npu.u_npu_sram.g_sram[9].u_macro/addr1[7]    0.040000    0.142310   -0.102310 (VIOLATED)
u_npu.u_npu_sram.g_sram[13].u_macro/addr0[1]    0.040000    0.142305   -0.102305 (VIOLATED)
u_data_ram.g_sram[1].u_macro/wmask0[2]    0.040000    0.142290   -0.102290 (VIOLATED)
u_instruction_ram.g_sram[0].u_macro/addr0[8]    0.040000    0.142043   -0.102043 (VIOLATED)
u_npu.u_npu_sram.g_sram[1].u_macro/addr0[5]    0.040000    0.141885   -0.101885 (VIOLATED)
u_npu.u_npu_sram.g_sram[4].u_macro/addr1[2]    0.040000    0.141591   -0.101591 (VIOLATED)
u_data_ram.g_sram[2].u_macro/addr1[5]    0.040000    0.141533   -0.101533 (VIOLATED)
u_npu.u_npu_sram.g_sram[9].u_macro/addr1[0]    0.040000    0.141496   -0.101496 (VIOLATED)
u_data_ram.g_sram[0].u_macro/wmask0[2]    0.040000    0.141470   -0.101470 (VIOLATED)
u_npu.u_npu_sram.g_sram[8].u_macro/wmask0[2]    0.040000    0.141458   -0.101458 (VIOLATED)
u_npu.u_npu_sram.g_sram[1].u_macro/addr1[6]    0.040000    0.141441   -0.101441 (VIOLATED)
u_data_ram.g_sram[2].u_macro/addr0[4]    0.040000    0.141324   -0.101324 (VIOLATED)
u_data_ram.g_sram[0].u_macro/addr0[8]    0.040000    0.141315   -0.101315 (VIOLATED)
u_data_ram.g_sram[2].u_macro/addr0[3]    0.040000    0.141222   -0.101222 (VIOLATED)
u_data_ram.g_sram[3].u_macro/addr1[0]    0.040000    0.141091   -0.101091 (VIOLATED)
u_npu.u_npu_sram.g_sram[13].u_macro/addr1[1]    0.040000    0.141062   -0.101062 (VIOLATED)
_111513_/C1                             1.500000    1.601028   -0.101028 (VIOLATED)
u_instruction_ram.g_sram[0].u_macro/addr1[8]    0.040000    0.140826   -0.100826 (VIOLATED)
u_data_ram.g_sram[2].u_macro/addr1[6]    0.040000    0.140557   -0.100557 (VIOLATED)
u_data_ram.g_sram[2].u_macro/addr0[8]    0.040000    0.140555   -0.100555 (VIOLATED)
u_data_ram.g_sram[2].u_macro/addr0[2]    0.040000    0.140454   -0.100454 (VIOLATED)
u_npu.u_npu_sram.g_sram[2].u_macro/addr1[6]    0.040000    0.140292   -0.100292 (VIOLATED)
u_npu.u_npu_sram.g_sram[0].u_macro/addr1[2]    0.040000    0.140157   -0.100157 (VIOLATED)
u_npu.u_npu_sram.g_sram[2].u_macro/addr1[4]    0.040000    0.139981   -0.099981 (VIOLATED)
u_npu.u_npu_sram.g_sram[8].u_macro/addr1[7]    0.040000    0.139809   -0.099809 (VIOLATED)
u_data_ram.g_sram[2].u_macro/addr1[3]    0.040000    0.139722   -0.099722 (VIOLATED)
_091206_/A1                             1.500000    1.599368   -0.099368 (VIOLATED)
u_npu.u_npu_sram.g_sram[4].u_macro/addr1[4]    0.040000    0.139300   -0.099300 (VIOLATED)
u_instruction_ram.g_sram[0].u_macro/addr1[2]    0.040000    0.139278   -0.099278 (VIOLATED)
ANTENNA_2736/DIODE                      1.500000    1.599180   -0.099180 (VIOLATED)
u_data_ram.g_sram[3].u_macro/addr1[1]    0.040000    0.139088   -0.099088 (VIOLATED)
u_npu.u_npu_sram.g_sram[8].u_macro/addr0[1]    0.040000    0.138995   -0.098995 (VIOLATED)
u_instruction_ram.g_sram[2].u_macro/addr1[2]    0.040000    0.138819   -0.098819 (VIOLATED)
u_npu.u_npu_sram.g_sram[1].u_macro/addr1[2]    0.040000    0.138422   -0.098422 (VIOLATED)
u_npu.u_npu_sram.g_sram[8].u_macro/addr1[2]    0.040000    0.138347   -0.098347 (VIOLATED)
u_npu.u_npu_sram.g_sram[4].u_macro/addr1[6]    0.040000    0.138205   -0.098205 (VIOLATED)
u_instruction_ram.g_sram[0].u_macro/addr0[7]    0.040000    0.138137   -0.098137 (VIOLATED)
u_data_ram.g_sram[2].u_macro/addr1[2]    0.040000    0.138022   -0.098022 (VIOLATED)
u_data_ram.g_sram[0].u_macro/addr1[6]    0.040000    0.137781   -0.097781 (VIOLATED)
u_npu.u_npu_sram.g_sram[13].u_macro/addr0[4]    0.040000    0.137764   -0.097764 (VIOLATED)
u_data_ram.g_sram[0].u_macro/addr1[2]    0.040000    0.137734   -0.097734 (VIOLATED)
u_npu.u_npu_sram.g_sram[11].u_macro/addr1[8]    0.040000    0.137592   -0.097592 (VIOLATED)
u_data_ram.g_sram[2].u_macro/addr0[5]    0.040000    0.137574   -0.097574 (VIOLATED)
u_npu.u_npu_sram.g_sram[8].u_macro/addr1[4]    0.040000    0.137563   -0.097563 (VIOLATED)
wire549/A                               1.500000    1.597546   -0.097546 (VIOLATED)
u_npu.u_npu_sram.g_sram[12].u_macro/wmask0[0]    0.040000    0.137409   -0.097409 (VIOLATED)
u_npu.u_npu_sram.g_sram[13].u_macro/addr1[4]    0.040000    0.137383   -0.097383 (VIOLATED)
u_instruction_ram.g_sram[0].u_macro/addr1[0]    0.040000    0.137357   -0.097357 (VIOLATED)
u_data_ram.g_sram[0].u_macro/addr1[1]    0.040000    0.137280   -0.097280 (VIOLATED)
_111645_/A1                             1.500000    1.597199   -0.097199 (VIOLATED)
u_npu.u_npu_sram.g_sram[12].u_macro/addr0[5]    0.040000    0.137074   -0.097074 (VIOLATED)
u_npu.u_npu_sram.g_sram[0].u_macro/addr1[0]    0.040000    0.137072   -0.097072 (VIOLATED)
u_data_ram.g_sram[2].u_macro/addr1[4]    0.040000    0.137001   -0.097001 (VIOLATED)
u_data_ram.g_sram[0].u_macro/addr1[0]    0.040000    0.136981   -0.096981 (VIOLATED)
_111803_/A1                             1.500000    1.596825   -0.096825 (VIOLATED)
u_npu.u_npu_sram.g_sram[13].u_macro/addr0[2]    0.040000    0.136813   -0.096813 (VIOLATED)
u_instruction_ram.g_sram[0].u_macro/wmask0[2]    0.040000    0.136656   -0.096657 (VIOLATED)
u_npu.u_npu_sram.g_sram[4].u_macro/addr1[1]    0.040000    0.136656   -0.096656 (VIOLATED)
u_instruction_ram.g_sram[0].u_macro/addr1[6]    0.040000    0.136571   -0.096571 (VIOLATED)
u_instruction_ram.g_sram[0].u_macro/addr1[3]    0.040000    0.136412   -0.096412 (VIOLATED)
u_data_ram.g_sram[0].u_macro/addr1[3]    0.040000    0.136297   -0.096297 (VIOLATED)
u_npu.u_npu_sram.g_sram[13].u_macro/addr1[6]    0.040000    0.136106   -0.096106 (VIOLATED)
_061004_/C1                             1.500000    1.595955   -0.095955 (VIOLATED)
u_npu.u_npu_sram.g_sram[13].u_macro/addr0[3]    0.040000    0.135937   -0.095937 (VIOLATED)
u_instruction_ram.g_sram[2].u_macro/addr1[4]    0.040000    0.135869   -0.095869 (VIOLATED)
u_data_ram.g_sram[0].u_macro/wmask0[3]    0.040000    0.135455   -0.095455 (VIOLATED)
u_npu.u_npu_sram.g_sram[8].u_macro/addr1[5]    0.040000    0.135447   -0.095447 (VIOLATED)
u_npu.u_npu_sram.g_sram[13].u_macro/addr0[7]    0.040000    0.135204   -0.095204 (VIOLATED)
u_npu.u_npu_sram.g_sram[12].u_macro/wmask0[3]    0.040000    0.135194   -0.095194 (VIOLATED)
_124667_/RESET_B                        1.500000    1.595148   -0.095148 (VIOLATED)
_124666_/RESET_B                        1.500000    1.595096   -0.095096 (VIOLATED)
u_npu.u_npu_sram.g_sram[13].u_macro/addr0[6]    0.040000    0.134929   -0.094929 (VIOLATED)
u_npu.u_npu_sram.g_sram[3].u_macro/addr1[2]    0.040000    0.134903   -0.094903 (VIOLATED)
u_npu.u_npu_sram.g_sram[12].u_macro/wmask0[2]    0.040000    0.134858   -0.094858 (VIOLATED)
u_npu.u_npu_sram.g_sram[13].u_macro/addr0[8]    0.040000    0.134819   -0.094819 (VIOLATED)
u_npu.u_npu_sram.g_sram[7].u_macro/addr1[6]    0.040000    0.134693   -0.094693 (VIOLATED)
u_data_ram.g_sram[0].u_macro/addr1[5]    0.040000    0.134629   -0.094629 (VIOLATED)
u_npu.u_npu_sram.g_sram[0].u_macro/addr1[4]    0.040000    0.134564   -0.094564 (VIOLATED)
_124665_/RESET_B                        1.500000    1.594501   -0.094502 (VIOLATED)
u_npu.u_npu_sram.g_sram[8].u_macro/addr1[6]    0.040000    0.134415   -0.094415 (VIOLATED)
u_instruction_ram.g_sram[0].u_macro/addr1[5]    0.040000    0.134336   -0.094336 (VIOLATED)
u_npu.u_npu_sram.g_sram[7].u_macro/addr1[7]    0.040000    0.134335   -0.094335 (VIOLATED)
u_data_ram.g_sram[2].u_macro/addr0[6]    0.040000    0.134308   -0.094308 (VIOLATED)
u_npu.u_npu_sram.g_sram[12].u_macro/addr1[1]    0.040000    0.134285   -0.094285 (VIOLATED)
_124636_/RESET_B                        1.500000    1.594277   -0.094277 (VIOLATED)
u_npu.u_npu_sram.g_sram[4].u_macro/addr1[5]    0.040000    0.134244   -0.094244 (VIOLATED)
u_npu.u_npu_sram.g_sram[12].u_macro/wmask0[1]    0.040000    0.134212   -0.094212 (VIOLATED)
u_instruction_ram.g_sram[0].u_macro/addr1[1]    0.040000    0.134205   -0.094205 (VIOLATED)
u_npu.u_npu_sram.g_sram[7].u_macro/addr1[8]    0.040000    0.134194   -0.094194 (VIOLATED)
u_instruction_ram.g_sram[2].u_macro/addr1[6]    0.040000    0.134086   -0.094086 (VIOLATED)
u_npu.u_npu_sram.g_sram[0].u_macro/addr1[1]    0.040000    0.134033   -0.094033 (VIOLATED)
u_instruction_ram.g_sram[0].u_macro/addr1[4]    0.040000    0.133950   -0.093950 (VIOLATED)
u_npu.u_npu_sram.g_sram[1].u_macro/addr1[4]    0.040000    0.133928   -0.093928 (VIOLATED)
u_npu.u_npu_sram.g_sram[8].u_macro/addr1[0]    0.040000    0.133853   -0.093853 (VIOLATED)
u_npu.u_npu_sram.g_sram[3].u_macro/addr1[6]    0.040000    0.133766   -0.093766 (VIOLATED)
u_npu.u_npu_sram.g_sram[11].u_macro/addr1[7]    0.040000    0.133636   -0.093636 (VIOLATED)
u_npu.u_npu_sram.g_sram[0].u_macro/addr1[6]    0.040000    0.133438   -0.093438 (VIOLATED)
u_data_ram.g_sram[0].u_macro/addr1[4]    0.040000    0.133436   -0.093436 (VIOLATED)
ANTENNA_798/DIODE                       1.500000    1.593419   -0.093419 (VIOLATED)
u_npu.u_npu_sram.g_sram[3].u_macro/addr0[0]    0.040000    0.133405   -0.093405 (VIOLATED)
ANTENNA_794/DIODE                       1.500000    1.593361   -0.093361 (VIOLATED)
ANTENNA_793/DIODE                       1.500000    1.593348   -0.093348 (VIOLATED)
ANTENNA_792/DIODE                       1.500000    1.593342   -0.093342 (VIOLATED)
ANTENNA_791/DIODE                       1.500000    1.593309   -0.093309 (VIOLATED)
_124635_/RESET_B                        1.500000    1.593299   -0.093299 (VIOLATED)
ANTENNA_790/DIODE                       1.500000    1.593284   -0.093284 (VIOLATED)
u_npu.u_npu_sram.g_sram[8].u_macro/addr1[1]    0.040000    0.133178   -0.093178 (VIOLATED)
_124664_/RESET_B                        1.500000    1.593150   -0.093150 (VIOLATED)
ANTENNA_789/DIODE                       1.500000    1.593106   -0.093106 (VIOLATED)
u_npu.u_npu_sram.g_sram[13].u_macro/addr1[2]    0.040000    0.133024   -0.093024 (VIOLATED)
u_npu.u_npu_sram.g_sram[1].u_macro/addr1[5]    0.040000    0.132992   -0.092992 (VIOLATED)
_091319_/A0                             1.500000    1.592812   -0.092812 (VIOLATED)
u_npu.u_npu_sram.g_sram[7].u_macro/addr1[2]    0.040000    0.132692   -0.092692 (VIOLATED)
u_npu.u_npu_sram.g_sram[12].u_macro/addr1[2]    0.040000    0.132640   -0.092640 (VIOLATED)
u_npu.u_npu_sram.g_sram[12].u_macro/addr0[1]    0.040000    0.132513   -0.092513 (VIOLATED)
u_npu.u_npu_sram.g_sram[4].u_macro/addr1[3]    0.040000    0.132481   -0.092481 (VIOLATED)
ANTENNA_796/DIODE                       1.500000    1.592383   -0.092383 (VIOLATED)
ANTENNA_799/DIODE                       1.500000    1.592378   -0.092378 (VIOLATED)
ANTENNA_795/DIODE                       1.500000    1.592376   -0.092376 (VIOLATED)
ANTENNA_797/DIODE                       1.500000    1.592372   -0.092372 (VIOLATED)
u_npu.u_npu_sram.g_sram[11].u_macro/addr1[6]    0.040000    0.132348   -0.092348 (VIOLATED)
u_npu.u_npu_sram.g_sram[2].u_macro/addr1[5]    0.040000    0.132331   -0.092331 (VIOLATED)
u_npu.u_npu_sram.g_sram[2].u_macro/addr1[3]    0.040000    0.132231   -0.092231 (VIOLATED)
u_npu.u_npu_sram.g_sram[12].u_macro/addr1[4]    0.040000    0.132210   -0.092210 (VIOLATED)
u_npu.u_npu_sram.g_sram[1].u_macro/addr1[3]    0.040000    0.132112   -0.092112 (VIOLATED)
_124603_/RESET_B                        1.500000    1.592077   -0.092077 (VIOLATED)
u_npu.u_npu_sram.g_sram[4].u_macro/addr1[0]    0.040000    0.131862   -0.091862 (VIOLATED)
_111531_/A1                             1.500000    1.591631   -0.091631 (VIOLATED)
_112779_/C1                             1.500000    1.591518   -0.091518 (VIOLATED)
u_npu.u_npu_sram.g_sram[11].u_macro/addr1[5]    0.040000    0.131314   -0.091314 (VIOLATED)
u_npu.u_npu_sram.g_sram[7].u_macro/addr1[5]    0.040000    0.131217   -0.091217 (VIOLATED)
u_npu.u_npu_sram.g_sram[8].u_macro/addr1[3]    0.040000    0.131102   -0.091102 (VIOLATED)
_112754_/A1                             1.500000    1.591022   -0.091022 (VIOLATED)
u_npu.u_npu_sram.g_sram[7].u_macro/addr1[4]    0.040000    0.130781   -0.090781 (VIOLATED)
u_npu.u_npu_sram.g_sram[7].u_macro/addr1[3]    0.040000    0.130491   -0.090491 (VIOLATED)
_112651_/C1                             1.500000    1.590468   -0.090468 (VIOLATED)
u_npu.u_npu_sram.g_sram[13].u_macro/addr0[5]    0.040000    0.130371   -0.090371 (VIOLATED)
_112718_/C1                             1.500000    1.590364   -0.090364 (VIOLATED)
u_npu.u_npu_sram.g_sram[13].u_macro/addr1[5]    0.040000    0.130273   -0.090273 (VIOLATED)
u_npu.u_npu_sram.g_sram[12].u_macro/addr1[6]    0.040000    0.130158   -0.090158 (VIOLATED)
u_npu.u_npu_sram.g_sram[11].u_macro/addr1[2]    0.040000    0.129755   -0.089755 (VIOLATED)
u_npu.u_npu_sram.g_sram[13].u_macro/addr1[3]    0.040000    0.129590   -0.089590 (VIOLATED)
u_npu.u_npu_sram.g_sram[3].u_macro/addr1[4]    0.040000    0.129589   -0.089589 (VIOLATED)
_060841_/C1                             1.500000    1.589494   -0.089494 (VIOLATED)
u_npu.u_npu_sram.g_sram[0].u_macro/addr0[0]    0.040000    0.129365   -0.089365 (VIOLATED)
u_npu.u_npu_sram.g_sram[11].u_macro/addr1[4]    0.040000    0.129348   -0.089348 (VIOLATED)
u_npu.u_npu_sram.g_sram[11].u_macro/addr1[3]    0.040000    0.129324   -0.089324 (VIOLATED)
u_npu.u_npu_sram.g_sram[3].u_macro/addr1[5]    0.040000    0.129060   -0.089060 (VIOLATED)
_062267_/B1                             1.500000    1.588935   -0.088935 (VIOLATED)
_112439_/C1                             1.500000    1.588921   -0.088922 (VIOLATED)
_091149_/A1                             1.500000    1.588787   -0.088787 (VIOLATED)
u_npu.u_npu_sram.g_sram[12].u_macro/addr1[3]    0.040000    0.128723   -0.088723 (VIOLATED)
u_npu.u_npu_sram.g_sram[0].u_macro/addr1[5]    0.040000    0.128675   -0.088675 (VIOLATED)
u_npu.u_npu_sram.g_sram[11].u_macro/addr1[0]    0.040000    0.128545   -0.088545 (VIOLATED)
_111352_/S0                             1.500000    1.588360   -0.088360 (VIOLATED)
_060939_/A2                             1.500000    1.588336   -0.088336 (VIOLATED)
load_slew475/A                          1.500000    1.588246   -0.088247 (VIOLATED)
u_npu.u_npu_sram.g_sram[3].u_macro/addr1[1]    0.040000    0.128045   -0.088045 (VIOLATED)
_112588_/C1                             1.500000    1.587781   -0.087781 (VIOLATED)
u_npu.u_npu_sram.g_sram[3].u_macro/addr1[3]    0.040000    0.127651   -0.087651 (VIOLATED)
u_npu.u_npu_sram.g_sram[3].u_macro/addr1[0]    0.040000    0.127214   -0.087214 (VIOLATED)
_112564_/C1                             1.500000    1.586827   -0.086827 (VIOLATED)
u_npu.u_npu_sram.g_sram[11].u_macro/addr1[1]    0.040000    0.126520   -0.086520 (VIOLATED)
u_npu.u_npu_sram.g_sram[7].u_macro/addr1[1]    0.040000    0.126482   -0.086482 (VIOLATED)
u_npu.u_npu_sram.g_sram[0].u_macro/addr1[3]    0.040000    0.126358   -0.086358 (VIOLATED)
u_npu.u_npu_sram.g_sram[12].u_macro/addr1[5]    0.040000    0.126310   -0.086310 (VIOLATED)
_060906_/A                              1.500000    1.586134   -0.086134 (VIOLATED)
u_npu.u_npu_sram.g_sram[2].u_macro/addr0[0]    0.040000    0.126121   -0.086121 (VIOLATED)
_060859_/C1                             1.500000    1.585890   -0.085891 (VIOLATED)
u_npu.u_npu_sram.g_sram[7].u_macro/addr1[0]    0.040000    0.125683   -0.085683 (VIOLATED)
ANTENNA_1776/DIODE                      1.500000    1.585581   -0.085581 (VIOLATED)
_060934_/A                              1.500000    1.584985   -0.084985 (VIOLATED)
load_slew443/A                          1.500000    1.583385   -0.083386 (VIOLATED)
_111379_/S                              1.500000    1.582252   -0.082252 (VIOLATED)
load_slew1481/A                         1.500000    1.581932   -0.081932 (VIOLATED)
ANTENNA_1793/DIODE                      1.500000    1.581779   -0.081779 (VIOLATED)
ANTENNA_2950/DIODE                      1.500000    1.580998   -0.080998 (VIOLATED)
_060852_/C1                             1.500000    1.579938   -0.079939 (VIOLATED)
_060789_/C1                             1.500000    1.579499   -0.079500 (VIOLATED)
u_npu.u_npu_sram.g_sram[1].u_macro/addr0[0]    0.040000    0.119422   -0.079422 (VIOLATED)
load_slew489/A                          1.500000    1.576768   -0.076768 (VIOLATED)
_111263_/A1                             1.500000    1.576594   -0.076594 (VIOLATED)
_124602_/RESET_B                        1.500000    1.575454   -0.075454 (VIOLATED)
_060818_/C1                             1.500000    1.574532   -0.074532 (VIOLATED)
u_npu.u_npu_sram.g_sram[2].u_macro/addr0[1]    0.040000    0.111935   -0.071935 (VIOLATED)
_065521_/A1                             1.500000    1.571882   -0.071883 (VIOLATED)
_124139_/RESET_B                        1.500000    1.570726   -0.070726 (VIOLATED)
_124129_/RESET_B                        1.500000    1.570656   -0.070656 (VIOLATED)
_124238_/RESET_B                        1.500000    1.570629   -0.070629 (VIOLATED)
_124301_/RESET_B                        1.500000    1.570279   -0.070279 (VIOLATED)
_124130_/RESET_B                        1.500000    1.570239   -0.070239 (VIOLATED)
_124284_/RESET_B                        1.500000    1.569932   -0.069932 (VIOLATED)
_111584_/A1                             1.500000    1.569235   -0.069235 (VIOLATED)
_124270_/RESET_B                        1.500000    1.569230   -0.069230 (VIOLATED)
_124131_/RESET_B                        1.500000    1.569197   -0.069197 (VIOLATED)
u_npu.u_npu_sram.g_sram[1].u_macro/addr0[1]    0.040000    0.109111   -0.069111 (VIOLATED)
_125307_/RESET_B                        1.500000    1.568890   -0.068890 (VIOLATED)
_124283_/RESET_B                        1.500000    1.567984   -0.067985 (VIOLATED)
_124269_/RESET_B                        1.500000    1.567930   -0.067930 (VIOLATED)
_125901_/RESET_B                        1.500000    1.567925   -0.067925 (VIOLATED)
_126297_/RESET_B                        1.500000    1.567885   -0.067885 (VIOLATED)
u_npu.u_npu_sram.g_sram[3].u_macro/addr0[1]    0.040000    0.107635   -0.067635 (VIOLATED)
_125479_/RESET_B                        1.500000    1.567522   -0.067522 (VIOLATED)
_125845_/SET_B                          1.500000    1.566986   -0.066986 (VIOLATED)
_125848_/RESET_B                        1.500000    1.566166   -0.066166 (VIOLATED)
_126398_/RESET_B                        1.500000    1.565895   -0.065895 (VIOLATED)
_065559_/A1                             1.500000    1.565891   -0.065891 (VIOLATED)
_124273_/RESET_B                        1.500000    1.565875   -0.065875 (VIOLATED)
_126077_/RESET_B                        1.500000    1.565842   -0.065842 (VIOLATED)
_126383_/RESET_B                        1.500000    1.565337   -0.065337 (VIOLATED)
ANTENNA_192/DIODE                       1.500000    1.565139   -0.065139 (VIOLATED)
ANTENNA_190/DIODE                       1.500000    1.565135   -0.065135 (VIOLATED)
_060988_/A1                             1.500000    1.565130   -0.065130 (VIOLATED)
ANTENNA_188/DIODE                       1.500000    1.565081   -0.065081 (VIOLATED)
ANTENNA_187/DIODE                       1.500000    1.565007   -0.065007 (VIOLATED)
ANTENNA_189/DIODE                       1.500000    1.565000   -0.065000 (VIOLATED)
ANTENNA_191/DIODE                       1.500000    1.564992   -0.064992 (VIOLATED)
_124924_/RESET_B                        1.500000    1.564941   -0.064941 (VIOLATED)
_124633_/RESET_B                        1.500000    1.564801   -0.064801 (VIOLATED)
ANTENNA_193/DIODE                       1.500000    1.564785   -0.064785 (VIOLATED)
_124925_/RESET_B                        1.500000    1.564739   -0.064739 (VIOLATED)
_124926_/RESET_B                        1.500000    1.564510   -0.064510 (VIOLATED)
_124927_/RESET_B                        1.500000    1.564410   -0.064410 (VIOLATED)
_112481_/C1                             1.500000    1.564342   -0.064342 (VIOLATED)
_124929_/RESET_B                        1.500000    1.564277   -0.064277 (VIOLATED)
_124928_/RESET_B                        1.500000    1.564267   -0.064267 (VIOLATED)
_124930_/RESET_B                        1.500000    1.564239   -0.064239 (VIOLATED)
u_data_ram.g_sram[1].u_macro/addr0[1]    0.040000    0.104110   -0.064110 (VIOLATED)
_124634_/RESET_B                        1.500000    1.562584   -0.062584 (VIOLATED)
_124917_/RESET_B                        1.500000    1.562508   -0.062508 (VIOLATED)
_124916_/RESET_B                        1.500000    1.562504   -0.062504 (VIOLATED)
ANTENNA_3046/DIODE                      1.500000    1.562167   -0.062167 (VIOLATED)
_124321_/RESET_B                        1.500000    1.562002   -0.062002 (VIOLATED)
load_slew547/A                          1.500000    1.561999   -0.061999 (VIOLATED)
u_npu.u_npu_sram.g_sram[0].u_macro/addr0[1]    0.040000    0.101817   -0.061817 (VIOLATED)
_061020_/A                              1.500000    1.561337   -0.061337 (VIOLATED)
ANTENNA_1607/DIODE                      1.500000    1.560455   -0.060455 (VIOLATED)
load_slew645/A                          1.500000    1.560443   -0.060443 (VIOLATED)
u_instruction_ram.g_sram[1].u_macro/addr0[3]    0.040000    0.100389   -0.060389 (VIOLATED)
_061995_/X                              1.506058    1.566068   -0.060010 (VIOLATED)
load_slew1472/A                         1.500000    1.559911   -0.059911 (VIOLATED)
u_data_ram.g_sram[1].u_macro/addr0[0]    0.040000    0.099302   -0.059302 (VIOLATED)
_124918_/RESET_B                        1.500000    1.559187   -0.059187 (VIOLATED)
u_data_ram.g_sram[1].u_macro/addr0[8]    0.040000    0.098868   -0.058868 (VIOLATED)
_060917_/A3                             1.500000    1.558762   -0.058762 (VIOLATED)
u_data_ram.g_sram[1].u_macro/addr0[3]    0.040000    0.098439   -0.058439 (VIOLATED)
u_instruction_ram.g_sram[1].u_macro/addr0[8]    0.040000    0.097269   -0.057269 (VIOLATED)
u_data_ram.g_sram[1].u_macro/addr0[7]    0.040000    0.097136   -0.057136 (VIOLATED)
_111434_/A1                             1.500000    1.557027   -0.057027 (VIOLATED)
u_data_ram.g_sram[1].u_macro/addr1[1]    0.040000    0.096428   -0.056428 (VIOLATED)
u_data_ram.g_sram[1].u_macro/addr0[5]    0.040000    0.096345   -0.056345 (VIOLATED)
u_instruction_ram.g_sram[1].u_macro/addr1[8]    0.040000    0.096047   -0.056047 (VIOLATED)
_124915_/RESET_B                        1.500000    1.555928   -0.055928 (VIOLATED)
_091167_/A1                             1.500000    1.555795   -0.055795 (VIOLATED)
u_instruction_ram.g_sram[1].u_macro/addr0[6]    0.040000    0.095511   -0.055511 (VIOLATED)
_060984_/X                              1.505448    1.560745   -0.055297 (VIOLATED)
u_data_ram.g_sram[1].u_macro/addr0[2]    0.040000    0.095007   -0.055007 (VIOLATED)
u_data_ram.g_sram[1].u_macro/addr0[4]    0.040000    0.094632   -0.054632 (VIOLATED)
u_data_ram.g_sram[1].u_macro/addr1[0]    0.040000    0.093837   -0.053837 (VIOLATED)
u_instruction_ram.g_sram[1].u_macro/addr1[7]    0.040000    0.093663   -0.053663 (VIOLATED)
_124910_/RESET_B                        1.500000    1.553642   -0.053642 (VIOLATED)
_124911_/RESET_B                        1.500000    1.553567   -0.053567 (VIOLATED)
u_instruction_ram.g_sram[1].u_macro/addr0[2]    0.040000    0.093384   -0.053384 (VIOLATED)
u_instruction_ram.g_sram[1].u_macro/addr0[1]    0.040000    0.093189   -0.053189 (VIOLATED)
u_instruction_ram.g_sram[1].u_macro/addr0[4]    0.040000    0.093174   -0.053174 (VIOLATED)
_125902_/RESET_B                        1.500000    1.553070   -0.053070 (VIOLATED)
u_instruction_ram.g_sram[1].u_macro/addr0[0]    0.040000    0.092970   -0.052970 (VIOLATED)
_125905_/RESET_B                        1.500000    1.552821   -0.052821 (VIOLATED)
_124912_/RESET_B                        1.500000    1.552728   -0.052728 (VIOLATED)
_124914_/RESET_B                        1.500000    1.552690   -0.052690 (VIOLATED)
u_instruction_ram.g_sram[1].u_macro/addr0[5]    0.040000    0.092629   -0.052629 (VIOLATED)
_124913_/RESET_B                        1.500000    1.552603   -0.052603 (VIOLATED)
_125900_/RESET_B                        1.500000    1.550862   -0.050862 (VIOLATED)
_124908_/RESET_B                        1.500000    1.550599   -0.050599 (VIOLATED)
_060937_/A2                             1.500000    1.550000   -0.050000 (VIOLATED)
_125899_/SET_B                          1.500000    1.549973   -0.049973 (VIOLATED)
ANTENNA_154/DIODE                       1.500000    1.549915   -0.049916 (VIOLATED)
ANTENNA_153/DIODE                       1.500000    1.549907   -0.049907 (VIOLATED)
ANTENNA_163/DIODE                       1.500000    1.549888   -0.049888 (VIOLATED)
ANTENNA_161/DIODE                       1.500000    1.549885   -0.049885 (VIOLATED)
ANTENNA_159/DIODE                       1.500000    1.549881   -0.049881 (VIOLATED)
ANTENNA_157/DIODE                       1.500000    1.549875   -0.049875 (VIOLATED)
ANTENNA_155/DIODE                       1.500000    1.549865   -0.049865 (VIOLATED)
ANTENNA_156/DIODE                       1.500000    1.549828   -0.049828 (VIOLATED)
ANTENNA_158/DIODE                       1.500000    1.549801   -0.049801 (VIOLATED)
ANTENNA_162/DIODE                       1.500000    1.549775   -0.049775 (VIOLATED)
ANTENNA_160/DIODE                       1.500000    1.549581   -0.049581 (VIOLATED)
u_data_ram.g_sram[1].u_macro/addr0[6]    0.040000    0.089173   -0.049173 (VIOLATED)
_124909_/RESET_B                        1.500000    1.548569   -0.048569 (VIOLATED)
u_data_ram.g_sram[1].u_macro/addr1[8]    0.040000    0.088547   -0.048547 (VIOLATED)
_112810_/A1                             1.500000    1.548524   -0.048524 (VIOLATED)
_125908_/RESET_B                        1.500000    1.548505   -0.048505 (VIOLATED)
_126338_/RESET_B                        1.500000    1.548276   -0.048276 (VIOLATED)
u_instruction_ram.g_sram[1].u_macro/addr1[0]    0.040000    0.088166   -0.048166 (VIOLATED)
_126413_/RESET_B                        1.500000    1.548057   -0.048057 (VIOLATED)
u_instruction_ram.g_sram[1].u_macro/addr0[7]    0.040000    0.087701   -0.047701 (VIOLATED)
ANTENNA_1234/DIODE                      1.500000    1.547688   -0.047689 (VIOLATED)
ANTENNA_1232/DIODE                      1.500000    1.547680   -0.047680 (VIOLATED)
ANTENNA_1238/DIODE                      1.500000    1.547679   -0.047679 (VIOLATED)
_124919_/RESET_B                        1.500000    1.547657   -0.047657 (VIOLATED)
ANTENNA_1235/DIODE                      1.500000    1.547634   -0.047634 (VIOLATED)
ANTENNA_1230/DIODE                      1.500000    1.547633   -0.047633 (VIOLATED)
ANTENNA_1237/DIODE                      1.500000    1.547633   -0.047633 (VIOLATED)
_091173_/A1                             1.500000    1.547598   -0.047598 (VIOLATED)
_124364_/RESET_B                        1.500000    1.547551   -0.047551 (VIOLATED)
ANTENNA_1228/DIODE                      1.500000    1.547464   -0.047464 (VIOLATED)
u_instruction_ram.g_sram[1].u_macro/addr1[1]    0.040000    0.087357   -0.047357 (VIOLATED)
ANTENNA_1229/DIODE                      1.500000    1.547352   -0.047352 (VIOLATED)
ANTENNA_1231/DIODE                      1.500000    1.547343   -0.047343 (VIOLATED)
ANTENNA_1233/DIODE                      1.500000    1.547294   -0.047294 (VIOLATED)
ANTENNA_1236/DIODE                      1.500000    1.547111   -0.047111 (VIOLATED)
_124407_/RESET_B                        1.500000    1.546639   -0.046639 (VIOLATED)
_126453_/D                              1.500000    1.546570   -0.046570 (VIOLATED)
u_instruction_ram.g_sram[1].u_macro/addr1[5]    0.040000    0.086527   -0.046527 (VIOLATED)
u_data_ram.g_sram[1].u_macro/addr1[7]    0.040000    0.086019   -0.046019 (VIOLATED)
_081481_/C1                             1.500000    1.545758   -0.045758 (VIOLATED)
_123906_/RESET_B                        1.500000    1.545489   -0.045489 (VIOLATED)
_126501_/RESET_B                        1.500000    1.545463   -0.045463 (VIOLATED)
u_instruction_ram.g_sram[1].u_macro/addr1[2]    0.040000    0.085403   -0.045403 (VIOLATED)
_125910_/RESET_B                        1.500000    1.545261   -0.045261 (VIOLATED)
_126495_/RESET_B                        1.500000    1.544936   -0.044936 (VIOLATED)
_124920_/RESET_B                        1.500000    1.544827   -0.044827 (VIOLATED)
u_instruction_ram.g_sram[0].u_macro/wmask0[1]    0.040000    0.084459   -0.044459 (VIOLATED)
_125911_/RESET_B                        1.500000    1.544412   -0.044412 (VIOLATED)
_062206_/X                              1.505448    1.549251   -0.043803 (VIOLATED)
_125904_/RESET_B                        1.500000    1.543313   -0.043313 (VIOLATED)
_124921_/RESET_B                        1.500000    1.543113   -0.043113 (VIOLATED)
u_instruction_ram.g_sram[1].u_macro/addr1[3]    0.040000    0.083043   -0.043043 (VIOLATED)
u_data_ram.g_sram[1].u_macro/addr1[3]    0.040000    0.083010   -0.043010 (VIOLATED)
u_data_ram.g_sram[1].u_macro/addr1[2]    0.040000    0.082828   -0.042828 (VIOLATED)
_124907_/RESET_B                        1.500000    1.542683   -0.042683 (VIOLATED)
_124923_/RESET_B                        1.500000    1.542661   -0.042661 (VIOLATED)
_124632_/RESET_B                        1.500000    1.542064   -0.042064 (VIOLATED)
u_data_ram.g_sram[1].u_macro/addr1[5]    0.040000    0.082048   -0.042048 (VIOLATED)
u_data_ram.g_sram[1].u_macro/addr1[4]    0.040000    0.081990   -0.041990 (VIOLATED)
_125039_/RESET_B                        1.500000    1.541321   -0.041321 (VIOLATED)
_062320_/B1                             1.500000    1.540950   -0.040950 (VIOLATED)
_125907_/RESET_B                        1.500000    1.540871   -0.040871 (VIOLATED)
_124922_/RESET_B                        1.500000    1.540487   -0.040487 (VIOLATED)
u_instruction_ram.g_sram[1].u_macro/addr1[4]    0.040000    0.080451   -0.040451 (VIOLATED)
u_instruction_ram.g_sram[1].u_macro/addr1[6]    0.040000    0.080445   -0.040445 (VIOLATED)
_125040_/RESET_B                        1.500000    1.540433   -0.040433 (VIOLATED)
u_data_ram.g_sram[1].u_macro/addr1[6]    0.040000    0.080250   -0.040250 (VIOLATED)
_125078_/RESET_B                        1.500000    1.539325   -0.039325 (VIOLATED)
_125077_/RESET_B                        1.500000    1.539113   -0.039113 (VIOLATED)
_125075_/RESET_B                        1.500000    1.538645   -0.038645 (VIOLATED)
_062382_/X                              1.508011    1.546411   -0.038400 (VIOLATED)
load_slew453/A                          1.500000    1.537229   -0.037229 (VIOLATED)
_126459_/D                              1.500000    1.536905   -0.036905 (VIOLATED)
_062305_/X                              1.505448    1.541648   -0.036200 (VIOLATED)
_125076_/RESET_B                        1.500000    1.534171   -0.034171 (VIOLATED)
_125702_/RESET_B                        1.500000    1.533622   -0.033622 (VIOLATED)
_123847_/RESET_B                        1.500000    1.533399   -0.033399 (VIOLATED)
_111174_/A1                             1.500000    1.532946   -0.032946 (VIOLATED)
_123486_/RESET_B                        1.500000    1.532908   -0.032908 (VIOLATED)
_062319_/X                              1.506058    1.538843   -0.032785 (VIOLATED)
_125074_/RESET_B                        1.500000    1.532741   -0.032741 (VIOLATED)
_062182_/X                              1.505448    1.537715   -0.032267 (VIOLATED)
_126263_/RESET_B                        1.500000    1.531321   -0.031321 (VIOLATED)
_126115_/RESET_B                        1.500000    1.531147   -0.031147 (VIOLATED)
u_data_ram.g_sram[0].u_macro/wmask0[0]    0.040000    0.070652   -0.030652 (VIOLATED)
_061038_/B1                             1.500000    1.530506   -0.030506 (VIOLATED)
_062458_/X                              1.508011    1.536731   -0.028720 (VIOLATED)
_061055_/A                              1.500000    1.528445   -0.028445 (VIOLATED)
_061031_/A                              1.500000    1.527421   -0.027421 (VIOLATED)
_125073_/RESET_B                        1.500000    1.524647   -0.024647 (VIOLATED)
wire587/A                               1.500000    1.524072   -0.024072 (VIOLATED)
_060964_/B1                             1.500000    1.523699   -0.023699 (VIOLATED)
load_slew603/A                          1.500000    1.523282   -0.023282 (VIOLATED)
_125859_/RESET_B                        1.500000    1.523267   -0.023267 (VIOLATED)
ANTENNA_2640/DIODE                      1.500000    1.523136   -0.023136 (VIOLATED)
_060999_/B1                             1.500000    1.523077   -0.023077 (VIOLATED)
_060898_/B1                             1.500000    1.521403   -0.021403 (VIOLATED)
output45/A                              1.500000    1.520135   -0.020135 (VIOLATED)
_060890_/B1                             1.500000    1.519710   -0.019710 (VIOLATED)
_061073_/B1                             1.500000    1.519030   -0.019030 (VIOLATED)
_123672_/RESET_B                        1.500000    1.517735   -0.017735 (VIOLATED)
_060927_/B1                             1.500000    1.515459   -0.015459 (VIOLATED)
ANTENNA_1869/DIODE                      1.500000    1.514392   -0.014392 (VIOLATED)
_125072_/RESET_B                        1.500000    1.513953   -0.013953 (VIOLATED)
_113132_/A0                             1.500000    1.513608   -0.013608 (VIOLATED)
ANTENNA_1791/DIODE                      1.500000    1.513467   -0.013467 (VIOLATED)
load_slew550/A                          1.500000    1.512698   -0.012698 (VIOLATED)
_060825_/B1                             1.500000    1.512620   -0.012620 (VIOLATED)
_060344_/A1                             1.500000    1.512578   -0.012578 (VIOLATED)
_125959_/D                              1.500000    1.512460   -0.012460 (VIOLATED)
_061067_/B1                             1.500000    1.512347   -0.012347 (VIOLATED)
load_slew628/A                          1.500000    1.511415   -0.011415 (VIOLATED)
ANTENNA_1603/DIODE                      1.500000    1.511361   -0.011361 (VIOLATED)
_112583_/A1                             1.500000    1.510928   -0.010928 (VIOLATED)
_111475_/C1                             1.500000    1.509296   -0.009296 (VIOLATED)
_060808_/B1                             1.500000    1.508751   -0.008751 (VIOLATED)
_060783_/B1                             1.500000    1.508585   -0.008585 (VIOLATED)
_111559_/A1                             1.500000    1.508298   -0.008298 (VIOLATED)
_095406_/A1                             1.500000    1.506852   -0.006852 (VIOLATED)
_125912_/RESET_B                        1.500000    1.506829   -0.006829 (VIOLATED)
_062870_/A1                             1.500000    1.506755   -0.006755 (VIOLATED)
_124906_/RESET_B                        1.500000    1.506724   -0.006724 (VIOLATED)
_063190_/A1                             1.500000    1.506662   -0.006662 (VIOLATED)
_094804_/B1                             1.500000    1.506608   -0.006608 (VIOLATED)
_063917_/A1                             1.500000    1.506236   -0.006236 (VIOLATED)
_095392_/A1                             1.500000    1.505992   -0.005992 (VIOLATED)
load_slew2136/A                         1.500000    1.505390   -0.005390 (VIOLATED)
wire635/A                               1.500000    1.505331   -0.005331 (VIOLATED)
_063548_/A1                             1.500000    1.505293   -0.005293 (VIOLATED)
ANTENNA_2649/DIODE                      1.500000    1.505272   -0.005272 (VIOLATED)
_062692_/A                              1.500000    1.504741   -0.004741 (VIOLATED)
_063554_/A1                             1.500000    1.504651   -0.004651 (VIOLATED)
_060951_/B2                             1.500000    1.504647   -0.004647 (VIOLATED)
_063376_/A1                             1.500000    1.504637   -0.004637 (VIOLATED)
_062258_/B1                             1.500000    1.504390   -0.004390 (VIOLATED)
_094792_/A1                             1.500000    1.503619   -0.003619 (VIOLATED)
_062698_/B2                             1.500000    1.503590   -0.003590 (VIOLATED)
_063110_/B1                             1.500000    1.503480   -0.003480 (VIOLATED)
_094786_/B1                             1.500000    1.502886   -0.002886 (VIOLATED)
_063378_/A                              1.500000    1.502723   -0.002723 (VIOLATED)
_095380_/B1                             1.500000    1.502703   -0.002703 (VIOLATED)
_095365_/B1                             1.500000    1.502320   -0.002320 (VIOLATED)
_095356_/B1                             1.500000    1.502144   -0.002144 (VIOLATED)
_094779_/A1                             1.500000    1.501928   -0.001928 (VIOLATED)
_094766_/A1                             1.500000    1.501758   -0.001758 (VIOLATED)
_061992_/A1                             1.500000    1.501700   -0.001700 (VIOLATED)
_063003_/A                              1.500000    1.501285   -0.001285 (VIOLATED)
_094759_/A1                             1.500000    1.501175   -0.001175 (VIOLATED)
_094752_/B1                             1.500000    1.501089   -0.001089 (VIOLATED)
_061037_/X                              1.507651    1.508493   -0.000842 (VIOLATED)
_062603_/C1                             1.500000    1.500201   -0.000201 (VIOLATED)

max capacitance

Pin                                        Limit         Cap       Slack
------------------------------------------------------------------------
_062179_/X                              0.342417    0.488214   -0.145797 (VIOLATED)
_059196_/Y                              0.195017    0.326108   -0.131091 (VIOLATED)
clkbuf_1_1_0_clk_i/X                    1.181955    1.300728   -0.118773 (VIOLATED)
_060882_/Y                              0.193186    0.296423   -0.103237 (VIOLATED)
_060891_/Y                              0.161143    0.262144   -0.101001 (VIOLATED)
_060890_/Y                              0.174876    0.269696   -0.094820 (VIOLATED)
_089404_/X                              0.230723    0.294718   -0.063995 (VIOLATED)
_061999_/X                              0.230723    0.291435   -0.060712 (VIOLATED)
_062395_/X                              0.342417    0.392917   -0.050500 (VIOLATED)
_062005_/X                              0.230723    0.279243   -0.048520 (VIOLATED)
_101749_/Y                              0.390025    0.428967   -0.038942 (VIOLATED)
_062192_/X                              0.342417    0.381099   -0.038682 (VIOLATED)
_062310_/X                              0.342417    0.377679   -0.035262 (VIOLATED)
_101412_/Y                              0.296641    0.331404   -0.034763 (VIOLATED)
_062336_/X                              0.342417    0.376653   -0.034236 (VIOLATED)
u_npu.u_npu_sram.g_sram[5].u_macro/dout1[1]    0.027560    0.061438   -0.033878 (VIOLATED)
_062323_/X                              0.342417    0.376161   -0.033744 (VIOLATED)
_062360_/X                              0.342417    0.376094   -0.033677 (VIOLATED)
u_instruction_ram.g_sram[3].u_macro/dout1[12]    0.027560    0.060484   -0.032924 (VIOLATED)
u_data_ram.g_sram[3].u_macro/dout1[16]    0.027560    0.060376   -0.032816 (VIOLATED)
u_instruction_ram.g_sram[3].u_macro/dout1[1]    0.027560    0.058604   -0.031044 (VIOLATED)
u_npu.u_npu_sram.g_sram[8].u_macro/dout1[17]    0.027560    0.057771   -0.030211 (VIOLATED)
u_npu.u_npu_sram.g_sram[5].u_macro/dout1[5]    0.027560    0.056783   -0.029223 (VIOLATED)
_061993_/X                              0.230723    0.259056   -0.028333 (VIOLATED)
u_npu.u_npu_sram.g_sram[11].u_macro/dout1[20]    0.027560    0.055892   -0.028332 (VIOLATED)
u_instruction_ram.g_sram[1].u_macro/dout1[14]    0.027560    0.055705   -0.028145 (VIOLATED)
u_npu.u_npu_sram.g_sram[4].u_macro/dout0[15]    0.027560    0.055455   -0.027895 (VIOLATED)
u_npu.u_npu_sram.g_sram[4].u_macro/dout0[10]    0.027560    0.055248   -0.027688 (VIOLATED)
u_npu.u_npu_sram.g_sram[5].u_macro/dout0[1]    0.027560    0.055059   -0.027499 (VIOLATED)
u_data_ram.g_sram[2].u_macro/dout1[22]    0.027560    0.054624   -0.027064 (VIOLATED)
_062131_/X                              0.342417    0.368383   -0.025966 (VIOLATED)
u_instruction_ram.g_sram[3].u_macro/dout1[10]    0.027560    0.053228   -0.025668 (VIOLATED)
_089360_/X                              0.230723    0.255948   -0.025225 (VIOLATED)
u_data_ram.g_sram[3].u_macro/dout1[31]    0.027560    0.051554   -0.023994 (VIOLATED)
u_npu.u_npu_sram.g_sram[5].u_macro/dout1[22]    0.027560    0.051331   -0.023771 (VIOLATED)
u_instruction_ram.g_sram[1].u_macro/dout1[11]    0.027560    0.050969   -0.023409 (VIOLATED)
u_npu.u_npu_sram.g_sram[4].u_macro/dout0[14]    0.027560    0.050836   -0.023276 (VIOLATED)
u_instruction_ram.g_sram[2].u_macro/dout1[20]    0.027560    0.050666   -0.023106 (VIOLATED)
u_npu.u_npu_sram.g_sram[4].u_macro/dout0[16]    0.027560    0.050582   -0.023022 (VIOLATED)
u_npu.u_npu_sram.g_sram[4].u_macro/dout0[25]    0.027560    0.050277   -0.022717 (VIOLATED)
u_instruction_ram.g_sram[1].u_macro/dout1[13]    0.027560    0.050184   -0.022624 (VIOLATED)
hold15116/X                             0.201426    0.224024   -0.022598 (VIOLATED)
u_npu.u_npu_sram.g_sram[8].u_macro/dout0[14]    0.027560    0.049700   -0.022140 (VIOLATED)
u_instruction_ram.g_sram[2].u_macro/dout1[6]    0.027560    0.049327   -0.021767 (VIOLATED)
u_npu.u_npu_sram.g_sram[4].u_macro/dout0[8]    0.027560    0.049175   -0.021615 (VIOLATED)
u_npu.u_npu_sram.g_sram[5].u_macro/dout1[8]    0.027560    0.049174   -0.021614 (VIOLATED)
u_npu.u_npu_sram.g_sram[4].u_macro/dout0[31]    0.027560    0.048745   -0.021185 (VIOLATED)
_060984_/X                              0.370798    0.391982   -0.021184 (VIOLATED)
u_data_ram.g_sram[2].u_macro/dout1[18]    0.027560    0.048154   -0.020594 (VIOLATED)
u_npu.u_npu_sram.g_sram[4].u_macro/dout0[24]    0.027560    0.048085   -0.020525 (VIOLATED)
u_instruction_ram.g_sram[1].u_macro/dout1[28]    0.027560    0.048041   -0.020481 (VIOLATED)
u_npu.u_npu_sram.g_sram[8].u_macro/dout1[27]    0.027560    0.047530   -0.019970 (VIOLATED)
_058632_/Y                              0.195017    0.214916   -0.019899 (VIOLATED)
u_data_ram.g_sram[3].u_macro/dout1[15]    0.027560    0.047262   -0.019702 (VIOLATED)
u_instruction_ram.g_sram[2].u_macro/dout1[27]    0.027560    0.047195   -0.019635 (VIOLATED)
_062007_/X                              0.230723    0.250187   -0.019464 (VIOLATED)
u_npu.u_npu_sram.g_sram[10].u_macro/dout1[10]    0.027560    0.046911   -0.019351 (VIOLATED)
u_npu.u_npu_sram.g_sram[9].u_macro/dout1[0]    0.027560    0.046907   -0.019347 (VIOLATED)
u_npu.u_npu_sram.g_sram[4].u_macro/dout0[21]    0.027560    0.046679   -0.019119 (VIOLATED)
u_data_ram.g_sram[2].u_macro/dout1[5]    0.027560    0.046476   -0.018916 (VIOLATED)
_062003_/X                              0.230723    0.249637   -0.018914 (VIOLATED)
_062206_/X                              0.370798    0.389536   -0.018738 (VIOLATED)
u_instruction_ram.g_sram[2].u_macro/dout1[8]    0.027560    0.046064   -0.018504 (VIOLATED)
u_npu.u_npu_sram.g_sram[2].u_macro/dout1[27]    0.027560    0.046046   -0.018487 (VIOLATED)
u_data_ram.g_sram[3].u_macro/dout1[0]    0.027560    0.045896   -0.018336 (VIOLATED)
u_npu.u_npu_sram.g_sram[10].u_macro/dout1[24]    0.027560    0.045802   -0.018242 (VIOLATED)
u_npu.u_npu_sram.g_sram[4].u_macro/dout0[28]    0.027560    0.045603   -0.018043 (VIOLATED)
u_data_ram.g_sram[3].u_macro/dout1[13]    0.027560    0.045506   -0.017946 (VIOLATED)
u_instruction_ram.g_sram[3].u_macro/dout1[31]    0.027560    0.045371   -0.017811 (VIOLATED)
u_data_ram.g_sram[2].u_macro/dout1[19]    0.027560    0.045305   -0.017745 (VIOLATED)
u_npu.u_npu_sram.g_sram[7].u_macro/dout0[1]    0.027560    0.044919   -0.017359 (VIOLATED)
u_data_ram.g_sram[3].u_macro/dout1[30]    0.027560    0.044787   -0.017227 (VIOLATED)
u_instruction_ram.g_sram[1].u_macro/dout1[29]    0.027560    0.044342   -0.016782 (VIOLATED)
_089375_/X                              0.230723    0.247381   -0.016658 (VIOLATED)
u_npu.u_npu_sram.g_sram[5].u_macro/dout1[24]    0.027560    0.044107   -0.016547 (VIOLATED)
u_data_ram.g_sram[1].u_macro/dout1[13]    0.027560    0.043952   -0.016392 (VIOLATED)
u_npu.u_npu_sram.g_sram[4].u_macro/dout0[5]    0.027560    0.043943   -0.016383 (VIOLATED)
u_npu.u_npu_sram.g_sram[4].u_macro/dout1[3]    0.027560    0.043668   -0.016108 (VIOLATED)
u_npu.u_npu_sram.g_sram[4].u_macro/dout0[0]    0.027560    0.043572   -0.016012 (VIOLATED)
u_data_ram.g_sram[2].u_macro/dout1[24]    0.027560    0.043548   -0.015988 (VIOLATED)
u_npu.u_npu_sram.g_sram[8].u_macro/dout1[12]    0.027560    0.043512   -0.015952 (VIOLATED)
u_npu.u_npu_sram.g_sram[4].u_macro/dout0[18]    0.027560    0.043369   -0.015809 (VIOLATED)
_062182_/X                              0.370798    0.386515   -0.015717 (VIOLATED)
u_instruction_ram.g_sram[1].u_macro/dout1[26]    0.027560    0.043047   -0.015487 (VIOLATED)
u_npu.u_npu_sram.g_sram[9].u_macro/dout1[8]    0.027560    0.043036   -0.015476 (VIOLATED)
u_npu.u_npu_sram.g_sram[4].u_macro/dout1[13]    0.027560    0.042996   -0.015436 (VIOLATED)
u_data_ram.g_sram[2].u_macro/dout1[17]    0.027560    0.042963   -0.015403 (VIOLATED)
u_data_ram.g_sram[1].u_macro/dout1[9]    0.027560    0.042956   -0.015396 (VIOLATED)
u_npu.u_npu_sram.g_sram[14].u_macro/dout1[10]    0.027560    0.042616   -0.015056 (VIOLATED)
u_data_ram.g_sram[2].u_macro/dout1[27]    0.027560    0.042463   -0.014903 (VIOLATED)
_062305_/X                              0.370798    0.385647   -0.014849 (VIOLATED)
u_data_ram.g_sram[2].u_macro/dout1[26]    0.027560    0.042268   -0.014708 (VIOLATED)
u_npu.u_npu_sram.g_sram[5].u_macro/dout1[30]    0.027560    0.042175   -0.014615 (VIOLATED)
u_npu.u_npu_sram.g_sram[8].u_macro/dout0[16]    0.027560    0.042098   -0.014538 (VIOLATED)
u_instruction_ram.g_sram[2].u_macro/dout1[4]    0.027560    0.042067   -0.014507 (VIOLATED)
u_data_ram.g_sram[1].u_macro/dout1[12]    0.027560    0.042067   -0.014507 (VIOLATED)
u_instruction_ram.g_sram[0].u_macro/dout1[2]    0.027560    0.041899   -0.014339 (VIOLATED)
u_npu.u_npu_sram.g_sram[4].u_macro/dout0[13]    0.027560    0.041895   -0.014335 (VIOLATED)
u_npu.u_npu_sram.g_sram[4].u_macro/dout0[29]    0.027560    0.041792   -0.014232 (VIOLATED)
u_instruction_ram.g_sram[2].u_macro/dout1[18]    0.027560    0.041771   -0.014211 (VIOLATED)
u_instruction_ram.g_sram[2].u_macro/dout1[16]    0.027560    0.041754   -0.014194 (VIOLATED)
u_instruction_ram.g_sram[3].u_macro/dout1[14]    0.027560    0.041620   -0.014060 (VIOLATED)
u_data_ram.g_sram[3].u_macro/dout1[12]    0.027560    0.041449   -0.013889 (VIOLATED)
u_data_ram.g_sram[1].u_macro/dout1[27]    0.027560    0.041239   -0.013679 (VIOLATED)
u_npu.u_npu_sram.g_sram[8].u_macro/dout0[13]    0.027560    0.041155   -0.013595 (VIOLATED)
u_data_ram.g_sram[3].u_macro/dout1[1]    0.027560    0.041134   -0.013574 (VIOLATED)
u_npu.u_npu_sram.g_sram[9].u_macro/dout1[26]    0.027560    0.041046   -0.013486 (VIOLATED)
u_npu.u_npu_sram.g_sram[14].u_macro/dout1[29]    0.027560    0.040819   -0.013259 (VIOLATED)
u_instruction_ram.g_sram[2].u_macro/dout1[21]    0.027560    0.040696   -0.013136 (VIOLATED)
u_instruction_ram.g_sram[3].u_macro/dout1[30]    0.027560    0.040691   -0.013131 (VIOLATED)
u_npu.u_npu_sram.g_sram[8].u_macro/dout1[4]    0.027560    0.040555   -0.012995 (VIOLATED)
u_npu.u_npu_sram.g_sram[10].u_macro/dout1[28]    0.027560    0.040475   -0.012915 (VIOLATED)
u_data_ram.g_sram[2].u_macro/dout1[21]    0.027560    0.040381   -0.012821 (VIOLATED)
u_npu.u_npu_sram.g_sram[8].u_macro/dout0[15]    0.027560    0.040197   -0.012637 (VIOLATED)
u_npu.u_npu_sram.g_sram[11].u_macro/dout1[8]    0.027560    0.040191   -0.012631 (VIOLATED)
u_npu.u_npu_sram.g_sram[8].u_macro/dout0[23]    0.027560    0.040139   -0.012579 (VIOLATED)
u_instruction_ram.g_sram[0].u_macro/dout1[0]    0.027560    0.040099   -0.012539 (VIOLATED)
u_instruction_ram.g_sram[3].u_macro/dout1[0]    0.027560    0.040089   -0.012529 (VIOLATED)
u_npu.u_npu_sram.g_sram[4].u_macro/dout0[7]    0.027560    0.040040   -0.012480 (VIOLATED)
u_npu.u_npu_sram.g_sram[4].u_macro/dout0[23]    0.027560    0.039904   -0.012344 (VIOLATED)
u_data_ram.g_sram[2].u_macro/dout1[2]    0.027560    0.039900   -0.012340 (VIOLATED)
u_npu.u_npu_sram.g_sram[7].u_macro/dout0[11]    0.027560    0.039891   -0.012331 (VIOLATED)
u_npu.u_npu_sram.g_sram[8].u_macro/dout0[17]    0.027560    0.039843   -0.012283 (VIOLATED)
u_npu.u_npu_sram.g_sram[3].u_macro/dout1[14]    0.027560    0.039673   -0.012113 (VIOLATED)
u_data_ram.g_sram[3].u_macro/dout1[29]    0.027560    0.039662   -0.012102 (VIOLATED)
u_data_ram.g_sram[2].u_macro/dout1[4]    0.027560    0.039259   -0.011699 (VIOLATED)
u_npu.u_npu_sram.g_sram[8].u_macro/dout1[23]    0.027560    0.039098   -0.011538 (VIOLATED)
u_data_ram.g_sram[2].u_macro/dout1[8]    0.027560    0.038935   -0.011375 (VIOLATED)
u_npu.u_npu_sram.g_sram[8].u_macro/dout0[1]    0.027560    0.038926   -0.011366 (VIOLATED)
u_data_ram.g_sram[2].u_macro/dout1[3]    0.027560    0.038845   -0.011285 (VIOLATED)
u_data_ram.g_sram[2].u_macro/dout1[23]    0.027560    0.038751   -0.011191 (VIOLATED)
u_data_ram.g_sram[1].u_macro/dout1[7]    0.027560    0.038659   -0.011099 (VIOLATED)
u_npu.u_npu_sram.g_sram[6].u_macro/dout1[29]    0.027560    0.038503   -0.010943 (VIOLATED)
u_npu.u_npu_sram.g_sram[4].u_macro/dout0[19]    0.027560    0.038343   -0.010783 (VIOLATED)
u_npu.u_npu_sram.g_sram[9].u_macro/dout1[14]    0.027560    0.038333   -0.010773 (VIOLATED)
u_data_ram.g_sram[2].u_macro/dout1[6]    0.027560    0.038253   -0.010693 (VIOLATED)
u_instruction_ram.g_sram[3].u_macro/dout1[11]    0.027560    0.038227   -0.010667 (VIOLATED)
u_instruction_ram.g_sram[3].u_macro/dout1[29]    0.027560    0.038125   -0.010565 (VIOLATED)
u_data_ram.g_sram[0].u_macro/dout1[1]    0.027560    0.038096   -0.010536 (VIOLATED)
u_npu.u_npu_sram.g_sram[4].u_macro/dout1[15]    0.027560    0.038020   -0.010460 (VIOLATED)
u_data_ram.g_sram[1].u_macro/dout1[28]    0.027560    0.037949   -0.010389 (VIOLATED)
u_npu.u_npu_sram.g_sram[1].u_macro/dout1[18]    0.027560    0.037805   -0.010245 (VIOLATED)
u_npu.u_npu_sram.g_sram[8].u_macro/dout0[28]    0.027560    0.037699   -0.010139 (VIOLATED)
u_instruction_ram.g_sram[3].u_macro/dout1[25]    0.027560    0.037683   -0.010123 (VIOLATED)
u_npu.u_npu_sram.g_sram[9].u_macro/dout1[24]    0.027560    0.037612   -0.010052 (VIOLATED)
u_npu.u_npu_sram.g_sram[9].u_macro/dout1[20]    0.027560    0.037568   -0.010008 (VIOLATED)
u_data_ram.g_sram[1].u_macro/dout1[29]    0.027560    0.037522   -0.009962 (VIOLATED)
u_data_ram.g_sram[1].u_macro/dout1[10]    0.027560    0.037482   -0.009922 (VIOLATED)
_062382_/X                              0.342417    0.352330   -0.009913 (VIOLATED)
u_instruction_ram.g_sram[3].u_macro/dout1[28]    0.027560    0.037293   -0.009733 (VIOLATED)
u_npu.u_npu_sram.g_sram[3].u_macro/dout0[6]    0.027560    0.037254   -0.009694 (VIOLATED)
u_data_ram.g_sram[1].u_macro/dout1[23]    0.027560    0.037234   -0.009674 (VIOLATED)
u_instruction_ram.g_sram[2].u_macro/dout1[26]    0.027560    0.037225   -0.009665 (VIOLATED)
u_npu.u_npu_sram.g_sram[5].u_macro/dout0[11]    0.027560    0.037037   -0.009477 (VIOLATED)
u_instruction_ram.g_sram[2].u_macro/dout1[19]    0.027560    0.036911   -0.009351 (VIOLATED)
u_npu.u_npu_sram.g_sram[11].u_macro/dout1[9]    0.027560    0.036876   -0.009316 (VIOLATED)
u_npu.u_npu_sram.g_sram[14].u_macro/dout1[28]    0.027560    0.036832   -0.009272 (VIOLATED)
u_npu.u_npu_sram.g_sram[7].u_macro/dout1[8]    0.027560    0.036697   -0.009137 (VIOLATED)
u_npu.u_npu_sram.g_sram[8].u_macro/dout0[25]    0.027560    0.036686   -0.009126 (VIOLATED)
u_instruction_ram.g_sram[3].u_macro/dout1[13]    0.027560    0.036675   -0.009115 (VIOLATED)
u_npu.u_npu_sram.g_sram[10].u_macro/dout1[29]    0.027560    0.036365   -0.008805 (VIOLATED)
u_npu.u_npu_sram.g_sram[5].u_macro/dout1[21]    0.027560    0.036318   -0.008758 (VIOLATED)
u_instruction_ram.g_sram[2].u_macro/dout1[23]    0.027560    0.036254   -0.008694 (VIOLATED)
u_data_ram.g_sram[1].u_macro/dout1[26]    0.027560    0.036178   -0.008618 (VIOLATED)
u_npu.u_npu_sram.g_sram[4].u_macro/dout0[12]    0.027560    0.036173   -0.008613 (VIOLATED)
u_npu.u_npu_sram.g_sram[7].u_macro/dout0[2]    0.027560    0.036067   -0.008507 (VIOLATED)
u_instruction_ram.g_sram[0].u_macro/dout1[25]    0.027560    0.036056   -0.008496 (VIOLATED)
u_npu.u_npu_sram.g_sram[4].u_macro/dout1[7]    0.027560    0.035864   -0.008304 (VIOLATED)
u_data_ram.g_sram[1].u_macro/dout1[14]    0.027560    0.035834   -0.008274 (VIOLATED)
u_instruction_ram.g_sram[2].u_macro/dout1[29]    0.027560    0.035678   -0.008118 (VIOLATED)
_061995_/X                              0.230723    0.238837   -0.008114 (VIOLATED)
u_data_ram.g_sram[0].u_macro/dout1[28]    0.027560    0.035514   -0.007954 (VIOLATED)
u_npu.u_npu_sram.g_sram[8].u_macro/dout0[5]    0.027560    0.035454   -0.007894 (VIOLATED)
u_data_ram.g_sram[3].u_macro/dout1[25]    0.027560    0.035428   -0.007868 (VIOLATED)
u_npu.u_npu_sram.g_sram[8].u_macro/dout0[24]    0.027560    0.035332   -0.007772 (VIOLATED)
u_npu.u_npu_sram.g_sram[5].u_macro/dout0[4]    0.027560    0.035257   -0.007697 (VIOLATED)
u_instruction_ram.g_sram[3].u_macro/dout1[7]    0.027560    0.035223   -0.007663 (VIOLATED)
_062458_/X                              0.342417    0.349964   -0.007547 (VIOLATED)
u_npu.u_npu_sram.g_sram[4].u_macro/dout1[2]    0.027560    0.035055   -0.007495 (VIOLATED)
u_npu.u_npu_sram.g_sram[4].u_macro/dout0[9]    0.027560    0.035035   -0.007474 (VIOLATED)
_062319_/X                              0.230723    0.238152   -0.007429 (VIOLATED)
u_npu.u_npu_sram.g_sram[4].u_macro/dout1[5]    0.027560    0.034935   -0.007375 (VIOLATED)
u_instruction_ram.g_sram[1].u_macro/dout1[15]    0.027560    0.034898   -0.007338 (VIOLATED)
u_npu.u_npu_sram.g_sram[11].u_macro/dout0[6]    0.027560    0.034732   -0.007172 (VIOLATED)
u_npu.u_npu_sram.g_sram[2].u_macro/dout1[28]    0.027560    0.034714   -0.007154 (VIOLATED)
u_data_ram.g_sram[3].u_macro/dout1[7]    0.027560    0.034517   -0.006957 (VIOLATED)
u_instruction_ram.g_sram[2].u_macro/dout1[5]    0.027560    0.034469   -0.006909 (VIOLATED)
u_data_ram.g_sram[1].u_macro/dout1[25]    0.027560    0.034457   -0.006897 (VIOLATED)
u_data_ram.g_sram[1].u_macro/dout1[16]    0.027560    0.034422   -0.006862 (VIOLATED)
u_instruction_ram.g_sram[0].u_macro/dout1[28]    0.027560    0.034396   -0.006836 (VIOLATED)
u_npu.u_npu_sram.g_sram[5].u_macro/dout1[31]    0.027560    0.034268   -0.006708 (VIOLATED)
u_instruction_ram.g_sram[3].u_macro/dout1[5]    0.027560    0.034264   -0.006704 (VIOLATED)
u_npu.u_npu_sram.g_sram[9].u_macro/dout1[2]    0.027560    0.034246   -0.006686 (VIOLATED)
u_npu.u_npu_sram.g_sram[1].u_macro/dout1[14]    0.027560    0.033875   -0.006315 (VIOLATED)
u_instruction_ram.g_sram[0].u_macro/dout1[14]    0.027560    0.033736   -0.006176 (VIOLATED)
u_data_ram.g_sram[1].u_macro/dout1[15]    0.027560    0.033629   -0.006069 (VIOLATED)
u_npu.u_npu_sram.g_sram[11].u_macro/dout0[3]    0.027560    0.033600   -0.006040 (VIOLATED)
u_npu.u_npu_sram.g_sram[8].u_macro/dout0[10]    0.027560    0.033425   -0.005865 (VIOLATED)
u_npu.u_npu_sram.g_sram[14].u_macro/dout1[31]    0.027560    0.033409   -0.005849 (VIOLATED)
u_instruction_ram.g_sram[2].u_macro/dout1[22]    0.027560    0.033358   -0.005798 (VIOLATED)
u_data_ram.g_sram[0].u_macro/dout1[13]    0.027560    0.033350   -0.005790 (VIOLATED)
u_npu.u_npu_sram.g_sram[5].u_macro/dout0[24]    0.027560    0.033233   -0.005673 (VIOLATED)
u_data_ram.g_sram[1].u_macro/dout1[11]    0.027560    0.033227   -0.005667 (VIOLATED)
u_npu.u_npu_sram.g_sram[10].u_macro/dout1[21]    0.027560    0.033188   -0.005628 (VIOLATED)
u_npu.u_npu_sram.g_sram[3].u_macro/dout0[8]    0.027560    0.033178   -0.005618 (VIOLATED)
u_npu.u_npu_sram.g_sram[5].u_macro/dout0[28]    0.027560    0.033168   -0.005608 (VIOLATED)
u_instruction_ram.g_sram[2].u_macro/dout1[9]    0.027560    0.032996   -0.005436 (VIOLATED)
u_data_ram.g_sram[3].u_macro/dout1[10]    0.027560    0.032863   -0.005303 (VIOLATED)
u_instruction_ram.g_sram[2].u_macro/dout1[17]    0.027560    0.032848   -0.005288 (VIOLATED)
u_instruction_ram.g_sram[2].u_macro/dout1[28]    0.027560    0.032799   -0.005239 (VIOLATED)
u_instruction_ram.g_sram[2].u_macro/dout1[24]    0.027560    0.032767   -0.005207 (VIOLATED)
u_npu.u_npu_sram.g_sram[4].u_macro/dout1[23]    0.027560    0.032709   -0.005149 (VIOLATED)
u_npu.u_npu_sram.g_sram[4].u_macro/dout0[30]    0.027560    0.032381   -0.004821 (VIOLATED)
u_npu.u_npu_sram.g_sram[4].u_macro/dout0[26]    0.027560    0.032346   -0.004786 (VIOLATED)
u_data_ram.g_sram[1].u_macro/dout1[0]    0.027560    0.032345   -0.004785 (VIOLATED)
u_data_ram.g_sram[3].u_macro/dout1[11]    0.027560    0.032287   -0.004727 (VIOLATED)
_061768_/Y                              0.281077    0.285636   -0.004559 (VIOLATED)
u_data_ram.g_sram[0].u_macro/dout1[11]    0.027560    0.032047   -0.004487 (VIOLATED)
u_npu.u_npu_sram.g_sram[3].u_macro/dout0[5]    0.027560    0.032002   -0.004442 (VIOLATED)
u_npu.u_npu_sram.g_sram[3].u_macro/dout0[9]    0.027560    0.031906   -0.004346 (VIOLATED)
u_npu.u_npu_sram.g_sram[5].u_macro/dout1[3]    0.027560    0.031899   -0.004339 (VIOLATED)
u_npu.u_npu_sram.g_sram[3].u_macro/dout0[4]    0.027560    0.031855   -0.004295 (VIOLATED)
u_data_ram.g_sram[3].u_macro/dout1[14]    0.027560    0.031842   -0.004282 (VIOLATED)
u_npu.u_npu_sram.g_sram[7].u_macro/dout1[1]    0.027560    0.031823   -0.004263 (VIOLATED)
u_npu.u_npu_sram.g_sram[5].u_macro/dout0[0]    0.027560    0.031808   -0.004248 (VIOLATED)
u_npu.u_npu_sram.g_sram[5].u_macro/dout0[30]    0.027560    0.031771   -0.004211 (VIOLATED)
u_npu.u_npu_sram.g_sram[7].u_macro/dout1[24]    0.027560    0.031766   -0.004206 (VIOLATED)
u_npu.u_npu_sram.g_sram[11].u_macro/dout0[29]    0.027560    0.031745   -0.004185 (VIOLATED)
u_npu.u_npu_sram.g_sram[4].u_macro/dout1[24]    0.027560    0.031673   -0.004113 (VIOLATED)
u_npu.u_npu_sram.g_sram[7].u_macro/dout1[5]    0.027560    0.031649   -0.004089 (VIOLATED)
u_npu.u_npu_sram.g_sram[11].u_macro/dout0[4]    0.027560    0.031638   -0.004078 (VIOLATED)
u_npu.u_npu_sram.g_sram[11].u_macro/dout0[26]    0.027560    0.031589   -0.004029 (VIOLATED)
u_data_ram.g_sram[2].u_macro/dout1[20]    0.027560    0.031580   -0.004020 (VIOLATED)
u_npu.u_npu_sram.g_sram[5].u_macro/dout0[22]    0.027560    0.031580   -0.004020 (VIOLATED)
u_npu.u_npu_sram.g_sram[7].u_macro/dout1[22]    0.027560    0.031526   -0.003966 (VIOLATED)
u_npu.u_npu_sram.g_sram[4].u_macro/dout1[22]    0.027560    0.031511   -0.003951 (VIOLATED)
u_npu.u_npu_sram.g_sram[5].u_macro/dout1[15]    0.027560    0.031495   -0.003935 (VIOLATED)
u_npu.u_npu_sram.g_sram[7].u_macro/dout1[31]    0.027560    0.031341   -0.003781 (VIOLATED)
u_npu.u_npu_sram.g_sram[4].u_macro/dout1[16]    0.027560    0.031329   -0.003769 (VIOLATED)
u_instruction_ram.g_sram[0].u_macro/dout1[11]    0.027560    0.031233   -0.003673 (VIOLATED)
u_instruction_ram.g_sram[1].u_macro/dout1[20]    0.027560    0.031205   -0.003645 (VIOLATED)
u_instruction_ram.g_sram[3].u_macro/dout1[9]    0.027560    0.031186   -0.003626 (VIOLATED)
u_npu.u_npu_sram.g_sram[5].u_macro/dout0[20]    0.027560    0.031156   -0.003596 (VIOLATED)
u_npu.u_npu_sram.g_sram[4].u_macro/dout1[30]    0.027560    0.031044   -0.003484 (VIOLATED)
u_instruction_ram.g_sram[2].u_macro/dout1[7]    0.027560    0.030972   -0.003412 (VIOLATED)
u_npu.u_npu_sram.g_sram[1].u_macro/dout1[4]    0.027560    0.030893   -0.003333 (VIOLATED)
u_npu.u_npu_sram.g_sram[3].u_macro/dout1[20]    0.027560    0.030853   -0.003293 (VIOLATED)
u_npu.u_npu_sram.g_sram[1].u_macro/dout1[26]    0.027560    0.030839   -0.003279 (VIOLATED)
u_npu.u_npu_sram.g_sram[7].u_macro/dout1[9]    0.027560    0.030743   -0.003183 (VIOLATED)
u_npu.u_npu_sram.g_sram[11].u_macro/dout0[0]    0.027560    0.030665   -0.003105 (VIOLATED)
u_npu.u_npu_sram.g_sram[4].u_macro/dout0[6]    0.027560    0.030612   -0.003052 (VIOLATED)
_062339_/X                              0.370798    0.373793   -0.002995 (VIOLATED)
u_npu.u_npu_sram.g_sram[8].u_macro/dout1[28]    0.027560    0.030550   -0.002990 (VIOLATED)
u_npu.u_npu_sram.g_sram[11].u_macro/dout1[14]    0.027560    0.030488   -0.002928 (VIOLATED)
u_npu.u_npu_sram.g_sram[8].u_macro/dout1[6]    0.027560    0.030435   -0.002875 (VIOLATED)
u_npu.u_npu_sram.g_sram[5].u_macro/dout0[5]    0.027560    0.030431   -0.002871 (VIOLATED)
u_npu.u_npu_sram.g_sram[9].u_macro/dout1[29]    0.027560    0.030305   -0.002745 (VIOLATED)
u_instruction_ram.g_sram[1].u_macro/dout1[12]    0.027560    0.030278   -0.002718 (VIOLATED)
u_npu.u_npu_sram.g_sram[7].u_macro/dout0[27]    0.027560    0.030259   -0.002699 (VIOLATED)
u_data_ram.g_sram[0].u_macro/dout1[0]    0.027560    0.030257   -0.002697 (VIOLATED)
u_npu.u_npu_sram.g_sram[5].u_macro/dout0[13]    0.027560    0.030187   -0.002627 (VIOLATED)
u_npu.u_npu_sram.g_sram[8].u_macro/dout1[26]    0.027560    0.030136   -0.002576 (VIOLATED)
u_data_ram.g_sram[1].u_macro/dout1[1]    0.027560    0.030067   -0.002507 (VIOLATED)
u_npu.u_npu_sram.g_sram[4].u_macro/dout0[1]    0.027560    0.030054   -0.002494 (VIOLATED)
u_npu.u_npu_sram.g_sram[9].u_macro/dout0[13]    0.027560    0.030004   -0.002444 (VIOLATED)
u_npu.u_npu_sram.g_sram[11].u_macro/dout1[22]    0.027560    0.029999   -0.002439 (VIOLATED)
u_npu.u_npu_sram.g_sram[7].u_macro/dout0[3]    0.027560    0.029955   -0.002395 (VIOLATED)
u_npu.u_npu_sram.g_sram[5].u_macro/dout0[7]    0.027560    0.029926   -0.002366 (VIOLATED)
u_npu.u_npu_sram.g_sram[9].u_macro/dout1[21]    0.027560    0.029863   -0.002303 (VIOLATED)
u_instruction_ram.g_sram[3].u_macro/dout1[27]    0.027560    0.029853   -0.002293 (VIOLATED)
u_npu.u_npu_sram.g_sram[8].u_macro/dout1[11]    0.027560    0.029819   -0.002259 (VIOLATED)
u_instruction_ram.g_sram[2].u_macro/dout1[3]    0.027560    0.029814   -0.002254 (VIOLATED)
u_npu.u_npu_sram.g_sram[11].u_macro/dout0[15]    0.027560    0.029777   -0.002217 (VIOLATED)
u_npu.u_npu_sram.g_sram[4].u_macro/dout0[3]    0.027560    0.029705   -0.002145 (VIOLATED)
u_data_ram.g_sram[0].u_macro/dout1[12]    0.027560    0.029656   -0.002096 (VIOLATED)
u_instruction_ram.g_sram[0].u_macro/dout1[5]    0.027560    0.029650   -0.002090 (VIOLATED)
u_npu.u_npu_sram.g_sram[7].u_macro/dout1[30]    0.027560    0.029636   -0.002076 (VIOLATED)
u_npu.u_npu_sram.g_sram[3].u_macro/dout0[10]    0.027560    0.029592   -0.002032 (VIOLATED)
u_npu.u_npu_sram.g_sram[5].u_macro/dout1[29]    0.027560    0.029563   -0.002003 (VIOLATED)
u_npu.u_npu_sram.g_sram[3].u_macro/dout0[14]    0.027560    0.029554   -0.001994 (VIOLATED)
u_npu.u_npu_sram.g_sram[11].u_macro/dout0[7]    0.027560    0.029468   -0.001908 (VIOLATED)
u_data_ram.g_sram[0].u_macro/dout1[25]    0.027560    0.029337   -0.001777 (VIOLATED)
_062257_/X                              0.230723    0.232484   -0.001761 (VIOLATED)
u_data_ram.g_sram[0].u_macro/dout1[7]    0.027560    0.029242   -0.001682 (VIOLATED)
u_npu.u_npu_sram.g_sram[1].u_macro/dout1[20]    0.027560    0.029144   -0.001584 (VIOLATED)
u_npu.u_npu_sram.g_sram[5].u_macro/dout0[23]    0.027560    0.029066   -0.001506 (VIOLATED)
u_npu.u_npu_sram.g_sram[5].u_macro/dout0[31]    0.027560    0.029060   -0.001500 (VIOLATED)
u_data_ram.g_sram[1].u_macro/dout1[18]    0.027560    0.029056   -0.001496 (VIOLATED)
u_npu.u_npu_sram.g_sram[5].u_macro/dout0[21]    0.027560    0.029031   -0.001471 (VIOLATED)
u_npu.u_npu_sram.g_sram[7].u_macro/dout0[4]    0.027560    0.028981   -0.001421 (VIOLATED)
u_npu.u_npu_sram.g_sram[0].u_macro/dout1[10]    0.027560    0.028914   -0.001354 (VIOLATED)
u_data_ram.g_sram[0].u_macro/dout1[29]    0.027560    0.028905   -0.001345 (VIOLATED)
u_npu.u_npu_sram.g_sram[4].u_macro/dout0[11]    0.027560    0.028747   -0.001187 (VIOLATED)
u_npu.u_npu_sram.g_sram[9].u_macro/dout0[16]    0.027560    0.028734   -0.001174 (VIOLATED)
u_npu.u_npu_sram.g_sram[9].u_macro/dout1[6]    0.027560    0.028729   -0.001169 (VIOLATED)
u_instruction_ram.g_sram[3].u_macro/dout1[23]    0.027560    0.028715   -0.001155 (VIOLATED)
u_data_ram.g_sram[0].u_macro/dout1[16]    0.027560    0.028703   -0.001143 (VIOLATED)
_061038_/X                              0.398264    0.399405   -0.001141 (VIOLATED)
u_npu.u_npu_sram.g_sram[5].u_macro/dout0[9]    0.027560    0.028686   -0.001126 (VIOLATED)
u_npu.u_npu_sram.g_sram[3].u_macro/dout1[13]    0.027560    0.028629   -0.001069 (VIOLATED)
u_npu.u_npu_sram.g_sram[3].u_macro/dout0[3]    0.027560    0.028598   -0.001038 (VIOLATED)
u_npu.u_npu_sram.g_sram[3].u_macro/dout1[1]    0.027560    0.028565   -0.001005 (VIOLATED)
u_npu.u_npu_sram.g_sram[3].u_macro/dout1[11]    0.027560    0.028435   -0.000875 (VIOLATED)
u_npu.u_npu_sram.g_sram[6].u_macro/dout1[30]    0.027560    0.028427   -0.000867 (VIOLATED)
u_npu.u_npu_sram.g_sram[8].u_macro/dout1[14]    0.027560    0.028291   -0.000731 (VIOLATED)
u_npu.u_npu_sram.g_sram[7].u_macro/dout0[5]    0.027560    0.028282   -0.000722 (VIOLATED)
u_npu.u_npu_sram.g_sram[7].u_macro/dout1[12]    0.027560    0.028258   -0.000698 (VIOLATED)
u_npu.u_npu_sram.g_sram[6].u_macro/dout1[31]    0.027560    0.028205   -0.000645 (VIOLATED)
u_instruction_ram.g_sram[3].u_macro/dout1[26]    0.027560    0.028176   -0.000616 (VIOLATED)
u_npu.u_npu_sram.g_sram[9].u_macro/dout1[27]    0.027560    0.028152   -0.000592 (VIOLATED)
u_npu.u_npu_sram.g_sram[9].u_macro/dout0[25]    0.027560    0.028115   -0.000555 (VIOLATED)
u_npu.u_npu_sram.g_sram[14].u_macro/dout1[30]    0.027560    0.028108   -0.000548 (VIOLATED)
u_npu.u_npu_sram.g_sram[9].u_macro/dout0[24]    0.027560    0.028056   -0.000496 (VIOLATED)
u_npu.u_npu_sram.g_sram[3].u_macro/dout1[26]    0.027560    0.028048   -0.000488 (VIOLATED)
u_npu.u_npu_sram.g_sram[11].u_macro/dout0[9]    0.027560    0.028029   -0.000469 (VIOLATED)
_061037_/X                              0.400095    0.400512   -0.000417 (VIOLATED)
u_npu.u_npu_sram.g_sram[7].u_macro/dout1[11]    0.027560    0.027953   -0.000393 (VIOLATED)
u_npu.u_npu_sram.g_sram[7].u_macro/dout0[6]    0.027560    0.027942   -0.000382 (VIOLATED)
u_data_ram.g_sram[2].u_macro/dout1[14]    0.027560    0.027913   -0.000353 (VIOLATED)
u_npu.u_npu_sram.g_sram[0].u_macro/dout1[28]    0.027560    0.027903   -0.000343 (VIOLATED)
u_npu.u_npu_sram.g_sram[5].u_macro/dout0[18]    0.027560    0.027868   -0.000308 (VIOLATED)
u_npu.u_npu_sram.g_sram[4].u_macro/dout0[27]    0.027560    0.027860   -0.000300 (VIOLATED)
u_npu.u_npu_sram.g_sram[12].u_macro/dout1[16]    0.027560    0.027727   -0.000167 (VIOLATED)
u_npu.u_npu_sram.g_sram[7].u_macro/dout1[23]    0.027560    0.027714   -0.000154 (VIOLATED)
u_npu.u_npu_sram.g_sram[7].u_macro/dout1[13]    0.027560    0.027701   -0.000141 (VIOLATED)
u_npu.u_npu_sram.g_sram[3].u_macro/dout1[8]    0.027560    0.027671   -0.000111 (VIOLATED)
u_npu.u_npu_sram.g_sram[8].u_macro/dout0[30]    0.027560    0.027620   -0.000060 (VIOLATED)
u_npu.u_npu_sram.g_sram[8].u_macro/dout0[20]    0.027560    0.027607   -0.000047 (VIOLATED)



===========================================================================
report_parasitic_annotation -report_unannotated
============================================================================
Found 1320 unannotated drivers.
 i2c_scl_i
 _125963__6238/LO
 clkload0/X
 clkload1/Y
 clkload10/Y
 clkload100/X
 clkload1000/X
 clkload1001/Y
 clkload1002/X
 clkload1003/X
 clkload1004/X
 clkload1005/Y
 clkload1006/Y
 clkload1007/X
 clkload1008/X
 clkload1009/X
 clkload101/Y
 clkload1010/Y
 clkload1011/X
 clkload1012/Y
 clkload1013/X
 clkload1014/X
 clkload1015/X
 clkload1016/X
 clkload1017/X
 clkload1018/X
 clkload1019/X
 clkload102/X
 clkload1020/X
 clkload1021/Y
 clkload1022/Y
 clkload1023/Y
 clkload1024/X
 clkload1025/X
 clkload1026/X
 clkload1027/Y
 clkload1028/X
 clkload1029/X
 clkload103/X
 clkload1030/Y
 clkload1031/X
 clkload1032/X
 clkload1033/Y
 clkload1034/X
 clkload1035/X
 clkload1036/X
 clkload1037/Y
 clkload1038/Y
 clkload1039/Y
 clkload104/Y
 clkload1040/Y
 clkload1041/Y
 clkload1042/Y
 clkload1043/X
 clkload1044/Y
 clkload1045/Y
 clkload1046/Y
 clkload1047/Y
 clkload1048/Y
 clkload1049/X
 clkload105/Y
 clkload1050/X
 clkload1051/Y
 clkload1052/Y
 clkload1053/X
 clkload1054/Y
 clkload1055/X
 clkload1056/X
 clkload1057/Y
 clkload1058/X
 clkload1059/X
 clkload106/Y
 clkload107/Y
 clkload108/X
 clkload109/Y
 clkload11/Y
 clkload110/X
 clkload111/Y
 clkload112/Y
 clkload113/Y
 clkload114/Y
 clkload115/Y
 clkload116/X
 clkload117/X
 clkload118/X
 clkload119/X
 clkload12/Y
 clkload120/X
 clkload121/Y
 clkload122/Y
 clkload123/X
 clkload124/X
 clkload125/Y
 clkload126/X
 clkload127/Y
 clkload128/Y
 clkload129/Y
 clkload13/Y
 clkload130/Y
 clkload131/X
 clkload132/Y
 clkload133/X
 clkload134/X
 clkload135/Y
 clkload136/Y
 clkload137/Y
 clkload138/X
 clkload139/Y
 clkload14/Y
 clkload140/Y
 clkload141/X
 clkload142/Y
 clkload143/X
 clkload144/Y
 clkload145/Y
 clkload146/Y
 clkload147/X
 clkload148/Y
 clkload149/X
 clkload15/Y
 clkload150/Y
 clkload151/X
 clkload152/X
 clkload153/Y
 clkload154/Y
 clkload155/X
 clkload156/X
 clkload157/X
 clkload158/X
 clkload159/X
 clkload16/Y
 clkload160/X
 clkload161/X
 clkload162/X
 clkload163/X
 clkload164/X
 clkload165/X
 clkload166/X
 clkload167/X
 clkload168/X
 clkload169/X
 clkload17/X
 clkload170/X
 clkload171/X
 clkload172/Y
 clkload173/X
 clkload174/X
 clkload175/X
 clkload176/Y
 clkload177/X
 clkload178/Y
 clkload179/X
 clkload18/Y
 clkload180/X
 clkload181/X
 clkload182/X
 clkload183/X
 clkload184/X
 clkload185/Y
 clkload186/X
 clkload187/X
 clkload188/X
 clkload189/X
 clkload19/Y
 clkload190/X
 clkload191/Y
 clkload192/X
 clkload193/Y
 clkload194/X
 clkload195/X
 clkload196/X
 clkload197/Y
 clkload198/X
 clkload199/X
 clkload2/Y
 clkload20/X
 clkload200/Y
 clkload201/Y
 clkload202/X
 clkload203/X
 clkload204/X
 clkload205/X
 clkload206/X
 clkload207/Y
 clkload208/Y
 clkload209/X
 clkload21/Y
 clkload210/X
 clkload211/X
 clkload212/X
 clkload213/Y
 clkload214/X
 clkload215/X
 clkload216/X
 clkload217/X
 clkload218/X
 clkload219/X
 clkload22/X
 clkload220/X
 clkload221/Y
 clkload222/X
 clkload223/X
 clkload224/X
 clkload225/Y
 clkload226/Y
 clkload227/Y
 clkload228/X
 clkload229/Y
 clkload23/X
 clkload230/Y
 clkload231/X
 clkload232/X
 clkload233/X
 clkload234/X
 clkload235/Y
 clkload236/X
 clkload237/X
 clkload238/X
 clkload239/X
 clkload24/X
 clkload240/X
 clkload241/Y
 clkload242/X
 clkload243/X
 clkload244/Y
 clkload245/X
 clkload246/X
 clkload247/X
 clkload248/X
 clkload249/X
 clkload25/Y
 clkload250/X
 clkload251/Y
 clkload252/X
 clkload253/X
 clkload254/X
 clkload255/X
 clkload256/X
 clkload257/X
 clkload258/X
 clkload259/X
 clkload26/Y
 clkload260/X
 clkload261/X
 clkload262/X
 clkload263/X
 clkload264/X
 clkload265/Y
 clkload266/X
 clkload267/Y
 clkload268/Y
 clkload269/Y
 clkload27/Y
 clkload270/X
 clkload271/X
 clkload272/X
 clkload273/Y
 clkload274/X
 clkload275/X
 clkload276/X
 clkload277/X
 clkload278/X
 clkload279/X
 clkload28/X
 clkload280/X
 clkload281/X
 clkload282/X
 clkload283/X
 clkload284/X
 clkload285/Y
 clkload286/X
 clkload287/Y
 clkload288/X
 clkload289/X
 clkload29/Y
 clkload290/X
 clkload291/X
 clkload292/X
 clkload293/Y
 clkload294/Y
 clkload295/Y
 clkload296/Y
 clkload297/X
 clkload298/X
 clkload299/Y
 clkload3/Y
 clkload30/Y
 clkload300/X
 clkload301/Y
 clkload302/Y
 clkload303/X
 clkload304/Y
 clkload305/Y
 clkload306/Y
 clkload307/X
 clkload308/X
 clkload309/X
 clkload31/Y
 clkload310/Y
 clkload311/Y
 clkload312/X
 clkload313/Y
 clkload314/X
 clkload315/Y
 clkload316/X
 clkload317/X
 clkload318/X
 clkload319/X
 clkload32/X
 clkload320/X
 clkload321/X
 clkload322/X
 clkload323/Y
 clkload324/X
 clkload325/X
 clkload326/X
 clkload327/X
 clkload328/X
 clkload329/X
 clkload33/Y
 clkload330/X
 clkload331/X
 clkload332/Y
 clkload333/X
 clkload334/X
 clkload335/X
 clkload336/X
 clkload337/Y
 clkload338/Y
 clkload339/Y
 clkload34/X
 clkload340/X
 clkload341/X
 clkload342/X
 clkload343/Y
 clkload344/Y
 clkload345/X
 clkload346/Y
 clkload347/X
 clkload348/X
 clkload349/X
 clkload35/Y
 clkload350/Y
 clkload351/X
 clkload352/Y
 clkload353/X
 clkload354/X
 clkload355/X
 clkload356/X
 clkload357/X
 clkload358/X
 clkload359/X
 clkload36/Y
 clkload360/Y
 clkload361/X
 clkload362/Y
 clkload363/X
 clkload364/X
 clkload365/X
 clkload366/X
 clkload367/X
 clkload368/Y
 clkload369/X
 clkload37/Y
 clkload370/X
 clkload371/X
 clkload372/X
 clkload373/X
 clkload374/Y
 clkload375/X
 clkload376/X
 clkload377/X
 clkload378/X
 clkload379/X
 clkload38/X
 clkload380/X
 clkload381/X
 clkload382/X
 clkload383/X
 clkload384/X
 clkload385/X
 clkload386/X
 clkload387/Y
 clkload388/X
 clkload389/X
 clkload39/X
 clkload390/X
 clkload391/X
 clkload392/X
 clkload393/Y
 clkload394/X
 clkload395/X
 clkload396/Y
 clkload397/X
 clkload398/Y
 clkload399/Y
 clkload4/Y
 clkload40/Y
 clkload400/X
 clkload401/X
 clkload402/X
 clkload403/Y
 clkload404/X
 clkload405/X
 clkload406/X
 clkload407/Y
 clkload408/X
 clkload409/X
 clkload41/Y
 clkload410/X
 clkload411/X
 clkload412/X
 clkload413/Y
 clkload414/X
 clkload415/X
 clkload416/X
 clkload417/X
 clkload418/X
 clkload419/X
 clkload42/Y
 clkload420/Y
 clkload421/X
 clkload422/X
 clkload423/X
 clkload424/X
 clkload425/X
 clkload426/X
 clkload427/X
 clkload428/Y
 clkload429/X
 clkload43/Y
 clkload430/X
 clkload431/X
 clkload432/X
 clkload433/X
 clkload434/X
 clkload435/X
 clkload436/X
 clkload437/X
 clkload438/X
 clkload439/Y
 clkload44/X
 clkload440/X
 clkload441/X
 clkload442/X
 clkload443/X
 clkload444/Y
 clkload445/Y
 clkload446/X
 clkload447/X
 clkload448/X
 clkload449/X
 clkload45/Y
 clkload450/Y
 clkload451/X
 clkload452/X
 clkload453/X
 clkload454/Y
 clkload455/X
 clkload456/X
 clkload457/X
 clkload458/X
 clkload459/X
 clkload46/Y
 clkload460/X
 clkload461/X
 clkload462/Y
 clkload463/Y
 clkload464/Y
 clkload465/X
 clkload466/X
 clkload467/X
 clkload468/X
 clkload469/Y
 clkload47/Y
 clkload470/X
 clkload471/X
 clkload472/Y
 clkload473/X
 clkload474/Y
 clkload475/Y
 clkload476/X
 clkload477/X
 clkload478/X
 clkload479/X
 clkload48/Y
 clkload480/X
 clkload481/X
 clkload482/Y
 clkload483/Y
 clkload484/Y
 clkload485/Y
 clkload486/X
 clkload487/X
 clkload488/X
 clkload489/X
 clkload49/Y
 clkload490/X
 clkload491/X
 clkload492/X
 clkload493/Y
 clkload494/Y
 clkload495/X
 clkload496/X
 clkload497/Y
 clkload498/X
 clkload499/X
 clkload5/Y
 clkload50/X
 clkload500/Y
 clkload501/Y
 clkload502/Y
 clkload503/Y
 clkload504/X
 clkload505/Y
 clkload506/X
 clkload507/X
 clkload508/X
 clkload509/X
 clkload51/Y
 clkload510/X
 clkload511/X
 clkload512/X
 clkload513/Y
 clkload514/Y
 clkload515/X
 clkload516/X
 clkload517/Y
 clkload518/X
 clkload519/Y
 clkload52/Y
 clkload520/Y
 clkload521/Y
 clkload522/Y
 clkload523/X
 clkload524/X
 clkload525/Y
 clkload526/X
 clkload527/X
 clkload528/Y
 clkload529/X
 clkload53/Y
 clkload530/Y
 clkload531/Y
 clkload532/X
 clkload533/Y
 clkload534/X
 clkload535/X
 clkload536/X
 clkload537/Y
 clkload538/X
 clkload539/Y
 clkload54/Y
 clkload540/X
 clkload541/Y
 clkload542/X
 clkload543/Y
 clkload544/X
 clkload545/Y
 clkload546/X
 clkload547/X
 clkload548/X
 clkload549/Y
 clkload55/Y
 clkload550/X
 clkload551/X
 clkload552/Y
 clkload553/Y
 clkload554/X
 clkload555/X
 clkload556/Y
 clkload557/X
 clkload558/X
 clkload559/X
 clkload56/Y
 clkload560/Y
 clkload561/X
 clkload562/X
 clkload563/X
 clkload564/X
 clkload565/Y
 clkload566/Y
 clkload567/Y
 clkload568/X
 clkload569/Y
 clkload57/X
 clkload570/X
 clkload571/X
 clkload572/X
 clkload573/X
 clkload574/X
 clkload575/X
 clkload576/X
 clkload577/X
 clkload578/X
 clkload579/X
 clkload58/Y
 clkload580/X
 clkload581/X
 clkload582/X
 clkload583/X
 clkload584/X
 clkload585/X
 clkload586/X
 clkload587/Y
 clkload588/X
 clkload589/X
 clkload59/Y
 clkload590/X
 clkload591/X
 clkload592/X
 clkload593/X
 clkload594/Y
 clkload595/X
 clkload596/X
 clkload597/X
 clkload598/X
 clkload599/X
 clkload6/Y
 clkload60/X
 clkload600/X
 clkload601/X
 clkload602/X
 clkload603/X
 clkload604/X
 clkload605/X
 clkload606/X
 clkload607/X
 clkload608/X
 clkload609/X
 clkload61/Y
 clkload610/Y
 clkload611/Y
 clkload612/Y
 clkload613/Y
 clkload614/X
 clkload615/X
 clkload616/X
 clkload617/X
 clkload618/X
 clkload619/X
 clkload62/X
 clkload620/Y
 clkload621/X
 clkload622/X
 clkload623/Y
 clkload624/X
 clkload625/X
 clkload626/X
 clkload627/X
 clkload628/X
 clkload629/Y
 clkload63/Y
 clkload630/X
 clkload631/X
 clkload632/X
 clkload633/X
 clkload634/X
 clkload635/X
 clkload636/X
 clkload637/X
 clkload638/X
 clkload639/Y
 clkload64/Y
 clkload640/X
 clkload641/Y
 clkload642/X
 clkload643/Y
 clkload644/Y
 clkload645/Y
 clkload646/Y
 clkload647/X
 clkload648/X
 clkload649/X
 clkload65/Y
 clkload650/X
 clkload651/X
 clkload652/Y
 clkload653/Y
 clkload654/X
 clkload655/X
 clkload656/X
 clkload657/X
 clkload658/X
 clkload659/X
 clkload66/Y
 clkload660/X
 clkload661/X
 clkload662/Y
 clkload663/X
 clkload664/X
 clkload665/X
 clkload666/X
 clkload667/X
 clkload668/X
 clkload669/X
 clkload67/Y
 clkload670/X
 clkload671/X
 clkload672/X
 clkload673/X
 clkload674/X
 clkload675/X
 clkload676/X
 clkload677/Y
 clkload678/X
 clkload679/X
 clkload68/Y
 clkload680/X
 clkload681/X
 clkload682/X
 clkload683/X
 clkload684/X
 clkload685/X
 clkload686/X
 clkload687/X
 clkload688/X
 clkload689/X
 clkload69/Y
 clkload690/Y
 clkload691/Y
 clkload692/Y
 clkload693/Y
 clkload694/X
 clkload695/X
 clkload696/Y
 clkload697/X
 clkload698/X
 clkload699/Y
 clkload7/Y
 clkload70/X
 clkload700/X
 clkload701/X
 clkload702/X
 clkload703/X
 clkload704/X
 clkload705/X
 clkload706/Y
 clkload707/Y
 clkload708/X
 clkload709/X
 clkload71/Y
 clkload710/X
 clkload711/Y
 clkload712/X
 clkload713/X
 clkload714/X
 clkload715/X
 clkload716/X
 clkload717/Y
 clkload718/Y
 clkload719/X
 clkload72/X
 clkload720/Y
 clkload721/Y
 clkload722/X
 clkload723/X
 clkload724/X
 clkload725/Y
 clkload726/X
 clkload727/X
 clkload728/Y
 clkload729/X
 clkload73/X
 clkload730/X
 clkload731/Y
 clkload732/X
 clkload733/X
 clkload734/X
 clkload735/X
 clkload736/X
 clkload737/X
 clkload738/X
 clkload739/Y
 clkload74/X
 clkload740/X
 clkload741/X
 clkload742/Y
 clkload743/Y
 clkload744/X
 clkload745/X
 clkload746/X
 clkload747/X
 clkload748/X
 clkload749/X
 clkload75/X
 clkload750/Y
 clkload751/Y
 clkload752/X
 clkload753/Y
 clkload754/X
 clkload755/X
 clkload756/X
 clkload757/X
 clkload758/X
 clkload759/X
 clkload76/X
 clkload760/Y
 clkload761/X
 clkload762/Y
 clkload763/X
 clkload764/X
 clkload765/X
 clkload766/X
 clkload767/Y
 clkload768/Y
 clkload769/X
 clkload77/X
 clkload770/Y
 clkload771/Y
 clkload772/Y
 clkload773/Y
 clkload774/Y
 clkload775/Y
 clkload776/X
 clkload777/X
 clkload778/Y
 clkload779/X
 clkload78/X
 clkload780/Y
 clkload781/X
 clkload782/X
 clkload783/Y
 clkload784/Y
 clkload785/X
 clkload786/X
 clkload787/X
 clkload788/X
 clkload789/X
 clkload79/Y
 clkload790/X
 clkload791/Y
 clkload792/Y
 clkload793/Y
 clkload794/Y
 clkload795/Y
 clkload796/X
 clkload797/X
 clkload798/X
 clkload799/X
 clkload8/Y
 clkload80/Y
 clkload800/X
 clkload801/X
 clkload802/Y
 clkload803/Y
 clkload804/Y
 clkload805/Y
 clkload806/Y
 clkload807/Y
 clkload808/Y
 clkload809/Y
 clkload81/Y
 clkload810/X
 clkload811/Y
 clkload812/X
 clkload813/X
 clkload814/Y
 clkload815/Y
 clkload816/Y
 clkload817/Y
 clkload818/X
 clkload819/X
 clkload82/X
 clkload820/Y
 clkload821/X
 clkload822/Y
 clkload823/Y
 clkload824/Y
 clkload825/Y
 clkload826/Y
 clkload827/X
 clkload828/Y
 clkload829/X
 clkload83/Y
 clkload830/X
 clkload831/X
 clkload832/X
 clkload833/X
 clkload834/X
 clkload835/X
 clkload836/X
 clkload837/X
 clkload838/Y
 clkload839/X
 clkload84/X
 clkload840/X
 clkload841/X
 clkload842/X
 clkload843/X
 clkload844/X
 clkload845/X
 clkload846/Y
 clkload847/Y
 clkload848/X
 clkload849/Y
 clkload85/Y
 clkload850/X
 clkload851/Y
 clkload852/Y
 clkload853/X
 clkload854/X
 clkload855/X
 clkload856/X
 clkload857/Y
 clkload858/X
 clkload859/X
 clkload86/X
 clkload860/X
 clkload861/X
 clkload862/Y
 clkload863/Y
 clkload864/X
 clkload865/Y
 clkload866/Y
 clkload867/X
 clkload868/X
 clkload869/Y
 clkload87/Y
 clkload870/X
 clkload871/Y
 clkload872/X
 clkload873/X
 clkload874/X
 clkload875/X
 clkload876/X
 clkload877/X
 clkload878/Y
 clkload879/Y
 clkload88/Y
 clkload880/X
 clkload881/Y
 clkload882/X
 clkload883/X
 clkload884/X
 clkload885/X
 clkload886/X
 clkload887/X
 clkload888/Y
 clkload889/X
 clkload89/Y
 clkload890/X
 clkload891/X
 clkload892/Y
 clkload893/Y
 clkload894/Y
 clkload895/Y
 clkload896/X
 clkload897/X
 clkload898/Y
 clkload899/Y
 clkload9/Y
 clkload90/Y
 clkload900/Y
 clkload901/Y
 clkload902/Y
 clkload903/Y
 clkload904/X
 clkload905/Y
 clkload906/X
 clkload907/X
 clkload908/X
 clkload909/Y
 clkload91/X
 clkload910/Y
 clkload911/X
 clkload912/X
 clkload913/X
 clkload914/X
 clkload915/X
 clkload916/Y
 clkload917/X
 clkload918/Y
 clkload919/Y
 clkload92/Y
 clkload920/Y
 clkload921/X
 clkload922/Y
 clkload923/X
 clkload924/Y
 clkload925/Y
 clkload926/X
 clkload927/X
 clkload928/X
 clkload929/X
 clkload93/X
 clkload930/X
 clkload931/X
 clkload932/X
 clkload933/X
 clkload934/X
 clkload935/X
 clkload936/X
 clkload937/X
 clkload938/X
 clkload939/Y
 clkload94/Y
 clkload940/X
 clkload941/Y
 clkload942/Y
 clkload943/X
 clkload944/X
 clkload945/X
 clkload946/X
 clkload947/X
 clkload948/Y
 clkload949/Y
 clkload95/Y
 clkload950/X
 clkload951/X
 clkload952/X
 clkload953/X
 clkload954/X
 clkload955/Y
 clkload956/Y
 clkload957/X
 clkload958/X
 clkload959/X
 clkload96/X
 clkload960/X
 clkload961/X
 clkload962/X
 clkload963/X
 clkload964/X
 clkload965/X
 clkload966/X
 clkload967/Y
 clkload968/X
 clkload969/X
 clkload97/Y
 clkload970/X
 clkload971/Y
 clkload972/X
 clkload973/X
 clkload974/Y
 clkload975/X
 clkload976/Y
 clkload977/Y
 clkload978/X
 clkload979/X
 clkload98/Y
 clkload980/X
 clkload981/X
 clkload982/Y
 clkload983/X
 clkload984/X
 clkload985/X
 clkload986/Y
 clkload987/X
 clkload988/X
 clkload989/Y
 clkload99/Y
 clkload990/X
 clkload991/X
 clkload992/X
 clkload993/X
 clkload994/X
 clkload995/Y
 clkload996/X
 clkload997/Y
 clkload998/Y
 clkload999/Y
 soc_top/HI
 soc_top_6237/HI
 u_data_ram.g_sram\[0\].u_macro/dout0[0]
 u_data_ram.g_sram\[0\].u_macro/dout0[10]
 u_data_ram.g_sram\[0\].u_macro/dout0[11]
 u_data_ram.g_sram\[0\].u_macro/dout0[12]
 u_data_ram.g_sram\[0\].u_macro/dout0[13]
 u_data_ram.g_sram\[0\].u_macro/dout0[14]
 u_data_ram.g_sram\[0\].u_macro/dout0[15]
 u_data_ram.g_sram\[0\].u_macro/dout0[16]
 u_data_ram.g_sram\[0\].u_macro/dout0[17]
 u_data_ram.g_sram\[0\].u_macro/dout0[18]
 u_data_ram.g_sram\[0\].u_macro/dout0[19]
 u_data_ram.g_sram\[0\].u_macro/dout0[1]
 u_data_ram.g_sram\[0\].u_macro/dout0[20]
 u_data_ram.g_sram\[0\].u_macro/dout0[21]
 u_data_ram.g_sram\[0\].u_macro/dout0[22]
 u_data_ram.g_sram\[0\].u_macro/dout0[23]
 u_data_ram.g_sram\[0\].u_macro/dout0[24]
 u_data_ram.g_sram\[0\].u_macro/dout0[25]
 u_data_ram.g_sram\[0\].u_macro/dout0[26]
 u_data_ram.g_sram\[0\].u_macro/dout0[27]
 u_data_ram.g_sram\[0\].u_macro/dout0[28]
 u_data_ram.g_sram\[0\].u_macro/dout0[29]
 u_data_ram.g_sram\[0\].u_macro/dout0[2]
 u_data_ram.g_sram\[0\].u_macro/dout0[30]
 u_data_ram.g_sram\[0\].u_macro/dout0[31]
 u_data_ram.g_sram\[0\].u_macro/dout0[3]
 u_data_ram.g_sram\[0\].u_macro/dout0[4]
 u_data_ram.g_sram\[0\].u_macro/dout0[5]
 u_data_ram.g_sram\[0\].u_macro/dout0[6]
 u_data_ram.g_sram\[0\].u_macro/dout0[7]
 u_data_ram.g_sram\[0\].u_macro/dout0[8]
 u_data_ram.g_sram\[0\].u_macro/dout0[9]
 u_data_ram.g_sram\[1\].u_macro/dout0[0]
 u_data_ram.g_sram\[1\].u_macro/dout0[10]
 u_data_ram.g_sram\[1\].u_macro/dout0[11]
 u_data_ram.g_sram\[1\].u_macro/dout0[12]
 u_data_ram.g_sram\[1\].u_macro/dout0[13]
 u_data_ram.g_sram\[1\].u_macro/dout0[14]
 u_data_ram.g_sram\[1\].u_macro/dout0[15]
 u_data_ram.g_sram\[1\].u_macro/dout0[16]
 u_data_ram.g_sram\[1\].u_macro/dout0[17]
 u_data_ram.g_sram\[1\].u_macro/dout0[18]
 u_data_ram.g_sram\[1\].u_macro/dout0[19]
 u_data_ram.g_sram\[1\].u_macro/dout0[1]
 u_data_ram.g_sram\[1\].u_macro/dout0[20]
 u_data_ram.g_sram\[1\].u_macro/dout0[21]
 u_data_ram.g_sram\[1\].u_macro/dout0[22]
 u_data_ram.g_sram\[1\].u_macro/dout0[23]
 u_data_ram.g_sram\[1\].u_macro/dout0[24]
 u_data_ram.g_sram\[1\].u_macro/dout0[25]
 u_data_ram.g_sram\[1\].u_macro/dout0[26]
 u_data_ram.g_sram\[1\].u_macro/dout0[27]
 u_data_ram.g_sram\[1\].u_macro/dout0[28]
 u_data_ram.g_sram\[1\].u_macro/dout0[29]
 u_data_ram.g_sram\[1\].u_macro/dout0[2]
 u_data_ram.g_sram\[1\].u_macro/dout0[30]
 u_data_ram.g_sram\[1\].u_macro/dout0[31]
 u_data_ram.g_sram\[1\].u_macro/dout0[3]
 u_data_ram.g_sram\[1\].u_macro/dout0[4]
 u_data_ram.g_sram\[1\].u_macro/dout0[5]
 u_data_ram.g_sram\[1\].u_macro/dout0[6]
 u_data_ram.g_sram\[1\].u_macro/dout0[7]
 u_data_ram.g_sram\[1\].u_macro/dout0[8]
 u_data_ram.g_sram\[1\].u_macro/dout0[9]
 u_data_ram.g_sram\[2\].u_macro/dout0[0]
 u_data_ram.g_sram\[2\].u_macro/dout0[10]
 u_data_ram.g_sram\[2\].u_macro/dout0[11]
 u_data_ram.g_sram\[2\].u_macro/dout0[12]
 u_data_ram.g_sram\[2\].u_macro/dout0[13]
 u_data_ram.g_sram\[2\].u_macro/dout0[14]
 u_data_ram.g_sram\[2\].u_macro/dout0[15]
 u_data_ram.g_sram\[2\].u_macro/dout0[16]
 u_data_ram.g_sram\[2\].u_macro/dout0[17]
 u_data_ram.g_sram\[2\].u_macro/dout0[18]
 u_data_ram.g_sram\[2\].u_macro/dout0[19]
 u_data_ram.g_sram\[2\].u_macro/dout0[1]
 u_data_ram.g_sram\[2\].u_macro/dout0[20]
 u_data_ram.g_sram\[2\].u_macro/dout0[21]
 u_data_ram.g_sram\[2\].u_macro/dout0[22]
 u_data_ram.g_sram\[2\].u_macro/dout0[23]
 u_data_ram.g_sram\[2\].u_macro/dout0[24]
 u_data_ram.g_sram\[2\].u_macro/dout0[25]
 u_data_ram.g_sram\[2\].u_macro/dout0[26]
 u_data_ram.g_sram\[2\].u_macro/dout0[27]
 u_data_ram.g_sram\[2\].u_macro/dout0[28]
 u_data_ram.g_sram\[2\].u_macro/dout0[29]
 u_data_ram.g_sram\[2\].u_macro/dout0[2]
 u_data_ram.g_sram\[2\].u_macro/dout0[30]
 u_data_ram.g_sram\[2\].u_macro/dout0[31]
 u_data_ram.g_sram\[2\].u_macro/dout0[3]
 u_data_ram.g_sram\[2\].u_macro/dout0[4]
 u_data_ram.g_sram\[2\].u_macro/dout0[5]
 u_data_ram.g_sram\[2\].u_macro/dout0[6]
 u_data_ram.g_sram\[2\].u_macro/dout0[7]
 u_data_ram.g_sram\[2\].u_macro/dout0[8]
 u_data_ram.g_sram\[2\].u_macro/dout0[9]
 u_data_ram.g_sram\[3\].u_macro/dout0[0]
 u_data_ram.g_sram\[3\].u_macro/dout0[10]
 u_data_ram.g_sram\[3\].u_macro/dout0[11]
 u_data_ram.g_sram\[3\].u_macro/dout0[12]
 u_data_ram.g_sram\[3\].u_macro/dout0[13]
 u_data_ram.g_sram\[3\].u_macro/dout0[14]
 u_data_ram.g_sram\[3\].u_macro/dout0[15]
 u_data_ram.g_sram\[3\].u_macro/dout0[16]
 u_data_ram.g_sram\[3\].u_macro/dout0[17]
 u_data_ram.g_sram\[3\].u_macro/dout0[18]
 u_data_ram.g_sram\[3\].u_macro/dout0[19]
 u_data_ram.g_sram\[3\].u_macro/dout0[1]
 u_data_ram.g_sram\[3\].u_macro/dout0[20]
 u_data_ram.g_sram\[3\].u_macro/dout0[21]
 u_data_ram.g_sram\[3\].u_macro/dout0[22]
 u_data_ram.g_sram\[3\].u_macro/dout0[23]
 u_data_ram.g_sram\[3\].u_macro/dout0[24]
 u_data_ram.g_sram\[3\].u_macro/dout0[25]
 u_data_ram.g_sram\[3\].u_macro/dout0[26]
 u_data_ram.g_sram\[3\].u_macro/dout0[27]
 u_data_ram.g_sram\[3\].u_macro/dout0[28]
 u_data_ram.g_sram\[3\].u_macro/dout0[29]
 u_data_ram.g_sram\[3\].u_macro/dout0[2]
 u_data_ram.g_sram\[3\].u_macro/dout0[30]
 u_data_ram.g_sram\[3\].u_macro/dout0[31]
 u_data_ram.g_sram\[3\].u_macro/dout0[3]
 u_data_ram.g_sram\[3\].u_macro/dout0[4]
 u_data_ram.g_sram\[3\].u_macro/dout0[5]
 u_data_ram.g_sram\[3\].u_macro/dout0[6]
 u_data_ram.g_sram\[3\].u_macro/dout0[7]
 u_data_ram.g_sram\[3\].u_macro/dout0[8]
 u_data_ram.g_sram\[3\].u_macro/dout0[9]
 u_instruction_ram.g_sram\[0\].u_macro/dout0[0]
 u_instruction_ram.g_sram\[0\].u_macro/dout0[10]
 u_instruction_ram.g_sram\[0\].u_macro/dout0[11]
 u_instruction_ram.g_sram\[0\].u_macro/dout0[12]
 u_instruction_ram.g_sram\[0\].u_macro/dout0[13]
 u_instruction_ram.g_sram\[0\].u_macro/dout0[14]
 u_instruction_ram.g_sram\[0\].u_macro/dout0[15]
 u_instruction_ram.g_sram\[0\].u_macro/dout0[16]
 u_instruction_ram.g_sram\[0\].u_macro/dout0[17]
 u_instruction_ram.g_sram\[0\].u_macro/dout0[18]
 u_instruction_ram.g_sram\[0\].u_macro/dout0[19]
 u_instruction_ram.g_sram\[0\].u_macro/dout0[1]
 u_instruction_ram.g_sram\[0\].u_macro/dout0[20]
 u_instruction_ram.g_sram\[0\].u_macro/dout0[21]
 u_instruction_ram.g_sram\[0\].u_macro/dout0[22]
 u_instruction_ram.g_sram\[0\].u_macro/dout0[23]
 u_instruction_ram.g_sram\[0\].u_macro/dout0[24]
 u_instruction_ram.g_sram\[0\].u_macro/dout0[25]
 u_instruction_ram.g_sram\[0\].u_macro/dout0[26]
 u_instruction_ram.g_sram\[0\].u_macro/dout0[27]
 u_instruction_ram.g_sram\[0\].u_macro/dout0[28]
 u_instruction_ram.g_sram\[0\].u_macro/dout0[29]
 u_instruction_ram.g_sram\[0\].u_macro/dout0[2]
 u_instruction_ram.g_sram\[0\].u_macro/dout0[30]
 u_instruction_ram.g_sram\[0\].u_macro/dout0[31]
 u_instruction_ram.g_sram\[0\].u_macro/dout0[3]
 u_instruction_ram.g_sram\[0\].u_macro/dout0[4]
 u_instruction_ram.g_sram\[0\].u_macro/dout0[5]
 u_instruction_ram.g_sram\[0\].u_macro/dout0[6]
 u_instruction_ram.g_sram\[0\].u_macro/dout0[7]
 u_instruction_ram.g_sram\[0\].u_macro/dout0[8]
 u_instruction_ram.g_sram\[0\].u_macro/dout0[9]
 u_instruction_ram.g_sram\[1\].u_macro/dout0[0]
 u_instruction_ram.g_sram\[1\].u_macro/dout0[10]
 u_instruction_ram.g_sram\[1\].u_macro/dout0[11]
 u_instruction_ram.g_sram\[1\].u_macro/dout0[12]
 u_instruction_ram.g_sram\[1\].u_macro/dout0[13]
 u_instruction_ram.g_sram\[1\].u_macro/dout0[14]
 u_instruction_ram.g_sram\[1\].u_macro/dout0[15]
 u_instruction_ram.g_sram\[1\].u_macro/dout0[16]
 u_instruction_ram.g_sram\[1\].u_macro/dout0[17]
 u_instruction_ram.g_sram\[1\].u_macro/dout0[18]
 u_instruction_ram.g_sram\[1\].u_macro/dout0[19]
 u_instruction_ram.g_sram\[1\].u_macro/dout0[1]
 u_instruction_ram.g_sram\[1\].u_macro/dout0[20]
 u_instruction_ram.g_sram\[1\].u_macro/dout0[21]
 u_instruction_ram.g_sram\[1\].u_macro/dout0[22]
 u_instruction_ram.g_sram\[1\].u_macro/dout0[23]
 u_instruction_ram.g_sram\[1\].u_macro/dout0[24]
 u_instruction_ram.g_sram\[1\].u_macro/dout0[25]
 u_instruction_ram.g_sram\[1\].u_macro/dout0[26]
 u_instruction_ram.g_sram\[1\].u_macro/dout0[27]
 u_instruction_ram.g_sram\[1\].u_macro/dout0[28]
 u_instruction_ram.g_sram\[1\].u_macro/dout0[29]
 u_instruction_ram.g_sram\[1\].u_macro/dout0[2]
 u_instruction_ram.g_sram\[1\].u_macro/dout0[30]
 u_instruction_ram.g_sram\[1\].u_macro/dout0[31]
 u_instruction_ram.g_sram\[1\].u_macro/dout0[3]
 u_instruction_ram.g_sram\[1\].u_macro/dout0[4]
 u_instruction_ram.g_sram\[1\].u_macro/dout0[5]
 u_instruction_ram.g_sram\[1\].u_macro/dout0[6]
 u_instruction_ram.g_sram\[1\].u_macro/dout0[7]
 u_instruction_ram.g_sram\[1\].u_macro/dout0[8]
 u_instruction_ram.g_sram\[1\].u_macro/dout0[9]
 u_instruction_ram.g_sram\[2\].u_macro/dout0[0]
 u_instruction_ram.g_sram\[2\].u_macro/dout0[10]
 u_instruction_ram.g_sram\[2\].u_macro/dout0[11]
 u_instruction_ram.g_sram\[2\].u_macro/dout0[12]
 u_instruction_ram.g_sram\[2\].u_macro/dout0[13]
 u_instruction_ram.g_sram\[2\].u_macro/dout0[14]
 u_instruction_ram.g_sram\[2\].u_macro/dout0[15]
 u_instruction_ram.g_sram\[2\].u_macro/dout0[16]
 u_instruction_ram.g_sram\[2\].u_macro/dout0[17]
 u_instruction_ram.g_sram\[2\].u_macro/dout0[18]
 u_instruction_ram.g_sram\[2\].u_macro/dout0[19]
 u_instruction_ram.g_sram\[2\].u_macro/dout0[1]
 u_instruction_ram.g_sram\[2\].u_macro/dout0[20]
 u_instruction_ram.g_sram\[2\].u_macro/dout0[21]
 u_instruction_ram.g_sram\[2\].u_macro/dout0[22]
 u_instruction_ram.g_sram\[2\].u_macro/dout0[23]
 u_instruction_ram.g_sram\[2\].u_macro/dout0[24]
 u_instruction_ram.g_sram\[2\].u_macro/dout0[25]
 u_instruction_ram.g_sram\[2\].u_macro/dout0[26]
 u_instruction_ram.g_sram\[2\].u_macro/dout0[27]
 u_instruction_ram.g_sram\[2\].u_macro/dout0[28]
 u_instruction_ram.g_sram\[2\].u_macro/dout0[29]
 u_instruction_ram.g_sram\[2\].u_macro/dout0[2]
 u_instruction_ram.g_sram\[2\].u_macro/dout0[30]
 u_instruction_ram.g_sram\[2\].u_macro/dout0[31]
 u_instruction_ram.g_sram\[2\].u_macro/dout0[3]
 u_instruction_ram.g_sram\[2\].u_macro/dout0[4]
 u_instruction_ram.g_sram\[2\].u_macro/dout0[5]
 u_instruction_ram.g_sram\[2\].u_macro/dout0[6]
 u_instruction_ram.g_sram\[2\].u_macro/dout0[7]
 u_instruction_ram.g_sram\[2\].u_macro/dout0[8]
 u_instruction_ram.g_sram\[2\].u_macro/dout0[9]
 u_instruction_ram.g_sram\[3\].u_macro/dout0[0]
 u_instruction_ram.g_sram\[3\].u_macro/dout0[10]
 u_instruction_ram.g_sram\[3\].u_macro/dout0[11]
 u_instruction_ram.g_sram\[3\].u_macro/dout0[12]
 u_instruction_ram.g_sram\[3\].u_macro/dout0[13]
 u_instruction_ram.g_sram\[3\].u_macro/dout0[14]
 u_instruction_ram.g_sram\[3\].u_macro/dout0[15]
 u_instruction_ram.g_sram\[3\].u_macro/dout0[16]
 u_instruction_ram.g_sram\[3\].u_macro/dout0[17]
 u_instruction_ram.g_sram\[3\].u_macro/dout0[18]
 u_instruction_ram.g_sram\[3\].u_macro/dout0[19]
 u_instruction_ram.g_sram\[3\].u_macro/dout0[1]
 u_instruction_ram.g_sram\[3\].u_macro/dout0[20]
 u_instruction_ram.g_sram\[3\].u_macro/dout0[21]
 u_instruction_ram.g_sram\[3\].u_macro/dout0[22]
 u_instruction_ram.g_sram\[3\].u_macro/dout0[23]
 u_instruction_ram.g_sram\[3\].u_macro/dout0[24]
 u_instruction_ram.g_sram\[3\].u_macro/dout0[25]
 u_instruction_ram.g_sram\[3\].u_macro/dout0[26]
 u_instruction_ram.g_sram\[3\].u_macro/dout0[27]
 u_instruction_ram.g_sram\[3\].u_macro/dout0[28]
 u_instruction_ram.g_sram\[3\].u_macro/dout0[29]
 u_instruction_ram.g_sram\[3\].u_macro/dout0[2]
 u_instruction_ram.g_sram\[3\].u_macro/dout0[30]
 u_instruction_ram.g_sram\[3\].u_macro/dout0[31]
 u_instruction_ram.g_sram\[3\].u_macro/dout0[3]
 u_instruction_ram.g_sram\[3\].u_macro/dout0[4]
 u_instruction_ram.g_sram\[3\].u_macro/dout0[5]
 u_instruction_ram.g_sram\[3\].u_macro/dout0[6]
 u_instruction_ram.g_sram\[3\].u_macro/dout0[7]
 u_instruction_ram.g_sram\[3\].u_macro/dout0[8]
 u_instruction_ram.g_sram\[3\].u_macro/dout0[9]
Found 0 partially unannotated drivers.

===========================================================================
max slew violation count 1407
max fanout violation count 0
max cap violation count 328
============================================================================

===========================================================================
check_setup -verbose -unconstrained_endpoints -multiple_clock -no_clock -no_input_delay -loops -generated_clocks
===========================================================================
