
 /----------------------------------------------------------------------------\
 |  yosys -- Yosys Open SYnthesis Suite                                       |
 |  Copyright (C) 2012 - 2026  Claire Xenia Wolf <claire@yosyshq.com>         |
 |  Distributed under an ISC-like license, type "license" to see terms        |
 \----------------------------------------------------------------------------/
 Yosys 0.62 (git sha1 7326bb7d6641500ecb285c291a54a662cb1e76cf, clang++ 21.1.2 -fPIC -O3)

1. Executing Verilog-2005 frontend: /home/tatua7806/arkhe/asic/run/arkhe/tmp/b68cb3e7b54240e88a68da0760c422b6.bb.v
Parsing SystemVerilog input from `/home/tatua7806/arkhe/asic/run/arkhe/tmp/b68cb3e7b54240e88a68da0760c422b6.bb.v' to AST representation.
Generating RTLIL representation for module `\sky130_ef_sc_hd__decap_12'.
Generating RTLIL representation for module `\sky130_ef_sc_hd__decap_20_12'.
Generating RTLIL representation for module `\sky130_ef_sc_hd__decap_40_12'.
Generating RTLIL representation for module `\sky130_ef_sc_hd__decap_60_12'.
Generating RTLIL representation for module `\sky130_ef_sc_hd__decap_80_12'.
Generating RTLIL representation for module `\sky130_ef_sc_hd__fill_12'.
Generating RTLIL representation for module `\sky130_ef_sc_hd__fill_2'.
Generating RTLIL representation for module `\sky130_ef_sc_hd__fill_4'.
Generating RTLIL representation for module `\sky130_ef_sc_hd__fill_8'.
Generating RTLIL representation for module `\sky130_fd_sc_hd__a2111o_1'.
Generating RTLIL representation for module `\sky130_fd_sc_hd__a2111o_2'.
Generating RTLIL representation for module `\sky130_fd_sc_hd__a2111o_4'.
Generating RTLIL representation for module `\sky130_fd_sc_hd__a2111oi_0'.
Generating RTLIL representation for module `\sky130_fd_sc_hd__a2111oi_1'.
Generating RTLIL representation for module `\sky130_fd_sc_hd__a2111oi_2'.
Generating RTLIL representation for module `\sky130_fd_sc_hd__a2111oi_4'.
Generating RTLIL representation for module `\sky130_fd_sc_hd__a211o_1'.
Generating RTLIL representation for module `\sky130_fd_sc_hd__a211o_2'.
Generating RTLIL representation for module `\sky130_fd_sc_hd__a211o_4'.
Generating RTLIL representation for module `\sky130_fd_sc_hd__a211oi_1'.
Generating RTLIL representation for module `\sky130_fd_sc_hd__a211oi_2'.
Generating RTLIL representation for module `\sky130_fd_sc_hd__a211oi_4'.
Generating RTLIL representation for module `\sky130_fd_sc_hd__a21bo_1'.
Generating RTLIL representation for module `\sky130_fd_sc_hd__a21bo_2'.
Generating RTLIL representation for module `\sky130_fd_sc_hd__a21bo_4'.
Generating RTLIL representation for module `\sky130_fd_sc_hd__a21boi_0'.
Generating RTLIL representation for module `\sky130_fd_sc_hd__a21boi_1'.
Generating RTLIL representation for module `\sky130_fd_sc_hd__a21boi_2'.
Generating RTLIL representation for module `\sky130_fd_sc_hd__a21boi_4'.
Generating RTLIL representation for module `\sky130_fd_sc_hd__a21o_1'.
Generating RTLIL representation for module `\sky130_fd_sc_hd__a21o_2'.
Generating RTLIL representation for module `\sky130_fd_sc_hd__a21o_4'.
Generating RTLIL representation for module `\sky130_fd_sc_hd__a21oi_1'.
Generating RTLIL representation for module `\sky130_fd_sc_hd__a21oi_2'.
Generating RTLIL representation for module `\sky130_fd_sc_hd__a21oi_4'.
Generating RTLIL representation for module `\sky130_fd_sc_hd__a221o_1'.
Generating RTLIL representation for module `\sky130_fd_sc_hd__a221o_2'.
Generating RTLIL representation for module `\sky130_fd_sc_hd__a221o_4'.
Generating RTLIL representation for module `\sky130_fd_sc_hd__a221oi_1'.
Generating RTLIL representation for module `\sky130_fd_sc_hd__a221oi_2'.
Generating RTLIL representation for module `\sky130_fd_sc_hd__a221oi_4'.
Generating RTLIL representation for module `\sky130_fd_sc_hd__a222oi_1'.
Generating RTLIL representation for module `\sky130_fd_sc_hd__a22o_1'.
Generating RTLIL representation for module `\sky130_fd_sc_hd__a22o_2'.
Generating RTLIL representation for module `\sky130_fd_sc_hd__a22o_4'.
Generating RTLIL representation for module `\sky130_fd_sc_hd__a22oi_1'.
Generating RTLIL representation for module `\sky130_fd_sc_hd__a22oi_2'.
Generating RTLIL representation for module `\sky130_fd_sc_hd__a22oi_4'.
Generating RTLIL representation for module `\sky130_fd_sc_hd__a2bb2o_1'.
Generating RTLIL representation for module `\sky130_fd_sc_hd__a2bb2o_2'.
Generating RTLIL representation for module `\sky130_fd_sc_hd__a2bb2o_4'.
Generating RTLIL representation for module `\sky130_fd_sc_hd__a2bb2oi_1'.
Generating RTLIL representation for module `\sky130_fd_sc_hd__a2bb2oi_2'.
Generating RTLIL representation for module `\sky130_fd_sc_hd__a2bb2oi_4'.
Generating RTLIL representation for module `\sky130_fd_sc_hd__a311o_1'.
Generating RTLIL representation for module `\sky130_fd_sc_hd__a311o_2'.
Generating RTLIL representation for module `\sky130_fd_sc_hd__a311o_4'.
Generating RTLIL representation for module `\sky130_fd_sc_hd__a311oi_1'.
Generating RTLIL representation for module `\sky130_fd_sc_hd__a311oi_2'.
Generating RTLIL representation for module `\sky130_fd_sc_hd__a311oi_4'.
Generating RTLIL representation for module `\sky130_fd_sc_hd__a31o_1'.
Generating RTLIL representation for module `\sky130_fd_sc_hd__a31o_2'.
Generating RTLIL representation for module `\sky130_fd_sc_hd__a31o_4'.
Generating RTLIL representation for module `\sky130_fd_sc_hd__a31oi_1'.
Generating RTLIL representation for module `\sky130_fd_sc_hd__a31oi_2'.
Generating RTLIL representation for module `\sky130_fd_sc_hd__a31oi_4'.
Generating RTLIL representation for module `\sky130_fd_sc_hd__a32o_1'.
Generating RTLIL representation for module `\sky130_fd_sc_hd__a32o_2'.
Generating RTLIL representation for module `\sky130_fd_sc_hd__a32o_4'.
Generating RTLIL representation for module `\sky130_fd_sc_hd__a32oi_1'.
Generating RTLIL representation for module `\sky130_fd_sc_hd__a32oi_2'.
Generating RTLIL representation for module `\sky130_fd_sc_hd__a32oi_4'.
Generating RTLIL representation for module `\sky130_fd_sc_hd__a41o_1'.
Generating RTLIL representation for module `\sky130_fd_sc_hd__a41o_2'.
Generating RTLIL representation for module `\sky130_fd_sc_hd__a41o_4'.
Generating RTLIL representation for module `\sky130_fd_sc_hd__a41oi_1'.
Generating RTLIL representation for module `\sky130_fd_sc_hd__a41oi_2'.
Generating RTLIL representation for module `\sky130_fd_sc_hd__a41oi_4'.
Generating RTLIL representation for module `\sky130_fd_sc_hd__and2_0'.
Generating RTLIL representation for module `\sky130_fd_sc_hd__and2_1'.
Generating RTLIL representation for module `\sky130_fd_sc_hd__and2_2'.
Generating RTLIL representation for module `\sky130_fd_sc_hd__and2_4'.
Generating RTLIL representation for module `\sky130_fd_sc_hd__and2b_1'.
Generating RTLIL representation for module `\sky130_fd_sc_hd__and2b_2'.
Generating RTLIL representation for module `\sky130_fd_sc_hd__and2b_4'.
Generating RTLIL representation for module `\sky130_fd_sc_hd__and3_1'.
Generating RTLIL representation for module `\sky130_fd_sc_hd__and3_2'.
Generating RTLIL representation for module `\sky130_fd_sc_hd__and3_4'.
Generating RTLIL representation for module `\sky130_fd_sc_hd__and3b_1'.
Generating RTLIL representation for module `\sky130_fd_sc_hd__and3b_2'.
Generating RTLIL representation for module `\sky130_fd_sc_hd__and3b_4'.
Generating RTLIL representation for module `\sky130_fd_sc_hd__and4_1'.
Generating RTLIL representation for module `\sky130_fd_sc_hd__and4_2'.
Generating RTLIL representation for module `\sky130_fd_sc_hd__and4_4'.
Generating RTLIL representation for module `\sky130_fd_sc_hd__and4b_1'.
Generating RTLIL representation for module `\sky130_fd_sc_hd__and4b_2'.
Generating RTLIL representation for module `\sky130_fd_sc_hd__and4b_4'.
Generating RTLIL representation for module `\sky130_fd_sc_hd__and4bb_1'.
Generating RTLIL representation for module `\sky130_fd_sc_hd__and4bb_2'.
Generating RTLIL representation for module `\sky130_fd_sc_hd__and4bb_4'.
Generating RTLIL representation for module `\sky130_fd_sc_hd__buf_1'.
Generating RTLIL representation for module `\sky130_fd_sc_hd__buf_12'.
Generating RTLIL representation for module `\sky130_fd_sc_hd__buf_16'.
Generating RTLIL representation for module `\sky130_fd_sc_hd__buf_2'.
Generating RTLIL representation for module `\sky130_fd_sc_hd__buf_4'.
Generating RTLIL representation for module `\sky130_fd_sc_hd__buf_6'.
Generating RTLIL representation for module `\sky130_fd_sc_hd__buf_8'.
Generating RTLIL representation for module `\sky130_fd_sc_hd__bufbuf_16'.
Generating RTLIL representation for module `\sky130_fd_sc_hd__bufbuf_8'.
Generating RTLIL representation for module `\sky130_fd_sc_hd__bufinv_16'.
Generating RTLIL representation for module `\sky130_fd_sc_hd__bufinv_8'.
Generating RTLIL representation for module `\sky130_fd_sc_hd__clkbuf_1'.
Generating RTLIL representation for module `\sky130_fd_sc_hd__clkbuf_16'.
Generating RTLIL representation for module `\sky130_fd_sc_hd__clkbuf_2'.
Generating RTLIL representation for module `\sky130_fd_sc_hd__clkbuf_4'.
Generating RTLIL representation for module `\sky130_fd_sc_hd__clkbuf_8'.
Generating RTLIL representation for module `\sky130_fd_sc_hd__clkdlybuf4s15_1'.
Generating RTLIL representation for module `\sky130_fd_sc_hd__clkdlybuf4s15_2'.
Generating RTLIL representation for module `\sky130_fd_sc_hd__clkdlybuf4s18_1'.
Generating RTLIL representation for module `\sky130_fd_sc_hd__clkdlybuf4s18_2'.
Generating RTLIL representation for module `\sky130_fd_sc_hd__clkdlybuf4s25_1'.
Generating RTLIL representation for module `\sky130_fd_sc_hd__clkdlybuf4s25_2'.
Generating RTLIL representation for module `\sky130_fd_sc_hd__clkdlybuf4s50_1'.
Generating RTLIL representation for module `\sky130_fd_sc_hd__clkdlybuf4s50_2'.
Generating RTLIL representation for module `\sky130_fd_sc_hd__clkinv_1'.
Generating RTLIL representation for module `\sky130_fd_sc_hd__clkinv_16'.
Generating RTLIL representation for module `\sky130_fd_sc_hd__clkinv_2'.
Generating RTLIL representation for module `\sky130_fd_sc_hd__clkinv_4'.
Generating RTLIL representation for module `\sky130_fd_sc_hd__clkinv_8'.
Generating RTLIL representation for module `\sky130_fd_sc_hd__clkinvlp_2'.
Generating RTLIL representation for module `\sky130_fd_sc_hd__clkinvlp_4'.
Generating RTLIL representation for module `\sky130_fd_sc_hd__conb_1'.
Generating RTLIL representation for module `\sky130_fd_sc_hd__decap_12'.
Generating RTLIL representation for module `\sky130_fd_sc_hd__decap_3'.
Generating RTLIL representation for module `\sky130_fd_sc_hd__decap_4'.
Generating RTLIL representation for module `\sky130_fd_sc_hd__decap_6'.
Generating RTLIL representation for module `\sky130_fd_sc_hd__decap_8'.
Generating RTLIL representation for module `\sky130_fd_sc_hd__dfbbn_1'.
Generating RTLIL representation for module `\sky130_fd_sc_hd__dfbbn_2'.
Generating RTLIL representation for module `\sky130_fd_sc_hd__dfbbp_1'.
Generating RTLIL representation for module `\sky130_fd_sc_hd__dfrbp_1'.
Generating RTLIL representation for module `\sky130_fd_sc_hd__dfrbp_2'.
Generating RTLIL representation for module `\sky130_fd_sc_hd__dfrtn_1'.
Generating RTLIL representation for module `\sky130_fd_sc_hd__dfrtp_1'.
Generating RTLIL representation for module `\sky130_fd_sc_hd__dfrtp_2'.
Generating RTLIL representation for module `\sky130_fd_sc_hd__dfrtp_4'.
Generating RTLIL representation for module `\sky130_fd_sc_hd__dfsbp_1'.
Generating RTLIL representation for module `\sky130_fd_sc_hd__dfsbp_2'.
Generating RTLIL representation for module `\sky130_fd_sc_hd__dfstp_1'.
Generating RTLIL representation for module `\sky130_fd_sc_hd__dfstp_2'.
Generating RTLIL representation for module `\sky130_fd_sc_hd__dfstp_4'.
Generating RTLIL representation for module `\sky130_fd_sc_hd__dfxbp_1'.
Generating RTLIL representation for module `\sky130_fd_sc_hd__dfxbp_2'.
Generating RTLIL representation for module `\sky130_fd_sc_hd__dfxtp_1'.
Generating RTLIL representation for module `\sky130_fd_sc_hd__dfxtp_2'.
Generating RTLIL representation for module `\sky130_fd_sc_hd__dfxtp_4'.
Generating RTLIL representation for module `\sky130_fd_sc_hd__diode_2'.
Generating RTLIL representation for module `\sky130_fd_sc_hd__dlclkp_1'.
Generating RTLIL representation for module `\sky130_fd_sc_hd__dlclkp_2'.
Generating RTLIL representation for module `\sky130_fd_sc_hd__dlclkp_4'.
Generating RTLIL representation for module `\sky130_fd_sc_hd__dlrbn_1'.
Generating RTLIL representation for module `\sky130_fd_sc_hd__dlrbn_2'.
Generating RTLIL representation for module `\sky130_fd_sc_hd__dlrbp_1'.
Generating RTLIL representation for module `\sky130_fd_sc_hd__dlrbp_2'.
Generating RTLIL representation for module `\sky130_fd_sc_hd__dlrtn_1'.
Generating RTLIL representation for module `\sky130_fd_sc_hd__dlrtn_2'.
Generating RTLIL representation for module `\sky130_fd_sc_hd__dlrtn_4'.
Generating RTLIL representation for module `\sky130_fd_sc_hd__dlrtp_1'.
Generating RTLIL representation for module `\sky130_fd_sc_hd__dlrtp_2'.
Generating RTLIL representation for module `\sky130_fd_sc_hd__dlrtp_4'.
Generating RTLIL representation for module `\sky130_fd_sc_hd__dlxbn_1'.
Generating RTLIL representation for module `\sky130_fd_sc_hd__dlxbn_2'.
Generating RTLIL representation for module `\sky130_fd_sc_hd__dlxbp_1'.
Generating RTLIL representation for module `\sky130_fd_sc_hd__dlxtn_1'.
Generating RTLIL representation for module `\sky130_fd_sc_hd__dlxtn_2'.
Generating RTLIL representation for module `\sky130_fd_sc_hd__dlxtn_4'.
Generating RTLIL representation for module `\sky130_fd_sc_hd__dlxtp_1'.
Generating RTLIL representation for module `\sky130_fd_sc_hd__dlygate4sd1_1'.
Generating RTLIL representation for module `\sky130_fd_sc_hd__dlygate4sd2_1'.
Generating RTLIL representation for module `\sky130_fd_sc_hd__dlygate4sd3_1'.
Generating RTLIL representation for module `\sky130_fd_sc_hd__dlymetal6s2s_1'.
Generating RTLIL representation for module `\sky130_fd_sc_hd__dlymetal6s4s_1'.
Generating RTLIL representation for module `\sky130_fd_sc_hd__dlymetal6s6s_1'.
Generating RTLIL representation for module `\sky130_fd_sc_hd__ebufn_1'.
Generating RTLIL representation for module `\sky130_fd_sc_hd__ebufn_2'.
Generating RTLIL representation for module `\sky130_fd_sc_hd__ebufn_4'.
Generating RTLIL representation for module `\sky130_fd_sc_hd__ebufn_8'.
Generating RTLIL representation for module `\sky130_fd_sc_hd__edfxbp_1'.
Generating RTLIL representation for module `\sky130_fd_sc_hd__edfxtp_1'.
Generating RTLIL representation for module `\sky130_fd_sc_hd__einvn_0'.
Generating RTLIL representation for module `\sky130_fd_sc_hd__einvn_1'.
Generating RTLIL representation for module `\sky130_fd_sc_hd__einvn_2'.
Generating RTLIL representation for module `\sky130_fd_sc_hd__einvn_4'.
Generating RTLIL representation for module `\sky130_fd_sc_hd__einvn_8'.
Generating RTLIL representation for module `\sky130_fd_sc_hd__einvp_1'.
Generating RTLIL representation for module `\sky130_fd_sc_hd__einvp_2'.
Generating RTLIL representation for module `\sky130_fd_sc_hd__einvp_4'.
Generating RTLIL representation for module `\sky130_fd_sc_hd__einvp_8'.
Generating RTLIL representation for module `\sky130_fd_sc_hd__fa_1'.
Generating RTLIL representation for module `\sky130_fd_sc_hd__fa_2'.
Generating RTLIL representation for module `\sky130_fd_sc_hd__fa_4'.
Generating RTLIL representation for module `\sky130_fd_sc_hd__fah_1'.
Generating RTLIL representation for module `\sky130_fd_sc_hd__fahcin_1'.
Generating RTLIL representation for module `\sky130_fd_sc_hd__fahcon_1'.
Generating RTLIL representation for module `\sky130_fd_sc_hd__fill_1'.
Generating RTLIL representation for module `\sky130_fd_sc_hd__fill_2'.
Generating RTLIL representation for module `\sky130_fd_sc_hd__fill_4'.
Generating RTLIL representation for module `\sky130_fd_sc_hd__fill_8'.
Generating RTLIL representation for module `\sky130_fd_sc_hd__ha_1'.
Generating RTLIL representation for module `\sky130_fd_sc_hd__ha_2'.
Generating RTLIL representation for module `\sky130_fd_sc_hd__ha_4'.
Generating RTLIL representation for module `\sky130_fd_sc_hd__inv_1'.
Generating RTLIL representation for module `\sky130_fd_sc_hd__inv_12'.
Generating RTLIL representation for module `\sky130_fd_sc_hd__inv_16'.
Generating RTLIL representation for module `\sky130_fd_sc_hd__inv_2'.
Generating RTLIL representation for module `\sky130_fd_sc_hd__inv_4'.
Generating RTLIL representation for module `\sky130_fd_sc_hd__inv_6'.
Generating RTLIL representation for module `\sky130_fd_sc_hd__inv_8'.
Generating RTLIL representation for module `\sky130_fd_sc_hd__lpflow_bleeder_1'.
Generating RTLIL representation for module `\sky130_fd_sc_hd__lpflow_clkbufkapwr_1'.
Generating RTLIL representation for module `\sky130_fd_sc_hd__lpflow_clkbufkapwr_16'.
Generating RTLIL representation for module `\sky130_fd_sc_hd__lpflow_clkbufkapwr_2'.
Generating RTLIL representation for module `\sky130_fd_sc_hd__lpflow_clkbufkapwr_4'.
Generating RTLIL representation for module `\sky130_fd_sc_hd__lpflow_clkbufkapwr_8'.
Generating RTLIL representation for module `\sky130_fd_sc_hd__lpflow_clkinvkapwr_1'.
Generating RTLIL representation for module `\sky130_fd_sc_hd__lpflow_clkinvkapwr_16'.
Generating RTLIL representation for module `\sky130_fd_sc_hd__lpflow_clkinvkapwr_2'.
Generating RTLIL representation for module `\sky130_fd_sc_hd__lpflow_clkinvkapwr_4'.
Generating RTLIL representation for module `\sky130_fd_sc_hd__lpflow_clkinvkapwr_8'.
Generating RTLIL representation for module `\sky130_fd_sc_hd__lpflow_decapkapwr_12'.
Generating RTLIL representation for module `\sky130_fd_sc_hd__lpflow_decapkapwr_3'.
Generating RTLIL representation for module `\sky130_fd_sc_hd__lpflow_decapkapwr_4'.
Generating RTLIL representation for module `\sky130_fd_sc_hd__lpflow_decapkapwr_6'.
Generating RTLIL representation for module `\sky130_fd_sc_hd__lpflow_decapkapwr_8'.
Generating RTLIL representation for module `\sky130_fd_sc_hd__lpflow_inputiso0n_1'.
Generating RTLIL representation for module `\sky130_fd_sc_hd__lpflow_inputiso0p_1'.
Generating RTLIL representation for module `\sky130_fd_sc_hd__lpflow_inputiso1n_1'.
Generating RTLIL representation for module `\sky130_fd_sc_hd__lpflow_inputiso1p_1'.
Generating RTLIL representation for module `\sky130_fd_sc_hd__lpflow_inputisolatch_1'.
Generating RTLIL representation for module `\sky130_fd_sc_hd__lpflow_isobufsrc_1'.
Generating RTLIL representation for module `\sky130_fd_sc_hd__lpflow_isobufsrc_16'.
Generating RTLIL representation for module `\sky130_fd_sc_hd__lpflow_isobufsrc_2'.
Generating RTLIL representation for module `\sky130_fd_sc_hd__lpflow_isobufsrc_4'.
Generating RTLIL representation for module `\sky130_fd_sc_hd__lpflow_isobufsrc_8'.
Generating RTLIL representation for module `\sky130_fd_sc_hd__lpflow_isobufsrckapwr_16'.
Generating RTLIL representation for module `\sky130_fd_sc_hd__lpflow_lsbuf_lh_hl_isowell_tap_1'.
Generating RTLIL representation for module `\sky130_fd_sc_hd__lpflow_lsbuf_lh_hl_isowell_tap_2'.
Generating RTLIL representation for module `\sky130_fd_sc_hd__lpflow_lsbuf_lh_hl_isowell_tap_4'.
Generating RTLIL representation for module `\sky130_fd_sc_hd__lpflow_lsbuf_lh_isowell_4'.
Generating RTLIL representation for module `\sky130_fd_sc_hd__lpflow_lsbuf_lh_isowell_tap_1'.
Generating RTLIL representation for module `\sky130_fd_sc_hd__lpflow_lsbuf_lh_isowell_tap_2'.
Generating RTLIL representation for module `\sky130_fd_sc_hd__lpflow_lsbuf_lh_isowell_tap_4'.
Generating RTLIL representation for module `\sky130_fd_sc_hd__macro_sparecell'.
Generating RTLIL representation for module `\sky130_fd_sc_hd__maj3_1'.
Generating RTLIL representation for module `\sky130_fd_sc_hd__maj3_2'.
Generating RTLIL representation for module `\sky130_fd_sc_hd__maj3_4'.
Generating RTLIL representation for module `\sky130_fd_sc_hd__mux2_1'.
Generating RTLIL representation for module `\sky130_fd_sc_hd__mux2_2'.
Generating RTLIL representation for module `\sky130_fd_sc_hd__mux2_4'.
Generating RTLIL representation for module `\sky130_fd_sc_hd__mux2_8'.
Generating RTLIL representation for module `\sky130_fd_sc_hd__mux2i_1'.
Generating RTLIL representation for module `\sky130_fd_sc_hd__mux2i_2'.
Generating RTLIL representation for module `\sky130_fd_sc_hd__mux2i_4'.
Generating RTLIL representation for module `\sky130_fd_sc_hd__mux4_1'.
Generating RTLIL representation for module `\sky130_fd_sc_hd__mux4_2'.
Generating RTLIL representation for module `\sky130_fd_sc_hd__mux4_4'.
Generating RTLIL representation for module `\sky130_fd_sc_hd__nand2_1'.
Generating RTLIL representation for module `\sky130_fd_sc_hd__nand2_2'.
Generating RTLIL representation for module `\sky130_fd_sc_hd__nand2_4'.
Generating RTLIL representation for module `\sky130_fd_sc_hd__nand2_8'.
Generating RTLIL representation for module `\sky130_fd_sc_hd__nand2b_1'.
Generating RTLIL representation for module `\sky130_fd_sc_hd__nand2b_2'.
Generating RTLIL representation for module `\sky130_fd_sc_hd__nand2b_4'.
Generating RTLIL representation for module `\sky130_fd_sc_hd__nand3_1'.
Generating RTLIL representation for module `\sky130_fd_sc_hd__nand3_2'.
Generating RTLIL representation for module `\sky130_fd_sc_hd__nand3_4'.
Generating RTLIL representation for module `\sky130_fd_sc_hd__nand3b_1'.
Generating RTLIL representation for module `\sky130_fd_sc_hd__nand3b_2'.
Generating RTLIL representation for module `\sky130_fd_sc_hd__nand3b_4'.
Generating RTLIL representation for module `\sky130_fd_sc_hd__nand4_1'.
Generating RTLIL representation for module `\sky130_fd_sc_hd__nand4_2'.
Generating RTLIL representation for module `\sky130_fd_sc_hd__nand4_4'.
Generating RTLIL representation for module `\sky130_fd_sc_hd__nand4b_1'.
Generating RTLIL representation for module `\sky130_fd_sc_hd__nand4b_2'.
Generating RTLIL representation for module `\sky130_fd_sc_hd__nand4b_4'.
Generating RTLIL representation for module `\sky130_fd_sc_hd__nand4bb_1'.
Generating RTLIL representation for module `\sky130_fd_sc_hd__nand4bb_2'.
Generating RTLIL representation for module `\sky130_fd_sc_hd__nand4bb_4'.
Generating RTLIL representation for module `\sky130_fd_sc_hd__nor2_1'.
Generating RTLIL representation for module `\sky130_fd_sc_hd__nor2_2'.
Generating RTLIL representation for module `\sky130_fd_sc_hd__nor2_4'.
Generating RTLIL representation for module `\sky130_fd_sc_hd__nor2_8'.
Generating RTLIL representation for module `\sky130_fd_sc_hd__nor2b_1'.
Generating RTLIL representation for module `\sky130_fd_sc_hd__nor2b_2'.
Generating RTLIL representation for module `\sky130_fd_sc_hd__nor2b_4'.
Generating RTLIL representation for module `\sky130_fd_sc_hd__nor3_1'.
Generating RTLIL representation for module `\sky130_fd_sc_hd__nor3_2'.
Generating RTLIL representation for module `\sky130_fd_sc_hd__nor3_4'.
Generating RTLIL representation for module `\sky130_fd_sc_hd__nor3b_1'.
Generating RTLIL representation for module `\sky130_fd_sc_hd__nor3b_2'.
Generating RTLIL representation for module `\sky130_fd_sc_hd__nor3b_4'.
Generating RTLIL representation for module `\sky130_fd_sc_hd__nor4_1'.
Generating RTLIL representation for module `\sky130_fd_sc_hd__nor4_2'.
Generating RTLIL representation for module `\sky130_fd_sc_hd__nor4_4'.
Generating RTLIL representation for module `\sky130_fd_sc_hd__nor4b_1'.
Generating RTLIL representation for module `\sky130_fd_sc_hd__nor4b_2'.
Generating RTLIL representation for module `\sky130_fd_sc_hd__nor4b_4'.
Generating RTLIL representation for module `\sky130_fd_sc_hd__nor4bb_1'.
Generating RTLIL representation for module `\sky130_fd_sc_hd__nor4bb_2'.
Generating RTLIL representation for module `\sky130_fd_sc_hd__nor4bb_4'.
Generating RTLIL representation for module `\sky130_fd_sc_hd__o2111a_1'.
Generating RTLIL representation for module `\sky130_fd_sc_hd__o2111a_2'.
Generating RTLIL representation for module `\sky130_fd_sc_hd__o2111a_4'.
Generating RTLIL representation for module `\sky130_fd_sc_hd__o2111ai_1'.
Generating RTLIL representation for module `\sky130_fd_sc_hd__o2111ai_2'.
Generating RTLIL representation for module `\sky130_fd_sc_hd__o2111ai_4'.
Generating RTLIL representation for module `\sky130_fd_sc_hd__o211a_1'.
Generating RTLIL representation for module `\sky130_fd_sc_hd__o211a_2'.
Generating RTLIL representation for module `\sky130_fd_sc_hd__o211a_4'.
Generating RTLIL representation for module `\sky130_fd_sc_hd__o211ai_1'.
Generating RTLIL representation for module `\sky130_fd_sc_hd__o211ai_2'.
Generating RTLIL representation for module `\sky130_fd_sc_hd__o211ai_4'.
Generating RTLIL representation for module `\sky130_fd_sc_hd__o21a_1'.
Generating RTLIL representation for module `\sky130_fd_sc_hd__o21a_2'.
Generating RTLIL representation for module `\sky130_fd_sc_hd__o21a_4'.
Generating RTLIL representation for module `\sky130_fd_sc_hd__o21ai_0'.
Generating RTLIL representation for module `\sky130_fd_sc_hd__o21ai_1'.
Generating RTLIL representation for module `\sky130_fd_sc_hd__o21ai_2'.
Generating RTLIL representation for module `\sky130_fd_sc_hd__o21ai_4'.
Generating RTLIL representation for module `\sky130_fd_sc_hd__o21ba_1'.
Generating RTLIL representation for module `\sky130_fd_sc_hd__o21ba_2'.
Generating RTLIL representation for module `\sky130_fd_sc_hd__o21ba_4'.
Generating RTLIL representation for module `\sky130_fd_sc_hd__o21bai_1'.
Generating RTLIL representation for module `\sky130_fd_sc_hd__o21bai_2'.
Generating RTLIL representation for module `\sky130_fd_sc_hd__o21bai_4'.
Generating RTLIL representation for module `\sky130_fd_sc_hd__o221a_1'.
Generating RTLIL representation for module `\sky130_fd_sc_hd__o221a_2'.
Generating RTLIL representation for module `\sky130_fd_sc_hd__o221a_4'.
Generating RTLIL representation for module `\sky130_fd_sc_hd__o221ai_1'.
Generating RTLIL representation for module `\sky130_fd_sc_hd__o221ai_2'.
Generating RTLIL representation for module `\sky130_fd_sc_hd__o221ai_4'.
Generating RTLIL representation for module `\sky130_fd_sc_hd__o22a_1'.
Generating RTLIL representation for module `\sky130_fd_sc_hd__o22a_2'.
Generating RTLIL representation for module `\sky130_fd_sc_hd__o22a_4'.
Generating RTLIL representation for module `\sky130_fd_sc_hd__o22ai_1'.
Generating RTLIL representation for module `\sky130_fd_sc_hd__o22ai_2'.
Generating RTLIL representation for module `\sky130_fd_sc_hd__o22ai_4'.
Generating RTLIL representation for module `\sky130_fd_sc_hd__o2bb2a_1'.
Generating RTLIL representation for module `\sky130_fd_sc_hd__o2bb2a_2'.
Generating RTLIL representation for module `\sky130_fd_sc_hd__o2bb2a_4'.
Generating RTLIL representation for module `\sky130_fd_sc_hd__o2bb2ai_1'.
Generating RTLIL representation for module `\sky130_fd_sc_hd__o2bb2ai_2'.
Generating RTLIL representation for module `\sky130_fd_sc_hd__o2bb2ai_4'.
Generating RTLIL representation for module `\sky130_fd_sc_hd__o311a_1'.
Generating RTLIL representation for module `\sky130_fd_sc_hd__o311a_2'.
Generating RTLIL representation for module `\sky130_fd_sc_hd__o311a_4'.
Generating RTLIL representation for module `\sky130_fd_sc_hd__o311ai_0'.
Generating RTLIL representation for module `\sky130_fd_sc_hd__o311ai_1'.
Generating RTLIL representation for module `\sky130_fd_sc_hd__o311ai_2'.
Generating RTLIL representation for module `\sky130_fd_sc_hd__o311ai_4'.
Generating RTLIL representation for module `\sky130_fd_sc_hd__o31a_1'.
Generating RTLIL representation for module `\sky130_fd_sc_hd__o31a_2'.
Generating RTLIL representation for module `\sky130_fd_sc_hd__o31a_4'.
Generating RTLIL representation for module `\sky130_fd_sc_hd__o31ai_1'.
Generating RTLIL representation for module `\sky130_fd_sc_hd__o31ai_2'.
Generating RTLIL representation for module `\sky130_fd_sc_hd__o31ai_4'.
Generating RTLIL representation for module `\sky130_fd_sc_hd__o32a_1'.
Generating RTLIL representation for module `\sky130_fd_sc_hd__o32a_2'.
Generating RTLIL representation for module `\sky130_fd_sc_hd__o32a_4'.
Generating RTLIL representation for module `\sky130_fd_sc_hd__o32ai_1'.
Generating RTLIL representation for module `\sky130_fd_sc_hd__o32ai_2'.
Generating RTLIL representation for module `\sky130_fd_sc_hd__o32ai_4'.
Generating RTLIL representation for module `\sky130_fd_sc_hd__o41a_1'.
Generating RTLIL representation for module `\sky130_fd_sc_hd__o41a_2'.
Generating RTLIL representation for module `\sky130_fd_sc_hd__o41a_4'.
Generating RTLIL representation for module `\sky130_fd_sc_hd__o41ai_1'.
Generating RTLIL representation for module `\sky130_fd_sc_hd__o41ai_2'.
Generating RTLIL representation for module `\sky130_fd_sc_hd__o41ai_4'.
Generating RTLIL representation for module `\sky130_fd_sc_hd__or2_0'.
Generating RTLIL representation for module `\sky130_fd_sc_hd__or2_1'.
Generating RTLIL representation for module `\sky130_fd_sc_hd__or2_2'.
Generating RTLIL representation for module `\sky130_fd_sc_hd__or2_4'.
Generating RTLIL representation for module `\sky130_fd_sc_hd__or2b_1'.
Generating RTLIL representation for module `\sky130_fd_sc_hd__or2b_2'.
Generating RTLIL representation for module `\sky130_fd_sc_hd__or2b_4'.
Generating RTLIL representation for module `\sky130_fd_sc_hd__or3_1'.
Generating RTLIL representation for module `\sky130_fd_sc_hd__or3_2'.
Generating RTLIL representation for module `\sky130_fd_sc_hd__or3_4'.
Generating RTLIL representation for module `\sky130_fd_sc_hd__or3b_1'.
Generating RTLIL representation for module `\sky130_fd_sc_hd__or3b_2'.
Generating RTLIL representation for module `\sky130_fd_sc_hd__or3b_4'.
Generating RTLIL representation for module `\sky130_fd_sc_hd__or4_1'.
Generating RTLIL representation for module `\sky130_fd_sc_hd__or4_2'.
Generating RTLIL representation for module `\sky130_fd_sc_hd__or4_4'.
Generating RTLIL representation for module `\sky130_fd_sc_hd__or4b_1'.
Generating RTLIL representation for module `\sky130_fd_sc_hd__or4b_2'.
Generating RTLIL representation for module `\sky130_fd_sc_hd__or4b_4'.
Generating RTLIL representation for module `\sky130_fd_sc_hd__or4bb_1'.
Generating RTLIL representation for module `\sky130_fd_sc_hd__or4bb_2'.
Generating RTLIL representation for module `\sky130_fd_sc_hd__or4bb_4'.
Generating RTLIL representation for module `\sky130_fd_sc_hd__probe_p_8'.
Generating RTLIL representation for module `\sky130_fd_sc_hd__probec_p_8'.
Generating RTLIL representation for module `\sky130_fd_sc_hd__sdfbbn_1'.
Generating RTLIL representation for module `\sky130_fd_sc_hd__sdfbbn_2'.
Generating RTLIL representation for module `\sky130_fd_sc_hd__sdfbbp_1'.
Generating RTLIL representation for module `\sky130_fd_sc_hd__sdfrbp_1'.
Generating RTLIL representation for module `\sky130_fd_sc_hd__sdfrbp_2'.
Generating RTLIL representation for module `\sky130_fd_sc_hd__sdfrtn_1'.
Generating RTLIL representation for module `\sky130_fd_sc_hd__sdfrtp_1'.
Generating RTLIL representation for module `\sky130_fd_sc_hd__sdfrtp_2'.
Generating RTLIL representation for module `\sky130_fd_sc_hd__sdfrtp_4'.
Generating RTLIL representation for module `\sky130_fd_sc_hd__sdfsbp_1'.
Generating RTLIL representation for module `\sky130_fd_sc_hd__sdfsbp_2'.
Generating RTLIL representation for module `\sky130_fd_sc_hd__sdfstp_1'.
Generating RTLIL representation for module `\sky130_fd_sc_hd__sdfstp_2'.
Generating RTLIL representation for module `\sky130_fd_sc_hd__sdfstp_4'.
Generating RTLIL representation for module `\sky130_fd_sc_hd__sdfxbp_1'.
Generating RTLIL representation for module `\sky130_fd_sc_hd__sdfxbp_2'.
Generating RTLIL representation for module `\sky130_fd_sc_hd__sdfxtp_1'.
Generating RTLIL representation for module `\sky130_fd_sc_hd__sdfxtp_2'.
Generating RTLIL representation for module `\sky130_fd_sc_hd__sdfxtp_4'.
Generating RTLIL representation for module `\sky130_fd_sc_hd__sdlclkp_1'.
Generating RTLIL representation for module `\sky130_fd_sc_hd__sdlclkp_2'.
Generating RTLIL representation for module `\sky130_fd_sc_hd__sdlclkp_4'.
Generating RTLIL representation for module `\sky130_fd_sc_hd__sedfxbp_1'.
Generating RTLIL representation for module `\sky130_fd_sc_hd__sedfxbp_2'.
Generating RTLIL representation for module `\sky130_fd_sc_hd__sedfxtp_1'.
Generating RTLIL representation for module `\sky130_fd_sc_hd__sedfxtp_2'.
Generating RTLIL representation for module `\sky130_fd_sc_hd__sedfxtp_4'.
Generating RTLIL representation for module `\sky130_fd_sc_hd__tap_1'.
Generating RTLIL representation for module `\sky130_fd_sc_hd__tap_2'.
Generating RTLIL representation for module `\sky130_fd_sc_hd__tapvgnd2_1'.
Generating RTLIL representation for module `\sky130_fd_sc_hd__tapvgnd_1'.
Generating RTLIL representation for module `\sky130_fd_sc_hd__tapvpwrvgnd_1'.
Generating RTLIL representation for module `\sky130_fd_sc_hd__xnor2_1'.
Generating RTLIL representation for module `\sky130_fd_sc_hd__xnor2_2'.
Generating RTLIL representation for module `\sky130_fd_sc_hd__xnor2_4'.
Generating RTLIL representation for module `\sky130_fd_sc_hd__xnor3_1'.
Generating RTLIL representation for module `\sky130_fd_sc_hd__xnor3_2'.
Generating RTLIL representation for module `\sky130_fd_sc_hd__xnor3_4'.
Generating RTLIL representation for module `\sky130_fd_sc_hd__xor2_1'.
Generating RTLIL representation for module `\sky130_fd_sc_hd__xor2_2'.
Generating RTLIL representation for module `\sky130_fd_sc_hd__xor2_4'.
Generating RTLIL representation for module `\sky130_fd_sc_hd__xor3_1'.
Generating RTLIL representation for module `\sky130_fd_sc_hd__xor3_2'.
Generating RTLIL representation for module `\sky130_fd_sc_hd__xor3_4'.
Successfully finished Verilog frontend.

2. Executing Liberty frontend: macros/sky130_sram_2kbyte_1rw1r_32x512_8/lib/sky130_sram_2kbyte_1rw1r_32x512_8_TT_1p8V_25C.lib
Imported 1 cell types from liberty file.

3. Executing Verilog-2005 frontend: macros/sky130_sram_2kbyte_1rw1r_32x512_8/verilog/sky130_sram_2kbyte_1rw1r_32x512_8.v
Parsing SystemVerilog input from `macros/sky130_sram_2kbyte_1rw1r_32x512_8/verilog/sky130_sram_2kbyte_1rw1r_32x512_8.v' to AST representation.
Replacing existing blackbox module `\sky130_sram_2kbyte_1rw1r_32x512_8' at macros/sky130_sram_2kbyte_1rw1r_32x512_8/verilog/sky130_sram_2kbyte_1rw1r_32x512_8.v:19.1-144.10.
Generating RTLIL representation for module `\sky130_sram_2kbyte_1rw1r_32x512_8'.
Successfully finished Verilog frontend.
use_slang

4. Executing SLANG frontend.
  in instance: soc_top.u_instruction_ram.g_sram[0]
../rtl/Memory/sram_module.sv:179:47: warning: port 'vccd1' has no connection [-Wunconnected-port]
            sky130_sram_2kbyte_1rw1r_32x512_8 u_macro (
                                              ^
  in instance: soc_top.u_instruction_ram.g_sram[0]
../rtl/Memory/sram_module.sv:179:47: warning: port 'vssd1' has no connection [-Wunconnected-port]
            sky130_sram_2kbyte_1rw1r_32x512_8 u_macro (
                                              ^
  in instance: soc_top.u_instruction_ram.g_sram[1]
../rtl/Memory/sram_module.sv:179:47: warning: port 'vccd1' has no connection [-Wunconnected-port]
            sky130_sram_2kbyte_1rw1r_32x512_8 u_macro (
                                              ^
  in instance: soc_top.u_instruction_ram.g_sram[1]
../rtl/Memory/sram_module.sv:179:47: warning: port 'vssd1' has no connection [-Wunconnected-port]
            sky130_sram_2kbyte_1rw1r_32x512_8 u_macro (
                                              ^
  in instance: soc_top.u_instruction_ram.g_sram[2]
../rtl/Memory/sram_module.sv:179:47: warning: port 'vccd1' has no connection [-Wunconnected-port]
            sky130_sram_2kbyte_1rw1r_32x512_8 u_macro (
                                              ^
  in instance: soc_top.u_instruction_ram.g_sram[2]
../rtl/Memory/sram_module.sv:179:47: warning: port 'vssd1' has no connection [-Wunconnected-port]
            sky130_sram_2kbyte_1rw1r_32x512_8 u_macro (
                                              ^
  in instance: soc_top.u_instruction_ram.g_sram[3]
../rtl/Memory/sram_module.sv:179:47: warning: port 'vccd1' has no connection [-Wunconnected-port]
            sky130_sram_2kbyte_1rw1r_32x512_8 u_macro (
                                              ^
  in instance: soc_top.u_instruction_ram.g_sram[3]
../rtl/Memory/sram_module.sv:179:47: warning: port 'vssd1' has no connection [-Wunconnected-port]
            sky130_sram_2kbyte_1rw1r_32x512_8 u_macro (
                                              ^
  in instance: soc_top.u_data_ram.g_sram[0]
../rtl/Memory/sram_module.sv:179:47: warning: port 'vccd1' has no connection [-Wunconnected-port]
            sky130_sram_2kbyte_1rw1r_32x512_8 u_macro (
                                              ^
  in instance: soc_top.u_data_ram.g_sram[0]
../rtl/Memory/sram_module.sv:179:47: warning: port 'vssd1' has no connection [-Wunconnected-port]
            sky130_sram_2kbyte_1rw1r_32x512_8 u_macro (
                                              ^
  in instance: soc_top.u_data_ram.g_sram[1]
../rtl/Memory/sram_module.sv:179:47: warning: port 'vccd1' has no connection [-Wunconnected-port]
            sky130_sram_2kbyte_1rw1r_32x512_8 u_macro (
                                              ^
  in instance: soc_top.u_data_ram.g_sram[1]
../rtl/Memory/sram_module.sv:179:47: warning: port 'vssd1' has no connection [-Wunconnected-port]
            sky130_sram_2kbyte_1rw1r_32x512_8 u_macro (
                                              ^
  in instance: soc_top.u_data_ram.g_sram[2]
../rtl/Memory/sram_module.sv:179:47: warning: port 'vccd1' has no connection [-Wunconnected-port]
            sky130_sram_2kbyte_1rw1r_32x512_8 u_macro (
                                              ^
  in instance: soc_top.u_data_ram.g_sram[2]
../rtl/Memory/sram_module.sv:179:47: warning: port 'vssd1' has no connection [-Wunconnected-port]
            sky130_sram_2kbyte_1rw1r_32x512_8 u_macro (
                                              ^
  in instance: soc_top.u_data_ram.g_sram[3]
../rtl/Memory/sram_module.sv:179:47: warning: port 'vccd1' has no connection [-Wunconnected-port]
            sky130_sram_2kbyte_1rw1r_32x512_8 u_macro (
                                              ^
  in instance: soc_top.u_data_ram.g_sram[3]
../rtl/Memory/sram_module.sv:179:47: warning: port 'vssd1' has no connection [-Wunconnected-port]
            sky130_sram_2kbyte_1rw1r_32x512_8 u_macro (
                                              ^
  in instance: soc_top.u_npu.u_npu_sram.g_sram[0]
../rtl/npu/npu_tcm_sram.sv:102:47: warning: port 'vccd1' has no connection [-Wunconnected-port]
            sky130_sram_2kbyte_1rw1r_32x512_8 u_macro (
                                              ^
  in instance: soc_top.u_npu.u_npu_sram.g_sram[0]
../rtl/npu/npu_tcm_sram.sv:102:47: warning: port 'vssd1' has no connection [-Wunconnected-port]
            sky130_sram_2kbyte_1rw1r_32x512_8 u_macro (
                                              ^
  in instance: soc_top.u_npu.u_npu_sram.g_sram[1]
../rtl/npu/npu_tcm_sram.sv:102:47: warning: port 'vccd1' has no connection [-Wunconnected-port]
            sky130_sram_2kbyte_1rw1r_32x512_8 u_macro (
                                              ^
  in instance: soc_top.u_npu.u_npu_sram.g_sram[1]
../rtl/npu/npu_tcm_sram.sv:102:47: warning: port 'vssd1' has no connection [-Wunconnected-port]
            sky130_sram_2kbyte_1rw1r_32x512_8 u_macro (
                                              ^
  in instance: soc_top.u_npu.u_npu_sram.g_sram[2]
../rtl/npu/npu_tcm_sram.sv:102:47: warning: port 'vccd1' has no connection [-Wunconnected-port]
            sky130_sram_2kbyte_1rw1r_32x512_8 u_macro (
                                              ^
  in instance: soc_top.u_npu.u_npu_sram.g_sram[2]
../rtl/npu/npu_tcm_sram.sv:102:47: warning: port 'vssd1' has no connection [-Wunconnected-port]
            sky130_sram_2kbyte_1rw1r_32x512_8 u_macro (
                                              ^
  in instance: soc_top.u_npu.u_npu_sram.g_sram[3]
../rtl/npu/npu_tcm_sram.sv:102:47: warning: port 'vccd1' has no connection [-Wunconnected-port]
            sky130_sram_2kbyte_1rw1r_32x512_8 u_macro (
                                              ^
  in instance: soc_top.u_npu.u_npu_sram.g_sram[3]
../rtl/npu/npu_tcm_sram.sv:102:47: warning: port 'vssd1' has no connection [-Wunconnected-port]
            sky130_sram_2kbyte_1rw1r_32x512_8 u_macro (
                                              ^
  in instance: soc_top.u_npu.u_npu_sram.g_sram[4]
../rtl/npu/npu_tcm_sram.sv:102:47: warning: port 'vccd1' has no connection [-Wunconnected-port]
            sky130_sram_2kbyte_1rw1r_32x512_8 u_macro (
                                              ^
  in instance: soc_top.u_npu.u_npu_sram.g_sram[4]
../rtl/npu/npu_tcm_sram.sv:102:47: warning: port 'vssd1' has no connection [-Wunconnected-port]
            sky130_sram_2kbyte_1rw1r_32x512_8 u_macro (
                                              ^
  in instance: soc_top.u_npu.u_npu_sram.g_sram[5]
../rtl/npu/npu_tcm_sram.sv:102:47: warning: port 'vccd1' has no connection [-Wunconnected-port]
            sky130_sram_2kbyte_1rw1r_32x512_8 u_macro (
                                              ^
  in instance: soc_top.u_npu.u_npu_sram.g_sram[5]
../rtl/npu/npu_tcm_sram.sv:102:47: warning: port 'vssd1' has no connection [-Wunconnected-port]
            sky130_sram_2kbyte_1rw1r_32x512_8 u_macro (
                                              ^
  in instance: soc_top.u_npu.u_npu_sram.g_sram[6]
../rtl/npu/npu_tcm_sram.sv:102:47: warning: port 'vccd1' has no connection [-Wunconnected-port]
            sky130_sram_2kbyte_1rw1r_32x512_8 u_macro (
                                              ^
  in instance: soc_top.u_npu.u_npu_sram.g_sram[6]
../rtl/npu/npu_tcm_sram.sv:102:47: warning: port 'vssd1' has no connection [-Wunconnected-port]
            sky130_sram_2kbyte_1rw1r_32x512_8 u_macro (
                                              ^
  in instance: soc_top.u_npu.u_npu_sram.g_sram[7]
../rtl/npu/npu_tcm_sram.sv:102:47: warning: port 'vccd1' has no connection [-Wunconnected-port]
            sky130_sram_2kbyte_1rw1r_32x512_8 u_macro (
                                              ^
  in instance: soc_top.u_npu.u_npu_sram.g_sram[7]
../rtl/npu/npu_tcm_sram.sv:102:47: warning: port 'vssd1' has no connection [-Wunconnected-port]
            sky130_sram_2kbyte_1rw1r_32x512_8 u_macro (
                                              ^
  in instance: soc_top.u_npu.u_npu_sram.g_sram[8]
../rtl/npu/npu_tcm_sram.sv:102:47: warning: port 'vccd1' has no connection [-Wunconnected-port]
            sky130_sram_2kbyte_1rw1r_32x512_8 u_macro (
                                              ^
  in instance: soc_top.u_npu.u_npu_sram.g_sram[8]
../rtl/npu/npu_tcm_sram.sv:102:47: warning: port 'vssd1' has no connection [-Wunconnected-port]
            sky130_sram_2kbyte_1rw1r_32x512_8 u_macro (
                                              ^
  in instance: soc_top.u_npu.u_npu_sram.g_sram[9]
../rtl/npu/npu_tcm_sram.sv:102:47: warning: port 'vccd1' has no connection [-Wunconnected-port]
            sky130_sram_2kbyte_1rw1r_32x512_8 u_macro (
                                              ^
  in instance: soc_top.u_npu.u_npu_sram.g_sram[9]
../rtl/npu/npu_tcm_sram.sv:102:47: warning: port 'vssd1' has no connection [-Wunconnected-port]
            sky130_sram_2kbyte_1rw1r_32x512_8 u_macro (
                                              ^
  in instance: soc_top.u_npu.u_npu_sram.g_sram[10]
../rtl/npu/npu_tcm_sram.sv:102:47: warning: port 'vccd1' has no connection [-Wunconnected-port]
            sky130_sram_2kbyte_1rw1r_32x512_8 u_macro (
                                              ^
  in instance: soc_top.u_npu.u_npu_sram.g_sram[10]
../rtl/npu/npu_tcm_sram.sv:102:47: warning: port 'vssd1' has no connection [-Wunconnected-port]
            sky130_sram_2kbyte_1rw1r_32x512_8 u_macro (
                                              ^
  in instance: soc_top.u_npu.u_npu_sram.g_sram[11]
../rtl/npu/npu_tcm_sram.sv:102:47: warning: port 'vccd1' has no connection [-Wunconnected-port]
            sky130_sram_2kbyte_1rw1r_32x512_8 u_macro (
                                              ^
  in instance: soc_top.u_npu.u_npu_sram.g_sram[11]
../rtl/npu/npu_tcm_sram.sv:102:47: warning: port 'vssd1' has no connection [-Wunconnected-port]
            sky130_sram_2kbyte_1rw1r_32x512_8 u_macro (
                                              ^
  in instance: soc_top.u_npu.u_npu_sram.g_sram[12]
../rtl/npu/npu_tcm_sram.sv:102:47: warning: port 'vccd1' has no connection [-Wunconnected-port]
            sky130_sram_2kbyte_1rw1r_32x512_8 u_macro (
                                              ^
  in instance: soc_top.u_npu.u_npu_sram.g_sram[12]
../rtl/npu/npu_tcm_sram.sv:102:47: warning: port 'vssd1' has no connection [-Wunconnected-port]
            sky130_sram_2kbyte_1rw1r_32x512_8 u_macro (
                                              ^
  in instance: soc_top.u_npu.u_npu_sram.g_sram[13]
../rtl/npu/npu_tcm_sram.sv:102:47: warning: port 'vccd1' has no connection [-Wunconnected-port]
            sky130_sram_2kbyte_1rw1r_32x512_8 u_macro (
                                              ^
  in instance: soc_top.u_npu.u_npu_sram.g_sram[13]
../rtl/npu/npu_tcm_sram.sv:102:47: warning: port 'vssd1' has no connection [-Wunconnected-port]
            sky130_sram_2kbyte_1rw1r_32x512_8 u_macro (
                                              ^
  in instance: soc_top.u_npu.u_npu_sram.g_sram[14]
../rtl/npu/npu_tcm_sram.sv:102:47: warning: port 'vccd1' has no connection [-Wunconnected-port]
            sky130_sram_2kbyte_1rw1r_32x512_8 u_macro (
                                              ^
  in instance: soc_top.u_npu.u_npu_sram.g_sram[14]
../rtl/npu/npu_tcm_sram.sv:102:47: warning: port 'vssd1' has no connection [-Wunconnected-port]
            sky130_sram_2kbyte_1rw1r_32x512_8 u_macro (
                                              ^
../rtl/Cevre_Birimleri/gpio_peripheral.sv:131:21: warning: asynchronous load value missing for variable '\u_gpio.write_addr'
        if (!rst_n) begin
                    ^~~~~
../rtl/Cevre_Birimleri/gpio_peripheral.sv:130:16: note: asynchronous load pattern implied by edge sensitivity on multiple signals
    always_ff @(posedge clk or negedge rst_n) begin
               ^~~~~~~~~~~~~~~~~~~~~~~~~~~~~~
../rtl/npu/npu_compute_engine.sv:471:21: warning: asynchronous load value missing for variable '\u_npu.u_npu_engine.$98.sub_val'
        if (!rst_n) begin
                    ^~~~~
../rtl/npu/npu_compute_engine.sv:470:16: note: asynchronous load pattern implied by edge sensitivity on multiple signals
    always_ff @(posedge clk or negedge rst_n) begin
               ^~~~~~~~~~~~~~~~~~~~~~~~~~~~~~
../rtl/npu/npu_compute_engine.sv:471:21: warning: asynchronous load value missing for variable '\u_npu.u_npu_engine.$98.next_acc'
        if (!rst_n) begin
                    ^~~~~
../rtl/npu/npu_compute_engine.sv:470:16: note: asynchronous load pattern implied by edge sensitivity on multiple signals
    always_ff @(posedge clk or negedge rst_n) begin
               ^~~~~~~~~~~~~~~~~~~~~~~~~~~~~~
../rtl/npu/npu_compute_engine.sv:544:21: warning: asynchronous load value missing for variable '\u_npu.u_npu_engine.$110.x_centered'
        if (!rst_n) begin
                    ^~~~~
../rtl/npu/npu_compute_engine.sv:543:16: note: asynchronous load pattern implied by edge sensitivity on multiple signals
    always_ff @(posedge clk or negedge rst_n) begin
               ^~~~~~~~~~~~~~~~~~~~~~~~~~~~~~
../rtl/npu/npu_compute_engine.sv:544:21: warning: asynchronous load value missing for variable '\u_npu.u_npu_engine.$110.$2.raw_byte'
        if (!rst_n) begin
                    ^~~~~
../rtl/npu/npu_compute_engine.sv:543:16: note: asynchronous load pattern implied by edge sensitivity on multiple signals
    always_ff @(posedge clk or negedge rst_n) begin
               ^~~~~~~~~~~~~~~~~~~~~~~~~~~~~~
../rtl/npu/npu_compute_engine.sv:544:21: warning: asynchronous load value missing for variable '\u_npu.u_npu_engine.$111.m'
        if (!rst_n) begin
                    ^~~~~
../rtl/npu/npu_compute_engine.sv:543:16: note: asynchronous load pattern implied by edge sensitivity on multiple signals
    always_ff @(posedge clk or negedge rst_n) begin
               ^~~~~~~~~~~~~~~~~~~~~~~~~~~~~~
../rtl/npu/npu_compute_engine.sv:544:21: warning: asynchronous load value missing for variable '\u_npu.u_npu_engine.$112.nudge'
        if (!rst_n) begin
                    ^~~~~
../rtl/npu/npu_compute_engine.sv:543:16: note: asynchronous load pattern implied by edge sensitivity on multiple signals
    always_ff @(posedge clk or negedge rst_n) begin
               ^~~~~~~~~~~~~~~~~~~~~~~~~~~~~~
../rtl/npu/npu_compute_engine.sv:544:21: warning: asynchronous load value missing for variable '\u_npu.u_npu_engine.$112.r64'
        if (!rst_n) begin
                    ^~~~~
../rtl/npu/npu_compute_engine.sv:543:16: note: asynchronous load pattern implied by edge sensitivity on multiple signals
    always_ff @(posedge clk or negedge rst_n) begin
               ^~~~~~~~~~~~~~~~~~~~~~~~~~~~~~
../rtl/npu/npu_compute_engine.sv:544:21: warning: asynchronous load value missing for variable '\u_npu.u_npu_engine.$114.nudge'
        if (!rst_n) begin
                    ^~~~~
../rtl/npu/npu_compute_engine.sv:543:16: note: asynchronous load pattern implied by edge sensitivity on multiple signals
    always_ff @(posedge clk or negedge rst_n) begin
               ^~~~~~~~~~~~~~~~~~~~~~~~~~~~~~
../rtl/npu/npu_compute_engine.sv:544:21: warning: asynchronous load value missing for variable '\u_npu.u_npu_engine.$114.r64'
        if (!rst_n) begin
                    ^~~~~
../rtl/npu/npu_compute_engine.sv:543:16: note: asynchronous load pattern implied by edge sensitivity on multiple signals
    always_ff @(posedge clk or negedge rst_n) begin
               ^~~~~~~~~~~~~~~~~~~~~~~~~~~~~~
../rtl/npu/npu_compute_engine.sv:544:21: warning: asynchronous load value missing for variable '\u_npu.u_npu_engine.$115.quant_fc'
        if (!rst_n) begin
                    ^~~~~
../rtl/npu/npu_compute_engine.sv:543:16: note: asynchronous load pattern implied by edge sensitivity on multiple signals
    always_ff @(posedge clk or negedge rst_n) begin
               ^~~~~~~~~~~~~~~~~~~~~~~~~~~~~~
../rtl/npu/npu_compute_engine.sv:544:21: warning: asynchronous load value missing for variable '\u_npu.u_npu_engine.$116.sum_exp'
        if (!rst_n) begin
                    ^~~~~
../rtl/npu/npu_compute_engine.sv:543:16: note: asynchronous load pattern implied by edge sensitivity on multiple signals
    always_ff @(posedge clk or negedge rst_n) begin
               ^~~~~~~~~~~~~~~~~~~~~~~~~~~~~~
Top level design units:
    soc_top


Build succeeded: 0 errors, 58 warnings

4.1. Executing UNDRIVEN pass. (resolve undriven signals)
<suppressed ~3534 debug messages>

4.2. Executing PROC_CLEAN pass (remove empty switches from decision trees).
Found and cleaned up 1 empty switch in `\soc_top.$6979'.
Found and cleaned up 1 empty switch in `\soc_top.$6960'.
Found and cleaned up 1 empty switch in `\soc_top.$6944'.
Found and cleaned up 1 empty switch in `\soc_top.$6900'.
Found and cleaned up 1 empty switch in `\soc_top.$6859'.
Found and cleaned up 1 empty switch in `\soc_top.$6853'.
Removing empty process `soc_top.$6848'.
Removing empty process `soc_top.$6845'.
Found and cleaned up 1 empty switch in `\soc_top.$6812'.
Found and cleaned up 1 empty switch in `\soc_top.$6795'.
Found and cleaned up 1 empty switch in `\soc_top.$6750'.
Found and cleaned up 1 empty switch in `\soc_top.$6680'.
Found and cleaned up 1 empty switch in `\soc_top.$6672'.
Found and cleaned up 1 empty switch in `\soc_top.$6659'.
Found and cleaned up 4 empty switches in `\soc_top.$6236'.
Found and cleaned up 1 empty switch in `\soc_top.$6229'.
Found and cleaned up 1 empty switch in `\soc_top.$6175'.
Found and cleaned up 1 empty switch in `\soc_top.$6129'.
Removing empty process `soc_top.$6128'.
Found and cleaned up 1 empty switch in `\soc_top.$5943'.
Found and cleaned up 1 empty switch in `\soc_top.$5921'.
Found and cleaned up 1 empty switch in `\soc_top.$5895'.
Found and cleaned up 1 empty switch in `\soc_top.$5844'.
Found and cleaned up 1 empty switch in `\soc_top.$5836'.
Found and cleaned up 1 empty switch in `\soc_top.$5821'.
Found and cleaned up 1 empty switch in `\soc_top.$5808'.
Found and cleaned up 1 empty switch in `\soc_top.$5795'.
Found and cleaned up 1 empty switch in `\soc_top.$5783'.
Found and cleaned up 1 empty switch in `\soc_top.$5372'.
Found and cleaned up 1 empty switch in `\soc_top.$5348'.
Found and cleaned up 1 empty switch in `\soc_top.$5312'.
Found and cleaned up 1 empty switch in `\soc_top.$5249'.
Found and cleaned up 1 empty switch in `\soc_top.$5087'.
Found and cleaned up 1 empty switch in `\soc_top.$5080'.
Found and cleaned up 1 empty switch in `\soc_top.$5078'.
Found and cleaned up 1 empty switch in `\soc_top.$5070'.
Found and cleaned up 1 empty switch in `\soc_top.$5052'.
Found and cleaned up 1 empty switch in `\soc_top.$5041'.
Found and cleaned up 1 empty switch in `\soc_top.$5010'.
Found and cleaned up 1 empty switch in `\soc_top.$5003'.
Found and cleaned up 1 empty switch in `\soc_top.$4973'.
Found and cleaned up 1 empty switch in `\soc_top.$4898'.
Found and cleaned up 1 empty switch in `\soc_top.$4892'.
Found and cleaned up 1 empty switch in `\soc_top.$4873'.
Found and cleaned up 1 empty switch in `\soc_top.$4867'.
Found and cleaned up 1 empty switch in `\soc_top.$4860'.
Found and cleaned up 1 empty switch in `\soc_top.$4806'.
Removing empty process `soc_top.$4803'.
Found and cleaned up 1 empty switch in `\soc_top.$4751'.
Found and cleaned up 1 empty switch in `\soc_top.$4736'.
Found and cleaned up 1 empty switch in `\soc_top.$4680'.
Found and cleaned up 1 empty switch in `\soc_top.$4674'.
Found and cleaned up 1 empty switch in `\soc_top.$4630'.
Removing empty process `soc_top.$4627'.
Found and cleaned up 1 empty switch in `\soc_top.$4575'.
Found and cleaned up 1 empty switch in `\soc_top.$4560'.
Found and cleaned up 1 empty switch in `\soc_top.$4533'.
Found and cleaned up 1 empty switch in `\soc_top.$4495'.
Found and cleaned up 1 empty switch in `\soc_top.$4486'.
Found and cleaned up 1 empty switch in `\soc_top.$4470'.
Found and cleaned up 1 empty switch in `\soc_top.$4467'.
Found and cleaned up 1 empty switch in `\soc_top.$4464'.
Found and cleaned up 1 empty switch in `\soc_top.$4461'.
Found and cleaned up 1 empty switch in `\soc_top.$4458'.
Found and cleaned up 1 empty switch in `\soc_top.$4455'.
Found and cleaned up 1 empty switch in `\soc_top.$4452'.
Found and cleaned up 1 empty switch in `\soc_top.$4449'.
Found and cleaned up 1 empty switch in `\soc_top.$4446'.
Found and cleaned up 1 empty switch in `\soc_top.$4443'.
Found and cleaned up 1 empty switch in `\soc_top.$4440'.
Found and cleaned up 1 empty switch in `\soc_top.$4437'.
Found and cleaned up 1 empty switch in `\soc_top.$4434'.
Found and cleaned up 1 empty switch in `\soc_top.$4431'.
Found and cleaned up 1 empty switch in `\soc_top.$4428'.
Found and cleaned up 1 empty switch in `\soc_top.$4425'.
Found and cleaned up 1 empty switch in `\soc_top.$4422'.
Found and cleaned up 1 empty switch in `\soc_top.$4352'.
Removing empty process `soc_top.$4329'.
Found and cleaned up 1 empty switch in `\soc_top.$4316'.
Removing empty process `soc_top.$4314'.
Found and cleaned up 1 empty switch in `\soc_top.$4271'.
Found and cleaned up 1 empty switch in `\soc_top.$4248'.
Found and cleaned up 1 empty switch in `\soc_top.$4235'.
Removing empty process `soc_top.$4233'.
Found and cleaned up 1 empty switch in `\soc_top.$4190'.
Found and cleaned up 1 empty switch in `\soc_top.$4167'.
Found and cleaned up 1 empty switch in `\soc_top.$4158'.
Found and cleaned up 1 empty switch in `\soc_top.$4152'.
Found and cleaned up 1 empty switch in `\soc_top.$4144'.
Found and cleaned up 1 empty switch in `\soc_top.$4118'.
Removing empty process `soc_top.$4115'.
Found and cleaned up 1 empty switch in `\soc_top.$4089'.
Removing empty process `soc_top.$4086'.
Found and cleaned up 1 empty switch in `\soc_top.$3975'.
Found and cleaned up 1 empty switch in `\soc_top.$3821'.
Found and cleaned up 1 empty switch in `\soc_top.$3715'.
Found and cleaned up 1 empty switch in `\soc_top.$3548'.
Removing empty process `soc_top.$3545'.
Found and cleaned up 1 empty switch in `\soc_top.$3504'.
Removing empty process `soc_top.$3501'.
Found and cleaned up 1 empty switch in `\soc_top.$3472'.
Removing empty process `soc_top.$3469'.
Found and cleaned up 1 empty switch in `\soc_top.$3424'.
Removing empty process `soc_top.$3421'.
Found and cleaned up 1 empty switch in `\soc_top.$3376'.
Removing empty process `soc_top.$3373'.
Found and cleaned up 128 empty switches in `\soc_top.$3305'.
Found and cleaned up 64 empty switches in `\soc_top.$3270'.
Found and cleaned up 66 empty switches in `\soc_top.$3203'.
Found and cleaned up 5 empty switches in `\soc_top.$3040'.
Found and cleaned up 2 empty switches in `\soc_top.$2787'.
Found and cleaned up 1 empty switch in `\soc_top.$2686'.
Found and cleaned up 4 empty switches in `\soc_top.$2676'.
Found and cleaned up 1 empty switch in `\soc_top.$2662'.
Found and cleaned up 8 empty switches in `\soc_top.$2611'.
Found and cleaned up 1 empty switch in `\soc_top.$2600'.
Found and cleaned up 1 empty switch in `\soc_top.$2590'.
Removing empty process `soc_top.$2587'.
Found and cleaned up 1 empty switch in `\soc_top.$2583'.
Found and cleaned up 1 empty switch in `\soc_top.$2553'.
Found and cleaned up 1 empty switch in `\soc_top.$2536'.
Found and cleaned up 1 empty switch in `\soc_top.$2534'.
Found and cleaned up 1 empty switch in `\soc_top.$2516'.
Found and cleaned up 1 empty switch in `\soc_top.$2498'.
Found and cleaned up 1 empty switch in `\soc_top.$2496'.
Found and cleaned up 1 empty switch in `\soc_top.$2484'.
Found and cleaned up 1 empty switch in `\soc_top.$2482'.
Found and cleaned up 1 empty switch in `\soc_top.$2471'.
Found and cleaned up 1 empty switch in `\soc_top.$2444'.
Found and cleaned up 1 empty switch in `\soc_top.$2440'.
Found and cleaned up 1 empty switch in `\soc_top.$2390'.
Found and cleaned up 1 empty switch in `\soc_top.$2374'.
Found and cleaned up 1 empty switch in `\soc_top.$2348'.
Removing empty process `soc_top.$2344'.
Found and cleaned up 1 empty switch in `\soc_top.$2318'.
Found and cleaned up 1 empty switch in `\soc_top.$2278'.
Found and cleaned up 1 empty switch in `\soc_top.$2256'.
Found and cleaned up 1 empty switch in `\soc_top.$2157'.
Found and cleaned up 1 empty switch in `\soc_top.$2084'.
Found and cleaned up 1 empty switch in `\soc_top.$2055'.
Found and cleaned up 1 empty switch in `\soc_top.$2048'.
Found and cleaned up 1 empty switch in `\soc_top.$2023'.
Found and cleaned up 1 empty switch in `\soc_top.$2005'.
Found and cleaned up 1 empty switch in `\soc_top.$1986'.
Found and cleaned up 1 empty switch in `\soc_top.$1982'.
Found and cleaned up 1 empty switch in `\soc_top.$1966'.
Found and cleaned up 1 empty switch in `\soc_top.$1913'.
Found and cleaned up 1 empty switch in `\soc_top.$1884'.
Found and cleaned up 1 empty switch in `\soc_top.$1849'.
Found and cleaned up 1 empty switch in `\soc_top.$1826'.
Removing empty process `soc_top.$1792'.
Found and cleaned up 1 empty switch in `\soc_top.$1566'.
Found and cleaned up 1 empty switch in `\soc_top.$1533'.
Removing empty process `soc_top.$1524'.
Found and cleaned up 1 empty switch in `\soc_top.$1515'.
Removing empty process `soc_top.$1512'.
Found and cleaned up 1 empty switch in `\soc_top.$1507'.
Removing empty process `soc_top.$1490'.
Found and cleaned up 1 empty switch in `\soc_top.$1465'.
Found and cleaned up 1 empty switch in `\soc_top.$1421'.
Found and cleaned up 4 empty switches in `\soc_top.$1009'.
Found and cleaned up 42 empty switches in `\soc_top.$791'.
Found and cleaned up 1 empty switch in `\soc_top.$784'.
Found and cleaned up 1 empty switch in `\soc_top.$777'.
Found and cleaned up 1 empty switch in `\soc_top.$770'.
Found and cleaned up 1 empty switch in `\soc_top.$763'.
Found and cleaned up 1 empty switch in `\soc_top.$756'.
Found and cleaned up 1 empty switch in `\soc_top.$749'.
Found and cleaned up 1 empty switch in `\soc_top.$742'.
Found and cleaned up 1 empty switch in `\soc_top.$735'.
Found and cleaned up 1 empty switch in `\soc_top.$728'.
Found and cleaned up 1 empty switch in `\soc_top.$721'.
Found and cleaned up 1 empty switch in `\soc_top.$714'.
Found and cleaned up 1 empty switch in `\soc_top.$707'.
Found and cleaned up 1 empty switch in `\soc_top.$700'.
Found and cleaned up 1 empty switch in `\soc_top.$693'.
Found and cleaned up 1 empty switch in `\soc_top.$686'.
Found and cleaned up 1 empty switch in `\soc_top.$679'.
Found and cleaned up 1 empty switch in `\soc_top.$672'.
Found and cleaned up 1 empty switch in `\soc_top.$665'.
Found and cleaned up 1 empty switch in `\soc_top.$658'.
Found and cleaned up 1 empty switch in `\soc_top.$651'.
Found and cleaned up 1 empty switch in `\soc_top.$644'.
Found and cleaned up 1 empty switch in `\soc_top.$637'.
Found and cleaned up 1 empty switch in `\soc_top.$630'.
Found and cleaned up 1 empty switch in `\soc_top.$623'.
Found and cleaned up 1 empty switch in `\soc_top.$616'.
Found and cleaned up 1 empty switch in `\soc_top.$609'.
Found and cleaned up 1 empty switch in `\soc_top.$602'.
Found and cleaned up 1 empty switch in `\soc_top.$595'.
Found and cleaned up 1 empty switch in `\soc_top.$588'.
Found and cleaned up 1 empty switch in `\soc_top.$581'.
Found and cleaned up 1 empty switch in `\soc_top.$574'.
Removing empty process `soc_top.$571'.
Found and cleaned up 1 empty switch in `\soc_top.$416'.
Found and cleaned up 1 empty switch in `\soc_top.$414'.
Found and cleaned up 1 empty switch in `\soc_top.$412'.
Found and cleaned up 1 empty switch in `\soc_top.$410'.
Found and cleaned up 1 empty switch in `\soc_top.$408'.
Found and cleaned up 1 empty switch in `\soc_top.$406'.
Found and cleaned up 1 empty switch in `\soc_top.$401'.
Found and cleaned up 1 empty switch in `\soc_top.$399'.
Found and cleaned up 1 empty switch in `\soc_top.$397'.
Found and cleaned up 1 empty switch in `\soc_top.$391'.
Found and cleaned up 1 empty switch in `\soc_top.$389'.
Found and cleaned up 1 empty switch in `\soc_top.$386'.
Found and cleaned up 1 empty switch in `\soc_top.$384'.
Found and cleaned up 1 empty switch in `\soc_top.$382'.
Found and cleaned up 1 empty switch in `\soc_top.$380'.
Found and cleaned up 1 empty switch in `\soc_top.$374'.
Found and cleaned up 1 empty switch in `\soc_top.$322'.
Found and cleaned up 17 empty switches in `\soc_top.$256'.
Found and cleaned up 1 empty switch in `\soc_top.$205'.
Found and cleaned up 1 empty switch in `\soc_top.$194'.
Found and cleaned up 1 empty switch in `\soc_top.$177'.
Found and cleaned up 1 empty switch in `\soc_top.$168'.
Found and cleaned up 1 empty switch in `\soc_top.$156'.
Found and cleaned up 1 empty switch in `\soc_top.$148'.
Found and cleaned up 1 empty switch in `\soc_top.$142'.
Found and cleaned up 1 empty switch in `\soc_top.$136'.
Found and cleaned up 1 empty switch in `\soc_top.$123'.
Found and cleaned up 2 empty switches in `\soc_top.$88'.
Found and cleaned up 1 empty switch in `\soc_top.$76'.
Found and cleaned up 1 empty switch in `\soc_top.$64'.
Found and cleaned up 1 empty switch in `\soc_top.$60'.
Found and cleaned up 1 empty switch in `\soc_top.$37'.
Found and cleaned up 1 empty switch in `\soc_top.$19'.
Found and cleaned up 1 empty switch in `\soc_top.$15'.
Removing empty process `soc_top.$12'.
Cleaned up 540 empty switches.

4.3. Executing TRIBUF pass.

4.4. Executing PROC_RMDEAD pass (remove dead branches from decision trees).
Marked 2 switch rules as full_case in process $5836 in module soc_top.
Marked 2 switch rules as full_case in process $5821 in module soc_top.
Marked 2 switch rules as full_case in process $5808 in module soc_top.
Marked 1 switch rules as full_case in process $5795 in module soc_top.
Marked 3 switch rules as full_case in process $5783 in module soc_top.
Marked 3 switch rules as full_case in process $5740 in module soc_top.
Marked 87 switch rules as full_case in process $5372 in module soc_top.
Marked 4 switch rules as full_case in process $5348 in module soc_top.
Marked 9 switch rules as full_case in process $5312 in module soc_top.
Marked 15 switch rules as full_case in process $5249 in module soc_top.
Marked 49 switch rules as full_case in process $5087 in module soc_top.
Marked 2 switch rules as full_case in process $5080 in module soc_top.
Marked 1 switch rules as full_case in process $5078 in module soc_top.
Marked 2 switch rules as full_case in process $5070 in module soc_top.
Marked 13 switch rules as full_case in process $5052 in module soc_top.
Marked 3 switch rules as full_case in process $5041 in module soc_top.
Marked 3 switch rules as full_case in process $5010 in module soc_top.
Marked 2 switch rules as full_case in process $5003 in module soc_top.
Marked 4 switch rules as full_case in process $4973 in module soc_top.
Marked 15 switch rules as full_case in process $4898 in module soc_top.
Removed 1 dead cases from process $4806 in module soc_top.
Marked 13 switch rules as full_case in process $4806 in module soc_top.
Marked 7 switch rules as full_case in process $6900 in module soc_top.
Marked 14 switch rules as full_case in process $4751 in module soc_top.
Marked 3 switch rules as full_case in process $4736 in module soc_top.
Marked 14 switch rules as full_case in process $4680 in module soc_top.
Removed 1 dead cases from process $4630 in module soc_top.
Marked 13 switch rules as full_case in process $4630 in module soc_top.
Marked 10 switch rules as full_case in process $6859 in module soc_top.
Marked 14 switch rules as full_case in process $4575 in module soc_top.
Marked 4 switch rules as full_case in process $4560 in module soc_top.
Marked 6 switch rules as full_case in process $4533 in module soc_top.
Marked 9 switch rules as full_case in process $4495 in module soc_top.
Marked 3 switch rules as full_case in process $4486 in module soc_top.
Marked 3 switch rules as full_case in process $4470 in module soc_top.
Removed 1 dead cases from process $4467 in module soc_top.
Marked 1 switch rules as full_case in process $4467 in module soc_top.
Removed 1 dead cases from process $4464 in module soc_top.
Marked 1 switch rules as full_case in process $4464 in module soc_top.
Removed 1 dead cases from process $4461 in module soc_top.
Marked 1 switch rules as full_case in process $4461 in module soc_top.
Removed 1 dead cases from process $4458 in module soc_top.
Marked 1 switch rules as full_case in process $4458 in module soc_top.
Removed 1 dead cases from process $4455 in module soc_top.
Marked 1 switch rules as full_case in process $4455 in module soc_top.
Removed 1 dead cases from process $4452 in module soc_top.
Marked 1 switch rules as full_case in process $4452 in module soc_top.
Removed 1 dead cases from process $4449 in module soc_top.
Marked 1 switch rules as full_case in process $4449 in module soc_top.
Removed 1 dead cases from process $4446 in module soc_top.
Marked 1 switch rules as full_case in process $4446 in module soc_top.
Removed 1 dead cases from process $4443 in module soc_top.
Marked 1 switch rules as full_case in process $4443 in module soc_top.
Removed 1 dead cases from process $4440 in module soc_top.
Marked 1 switch rules as full_case in process $4440 in module soc_top.
Removed 1 dead cases from process $4437 in module soc_top.
Marked 1 switch rules as full_case in process $4437 in module soc_top.
Removed 1 dead cases from process $4434 in module soc_top.
Marked 1 switch rules as full_case in process $4434 in module soc_top.
Removed 1 dead cases from process $4431 in module soc_top.
Marked 1 switch rules as full_case in process $4431 in module soc_top.
Removed 1 dead cases from process $4428 in module soc_top.
Marked 1 switch rules as full_case in process $4428 in module soc_top.
Removed 1 dead cases from process $4425 in module soc_top.
Marked 1 switch rules as full_case in process $4425 in module soc_top.
Removed 1 dead cases from process $4422 in module soc_top.
Marked 1 switch rules as full_case in process $4422 in module soc_top.
Marked 2 switch rules as full_case in process $4352 in module soc_top.
Marked 5 switch rules as full_case in process $6979 in module soc_top.
Marked 2 switch rules as full_case in process $4271 in module soc_top.
Marked 7 switch rules as full_case in process $4248 in module soc_top.
Marked 5 switch rules as full_case in process $6960 in module soc_top.
Marked 2 switch rules as full_case in process $4190 in module soc_top.
Marked 7 switch rules as full_case in process $4167 in module soc_top.
Marked 2 switch rules as full_case in process $4158 in module soc_top.
Marked 2 switch rules as full_case in process $4152 in module soc_top.
Marked 8 switch rules as full_case in process $4118 in module soc_top.
Removed 1 dead cases from process $6812 in module soc_top.
Marked 4 switch rules as full_case in process $6812 in module soc_top.
Marked 8 switch rules as full_case in process $4089 in module soc_top.
Marked 5 switch rules as full_case in process $6795 in module soc_top.
Marked 16 switch rules as full_case in process $3975 in module soc_top.
Marked 30 switch rules as full_case in process $3821 in module soc_top.
Marked 16 switch rules as full_case in process $3715 in module soc_top.
Marked 30 switch rules as full_case in process $3548 in module soc_top.
Marked 7 switch rules as full_case in process $6750 in module soc_top.
Marked 18 switch rules as full_case in process $3504 in module soc_top.
Marked 14 switch rules as full_case in process $6680 in module soc_top.
Marked 9 switch rules as full_case in process $3472 in module soc_top.
Marked 10 switch rules as full_case in process $3424 in module soc_top.
Marked 1 switch rules as full_case in process $6659 in module soc_top.
Marked 10 switch rules as full_case in process $3376 in module soc_top.
Removed 2 dead cases from process $6236 in module soc_top.
Marked 62 switch rules as full_case in process $6236 in module soc_top.
Marked 80 switch rules as full_case in process $3040 in module soc_top.
Marked 1 switch rules as full_case in process $2787 in module soc_top.
Marked 1 switch rules as full_case in process $2686 in module soc_top.
Marked 1 switch rules as full_case in process $2662 in module soc_top.
Marked 14 switch rules as full_case in process $2611 in module soc_top.
Marked 1 switch rules as full_case in process $2600 in module soc_top.
Marked 1 switch rules as full_case in process $2590 in module soc_top.
Marked 2 switch rules as full_case in process $6229 in module soc_top.
Marked 3 switch rules as full_case in process $2553 in module soc_top.
Marked 2 switch rules as full_case in process $2536 in module soc_top.
Marked 1 switch rules as full_case in process $2534 in module soc_top.
Marked 17 switch rules as full_case in process $2516 in module soc_top.
Marked 17 switch rules as full_case in process $2498 in module soc_top.
Marked 1 switch rules as full_case in process $2496 in module soc_top.
Marked 1 switch rules as full_case in process $2482 in module soc_top.
Marked 13 switch rules as full_case in process $2471 in module soc_top.
Marked 3 switch rules as full_case in process $2444 in module soc_top.
Marked 4 switch rules as full_case in process $2440 in module soc_top.
Marked 2 switch rules as full_case in process $2390 in module soc_top.
Marked 2 switch rules as full_case in process $2374 in module soc_top.
Marked 11 switch rules as full_case in process $6175 in module soc_top.
Marked 3 switch rules as full_case in process $2318 in module soc_top.
Marked 4 switch rules as full_case in process $2256 in module soc_top.
Marked 2 switch rules as full_case in process $2157 in module soc_top.
Marked 4 switch rules as full_case in process $2084 in module soc_top.
Marked 10 switch rules as full_case in process $2055 in module soc_top.
Marked 5 switch rules as full_case in process $2048 in module soc_top.
Marked 2 switch rules as full_case in process $1986 in module soc_top.
Marked 1 switch rules as full_case in process $1982 in module soc_top.
Marked 1 switch rules as full_case in process $1966 in module soc_top.
Marked 1 switch rules as full_case in process $1913 in module soc_top.
Marked 3 switch rules as full_case in process $1884 in module soc_top.
Marked 3 switch rules as full_case in process $1849 in module soc_top.
Marked 5 switch rules as full_case in process $1826 in module soc_top.
Marked 1 switch rules as full_case in process $6129 in module soc_top.
Marked 21 switch rules as full_case in process $1566 in module soc_top.
Marked 63 switch rules as full_case in process $1533 in module soc_top.
Marked 2 switch rules as full_case in process $6944 in module soc_top.
Marked 6 switch rules as full_case in process $1515 in module soc_top.
Removed 1 dead cases from process $5943 in module soc_top.
Marked 4 switch rules as full_case in process $5943 in module soc_top.
Marked 2 switch rules as full_case in process $1507 in module soc_top.
Marked 5 switch rules as full_case in process $5921 in module soc_top.
Marked 10 switch rules as full_case in process $1465 in module soc_top.
Marked 4 switch rules as full_case in process $1421 in module soc_top.
Marked 81 switch rules as full_case in process $1009 in module soc_top.
Marked 37 switch rules as full_case in process $791 in module soc_top.
Marked 2 switch rules as full_case in process $784 in module soc_top.
Marked 2 switch rules as full_case in process $777 in module soc_top.
Marked 2 switch rules as full_case in process $770 in module soc_top.
Marked 2 switch rules as full_case in process $763 in module soc_top.
Marked 2 switch rules as full_case in process $756 in module soc_top.
Marked 2 switch rules as full_case in process $749 in module soc_top.
Marked 2 switch rules as full_case in process $742 in module soc_top.
Marked 2 switch rules as full_case in process $735 in module soc_top.
Marked 2 switch rules as full_case in process $728 in module soc_top.
Marked 2 switch rules as full_case in process $721 in module soc_top.
Marked 2 switch rules as full_case in process $714 in module soc_top.
Marked 2 switch rules as full_case in process $707 in module soc_top.
Marked 2 switch rules as full_case in process $700 in module soc_top.
Marked 2 switch rules as full_case in process $693 in module soc_top.
Marked 2 switch rules as full_case in process $686 in module soc_top.
Marked 2 switch rules as full_case in process $679 in module soc_top.
Marked 2 switch rules as full_case in process $672 in module soc_top.
Marked 2 switch rules as full_case in process $665 in module soc_top.
Marked 2 switch rules as full_case in process $658 in module soc_top.
Marked 2 switch rules as full_case in process $651 in module soc_top.
Marked 2 switch rules as full_case in process $644 in module soc_top.
Marked 2 switch rules as full_case in process $637 in module soc_top.
Marked 2 switch rules as full_case in process $630 in module soc_top.
Marked 2 switch rules as full_case in process $623 in module soc_top.
Marked 2 switch rules as full_case in process $616 in module soc_top.
Marked 2 switch rules as full_case in process $609 in module soc_top.
Marked 2 switch rules as full_case in process $602 in module soc_top.
Marked 2 switch rules as full_case in process $595 in module soc_top.
Marked 2 switch rules as full_case in process $588 in module soc_top.
Marked 2 switch rules as full_case in process $581 in module soc_top.
Marked 2 switch rules as full_case in process $574 in module soc_top.
Marked 5 switch rules as full_case in process $5895 in module soc_top.
Marked 1 switch rules as full_case in process $406 in module soc_top.
Marked 1 switch rules as full_case in process $401 in module soc_top.
Marked 1 switch rules as full_case in process $399 in module soc_top.
Marked 1 switch rules as full_case in process $397 in module soc_top.
Marked 1 switch rules as full_case in process $391 in module soc_top.
Marked 1 switch rules as full_case in process $389 in module soc_top.
Marked 1 switch rules as full_case in process $384 in module soc_top.
Marked 1 switch rules as full_case in process $380 in module soc_top.
Marked 36 switch rules as full_case in process $256 in module soc_top.
Marked 10 switch rules as full_case in process $205 in module soc_top.
Marked 2 switch rules as full_case in process $194 in module soc_top.
Marked 2 switch rules as full_case in process $177 in module soc_top.
Marked 3 switch rules as full_case in process $168 in module soc_top.
Marked 1 switch rules as full_case in process $148 in module soc_top.
Marked 3 switch rules as full_case in process $142 in module soc_top.
Marked 6 switch rules as full_case in process $88 in module soc_top.
Marked 5 switch rules as full_case in process $64 in module soc_top.
Marked 1 switch rules as full_case in process $60 in module soc_top.
Marked 7 switch rules as full_case in process $37 in module soc_top.
Marked 2 switch rules as full_case in process $15 in module soc_top.
Marked 11 switch rules as full_case in process $5844 in module soc_top.
Removed a total of 22 dead cases.

4.5. Executing PROC_PRUNE pass (remove redundant assignments in processes).
Removed 821 redundant assignments.
Promoted 130 assignments to connections.

4.6. Executing PROC_INIT pass (extract init attributes).

4.7. Executing PROC_ROM pass (convert switches to ROMs).
Converted 2 switches.
<suppressed ~1832 debug messages>

4.8. Executing PROC_MUX pass (convert decision trees to multiplexers).
Creating decoders for process `\soc_top.$5836'.
     1/2: $u_npu.u_npu_csr.done_sticky$5841
     2/2: $u_npu.u_npu_csr.done_sticky$5842
Creating decoders for process `\soc_top.$5821'.
     1/3: $u_npu.u_eng_axi_slave.s_axi_bvalid$5826
     2/3: $u_npu.u_eng_axi_slave.s_axi_bvalid$5828
     3/3: $u_npu.u_eng_axi_slave.s_axi_bresp$5827
Creating decoders for process `\soc_top.$5808'.
     1/3: $u_npu.u_eng_axi_slave.s_axi_rvalid$5814
     2/3: $u_npu.u_eng_axi_slave.s_axi_rvalid$5816
     3/3: $u_npu.u_eng_axi_slave.s_axi_rresp$5815
Creating decoders for process `\soc_top.$5795'.
     1/2: $u_npu.u_eng_axi_master.rresp_err_o$5805
     2/2: $u_npu.u_eng_axi_master.bresp_err_o$5801
Creating decoders for process `\soc_top.$5783'.
     1/5: $u_qspi.qspi_io_o$5788 [3:2]
     2/5: $u_qspi.qspi_io_o$5788 [0]
     3/5: $u_qspi.qspi_io_o$5788 [1]
     4/5: $u_qspi.qspi_io_o$5789
     5/5: $u_qspi.qspi_io_o$5790
Creating decoders for process `\soc_top.$5740'.
     1/12: $5781
     2/12: $5778
     3/12: $5775
     4/12: $5772
     5/12: $5769
     6/12: $5766
     7/12: $5763
     8/12: $5760
     9/12: $5756
    10/12: $5753
    11/12: $5750
    12/12: $5747
Creating decoders for process `\soc_top.$5372'.
     1/288: $u_qspi.rx_wr_ptr$5739
     2/288: $u_qspi.tx_rd_ptr$5738
     3/288: $u_qspi.nibble_cnt$5701
     4/288: $u_qspi.state$5695
     5/288: $u_qspi.sck_en$5694
     6/288: $u_qspi.rx_wr_ptr$5688
     7/288: $u_qspi.rx_wr_ptr$5690
     8/288: $u_qspi.err_rx_full$5689
     9/288: $u_qspi.byte_cnt$5702
    10/288: $u_qspi.state$5700
    11/288: $u_qspi.sck_en$5699
    12/288: $u_qspi.rx_wr_ptr$5698
    13/288: $u_qspi.err_rx_full$5697
    14/288: $u_qspi.nibble_cnt$5683
    15/288: $u_qspi.state$5677
    16/288: $u_qspi.sck_en$5676
    17/288: $u_qspi.rx_wr_ptr$5670
    18/288: $u_qspi.rx_wr_ptr$5672
    19/288: $u_qspi.err_rx_full$5671
    20/288: $u_qspi.byte_cnt$5684
    21/288: $u_qspi.state$5682
    22/288: $u_qspi.sck_en$5681
    23/288: $u_qspi.rx_wr_ptr$5680
    24/288: $u_qspi.err_rx_full$5679
    25/288: $u_qspi.bit_cnt$5664
    26/288: $u_qspi.rx_wr_ptr$5654
    27/288: $u_qspi.bit_cnt$5658
    28/288: $u_qspi.state$5657
    29/288: $u_qspi.sck_en$5656
    30/288: $u_qspi.rx_wr_ptr$5655
    31/288: $u_qspi.rx_wr_ptr$5644
    32/288: $u_qspi.rx_wr_ptr$5646
    33/288: $u_qspi.err_rx_full$5645
    34/288: $u_qspi.byte_cnt$5665
    35/288: $u_qspi.state$5663
    36/288: $u_qspi.sck_en$5662
    37/288: $u_qspi.rx_wr_ptr$5661
    38/288: $u_qspi.err_rx_full$5660
    39/288: $u_qspi.byte_cnt$5710
    40/288: $u_qspi.nibble_cnt$5709
    41/288: $u_qspi.bit_cnt$5708
    42/288: $u_qspi.shift_in$5707
    43/288: $u_qspi.state$5706
    44/288: $u_qspi.sck_en$5705
    45/288: $u_qspi.rx_wr_ptr$5704
    46/288: $u_qspi.err_rx_full$5703
    47/288: $u_qspi.byte_cnt$5718
    48/288: $u_qspi.nibble_cnt$5717
    49/288: $u_qspi.bit_cnt$5716
    50/288: $u_qspi.shift_in$5715
    51/288: $u_qspi.state$5714
    52/288: $u_qspi.sck_en$5713
    53/288: $u_qspi.rx_wr_ptr$5712
    54/288: $u_qspi.err_rx_full$5711
    55/288: $u_qspi.io_out$5622 [3:2]
    56/288: $u_qspi.shift_out$5616
    57/288: $u_qspi.tx_byte_idx$5612
    58/288: $u_qspi.shift_out$5611
    59/288: $u_qspi.state$5610
    60/288: $u_qspi.sck_en$5609
    61/288: $u_qspi.tx_byte_idx$5619
    62/288: $u_qspi.byte_cnt$5618
    63/288: $u_qspi.state$5615
    64/288: $u_qspi.sck_en$5614
    65/288: $u_qspi.io_out$5622 [1:0]
    66/288: $u_qspi.nibble_cnt$5617
    67/288: $u_qspi.shift_out$5600
    68/288: $u_qspi.tx_byte_idx$5596
    69/288: $u_qspi.shift_out$5595
    70/288: $u_qspi.state$5594
    71/288: $u_qspi.sck_en$5593
    72/288: $u_qspi.tx_byte_idx$5603
    73/288: $u_qspi.byte_cnt$5602
    74/288: $u_qspi.state$5599
    75/288: $u_qspi.sck_en$5598
    76/288: $u_qspi.bit_cnt$5584
    77/288: $u_qspi.shift_out$5583
    78/288: $u_qspi.tx_byte_idx$5571
    79/288: $u_qspi.tx_word$5567
    80/288: $u_qspi.tx_rd_ptr$5566
    81/288: $u_qspi.tx_word$5570
    82/288: $u_qspi.tx_rd_ptr$5569
    83/288: $u_qspi.shift_out$5560
    84/288: $u_qspi.tx_byte_idx$5578
    85/288: $u_qspi.tx_word$5577
    86/288: $u_qspi.bit_cnt$5576
    87/288: $u_qspi.shift_out$5575
    88/288: $u_qspi.state$5574
    89/288: $u_qspi.sck_en$5573
    90/288: $u_qspi.tx_rd_ptr$5572
    91/288: $u_qspi.tx_byte_idx$5587
    92/288: $u_qspi.tx_word$5586
    93/288: $u_qspi.byte_cnt$5585
    94/288: $u_qspi.state$5582
    95/288: $u_qspi.sck_en$5581
    96/288: $u_qspi.tx_rd_ptr$5580
    97/288: $u_qspi.tx_byte_idx$5629
    98/288: $u_qspi.tx_word$5628
    99/288: $u_qspi.byte_cnt$5627
   100/288: $u_qspi.nibble_cnt$5626
   101/288: $u_qspi.bit_cnt$5625
   102/288: $u_qspi.shift_out$5624
   103/288: $u_qspi.state$5623
   104/288: $u_qspi.nibble_cnt$5601
   105/288: $u_qspi.sck_en$5621
   106/288: $u_qspi.tx_rd_ptr$5620
   107/288: $u_qspi.tx_byte_idx$5639
   108/288: $u_qspi.tx_word$5638
   109/288: $u_qspi.byte_cnt$5637
   110/288: $u_qspi.nibble_cnt$5636
   111/288: $u_qspi.bit_cnt$5635
   112/288: $u_qspi.shift_out$5634
   113/288: $u_qspi.state$5633
   114/288: $u_qspi.io_out$5632
   115/288: $u_qspi.sck_en$5631
   116/288: $u_qspi.tx_rd_ptr$5630
   117/288: $u_qspi.io_out$5555 [3:2]
   118/288: $u_qspi.io_out$5555 [0]
   119/288: $u_qspi.io_out$5555 [1]
   120/288: $u_qspi.dummy_cnt$5545
   121/288: $u_qspi.state$5533
   122/288: $u_qspi.state$5528
   123/288: $u_qspi.tx_byte_idx$5530
   124/288: $u_qspi.shift_out$5529
   125/288: $u_qspi.io_oe$5527
   126/288: $u_qspi.tx_byte_idx$5537
   127/288: $u_qspi.byte_cnt$5536
   128/288: $u_qspi.bit_cnt$5535
   129/288: $u_qspi.shift_out$5534
   130/288: $u_qspi.io_oe$5532
   131/288: $u_qspi.sck_en$5531
   132/288: $u_qspi.tx_byte_idx$5546
   133/288: $u_qspi.byte_cnt$5544
   134/288: $u_qspi.bit_cnt$5543
   135/288: $u_qspi.shift_out$5542
   136/288: $u_qspi.state$5541
   137/288: $u_qspi.io_oe$5540
   138/288: $u_qspi.sck_en$5539
   139/288: $u_qspi.tx_byte_idx$5554
   140/288: $u_qspi.dummy_cnt$5553
   141/288: $u_qspi.byte_cnt$5552
   142/288: $u_qspi.bit_cnt$5551
   143/288: $u_qspi.shift_out$5550
   144/288: $u_qspi.state$5549
   145/288: $u_qspi.io_oe$5548
   146/288: $u_qspi.sck_en$5547
   147/288: $u_qspi.bit_cnt$5511
   148/288: $u_qspi.shift_out$5510
   149/288: $u_qspi.state$5469
   150/288: $u_qspi.state$5464
   151/288: $u_qspi.tx_byte_idx$5466
   152/288: $u_qspi.shift_out$5465
   153/288: $u_qspi.io_oe$5463
   154/288: $u_qspi.tx_byte_idx$5473
   155/288: $u_qspi.byte_cnt$5472
   156/288: $u_qspi.bit_cnt$5471
   157/288: $u_qspi.shift_out$5470
   158/288: $u_qspi.io_oe$5468
   159/288: $u_qspi.sck_en$5467
   160/288: $u_qspi.state$5476
   161/288: $u_qspi.tx_byte_idx$5481
   162/288: $u_qspi.dummy_cnt$5480
   163/288: $u_qspi.byte_cnt$5479
   164/288: $u_qspi.bit_cnt$5478
   165/288: $u_qspi.shift_out$5477
   166/288: $u_qspi.io_oe$5475
   167/288: $u_qspi.sck_en$5474
   168/288: $u_qspi.bit_cnt$5486
   169/288: $u_qspi.shift_out$5485
   170/288: $u_qspi.tx_byte_idx$5489
   171/288: $u_qspi.dummy_cnt$5488
   172/288: $u_qspi.byte_cnt$5487
   173/288: $u_qspi.state$5484
   174/288: $u_qspi.io_oe$5483
   175/288: $u_qspi.sck_en$5482
   176/288: $u_qspi.bit_cnt$5494
   177/288: $u_qspi.shift_out$5493
   178/288: $u_qspi.tx_byte_idx$5497
   179/288: $u_qspi.dummy_cnt$5496
   180/288: $u_qspi.byte_cnt$5495
   181/288: $u_qspi.state$5492
   182/288: $u_qspi.io_oe$5491
   183/288: $u_qspi.sck_en$5490
   184/288: $u_qspi.bit_cnt$5502
   185/288: $u_qspi.shift_out$5501
   186/288: $u_qspi.tx_byte_idx$5505
   187/288: $u_qspi.dummy_cnt$5504
   188/288: $u_qspi.byte_cnt$5503
   189/288: $u_qspi.state$5500
   190/288: $u_qspi.io_oe$5499
   191/288: $u_qspi.sck_en$5498
   192/288: $u_qspi.tx_byte_idx$5515
   193/288: $u_qspi.addr_byte_cnt$5514
   194/288: $u_qspi.dummy_cnt$5513
   195/288: $u_qspi.byte_cnt$5512
   196/288: $u_qspi.state$5509
   197/288: $u_qspi.io_oe$5508
   198/288: $u_qspi.sck_en$5507
   199/288: $u_qspi.tx_byte_idx$5524
   200/288: $u_qspi.addr_byte_cnt$5523
   201/288: $u_qspi.dummy_cnt$5522
   202/288: $u_qspi.byte_cnt$5521
   203/288: $u_qspi.bit_cnt$5520
   204/288: $u_qspi.shift_out$5519
   205/288: $u_qspi.state$5518
   206/288: $u_qspi.io_oe$5517
   207/288: $u_qspi.sck_en$5516
   208/288: $u_qspi.bit_cnt$5439
   209/288: $u_qspi.shift_out$5438
   210/288: $u_qspi.state$5412
   211/288: $u_qspi.tx_byte_idx$5409
   212/288: $u_qspi.shift_out$5408
   213/288: $u_qspi.io_oe$5407
   214/288: $u_qspi.tx_byte_idx$5416
   215/288: $u_qspi.byte_cnt$5415
   216/288: $u_qspi.bit_cnt$5414
   217/288: $u_qspi.shift_out$5413
   218/288: $u_qspi.io_oe$5411
   219/288: $u_qspi.sck_en$5410
   220/288: $u_qspi.state$5419
   221/288: $u_qspi.sck_en$5417
   222/288: $u_qspi.tx_byte_idx$5424
   223/288: $u_qspi.dummy_cnt$5423
   224/288: $u_qspi.byte_cnt$5422
   225/288: $u_qspi.bit_cnt$5421
   226/288: $u_qspi.shift_out$5420
   227/288: $u_qspi.io_oe$5418
   228/288: $u_qspi.bit_cnt$5429
   229/288: $u_qspi.shift_out$5428
   230/288: $u_qspi.state$5427
   231/288: $u_qspi.tx_byte_idx$5433
   232/288: $u_qspi.addr_byte_cnt$5432
   233/288: $u_qspi.dummy_cnt$5431
   234/288: $u_qspi.byte_cnt$5430
   235/288: $u_qspi.io_oe$5426
   236/288: $u_qspi.sck_en$5425
   237/288: $5401
   238/288: $u_qspi.cmd_needs_addr.cmd_needs_addr$5400
   239/288: $u_qspi.tx_byte_idx$5443
   240/288: $u_qspi.addr_byte_cnt$5442
   241/288: $u_qspi.dummy_cnt$5441
   242/288: $u_qspi.byte_cnt$5440
   243/288: $u_qspi.state$5437
   244/288: $u_qspi.io_oe$5436
   245/288: $u_qspi.sck_en$5435
   246/288: $u_qspi.tx_byte_idx$5452
   247/288: $u_qspi.addr_byte_cnt$5451
   248/288: $u_qspi.dummy_cnt$5450
   249/288: $u_qspi.byte_cnt$5449
   250/288: $u_qspi.bit_cnt$5448
   251/288: $u_qspi.shift_out$5447
   252/288: $u_qspi.state$5446
   253/288: $u_qspi.io_oe$5445
   254/288: $u_qspi.sck_en$5444
   255/288: $u_qspi.state$5727
   256/288: $u_qspi.tx_word$5389
   257/288: $u_qspi.tx_rd_ptr$5388
   258/288: $u_qspi.tx_byte_idx$5398
   259/288: $u_qspi.tx_word$5397
   260/288: $u_qspi.addr_byte_cnt$5396
   261/288: $u_qspi.dummy_cnt$5395
   262/288: $u_qspi.total_bytes$5394
   263/288: $u_qspi.byte_cnt$5393
   264/288: $u_qspi.state$5392
   265/288: $u_qspi.tx_rd_ptr$5391
   266/288: $u_qspi.sta_busy$5390
   267/288: $u_qspi.tx_byte_idx$5737
   268/288: $u_qspi.tx_word$5736
   269/288: $u_qspi.addr_byte_cnt$5735
   270/288: $u_qspi.dummy_cnt$5734
   271/288: $u_qspi.total_bytes$5733
   272/288: $u_qspi.byte_cnt$5732
   273/288: $u_qspi.nibble_cnt$5731
   274/288: $u_qspi.bit_cnt$5730
   275/288: $u_qspi.shift_in$5729
   276/288: $u_qspi.shift_out$5728
   277/288: $u_qspi.io_out$5726
   278/288: $u_qspi.io_oe$5725
   279/288: $u_qspi.sck_en$5724
   280/288: $u_qspi.rx_wr_ptr$5723
   281/288: $u_qspi.tx_rd_ptr$5722
   282/288: $u_qspi.err_rx_full$5721
   283/288: $u_qspi.sta_busy$5720
   284/288: $u_qspi.qspi_cs_n$5719
   285/288: $u_qspi.sta_done$5379
   286/288: $u_qspi.sta_done$5380
   287/288: $u_qspi.sta_done$5381
   288/288: $u_qspi.err_rx_full$5382
Creating decoders for process `\soc_top.$5348'.
     1/10: $u_qspi.sck_edge_fall$5365
     2/10: $u_qspi.sck_edge_rise$5364
     3/10: $u_qspi.sck_int$5363
     4/10: $u_qspi.sck_cnt$5362
     5/10: $u_qspi.sck_edge_rise$5357
     6/10: $u_qspi.sck_int$5356
     7/10: $u_qspi.sck_int$5359
     8/10: $u_qspi.sck_cnt$5358
     9/10: $u_qspi.sck_edge_fall$5361
    10/10: $u_qspi.sck_edge_rise$5360
Creating decoders for process `\soc_top.$5312'.
     1/18: $u_qspi.err_rx_empty$5342
     2/18: $u_qspi.rx_rd_ptr$5340
     3/18: $u_qspi.s_axi_rvalid$5339
     4/18: $u_qspi.s_axi_rdata$5326
     5/18: $u_qspi.rx_rd_ptr$5328
     6/18: $u_qspi.err_rx_empty$5327
     7/18: $u_qspi.s_axi_rdata$5329
     8/18: $u_qspi.rx_rd_ptr$5331
     9/18: $u_qspi.err_rx_empty$5330
    10/18: $u_qspi.ar_valid_lat$5337
    11/18: $u_qspi.rx_rd_ptr$5336
    12/18: $u_qspi.err_rx_empty$5335
    13/18: $u_qspi.s_axi_rvalid$5334
    14/18: $u_qspi.s_axi_rresp$5333
    15/18: $u_qspi.s_axi_rdata$5332
    16/18: $u_qspi.s_axi_arready$5317
    17/18: $u_qspi.ar_valid_lat$5319
    18/18: $u_qspi.ar_addr_lat$5318
Creating decoders for process `\soc_top.$5304'.
     1/1: $5310
Creating decoders for process `\soc_top.$5249'.
     1/32: $u_qspi.tx_wr_ptr$5297
     2/32: $u_qspi.err_tx_full$5296
     3/32: $u_qspi.tx_wr_ptr$5299
     4/32: $u_qspi.err_tx_full$5298
     5/32: $u_qspi.err_tx_full$5300
     6/32: $u_qspi.tx_wr_ptr$5301
     7/32: $u_qspi.tx_wr_ptr$5303
     8/32: $u_qspi.err_tx_full$5302
     9/32: $u_qspi.s_axi_bvalid$5290
    10/32: $u_qspi.tx_flush$5274
    11/32: $u_qspi.rx_flush$5272
    12/32: $u_qspi.ccr_written$5279
    13/32: $u_qspi.rx_flush$5278
    14/32: $u_qspi.tx_flush$5277
    15/32: $u_qspi.reg_adr$5276
    16/32: $u_qspi.reg_ccr$5275
    17/32: $u_qspi.ccr_written$5288
    18/32: $u_qspi.w_valid_lat$5287
    19/32: $u_qspi.aw_valid_lat$5286
    20/32: $u_qspi.rx_flush$5285
    21/32: $u_qspi.tx_flush$5284
    22/32: $u_qspi.reg_adr$5283
    23/32: $u_qspi.reg_ccr$5282
    24/32: $u_qspi.s_axi_bvalid$5281
    25/32: $u_qspi.s_axi_bresp$5280
    26/32: $u_qspi.s_axi_wready$5259
    27/32: $u_qspi.w_valid_lat$5262
    28/32: $u_qspi.w_mask_lat$5261
    29/32: $u_qspi.w_data_lat$5260
    30/32: $u_qspi.s_axi_awready$5254
    31/32: $u_qspi.aw_valid_lat$5256
    32/32: $u_qspi.aw_addr_lat$5255
Creating decoders for process `\soc_top.$5087'.
     1/110: $u_i2c.reg_cfg$5224 [3:2]
     2/110: $u_i2c.reg_cfg$5224 [1:0]
     3/110: $u_i2c.reg_rdr$5223
     4/110: $u_i2c.state$5227
     5/110: $u_i2c.reg_cfg$5226
     6/110: $u_i2c.reg_rdr$5225
     7/110: $u_i2c.state$5214
     8/110: $u_i2c.shift_in$5217
     9/110: $u_i2c.byte_cnt$5216
    10/110: $u_i2c.bit_cnt$5215
    11/110: $u_i2c.shift_in$5221
    12/110: $u_i2c.byte_cnt$5220
    13/110: $u_i2c.bit_cnt$5219
    14/110: $u_i2c.state$5218
    15/110: $u_i2c.rx_data$5203 [31:24]
    16/110: $u_i2c.rx_data$5203 [23:16]
    17/110: $u_i2c.rx_data$5203 [15:8]
    18/110: $u_i2c.rx_data$5203 [7:0]
    19/110: $u_i2c.rx_data$5207
    20/110: $u_i2c.bit_cnt$5206
    21/110: $u_i2c.state$5205
    22/110: $u_i2c.rx_data$5210
    23/110: $u_i2c.bit_cnt$5209
    24/110: $u_i2c.state$5208
    25/110: $u_i2c.shift_in$5201
    26/110: $u_i2c.state$5189
    27/110: $u_i2c.shift_out$5188
    28/110: $u_i2c.shift_out$5192
    29/110: $u_i2c.byte_cnt$5191
    30/110: $u_i2c.bit_cnt$5190
    31/110: $u_i2c.state$5193
    32/110: $u_i2c.shift_out$5196
    33/110: $u_i2c.byte_cnt$5195
    34/110: $u_i2c.bit_cnt$5194
    35/110: $u_i2c.shift_out$5200
    36/110: $u_i2c.byte_cnt$5199
    37/110: $u_i2c.bit_cnt$5198
    38/110: $u_i2c.state$5197
    39/110: $u_i2c.shift_out$5180
    40/110: $u_i2c.bit_cnt$5179
    41/110: $u_i2c.state$5178
    42/110: $u_i2c.shift_out$5183
    43/110: $u_i2c.bit_cnt$5182
    44/110: $u_i2c.state$5181
    45/110: $u_i2c.state$5165
    46/110: $u_i2c.shift_out$5164
    47/110: $u_i2c.shift_in$5167
    48/110: $u_i2c.shift_out$5166
    49/110: $u_i2c.state$5168
    50/110: $u_i2c.shift_in$5171
    51/110: $u_i2c.shift_out$5170
    52/110: $u_i2c.bit_cnt$5169
    53/110: $u_i2c.shift_in$5175
    54/110: $u_i2c.shift_out$5174
    55/110: $u_i2c.bit_cnt$5173
    56/110: $u_i2c.state$5172
    57/110: $u_i2c.shift_out$5159
    58/110: $u_i2c.bit_cnt$5158
    59/110: $u_i2c.state$5157
    60/110: $u_i2c.shift_out$5162
    61/110: $u_i2c.bit_cnt$5161
    62/110: $u_i2c.state$5160
    63/110: $u_i2c.shift_out$5154
    64/110: $u_i2c.bit_cnt$5153
    65/110: $u_i2c.state$5152
    66/110: $u_i2c.state$5230
    67/110: $u_i2c.rx_data$5144
    68/110: $u_i2c.op_addr$5143
    69/110: $u_i2c.op_nby$5142
    70/110: $u_i2c.op_rw$5141
    71/110: $u_i2c.byte_cnt$5140
    72/110: $u_i2c.state$5139
    73/110: $u_i2c.op_addr$5149
    74/110: $u_i2c.op_nby$5148
    75/110: $u_i2c.op_rw$5147
    76/110: $u_i2c.byte_cnt$5146
    77/110: $u_i2c.state$5145
    78/110: $u_i2c.rx_data$5151
    79/110: $u_i2c.op_tdr$5150
    80/110: $u_i2c.rx_data$5239
    81/110: $u_i2c.op_tdr$5238
    82/110: $u_i2c.op_addr$5237
    83/110: $u_i2c.op_nby$5236
    84/110: $u_i2c.op_rw$5235
    85/110: $u_i2c.shift_in$5234
    86/110: $u_i2c.shift_out$5233
    87/110: $u_i2c.byte_cnt$5232
    88/110: $u_i2c.bit_cnt$5231
    89/110: $u_i2c.reg_cfg$5229
    90/110: $u_i2c.reg_rdr$5228
    91/110: $u_i2c.sda_sampled$5130
    92/110: $u_i2c.reg_cfg[3]$5121
    93/110: $u_i2c.reg_cfg[1]$5119
    94/110: $u_i2c.reg_cfg[2]$5117
    95/110: $u_i2c.reg_cfg[0]$5116
    96/110: $u_i2c.reg_adr$5110
    97/110: $u_i2c.reg_nby$5104
    98/110: $u_i2c.wr_val.wr_val$5106
    99/110: $u_i2c.wr_val.old_v$5105
   100/110: $u_i2c.reg_nby$5107
   101/110: $u_i2c.wr_val.wr_val$5109
   102/110: $u_i2c.wr_val.old_v$5108
   103/110: $u_i2c.reg_cfg$5125
   104/110: $u_i2c.reg_tdr$5124
   105/110: $u_i2c.reg_adr$5123
   106/110: $u_i2c.reg_nby$5122
   107/110: $u_i2c.reg_cfg$5129
   108/110: $u_i2c.reg_tdr$5128
   109/110: $u_i2c.reg_adr$5127
   110/110: $u_i2c.reg_nby$5126
Creating decoders for process `\soc_top.$5080'.
     1/3: $u_i2c.s_axi_rvalid$5084
     2/3: $u_i2c.s_axi_rvalid$5086
     3/3: $u_i2c.s_axi_rdata$5085
Creating decoders for process `\soc_top.$5078'.
     1/1: $u_i2c.rd_mux$5079
Creating decoders for process `\soc_top.$5070'.
     1/2: $u_i2c.s_axi_bvalid$5074
     2/2: $u_i2c.s_axi_bvalid$5075
Creating decoders for process `\soc_top.$5052'.
     1/10: $u_i2c.scl_oe$5064
     2/10: $u_i2c.sda_oe$5063
     3/10: $u_i2c.scl_oe$5062
     4/10: $u_i2c.scl_oe$5058
     5/10: $u_i2c.scl_oe$5057
     6/10: $u_i2c.scl_oe$5056
     7/10: $u_i2c.scl_oe$5054
     8/10: $u_i2c.sda_oe$5053
     9/10: $u_i2c.scl_oe$5066
    10/10: $u_i2c.sda_oe$5065
Creating decoders for process `\soc_top.$5041'.
     1/4: $u_i2c.tick_cnt$5048
     2/4: $u_i2c.phase$5049
     3/4: $u_i2c.phase$5051
     4/4: $u_i2c.tick_cnt$5050
Creating decoders for process `\soc_top.$5010'.
     1/7: $u_uart2.s_axil_rvalid$5026
     2/7: $u_uart2.s_axil_arready$5021
     3/7: $u_uart2.s_axil_rdata$5019
     4/7: $u_uart2.s_axil_rresp$5020
     5/7: $u_uart2.s_axil_rvalid$5024
     6/7: $u_uart2.s_axil_rresp$5023
     7/7: $u_uart2.s_axil_rdata$5022
Creating decoders for process `\soc_top.$5003'.
     1/3: $u_uart2.rdr_valid_r$5006
     2/3: $u_uart2.rdr_valid_r$5007
     3/3: $u_uart2.rdr_data_r$5008
Creating decoders for process `\soc_top.$4973'.
     1/8: $u_uart2.pack_cnt_r$4978
     2/8: $u_uart2.pack_valid_r$4979
     3/8: $u_uart2.pack_valid_r$4982
     4/8: $u_uart2.pack_cnt_r$4981
     5/8: $u_uart2.pack_data_r$4980
     6/8: $u_uart2.pack_valid_r$4985
     7/8: $u_uart2.pack_cnt_r$4984
     8/8: $u_uart2.pack_data_r$4983
Creating decoders for process `\soc_top.$4898'.
     1/33: $u_uart2.s_axil_bvalid$4956
     2/33: $u_uart2.fifo_clr_r$4934
     3/33: $u_uart2.reg_cfg_r[2]$4933
     4/33: $u_uart2.reg_cfg_r[1]$4929
     5/33: $u_uart2.reg_cfg_r[0]$4925
     6/33: $u_uart2.reg_tdr_r$4924
     7/33: $u_uart2.fifo_clr_r$4944
     8/33: $u_uart2.reg_irq_en_r$4943
     9/33: $u_uart2.reg_cfg_r$4942
    10/33: $u_uart2.reg_tdr_r$4941
    11/33: $u_uart2.reg_stp_r$4940
    12/33: $u_uart2.reg_cpb_r$4939
    13/33: $u_uart2.s_axil_bresp$4938
    14/33: $u_uart2.w_active_r$4954
    15/33: $u_uart2.aw_active_r$4953
    16/33: $u_uart2.fifo_clr_r$4952
    17/33: $u_uart2.reg_irq_en_r$4951
    18/33: $u_uart2.reg_cfg_r$4950
    19/33: $u_uart2.reg_tdr_r$4949
    20/33: $u_uart2.reg_stp_r$4948
    21/33: $u_uart2.reg_cpb_r$4947
    22/33: $u_uart2.s_axil_bvalid$4946
    23/33: $u_uart2.s_axil_bresp$4945
    24/33: $u_uart2.s_axil_wready$4912
    25/33: $u_uart2.s_axil_wready$4913
    26/33: $u_uart2.w_active_r$4914
    27/33: $u_uart2.s_axil_awready$4906
    28/33: $u_uart2.s_axil_awready$4907
    29/33: $u_uart2.aw_addr_r$4909
    30/33: $u_uart2.aw_active_r$4908
    31/33: $u_uart2.reg_cfg_r[2]$4903
    32/33: $u_uart2.reg_cfg_r[0]$4902
    33/33: $u_uart2.reg_cfg_r[1]$4901
Creating decoders for process `\soc_top.$4892'.
     1/1: $u_uart2.tx_start_r$4897
Creating decoders for process `\soc_top.$4873'.
     1/1: $u_uart2.u_rx_fifo.rd_ptr_r$4879
Creating decoders for process `\soc_top.$4867'.
     1/1: $u_uart2.u_rx_fifo.o_rd_data$4872
Creating decoders for process `\soc_top.$4860'.
     1/1: $u_uart2.u_rx_fifo.wr_ptr_r$4866
Creating decoders for process `\soc_top.$4854'.
     1/1: $4858
Creating decoders for process `\soc_top.$4806'.
     1/29: $u_uart2.u_rx.clk_cnt_r$4840
     2/29: $u_uart2.u_rx.o_frame_err$4834
     3/29: $u_uart2.u_rx.o_rx_done$4833
     4/29: $u_uart2.u_rx.o_data$4832
     5/29: $u_uart2.u_rx.state_r$4839
     6/29: $u_uart2.u_rx.o_frame_err$4838
     7/29: $u_uart2.u_rx.o_rx_done$4837
     8/29: $u_uart2.u_rx.o_data$4836
     9/29: $u_uart2.u_rx.clk_cnt_r$4828
    10/29: $u_uart2.u_rx.bit_cnt_r$4825
    11/29: $u_uart2.u_rx.state_r$4824
    12/29: $u_uart2.u_rx.shift_r$4830
    13/29: $u_uart2.u_rx.bit_cnt_r$4829
    14/29: $u_uart2.u_rx.state_r$4827
    15/29: $u_uart2.u_rx.clk_cnt_r$4820
    16/29: $u_uart2.u_rx.state_r$4816
    17/29: $u_uart2.u_rx.o_rx_busy$4815
    18/29: $u_uart2.u_rx.state_r$4819
    19/29: $u_uart2.u_rx.o_rx_busy$4818
    20/29: $u_uart2.u_rx.clk_cnt_r$4846
    21/29: $u_uart2.u_rx.state_r$4845
    22/29: $u_uart2.u_rx.state_r$4811
    23/29: $u_uart2.u_rx.o_rx_busy$4810
    24/29: $u_uart2.u_rx.shift_r$4848
    25/29: $u_uart2.u_rx.bit_cnt_r$4847
    26/29: $u_uart2.u_rx.o_frame_err$4844
    27/29: $u_uart2.u_rx.o_rx_busy$4843
    28/29: $u_uart2.u_rx.o_rx_done$4842
    29/29: $u_uart2.u_rx.o_data$4841
Creating decoders for process `\soc_top.$6900'.
     1/19: $u_jtag.s_axi_bvalid$6939
     2/19: $u_jtag.reg_cmd$6930
     3/19: $u_jtag.reg_data$6929
     4/19: $u_jtag.reg_addr$6928
     5/19: $u_jtag.csr_w_valid_lat$6937
     6/19: $u_jtag.csr_aw_valid_lat$6936
     7/19: $u_jtag.reg_cmd$6935
     8/19: $u_jtag.reg_data$6934
     9/19: $u_jtag.reg_addr$6933
    10/19: $u_jtag.s_axi_bvalid$6932
    11/19: $u_jtag.s_axi_bresp$6931
    12/19: $u_jtag.s_axi_wready$6912
    13/19: $u_jtag.csr_w_mask_lat$6915
    14/19: $u_jtag.csr_w_valid_lat$6914
    15/19: $u_jtag.csr_w_data_lat$6913
    16/19: $u_jtag.s_axi_awready$6907
    17/19: $u_jtag.csr_aw_valid_lat$6909
    18/19: $u_jtag.csr_aw_addr_lat$6908
    19/19: $u_jtag.reg_cmd$6904
Creating decoders for process `\soc_top.$4751'.
     1/30: $u_uart2.u_tx.clk_cnt_r$4793
     2/30: $u_uart2.u_tx.state_r$4792
     3/30: $u_uart2.u_tx.o_tx_done$4791
     4/30: $u_uart2.u_tx.clk_cnt_r$4787
     5/30: $u_uart2.u_tx.state_r$4786
     6/30: $u_uart2.u_tx.o_tx_done$4785
     7/30: $u_uart2.u_tx.clk_cnt_r$4781
     8/30: $u_uart2.u_tx.state_r$4777
     9/30: $u_uart2.u_tx.o_tx_done$4776
    10/30: $u_uart2.u_tx.state_r$4780
    11/30: $u_uart2.u_tx.o_tx_done$4779
    12/30: $u_uart2.u_tx.clk_cnt_r$4771
    13/30: $u_uart2.u_tx.bit_cnt_r$4768
    14/30: $u_uart2.u_tx.state_r$4767
    15/30: $u_uart2.u_tx.shift_r$4773
    16/30: $u_uart2.u_tx.bit_cnt_r$4772
    17/30: $u_uart2.u_tx.state_r$4770
    18/30: $u_uart2.u_tx.clk_cnt_r$4761
    19/30: $u_uart2.u_tx.bit_cnt_r$4762
    20/30: $u_uart2.u_tx.state_r$4760
    21/30: $u_uart2.u_tx.state_r$4797
    22/30: $u_uart2.u_tx.shift_r$4756
    23/30: $u_uart2.u_tx.state_r$4755
    24/30: $u_uart2.u_tx.o_tx_busy$4754
    25/30: $u_uart2.u_tx.shift_r$4800
    26/30: $u_uart2.u_tx.bit_cnt_r$4799
    27/30: $u_uart2.u_tx.clk_cnt_r$4798
    28/30: $u_uart2.u_tx.o_tx_done$4796
    29/30: $u_uart2.u_tx.o_tx_busy$4795
    30/30: $u_uart2.u_tx.o_tx$4794
Creating decoders for process `\soc_top.$4736'.
     1/7: $u_uart1.s_axil_rvalid$4748
     2/7: $u_uart1.s_axil_arready$4743
     3/7: $u_uart1.s_axil_rdata$4741
     4/7: $u_uart1.s_axil_rresp$4742
     5/7: $u_uart1.s_axil_rvalid$4746
     6/7: $u_uart1.s_axil_rresp$4745
     7/7: $u_uart1.s_axil_rdata$4744
Creating decoders for process `\soc_top.$4680'.
     1/33: $u_uart1.s_axil_bvalid$4735
     2/33: $u_uart1.reg_cfg_tx_done$4716
     3/33: $u_uart1.reg_cfg_rx_done$4712
     4/33: $u_uart1.reg_cfg_tx_en$4708
     5/33: $u_uart1.reg_tdr_r$4707
     6/33: $u_uart1.reg_cfg_tx_done$4723
     7/33: $u_uart1.reg_cfg_rx_done$4722
     8/33: $u_uart1.reg_cfg_tx_en$4721
     9/33: $u_uart1.reg_tdr_r$4720
    10/33: $u_uart1.reg_stp_r$4719
    11/33: $u_uart1.reg_cpb_r$4718
    12/33: $u_uart1.s_axil_bresp$4717
    13/33: $u_uart1.w_active_r$4733
    14/33: $u_uart1.aw_active_r$4732
    15/33: $u_uart1.reg_cfg_tx_done$4731
    16/33: $u_uart1.reg_cfg_rx_done$4730
    17/33: $u_uart1.reg_cfg_tx_en$4729
    18/33: $u_uart1.reg_tdr_r$4728
    19/33: $u_uart1.reg_stp_r$4727
    20/33: $u_uart1.reg_cpb_r$4726
    21/33: $u_uart1.s_axil_bvalid$4725
    22/33: $u_uart1.s_axil_bresp$4724
    23/33: $u_uart1.s_axil_wready$4695
    24/33: $u_uart1.s_axil_wready$4696
    25/33: $u_uart1.w_active_r$4697
    26/33: $u_uart1.s_axil_awready$4689
    27/33: $u_uart1.s_axil_awready$4690
    28/33: $u_uart1.aw_addr_r$4692
    29/33: $u_uart1.aw_active_r$4691
    30/33: $u_uart1.reg_cfg_tx_done$4686
    31/33: $u_uart1.reg_cfg_tx_en$4685
    32/33: $u_uart1.reg_cfg_rx_done$4684
    33/33: $u_uart1.reg_rdr_r$4683
Creating decoders for process `\soc_top.$4674'.
     1/1: $u_uart1.tx_start_r$4679
Creating decoders for process `\soc_top.$4630'.
     1/29: $u_uart1.u_rx.clk_cnt_r$4664
     2/29: $u_uart1.u_rx.o_frame_err$4658
     3/29: $u_uart1.u_rx.o_rx_done$4657
     4/29: $u_uart1.u_rx.o_data$4656
     5/29: $u_uart1.u_rx.state_r$4663
     6/29: $u_uart1.u_rx.o_frame_err$4662
     7/29: $u_uart1.u_rx.o_rx_done$4661
     8/29: $u_uart1.u_rx.o_data$4660
     9/29: $u_uart1.u_rx.clk_cnt_r$4652
    10/29: $u_uart1.u_rx.bit_cnt_r$4649
    11/29: $u_uart1.u_rx.state_r$4648
    12/29: $u_uart1.u_rx.shift_r$4654
    13/29: $u_uart1.u_rx.bit_cnt_r$4653
    14/29: $u_uart1.u_rx.state_r$4651
    15/29: $u_uart1.u_rx.clk_cnt_r$4644
    16/29: $u_uart1.u_rx.state_r$4640
    17/29: $u_uart1.u_rx.o_rx_busy$4639
    18/29: $u_uart1.u_rx.state_r$4643
    19/29: $u_uart1.u_rx.o_rx_busy$4642
    20/29: $u_uart1.u_rx.clk_cnt_r$4670
    21/29: $u_uart1.u_rx.state_r$4669
    22/29: $u_uart1.u_rx.state_r$4635
    23/29: $u_uart1.u_rx.o_rx_busy$4634
    24/29: $u_uart1.u_rx.shift_r$4672
    25/29: $u_uart1.u_rx.bit_cnt_r$4671
    26/29: $u_uart1.u_rx.o_frame_err$4668
    27/29: $u_uart1.u_rx.o_rx_busy$4667
    28/29: $u_uart1.u_rx.o_rx_done$4666
    29/29: $u_uart1.u_rx.o_data$4665
Creating decoders for process `\soc_top.$6859'.
     1/36: $u_jtag.bus_state$6891
     2/36: $u_jtag.bus_state$6890
     3/36: $u_jtag.bus_state$6888
     4/36: $u_jtag.bus_rdata_result$6887
     5/36: $u_jtag.bus_state$6886
     6/36: $u_jtag.bus_state$6895
     7/36: $u_jtag.bus_is_write$6879
     8/36: $u_jtag.bus_wdata$6878
     9/36: $u_jtag.bus_addr$6877
    10/36: $u_jtag.bus_state$6876
    11/36: $u_jtag.bus_done$6875
    12/36: $u_jtag.bus_busy$6874
    13/36: $u_jtag.bus_is_write$6885
    14/36: $u_jtag.bus_addr$6883
    15/36: $u_jtag.bus_state$6882
    16/36: $u_jtag.bus_done$6881
    17/36: $u_jtag.bus_busy$6880
    18/36: $u_jtag.bus_wdata$6884
    19/36: $u_jtag.bus_is_write$6867
    20/36: $u_jtag.bus_wdata$6866
    21/36: $u_jtag.bus_addr$6865
    22/36: $u_jtag.bus_state$6864
    23/36: $u_jtag.bus_done$6863
    24/36: $u_jtag.bus_busy$6862
    25/36: $u_jtag.bus_is_write$6873
    26/36: $u_jtag.bus_wdata$6872
    27/36: $u_jtag.bus_addr$6871
    28/36: $u_jtag.bus_state$6870
    29/36: $u_jtag.bus_done$6869
    30/36: $u_jtag.bus_busy$6868
    31/36: $u_jtag.bus_is_write$6898
    32/36: $u_jtag.bus_wdata$6897
    33/36: $u_jtag.bus_addr$6896
    34/36: $u_jtag.bus_rdata_result$6894
    35/36: $u_jtag.bus_done$6893
    36/36: $u_jtag.bus_busy$6892
Creating decoders for process `\soc_top.$4575'.
     1/30: $u_uart1.u_tx.clk_cnt_r$4617
     2/30: $u_uart1.u_tx.state_r$4616
     3/30: $u_uart1.u_tx.o_tx_done$4615
     4/30: $u_uart1.u_tx.clk_cnt_r$4611
     5/30: $u_uart1.u_tx.state_r$4610
     6/30: $u_uart1.u_tx.o_tx_done$4609
     7/30: $u_uart1.u_tx.clk_cnt_r$4605
     8/30: $u_uart1.u_tx.state_r$4601
     9/30: $u_uart1.u_tx.o_tx_done$4600
    10/30: $u_uart1.u_tx.state_r$4604
    11/30: $u_uart1.u_tx.o_tx_done$4603
    12/30: $u_uart1.u_tx.clk_cnt_r$4595
    13/30: $u_uart1.u_tx.bit_cnt_r$4592
    14/30: $u_uart1.u_tx.state_r$4591
    15/30: $u_uart1.u_tx.shift_r$4597
    16/30: $u_uart1.u_tx.bit_cnt_r$4596
    17/30: $u_uart1.u_tx.state_r$4594
    18/30: $u_uart1.u_tx.clk_cnt_r$4585
    19/30: $u_uart1.u_tx.bit_cnt_r$4586
    20/30: $u_uart1.u_tx.state_r$4584
    21/30: $u_uart1.u_tx.state_r$4621
    22/30: $u_uart1.u_tx.shift_r$4580
    23/30: $u_uart1.u_tx.state_r$4579
    24/30: $u_uart1.u_tx.o_tx_busy$4578
    25/30: $u_uart1.u_tx.shift_r$4624
    26/30: $u_uart1.u_tx.bit_cnt_r$4623
    27/30: $u_uart1.u_tx.clk_cnt_r$4622
    28/30: $u_uart1.u_tx.o_tx_done$4620
    29/30: $u_uart1.u_tx.o_tx_busy$4619
    30/30: $u_uart1.u_tx.o_tx$4618
Creating decoders for process `\soc_top.$4560'.
     1/7: $u_timer.s_axi_rvalid$4572
     2/7: $u_timer.s_axi_arready$4567
     3/7: $u_timer.s_axi_rdata$4565
     4/7: $u_timer.s_axi_rresp$4566
     5/7: $u_timer.s_axi_rvalid$4570
     6/7: $u_timer.s_axi_rresp$4569
     7/7: $u_timer.s_axi_rdata$4568
Creating decoders for process `\soc_top.$4533'.
     1/14: $u_timer.s_axi_bvalid$4553
     2/14: $u_timer.s_axi_bvalid$4555
     3/14: $u_timer.reg_tim_mod$4546
     4/14: $u_timer.reg_tim_ena$4545
     5/14: $u_timer.reg_tim_mod$4551
     6/14: $u_timer.reg_tim_ena$4550
     7/14: $u_timer.reg_tim_are$4549
     8/14: $u_timer.reg_tim_pre$4548
     9/14: $u_timer.s_axi_bresp$4547
    10/14: $u_timer.reg_tim_mod$4559
    11/14: $u_timer.reg_tim_ena$4558
    12/14: $u_timer.reg_tim_are$4557
    13/14: $u_timer.reg_tim_pre$4556
    14/14: $u_timer.s_axi_bresp$4554
Creating decoders for process `\soc_top.$4495'.
     1/11: $u_timer.reg_tim_evn$4526
     2/11: $u_timer.reg_tim_cnt$4512
     3/11: $u_timer.reg_tim_evn$4513
     4/11: $u_timer.reg_tim_evn$4515
     5/11: $u_timer.reg_tim_cnt$4514
     6/11: $u_timer.reg_tim_cnt$4507
     7/11: $u_timer.reg_tim_evn$4508
     8/11: $u_timer.reg_tim_evn$4517
     9/11: $u_timer.reg_tim_cnt$4516
    10/11: $u_timer.reg_tim_cnt$4518
    11/11: $u_timer.reg_tim_evn$4519
Creating decoders for process `\soc_top.$4486'.
     1/4: $u_timer.prescaler_counter$4493
     2/4: $u_timer.prescaler_counter$4491
     3/4: $u_timer.timer_tick$4492
     4/4: $u_timer.timer_tick$4494
Creating decoders for process `\soc_top.$4470'.
     1/7: $u_gpio.s_axil_rvalid$4482
     2/7: $u_gpio.s_axil_arready$4477
     3/7: $u_gpio.s_axil_rdata$4475
     4/7: $u_gpio.s_axil_rresp$4476
     5/7: $u_gpio.s_axil_rvalid$4480
     6/7: $u_gpio.s_axil_rresp$4479
     7/7: $u_gpio.s_axil_rdata$4478
Creating decoders for process `\soc_top.$4467'.
     1/1: $u_gpio.gpio_tx_en_o[15]$4469
Creating decoders for process `\soc_top.$4464'.
     1/1: $u_gpio.gpio_tx_en_o[14]$4466
Creating decoders for process `\soc_top.$4461'.
     1/1: $u_gpio.gpio_tx_en_o[13]$4463
Creating decoders for process `\soc_top.$4458'.
     1/1: $u_gpio.gpio_tx_en_o[12]$4460
Creating decoders for process `\soc_top.$4455'.
     1/1: $u_gpio.gpio_tx_en_o[11]$4457
Creating decoders for process `\soc_top.$4452'.
     1/1: $u_gpio.gpio_tx_en_o[10]$4454
Creating decoders for process `\soc_top.$4449'.
     1/1: $u_gpio.gpio_tx_en_o[9]$4451
Creating decoders for process `\soc_top.$4446'.
     1/1: $u_gpio.gpio_tx_en_o[8]$4448
Creating decoders for process `\soc_top.$4443'.
     1/1: $u_gpio.gpio_tx_en_o[7]$4445
Creating decoders for process `\soc_top.$4440'.
     1/1: $u_gpio.gpio_tx_en_o[6]$4442
Creating decoders for process `\soc_top.$4437'.
     1/1: $u_gpio.gpio_tx_en_o[5]$4439
Creating decoders for process `\soc_top.$4434'.
     1/1: $u_gpio.gpio_tx_en_o[4]$4436
Creating decoders for process `\soc_top.$4431'.
     1/1: $u_gpio.gpio_tx_en_o[3]$4433
Creating decoders for process `\soc_top.$4428'.
     1/1: $u_gpio.gpio_tx_en_o[2]$4430
Creating decoders for process `\soc_top.$4425'.
     1/1: $u_gpio.gpio_tx_en_o[1]$4427
Creating decoders for process `\soc_top.$4422'.
     1/1: $u_gpio.gpio_tx_en_o[0]$4424
Creating decoders for process `\soc_top.$4352'.
     1/25: $u_gpio.s_axil_bvalid$4421
     2/25: $u_gpio.status_lvl_low$4406
     3/25: $u_gpio.status_lvl_high$4405
     4/25: $u_gpio.status_fall$4404
     5/25: $u_gpio.status_rise$4403
     6/25: $u_gpio.reg_intrpt_lvl_low_en$4402
     7/25: $u_gpio.reg_intrpt_lvl_high_en$4401
     8/25: $u_gpio.reg_intrpt_fall_en$4400
     9/25: $u_gpio.reg_intrpt_rise_en$4399
    10/25: $u_gpio.reg_mode_expanded$4398
    11/25: $u_gpio.reg_odr$4397
    12/25: $u_gpio.s_axil_bresp$4396
    13/25: $u_gpio.write_addr$4419
    14/25: $u_gpio.status_lvl_low$4418
    15/25: $u_gpio.status_lvl_high$4417
    16/25: $u_gpio.status_fall$4416
    17/25: $u_gpio.status_rise$4415
    18/25: $u_gpio.reg_intrpt_lvl_low_en$4414
    19/25: $u_gpio.reg_intrpt_lvl_high_en$4413
    20/25: $u_gpio.reg_intrpt_fall_en$4412
    21/25: $u_gpio.reg_intrpt_rise_en$4411
    22/25: $u_gpio.reg_mode_expanded$4410
    23/25: $u_gpio.reg_odr$4409
    24/25: $u_gpio.s_axil_bvalid$4408
    25/25: $u_gpio.s_axil_bresp$4407
Creating decoders for process `\soc_top.$6853'.
     1/5: $u_jtag.m_axi_rready$6858
     2/5: $u_jtag.m_axi_arvalid$6857
     3/5: $u_jtag.m_axi_bready$6856
     4/5: $u_jtag.m_axi_wvalid$6855
     5/5: $u_jtag.m_axi_awvalid$6854
Creating decoders for process `\soc_top.$4316'.
     1/1: $u_data_ram.rdata_hold$4322
Creating decoders for process `\soc_top.$6979'.
     1/4: $u_jtag.dbg_halted$6990
     2/4: $u_jtag.dbg_halted$6991
     3/4: $u_jtag.dbg_halted$6984
     4/4: $u_jtag.dbg_halted$6985
Creating decoders for process `\soc_top.$4271'.
     1/4: $u_data_ram.s_axil_rvalid$4280
     2/4: $u_data_ram.s_axil_arready$4276
     3/4: $u_data_ram.s_axil_rvalid$4278
     4/4: $u_data_ram.s_axil_rresp$4277
Creating decoders for process `\soc_top.$4248'.
     1/12: $u_data_ram.s_axil_bvalid$4270
     2/12: $u_data_ram.w_active$4268
     3/12: $u_data_ram.aw_active$4267
     4/12: $u_data_ram.s_axil_bvalid$4266
     5/12: $u_data_ram.s_axil_bresp$4265
     6/12: $u_data_ram.s_axil_wready$4259
     7/12: $u_data_ram.s_axil_wready$4260
     8/12: $u_data_ram.w_active$4261
     9/12: $u_data_ram.s_axil_awready$4253
    10/12: $u_data_ram.s_axil_awready$4254
    11/12: $u_data_ram.aw_addr_reg$4256
    12/12: $u_data_ram.aw_active$4255
Creating decoders for process `\soc_top.$4235'.
     1/1: $u_instruction_ram.rdata_hold$4241
Creating decoders for process `\soc_top.$6960'.
     1/9: $u_jtag.s_axi_rvalid$6978
     2/9: $u_jtag.s_axi_rdata$6972
     3/9: $u_jtag.csr_ar_valid_lat$6976
     4/9: $u_jtag.s_axi_rvalid$6975
     5/9: $u_jtag.s_axi_rresp$6974
     6/9: $u_jtag.s_axi_rdata$6973
     7/9: $u_jtag.s_axi_arready$6965
     8/9: $u_jtag.csr_ar_valid_lat$6967
     9/9: $u_jtag.csr_ar_addr_lat$6966
Creating decoders for process `\soc_top.$4190'.
     1/4: $u_instruction_ram.s_axil_rvalid$4199
     2/4: $u_instruction_ram.s_axil_arready$4195
     3/4: $u_instruction_ram.s_axil_rvalid$4197
     4/4: $u_instruction_ram.s_axil_rresp$4196
Creating decoders for process `\soc_top.$4167'.
     1/12: $u_instruction_ram.s_axil_bvalid$4189
     2/12: $u_instruction_ram.w_active$4187
     3/12: $u_instruction_ram.aw_active$4186
     4/12: $u_instruction_ram.s_axil_bvalid$4185
     5/12: $u_instruction_ram.s_axil_bresp$4184
     6/12: $u_instruction_ram.s_axil_wready$4178
     7/12: $u_instruction_ram.s_axil_wready$4179
     8/12: $u_instruction_ram.w_active$4180
     9/12: $u_instruction_ram.s_axil_awready$4172
    10/12: $u_instruction_ram.s_axil_awready$4173
    11/12: $u_instruction_ram.aw_addr_reg$4175
    12/12: $u_instruction_ram.aw_active$4174
Creating decoders for process `\soc_top.$4158'.
     1/2: $rom_s_bvalid$4165
     2/2: $rom_s_bvalid$4166
Creating decoders for process `\soc_top.$4152'.
     1/2: $rom_rvalid_q$4156
     2/2: $rom_rvalid_q$4157
Creating decoders for process `\soc_top.$4144'.
     1/1: $u_boot_rom.rom_rdata_o$4149
Creating decoders for process `\soc_top.$4118'.
     1/21: $u_iram_arbiter.r_state_d$4135
     2/21: $u_iram_arbiter.r_state_d$4133
     3/21: $u_iram_arbiter.r_state_d$4143
     4/21: $u_iram_arbiter.r_state_d$4122
     5/21: $u_iram_arbiter.r_state_d$4126
     6/21: $u_iram_arbiter.s_arvalid$4125
     7/21: $u_iram_arbiter.s_araddr$4124
     8/21: $u_iram_arbiter.m0_arready$4123
     9/21: $u_iram_arbiter.r_state_d$4131
    10/21: $u_iram_arbiter.s_arvalid$4130
    11/21: $u_iram_arbiter.s_araddr$4129
    12/21: $u_iram_arbiter.r_state_d$4120
    13/21: $u_iram_arbiter.m1_arready$4128
    14/21: $u_iram_arbiter.m0_arready$4127
    15/21: $u_iram_arbiter.s_rready$4142
    16/21: $u_iram_arbiter.s_arvalid$4141
    17/21: $u_iram_arbiter.s_araddr$4140
    18/21: $u_iram_arbiter.m1_rvalid$4139
    19/21: $u_iram_arbiter.m1_arready$4138
    20/21: $u_iram_arbiter.m0_rvalid$4137
    21/21: $u_iram_arbiter.m0_arready$4136
Creating decoders for process `\soc_top.$6812'.
     1/10: $u_jtag.dr_reg$6820
     2/10: $u_jtag.dr_reg$6821
     3/10: $u_jtag.tap_state$6838
     4/10: $u_jtag.jtag_dr_latched$6844
     5/10: $u_jtag.jtag_ir_latched$6843
     6/10: $u_jtag.jtag_cmd_valid$6842
     7/10: $u_jtag.shift_cnt$6841
     8/10: $u_jtag.dr_reg$6840
     9/10: $u_jtag.ir_reg$6839
    10/10: $u_jtag.jtag_tdo$6837
Creating decoders for process `\soc_top.$4089'.
     1/21: $u_rom_arbiter.r_state_d$4106
     2/21: $u_rom_arbiter.r_state_d$4104
     3/21: $u_rom_arbiter.r_state_d$4114
     4/21: $u_rom_arbiter.r_state_d$4093
     5/21: $u_rom_arbiter.r_state_d$4097
     6/21: $u_rom_arbiter.s_arvalid$4096
     7/21: $u_rom_arbiter.s_araddr$4095
     8/21: $u_rom_arbiter.m0_arready$4094
     9/21: $u_rom_arbiter.r_state_d$4102
    10/21: $u_rom_arbiter.s_arvalid$4101
    11/21: $u_rom_arbiter.s_araddr$4100
    12/21: $u_rom_arbiter.r_state_d$4091
    13/21: $u_rom_arbiter.m1_arready$4099
    14/21: $u_rom_arbiter.m0_arready$4098
    15/21: $u_rom_arbiter.s_rready$4113
    16/21: $u_rom_arbiter.s_arvalid$4112
    17/21: $u_rom_arbiter.s_araddr$4111
    18/21: $u_rom_arbiter.m1_rvalid$4110
    19/21: $u_rom_arbiter.m1_arready$4109
    20/21: $u_rom_arbiter.m0_rvalid$4108
    21/21: $u_rom_arbiter.m0_arready$4107
Creating decoders for process `\soc_top.$6795'.
     1/9: $u_dma.s_axi_rvalid$6811
     2/9: $u_dma.s_axi_rdata$6805
     3/9: $u_dma.ar_valid_lat$6809
     4/9: $u_dma.s_axi_rvalid$6808
     5/9: $u_dma.s_axi_rresp$6807
     6/9: $u_dma.s_axi_rdata$6806
     7/9: $u_dma.s_axi_arready$6800
     8/9: $u_dma.ar_valid_lat$6802
     9/9: $u_dma.ar_addr_lat$6801
Creating decoders for process `\soc_top.$3975'.
     1/55: $u_interconnect.err_rvalid$4077
     2/55: $u_interconnect.err_rvalid$4075
     3/55: $u_interconnect.err_arready$4073
     4/55: $4046
     5/55: $u_interconnect.get_slave_id.get_slave_id$4045
     6/55: $4044
     7/55: $u_interconnect.get_slave_id.get_slave_id$4043
     8/55: $4048
     9/55: $u_interconnect.get_slave_id.get_slave_id$4047
    10/55: $4039
    11/55: $u_interconnect.get_slave_id.get_slave_id$4038
    12/55: $4050
    13/55: $u_interconnect.get_slave_id.get_slave_id$4049
    14/55: $4034
    15/55: $u_interconnect.get_slave_id.get_slave_id$4033
    16/55: $4052
    17/55: $u_interconnect.get_slave_id.get_slave_id$4051
    18/55: $4029
    19/55: $u_interconnect.get_slave_id.get_slave_id$4028
    20/55: $4054
    21/55: $u_interconnect.get_slave_id.get_slave_id$4053
    22/55: $4024
    23/55: $u_interconnect.get_slave_id.get_slave_id$4023
    24/55: $4056
    25/55: $u_interconnect.get_slave_id.get_slave_id$4055
    26/55: $4019
    27/55: $u_interconnect.get_slave_id.get_slave_id$4018
    28/55: $4058
    29/55: $u_interconnect.get_slave_id.get_slave_id$4057
    30/55: $4014
    31/55: $u_interconnect.get_slave_id.get_slave_id$4013
    32/55: $4060
    33/55: $u_interconnect.get_slave_id.get_slave_id$4059
    34/55: $4009
    35/55: $u_interconnect.get_slave_id.get_slave_id$4008
    36/55: $4062
    37/55: $u_interconnect.get_slave_id.get_slave_id$4061
    38/55: $4004
    39/55: $u_interconnect.get_slave_id.get_slave_id$4003
    40/55: $4064
    41/55: $u_interconnect.get_slave_id.get_slave_id$4063
    42/55: $3999
    43/55: $u_interconnect.get_slave_id.get_slave_id$3998
    44/55: $4066
    45/55: $u_interconnect.get_slave_id.get_slave_id$4065
    46/55: $3994
    47/55: $u_interconnect.get_slave_id.get_slave_id$3993
    48/55: $4068
    49/55: $u_interconnect.get_slave_id.get_slave_id$4067
    50/55: $3989
    51/55: $u_interconnect.get_slave_id.get_slave_id$3988
    52/55: $4070
    53/55: $u_interconnect.get_slave_id.get_slave_id$4069
    54/55: $3984
    55/55: $u_interconnect.get_slave_id.get_slave_id$3983
Creating decoders for process `\soc_top.$3821'.
     1/99: $u_interconnect.read_sel_d$3943
     2/99: $u_interconnect.read_sel_d$3941
     3/99: $u_interconnect.read_sel_d$3939
     4/99: $u_interconnect.read_sel_d$3937
     5/99: $u_interconnect.read_sel_d$3935
     6/99: $u_interconnect.read_sel_d$3933
     7/99: $u_interconnect.read_sel_d$3931
     8/99: $u_interconnect.read_sel_d$3929
     9/99: $u_interconnect.read_sel_d$3927
    10/99: $u_interconnect.read_sel_d$3925
    11/99: $u_interconnect.read_sel_d$3923
    12/99: $u_interconnect.read_sel_d$3921
    13/99: $u_interconnect.read_sel_d$3919
    14/99: $u_interconnect.read_sel_d$3974
    15/99: $u_interconnect.m_rvalid$3947
    16/99: $u_interconnect.m_rresp$3946
    17/99: $u_interconnect.m_rdata$3945
    18/99: $u_interconnect.m_arready$3944
    19/99: $u_interconnect.read_sel_d$3917
    20/99: $u_interconnect.s12_rready$3973
    21/99: $u_interconnect.s12_arvalid$3972
    22/99: $u_interconnect.s11_rready$3971
    23/99: $u_interconnect.s11_arvalid$3970
    24/99: $u_interconnect.s10_rready$3969
    25/99: $u_interconnect.s10_arvalid$3968
    26/99: $u_interconnect.s9_rready$3967
    27/99: $u_interconnect.s9_arvalid$3966
    28/99: $u_interconnect.s8_rready$3965
    29/99: $u_interconnect.s8_arvalid$3964
    30/99: $u_interconnect.s7_rready$3963
    31/99: $u_interconnect.s7_arvalid$3962
    32/99: $u_interconnect.s6_rready$3961
    33/99: $u_interconnect.s6_arvalid$3960
    34/99: $u_interconnect.s5_rready$3959
    35/99: $u_interconnect.s5_arvalid$3958
    36/99: $u_interconnect.s4_rready$3957
    37/99: $u_interconnect.s4_arvalid$3956
    38/99: $u_interconnect.s3_rready$3955
    39/99: $u_interconnect.s3_arvalid$3954
    40/99: $u_interconnect.s2_rready$3953
    41/99: $u_interconnect.s2_arvalid$3952
    42/99: $u_interconnect.s1_rready$3951
    43/99: $u_interconnect.s1_arvalid$3950
    44/99: $u_interconnect.s0_rready$3949
    45/99: $u_interconnect.s0_arvalid$3948
    46/99: $3889
    47/99: $u_interconnect.get_slave_id.get_slave_id$3888
    48/99: $3887
    49/99: $u_interconnect.get_slave_id.get_slave_id$3886
    50/99: $3891
    51/99: $u_interconnect.get_slave_id.get_slave_id$3890
    52/99: $3882
    53/99: $u_interconnect.get_slave_id.get_slave_id$3881
    54/99: $3893
    55/99: $u_interconnect.get_slave_id.get_slave_id$3892
    56/99: $3877
    57/99: $u_interconnect.get_slave_id.get_slave_id$3876
    58/99: $3895
    59/99: $u_interconnect.get_slave_id.get_slave_id$3894
    60/99: $3872
    61/99: $u_interconnect.get_slave_id.get_slave_id$3871
    62/99: $3897
    63/99: $u_interconnect.get_slave_id.get_slave_id$3896
    64/99: $3867
    65/99: $u_interconnect.get_slave_id.get_slave_id$3866
    66/99: $3899
    67/99: $u_interconnect.get_slave_id.get_slave_id$3898
    68/99: $3862
    69/99: $u_interconnect.get_slave_id.get_slave_id$3861
    70/99: $3901
    71/99: $u_interconnect.get_slave_id.get_slave_id$3900
    72/99: $3857
    73/99: $u_interconnect.get_slave_id.get_slave_id$3856
    74/99: $3903
    75/99: $u_interconnect.get_slave_id.get_slave_id$3902
    76/99: $3852
    77/99: $u_interconnect.get_slave_id.get_slave_id$3851
    78/99: $3905
    79/99: $u_interconnect.get_slave_id.get_slave_id$3904
    80/99: $3847
    81/99: $u_interconnect.get_slave_id.get_slave_id$3846
    82/99: $3907
    83/99: $u_interconnect.get_slave_id.get_slave_id$3906
    84/99: $3842
    85/99: $u_interconnect.get_slave_id.get_slave_id$3841
    86/99: $3909
    87/99: $u_interconnect.get_slave_id.get_slave_id$3908
    88/99: $3837
    89/99: $u_interconnect.get_slave_id.get_slave_id$3836
    90/99: $3911
    91/99: $u_interconnect.get_slave_id.get_slave_id$3910
    92/99: $3832
    93/99: $u_interconnect.get_slave_id.get_slave_id$3831
    94/99: $3913
    95/99: $u_interconnect.get_slave_id.get_slave_id$3912
    96/99: $3827
    97/99: $u_interconnect.get_slave_id.get_slave_id$3826
    98/99: $u_interconnect.read_sel_d$3914
    99/99: $u_interconnect.read_sel_d$3915
Creating decoders for process `\soc_top.$3715'.
     1/56: $u_interconnect.err_bvalid$3820
     2/56: $u_interconnect.err_bvalid$3818
     3/56: $u_interconnect.err_wready$3814
     4/56: $u_interconnect.err_awready$3813
     5/56: $3786
     6/56: $u_interconnect.get_slave_id.get_slave_id$3785
     7/56: $3784
     8/56: $u_interconnect.get_slave_id.get_slave_id$3783
     9/56: $3788
    10/56: $u_interconnect.get_slave_id.get_slave_id$3787
    11/56: $3779
    12/56: $u_interconnect.get_slave_id.get_slave_id$3778
    13/56: $3790
    14/56: $u_interconnect.get_slave_id.get_slave_id$3789
    15/56: $3774
    16/56: $u_interconnect.get_slave_id.get_slave_id$3773
    17/56: $3792
    18/56: $u_interconnect.get_slave_id.get_slave_id$3791
    19/56: $3769
    20/56: $u_interconnect.get_slave_id.get_slave_id$3768
    21/56: $3794
    22/56: $u_interconnect.get_slave_id.get_slave_id$3793
    23/56: $3764
    24/56: $u_interconnect.get_slave_id.get_slave_id$3763
    25/56: $3796
    26/56: $u_interconnect.get_slave_id.get_slave_id$3795
    27/56: $3759
    28/56: $u_interconnect.get_slave_id.get_slave_id$3758
    29/56: $3798
    30/56: $u_interconnect.get_slave_id.get_slave_id$3797
    31/56: $3754
    32/56: $u_interconnect.get_slave_id.get_slave_id$3753
    33/56: $3800
    34/56: $u_interconnect.get_slave_id.get_slave_id$3799
    35/56: $3749
    36/56: $u_interconnect.get_slave_id.get_slave_id$3748
    37/56: $3802
    38/56: $u_interconnect.get_slave_id.get_slave_id$3801
    39/56: $3744
    40/56: $u_interconnect.get_slave_id.get_slave_id$3743
    41/56: $3804
    42/56: $u_interconnect.get_slave_id.get_slave_id$3803
    43/56: $3739
    44/56: $u_interconnect.get_slave_id.get_slave_id$3738
    45/56: $3806
    46/56: $u_interconnect.get_slave_id.get_slave_id$3805
    47/56: $3734
    48/56: $u_interconnect.get_slave_id.get_slave_id$3733
    49/56: $3808
    50/56: $u_interconnect.get_slave_id.get_slave_id$3807
    51/56: $3729
    52/56: $u_interconnect.get_slave_id.get_slave_id$3728
    53/56: $3810
    54/56: $u_interconnect.get_slave_id.get_slave_id$3809
    55/56: $3724
    56/56: $u_interconnect.get_slave_id.get_slave_id$3723
Creating decoders for process `\soc_top.$3548'.
     1/112: $u_interconnect.write_sel_d$3670
     2/112: $u_interconnect.write_sel_d$3668
     3/112: $u_interconnect.write_sel_d$3666
     4/112: $u_interconnect.write_sel_d$3664
     5/112: $u_interconnect.write_sel_d$3662
     6/112: $u_interconnect.write_sel_d$3660
     7/112: $u_interconnect.write_sel_d$3658
     8/112: $u_interconnect.write_sel_d$3656
     9/112: $u_interconnect.write_sel_d$3654
    10/112: $u_interconnect.write_sel_d$3652
    11/112: $u_interconnect.write_sel_d$3650
    12/112: $u_interconnect.write_sel_d$3648
    13/112: $u_interconnect.write_sel_d$3646
    14/112: $u_interconnect.write_sel_d$3714
    15/112: $u_interconnect.m_bvalid$3674
    16/112: $u_interconnect.m_bresp$3673
    17/112: $u_interconnect.m_wready$3672
    18/112: $u_interconnect.m_awready$3671
    19/112: $u_interconnect.write_sel_d$3644
    20/112: $u_interconnect.s12_bready$3713
    21/112: $u_interconnect.s12_wvalid$3712
    22/112: $u_interconnect.s12_awvalid$3711
    23/112: $u_interconnect.s11_bready$3710
    24/112: $u_interconnect.s11_wvalid$3709
    25/112: $u_interconnect.s11_awvalid$3708
    26/112: $u_interconnect.s10_bready$3707
    27/112: $u_interconnect.s10_wvalid$3706
    28/112: $u_interconnect.s10_awvalid$3705
    29/112: $u_interconnect.s9_bready$3704
    30/112: $u_interconnect.s9_wvalid$3703
    31/112: $u_interconnect.s9_awvalid$3702
    32/112: $u_interconnect.s8_bready$3701
    33/112: $u_interconnect.s8_wvalid$3700
    34/112: $u_interconnect.s8_awvalid$3699
    35/112: $u_interconnect.s7_bready$3698
    36/112: $u_interconnect.s7_wvalid$3697
    37/112: $u_interconnect.s7_awvalid$3696
    38/112: $u_interconnect.s6_bready$3695
    39/112: $u_interconnect.s6_wvalid$3694
    40/112: $u_interconnect.s6_awvalid$3693
    41/112: $u_interconnect.s5_bready$3692
    42/112: $u_interconnect.s5_wvalid$3691
    43/112: $u_interconnect.s5_awvalid$3690
    44/112: $u_interconnect.s4_bready$3689
    45/112: $u_interconnect.s4_wvalid$3688
    46/112: $u_interconnect.s4_awvalid$3687
    47/112: $u_interconnect.s3_bready$3686
    48/112: $u_interconnect.s3_wvalid$3685
    49/112: $u_interconnect.s3_awvalid$3684
    50/112: $u_interconnect.s2_bready$3683
    51/112: $u_interconnect.s2_wvalid$3682
    52/112: $u_interconnect.s2_awvalid$3681
    53/112: $u_interconnect.s1_bready$3680
    54/112: $u_interconnect.s1_wvalid$3679
    55/112: $u_interconnect.s1_awvalid$3678
    56/112: $u_interconnect.s0_bready$3677
    57/112: $u_interconnect.s0_wvalid$3676
    58/112: $u_interconnect.s0_awvalid$3675
    59/112: $3616
    60/112: $u_interconnect.get_slave_id.get_slave_id$3615
    61/112: $3614
    62/112: $u_interconnect.get_slave_id.get_slave_id$3613
    63/112: $3618
    64/112: $u_interconnect.get_slave_id.get_slave_id$3617
    65/112: $3609
    66/112: $u_interconnect.get_slave_id.get_slave_id$3608
    67/112: $3620
    68/112: $u_interconnect.get_slave_id.get_slave_id$3619
    69/112: $3604
    70/112: $u_interconnect.get_slave_id.get_slave_id$3603
    71/112: $3622
    72/112: $u_interconnect.get_slave_id.get_slave_id$3621
    73/112: $3599
    74/112: $u_interconnect.get_slave_id.get_slave_id$3598
    75/112: $3624
    76/112: $u_interconnect.get_slave_id.get_slave_id$3623
    77/112: $3594
    78/112: $u_interconnect.get_slave_id.get_slave_id$3593
    79/112: $3626
    80/112: $u_interconnect.get_slave_id.get_slave_id$3625
    81/112: $3589
    82/112: $u_interconnect.get_slave_id.get_slave_id$3588
    83/112: $3628
    84/112: $u_interconnect.get_slave_id.get_slave_id$3627
    85/112: $3584
    86/112: $u_interconnect.get_slave_id.get_slave_id$3583
    87/112: $3630
    88/112: $u_interconnect.get_slave_id.get_slave_id$3629
    89/112: $3579
    90/112: $u_interconnect.get_slave_id.get_slave_id$3578
    91/112: $3632
    92/112: $u_interconnect.get_slave_id.get_slave_id$3631
    93/112: $3574
    94/112: $u_interconnect.get_slave_id.get_slave_id$3573
    95/112: $3634
    96/112: $u_interconnect.get_slave_id.get_slave_id$3633
    97/112: $3569
    98/112: $u_interconnect.get_slave_id.get_slave_id$3568
    99/112: $3636
   100/112: $u_interconnect.get_slave_id.get_slave_id$3635
   101/112: $3564
   102/112: $u_interconnect.get_slave_id.get_slave_id$3563
   103/112: $3638
   104/112: $u_interconnect.get_slave_id.get_slave_id$3637
   105/112: $3559
   106/112: $u_interconnect.get_slave_id.get_slave_id$3558
   107/112: $3640
   108/112: $u_interconnect.get_slave_id.get_slave_id$3639
   109/112: $3554
   110/112: $u_interconnect.get_slave_id.get_slave_id$3553
   111/112: $u_interconnect.write_sel_d$3641
   112/112: $u_interconnect.write_sel_d$3642
Creating decoders for process `\soc_top.$6750'.
     1/21: $u_dma.s_axi_bvalid$6794
     2/21: $u_dma.reg_xfer_len$6784
     3/21: $u_dma.reg_dst_addr$6783
     4/21: $u_dma.reg_src_addr$6782
     5/21: $u_dma.reg_ctrl$6781
     6/21: $u_dma.w_valid_lat$6792
     7/21: $u_dma.aw_valid_lat$6791
     8/21: $u_dma.reg_xfer_len$6790
     9/21: $u_dma.reg_dst_addr$6789
    10/21: $u_dma.reg_src_addr$6788
    11/21: $u_dma.reg_ctrl$6787
    12/21: $u_dma.s_axi_bvalid$6786
    13/21: $u_dma.s_axi_bresp$6785
    14/21: $u_dma.s_axi_wready$6761
    15/21: $u_dma.w_valid_lat$6764
    16/21: $u_dma.w_mask_lat$6763
    17/21: $u_dma.w_data_lat$6762
    18/21: $u_dma.s_axi_awready$6756
    19/21: $u_dma.aw_valid_lat$6758
    20/21: $u_dma.aw_addr_lat$6757
    21/21: $u_dma.reg_ctrl[0]$6753
Creating decoders for process `\soc_top.$3504'.
     1/34: $u_master_arbiter.r_state_d$3534
     2/34: $u_master_arbiter.r_state_d$3532
     3/34: $u_master_arbiter.r_state_d$3530
     4/34: $u_master_arbiter.r_state_d$3528
     5/34: $u_master_arbiter.r_state_d$3526
     6/34: $u_master_arbiter.r_state_d$3524
     7/34: $u_master_arbiter.r_state_d$3544
     8/34: $u_master_arbiter.r_state_d$3507
     9/34: $u_master_arbiter.r_state_d$3511
    10/34: $u_master_arbiter.s_arvalid$3510
    11/34: $u_master_arbiter.s_araddr$3509
    12/34: $u_master_arbiter.m2_arready$3508
    13/34: $u_master_arbiter.r_state_d$3516
    14/34: $u_master_arbiter.s_arvalid$3515
    15/34: $u_master_arbiter.s_araddr$3514
    16/34: $u_master_arbiter.r_state_d$3506
    17/34: $u_master_arbiter.m2_arready$3513
    18/34: $u_master_arbiter.m1_arready$3512
    19/34: $u_master_arbiter.r_state_d$3522
    20/34: $u_master_arbiter.s_arvalid$3521
    21/34: $u_master_arbiter.s_araddr$3520
    22/34: $u_master_arbiter.r_state_d$3505
    23/34: $u_master_arbiter.m2_arready$3519
    24/34: $u_master_arbiter.m1_arready$3518
    25/34: $u_master_arbiter.m0_arready$3517
    26/34: $u_master_arbiter.s_rready$3543
    27/34: $u_master_arbiter.s_arvalid$3542
    28/34: $u_master_arbiter.s_araddr$3541
    29/34: $u_master_arbiter.m2_rvalid$3540
    30/34: $u_master_arbiter.m2_arready$3539
    31/34: $u_master_arbiter.m1_rvalid$3538
    32/34: $u_master_arbiter.m1_arready$3537
    33/34: $u_master_arbiter.m0_rvalid$3536
    34/34: $u_master_arbiter.m0_arready$3535
Creating decoders for process `\soc_top.$6680'.
     1/47: $u_dma.dma_state$6719
     2/47: $u_dma.xfer_cnt$6720
     3/47: $u_dma.dma_error$6712
     4/47: $u_dma.xfer_cnt$6725
     5/47: $u_dma.dst_addr_q$6724
     6/47: $u_dma.src_addr_q$6723
     7/47: $u_dma.dma_state$6722
     8/47: $u_dma.dma_error$6721
     9/47: $u_dma.w_done_q$6710
    10/47: $u_dma.aw_done_q$6709
    11/47: $u_dma.dma_state$6708
    12/47: $u_dma.w_done_q$6702
    13/47: $u_dma.aw_done_q$6700
    14/47: $u_dma.dma_error$6695
    15/47: $u_dma.read_data_q$6698
    16/47: $u_dma.dma_state$6697
    17/47: $u_dma.dma_error$6696
    18/47: $u_dma.dma_state$6693
    19/47: $u_dma.dma_state$6732
    20/47: $u_dma.xfer_cnt$6692
    21/47: $u_dma.dst_addr_q$6691
    22/47: $u_dma.src_addr_q$6690
    23/47: $u_dma.dma_state$6689
    24/47: $u_dma.dma_error$6688
    25/47: $u_dma.dma_done$6687
    26/47: $u_dma.dma_busy$6686
    27/47: $u_dma.w_done_q$6738
    28/47: $u_dma.aw_done_q$6737
    29/47: $u_dma.read_data_q$6736
    30/47: $u_dma.xfer_cnt$6735
    31/47: $u_dma.dst_addr_q$6734
    32/47: $u_dma.src_addr_q$6733
    33/47: $u_dma.dma_error$6731
    34/47: $u_dma.dma_done$6730
    35/47: $u_dma.dma_busy$6729
    36/47: $u_dma.w_done_q$6748
    37/47: $u_dma.aw_done_q$6747
    38/47: $u_dma.read_data_q$6746
    39/47: $u_dma.xfer_cnt$6745
    40/47: $u_dma.dst_addr_q$6744
    41/47: $u_dma.src_addr_q$6743
    42/47: $u_dma.dma_state$6742
    43/47: $u_dma.dma_error$6741
    44/47: $u_dma.dma_done$6740
    45/47: $u_dma.dma_busy$6739
    46/47: $6727
    47/47: $6684
Creating decoders for process `\soc_top.$3472'.
     1/22: $u_master_arbiter.w_state_d$3484
     2/22: $u_master_arbiter.w_state_d$3482
     3/22: $u_master_arbiter.w_state_d$3480
     4/22: $u_master_arbiter.w_state_d$3500
     5/22: $u_master_arbiter.w_state_d$3476
     6/22: $u_master_arbiter.w_state_d$3477
     7/22: $u_master_arbiter.w_state_d$3478
     8/22: $u_master_arbiter.s_bready$3499
     9/22: $u_master_arbiter.s_wvalid$3498
    10/22: $u_master_arbiter.s_wstrb$3497
    11/22: $u_master_arbiter.s_wdata$3496
    12/22: $u_master_arbiter.s_awvalid$3495
    13/22: $u_master_arbiter.s_awaddr$3494
    14/22: $u_master_arbiter.m2_bvalid$3493
    15/22: $u_master_arbiter.m2_wready$3492
    16/22: $u_master_arbiter.m2_awready$3491
    17/22: $u_master_arbiter.m1_bvalid$3490
    18/22: $u_master_arbiter.m1_wready$3489
    19/22: $u_master_arbiter.m1_awready$3488
    20/22: $u_master_arbiter.m0_bvalid$3487
    21/22: $u_master_arbiter.m0_wready$3486
    22/22: $u_master_arbiter.m0_awready$3485
Creating decoders for process `\soc_top.$6672'.
     1/5: $u_dma.m_axi_rready$6679
     2/5: $u_dma.m_axi_arvalid$6678
     3/5: $u_dma.m_axi_bready$6677
     4/5: $u_dma.m_axi_wvalid$6676
     5/5: $u_dma.m_axi_awvalid$6675
Creating decoders for process `\soc_top.$3424'.
     1/33: $u_data_bridge.state_d$3453
     2/33: $u_data_bridge.bus_err_o$3452
     3/33: $u_data_bridge.obi_rvalid_o$3451
     4/33: $u_data_bridge.obi_rdata_o$3450
     5/33: $u_data_bridge.state_d$3448
     6/33: $u_data_bridge.obi_gnt_o$3447
     7/33: $u_data_bridge.state_d$3446
     8/33: $u_data_bridge.bus_err_o$3445
     9/33: $u_data_bridge.obi_rvalid_o$3444
    10/33: $u_data_bridge.state_d$3442
    11/33: $u_data_bridge.obi_gnt_o$3441
    12/33: $u_data_bridge.w_accepted_d$3435
    13/33: $u_data_bridge.aw_accepted_d$3433
    14/33: $u_data_bridge.state_d$3463
    15/33: $u_data_bridge.state_d$3425
    16/33: $u_data_bridge.be_d$3429
    17/33: $u_data_bridge.wdata_d$3428
    18/33: $u_data_bridge.addr_d$3427
    19/33: $u_data_bridge.state_d$3426
    20/33: $u_data_bridge.w_accepted_d$3468
    21/33: $u_data_bridge.aw_accepted_d$3467
    22/33: $u_data_bridge.be_d$3466
    23/33: $u_data_bridge.wdata_d$3465
    24/33: $u_data_bridge.addr_d$3464
    25/33: $u_data_bridge.axil_rready_o$3462
    26/33: $u_data_bridge.axil_arvalid_o$3461
    27/33: $u_data_bridge.axil_bready_o$3460
    28/33: $u_data_bridge.axil_wvalid_o$3459
    29/33: $u_data_bridge.axil_awvalid_o$3458
    30/33: $u_data_bridge.bus_err_o$3457
    31/33: $u_data_bridge.obi_rvalid_o$3456
    32/33: $u_data_bridge.obi_rdata_o$3455
    33/33: $u_data_bridge.obi_gnt_o$3454
Creating decoders for process `\soc_top.$6659'.
     1/6: $u_npu.u_npu_engine.mem_addr_b$6663
     2/6: $u_npu.u_npu_engine.mem_en_b$6662
     3/6: $u_npu.u_npu_engine.mem_wdata_b$6671
     4/6: $u_npu.u_npu_engine.mem_addr_b$6670
     5/6: $u_npu.u_npu_engine.mem_we_b$6669
     6/6: $u_npu.u_npu_engine.mem_en_b$6668
Creating decoders for process `\soc_top.$3376'.
     1/33: $u_instr_bridge.state_d$3405
     2/33: $u_instr_bridge.bus_err_o$3404
     3/33: $u_instr_bridge.obi_rvalid_o$3403
     4/33: $u_instr_bridge.obi_rdata_o$3402
     5/33: $u_instr_bridge.state_d$3400
     6/33: $u_instr_bridge.obi_gnt_o$3399
     7/33: $u_instr_bridge.state_d$3398
     8/33: $u_instr_bridge.bus_err_o$3397
     9/33: $u_instr_bridge.obi_rvalid_o$3396
    10/33: $u_instr_bridge.state_d$3394
    11/33: $u_instr_bridge.obi_gnt_o$3393
    12/33: $u_instr_bridge.w_accepted_d$3387
    13/33: $u_instr_bridge.aw_accepted_d$3385
    14/33: $u_instr_bridge.state_d$3415
    15/33: $u_instr_bridge.state_d$3377
    16/33: $u_instr_bridge.be_d$3381
    17/33: $u_instr_bridge.wdata_d$3380
    18/33: $u_instr_bridge.addr_d$3379
    19/33: $u_instr_bridge.state_d$3378
    20/33: $u_instr_bridge.w_accepted_d$3420
    21/33: $u_instr_bridge.aw_accepted_d$3419
    22/33: $u_instr_bridge.be_d$3418
    23/33: $u_instr_bridge.wdata_d$3417
    24/33: $u_instr_bridge.addr_d$3416
    25/33: $u_instr_bridge.axil_rready_o$3414
    26/33: $u_instr_bridge.axil_arvalid_o$3413
    27/33: $u_instr_bridge.axil_bready_o$3412
    28/33: $u_instr_bridge.axil_wvalid_o$3411
    29/33: $u_instr_bridge.axil_awvalid_o$3410
    30/33: $u_instr_bridge.bus_err_o$3409
    31/33: $u_instr_bridge.obi_rvalid_o$3408
    32/33: $u_instr_bridge.obi_rdata_o$3407
    33/33: $u_instr_bridge.obi_gnt_o$3406
Creating decoders for process `\soc_top.$6236'.
     1/190: $u_npu.u_npu_engine.state$6552
     2/190: $u_npu.u_npu_engine.done_o$6551
     3/190: $u_npu.u_npu_engine.class_o$6537
     4/190: $u_npu.u_npu_engine.class_o$6538
     5/190: $u_npu.u_npu_engine.class_o$6539
     6/190: $u_npu.u_npu_engine.state$6523
     7/190: $u_npu.u_npu_engine.c_div$6524
     8/190: $u_npu.u_npu_engine.c_div$6527
     9/190: $u_npu.u_npu_engine.probs$6526
    10/190: $u_npu.u_npu_engine.state$6525
    11/190: $u_npu.u_npu_engine.get_exp.get_exp$6502
    12/190: $u_npu.u_npu_engine.get_exp.get_exp$6503
    13/190: $u_npu.u_npu_engine.get_exp.get_exp$6495
    14/190: $u_npu.u_npu_engine.get_exp.get_exp$6496
    15/190: $u_npu.u_npu_engine.get_exp.get_exp$6488
    16/190: $u_npu.u_npu_engine.get_exp.get_exp$6489
    17/190: $u_npu.u_npu_engine.get_exp.get_exp$6481
    18/190: $u_npu.u_npu_engine.get_exp.get_exp$6482
    19/190: $u_npu.u_npu_engine.fc_q_idx$6475
    20/190: $u_npu.u_npu_engine.state$6474
    21/190: $u_npu.u_npu_engine.fc_logits$6470
    22/190: $u_npu.u_npu_engine.fc_logits$6471
    23/190: $u_npu.u_npu_engine.d_out$6425
    24/190: $u_npu.u_npu_engine.state$6422
    25/190: $u_npu.u_npu_engine.f_out$6419
    26/190: $u_npu.u_npu_engine.state$6417
    27/190: $u_npu.u_npu_engine.t_out$6414
    28/190: $u_npu.u_npu_engine.state$6413
    29/190: $u_npu.u_npu_engine.fc_q_idx$6415
    30/190: $u_npu.u_npu_engine.fc_q_idx$6420
    31/190: $u_npu.u_npu_engine.t_out$6418
    32/190: $u_npu.u_npu_engine.fc_q_idx$6427
    33/190: $u_npu.u_npu_engine.conv_acc$6426
    34/190: $u_npu.u_npu_engine.f_out$6424
    35/190: $u_npu.u_npu_engine.t_out$6423
    36/190: $u_npu.u_npu_engine.fc_acc$6580 [63:32]
    37/190: $u_npu.u_npu_engine.fc_acc$6580 [31:0]
    38/190: $u_npu.u_npu_engine.fc_acc$6580 [95:64]
    39/190: $u_npu.u_npu_engine.fc_acc$6580 [127:96]
    40/190: $u_npu.u_npu_engine.fc_y$6396
    41/190: $u_npu.u_npu_engine.rq_srhm$6379
    42/190: $u_npu.u_npu_engine.$112.r64$6381
    43/190: $u_npu.u_npu_engine.$112.nudge$6380
    44/190: $u_npu.u_npu_engine.get_dw_rshift.get_dw_rshift$6374
    45/190: $u_npu.u_npu_engine.get_dw_multiplier.get_dw_multiplier$6359
    46/190: $u_npu.u_npu_engine.kw$6338
    47/190: $u_npu.u_npu_engine.kh$6337
    48/190: $u_npu.u_npu_engine.av_q0$6346
    49/190: $u_npu.u_npu_engine.kw_q0$6345
    50/190: $u_npu.u_npu_engine.kh_q0$6344
    51/190: $u_npu.u_npu_engine.ib_q0$6343
    52/190: $u_npu.u_npu_engine.bo_q0$6342
    53/190: $u_npu.u_npu_engine.wo_q0$6341
    54/190: $u_npu.u_npu_engine.kw$6340
    55/190: $u_npu.u_npu_engine.kh$6339
    56/190: $u_npu.u_npu_engine.kw$6350
    57/190: $u_npu.u_npu_engine.kh$6349
    58/190: $u_npu.u_npu_engine.mac_valid_q$6358
    59/190: $u_npu.u_npu_engine.av_q0$6357
    60/190: $u_npu.u_npu_engine.kw_q0$6356
    61/190: $u_npu.u_npu_engine.kh_q0$6355
    62/190: $u_npu.u_npu_engine.ib_q0$6354
    63/190: $u_npu.u_npu_engine.bo_q0$6353
    64/190: $u_npu.u_npu_engine.wo_q0$6352
    65/190: $u_npu.u_npu_engine.mac_valid$6351
    66/190: $u_npu.u_npu_engine.d_out$6348
    67/190: $u_npu.u_npu_engine.state$6347
    68/190: $u_npu.u_npu_engine.$110.x_centered$6257
    69/190: $u_npu.u_npu_engine.$110.$2.raw_byte$6258
    70/190: $u_npu.u_npu_engine.$110.$2.raw_byte$6325
    71/190: $u_npu.u_npu_engine.$110.x_centered$6324
    72/190: $u_npu.u_npu_engine.conv_acc$6323
    73/190: $u_npu.u_npu_engine.state$6556
    74/190: $u_npu.u_npu_engine.kw$6249
    75/190: $u_npu.u_npu_engine.kh$6248
    76/190: $u_npu.u_npu_engine.d_out$6247
    77/190: $u_npu.u_npu_engine.f_out$6246
    78/190: $u_npu.u_npu_engine.t_out$6245
    79/190: $u_npu.u_npu_engine.state$6244
    80/190: $u_npu.u_npu_engine.done_o$6243
    81/190: $u_npu.u_npu_engine.busy_o$6242
    82/190: $u_npu.u_npu_engine.$116.sum_exp$6605
    83/190: $u_npu.u_npu_engine.$115.quant_fc$6604
    84/190: $u_npu.u_npu_engine.$114.r64$6603
    85/190: $u_npu.u_npu_engine.$114.nudge$6602
    86/190: $u_npu.u_npu_engine.$112.r64$6601
    87/190: $u_npu.u_npu_engine.$112.nudge$6600
    88/190: $u_npu.u_npu_engine.$111.m$6599
    89/190: $u_npu.u_npu_engine.$110.$2.raw_byte$6598
    90/190: $u_npu.u_npu_engine.$110.x_centered$6597
    91/190: $u_npu.u_npu_engine.c_div$6596
    92/190: $u_npu.u_npu_engine.exp_val$6595
    93/190: $u_npu.u_npu_engine.div_start$6594
    94/190: $u_npu.u_npu_engine.div_den$6593
    95/190: $u_npu.u_npu_engine.div_num$6592
    96/190: $u_npu.u_npu_engine.fc_weight_word$6591
    97/190: $u_npu.u_npu_engine.fc_idx$6590
    98/190: $u_npu.u_npu_engine.fc_y$6589
    99/190: $u_npu.u_npu_engine.rq_scaled$6588
   100/190: $u_npu.u_npu_engine.rq_srhm$6587
   101/190: $u_npu.u_npu_engine.rq_shift$6586
   102/190: $u_npu.u_npu_engine.rq_ovf$6585
   103/190: $u_npu.u_npu_engine.rq_ab$6584
   104/190: $u_npu.u_npu_engine.probs$6583
   105/190: $u_npu.u_npu_engine.fc_q_idx$6582
   106/190: $u_npu.u_npu_engine.fc_logits$6581
   107/190: $u_npu.u_npu_engine.fc_y$6395
   108/190: $u_npu.u_npu_engine.mac_valid_q$6579
   109/190: $u_npu.u_npu_engine.mac_ib_q$6578
   110/190: $u_npu.u_npu_engine.mac_bo_q$6577
   111/190: $u_npu.u_npu_engine.mac_kw_q$6576
   112/190: $u_npu.u_npu_engine.mac_kh_q$6575
   113/190: $u_npu.u_npu_engine.rdata_q$6574
   114/190: $u_npu.u_npu_engine.av_q0$6573
   115/190: $u_npu.u_npu_engine.kw_q0$6572
   116/190: $u_npu.u_npu_engine.kh_q0$6571
   117/190: $u_npu.u_npu_engine.ib_q0$6570
   118/190: $u_npu.u_npu_engine.bo_q0$6569
   119/190: $u_npu.u_npu_engine.wo_q0$6568
   120/190: $u_npu.u_npu_engine.mac_valid$6567
   121/190: $u_npu.u_npu_engine.mac_ib$6566
   122/190: $u_npu.u_npu_engine.mac_bo$6565
   123/190: $u_npu.u_npu_engine.mac_kw$6564
   124/190: $u_npu.u_npu_engine.mac_kh$6563
   125/190: $u_npu.u_npu_engine.conv_acc$6562
   126/190: $u_npu.u_npu_engine.kw$6561
   127/190: $u_npu.u_npu_engine.kh$6560
   128/190: $u_npu.u_npu_engine.d_out$6559
   129/190: $u_npu.u_npu_engine.f_out$6558
   130/190: $u_npu.u_npu_engine.t_out$6557
   131/190: $u_npu.u_npu_engine.class_o$6555
   132/190: $u_npu.u_npu_engine.done_o$6554
   133/190: $u_npu.u_npu_engine.busy_o$6553
   134/190: $u_npu.u_npu_engine.c_div$6649
   135/190: $u_npu.u_npu_engine.exp_val$6648
   136/190: $u_npu.u_npu_engine.div_start$6647
   137/190: $u_npu.u_npu_engine.div_den$6646
   138/190: $u_npu.u_npu_engine.div_num$6645
   139/190: $u_npu.u_npu_engine.fc_weight_word$6644
   140/190: $u_npu.u_npu_engine.fc_idx$6643
   141/190: $u_npu.u_npu_engine.fc_y$6642
   142/190: $u_npu.u_npu_engine.rq_scaled$6641
   143/190: $u_npu.u_npu_engine.rq_srhm$6640
   144/190: $u_npu.u_npu_engine.rq_shift$6639
   145/190: $u_npu.u_npu_engine.rq_ovf$6638
   146/190: $u_npu.u_npu_engine.rq_ab$6637
   147/190: $u_npu.u_npu_engine.probs$6636
   148/190: $u_npu.u_npu_engine.fc_q_idx$6635
   149/190: $u_npu.u_npu_engine.fc_logits$6634
   150/190: $u_npu.u_npu_engine.fc_acc$6633
   151/190: $u_npu.u_npu_engine.mac_valid_q$6632
   152/190: $u_npu.u_npu_engine.mac_ib_q$6631
   153/190: $u_npu.u_npu_engine.mac_bo_q$6630
   154/190: $u_npu.u_npu_engine.mac_kw_q$6629
   155/190: $u_npu.u_npu_engine.mac_kh_q$6628
   156/190: $u_npu.u_npu_engine.rdata_q$6627
   157/190: $u_npu.u_npu_engine.av_q0$6626
   158/190: $u_npu.u_npu_engine.kw_q0$6625
   159/190: $u_npu.u_npu_engine.kh_q0$6624
   160/190: $u_npu.u_npu_engine.ib_q0$6623
   161/190: $u_npu.u_npu_engine.bo_q0$6622
   162/190: $u_npu.u_npu_engine.wo_q0$6621
   163/190: $u_npu.u_npu_engine.mac_valid$6620
   164/190: $u_npu.u_npu_engine.mac_ib$6619
   165/190: $u_npu.u_npu_engine.mac_bo$6618
   166/190: $u_npu.u_npu_engine.mac_kw$6617
   167/190: $u_npu.u_npu_engine.mac_kh$6616
   168/190: $u_npu.u_npu_engine.conv_acc$6615
   169/190: $u_npu.u_npu_engine.kw$6614
   170/190: $u_npu.u_npu_engine.kh$6613
   171/190: $u_npu.u_npu_engine.d_out$6612
   172/190: $u_npu.u_npu_engine.f_out$6611
   173/190: $u_npu.u_npu_engine.t_out$6610
   174/190: $u_npu.u_npu_engine.state$6609
   175/190: $u_npu.u_npu_engine.class_o$6608
   176/190: $u_npu.u_npu_engine.done_o$6607
   177/190: $u_npu.u_npu_engine.busy_o$6606
   178/190: $u_npu.u_npu_engine.$116.sum_exp$6658
   179/190: $u_npu.u_npu_engine.$115.quant_fc$6657
   180/190: $u_npu.u_npu_engine.$114.r64$6656
   181/190: $u_npu.u_npu_engine.$114.nudge$6655
   182/190: $u_npu.u_npu_engine.$112.r64$6654
   183/190: $u_npu.u_npu_engine.$112.nudge$6653
   184/190: $u_npu.u_npu_engine.$111.m$6652
   185/190: $u_npu.u_npu_engine.$110.$2.raw_byte$6651
   186/190: $u_npu.u_npu_engine.$110.x_centered$6650
   187/190: $6548
   188/190: $6545
   189/190: $6542
   190/190: $6240
Creating decoders for process `\soc_top.$3305'.
Creating decoders for process `\soc_top.$3270'.
Creating decoders for process `\soc_top.$3203'.
Creating decoders for process `\soc_top.$3040'.
     1/50: $u_core.cs_registers_i.mhpmcounter_q[2047:1984]$3202
     2/50: $u_core.cs_registers_i.mhpmcounter_q[1983:1920]$3197
     3/50: $u_core.cs_registers_i.mhpmcounter_q[1919:1856]$3192
     4/50: $u_core.cs_registers_i.mhpmcounter_q[1855:1792]$3187
     5/50: $u_core.cs_registers_i.mhpmcounter_q[1791:1728]$3182
     6/50: $u_core.cs_registers_i.mhpmcounter_q[1727:1664]$3177
     7/50: $u_core.cs_registers_i.mhpmcounter_q[1663:1600]$3172
     8/50: $u_core.cs_registers_i.mhpmcounter_q[1599:1536]$3167
     9/50: $u_core.cs_registers_i.mhpmcounter_q[1535:1472]$3162
    10/50: $u_core.cs_registers_i.mhpmcounter_q[1471:1408]$3157
    11/50: $u_core.cs_registers_i.mhpmcounter_q[1407:1344]$3152
    12/50: $u_core.cs_registers_i.mhpmcounter_q[1343:1280]$3147
    13/50: $u_core.cs_registers_i.mhpmcounter_q[1279:1216]$3142
    14/50: $u_core.cs_registers_i.mhpmcounter_q[1215:1152]$3137
    15/50: $u_core.cs_registers_i.mhpmcounter_q[1151:1088]$3132
    16/50: $u_core.cs_registers_i.mhpmcounter_q[1087:1024]$3127
    17/50: $u_core.cs_registers_i.mhpmcounter_q[1023:960]$3122
    18/50: $u_core.cs_registers_i.mhpmcounter_q[959:896]$3117
    19/50: $u_core.cs_registers_i.mhpmcounter_q[895:832]$3112
    20/50: $u_core.cs_registers_i.mhpmcounter_q[831:768]$3107
    21/50: $u_core.cs_registers_i.mhpmcounter_q[767:704]$3102
    22/50: $u_core.cs_registers_i.mhpmcounter_q[703:640]$3097
    23/50: $u_core.cs_registers_i.mhpmcounter_q[639:576]$3092
    24/50: $u_core.cs_registers_i.mhpmcounter_q[575:512]$3087
    25/50: $u_core.cs_registers_i.mhpmcounter_q[511:448]$3082
    26/50: $u_core.cs_registers_i.mhpmcounter_q[447:384]$3077
    27/50: $u_core.cs_registers_i.mhpmcounter_q[383:320]$3072
    28/50: $u_core.cs_registers_i.mhpmcounter_q[319:256]$3067
    29/50: $u_core.cs_registers_i.mhpmcounter_q[255:192]$3062
    30/50: $u_core.cs_registers_i.mhpmcounter_q[255:192]$3061
    31/50: $u_core.cs_registers_i.mhpmcounter_q[255:192]$3060 [63:32]
    32/50: $u_core.cs_registers_i.mhpmcounter_q[255:192]$3059 [31:0]
    33/50: $u_core.cs_registers_i.mhpmcounter_q[255:192]$3058
    34/50: $u_core.cs_registers_i.mhpmcounter_q[255:192]$3059 [63:32]
    35/50: $u_core.cs_registers_i.mhpmcounter_q[255:192]$3060 [31:0]
    36/50: $u_core.cs_registers_i.mhpmcounter_q[191:128]$3057
    37/50: $u_core.cs_registers_i.mhpmcounter_q[191:128]$3056
    38/50: $u_core.cs_registers_i.mhpmcounter_q[191:128]$3055 [63:32]
    39/50: $u_core.cs_registers_i.mhpmcounter_q[191:128]$3054 [31:0]
    40/50: $u_core.cs_registers_i.mhpmcounter_q[191:128]$3053
    41/50: $u_core.cs_registers_i.mhpmcounter_q[191:128]$3054 [63:32]
    42/50: $u_core.cs_registers_i.mhpmcounter_q[191:128]$3055 [31:0]
    43/50: $u_core.cs_registers_i.mhpmcounter_q[127:64]$3052
    44/50: $u_core.cs_registers_i.mhpmcounter_q[63:0]$3047
    45/50: $u_core.cs_registers_i.mhpmcounter_q[63:0]$3046
    46/50: $u_core.cs_registers_i.mhpmcounter_q[63:0]$3045 [63:32]
    47/50: $u_core.cs_registers_i.mhpmcounter_q[63:0]$3044 [31:0]
    48/50: $u_core.cs_registers_i.mhpmcounter_q[63:0]$3043
    49/50: $u_core.cs_registers_i.mhpmcounter_q[63:0]$3044 [63:32]
    50/50: $u_core.cs_registers_i.mhpmcounter_q[63:0]$3045 [31:0]
Creating decoders for process `\soc_top.$2787'.
     1/2: $u_core.cs_registers_i.mhpmevent_n$2796
     2/2: $u_core.cs_registers_i.mcountinhibit_n$2788
Creating decoders for process `\soc_top.$2686'.
     1/2: $u_core.cs_registers_i.gen_trigger_regs.tmatch_value_q$2690
     2/2: $u_core.cs_registers_i.gen_trigger_regs.tmatch_control_exec_q$2689
Creating decoders for process `\soc_top.$2676'.
Creating decoders for process `\soc_top.$2662'.
     1/2: $u_core.cs_registers_i.csr_wdata_int$2666
     2/2: $u_core.cs_registers_i.csr_we_int$2667
Creating decoders for process `\soc_top.$2611'.
     1/46: $u_core.cs_registers_i.priv_lvl_n$2652
     2/46: $u_core.cs_registers_i.mcause_n$2651
     3/46: $u_core.cs_registers_i.mstatus_n[5]$2650
     4/46: $u_core.cs_registers_i.mstatus_n[3:1]$2649
     5/46: $u_core.cs_registers_i.depc_n$2648
     6/46: $u_core.cs_registers_i.dcsr_n[8:6]$2647
     7/46: $u_core.cs_registers_i.dcsr_n[1:0]$2646
     8/46: $u_core.cs_registers_i.mepc_n$2645
     9/46: $u_core.cs_registers_i.exception_pc$2644
    10/46: $u_core.cs_registers_i.priv_lvl_n$2661
    11/46: $u_core.cs_registers_i.mcause_n$2660
    12/46: $u_core.cs_registers_i.mstatus_n[5]$2659
    13/46: $u_core.cs_registers_i.mstatus_n[3:1]$2658
    14/46: $u_core.cs_registers_i.exception_pc$2657
    15/46: $u_core.cs_registers_i.depc_n$2656
    16/46: $u_core.cs_registers_i.dcsr_n[8:6]$2655
    17/46: $u_core.cs_registers_i.dcsr_n[1:0]$2654
    18/46: $u_core.cs_registers_i.mepc_n$2653
    19/46: $u_core.cs_registers_i.dscratch1_n$2629
    20/46: $u_core.cs_registers_i.dscratch0_n$2628
    21/46: $u_core.cs_registers_i.depc_n$2627
    22/46: $u_core.cs_registers_i.dcsr_n[15]$2625
    23/46: $u_core.cs_registers_i.dcsr_n[13:9]$2624
    24/46: $u_core.cs_registers_i.dcsr_n[4]$2623
    25/46: $u_core.cs_registers_i.dcsr_n[2:0]$2622
    26/46: $u_core.cs_registers_i.mcause_n$2621
    27/46: $u_core.cs_registers_i.mepc_n$2620
    28/46: $u_core.cs_registers_i.mscratch_n$2618
    29/46: $u_core.cs_registers_i.mtvec_mode_n$2617
    30/46: $u_core.cs_registers_i.mtvec_n$2616
    31/46: $u_core.cs_registers_i.mie_n$2615
    32/46: $u_core.cs_registers_i.mstatus_n$2613
    33/46: $u_core.cs_registers_i.mie_n$2643
    34/46: $u_core.cs_registers_i.mtvec_mode_n$2642
    35/46: $u_core.cs_registers_i.mtvec_n$2641
    36/46: $u_core.cs_registers_i.mcause_n$2640
    37/46: $u_core.cs_registers_i.mstatus_n$2639
    38/46: $u_core.cs_registers_i.mscratch_n$2638
    39/46: $u_core.cs_registers_i.dscratch1_n$2637
    40/46: $u_core.cs_registers_i.dscratch0_n$2636
    41/46: $u_core.cs_registers_i.depc_n$2635
    42/46: $u_core.cs_registers_i.dcsr_n[15]$2634
    43/46: $u_core.cs_registers_i.dcsr_n[13:9]$2633
    44/46: $u_core.cs_registers_i.dcsr_n[4]$2632
    45/46: $u_core.cs_registers_i.dcsr_n[2:0]$2631
    46/46: $u_core.cs_registers_i.mepc_n$2630
Creating decoders for process `\soc_top.$2600'.
     1/1: $u_core.cs_registers_i.csr_rdata_int$2610
Creating decoders for process `\soc_top.$2590'.
     1/2: $u_core.cs_registers_i.csr_mie_wdata$2594
     2/2: $u_core.cs_registers_i.csr_mie_we$2595
Creating decoders for process `\soc_top.$6229'.
     1/3: $u_npu.u_npu_engine.max_score$6235
     2/3: $u_npu.u_npu_engine.max_score$6233
     3/3: $u_npu.u_npu_engine.max_score$6231
Creating decoders for process `\soc_top.$2583'.
     1/1: $u_core.load_store_unit_i.next_cnt$2586
Creating decoders for process `\soc_top.$2553'.
     1/4: $u_core.load_store_unit_i.data_misaligned_o$2560
     2/4: $u_core.load_store_unit_i.data_misaligned_o$2558
     3/4: $u_core.load_store_unit_i.data_misaligned_o$2561
     4/4: $u_core.load_store_unit_i.data_misaligned_o$2562
Creating decoders for process `\soc_top.$2536'.
     1/2: $u_core.load_store_unit_i.rdata_q$2544
     2/2: $u_core.load_store_unit_i.rdata_q$2545
Creating decoders for process `\soc_top.$2534'.
     1/1: $u_core.load_store_unit_i.data_rdata_ext$2535
Creating decoders for process `\soc_top.$2516'.
     1/9: $u_core.load_store_unit_i.rdata_b_ext$2531
     2/9: $u_core.load_store_unit_i.rdata_b_ext$2532
     3/9: $u_core.load_store_unit_i.rdata_b_ext$2527
     4/9: $u_core.load_store_unit_i.rdata_b_ext$2528
     5/9: $u_core.load_store_unit_i.rdata_b_ext$2523
     6/9: $u_core.load_store_unit_i.rdata_b_ext$2524
     7/9: $u_core.load_store_unit_i.rdata_b_ext$2533
     8/9: $u_core.load_store_unit_i.rdata_b_ext$2519
     9/9: $u_core.load_store_unit_i.rdata_b_ext$2520
Creating decoders for process `\soc_top.$2498'.
     1/9: $u_core.load_store_unit_i.rdata_h_ext$2513
     2/9: $u_core.load_store_unit_i.rdata_h_ext$2514
     3/9: $u_core.load_store_unit_i.rdata_h_ext$2509
     4/9: $u_core.load_store_unit_i.rdata_h_ext$2510
     5/9: $u_core.load_store_unit_i.rdata_h_ext$2505
     6/9: $u_core.load_store_unit_i.rdata_h_ext$2506
     7/9: $u_core.load_store_unit_i.rdata_h_ext$2515
     8/9: $u_core.load_store_unit_i.rdata_h_ext$2501
     9/9: $u_core.load_store_unit_i.rdata_h_ext$2502
Creating decoders for process `\soc_top.$2496'.
     1/1: $u_core.load_store_unit_i.rdata_w_ext$2497
Creating decoders for process `\soc_top.$2484'.
     1/5: $u_core.load_store_unit_i.data_load_event_q$2491
     2/5: $u_core.load_store_unit_i.data_we_q$2490
     3/5: $u_core.load_store_unit_i.data_sign_ext_q$2489
     4/5: $u_core.load_store_unit_i.rdata_offset_q$2488
     5/5: $u_core.load_store_unit_i.data_type_q$2487
Creating decoders for process `\soc_top.$2482'.
     1/1: $u_core.load_store_unit_i.data_wdata$2483
Creating decoders for process `\soc_top.$2471'.
     1/7: $u_core.load_store_unit_i.data_be$2479
     2/7: $u_core.load_store_unit_i.data_be$2478
     3/7: $u_core.load_store_unit_i.data_be$2477
     4/7: $u_core.load_store_unit_i.data_be$2480
     5/7: $u_core.load_store_unit_i.data_be$2474
     6/7: $u_core.load_store_unit_i.data_be$2475
     7/7: $u_core.load_store_unit_i.data_be$2473
Creating decoders for process `\soc_top.$2444'.
     1/4: $u_core.ex_stage_i.regfile_we_lsu$2452
     2/4: $u_core.ex_stage_i.regfile_we_lsu$2453
     3/4: $u_core.ex_stage_i.regfile_waddr_lsu$2451
     4/4: $u_core.ex_stage_i.regfile_waddr_lsu$2454
Creating decoders for process `\soc_top.$2440'.
     1/3: $u_core.ex_stage_i.mult_i.result_o$2442
     2/3: $u_core.ex_stage_i.mult_i.result_o$2441
     3/3: $u_core.ex_stage_i.mult_i.result_o$2443
Creating decoders for process `\soc_top.$2390'.
     1/2: $u_core.ex_stage_i.mult_i.mulh_carry_q$2395
     2/2: $u_core.ex_stage_i.mult_i.mulh_carry_q$2396
Creating decoders for process `\soc_top.$2374'.
     1/13: $u_core.ex_stage_i.mult_i.mulh_NS$2379
     2/13: $u_core.ex_stage_i.mult_i.mulh_NS$2378
     3/13: $u_core.ex_stage_i.mult_i.mulh_ready$2377
     4/13: $u_core.ex_stage_i.mult_i.mulh_NS$2389
     5/13: $u_core.ex_stage_i.mult_i.mulh_ready$2388
     6/13: $u_core.ex_stage_i.mult_i.mulh_clearcarry$2387
     7/13: $u_core.ex_stage_i.mult_i.mulh_save$2386
     8/13: $u_core.ex_stage_i.mult_i.mulh_shift_arith$2385
     9/13: $u_core.ex_stage_i.mult_i.mulh_signed$2384
    10/13: $u_core.ex_stage_i.mult_i.mulh_subword$2383
    11/13: $u_core.ex_stage_i.mult_i.mulh_imm$2382
    12/13: $u_core.ex_stage_i.mult_i.mulh_active_o$2381
    13/13: $u_core.ex_stage_i.mult_i.multicycle_o$2380
Creating decoders for process `\soc_top.$2348'.
     1/1: $u_core.ex_stage_i.alu_i.result_o$2353
Creating decoders for process `\soc_top.$6175'.
     1/30: $u_npu.u_npu_engine.div_done$6206
     2/30: $u_npu.u_npu_engine.div_active$6205
     3/30: $u_npu.u_npu_engine.bit_index$6204
     4/30: $u_npu.u_npu_engine.div_done$6203
     5/30: $u_npu.u_npu_engine.quotient$6200
     6/30: $u_npu.u_npu_engine.dividend_acc$6199
     7/30: $u_npu.u_npu_engine.$98.next_acc$6212
     8/30: $u_npu.u_npu_engine.$98.sub_val$6211
     9/30: $u_npu.u_npu_engine.div_active$6210
    10/30: $u_npu.u_npu_engine.bit_index$6209
    11/30: $u_npu.u_npu_engine.quotient$6208
    12/30: $u_npu.u_npu_engine.dividend_acc$6207
    13/30: $u_npu.u_npu_engine.div_active$6218
    14/30: $u_npu.u_npu_engine.bit_index$6217
    15/30: $u_npu.u_npu_engine.quotient$6216
    16/30: $u_npu.u_npu_engine.dividend_acc$6215
    17/30: $u_npu.u_npu_engine.div_done$6213
    18/30: $u_npu.u_npu_engine.quotient[12]$6180
    19/30: $u_npu.u_npu_engine.dividend_acc$6179
    20/30: $u_npu.u_npu_engine.$98.next_acc$6220
    21/30: $u_npu.u_npu_engine.$98.sub_val$6219
    22/30: $u_npu.u_npu_engine.divisor$6214
    23/30: $u_npu.u_npu_engine.div_active$6226
    24/30: $u_npu.u_npu_engine.bit_index$6225
    25/30: $u_npu.u_npu_engine.quotient$6224
    26/30: $u_npu.u_npu_engine.dividend_acc$6223
    27/30: $u_npu.u_npu_engine.divisor$6222
    28/30: $u_npu.u_npu_engine.div_done$6221
    29/30: $u_npu.u_npu_engine.$98.next_acc$6228
    30/30: $u_npu.u_npu_engine.$98.sub_val$6227
Creating decoders for process `\soc_top.$2318'.
     1/13: $u_core.ex_stage_i.alu_i.alu_div_i.State_SN$2325
     2/13: $u_core.ex_stage_i.alu_i.alu_div_i.State_SN$2324
     3/13: $u_core.ex_stage_i.alu_i.alu_div_i.State_SN$2323
     4/13: $u_core.ex_stage_i.alu_i.alu_div_i.LoadEn_S$2322
     5/13: $u_core.ex_stage_i.alu_i.alu_div_i.BRegEn_S$2321
     6/13: $u_core.ex_stage_i.alu_i.alu_div_i.ARegEn_S$2320
     7/13: $u_core.ex_stage_i.alu_i.alu_div_i.OutVld_SO$2319
     8/13: $u_core.ex_stage_i.alu_i.alu_div_i.State_SN$2331
     9/13: $u_core.ex_stage_i.alu_i.alu_div_i.LoadEn_S$2330
    10/13: $u_core.ex_stage_i.alu_i.alu_div_i.ResRegEn_S$2329
    11/13: $u_core.ex_stage_i.alu_i.alu_div_i.BRegEn_S$2328
    12/13: $u_core.ex_stage_i.alu_i.alu_div_i.ARegEn_S$2327
    13/13: $u_core.ex_stage_i.alu_i.alu_div_i.OutVld_SO$2326
Creating decoders for process `\soc_top.$2278'.
     1/1: $u_core.ex_stage_i.alu_i.reverse_result$2279
Creating decoders for process `\soc_top.$2256'.
     1/3: $u_core.ex_stage_i.alu_i.bitop_result$2260
     2/3: $u_core.ex_stage_i.alu_i.bitop_result$2259
     3/3: $u_core.ex_stage_i.alu_i.bitop_result$2261
Creating decoders for process `\soc_top.$2157'.
     1/2: $u_core.ex_stage_i.alu_i.ff_input$2158
     2/2: $u_core.ex_stage_i.alu_i.ff_input$2159
Creating decoders for process `\soc_top.$2084'.
     1/5: $u_core.ex_stage_i.alu_i.shuffle_byte_sel$2088
     2/5: $u_core.ex_stage_i.alu_i.shuffle_byte_sel$2087
     3/5: $u_core.ex_stage_i.alu_i.shuffle_byte_sel$2086
     4/5: $u_core.ex_stage_i.alu_i.shuffle_byte_sel$2085
     5/5: $u_core.ex_stage_i.alu_i.shuffle_byte_sel$2089
Creating decoders for process `\soc_top.$2055'.
     1/14: $u_core.ex_stage_i.alu_i.shuffle_reg_sel$2075
     2/14: $u_core.ex_stage_i.alu_i.shuffle_reg0_sel$2079
     3/14: $u_core.ex_stage_i.alu_i.shuffle_reg_sel$2078
     4/14: $u_core.ex_stage_i.alu_i.shuffle_reg_sel$2074
     5/14: $u_core.ex_stage_i.alu_i.shuffle_reg_sel$2064
     6/14: $u_core.ex_stage_i.alu_i.shuffle_through$2065
     7/14: $u_core.ex_stage_i.alu_i.shuffle_reg_sel$2061
     8/14: $u_core.ex_stage_i.alu_i.shuffle_through$2062
     9/14: $u_core.ex_stage_i.alu_i.shuffle_reg_sel$2059
    10/14: $u_core.ex_stage_i.alu_i.shuffle_reg1_sel$2057
    11/14: $u_core.ex_stage_i.alu_i.shuffle_through$2083
    12/14: $u_core.ex_stage_i.alu_i.shuffle_reg0_sel$2082
    13/14: $u_core.ex_stage_i.alu_i.shuffle_reg1_sel$2081
    14/14: $u_core.ex_stage_i.alu_i.shuffle_reg_sel$2080
Creating decoders for process `\soc_top.$2048'.
     1/3: $u_core.ex_stage_i.alu_i.clip_result$2053
     2/3: $u_core.ex_stage_i.alu_i.clip_result$2054
     3/3: $u_core.ex_stage_i.alu_i.clip_result$2051
Creating decoders for process `\soc_top.$2023'.
     1/1: $u_core.ex_stage_i.alu_i.cmp_result$2029
Creating decoders for process `\soc_top.$2005'.
     1/2: $u_core.ex_stage_i.alu_i.is_greater$2022
     2/2: $u_core.ex_stage_i.alu_i.is_equal$2021
Creating decoders for process `\soc_top.$1986'.
     1/2: $u_core.ex_stage_i.alu_i.cmp_signed$1987
     2/2: $u_core.ex_stage_i.alu_i.cmp_signed$1988
Creating decoders for process `\soc_top.$1982'.
     1/1: $u_core.ex_stage_i.alu_i.operand_b_eq$1984
Creating decoders for process `\soc_top.$1966'.
     1/1: $u_core.ex_stage_i.alu_i.shift_right_result$1980
Creating decoders for process `\soc_top.$1913'.
     1/1: $u_core.ex_stage_i.alu_i.shift_amt_left$1914
Creating decoders for process `\soc_top.$1884'.
     1/13: $u_core.ex_stage_i.alu_i.adder_in_a[27]$1894
     2/13: $u_core.ex_stage_i.alu_i.adder_in_a[18]$1893
     3/13: $u_core.ex_stage_i.alu_i.adder_in_a[9]$1892
     4/13: $u_core.ex_stage_i.alu_i.adder_in_b[27]$1891
     5/13: $u_core.ex_stage_i.alu_i.adder_in_b[18]$1890
     6/13: $u_core.ex_stage_i.alu_i.adder_in_b[9]$1889
     7/13: $u_core.ex_stage_i.alu_i.adder_in_b[27]$1901
     8/13: $u_core.ex_stage_i.alu_i.adder_in_b[18]$1900
     9/13: $u_core.ex_stage_i.alu_i.adder_in_b[9]$1899
    10/13: $u_core.ex_stage_i.alu_i.adder_in_b[0]$1898
    11/13: $u_core.ex_stage_i.alu_i.adder_in_a[27]$1897
    12/13: $u_core.ex_stage_i.alu_i.adder_in_a[18]$1896
    13/13: $u_core.ex_stage_i.alu_i.adder_in_a[9]$1895
Creating decoders for process `\soc_top.$1849'.
     1/10: $u_core.ex_stage_i.regfile_wdata_wb_o$1862
     2/10: $u_core.ex_stage_i.regfile_we_wb_power_o$1861
     3/10: $u_core.ex_stage_i.regfile_we_wb_o$1860
     4/10: $u_core.ex_stage_i.regfile_waddr_wb_o$1859
     5/10: $u_core.ex_stage_i.regfile_we_wb_power_o$1865
     6/10: $u_core.ex_stage_i.regfile_we_wb_o$1864
     7/10: $u_core.ex_stage_i.wb_contention_lsu$1854
     8/10: $u_core.ex_stage_i.wb_contention_lsu$1867
     9/10: $u_core.ex_stage_i.regfile_wdata_wb_o$1866
    10/10: $u_core.ex_stage_i.regfile_waddr_wb_o$1863
Creating decoders for process `\soc_top.$1826'.
     1/9: $u_core.ex_stage_i.regfile_alu_wdata_fw_o$1843
     2/9: $u_core.ex_stage_i.regfile_alu_wdata_fw_o$1842
     3/9: $u_core.ex_stage_i.regfile_alu_wdata_fw_o$1841
     4/9: $u_core.ex_stage_i.regfile_alu_wdata_fw_o$1847
     5/9: $u_core.ex_stage_i.regfile_alu_we_fw_power_o$1846
     6/9: $u_core.ex_stage_i.regfile_alu_we_fw_o$1845
     7/9: $u_core.ex_stage_i.regfile_alu_waddr_fw_o$1844
     8/9: $u_core.ex_stage_i.wb_contention$1831
     9/9: $u_core.ex_stage_i.wb_contention$1848
Creating decoders for process `\soc_top.$6129'.
     1/2: $u_npu.u_npu_sram.rdata_b_hold$6143
     2/2: $u_npu.u_npu_sram.rdata_a_hold$6136
Creating decoders for process `\soc_top.$1566'.
     1/209: $u_core.id_stage_i.regfile_alu_we_ex_o$1625
     2/209: $u_core.id_stage_i.regfile_alu_we_ex_o$1628
     3/209: $u_core.id_stage_i.data_misaligned_ex_o$1636
     4/209: $u_core.id_stage_i.data_load_event_ex_o$1635
     5/209: $u_core.id_stage_i.data_req_ex_o$1634
     6/209: $u_core.id_stage_i.csr_op_ex_o$1633
     7/209: $u_core.id_stage_i.apu_en_ex_o$1632
     8/209: $u_core.id_stage_i.mult_en_ex_o$1631
     9/209: $u_core.id_stage_i.alu_operator_ex_o$1630
    10/209: $u_core.id_stage_i.alu_en_ex_o$1629
    11/209: $u_core.id_stage_i.regfile_we_ex_o$1627
    12/209: $u_core.id_stage_i.branch_in_ex_o$1626
    13/209: $u_core.id_stage_i.data_misaligned_ex_o$1684
    14/209: $u_core.id_stage_i.data_load_event_ex_o$1683
    15/209: $u_core.id_stage_i.data_req_ex_o$1678
    16/209: $u_core.id_stage_i.csr_op_ex_o$1677
    17/209: $u_core.id_stage_i.apu_en_ex_o$1670
    18/209: $u_core.id_stage_i.mult_en_ex_o$1659
    19/209: $u_core.id_stage_i.alu_operator_ex_o$1651
    20/209: $u_core.id_stage_i.alu_en_ex_o$1650
    21/209: $u_core.id_stage_i.regfile_alu_we_ex_o$1649
    22/209: $u_core.id_stage_i.regfile_we_ex_o$1647
    23/209: $u_core.id_stage_i.branch_in_ex_o$1637
    24/209: $u_core.id_stage_i.pc_ex_o$1623
    25/209: $u_core.id_stage_i.data_load_event_ex_o$1619
    26/209: $u_core.id_stage_i.atop_ex_o$1620
    27/209: $u_core.id_stage_i.data_reg_offset_ex_o$1618
    28/209: $u_core.id_stage_i.data_sign_ext_ex_o$1617
    29/209: $u_core.id_stage_i.data_type_ex_o$1616
    30/209: $u_core.id_stage_i.data_we_ex_o$1615
    31/209: $u_core.id_stage_i.regfile_alu_waddr_ex_o$1614
    32/209: $u_core.id_stage_i.regfile_waddr_ex_o$1613
    33/209: $u_core.id_stage_i.apu_waddr_ex_o$1612
    34/209: $u_core.id_stage_i.apu_flags_ex_o$1611
    35/209: $u_core.id_stage_i.apu_operands_ex_o$1610
    36/209: $u_core.id_stage_i.apu_lat_ex_o$1609
    37/209: $u_core.id_stage_i.apu_op_ex_o$1608
    38/209: $u_core.id_stage_i.mult_clpx_img_ex_o$1607
    39/209: $u_core.id_stage_i.mult_clpx_shift_ex_o$1606
    40/209: $u_core.id_stage_i.mult_is_clpx_ex_o$1605
    41/209: $u_core.id_stage_i.mult_dot_signed_ex_o$1604
    42/209: $u_core.id_stage_i.mult_dot_op_c_ex_o$1603
    43/209: $u_core.id_stage_i.mult_dot_op_b_ex_o$1602
    44/209: $u_core.id_stage_i.mult_dot_op_a_ex_o$1601
    45/209: $u_core.id_stage_i.mult_operator_ex_o$1600
    46/209: $u_core.id_stage_i.mult_imm_ex_o$1599
    47/209: $u_core.id_stage_i.mult_signed_mode_ex_o$1598
    48/209: $u_core.id_stage_i.mult_sel_subword_ex_o$1597
    49/209: $u_core.id_stage_i.mult_operand_c_ex_o$1596
    50/209: $u_core.id_stage_i.mult_operand_b_ex_o$1595
    51/209: $u_core.id_stage_i.mult_operand_a_ex_o$1594
    52/209: $u_core.id_stage_i.mult_operator_ex_o$1593
    53/209: $u_core.id_stage_i.alu_operand_b_ex_o$1581
    54/209: $u_core.id_stage_i.alu_clpx_shift_ex_o$1592
    55/209: $u_core.id_stage_i.alu_is_subrot_ex_o$1591
    56/209: $u_core.id_stage_i.alu_is_clpx_ex_o$1590
    57/209: $u_core.id_stage_i.alu_operator_ex_o$1589
    58/209: $u_core.id_stage_i.alu_vec_mode_ex_o$1588
    59/209: $u_core.id_stage_i.imm_vec_ext_ex_o$1587
    60/209: $u_core.id_stage_i.bmask_b_ex_o$1586
    61/209: $u_core.id_stage_i.bmask_a_ex_o$1585
    62/209: $u_core.id_stage_i.alu_operand_c_ex_o$1584
    63/209: $u_core.id_stage_i.alu_operand_b_ex_o$1583
    64/209: $u_core.id_stage_i.alu_operand_a_ex_o$1582
    65/209: $u_core.id_stage_i.atop_ex_o$1686
    66/209: $u_core.id_stage_i.prepost_useincr_ex_o$1685
    67/209: $u_core.id_stage_i.data_reg_offset_ex_o$1682
    68/209: $u_core.id_stage_i.data_sign_ext_ex_o$1681
    69/209: $u_core.id_stage_i.data_type_ex_o$1680
    70/209: $u_core.id_stage_i.data_we_ex_o$1679
    71/209: $u_core.id_stage_i.csr_access_ex_o$1676
    72/209: $u_core.id_stage_i.apu_waddr_ex_o$1675
    73/209: $u_core.id_stage_i.apu_flags_ex_o$1674
    74/209: $u_core.id_stage_i.apu_operands_ex_o$1673
    75/209: $u_core.id_stage_i.apu_lat_ex_o$1672
    76/209: $u_core.id_stage_i.apu_op_ex_o$1671
    77/209: $u_core.id_stage_i.mult_clpx_img_ex_o$1669
    78/209: $u_core.id_stage_i.mult_clpx_shift_ex_o$1668
    79/209: $u_core.id_stage_i.mult_is_clpx_ex_o$1667
    80/209: $u_core.id_stage_i.mult_dot_signed_ex_o$1666
    81/209: $u_core.id_stage_i.mult_dot_op_c_ex_o$1665
    82/209: $u_core.id_stage_i.mult_dot_op_b_ex_o$1664
    83/209: $u_core.id_stage_i.mult_dot_op_a_ex_o$1663
    84/209: $u_core.id_stage_i.mult_imm_ex_o$1662
    85/209: $u_core.id_stage_i.mult_signed_mode_ex_o$1661
    86/209: $u_core.id_stage_i.mult_sel_subword_ex_o$1660
    87/209: $u_core.id_stage_i.mult_operand_c_ex_o$1658
    88/209: $u_core.id_stage_i.mult_operand_b_ex_o$1657
    89/209: $u_core.id_stage_i.mult_operand_a_ex_o$1656
    90/209: $u_core.id_stage_i.mult_operator_ex_o$1655
    91/209: $u_core.id_stage_i.alu_clpx_shift_ex_o$1654
    92/209: $u_core.id_stage_i.alu_is_subrot_ex_o$1653
    93/209: $u_core.id_stage_i.alu_is_clpx_ex_o$1652
    94/209: $u_core.id_stage_i.regfile_alu_waddr_ex_o$1648
    95/209: $u_core.id_stage_i.regfile_waddr_ex_o$1646
    96/209: $u_core.id_stage_i.alu_vec_mode_ex_o$1645
    97/209: $u_core.id_stage_i.imm_vec_ext_ex_o$1644
    98/209: $u_core.id_stage_i.bmask_b_ex_o$1643
    99/209: $u_core.id_stage_i.bmask_a_ex_o$1642
   100/209: $u_core.id_stage_i.alu_operand_c_ex_o$1641
   101/209: $u_core.id_stage_i.alu_operand_b_ex_o$1640
   102/209: $u_core.id_stage_i.alu_operand_a_ex_o$1639
   103/209: $u_core.id_stage_i.pc_ex_o$1638
   104/209: $u_core.id_stage_i.mult_operand_c_ex_o$1708
   105/209: $u_core.id_stage_i.atop_ex_o$1736
   106/209: $u_core.id_stage_i.prepost_useincr_ex_o$1735
   107/209: $u_core.id_stage_i.data_misaligned_ex_o$1734
   108/209: $u_core.id_stage_i.data_load_event_ex_o$1733
   109/209: $u_core.id_stage_i.data_reg_offset_ex_o$1732
   110/209: $u_core.id_stage_i.data_sign_ext_ex_o$1731
   111/209: $u_core.id_stage_i.data_type_ex_o$1730
   112/209: $u_core.id_stage_i.data_we_ex_o$1729
   113/209: $u_core.id_stage_i.data_req_ex_o$1728
   114/209: $u_core.id_stage_i.csr_op_ex_o$1727
   115/209: $u_core.id_stage_i.csr_access_ex_o$1726
   116/209: $u_core.id_stage_i.apu_waddr_ex_o$1725
   117/209: $u_core.id_stage_i.apu_flags_ex_o$1724
   118/209: $u_core.id_stage_i.apu_operands_ex_o$1723
   119/209: $u_core.id_stage_i.apu_lat_ex_o$1722
   120/209: $u_core.id_stage_i.apu_op_ex_o$1721
   121/209: $u_core.id_stage_i.apu_en_ex_o$1720
   122/209: $u_core.id_stage_i.mult_clpx_img_ex_o$1719
   123/209: $u_core.id_stage_i.mult_clpx_shift_ex_o$1718
   124/209: $u_core.id_stage_i.mult_is_clpx_ex_o$1717
   125/209: $u_core.id_stage_i.mult_dot_signed_ex_o$1716
   126/209: $u_core.id_stage_i.mult_dot_op_c_ex_o$1715
   127/209: $u_core.id_stage_i.mult_dot_op_b_ex_o$1714
   128/209: $u_core.id_stage_i.mult_dot_op_a_ex_o$1713
   129/209: $u_core.id_stage_i.mult_imm_ex_o$1712
   130/209: $u_core.id_stage_i.mult_signed_mode_ex_o$1711
   131/209: $u_core.id_stage_i.mult_sel_subword_ex_o$1710
   132/209: $u_core.id_stage_i.mult_en_ex_o$1709
   133/209: $u_core.id_stage_i.mult_operand_b_ex_o$1707
   134/209: $u_core.id_stage_i.mult_operand_a_ex_o$1706
   135/209: $u_core.id_stage_i.mult_operator_ex_o$1705
   136/209: $u_core.id_stage_i.alu_clpx_shift_ex_o$1704
   137/209: $u_core.id_stage_i.alu_is_subrot_ex_o$1703
   138/209: $u_core.id_stage_i.alu_is_clpx_ex_o$1702
   139/209: $u_core.id_stage_i.alu_operator_ex_o$1701
   140/209: $u_core.id_stage_i.alu_en_ex_o$1700
   141/209: $u_core.id_stage_i.regfile_alu_we_ex_o$1699
   142/209: $u_core.id_stage_i.regfile_alu_waddr_ex_o$1698
   143/209: $u_core.id_stage_i.regfile_we_ex_o$1697
   144/209: $u_core.id_stage_i.regfile_waddr_ex_o$1696
   145/209: $u_core.id_stage_i.alu_vec_mode_ex_o$1695
   146/209: $u_core.id_stage_i.imm_vec_ext_ex_o$1694
   147/209: $u_core.id_stage_i.bmask_b_ex_o$1693
   148/209: $u_core.id_stage_i.bmask_a_ex_o$1692
   149/209: $u_core.id_stage_i.alu_operand_c_ex_o$1691
   150/209: $u_core.id_stage_i.alu_operand_b_ex_o$1690
   151/209: $u_core.id_stage_i.alu_operand_a_ex_o$1689
   152/209: $u_core.id_stage_i.pc_ex_o$1688
   153/209: $u_core.id_stage_i.branch_in_ex_o$1687
   154/209: $u_core.id_stage_i.prepost_useincr_ex_o$1785
   155/209: $u_core.id_stage_i.data_misaligned_ex_o$1784
   156/209: $u_core.id_stage_i.regfile_alu_we_ex_o$1749
   157/209: $u_core.id_stage_i.alu_operand_b_ex_o$1740
   158/209: $u_core.id_stage_i.alu_operand_a_ex_o$1739
   159/209: $u_core.id_stage_i.alu_operand_a_ex_o$1570
   160/209: $u_core.id_stage_i.prepost_useincr_ex_o$1575
   161/209: $u_core.id_stage_i.data_misaligned_ex_o$1574
   162/209: $u_core.id_stage_i.regfile_alu_we_ex_o$1573
   163/209: $u_core.id_stage_i.alu_operand_b_ex_o$1572
   164/209: $u_core.id_stage_i.alu_operand_a_ex_o$1571
   165/209: $u_core.id_stage_i.atop_ex_o$1786
   166/209: $u_core.id_stage_i.data_load_event_ex_o$1783
   167/209: $u_core.id_stage_i.data_reg_offset_ex_o$1782
   168/209: $u_core.id_stage_i.data_sign_ext_ex_o$1781
   169/209: $u_core.id_stage_i.data_type_ex_o$1780
   170/209: $u_core.id_stage_i.data_we_ex_o$1779
   171/209: $u_core.id_stage_i.data_req_ex_o$1778
   172/209: $u_core.id_stage_i.csr_op_ex_o$1777
   173/209: $u_core.id_stage_i.csr_access_ex_o$1776
   174/209: $u_core.id_stage_i.apu_waddr_ex_o$1775
   175/209: $u_core.id_stage_i.apu_flags_ex_o$1774
   176/209: $u_core.id_stage_i.apu_operands_ex_o$1773
   177/209: $u_core.id_stage_i.apu_lat_ex_o$1772
   178/209: $u_core.id_stage_i.apu_op_ex_o$1771
   179/209: $u_core.id_stage_i.apu_en_ex_o$1770
   180/209: $u_core.id_stage_i.mult_clpx_img_ex_o$1769
   181/209: $u_core.id_stage_i.mult_clpx_shift_ex_o$1768
   182/209: $u_core.id_stage_i.mult_is_clpx_ex_o$1767
   183/209: $u_core.id_stage_i.mult_dot_signed_ex_o$1766
   184/209: $u_core.id_stage_i.mult_dot_op_c_ex_o$1765
   185/209: $u_core.id_stage_i.mult_dot_op_b_ex_o$1764
   186/209: $u_core.id_stage_i.mult_dot_op_a_ex_o$1763
   187/209: $u_core.id_stage_i.mult_imm_ex_o$1762
   188/209: $u_core.id_stage_i.mult_signed_mode_ex_o$1761
   189/209: $u_core.id_stage_i.mult_sel_subword_ex_o$1760
   190/209: $u_core.id_stage_i.mult_en_ex_o$1759
   191/209: $u_core.id_stage_i.mult_operand_c_ex_o$1758
   192/209: $u_core.id_stage_i.mult_operand_b_ex_o$1757
   193/209: $u_core.id_stage_i.mult_operand_a_ex_o$1756
   194/209: $u_core.id_stage_i.mult_operator_ex_o$1755
   195/209: $u_core.id_stage_i.alu_clpx_shift_ex_o$1754
   196/209: $u_core.id_stage_i.alu_is_subrot_ex_o$1753
   197/209: $u_core.id_stage_i.alu_is_clpx_ex_o$1752
   198/209: $u_core.id_stage_i.alu_operator_ex_o$1751
   199/209: $u_core.id_stage_i.alu_en_ex_o$1750
   200/209: $u_core.id_stage_i.regfile_alu_waddr_ex_o$1748
   201/209: $u_core.id_stage_i.regfile_we_ex_o$1747
   202/209: $u_core.id_stage_i.regfile_waddr_ex_o$1746
   203/209: $u_core.id_stage_i.alu_vec_mode_ex_o$1745
   204/209: $u_core.id_stage_i.imm_vec_ext_ex_o$1744
   205/209: $u_core.id_stage_i.bmask_b_ex_o$1743
   206/209: $u_core.id_stage_i.bmask_a_ex_o$1742
   207/209: $u_core.id_stage_i.alu_operand_c_ex_o$1741
   208/209: $u_core.id_stage_i.pc_ex_o$1738
   209/209: $u_core.id_stage_i.branch_in_ex_o$1737
Creating decoders for process `\soc_top.$1533'.
     1/32: $u_core.id_stage_i.int_controller_i.irq_id_ctrl_o$1534
     2/32: $u_core.id_stage_i.int_controller_i.irq_id_ctrl_o$1535
     3/32: $u_core.id_stage_i.int_controller_i.irq_id_ctrl_o$1536
     4/32: $u_core.id_stage_i.int_controller_i.irq_id_ctrl_o$1537
     5/32: $u_core.id_stage_i.int_controller_i.irq_id_ctrl_o$1538
     6/32: $u_core.id_stage_i.int_controller_i.irq_id_ctrl_o$1539
     7/32: $u_core.id_stage_i.int_controller_i.irq_id_ctrl_o$1540
     8/32: $u_core.id_stage_i.int_controller_i.irq_id_ctrl_o$1541
     9/32: $u_core.id_stage_i.int_controller_i.irq_id_ctrl_o$1542
    10/32: $u_core.id_stage_i.int_controller_i.irq_id_ctrl_o$1543
    11/32: $u_core.id_stage_i.int_controller_i.irq_id_ctrl_o$1544
    12/32: $u_core.id_stage_i.int_controller_i.irq_id_ctrl_o$1545
    13/32: $u_core.id_stage_i.int_controller_i.irq_id_ctrl_o$1546
    14/32: $u_core.id_stage_i.int_controller_i.irq_id_ctrl_o$1547
    15/32: $u_core.id_stage_i.int_controller_i.irq_id_ctrl_o$1548
    16/32: $u_core.id_stage_i.int_controller_i.irq_id_ctrl_o$1549
    17/32: $u_core.id_stage_i.int_controller_i.irq_id_ctrl_o$1550
    18/32: $u_core.id_stage_i.int_controller_i.irq_id_ctrl_o$1551
    19/32: $u_core.id_stage_i.int_controller_i.irq_id_ctrl_o$1552
    20/32: $u_core.id_stage_i.int_controller_i.irq_id_ctrl_o$1553
    21/32: $u_core.id_stage_i.int_controller_i.irq_id_ctrl_o$1554
    22/32: $u_core.id_stage_i.int_controller_i.irq_id_ctrl_o$1555
    23/32: $u_core.id_stage_i.int_controller_i.irq_id_ctrl_o$1556
    24/32: $u_core.id_stage_i.int_controller_i.irq_id_ctrl_o$1557
    25/32: $u_core.id_stage_i.int_controller_i.irq_id_ctrl_o$1558
    26/32: $u_core.id_stage_i.int_controller_i.irq_id_ctrl_o$1559
    27/32: $u_core.id_stage_i.int_controller_i.irq_id_ctrl_o$1560
    28/32: $u_core.id_stage_i.int_controller_i.irq_id_ctrl_o$1561
    29/32: $u_core.id_stage_i.int_controller_i.irq_id_ctrl_o$1562
    30/32: $u_core.id_stage_i.int_controller_i.irq_id_ctrl_o$1563
    31/32: $u_core.id_stage_i.int_controller_i.irq_id_ctrl_o$1564
    32/32: $u_core.id_stage_i.int_controller_i.irq_id_ctrl_o$1565
Creating decoders for process `\soc_top.$6944'.
     1/7: $u_jtag.fault_data_r$6955
     2/7: $u_jtag.fault_instr_r$6954
     3/7: $u_jtag.fault_valid_r$6953
     4/7: $u_jtag.fault_data_r$6958
     5/7: $u_jtag.fault_instr_r$6957
     6/7: $u_jtag.fault_valid_r$6956
     7/7: $u_jtag.fault_addr_r$6959
Creating decoders for process `\soc_top.$1515'.
     1/5: $u_core.id_stage_i.controller_i.debug_fsm_ns$1522
     2/5: $u_core.id_stage_i.controller_i.debug_fsm_ns$1520
     3/5: $u_core.id_stage_i.controller_i.debug_fsm_ns$1523
     4/5: $u_core.id_stage_i.controller_i.debug_fsm_ns$1518
     5/5: $u_core.id_stage_i.controller_i.debug_fsm_ns$1519
Creating decoders for process `\soc_top.$5943'.
     1/13: $u_npu.u_npu_axi_ctrl.rstate$5954
     2/13: $u_npu.u_npu_axi_ctrl.mem_rvalid$5953
     3/13: $u_npu.u_npu_axi_ctrl.mem_arready$5952
     4/13: $u_npu.u_npu_axi_ctrl.rstate$5951
     5/13: $u_npu.u_npu_axi_ctrl.rstate$5960
     6/13: $u_npu.u_npu_axi_ctrl.rstate$5949
     7/13: $u_npu.u_npu_axi_ctrl.mem_ar_addr_lat$5948
     8/13: $u_npu.u_npu_axi_ctrl.mem_arready$5947
     9/13: $u_npu.u_npu_axi_ctrl.mem_ar_addr_lat$5959
    10/13: $u_npu.u_npu_axi_ctrl.mem_rvalid$5958
    11/13: $u_npu.u_npu_axi_ctrl.mem_rresp$5957
    12/13: $u_npu.u_npu_axi_ctrl.mem_rdata$5956
    13/13: $u_npu.u_npu_axi_ctrl.mem_arready$5955
Creating decoders for process `\soc_top.$1507'.
     1/2: $u_core.id_stage_i.controller_i.debug_req_q$1510
     2/2: $u_core.id_stage_i.controller_i.debug_req_q$1511
Creating decoders for process `\soc_top.$5921'.
     1/12: $u_npu.u_npu_axi_ctrl.mem_bvalid$5942
     2/12: $u_npu.u_npu_axi_ctrl.mem_w_valid_lat$5940
     3/12: $u_npu.u_npu_axi_ctrl.mem_aw_valid_lat$5939
     4/12: $u_npu.u_npu_axi_ctrl.mem_bvalid$5938
     5/12: $u_npu.u_npu_axi_ctrl.mem_bresp$5937
     6/12: $u_npu.u_npu_axi_ctrl.mem_wready$5931
     7/12: $u_npu.u_npu_axi_ctrl.mem_w_valid_lat$5934
     8/12: $u_npu.u_npu_axi_ctrl.mem_wstrb_lat$5933
     9/12: $u_npu.u_npu_axi_ctrl.mem_w_data_lat$5932
    10/12: $u_npu.u_npu_axi_ctrl.mem_awready$5926
    11/12: $u_npu.u_npu_axi_ctrl.mem_aw_valid_lat$5928
    12/12: $u_npu.u_npu_axi_ctrl.mem_aw_addr_lat$5927
Creating decoders for process `\soc_top.$1465'.
     1/16: $u_core.id_stage_i.controller_i.operand_c_fw_mux_sel_o$1486
     2/16: $u_core.id_stage_i.controller_i.operand_c_fw_mux_sel_o$1489
     3/16: $u_core.id_stage_i.controller_i.operand_b_fw_mux_sel_o$1488
     4/16: $u_core.id_stage_i.controller_i.operand_a_fw_mux_sel_o$1487
     5/16: $u_core.id_stage_i.controller_i.operand_c_fw_mux_sel_o$1482
     6/16: $u_core.id_stage_i.controller_i.operand_b_fw_mux_sel_o$1480
     7/16: $u_core.id_stage_i.controller_i.operand_a_fw_mux_sel_o$1478
     8/16: $u_core.id_stage_i.controller_i.operand_c_fw_mux_sel_o$1485
     9/16: $u_core.id_stage_i.controller_i.operand_b_fw_mux_sel_o$1484
    10/16: $u_core.id_stage_i.controller_i.operand_a_fw_mux_sel_o$1483
    11/16: $u_core.id_stage_i.controller_i.operand_c_fw_mux_sel_o$1472
    12/16: $u_core.id_stage_i.controller_i.operand_b_fw_mux_sel_o$1470
    13/16: $u_core.id_stage_i.controller_i.operand_a_fw_mux_sel_o$1468
    14/16: $u_core.id_stage_i.controller_i.operand_c_fw_mux_sel_o$1475
    15/16: $u_core.id_stage_i.controller_i.operand_b_fw_mux_sel_o$1474
    16/16: $u_core.id_stage_i.controller_i.operand_a_fw_mux_sel_o$1473
Creating decoders for process `\soc_top.$1421'.
     1/6: $u_core.id_stage_i.controller_i.jr_stall_o$1461
     2/6: $u_core.id_stage_i.controller_i.deassert_we_o$1460
     3/6: $u_core.id_stage_i.controller_i.load_stall_o$1445
     4/6: $u_core.id_stage_i.controller_i.deassert_we_o$1444
     5/6: $u_core.id_stage_i.controller_i.deassert_we_o$1424
     6/6: $u_core.id_stage_i.controller_i.deassert_we_o$1423
Creating decoders for process `\soc_top.$1009'.
     1/321: $u_core.id_stage_i.controller_i.ctrl_fsm_ns$1382
     2/321: $u_core.id_stage_i.controller_i.ctrl_fsm_ns$1387
     3/321: $u_core.id_stage_i.controller_i.csr_save_cause_o$1386
     4/321: $u_core.id_stage_i.controller_i.csr_cause_o$1385
     5/321: $u_core.id_stage_i.controller_i.csr_save_ex_o$1384
     6/321: $u_core.id_stage_i.controller_i.data_err_ack_o$1383
     7/321: $u_core.id_stage_i.controller_i.debug_cause_o$1374
     8/321: $u_core.id_stage_i.controller_i.debug_cause_o$1375
     9/321: $u_core.id_stage_i.controller_i.debug_cause_o$1367
    10/321: $u_core.id_stage_i.controller_i.debug_cause_o$1368
    11/321: $u_core.id_stage_i.controller_i.debug_cause_o$1369
    12/321: $u_core.id_stage_i.controller_i.csr_save_cause_o$1373
    13/321: $u_core.id_stage_i.controller_i.csr_save_id_o$1372
    14/321: $u_core.id_stage_i.controller_i.debug_csr_save_o$1371
    15/321: $u_core.id_stage_i.controller_i.debug_cause_o$1370
    16/321: $u_core.id_stage_i.controller_i.pc_mux_o$1364
    17/321: $u_core.id_stage_i.controller_i.pc_set_o$1363
    18/321: $u_core.id_stage_i.controller_i.ctrl_fsm_ns$1362
    19/321: $u_core.id_stage_i.controller_i.debug_mode_n$1359
    20/321: $u_core.id_stage_i.controller_i.exc_pc_mux_o$1358
    21/321: $u_core.id_stage_i.controller_i.pc_mux_o$1357
    22/321: $u_core.id_stage_i.controller_i.pc_set_o$1356
    23/321: $u_core.id_stage_i.controller_i.ctrl_fsm_ns$1311
    24/321: $u_core.id_stage_i.controller_i.debug_force_wakeup_n$1312
    25/321: $u_core.id_stage_i.controller_i.pc_mux_o$1310
    26/321: $u_core.id_stage_i.controller_i.pc_set_o$1309
    27/321: $u_core.id_stage_i.controller_i.ctrl_fsm_ns$1301
    28/321: $u_core.id_stage_i.controller_i.ctrl_fsm_ns$1297
    29/321: $u_core.id_stage_i.controller_i.debug_force_wakeup_n$1321
    30/321: $u_core.id_stage_i.controller_i.ctrl_fsm_ns$1320
    31/321: $u_core.id_stage_i.controller_i.csr_restore_dret_id_o$1319
    32/321: $u_core.id_stage_i.controller_i.csr_restore_uret_id_o$1318
    33/321: $u_core.id_stage_i.controller_i.csr_restore_mret_id_o$1317
    34/321: $u_core.id_stage_i.controller_i.trap_addr_mux_o$1316
    35/321: $u_core.id_stage_i.controller_i.exc_pc_mux_o$1315
    36/321: $u_core.id_stage_i.controller_i.pc_mux_o$1314
    37/321: $u_core.id_stage_i.controller_i.pc_set_o$1313
    38/321: $u_core.id_stage_i.controller_i.ctrl_fsm_ns$1329
    39/321: $u_core.id_stage_i.controller_i.trap_addr_mux_o$1325
    40/321: $u_core.id_stage_i.controller_i.exc_pc_mux_o$1324
    41/321: $u_core.id_stage_i.controller_i.pc_mux_o$1323
    42/321: $u_core.id_stage_i.controller_i.pc_set_o$1322
    43/321: $u_core.id_stage_i.controller_i.ctrl_fsm_ns$1294
    44/321: $u_core.id_stage_i.controller_i.debug_force_wakeup_n$1331
    45/321: $u_core.id_stage_i.controller_i.illegal_insn_n$1330
    46/321: $u_core.id_stage_i.controller_i.csr_restore_dret_id_o$1328
    47/321: $u_core.id_stage_i.controller_i.csr_restore_uret_id_o$1327
    48/321: $u_core.id_stage_i.controller_i.csr_restore_mret_id_o$1326
    49/321: $u_core.id_stage_i.controller_i.trap_addr_mux_o$1335
    50/321: $u_core.id_stage_i.controller_i.exc_pc_mux_o$1334
    51/321: $u_core.id_stage_i.controller_i.pc_mux_o$1333
    52/321: $u_core.id_stage_i.controller_i.pc_set_o$1332
    53/321: $u_core.id_stage_i.controller_i.debug_force_wakeup_n$1342
    54/321: $u_core.id_stage_i.controller_i.illegal_insn_n$1341
    55/321: $u_core.id_stage_i.controller_i.ctrl_fsm_ns$1340
    56/321: $u_core.id_stage_i.controller_i.csr_restore_dret_id_o$1339
    57/321: $u_core.id_stage_i.controller_i.csr_restore_uret_id_o$1338
    58/321: $u_core.id_stage_i.controller_i.csr_restore_mret_id_o$1337
    59/321: $u_core.id_stage_i.controller_i.exc_cause_o$1336
    60/321: $u_core.id_stage_i.controller_i.exc_cause_o$1347
    61/321: $u_core.id_stage_i.controller_i.trap_addr_mux_o$1346
    62/321: $u_core.id_stage_i.controller_i.exc_pc_mux_o$1345
    63/321: $u_core.id_stage_i.controller_i.pc_mux_o$1344
    64/321: $u_core.id_stage_i.controller_i.pc_set_o$1343
    65/321: $u_core.id_stage_i.controller_i.debug_force_wakeup_n$1353
    66/321: $u_core.id_stage_i.controller_i.illegal_insn_n$1352
    67/321: $u_core.id_stage_i.controller_i.ctrl_fsm_ns$1351
    68/321: $u_core.id_stage_i.controller_i.csr_restore_dret_id_o$1350
    69/321: $u_core.id_stage_i.controller_i.csr_restore_uret_id_o$1349
    70/321: $u_core.id_stage_i.controller_i.csr_restore_mret_id_o$1348
    71/321: $u_core.id_stage_i.controller_i.csr_save_cause_o$1274
    72/321: $u_core.id_stage_i.controller_i.csr_cause_o$1273
    73/321: $u_core.id_stage_i.controller_i.csr_save_id_o$1272
    74/321: $u_core.id_stage_i.controller_i.csr_save_cause_o$1277
    75/321: $u_core.id_stage_i.controller_i.csr_cause_o$1276
    76/321: $u_core.id_stage_i.controller_i.csr_save_id_o$1275
    77/321: $u_core.id_stage_i.controller_i.ctrl_fsm_ns$1281
    78/321: $u_core.id_stage_i.controller_i.csr_save_cause_o$1280
    79/321: $u_core.id_stage_i.controller_i.csr_cause_o$1279
    80/321: $u_core.id_stage_i.controller_i.csr_save_id_o$1278
    81/321: $u_core.id_stage_i.controller_i.ctrl_fsm_ns$1287
    82/321: $u_core.id_stage_i.controller_i.csr_save_cause_o$1286
    83/321: $u_core.id_stage_i.controller_i.csr_cause_o$1285
    84/321: $u_core.id_stage_i.controller_i.illegal_insn_n$1288
    85/321: $u_core.id_stage_i.controller_i.csr_save_ex_o$1284
    86/321: $u_core.id_stage_i.controller_i.csr_save_id_o$1283
    87/321: $u_core.id_stage_i.controller_i.data_err_ack_o$1282
    88/321: $u_core.id_stage_i.controller_i.is_decoding_o$1176
    89/321: $u_core.id_stage_i.controller_i.ctrl_fsm_ns$1133
    90/321: $u_core.id_stage_i.controller_i.ctrl_fsm_ns$1134
    91/321: $u_core.id_stage_i.controller_i.ctrl_fsm_ns$1136
    92/321: $u_core.id_stage_i.controller_i.halt_if_o$1135
    93/321: $u_core.id_stage_i.controller_i.hwlp_dec_cnt_o[1]$1111
    94/321: $u_core.id_stage_i.controller_i.hwlp_dec_cnt_o[0]$1109
    95/321: $u_core.id_stage_i.controller_i.jump_done$1098
    96/321: $u_core.id_stage_i.controller_i.hwlp_dec_cnt_o[1]$1097
    97/321: $u_core.id_stage_i.controller_i.pc_set_o$1096
    98/321: $u_core.id_stage_i.controller_i.jump_done$1102
    99/321: $u_core.id_stage_i.controller_i.hwlp_dec_cnt_o[1]$1101
   100/321: $u_core.id_stage_i.controller_i.pc_mux_o$1100
   101/321: $u_core.id_stage_i.controller_i.pc_set_o$1099
   102/321: $u_core.id_stage_i.controller_i.jump_done$1089
   103/321: $u_core.id_stage_i.controller_i.hwlp_dec_cnt_o[0]$1088
   104/321: $u_core.id_stage_i.controller_i.pc_set_o$1087
   105/321: $u_core.id_stage_i.controller_i.jump_done$1093
   106/321: $u_core.id_stage_i.controller_i.hwlp_dec_cnt_o[0]$1092
   107/321: $u_core.id_stage_i.controller_i.pc_mux_o$1091
   108/321: $u_core.id_stage_i.controller_i.pc_set_o$1090
   109/321: $u_core.id_stage_i.controller_i.jump_done$1107
   110/321: $u_core.id_stage_i.controller_i.ctrl_fsm_ns$1106
   111/321: $u_core.id_stage_i.controller_i.hwlp_dec_cnt_o$1105
   112/321: $u_core.id_stage_i.controller_i.pc_mux_o$1104
   113/321: $u_core.id_stage_i.controller_i.pc_set_o$1103
   114/321: $u_core.id_stage_i.controller_i.hwlp_dec_cnt_o[1]$1079
   115/321: $u_core.id_stage_i.controller_i.hwlp_dec_cnt_o[0]$1078
   116/321: $u_core.id_stage_i.controller_i.ctrl_fsm_ns$1081
   117/321: $u_core.id_stage_i.controller_i.hwlp_dec_cnt_o$1080
   118/321: $u_core.id_stage_i.controller_i.ctrl_fsm_ns$1069
   119/321: $u_core.id_stage_i.controller_i.ctrl_fsm_ns$1070
   120/321: $u_core.id_stage_i.controller_i.jump_done$1067
   121/321: $u_core.id_stage_i.controller_i.pc_set_o$1066
   122/321: $u_core.id_stage_i.controller_i.jump_done$1118
   123/321: $u_core.id_stage_i.controller_i.ctrl_fsm_ns$1117
   124/321: $u_core.id_stage_i.controller_i.halt_id_o$1116
   125/321: $u_core.id_stage_i.controller_i.halt_if_o$1115
   126/321: $u_core.id_stage_i.controller_i.hwlp_dec_cnt_o$1114
   127/321: $u_core.id_stage_i.controller_i.pc_mux_o$1113
   128/321: $u_core.id_stage_i.controller_i.pc_set_o$1112
   129/321: $u_core.id_stage_i.controller_i.ctrl_fsm_ns$1124
   130/321: $u_core.id_stage_i.controller_i.halt_id_o$1123
   131/321: $u_core.id_stage_i.controller_i.halt_if_o$1122
   132/321: $u_core.id_stage_i.controller_i.illegal_insn_n$1126
   133/321: $u_core.id_stage_i.controller_i.jump_done$1125
   134/321: $u_core.id_stage_i.controller_i.hwlp_dec_cnt_o$1121
   135/321: $u_core.id_stage_i.controller_i.pc_mux_o$1120
   136/321: $u_core.id_stage_i.controller_i.pc_set_o$1119
   137/321: $u_core.id_stage_i.controller_i.halt_id_o$1152
   138/321: $u_core.id_stage_i.controller_i.halt_if_o$1151
   139/321: $u_core.id_stage_i.controller_i.pc_mux_o$1140
   140/321: $u_core.id_stage_i.controller_i.pc_set_o$1139
   141/321: $u_core.id_stage_i.controller_i.trap_addr_mux_o$1061
   142/321: $u_core.id_stage_i.controller_i.illegal_insn_n$1155
   143/321: $u_core.id_stage_i.controller_i.jump_done$1154
   144/321: $u_core.id_stage_i.controller_i.ctrl_fsm_ns$1153
   145/321: $u_core.id_stage_i.controller_i.csr_save_cause_o$1150
   146/321: $u_core.id_stage_i.controller_i.csr_irq_sec_o$1149
   147/321: $u_core.id_stage_i.controller_i.csr_cause_o$1148
   148/321: $u_core.id_stage_i.controller_i.csr_save_id_o$1147
   149/321: $u_core.id_stage_i.controller_i.exc_cause_o$1146
   150/321: $u_core.id_stage_i.controller_i.irq_id_o$1145
   151/321: $u_core.id_stage_i.controller_i.irq_ack_o$1144
   152/321: $u_core.id_stage_i.controller_i.hwlp_dec_cnt_o$1143
   153/321: $u_core.id_stage_i.controller_i.trap_addr_mux_o$1142
   154/321: $u_core.id_stage_i.controller_i.exc_pc_mux_o$1141
   155/321: $u_core.id_stage_i.controller_i.hwlp_mask_o$1138
   156/321: $u_core.id_stage_i.controller_i.is_decoding_o$1137
   157/321: $u_core.id_stage_i.controller_i.ctrl_fsm_ns$1172
   158/321: $u_core.id_stage_i.controller_i.halt_id_o$1171
   159/321: $u_core.id_stage_i.controller_i.halt_if_o$1170
   160/321: $u_core.id_stage_i.controller_i.is_decoding_o$1156
   161/321: $u_core.id_stage_i.controller_i.debug_req_entry_n$1175
   162/321: $u_core.id_stage_i.controller_i.illegal_insn_n$1174
   163/321: $u_core.id_stage_i.controller_i.jump_done$1173
   164/321: $u_core.id_stage_i.controller_i.csr_save_cause_o$1169
   165/321: $u_core.id_stage_i.controller_i.csr_irq_sec_o$1168
   166/321: $u_core.id_stage_i.controller_i.csr_cause_o$1167
   167/321: $u_core.id_stage_i.controller_i.csr_save_id_o$1166
   168/321: $u_core.id_stage_i.controller_i.exc_cause_o$1165
   169/321: $u_core.id_stage_i.controller_i.irq_id_o$1164
   170/321: $u_core.id_stage_i.controller_i.irq_ack_o$1163
   171/321: $u_core.id_stage_i.controller_i.hwlp_dec_cnt_o$1162
   172/321: $u_core.id_stage_i.controller_i.trap_addr_mux_o$1161
   173/321: $u_core.id_stage_i.controller_i.exc_pc_mux_o$1160
   174/321: $u_core.id_stage_i.controller_i.pc_mux_o$1159
   175/321: $u_core.id_stage_i.controller_i.pc_set_o$1158
   176/321: $u_core.id_stage_i.controller_i.hwlp_mask_o$1157
   177/321: $u_core.id_stage_i.controller_i.debug_req_entry_n$1196
   178/321: $u_core.id_stage_i.controller_i.illegal_insn_n$1195
   179/321: $u_core.id_stage_i.controller_i.jump_done$1194
   180/321: $u_core.id_stage_i.controller_i.ctrl_fsm_ns$1193
   181/321: $u_core.id_stage_i.controller_i.perf_pipeline_stall_o$1192
   182/321: $u_core.id_stage_i.controller_i.halt_id_o$1191
   183/321: $u_core.id_stage_i.controller_i.halt_if_o$1190
   184/321: $u_core.id_stage_i.controller_i.csr_save_cause_o$1189
   185/321: $u_core.id_stage_i.controller_i.csr_irq_sec_o$1188
   186/321: $u_core.id_stage_i.controller_i.csr_cause_o$1187
   187/321: $u_core.id_stage_i.controller_i.csr_save_id_o$1186
   188/321: $u_core.id_stage_i.controller_i.exc_cause_o$1185
   189/321: $u_core.id_stage_i.controller_i.irq_id_o$1184
   190/321: $u_core.id_stage_i.controller_i.irq_ack_o$1183
   191/321: $u_core.id_stage_i.controller_i.hwlp_dec_cnt_o$1182
   192/321: $u_core.id_stage_i.controller_i.trap_addr_mux_o$1181
   193/321: $u_core.id_stage_i.controller_i.exc_pc_mux_o$1180
   194/321: $u_core.id_stage_i.controller_i.pc_mux_o$1179
   195/321: $u_core.id_stage_i.controller_i.pc_set_o$1178
   196/321: $u_core.id_stage_i.controller_i.hwlp_mask_o$1177
   197/321: $u_core.id_stage_i.controller_i.ctrl_fsm_ns$1215
   198/321: $u_core.id_stage_i.controller_i.halt_id_o$1213
   199/321: $u_core.id_stage_i.controller_i.halt_if_o$1212
   200/321: $u_core.id_stage_i.controller_i.csr_save_cause_o$1211
   201/321: $u_core.id_stage_i.controller_i.csr_cause_o$1209
   202/321: $u_core.id_stage_i.controller_i.is_decoding_o$1197
   203/321: $u_core.id_stage_i.controller_i.debug_req_entry_n$1218
   204/321: $u_core.id_stage_i.controller_i.illegal_insn_n$1217
   205/321: $u_core.id_stage_i.controller_i.jump_done$1216
   206/321: $u_core.id_stage_i.controller_i.perf_pipeline_stall_o$1214
   207/321: $u_core.id_stage_i.controller_i.csr_irq_sec_o$1210
   208/321: $u_core.id_stage_i.controller_i.csr_save_id_o$1208
   209/321: $u_core.id_stage_i.controller_i.csr_save_if_o$1207
   210/321: $u_core.id_stage_i.controller_i.exc_cause_o$1206
   211/321: $u_core.id_stage_i.controller_i.irq_id_o$1205
   212/321: $u_core.id_stage_i.controller_i.irq_ack_o$1204
   213/321: $u_core.id_stage_i.controller_i.hwlp_dec_cnt_o$1203
   214/321: $u_core.id_stage_i.controller_i.trap_addr_mux_o$1202
   215/321: $u_core.id_stage_i.controller_i.exc_pc_mux_o$1201
   216/321: $u_core.id_stage_i.controller_i.pc_mux_o$1200
   217/321: $u_core.id_stage_i.controller_i.pc_set_o$1199
   218/321: $u_core.id_stage_i.controller_i.hwlp_mask_o$1198
   219/321: $u_core.id_stage_i.controller_i.ctrl_fsm_ns$1239
   220/321: $u_core.id_stage_i.controller_i.halt_id_o$1237
   221/321: $u_core.id_stage_i.controller_i.halt_if_o$1236
   222/321: $u_core.id_stage_i.controller_i.csr_save_cause_o$1235
   223/321: $u_core.id_stage_i.controller_i.csr_cause_o$1233
   224/321: $u_core.id_stage_i.controller_i.is_decoding_o$1219
   225/321: $u_core.id_stage_i.controller_i.debug_req_entry_n$1242
   226/321: $u_core.id_stage_i.controller_i.illegal_insn_n$1241
   227/321: $u_core.id_stage_i.controller_i.jump_done$1240
   228/321: $u_core.id_stage_i.controller_i.perf_pipeline_stall_o$1238
   229/321: $u_core.id_stage_i.controller_i.csr_irq_sec_o$1234
   230/321: $u_core.id_stage_i.controller_i.csr_save_ex_o$1232
   231/321: $u_core.id_stage_i.controller_i.csr_save_id_o$1231
   232/321: $u_core.id_stage_i.controller_i.csr_save_if_o$1230
   233/321: $u_core.id_stage_i.controller_i.exc_cause_o$1229
   234/321: $u_core.id_stage_i.controller_i.irq_id_o$1228
   235/321: $u_core.id_stage_i.controller_i.irq_ack_o$1227
   236/321: $u_core.id_stage_i.controller_i.data_err_ack_o$1226
   237/321: $u_core.id_stage_i.controller_i.hwlp_dec_cnt_o$1225
   238/321: $u_core.id_stage_i.controller_i.trap_addr_mux_o$1224
   239/321: $u_core.id_stage_i.controller_i.exc_pc_mux_o$1223
   240/321: $u_core.id_stage_i.controller_i.pc_mux_o$1222
   241/321: $u_core.id_stage_i.controller_i.pc_set_o$1221
   242/321: $u_core.id_stage_i.controller_i.hwlp_mask_o$1220
   243/321: $u_core.id_stage_i.controller_i.pc_mux_o$1246
   244/321: $u_core.id_stage_i.controller_i.pc_set_o$1245
   245/321: $u_core.id_stage_i.controller_i.is_decoding_o$1243
   246/321: $u_core.id_stage_i.controller_i.debug_req_entry_n$1266
   247/321: $u_core.id_stage_i.controller_i.illegal_insn_n$1265
   248/321: $u_core.id_stage_i.controller_i.jump_done$1264
   249/321: $u_core.id_stage_i.controller_i.ctrl_fsm_ns$1263
   250/321: $u_core.id_stage_i.controller_i.perf_pipeline_stall_o$1262
   251/321: $u_core.id_stage_i.controller_i.halt_id_o$1261
   252/321: $u_core.id_stage_i.controller_i.halt_if_o$1260
   253/321: $u_core.id_stage_i.controller_i.csr_save_cause_o$1259
   254/321: $u_core.id_stage_i.controller_i.csr_irq_sec_o$1258
   255/321: $u_core.id_stage_i.controller_i.csr_cause_o$1257
   256/321: $u_core.id_stage_i.controller_i.csr_save_ex_o$1256
   257/321: $u_core.id_stage_i.controller_i.csr_save_id_o$1255
   258/321: $u_core.id_stage_i.controller_i.csr_save_if_o$1254
   259/321: $u_core.id_stage_i.controller_i.exc_cause_o$1253
   260/321: $u_core.id_stage_i.controller_i.irq_id_o$1252
   261/321: $u_core.id_stage_i.controller_i.irq_ack_o$1251
   262/321: $u_core.id_stage_i.controller_i.data_err_ack_o$1250
   263/321: $u_core.id_stage_i.controller_i.hwlp_dec_cnt_o$1249
   264/321: $u_core.id_stage_i.controller_i.trap_addr_mux_o$1248
   265/321: $u_core.id_stage_i.controller_i.exc_pc_mux_o$1247
   266/321: $u_core.id_stage_i.controller_i.hwlp_mask_o$1244
   267/321: $u_core.id_stage_i.controller_i.trap_addr_mux_o$1038
   268/321: $u_core.id_stage_i.controller_i.halt_id_o$1051
   269/321: $u_core.id_stage_i.controller_i.halt_if_o$1050
   270/321: $u_core.id_stage_i.controller_i.csr_save_cause_o$1049
   271/321: $u_core.id_stage_i.controller_i.csr_irq_sec_o$1048
   272/321: $u_core.id_stage_i.controller_i.csr_cause_o$1047
   273/321: $u_core.id_stage_i.controller_i.csr_save_if_o$1046
   274/321: $u_core.id_stage_i.controller_i.exc_cause_o$1045
   275/321: $u_core.id_stage_i.controller_i.irq_id_o$1044
   276/321: $u_core.id_stage_i.controller_i.irq_ack_o$1043
   277/321: $u_core.id_stage_i.controller_i.trap_addr_mux_o$1042
   278/321: $u_core.id_stage_i.controller_i.exc_pc_mux_o$1041
   279/321: $u_core.id_stage_i.controller_i.pc_mux_o$1040
   280/321: $u_core.id_stage_i.controller_i.pc_set_o$1039
   281/321: $u_core.id_stage_i.controller_i.ctrl_fsm_ns$1028
   282/321: $u_core.id_stage_i.controller_i.debug_force_wakeup_n$1029
   283/321: $u_core.id_stage_i.controller_i.debug_force_wakeup_n$1032
   284/321: $u_core.id_stage_i.controller_i.ctrl_fsm_ns$1031
   285/321: $u_core.id_stage_i.controller_i.ctrl_busy_o$1030
   286/321: $u_core.id_stage_i.controller_i.ctrl_fsm_ns$1026
   287/321: $u_core.id_stage_i.controller_i.debug_force_wakeup_n$1027
   288/321: $u_core.id_stage_i.controller_i.ctrl_fsm_ns$1025
   289/321: $u_core.id_stage_i.controller_i.debug_force_wakeup_n$1420
   290/321: $u_core.id_stage_i.controller_i.debug_req_entry_n$1419
   291/321: $u_core.id_stage_i.controller_i.illegal_insn_n$1418
   292/321: $u_core.id_stage_i.controller_i.debug_mode_n$1417
   293/321: $u_core.id_stage_i.controller_i.jump_done$1416
   294/321: $u_core.id_stage_i.controller_i.ctrl_fsm_ns$1415
   295/321: $u_core.id_stage_i.controller_i.perf_pipeline_stall_o$1414
   296/321: $u_core.id_stage_i.controller_i.halt_id_o$1413
   297/321: $u_core.id_stage_i.controller_i.halt_if_o$1412
   298/321: $u_core.id_stage_i.controller_i.csr_save_cause_o$1411
   299/321: $u_core.id_stage_i.controller_i.csr_restore_dret_id_o$1410
   300/321: $u_core.id_stage_i.controller_i.csr_restore_uret_id_o$1409
   301/321: $u_core.id_stage_i.controller_i.csr_restore_mret_id_o$1408
   302/321: $u_core.id_stage_i.controller_i.csr_irq_sec_o$1407
   303/321: $u_core.id_stage_i.controller_i.csr_cause_o$1406
   304/321: $u_core.id_stage_i.controller_i.csr_save_ex_o$1405
   305/321: $u_core.id_stage_i.controller_i.csr_save_id_o$1404
   306/321: $u_core.id_stage_i.controller_i.csr_save_if_o$1403
   307/321: $u_core.id_stage_i.controller_i.debug_csr_save_o$1402
   308/321: $u_core.id_stage_i.controller_i.debug_cause_o$1401
   309/321: $u_core.id_stage_i.controller_i.exc_cause_o$1400
   310/321: $u_core.id_stage_i.controller_i.irq_id_o$1399
   311/321: $u_core.id_stage_i.controller_i.irq_ack_o$1398
   312/321: $u_core.id_stage_i.controller_i.data_err_ack_o$1397
   313/321: $u_core.id_stage_i.controller_i.hwlp_dec_cnt_o$1396
   314/321: $u_core.id_stage_i.controller_i.trap_addr_mux_o$1395
   315/321: $u_core.id_stage_i.controller_i.exc_pc_mux_o$1394
   316/321: $u_core.id_stage_i.controller_i.pc_mux_o$1393
   317/321: $u_core.id_stage_i.controller_i.pc_set_o$1392
   318/321: $u_core.id_stage_i.controller_i.instr_req_o$1391
   319/321: $u_core.id_stage_i.controller_i.hwlp_mask_o$1390
   320/321: $u_core.id_stage_i.controller_i.is_decoding_o$1389
   321/321: $u_core.id_stage_i.controller_i.ctrl_busy_o$1388
Creating decoders for process `\soc_top.$791'.
     1/183: $u_core.id_stage_i.decoder_i.illegal_insn_o$998
     2/183: $u_core.id_stage_i.decoder_i.csr_illegal$937
     3/183: $u_core.id_stage_i.decoder_i.csr_status_o$936
     4/183: $u_core.id_stage_i.decoder_i.csr_illegal$935
     5/183: $u_core.id_stage_i.decoder_i.csr_illegal$934
     6/183: $u_core.id_stage_i.decoder_i.csr_illegal$933
     7/183: $u_core.id_stage_i.decoder_i.csr_status_o$932
     8/183: $u_core.id_stage_i.decoder_i.csr_illegal$931
     9/183: $u_core.id_stage_i.decoder_i.csr_illegal$930
    10/183: $u_core.id_stage_i.decoder_i.csr_illegal$929
    11/183: $u_core.id_stage_i.decoder_i.csr_status_o$928
    12/183: $u_core.id_stage_i.decoder_i.csr_illegal$926
    13/183: $u_core.id_stage_i.decoder_i.csr_status_o$925
    14/183: $u_core.id_stage_i.decoder_i.csr_illegal$924
    15/183: $u_core.id_stage_i.decoder_i.csr_status_o$923
    16/183: $u_core.id_stage_i.decoder_i.csr_illegal$920
    17/183: $u_core.id_stage_i.decoder_i.csr_illegal$918
    18/183: $u_core.id_stage_i.decoder_i.csr_status_o$917
    19/183: $u_core.id_stage_i.decoder_i.csr_illegal$914
    20/183: $u_core.id_stage_i.decoder_i.csr_illegal$939
    21/183: $u_core.id_stage_i.decoder_i.csr_status_o$938
    22/183: $u_core.id_stage_i.decoder_i.csr_illegal$913
    23/183: $u_core.id_stage_i.decoder_i.csr_op$911
    24/183: $u_core.id_stage_i.decoder_i.csr_illegal$910
    25/183: $u_core.id_stage_i.decoder_i.alu_op_a_mux_sel_o$905
    26/183: $u_core.id_stage_i.decoder_i.rega_used_o$904
    27/183: $u_core.id_stage_i.decoder_i.imm_b_mux_sel_o$955
    28/183: $u_core.id_stage_i.decoder_i.alu_op_b_mux_sel_o$953
    29/183: $u_core.id_stage_i.decoder_i.illegal_insn_o$940
    30/183: $u_core.id_stage_i.decoder_i.illegal_insn_o$890
    31/183: $u_core.id_stage_i.decoder_i.imm_b_mux_sel_o$876
    32/183: $u_core.id_stage_i.decoder_i.alu_op_b_mux_sel_o$875
    33/183: $u_core.id_stage_i.decoder_i.alu_operator_o$874
    34/183: $u_core.id_stage_i.decoder_i.imm_b_mux_sel_o$889
    35/183: $u_core.id_stage_i.decoder_i.alu_op_b_mux_sel_o$888
    36/183: $u_core.id_stage_i.decoder_i.alu_operator_o$887
    37/183: $u_core.id_stage_i.decoder_i.wfi_o$886
    38/183: $u_core.id_stage_i.decoder_i.ecall_insn_o$885
    39/183: $u_core.id_stage_i.decoder_i.dret_dec_o$884
    40/183: $u_core.id_stage_i.decoder_i.uret_dec_o$883
    41/183: $u_core.id_stage_i.decoder_i.mret_dec_o$882
    42/183: $u_core.id_stage_i.decoder_i.dret_insn_o$881
    43/183: $u_core.id_stage_i.decoder_i.uret_insn_o$880
    44/183: $u_core.id_stage_i.decoder_i.mret_insn_o$879
    45/183: $u_core.id_stage_i.decoder_i.ebrk_insn_o$878
    46/183: $u_core.id_stage_i.decoder_i.illegal_insn_o$877
    47/183: $u_core.id_stage_i.decoder_i.imm_b_mux_sel_o$902
    48/183: $u_core.id_stage_i.decoder_i.alu_op_b_mux_sel_o$901
    49/183: $u_core.id_stage_i.decoder_i.alu_operator_o$900
    50/183: $u_core.id_stage_i.decoder_i.wfi_o$899
    51/183: $u_core.id_stage_i.decoder_i.ecall_insn_o$898
    52/183: $u_core.id_stage_i.decoder_i.dret_dec_o$897
    53/183: $u_core.id_stage_i.decoder_i.uret_dec_o$896
    54/183: $u_core.id_stage_i.decoder_i.mret_dec_o$895
    55/183: $u_core.id_stage_i.decoder_i.dret_insn_o$894
    56/183: $u_core.id_stage_i.decoder_i.uret_insn_o$893
    57/183: $u_core.id_stage_i.decoder_i.mret_insn_o$892
    58/183: $u_core.id_stage_i.decoder_i.ebrk_insn_o$891
    59/183: $u_core.id_stage_i.decoder_i.csr_op$960
    60/183: $u_core.id_stage_i.decoder_i.csr_illegal$959
    61/183: $u_core.id_stage_i.decoder_i.regfile_alu_we$958
    62/183: $u_core.id_stage_i.decoder_i.csr_status_o$957
    63/183: $u_core.id_stage_i.decoder_i.csr_access_o$956
    64/183: $u_core.id_stage_i.decoder_i.imm_a_mux_sel_o$954
    65/183: $u_core.id_stage_i.decoder_i.alu_op_a_mux_sel_o$952
    66/183: $u_core.id_stage_i.decoder_i.alu_operator_o$951
    67/183: $u_core.id_stage_i.decoder_i.rega_used_o$950
    68/183: $u_core.id_stage_i.decoder_i.wfi_o$949
    69/183: $u_core.id_stage_i.decoder_i.ecall_insn_o$948
    70/183: $u_core.id_stage_i.decoder_i.dret_dec_o$947
    71/183: $u_core.id_stage_i.decoder_i.uret_dec_o$946
    72/183: $u_core.id_stage_i.decoder_i.mret_dec_o$945
    73/183: $u_core.id_stage_i.decoder_i.dret_insn_o$944
    74/183: $u_core.id_stage_i.decoder_i.uret_insn_o$943
    75/183: $u_core.id_stage_i.decoder_i.mret_insn_o$942
    76/183: $u_core.id_stage_i.decoder_i.ebrk_insn_o$941
    77/183: $u_core.id_stage_i.decoder_i.fencei_insn_o$870
    78/183: $u_core.id_stage_i.decoder_i.illegal_insn_o$869
    79/183: $u_core.id_stage_i.decoder_i.illegal_insn_o$868
    80/183: $u_core.id_stage_i.decoder_i.illegal_insn_o$867
    81/183: $u_core.id_stage_i.decoder_i.illegal_insn_o$866
    82/183: $u_core.id_stage_i.decoder_i.illegal_insn_o$865
    83/183: $u_core.id_stage_i.decoder_i.illegal_insn_o$864
    84/183: $u_core.id_stage_i.decoder_i.illegal_insn_o$863
    85/183: $u_core.id_stage_i.decoder_i.illegal_insn_o$862
    86/183: $u_core.id_stage_i.decoder_i.illegal_insn_o$861
    87/183: $u_core.id_stage_i.decoder_i.illegal_insn_o$860
    88/183: $u_core.id_stage_i.decoder_i.mult_int_en$833
    89/183: $u_core.id_stage_i.decoder_i.alu_en$832
    90/183: $u_core.id_stage_i.decoder_i.mult_signed_mode_o$831
    91/183: $u_core.id_stage_i.decoder_i.mult_operator_o$830
    92/183: $u_core.id_stage_i.decoder_i.regc_mux_o$829
    93/183: $u_core.id_stage_i.decoder_i.alu_op_b_mux_sel_o$828
    94/183: $u_core.id_stage_i.decoder_i.alu_op_a_mux_sel_o$827
    95/183: $u_core.id_stage_i.decoder_i.alu_operator_o$826
    96/183: $u_core.id_stage_i.decoder_i.regc_used_o$825
    97/183: $u_core.id_stage_i.decoder_i.regb_used_o$824
    98/183: $u_core.id_stage_i.decoder_i.illegal_insn_o$823
    99/183: $u_core.id_stage_i.decoder_i.regb_used_o$822
   100/183: $u_core.id_stage_i.decoder_i.illegal_insn_o$834
   101/183: $u_core.id_stage_i.decoder_i.illegal_insn_o$819
   102/183: $u_core.id_stage_i.decoder_i.illegal_insn_o$820
   103/183: $u_core.id_stage_i.decoder_i.mult_int_en$846
   104/183: $u_core.id_stage_i.decoder_i.alu_en$845
   105/183: $u_core.id_stage_i.decoder_i.regfile_alu_we$844
   106/183: $u_core.id_stage_i.decoder_i.mult_signed_mode_o$843
   107/183: $u_core.id_stage_i.decoder_i.mult_operator_o$842
   108/183: $u_core.id_stage_i.decoder_i.regc_mux_o$841
   109/183: $u_core.id_stage_i.decoder_i.alu_op_b_mux_sel_o$840
   110/183: $u_core.id_stage_i.decoder_i.alu_op_a_mux_sel_o$839
   111/183: $u_core.id_stage_i.decoder_i.alu_operator_o$838
   112/183: $u_core.id_stage_i.decoder_i.regc_used_o$837
   113/183: $u_core.id_stage_i.decoder_i.regb_used_o$836
   114/183: $u_core.id_stage_i.decoder_i.rega_used_o$835
   115/183: $u_core.id_stage_i.decoder_i.illegal_insn_o$847
   116/183: $u_core.id_stage_i.decoder_i.mult_int_en$859
   117/183: $u_core.id_stage_i.decoder_i.alu_en$858
   118/183: $u_core.id_stage_i.decoder_i.regfile_alu_we$857
   119/183: $u_core.id_stage_i.decoder_i.mult_signed_mode_o$856
   120/183: $u_core.id_stage_i.decoder_i.mult_operator_o$855
   121/183: $u_core.id_stage_i.decoder_i.regc_mux_o$854
   122/183: $u_core.id_stage_i.decoder_i.alu_op_b_mux_sel_o$853
   123/183: $u_core.id_stage_i.decoder_i.alu_op_a_mux_sel_o$852
   124/183: $u_core.id_stage_i.decoder_i.alu_operator_o$851
   125/183: $u_core.id_stage_i.decoder_i.regc_used_o$850
   126/183: $u_core.id_stage_i.decoder_i.regb_used_o$849
   127/183: $u_core.id_stage_i.decoder_i.rega_used_o$848
   128/183: $u_core.id_stage_i.decoder_i.alu_operator_o$811
   129/183: $u_core.id_stage_i.decoder_i.illegal_insn_o$810
   130/183: $u_core.id_stage_i.decoder_i.alu_operator_o$813
   131/183: $u_core.id_stage_i.decoder_i.illegal_insn_o$812
   132/183: $u_core.id_stage_i.decoder_i.illegal_insn_o$807
   133/183: $u_core.id_stage_i.decoder_i.alu_operator_o$815
   134/183: $u_core.id_stage_i.decoder_i.illegal_insn_o$814
   135/183: $u_core.id_stage_i.decoder_i.illegal_insn_o$805
   136/183: $u_core.id_stage_i.decoder_i.data_type_o$804
   137/183: $u_core.id_stage_i.decoder_i.illegal_insn_o$803
   138/183: $u_core.id_stage_i.decoder_i.data_req$801
   139/183: $u_core.id_stage_i.decoder_i.data_type_o$800
   140/183: $u_core.id_stage_i.decoder_i.data_we_o$799
   141/183: $u_core.id_stage_i.decoder_i.illegal_insn_o$798
   142/183: $u_core.id_stage_i.decoder_i.alu_operator_o$797
   143/183: $u_core.id_stage_i.decoder_i.illegal_insn_o$796
   144/183: $u_core.id_stage_i.decoder_i.ctrl_transfer_insn$795
   145/183: $u_core.id_stage_i.decoder_i.regfile_alu_we$794
   146/183: $u_core.id_stage_i.decoder_i.illegal_insn_o$793
   147/183: $u_core.id_stage_i.decoder_i.mult_int_en$997
   148/183: $u_core.id_stage_i.decoder_i.alu_en$996
   149/183: $u_core.id_stage_i.decoder_i.csr_op$995
   150/183: $u_core.id_stage_i.decoder_i.ctrl_transfer_insn$994
   151/183: $u_core.id_stage_i.decoder_i.csr_illegal$993
   152/183: $u_core.id_stage_i.decoder_i.data_req$992
   153/183: $u_core.id_stage_i.decoder_i.regfile_alu_we$991
   154/183: $u_core.id_stage_i.decoder_i.regfile_mem_we$990
   155/183: $u_core.id_stage_i.decoder_i.ctrl_transfer_target_mux_sel_o$989
   156/183: $u_core.id_stage_i.decoder_i.data_sign_extension_o$988
   157/183: $u_core.id_stage_i.decoder_i.data_type_o$987
   158/183: $u_core.id_stage_i.decoder_i.data_we_o$986
   159/183: $u_core.id_stage_i.decoder_i.csr_status_o$985
   160/183: $u_core.id_stage_i.decoder_i.csr_access_o$984
   161/183: $u_core.id_stage_i.decoder_i.mult_signed_mode_o$983
   162/183: $u_core.id_stage_i.decoder_i.mult_operator_o$982
   163/183: $u_core.id_stage_i.decoder_i.regc_mux_o$981
   164/183: $u_core.id_stage_i.decoder_i.imm_b_mux_sel_o$980
   165/183: $u_core.id_stage_i.decoder_i.imm_a_mux_sel_o$979
   166/183: $u_core.id_stage_i.decoder_i.alu_op_c_mux_sel_o$978
   167/183: $u_core.id_stage_i.decoder_i.alu_op_b_mux_sel_o$977
   168/183: $u_core.id_stage_i.decoder_i.alu_op_a_mux_sel_o$976
   169/183: $u_core.id_stage_i.decoder_i.alu_operator_o$975
   170/183: $u_core.id_stage_i.decoder_i.regc_used_o$974
   171/183: $u_core.id_stage_i.decoder_i.regb_used_o$973
   172/183: $u_core.id_stage_i.decoder_i.rega_used_o$972
   173/183: $u_core.id_stage_i.decoder_i.fencei_insn_o$971
   174/183: $u_core.id_stage_i.decoder_i.wfi_o$970
   175/183: $u_core.id_stage_i.decoder_i.ecall_insn_o$969
   176/183: $u_core.id_stage_i.decoder_i.dret_dec_o$968
   177/183: $u_core.id_stage_i.decoder_i.uret_dec_o$967
   178/183: $u_core.id_stage_i.decoder_i.mret_dec_o$966
   179/183: $u_core.id_stage_i.decoder_i.dret_insn_o$965
   180/183: $u_core.id_stage_i.decoder_i.uret_insn_o$964
   181/183: $u_core.id_stage_i.decoder_i.mret_insn_o$963
   182/183: $u_core.id_stage_i.decoder_i.ebrk_insn_o$962
   183/183: $u_core.id_stage_i.decoder_i.illegal_insn_o$961
Creating decoders for process `\soc_top.$784'.
     1/2: $u_core.id_stage_i.register_file_i.mem[1023:992]$789
     2/2: $u_core.id_stage_i.register_file_i.mem[1023:992]$790
Creating decoders for process `\soc_top.$777'.
     1/2: $u_core.id_stage_i.register_file_i.mem[991:960]$782
     2/2: $u_core.id_stage_i.register_file_i.mem[991:960]$783
Creating decoders for process `\soc_top.$770'.
     1/2: $u_core.id_stage_i.register_file_i.mem[959:928]$775
     2/2: $u_core.id_stage_i.register_file_i.mem[959:928]$776
Creating decoders for process `\soc_top.$763'.
     1/2: $u_core.id_stage_i.register_file_i.mem[927:896]$768
     2/2: $u_core.id_stage_i.register_file_i.mem[927:896]$769
Creating decoders for process `\soc_top.$756'.
     1/2: $u_core.id_stage_i.register_file_i.mem[895:864]$761
     2/2: $u_core.id_stage_i.register_file_i.mem[895:864]$762
Creating decoders for process `\soc_top.$749'.
     1/2: $u_core.id_stage_i.register_file_i.mem[863:832]$754
     2/2: $u_core.id_stage_i.register_file_i.mem[863:832]$755
Creating decoders for process `\soc_top.$742'.
     1/2: $u_core.id_stage_i.register_file_i.mem[831:800]$747
     2/2: $u_core.id_stage_i.register_file_i.mem[831:800]$748
Creating decoders for process `\soc_top.$735'.
     1/2: $u_core.id_stage_i.register_file_i.mem[799:768]$740
     2/2: $u_core.id_stage_i.register_file_i.mem[799:768]$741
Creating decoders for process `\soc_top.$728'.
     1/2: $u_core.id_stage_i.register_file_i.mem[767:736]$733
     2/2: $u_core.id_stage_i.register_file_i.mem[767:736]$734
Creating decoders for process `\soc_top.$721'.
     1/2: $u_core.id_stage_i.register_file_i.mem[735:704]$726
     2/2: $u_core.id_stage_i.register_file_i.mem[735:704]$727
Creating decoders for process `\soc_top.$714'.
     1/2: $u_core.id_stage_i.register_file_i.mem[703:672]$719
     2/2: $u_core.id_stage_i.register_file_i.mem[703:672]$720
Creating decoders for process `\soc_top.$707'.
     1/2: $u_core.id_stage_i.register_file_i.mem[671:640]$712
     2/2: $u_core.id_stage_i.register_file_i.mem[671:640]$713
Creating decoders for process `\soc_top.$700'.
     1/2: $u_core.id_stage_i.register_file_i.mem[639:608]$705
     2/2: $u_core.id_stage_i.register_file_i.mem[639:608]$706
Creating decoders for process `\soc_top.$693'.
     1/2: $u_core.id_stage_i.register_file_i.mem[607:576]$698
     2/2: $u_core.id_stage_i.register_file_i.mem[607:576]$699
Creating decoders for process `\soc_top.$686'.
     1/2: $u_core.id_stage_i.register_file_i.mem[575:544]$691
     2/2: $u_core.id_stage_i.register_file_i.mem[575:544]$692
Creating decoders for process `\soc_top.$679'.
     1/2: $u_core.id_stage_i.register_file_i.mem[543:512]$684
     2/2: $u_core.id_stage_i.register_file_i.mem[543:512]$685
Creating decoders for process `\soc_top.$672'.
     1/2: $u_core.id_stage_i.register_file_i.mem[511:480]$677
     2/2: $u_core.id_stage_i.register_file_i.mem[511:480]$678
Creating decoders for process `\soc_top.$665'.
     1/2: $u_core.id_stage_i.register_file_i.mem[479:448]$670
     2/2: $u_core.id_stage_i.register_file_i.mem[479:448]$671
Creating decoders for process `\soc_top.$658'.
     1/2: $u_core.id_stage_i.register_file_i.mem[447:416]$663
     2/2: $u_core.id_stage_i.register_file_i.mem[447:416]$664
Creating decoders for process `\soc_top.$651'.
     1/2: $u_core.id_stage_i.register_file_i.mem[415:384]$656
     2/2: $u_core.id_stage_i.register_file_i.mem[415:384]$657
Creating decoders for process `\soc_top.$644'.
     1/2: $u_core.id_stage_i.register_file_i.mem[383:352]$649
     2/2: $u_core.id_stage_i.register_file_i.mem[383:352]$650
Creating decoders for process `\soc_top.$637'.
     1/2: $u_core.id_stage_i.register_file_i.mem[351:320]$642
     2/2: $u_core.id_stage_i.register_file_i.mem[351:320]$643
Creating decoders for process `\soc_top.$630'.
     1/2: $u_core.id_stage_i.register_file_i.mem[319:288]$635
     2/2: $u_core.id_stage_i.register_file_i.mem[319:288]$636
Creating decoders for process `\soc_top.$623'.
     1/2: $u_core.id_stage_i.register_file_i.mem[287:256]$628
     2/2: $u_core.id_stage_i.register_file_i.mem[287:256]$629
Creating decoders for process `\soc_top.$616'.
     1/2: $u_core.id_stage_i.register_file_i.mem[255:224]$621
     2/2: $u_core.id_stage_i.register_file_i.mem[255:224]$622
Creating decoders for process `\soc_top.$609'.
     1/2: $u_core.id_stage_i.register_file_i.mem[223:192]$614
     2/2: $u_core.id_stage_i.register_file_i.mem[223:192]$615
Creating decoders for process `\soc_top.$602'.
     1/2: $u_core.id_stage_i.register_file_i.mem[191:160]$607
     2/2: $u_core.id_stage_i.register_file_i.mem[191:160]$608
Creating decoders for process `\soc_top.$595'.
     1/2: $u_core.id_stage_i.register_file_i.mem[159:128]$600
     2/2: $u_core.id_stage_i.register_file_i.mem[159:128]$601
Creating decoders for process `\soc_top.$588'.
     1/2: $u_core.id_stage_i.register_file_i.mem[127:96]$593
     2/2: $u_core.id_stage_i.register_file_i.mem[127:96]$594
Creating decoders for process `\soc_top.$581'.
     1/2: $u_core.id_stage_i.register_file_i.mem[95:64]$586
     2/2: $u_core.id_stage_i.register_file_i.mem[95:64]$587
Creating decoders for process `\soc_top.$574'.
     1/2: $u_core.id_stage_i.register_file_i.mem[63:32]$579
     2/2: $u_core.id_stage_i.register_file_i.mem[63:32]$580
Creating decoders for process `\soc_top.$5895'.
     1/9: $u_npu.u_npu_csr.s_axi_rvalid$5911
     2/9: $u_npu.u_npu_csr.s_axi_rdata$5905
     3/9: $u_npu.u_npu_csr.ar_valid_lat$5909
     4/9: $u_npu.u_npu_csr.s_axi_rvalid$5908
     5/9: $u_npu.u_npu_csr.s_axi_rresp$5907
     6/9: $u_npu.u_npu_csr.s_axi_rdata$5906
     7/9: $u_npu.u_npu_csr.s_axi_arready$5900
     8/9: $u_npu.u_npu_csr.ar_valid_lat$5902
     9/9: $u_npu.u_npu_csr.ar_addr_lat$5901
Creating decoders for process `\soc_top.$416'.
     1/1: $u_core.id_stage_i.mult_imm_id$417
Creating decoders for process `\soc_top.$414'.
     1/1: $u_core.id_stage_i.bmask_b_id$415
Creating decoders for process `\soc_top.$412'.
     1/1: $u_core.id_stage_i.bmask_a_id$413
Creating decoders for process `\soc_top.$410'.
     1/1: $u_core.id_stage_i.bmask_b_id_imm$411
Creating decoders for process `\soc_top.$408'.
     1/1: $u_core.id_stage_i.bmask_a_id_imm$409
Creating decoders for process `\soc_top.$406'.
     1/1: $u_core.id_stage_i.operand_c_fw_id$407
Creating decoders for process `\soc_top.$401'.
     1/1: $u_core.id_stage_i.operand_c_vec$403
Creating decoders for process `\soc_top.$399'.
     1/1: $u_core.id_stage_i.operand_c$400
Creating decoders for process `\soc_top.$397'.
     1/1: $u_core.id_stage_i.operand_b_fw_id$398
Creating decoders for process `\soc_top.$391'.
     1/2: $u_core.id_stage_i.operand_b_vec$394
     2/2: $u_core.id_stage_i.imm_shuffle_type$393
Creating decoders for process `\soc_top.$389'.
     1/1: $u_core.id_stage_i.operand_b$390
Creating decoders for process `\soc_top.$386'.
     1/1: $u_core.id_stage_i.imm_b$388
Creating decoders for process `\soc_top.$384'.
     1/1: $u_core.id_stage_i.operand_a_fw_id$385
Creating decoders for process `\soc_top.$382'.
     1/1: $u_core.id_stage_i.imm_a$383
Creating decoders for process `\soc_top.$380'.
     1/1: $u_core.id_stage_i.alu_operand_a$381
Creating decoders for process `\soc_top.$374'.
     1/1: $u_core.id_stage_i.jump_target$379
Creating decoders for process `\soc_top.$322'.
     1/1: $u_core.id_stage_i.regfile_addr_rc_id$323
Creating decoders for process `\soc_top.$256'.
     1/42: $u_core.if_stage_i.compressed_decoder_i.illegal_instr_o$314
     2/42: $u_core.if_stage_i.compressed_decoder_i.illegal_instr_o$313
     3/42: $u_core.if_stage_i.compressed_decoder_i.instr_o$309
     4/42: $u_core.if_stage_i.compressed_decoder_i.instr_o$310
     5/42: $u_core.if_stage_i.compressed_decoder_i.instr_o$307
     6/42: $u_core.if_stage_i.compressed_decoder_i.instr_o$311
     7/42: $u_core.if_stage_i.compressed_decoder_i.instr_o$302
     8/42: $u_core.if_stage_i.compressed_decoder_i.instr_o$303
     9/42: $u_core.if_stage_i.compressed_decoder_i.illegal_instr_o$300
    10/42: $u_core.if_stage_i.compressed_decoder_i.illegal_instr_o$304
    11/42: $u_core.if_stage_i.compressed_decoder_i.illegal_instr_o$312
    12/42: $u_core.if_stage_i.compressed_decoder_i.illegal_instr_o$296
    13/42: $u_core.if_stage_i.compressed_decoder_i.illegal_instr_o$295
    14/42: $u_core.if_stage_i.compressed_decoder_i.illegal_instr_o$293
    15/42: $u_core.if_stage_i.compressed_decoder_i.instr_o$290
    16/42: $u_core.if_stage_i.compressed_decoder_i.instr_o$291
    17/42: $u_core.if_stage_i.compressed_decoder_i.illegal_instr_o$292
    18/42: $u_core.if_stage_i.compressed_decoder_i.illegal_instr_o$316
    19/42: $u_core.if_stage_i.compressed_decoder_i.instr_o$315
    20/42: $u_core.if_stage_i.compressed_decoder_i.illegal_instr_o$281
    21/42: $u_core.if_stage_i.compressed_decoder_i.instr_o$280
    22/42: $u_core.if_stage_i.compressed_decoder_i.instr_o$282
    23/42: $u_core.if_stage_i.compressed_decoder_i.instr_o$277
    24/42: $u_core.if_stage_i.compressed_decoder_i.instr_o$278
    25/42: $u_core.if_stage_i.compressed_decoder_i.illegal_instr_o$279
    26/42: $u_core.if_stage_i.compressed_decoder_i.illegal_instr_o$283
    27/42: $u_core.if_stage_i.compressed_decoder_i.instr_o$271
    28/42: $u_core.if_stage_i.compressed_decoder_i.instr_o$272
    29/42: $u_core.if_stage_i.compressed_decoder_i.illegal_instr_o$274
    30/42: $u_core.if_stage_i.compressed_decoder_i.instr_o$273
    31/42: $u_core.if_stage_i.compressed_decoder_i.instr_o$267
    32/42: $u_core.if_stage_i.compressed_decoder_i.instr_o$284
    33/42: $u_core.if_stage_i.compressed_decoder_i.illegal_instr_o$285
    34/42: $u_core.if_stage_i.compressed_decoder_i.instr_o$317
    35/42: $u_core.if_stage_i.compressed_decoder_i.illegal_instr_o$262
    36/42: $u_core.if_stage_i.compressed_decoder_i.illegal_instr_o$261
    37/42: $u_core.if_stage_i.compressed_decoder_i.illegal_instr_o$260
    38/42: $u_core.if_stage_i.compressed_decoder_i.illegal_instr_o$259
    39/42: $u_core.if_stage_i.compressed_decoder_i.illegal_instr_o$258
    40/42: $u_core.if_stage_i.compressed_decoder_i.illegal_instr_o$264
    41/42: $u_core.if_stage_i.compressed_decoder_i.instr_o$263
    42/42: $u_core.if_stage_i.compressed_decoder_i.illegal_instr_o$318
Creating decoders for process `\soc_top.$205'.
     1/29: $u_core.if_stage_i.aligner_i.update_state$255
     2/29: $u_core.if_stage_i.aligner_i.pc_n$254
     3/29: $u_core.if_stage_i.aligner_i.next_state$253
     4/29: $u_core.if_stage_i.aligner_i.update_state$245
     5/29: $u_core.if_stage_i.aligner_i.pc_n$244
     6/29: $u_core.if_stage_i.aligner_i.next_state$243
     7/29: $u_core.if_stage_i.aligner_i.instr_aligned_o$241
     8/29: $u_core.if_stage_i.aligner_i.instr_valid_o$242
     9/29: $u_core.if_stage_i.aligner_i.update_state$237
    10/29: $u_core.if_stage_i.aligner_i.pc_n$236
    11/29: $u_core.if_stage_i.aligner_i.next_state$235
    12/29: $u_core.if_stage_i.aligner_i.instr_aligned_o$234
    13/29: $u_core.if_stage_i.aligner_i.update_state$224
    14/29: $u_core.if_stage_i.aligner_i.pc_n$223
    15/29: $u_core.if_stage_i.aligner_i.next_state$222
    16/29: $u_core.if_stage_i.aligner_i.instr_aligned_o$220
    17/29: $u_core.if_stage_i.aligner_i.instr_valid_o$221
    18/29: $u_core.if_stage_i.aligner_i.aligner_ready_o$219
    19/29: $u_core.if_stage_i.aligner_i.update_state$215
    20/29: $u_core.if_stage_i.aligner_i.pc_n$214
    21/29: $u_core.if_stage_i.aligner_i.next_state$213
    22/29: $u_core.if_stage_i.aligner_i.instr_aligned_o$212
    23/29: $u_core.if_stage_i.aligner_i.pc_n$210
    24/29: $u_core.if_stage_i.aligner_i.update_state$251
    25/29: $u_core.if_stage_i.aligner_i.pc_n$250
    26/29: $u_core.if_stage_i.aligner_i.next_state$249
    27/29: $u_core.if_stage_i.aligner_i.instr_valid_o$248
    28/29: $u_core.if_stage_i.aligner_i.instr_aligned_o$247
    29/29: $u_core.if_stage_i.aligner_i.aligner_ready_o$246
Creating decoders for process `\soc_top.$194'.
     1/8: $u_core.if_stage_i.aligner_i.hwlp_update_pc_q$198
     2/8: $u_core.if_stage_i.aligner_i.hwlp_addr_q$197
     3/8: $u_core.if_stage_i.aligner_i.hwlp_update_pc_q$204
     4/8: $u_core.if_stage_i.aligner_i.aligner_ready_q$203
     5/8: $u_core.if_stage_i.aligner_i.pc_q$202
     6/8: $u_core.if_stage_i.aligner_i.hwlp_addr_q$201
     7/8: $u_core.if_stage_i.aligner_i.r_instr_h$200
     8/8: $u_core.if_stage_i.aligner_i.state$199
Creating decoders for process `\soc_top.$177'.
     1/8: $u_core.if_stage_i.is_fetch_failed_o$182
     2/8: $u_core.if_stage_i.instr_valid_id_o$181
     3/8: $u_core.if_stage_i.is_fetch_failed_o$188
     4/8: $u_core.if_stage_i.instr_valid_id_o$183
     5/8: $u_core.if_stage_i.pc_id_o$187
     6/8: $u_core.if_stage_i.illegal_c_insn_id_o$186
     7/8: $u_core.if_stage_i.is_compressed_id_o$185
     8/8: $u_core.if_stage_i.instr_rdata_id_o$184
Creating decoders for process `\soc_top.$168'.
     1/4: $u_core.if_stage_i.fetch_ready$170
     2/4: $u_core.if_stage_i.fetch_ready$171
     3/4: $u_core.if_stage_i.fetch_ready$173
     4/4: $u_core.if_stage_i.branch_req$172
Creating decoders for process `\soc_top.$156'.
     1/5: $u_core.if_stage_i.prefetch_buffer_i.instruction_obi_i.gen_no_trans_stable.obi_atop_q$166
     2/5: $u_core.if_stage_i.prefetch_buffer_i.instruction_obi_i.gen_no_trans_stable.obi_wdata_q$165
     3/5: $u_core.if_stage_i.prefetch_buffer_i.instruction_obi_i.gen_no_trans_stable.obi_be_q$164
     4/5: $u_core.if_stage_i.prefetch_buffer_i.instruction_obi_i.gen_no_trans_stable.obi_we_q$163
     5/5: $u_core.if_stage_i.prefetch_buffer_i.instruction_obi_i.gen_no_trans_stable.obi_addr_q$162
Creating decoders for process `\soc_top.$148'.
     1/6: $u_core.if_stage_i.prefetch_buffer_i.instruction_obi_i.obi_atop_o$155
     2/6: $u_core.if_stage_i.prefetch_buffer_i.instruction_obi_i.obi_wdata_o$154
     3/6: $u_core.if_stage_i.prefetch_buffer_i.instruction_obi_i.obi_be_o$153
     4/6: $u_core.if_stage_i.prefetch_buffer_i.instruction_obi_i.obi_we_o$152
     5/6: $u_core.if_stage_i.prefetch_buffer_i.instruction_obi_i.obi_addr_o$151
     6/6: $u_core.if_stage_i.prefetch_buffer_i.instruction_obi_i.obi_req_o$150
Creating decoders for process `\soc_top.$142'.
     1/3: $u_core.if_stage_i.prefetch_buffer_i.instruction_obi_i.next_state$146
     2/3: $u_core.if_stage_i.prefetch_buffer_i.instruction_obi_i.next_state$147
     3/3: $u_core.if_stage_i.prefetch_buffer_i.instruction_obi_i.next_state$145
Creating decoders for process `\soc_top.$136'.
     1/1: $u_core.if_stage_i.prefetch_buffer_i.fifo_i.mem_q$140
Creating decoders for process `\soc_top.$123'.
     1/3: $u_core.if_stage_i.prefetch_buffer_i.fifo_i.status_cnt_q$135
     2/3: $u_core.if_stage_i.prefetch_buffer_i.fifo_i.write_pointer_q$134
     3/3: $u_core.if_stage_i.prefetch_buffer_i.fifo_i.read_pointer_q$133
Creating decoders for process `\soc_top.$88'.
     1/9: $u_core.if_stage_i.prefetch_buffer_i.fifo_i.status_cnt_n$122
     2/9: $u_core.if_stage_i.prefetch_buffer_i.fifo_i.read_pointer_n$113
     3/9: $u_core.if_stage_i.prefetch_buffer_i.fifo_i.status_cnt_n$116
     4/9: $u_core.if_stage_i.prefetch_buffer_i.fifo_i.read_pointer_n$115
     5/9: $u_core.if_stage_i.prefetch_buffer_i.fifo_i.write_pointer_n$103
     6/9: $u_core.if_stage_i.prefetch_buffer_i.fifo_i.mem_n$108
     7/9: $u_core.if_stage_i.prefetch_buffer_i.fifo_i.status_cnt_n$107
     8/9: $u_core.if_stage_i.prefetch_buffer_i.fifo_i.write_pointer_n$106
     9/9: $u_core.if_stage_i.prefetch_buffer_i.fifo_i.gate_clock$105
Creating decoders for process `\soc_top.$76'.
     1/1: $u_core.if_stage_i.prefetch_buffer_i.prefetch_controller_i.trans_addr_q$82
Creating decoders for process `\soc_top.$64'.
     1/4: $u_core.if_stage_i.prefetch_buffer_i.prefetch_controller_i.next_flush_cnt$73
     2/4: $u_core.if_stage_i.prefetch_buffer_i.prefetch_controller_i.next_flush_cnt$74
     3/4: $u_core.if_stage_i.prefetch_buffer_i.prefetch_controller_i.next_flush_cnt$75
     4/4: $u_core.if_stage_i.prefetch_buffer_i.prefetch_controller_i.next_flush_cnt$69
Creating decoders for process `\soc_top.$60'.
     1/1: $u_core.if_stage_i.prefetch_buffer_i.prefetch_controller_i.next_cnt$63
Creating decoders for process `\soc_top.$37'.
     1/6: $u_core.if_stage_i.prefetch_buffer_i.prefetch_controller_i.next_state$47
     2/6: $u_core.if_stage_i.prefetch_buffer_i.prefetch_controller_i.next_state$49
     3/6: $u_core.if_stage_i.prefetch_buffer_i.prefetch_controller_i.trans_addr_o$48
     4/6: $u_core.if_stage_i.prefetch_buffer_i.prefetch_controller_i.next_state$44
     5/6: $u_core.if_stage_i.prefetch_buffer_i.prefetch_controller_i.trans_addr_o$38
     6/6: $u_core.if_stage_i.prefetch_buffer_i.prefetch_controller_i.trans_addr_o$39
Creating decoders for process `\soc_top.$19'.
     1/1: $u_core.if_stage_i.branch_addr_n$21
Creating decoders for process `\soc_top.$15'.
     1/3: $u_core.if_stage_i.exc_pc$18
     2/3: $u_core.if_stage_i.exc_vec_pc_mux$17
     3/3: $u_core.if_stage_i.trap_base_addr$16
Creating decoders for process `\soc_top.$5844'.
     1/35: $u_npu.u_npu_csr.s_axi_bvalid$5894
     2/35: $u_npu.u_npu_csr.reg_weights_ready$5861
     3/35: $u_npu.u_npu_csr.irq_clear_pulse$5866
     4/35: $u_npu.u_npu_csr.reg_irq_enable$5865
     5/35: $u_npu.u_npu_csr.reg_npu_reset$5864
     6/35: $u_npu.u_npu_csr.reg_weights_ready$5863
     7/35: $u_npu.u_npu_csr.reg_start$5862
     8/35: $u_npu.u_npu_csr.irq_clear_pulse$5881
     9/35: $u_npu.u_npu_csr.reg_out_addr$5880
    10/35: $u_npu.u_npu_csr.reg_in_addr$5879
    11/35: $u_npu.u_npu_csr.reg_irq_enable$5878
    12/35: $u_npu.u_npu_csr.reg_npu_reset$5877
    13/35: $u_npu.u_npu_csr.reg_weights_ready$5876
    14/35: $u_npu.u_npu_csr.reg_start$5875
    15/35: $u_npu.u_npu_csr.w_valid_lat$5892
    16/35: $u_npu.u_npu_csr.aw_valid_lat$5891
    17/35: $u_npu.u_npu_csr.irq_clear_pulse$5890
    18/35: $u_npu.u_npu_csr.reg_out_addr$5889
    19/35: $u_npu.u_npu_csr.reg_in_addr$5888
    20/35: $u_npu.u_npu_csr.reg_irq_enable$5887
    21/35: $u_npu.u_npu_csr.reg_npu_reset$5886
    22/35: $u_npu.u_npu_csr.reg_weights_ready$5885
    23/35: $u_npu.u_npu_csr.reg_start$5884
    24/35: $u_npu.u_npu_csr.s_axi_bvalid$5883
    25/35: $u_npu.u_npu_csr.s_axi_bresp$5882
    26/35: $u_npu.u_npu_csr.s_axi_wready$5857
    27/35: $u_npu.u_npu_csr.w_valid_lat$5860
    28/35: $u_npu.u_npu_csr.w_mask_lat$5859
    29/35: $u_npu.u_npu_csr.w_data_lat$5858
    30/35: $u_npu.u_npu_csr.s_axi_awready$5852
    31/35: $u_npu.u_npu_csr.aw_valid_lat$5854
    32/35: $u_npu.u_npu_csr.aw_addr_lat$5853
    33/35: $u_npu.u_npu_csr.irq_clear_pulse$5849
    34/35: $u_npu.u_npu_csr.reg_npu_reset$5848
    35/35: $u_npu.u_npu_csr.reg_start$5847

4.9. Executing PROC_CLEAN pass (remove empty switches from decision trees).
Found and cleaned up 3 empty switches in `\soc_top.$5836'.
Removing empty process `soc_top.$5836'.
Found and cleaned up 3 empty switches in `\soc_top.$5821'.
Removing empty process `soc_top.$5821'.
Found and cleaned up 3 empty switches in `\soc_top.$5808'.
Removing empty process `soc_top.$5808'.
Found and cleaned up 3 empty switches in `\soc_top.$5795'.
Removing empty process `soc_top.$5795'.
Found and cleaned up 5 empty switches in `\soc_top.$5783'.
Removing empty process `soc_top.$5783'.
Found and cleaned up 8 empty switches in `\soc_top.$5740'.
Removing empty process `soc_top.$5740'.
Found and cleaned up 109 empty switches in `\soc_top.$5372'.
Removing empty process `soc_top.$5372'.
Found and cleaned up 5 empty switches in `\soc_top.$5348'.
Removing empty process `soc_top.$5348'.
Found and cleaned up 13 empty switches in `\soc_top.$5312'.
Removing empty process `soc_top.$5312'.
Found and cleaned up 1 empty switch in `\soc_top.$5304'.
Removing empty process `soc_top.$5304'.
Found and cleaned up 21 empty switches in `\soc_top.$5249'.
Removing empty process `soc_top.$5249'.
Found and cleaned up 65 empty switches in `\soc_top.$5087'.
Removing empty process `soc_top.$5087'.
Found and cleaned up 3 empty switches in `\soc_top.$5080'.
Removing empty process `soc_top.$5080'.
Found and cleaned up 1 empty switch in `\soc_top.$5078'.
Removing empty process `soc_top.$5078'.
Found and cleaned up 3 empty switches in `\soc_top.$5070'.
Removing empty process `soc_top.$5070'.
Found and cleaned up 13 empty switches in `\soc_top.$5052'.
Removing empty process `soc_top.$5052'.
Found and cleaned up 3 empty switches in `\soc_top.$5041'.
Removing empty process `soc_top.$5041'.
Found and cleaned up 5 empty switches in `\soc_top.$5010'.
Removing empty process `soc_top.$5010'.
Found and cleaned up 3 empty switches in `\soc_top.$5003'.
Removing empty process `soc_top.$5003'.
Found and cleaned up 5 empty switches in `\soc_top.$4973'.
Removing empty process `soc_top.$4973'.
Found and cleaned up 27 empty switches in `\soc_top.$4898'.
Removing empty process `soc_top.$4898'.
Found and cleaned up 1 empty switch in `\soc_top.$4892'.
Removing empty process `soc_top.$4892'.
Found and cleaned up 1 empty switch in `\soc_top.$4873'.
Removing empty process `soc_top.$4873'.
Found and cleaned up 1 empty switch in `\soc_top.$4867'.
Removing empty process `soc_top.$4867'.
Found and cleaned up 1 empty switch in `\soc_top.$4860'.
Removing empty process `soc_top.$4860'.
Found and cleaned up 1 empty switch in `\soc_top.$4854'.
Removing empty process `soc_top.$4854'.
Found and cleaned up 15 empty switches in `\soc_top.$4806'.
Removing empty process `soc_top.$4806'.
Found and cleaned up 11 empty switches in `\soc_top.$6900'.
Removing empty process `soc_top.$6900'.
Found and cleaned up 17 empty switches in `\soc_top.$4751'.
Removing empty process `soc_top.$4751'.
Found and cleaned up 5 empty switches in `\soc_top.$4736'.
Removing empty process `soc_top.$4736'.
Found and cleaned up 25 empty switches in `\soc_top.$4680'.
Removing empty process `soc_top.$4680'.
Found and cleaned up 1 empty switch in `\soc_top.$4674'.
Removing empty process `soc_top.$4674'.
Found and cleaned up 15 empty switches in `\soc_top.$4630'.
Removing empty process `soc_top.$4630'.
Found and cleaned up 17 empty switches in `\soc_top.$6859'.
Removing empty process `soc_top.$6859'.
Found and cleaned up 17 empty switches in `\soc_top.$4575'.
Removing empty process `soc_top.$4575'.
Found and cleaned up 5 empty switches in `\soc_top.$4560'.
Removing empty process `soc_top.$4560'.
Found and cleaned up 9 empty switches in `\soc_top.$4533'.
Removing empty process `soc_top.$4533'.
Found and cleaned up 11 empty switches in `\soc_top.$4495'.
Removing empty process `soc_top.$4495'.
Found and cleaned up 3 empty switches in `\soc_top.$4486'.
Removing empty process `soc_top.$4486'.
Found and cleaned up 5 empty switches in `\soc_top.$4470'.
Removing empty process `soc_top.$4470'.
Found and cleaned up 1 empty switch in `\soc_top.$4467'.
Removing empty process `soc_top.$4467'.
Found and cleaned up 1 empty switch in `\soc_top.$4464'.
Removing empty process `soc_top.$4464'.
Found and cleaned up 1 empty switch in `\soc_top.$4461'.
Removing empty process `soc_top.$4461'.
Found and cleaned up 1 empty switch in `\soc_top.$4458'.
Removing empty process `soc_top.$4458'.
Found and cleaned up 1 empty switch in `\soc_top.$4455'.
Removing empty process `soc_top.$4455'.
Found and cleaned up 1 empty switch in `\soc_top.$4452'.
Removing empty process `soc_top.$4452'.
Found and cleaned up 1 empty switch in `\soc_top.$4449'.
Removing empty process `soc_top.$4449'.
Found and cleaned up 1 empty switch in `\soc_top.$4446'.
Removing empty process `soc_top.$4446'.
Found and cleaned up 1 empty switch in `\soc_top.$4443'.
Removing empty process `soc_top.$4443'.
Found and cleaned up 1 empty switch in `\soc_top.$4440'.
Removing empty process `soc_top.$4440'.
Found and cleaned up 1 empty switch in `\soc_top.$4437'.
Removing empty process `soc_top.$4437'.
Found and cleaned up 1 empty switch in `\soc_top.$4434'.
Removing empty process `soc_top.$4434'.
Found and cleaned up 1 empty switch in `\soc_top.$4431'.
Removing empty process `soc_top.$4431'.
Found and cleaned up 1 empty switch in `\soc_top.$4428'.
Removing empty process `soc_top.$4428'.
Found and cleaned up 1 empty switch in `\soc_top.$4425'.
Removing empty process `soc_top.$4425'.
Found and cleaned up 1 empty switch in `\soc_top.$4422'.
Removing empty process `soc_top.$4422'.
Found and cleaned up 5 empty switches in `\soc_top.$4352'.
Removing empty process `soc_top.$4352'.
Found and cleaned up 1 empty switch in `\soc_top.$6853'.
Removing empty process `soc_top.$6853'.
Found and cleaned up 1 empty switch in `\soc_top.$4316'.
Removing empty process `soc_top.$4316'.
Found and cleaned up 7 empty switches in `\soc_top.$6979'.
Removing empty process `soc_top.$6979'.
Found and cleaned up 3 empty switches in `\soc_top.$4271'.
Removing empty process `soc_top.$4271'.
Found and cleaned up 11 empty switches in `\soc_top.$4248'.
Removing empty process `soc_top.$4248'.
Found and cleaned up 1 empty switch in `\soc_top.$4235'.
Removing empty process `soc_top.$4235'.
Found and cleaned up 7 empty switches in `\soc_top.$6960'.
Removing empty process `soc_top.$6960'.
Found and cleaned up 3 empty switches in `\soc_top.$4190'.
Removing empty process `soc_top.$4190'.
Found and cleaned up 11 empty switches in `\soc_top.$4167'.
Removing empty process `soc_top.$4167'.
Found and cleaned up 3 empty switches in `\soc_top.$4158'.
Removing empty process `soc_top.$4158'.
Found and cleaned up 3 empty switches in `\soc_top.$4152'.
Removing empty process `soc_top.$4152'.
Found and cleaned up 1 empty switch in `\soc_top.$4144'.
Removing empty process `soc_top.$4144'.
Found and cleaned up 13 empty switches in `\soc_top.$4118'.
Removing empty process `soc_top.$4118'.
Found and cleaned up 5 empty switches in `\soc_top.$6812'.
Removing empty process `soc_top.$6812'.
Found and cleaned up 13 empty switches in `\soc_top.$4089'.
Removing empty process `soc_top.$4089'.
Found and cleaned up 7 empty switches in `\soc_top.$6795'.
Removing empty process `soc_top.$6795'.
Found and cleaned up 44 empty switches in `\soc_top.$3975'.
Removing empty process `soc_top.$3975'.
Found and cleaned up 72 empty switches in `\soc_top.$3821'.
Removing empty process `soc_top.$3821'.
Found and cleaned up 44 empty switches in `\soc_top.$3715'.
Removing empty process `soc_top.$3715'.
Found and cleaned up 72 empty switches in `\soc_top.$3548'.
Removing empty process `soc_top.$3548'.
Found and cleaned up 11 empty switches in `\soc_top.$6750'.
Removing empty process `soc_top.$6750'.
Found and cleaned up 25 empty switches in `\soc_top.$3504'.
Removing empty process `soc_top.$3504'.
Found and cleaned up 23 empty switches in `\soc_top.$6680'.
Removing empty process `soc_top.$6680'.
Found and cleaned up 13 empty switches in `\soc_top.$3472'.
Removing empty process `soc_top.$3472'.
Found and cleaned up 1 empty switch in `\soc_top.$6672'.
Removing empty process `soc_top.$6672'.
Found and cleaned up 17 empty switches in `\soc_top.$3424'.
Removing empty process `soc_top.$3424'.
Found and cleaned up 3 empty switches in `\soc_top.$6659'.
Removing empty process `soc_top.$6659'.
Found and cleaned up 17 empty switches in `\soc_top.$3376'.
Removing empty process `soc_top.$3376'.
Found and cleaned up 67 empty switches in `\soc_top.$6236'.
Removing empty process `soc_top.$6236'.
Removing empty process `soc_top.$3305'.
Removing empty process `soc_top.$3270'.
Removing empty process `soc_top.$3203'.
Found and cleaned up 83 empty switches in `\soc_top.$3040'.
Removing empty process `soc_top.$3040'.
Found and cleaned up 3 empty switches in `\soc_top.$2787'.
Removing empty process `soc_top.$2787'.
Found and cleaned up 3 empty switches in `\soc_top.$2686'.
Removing empty process `soc_top.$2686'.
Removing empty process `soc_top.$2676'.
Found and cleaned up 1 empty switch in `\soc_top.$2662'.
Removing empty process `soc_top.$2662'.
Found and cleaned up 27 empty switches in `\soc_top.$2611'.
Removing empty process `soc_top.$2611'.
Found and cleaned up 1 empty switch in `\soc_top.$2600'.
Removing empty process `soc_top.$2600'.
Found and cleaned up 1 empty switch in `\soc_top.$2590'.
Removing empty process `soc_top.$2590'.
Found and cleaned up 5 empty switches in `\soc_top.$6229'.
Removing empty process `soc_top.$6229'.
Found and cleaned up 1 empty switch in `\soc_top.$2583'.
Removing empty process `soc_top.$2583'.
Found and cleaned up 7 empty switches in `\soc_top.$2553'.
Removing empty process `soc_top.$2553'.
Found and cleaned up 3 empty switches in `\soc_top.$2536'.
Removing empty process `soc_top.$2536'.
Found and cleaned up 1 empty switch in `\soc_top.$2534'.
Removing empty process `soc_top.$2534'.
Found and cleaned up 17 empty switches in `\soc_top.$2516'.
Removing empty process `soc_top.$2516'.
Found and cleaned up 17 empty switches in `\soc_top.$2498'.
Removing empty process `soc_top.$2498'.
Found and cleaned up 1 empty switch in `\soc_top.$2496'.
Removing empty process `soc_top.$2496'.
Found and cleaned up 1 empty switch in `\soc_top.$2484'.
Removing empty process `soc_top.$2484'.
Found and cleaned up 1 empty switch in `\soc_top.$2482'.
Removing empty process `soc_top.$2482'.
Found and cleaned up 13 empty switches in `\soc_top.$2471'.
Removing empty process `soc_top.$2471'.
Found and cleaned up 5 empty switches in `\soc_top.$2444'.
Removing empty process `soc_top.$2444'.
Found and cleaned up 5 empty switches in `\soc_top.$2440'.
Removing empty process `soc_top.$2440'.
Found and cleaned up 3 empty switches in `\soc_top.$2390'.
Removing empty process `soc_top.$2390'.
Found and cleaned up 5 empty switches in `\soc_top.$2374'.
Removing empty process `soc_top.$2374'.
Found and cleaned up 1 empty switch in `\soc_top.$2348'.
Removing empty process `soc_top.$2348'.
Found and cleaned up 11 empty switches in `\soc_top.$6175'.
Removing empty process `soc_top.$6175'.
Found and cleaned up 7 empty switches in `\soc_top.$2318'.
Removing empty process `soc_top.$2318'.
Found and cleaned up 1 empty switch in `\soc_top.$2278'.
Removing empty process `soc_top.$2278'.
Found and cleaned up 5 empty switches in `\soc_top.$2256'.
Removing empty process `soc_top.$2256'.
Found and cleaned up 3 empty switches in `\soc_top.$2157'.
Removing empty process `soc_top.$2157'.
Found and cleaned up 9 empty switches in `\soc_top.$2084'.
Removing empty process `soc_top.$2084'.
Found and cleaned up 15 empty switches in `\soc_top.$2055'.
Removing empty process `soc_top.$2055'.
Found and cleaned up 5 empty switches in `\soc_top.$2048'.
Removing empty process `soc_top.$2048'.
Found and cleaned up 1 empty switch in `\soc_top.$2023'.
Removing empty process `soc_top.$2023'.
Found and cleaned up 1 empty switch in `\soc_top.$2005'.
Removing empty process `soc_top.$2005'.
Found and cleaned up 3 empty switches in `\soc_top.$1986'.
Removing empty process `soc_top.$1986'.
Found and cleaned up 1 empty switch in `\soc_top.$1982'.
Removing empty process `soc_top.$1982'.
Found and cleaned up 1 empty switch in `\soc_top.$1966'.
Removing empty process `soc_top.$1966'.
Found and cleaned up 1 empty switch in `\soc_top.$1913'.
Removing empty process `soc_top.$1913'.
Found and cleaned up 5 empty switches in `\soc_top.$1884'.
Removing empty process `soc_top.$1884'.
Found and cleaned up 5 empty switches in `\soc_top.$1849'.
Removing empty process `soc_top.$1849'.
Found and cleaned up 9 empty switches in `\soc_top.$1826'.
Removing empty process `soc_top.$1826'.
Found and cleaned up 3 empty switches in `\soc_top.$6129'.
Removing empty process `soc_top.$6129'.
Found and cleaned up 31 empty switches in `\soc_top.$1566'.
Removing empty process `soc_top.$1566'.
Found and cleaned up 63 empty switches in `\soc_top.$1533'.
Removing empty process `soc_top.$1533'.
Found and cleaned up 3 empty switches in `\soc_top.$6944'.
Removing empty process `soc_top.$6944'.
Found and cleaned up 9 empty switches in `\soc_top.$1515'.
Removing empty process `soc_top.$1515'.
Found and cleaned up 7 empty switches in `\soc_top.$5943'.
Removing empty process `soc_top.$5943'.
Found and cleaned up 3 empty switches in `\soc_top.$1507'.
Removing empty process `soc_top.$1507'.
Found and cleaned up 7 empty switches in `\soc_top.$5921'.
Removing empty process `soc_top.$5921'.
Found and cleaned up 19 empty switches in `\soc_top.$1465'.
Removing empty process `soc_top.$1465'.
Found and cleaned up 7 empty switches in `\soc_top.$1421'.
Removing empty process `soc_top.$1421'.
Found and cleaned up 111 empty switches in `\soc_top.$1009'.
Removing empty process `soc_top.$1009'.
Found and cleaned up 53 empty switches in `\soc_top.$791'.
Removing empty process `soc_top.$791'.
Found and cleaned up 3 empty switches in `\soc_top.$784'.
Removing empty process `soc_top.$784'.
Found and cleaned up 3 empty switches in `\soc_top.$777'.
Removing empty process `soc_top.$777'.
Found and cleaned up 3 empty switches in `\soc_top.$770'.
Removing empty process `soc_top.$770'.
Found and cleaned up 3 empty switches in `\soc_top.$763'.
Removing empty process `soc_top.$763'.
Found and cleaned up 3 empty switches in `\soc_top.$756'.
Removing empty process `soc_top.$756'.
Found and cleaned up 3 empty switches in `\soc_top.$749'.
Removing empty process `soc_top.$749'.
Found and cleaned up 3 empty switches in `\soc_top.$742'.
Removing empty process `soc_top.$742'.
Found and cleaned up 3 empty switches in `\soc_top.$735'.
Removing empty process `soc_top.$735'.
Found and cleaned up 3 empty switches in `\soc_top.$728'.
Removing empty process `soc_top.$728'.
Found and cleaned up 3 empty switches in `\soc_top.$721'.
Removing empty process `soc_top.$721'.
Found and cleaned up 3 empty switches in `\soc_top.$714'.
Removing empty process `soc_top.$714'.
Found and cleaned up 3 empty switches in `\soc_top.$707'.
Removing empty process `soc_top.$707'.
Found and cleaned up 3 empty switches in `\soc_top.$700'.
Removing empty process `soc_top.$700'.
Found and cleaned up 3 empty switches in `\soc_top.$693'.
Removing empty process `soc_top.$693'.
Found and cleaned up 3 empty switches in `\soc_top.$686'.
Removing empty process `soc_top.$686'.
Found and cleaned up 3 empty switches in `\soc_top.$679'.
Removing empty process `soc_top.$679'.
Found and cleaned up 3 empty switches in `\soc_top.$672'.
Removing empty process `soc_top.$672'.
Found and cleaned up 3 empty switches in `\soc_top.$665'.
Removing empty process `soc_top.$665'.
Found and cleaned up 3 empty switches in `\soc_top.$658'.
Removing empty process `soc_top.$658'.
Found and cleaned up 3 empty switches in `\soc_top.$651'.
Removing empty process `soc_top.$651'.
Found and cleaned up 3 empty switches in `\soc_top.$644'.
Removing empty process `soc_top.$644'.
Found and cleaned up 3 empty switches in `\soc_top.$637'.
Removing empty process `soc_top.$637'.
Found and cleaned up 3 empty switches in `\soc_top.$630'.
Removing empty process `soc_top.$630'.
Found and cleaned up 3 empty switches in `\soc_top.$623'.
Removing empty process `soc_top.$623'.
Found and cleaned up 3 empty switches in `\soc_top.$616'.
Removing empty process `soc_top.$616'.
Found and cleaned up 3 empty switches in `\soc_top.$609'.
Removing empty process `soc_top.$609'.
Found and cleaned up 3 empty switches in `\soc_top.$602'.
Removing empty process `soc_top.$602'.
Found and cleaned up 3 empty switches in `\soc_top.$595'.
Removing empty process `soc_top.$595'.
Found and cleaned up 3 empty switches in `\soc_top.$588'.
Removing empty process `soc_top.$588'.
Found and cleaned up 3 empty switches in `\soc_top.$581'.
Removing empty process `soc_top.$581'.
Found and cleaned up 3 empty switches in `\soc_top.$574'.
Removing empty process `soc_top.$574'.
Found and cleaned up 7 empty switches in `\soc_top.$5895'.
Removing empty process `soc_top.$5895'.
Found and cleaned up 1 empty switch in `\soc_top.$416'.
Removing empty process `soc_top.$416'.
Found and cleaned up 1 empty switch in `\soc_top.$414'.
Removing empty process `soc_top.$414'.
Found and cleaned up 1 empty switch in `\soc_top.$412'.
Removing empty process `soc_top.$412'.
Found and cleaned up 1 empty switch in `\soc_top.$410'.
Removing empty process `soc_top.$410'.
Found and cleaned up 1 empty switch in `\soc_top.$408'.
Removing empty process `soc_top.$408'.
Found and cleaned up 1 empty switch in `\soc_top.$406'.
Removing empty process `soc_top.$406'.
Found and cleaned up 1 empty switch in `\soc_top.$401'.
Removing empty process `soc_top.$401'.
Found and cleaned up 1 empty switch in `\soc_top.$399'.
Removing empty process `soc_top.$399'.
Found and cleaned up 1 empty switch in `\soc_top.$397'.
Removing empty process `soc_top.$397'.
Found and cleaned up 1 empty switch in `\soc_top.$391'.
Removing empty process `soc_top.$391'.
Found and cleaned up 1 empty switch in `\soc_top.$389'.
Removing empty process `soc_top.$389'.
Found and cleaned up 1 empty switch in `\soc_top.$386'.
Removing empty process `soc_top.$386'.
Found and cleaned up 1 empty switch in `\soc_top.$384'.
Removing empty process `soc_top.$384'.
Found and cleaned up 1 empty switch in `\soc_top.$382'.
Removing empty process `soc_top.$382'.
Found and cleaned up 1 empty switch in `\soc_top.$380'.
Removing empty process `soc_top.$380'.
Found and cleaned up 1 empty switch in `\soc_top.$374'.
Removing empty process `soc_top.$374'.
Found and cleaned up 1 empty switch in `\soc_top.$322'.
Removing empty process `soc_top.$322'.
Found and cleaned up 45 empty switches in `\soc_top.$256'.
Removing empty process `soc_top.$256'.
Found and cleaned up 13 empty switches in `\soc_top.$205'.
Removing empty process `soc_top.$205'.
Found and cleaned up 3 empty switches in `\soc_top.$194'.
Removing empty process `soc_top.$194'.
Found and cleaned up 3 empty switches in `\soc_top.$177'.
Removing empty process `soc_top.$177'.
Found and cleaned up 5 empty switches in `\soc_top.$168'.
Removing empty process `soc_top.$168'.
Found and cleaned up 1 empty switch in `\soc_top.$156'.
Removing empty process `soc_top.$156'.
Found and cleaned up 1 empty switch in `\soc_top.$148'.
Removing empty process `soc_top.$148'.
Found and cleaned up 5 empty switches in `\soc_top.$142'.
Removing empty process `soc_top.$142'.
Found and cleaned up 1 empty switch in `\soc_top.$136'.
Removing empty process `soc_top.$136'.
Found and cleaned up 1 empty switch in `\soc_top.$123'.
Removing empty process `soc_top.$123'.
Found and cleaned up 9 empty switches in `\soc_top.$88'.
Removing empty process `soc_top.$88'.
Found and cleaned up 1 empty switch in `\soc_top.$76'.
Removing empty process `soc_top.$76'.
Found and cleaned up 7 empty switches in `\soc_top.$64'.
Removing empty process `soc_top.$64'.
Found and cleaned up 1 empty switch in `\soc_top.$60'.
Removing empty process `soc_top.$60'.
Found and cleaned up 9 empty switches in `\soc_top.$37'.
Removing empty process `soc_top.$37'.
Found and cleaned up 1 empty switch in `\soc_top.$19'.
Removing empty process `soc_top.$19'.
Found and cleaned up 5 empty switches in `\soc_top.$15'.
Removing empty process `soc_top.$15'.
Found and cleaned up 19 empty switches in `\soc_top.$5844'.
Removing empty process `soc_top.$5844'.
Cleaned up 1834 empty switches.

4.10. Executing OPT_EXPR pass (perform const folding).
Optimizing module soc_top.
Couldn't topologically sort cells, optimizing module soc_top may take a longer time.
<suppressed ~4400 debug messages>

5. Executing HIERARCHY pass (managing design hierarchy).

5.1. Analyzing design hierarchy..
Top module:  \soc_top

5.2. Analyzing design hierarchy..
Top module:  \soc_top
Removed 0 unused modules.
Renaming module soc_top to soc_top.

6. Executing PROC pass (convert processes to netlists).

6.1. Executing PROC_CLEAN pass (remove empty switches from decision trees).
Cleaned up 0 empty switches.

6.2. Executing PROC_RMDEAD pass (remove dead branches from decision trees).
Removed a total of 0 dead cases.

6.3. Executing PROC_PRUNE pass (remove redundant assignments in processes).
Removed 0 redundant assignments.
Promoted 0 assignments to connections.

6.4. Executing PROC_INIT pass (extract init attributes).

6.5. Executing PROC_ARST pass (detect async resets in processes).

6.6. Executing PROC_ROM pass (convert switches to ROMs).
Converted 0 switches.

6.7. Executing PROC_MUX pass (convert decision trees to multiplexers).

6.8. Executing PROC_DLATCH pass (convert process syncs to latches).

6.9. Executing PROC_DFF pass (convert process syncs to FFs).

6.10. Executing PROC_MEMWR pass (convert process memory writes to cells).

6.11. Executing PROC_CLEAN pass (remove empty switches from decision trees).
Cleaned up 0 empty switches.

6.12. Executing OPT_EXPR pass (perform const folding).
Optimizing module soc_top.

7. Executing FLATTEN pass (flatten design).

8. Executing OPT_CLEAN pass (remove unused cells and wires).
Finding unused cells or wires in module \soc_top..
Removed 3027 unused cells and 15693 unused wires.
<suppressed ~5327 debug messages>
