Copyright 1986-2022 Xilinx, Inc. All Rights Reserved. Copyright 2022-2025 Advanced Micro Devices, Inc. All Rights Reserved.
---------------------------------------------------------------------------------------------------------------------------------------------------------------------------------------------------------------------------------------
| Tool Version : Vivado v.2025.2 (win64) Build 6299465 Fri Nov 14 19:35:11 GMT 2025
| Date         : Wed Sep  9 13:23:32 2026
| Host         : baris running 64-bit major release  (build 9200)
| Command      : report_timing_summary -max_paths 10 -routable_nets -report_unconstrained -file nexys_top_timing_summary_routed.rpt -pb nexys_top_timing_summary_routed.pb -rpx nexys_top_timing_summary_routed.rpx -warn_on_violation
| Design       : nexys_top
| Device       : 7a100t-csg324
| Speed File   : -1  PRODUCTION 1.23 2018-06-13
| Design State : Routed
---------------------------------------------------------------------------------------------------------------------------------------------------------------------------------------------------------------------------------------

Timing Summary Report

------------------------------------------------------------------------------------------------
| Timer Settings
| --------------
------------------------------------------------------------------------------------------------

  Enable Multi Corner Analysis               :  Yes
  Enable Pessimism Removal                   :  Yes
  Pessimism Removal Resolution               :  Nearest Common Node
  Enable Input Delay Default Clock           :  No
  Enable Preset / Clear Arcs                 :  No
  Disable Flight Delays                      :  No
  Ignore I/O Paths                           :  No
  Timing Early Launch at Borrowing Latches   :  No
  Borrow Time for Max Delay Exceptions       :  Yes
  Merge Timing Exceptions                    :  Yes
  Inter-SLR Compensation                     :  Conservative

  Corner  Analyze    Analyze    
  Name    Max Paths  Min Paths  
  ------  ---------  ---------  
  Slow    Yes        Yes        
  Fast    Yes        Yes        


------------------------------------------------------------------------------------------------
| Report Methodology
| ------------------
------------------------------------------------------------------------------------------------

Rule       Severity  Description                                 Violations  
---------  --------  ------------------------------------------  ----------  
DPIR-1     Warning   Asynchronous driver check                   263         
HPDR-1     Warning   Port pin direction inconsistency            1           
LUTAR-1    Warning   LUT drives async reset alert                1           
SYNTH-6    Warning   Timing of a RAM block might be sub-optimal  14          
SYNTH-10   Warning   Wide multiplier                             7           
SYNTH-15   Warning   Byte wide write enable not inferred         8           
TIMING-9   Warning   Unknown CDC Logic                           1           
TIMING-10  Warning   Missing property on synchronizer            1           
TIMING-18  Warning   Missing input or output delay               3           
RTGT-1     Advisory  RAM retargeting possibility                 4           

Note: This report is based on the most recent report_methodology run and may not be up-to-date. Run report_methodology on the current design for the latest report.



check_timing report

Table of Contents
-----------------
1. checking no_clock (0)
2. checking constant_clock (0)
3. checking pulse_width_clock (0)
4. checking unconstrained_internal_endpoints (0)
5. checking no_input_delay (26)
6. checking no_output_delay (34)
7. checking multiple_clock (0)
8. checking generated_clocks (0)
9. checking loops (0)
10. checking partial_input_delay (0)
11. checking partial_output_delay (0)
12. checking latch_loops (0)

1. checking no_clock (0)
------------------------
 There are 0 register/latch pins with no clock.


2. checking constant_clock (0)
------------------------------
 There are 0 register/latch pins with constant_clock.


3. checking pulse_width_clock (0)
---------------------------------
 There are 0 register/latch pins which need pulse_width check


4. checking unconstrained_internal_endpoints (0)
------------------------------------------------
 There are 0 pins that are not constrained for maximum delay.

 There are 0 pins that are not constrained for maximum delay due to constant clock.


5. checking no_input_delay (26)
-------------------------------
 There are 26 input ports with no input delay specified. (HIGH)

 There are 0 input ports with no input delay but user has a false path constraint.


6. checking no_output_delay (34)
--------------------------------
 There are 34 ports with no output delay specified. (HIGH)

 There are 0 ports with no output delay but user has a false path constraint

 There are 0 ports with no output delay but with a timing clock defined on it or propagating through it


7. checking multiple_clock (0)
------------------------------
 There are 0 register/latch pins with multiple clocks.


8. checking generated_clocks (0)
--------------------------------
 There are 0 generated clocks that are not connected to a clock source.


9. checking loops (0)
---------------------
 There are 0 combinational loops in the design.


10. checking partial_input_delay (0)
------------------------------------
 There are 0 input ports with partial input delay specified.


11. checking partial_output_delay (0)
-------------------------------------
 There are 0 ports with partial output delay specified.


12. checking latch_loops (0)
----------------------------
 There are 0 combinational latch loops in the design through latch input



------------------------------------------------------------------------------------------------
| Design Timing Summary
| ---------------------
------------------------------------------------------------------------------------------------

    WNS(ns)      TNS(ns)  TNS Failing Endpoints  TNS Total Endpoints      WHS(ns)      THS(ns)  THS Failing Endpoints  THS Total Endpoints     WPWS(ns)     TPWS(ns)  TPWS Failing Endpoints  TPWS Total Endpoints  
    -------      -------  ---------------------  -------------------      -------      -------  ---------------------  -------------------     --------     --------  ----------------------  --------------------  
      1.572        0.000                      0                17892        0.042        0.000                      0                17892        4.500        0.000                       0                  5977  


All user specified timing constraints are met.


------------------------------------------------------------------------------------------------
| Clock Summary
| -------------
------------------------------------------------------------------------------------------------

Clock         Waveform(ns)         Period(ns)      Frequency(MHz)
-----         ------------         ----------      --------------
CLK100MHZ     {0.000 5.000}        10.000          100.000         
  clk_50mhz   {0.000 10.000}       20.000          50.000          
jtag_tck_clk  {0.000 50.000}       100.000         10.000          


------------------------------------------------------------------------------------------------
| Intra Clock Table
| -----------------
------------------------------------------------------------------------------------------------

Clock             WNS(ns)      TNS(ns)  TNS Failing Endpoints  TNS Total Endpoints      WHS(ns)      THS(ns)  THS Failing Endpoints  THS Total Endpoints     WPWS(ns)     TPWS(ns)  TPWS Failing Endpoints  TPWS Total Endpoints  
-----             -------      -------  ---------------------  -------------------      -------      -------  ---------------------  -------------------     --------     --------  ----------------------  --------------------  
CLK100MHZ           8.892        0.000                      0                    1        0.280        0.000                      0                    1        4.500        0.000                       0                     2  
  clk_50mhz         1.572        0.000                      0                11907        0.042        0.000                      0                11907        8.750        0.000                       0                  5820  
jtag_tck_clk       95.400        0.000                      0                  291        0.161        0.000                      0                  291       49.500        0.000                       0                   155  


------------------------------------------------------------------------------------------------
| Inter Clock Table
| -----------------
------------------------------------------------------------------------------------------------

From Clock    To Clock          WNS(ns)      TNS(ns)  TNS Failing Endpoints  TNS Total Endpoints      WHS(ns)      THS(ns)  THS Failing Endpoints  THS Total Endpoints  
----------    --------          -------      -------  ---------------------  -------------------      -------      -------  ---------------------  -------------------  


------------------------------------------------------------------------------------------------
| Other Path Groups Table
| -----------------------
------------------------------------------------------------------------------------------------

Path Group         From Clock         To Clock               WNS(ns)      TNS(ns)  TNS Failing Endpoints  TNS Total Endpoints      WHS(ns)      THS(ns)  THS Failing Endpoints  THS Total Endpoints  
----------         ----------         --------               -------      -------  ---------------------  -------------------      -------      -------  ---------------------  -------------------  
**async_default**  clk_50mhz          clk_50mhz               10.350        0.000                      0                 5693        0.894        0.000                      0                 5693  


------------------------------------------------------------------------------------------------
| User Ignored Path Table
| -----------------------
------------------------------------------------------------------------------------------------

Path Group    From Clock    To Clock    
----------    ----------    --------    
(none)        jtag_tck_clk  clk_50mhz     
(none)        clk_50mhz     jtag_tck_clk  


------------------------------------------------------------------------------------------------
| Unconstrained Path Table
| ------------------------
------------------------------------------------------------------------------------------------

Path Group    From Clock    To Clock    
----------    ----------    --------    
(none)        clk_50mhz                   
(none)        jtag_tck_clk                
(none)                      clk_50mhz     
(none)                      jtag_tck_clk  


------------------------------------------------------------------------------------------------
| Timing Details
| --------------
------------------------------------------------------------------------------------------------


---------------------------------------------------------------------------------------------------
From Clock:  CLK100MHZ
  To Clock:  CLK100MHZ

Setup :            0  Failing Endpoints,  Worst Slack        8.892ns,  Total Violation        0.000ns
Hold  :            0  Failing Endpoints,  Worst Slack        0.280ns,  Total Violation        0.000ns
PW    :            0  Failing Endpoints,  Worst Slack        4.500ns,  Total Violation        0.000ns
---------------------------------------------------------------------------------------------------


Max Delay Paths
--------------------------------------------------------------------------------------
Slack (MET) :             8.892ns  (required time - arrival time)
  Source:                 clk_50mhz_reg_reg/C
                            (rising edge-triggered cell FDRE clocked by CLK100MHZ  {rise@0.000ns fall@5.000ns period=10.000ns})
  Destination:            clk_50mhz_reg_reg/D
                            (rising edge-triggered cell FDRE clocked by CLK100MHZ  {rise@0.000ns fall@5.000ns period=10.000ns})
  Path Group:             CLK100MHZ
  Path Type:              Setup (Max at Slow Process Corner)
  Requirement:            10.000ns  (CLK100MHZ rise@10.000ns - CLK100MHZ rise@0.000ns)
  Data Path Delay:        1.102ns  (logic 0.580ns (52.641%)  route 0.522ns (47.359%))
  Logic Levels:           1  (LUT1=1)
  Clock Path Skew:        0.000ns (DCD - SCD + CPR)
    Destination Clock Delay (DCD):    4.927ns = ( 14.927 - 10.000 ) 
    Source Clock Delay      (SCD):    5.228ns
    Clock Pessimism Removal (CPR):    0.301ns
  Clock Uncertainty:      0.035ns  ((TSJ^2 + TIJ^2)^1/2 + DJ) / 2 + PE
    Total System Jitter     (TSJ):    0.071ns
    Total Input Jitter      (TIJ):    0.000ns
    Discrete Jitter          (DJ):    0.000ns
    Phase Error              (PE):    0.000ns

    Location             Delay type                Incr(ns)  Path(ns)    Netlist Resource(s)
  -------------------------------------------------------------------    -------------------
                         (clock CLK100MHZ rise edge)
                                                      0.000     0.000 r  
    E3                                                0.000     0.000 r  CLK100MHZ (IN)
                         net (fo=0)                   0.000     0.000    CLK100MHZ
    E3                   IBUF (Prop_ibuf_I_O)         1.482     1.482 r  CLK100MHZ_IBUF_inst/O
                         net (fo=1, routed)           2.025     3.506    CLK100MHZ_IBUF
    BUFGCTRL_X0Y16       BUFG (Prop_bufg_I_O)         0.096     3.602 r  CLK100MHZ_IBUF_BUFG_inst/O
                         net (fo=1, routed)           1.625     5.228    CLK100MHZ_IBUF_BUFG
    SLICE_X52Y96         FDRE                                         r  clk_50mhz_reg_reg/C
  -------------------------------------------------------------------    -------------------
    SLICE_X52Y96         FDRE (Prop_fdre_C_Q)         0.456     5.684 f  clk_50mhz_reg_reg/Q
                         net (fo=2, routed)           0.522     6.205    clk_50mhz_reg
    SLICE_X52Y96         LUT1 (Prop_lut1_I0_O)        0.124     6.329 r  clk_50mhz_reg_i_1/O
                         net (fo=1, routed)           0.000     6.329    p_0_in
    SLICE_X52Y96         FDRE                                         r  clk_50mhz_reg_reg/D
  -------------------------------------------------------------------    -------------------

                         (clock CLK100MHZ rise edge)
                                                     10.000    10.000 r  
    E3                                                0.000    10.000 r  CLK100MHZ (IN)
                         net (fo=0)                   0.000    10.000    CLK100MHZ
    E3                   IBUF (Prop_ibuf_I_O)         1.411    11.411 r  CLK100MHZ_IBUF_inst/O
                         net (fo=1, routed)           1.920    13.331    CLK100MHZ_IBUF
    BUFGCTRL_X0Y16       BUFG (Prop_bufg_I_O)         0.091    13.422 r  CLK100MHZ_IBUF_BUFG_inst/O
                         net (fo=1, routed)           1.504    14.927    CLK100MHZ_IBUF_BUFG
    SLICE_X52Y96         FDRE                                         r  clk_50mhz_reg_reg/C
                         clock pessimism              0.301    15.228    
                         clock uncertainty           -0.035    15.192    
    SLICE_X52Y96         FDRE (Setup_fdre_C_D)        0.029    15.221    clk_50mhz_reg_reg
  -------------------------------------------------------------------
                         required time                         15.221    
                         arrival time                          -6.330    
  -------------------------------------------------------------------
                         slack                                  8.892    





Min Delay Paths
--------------------------------------------------------------------------------------
Slack (MET) :             0.280ns  (arrival time - required time)
  Source:                 clk_50mhz_reg_reg/C
                            (rising edge-triggered cell FDRE clocked by CLK100MHZ  {rise@0.000ns fall@5.000ns period=10.000ns})
  Destination:            clk_50mhz_reg_reg/D
                            (rising edge-triggered cell FDRE clocked by CLK100MHZ  {rise@0.000ns fall@5.000ns period=10.000ns})
  Path Group:             CLK100MHZ
  Path Type:              Hold (Min at Fast Process Corner)
  Requirement:            0.000ns  (CLK100MHZ rise@0.000ns - CLK100MHZ rise@0.000ns)
  Data Path Delay:        0.371ns  (logic 0.186ns (50.162%)  route 0.185ns (49.838%))
  Logic Levels:           1  (LUT1=1)
  Clock Path Skew:        0.000ns (DCD - SCD - CPR)
    Destination Clock Delay (DCD):    1.999ns
    Source Clock Delay      (SCD):    1.483ns
    Clock Pessimism Removal (CPR):    0.515ns

    Location             Delay type                Incr(ns)  Path(ns)    Netlist Resource(s)
  -------------------------------------------------------------------    -------------------
                         (clock CLK100MHZ rise edge)
                                                      0.000     0.000 r  
    E3                                                0.000     0.000 r  CLK100MHZ (IN)
                         net (fo=0)                   0.000     0.000    CLK100MHZ
    E3                   IBUF (Prop_ibuf_I_O)         0.250     0.250 r  CLK100MHZ_IBUF_inst/O
                         net (fo=1, routed)           0.644     0.894    CLK100MHZ_IBUF
    BUFGCTRL_X0Y16       BUFG (Prop_bufg_I_O)         0.026     0.920 r  CLK100MHZ_IBUF_BUFG_inst/O
                         net (fo=1, routed)           0.564     1.483    CLK100MHZ_IBUF_BUFG
    SLICE_X52Y96         FDRE                                         r  clk_50mhz_reg_reg/C
  -------------------------------------------------------------------    -------------------
    SLICE_X52Y96         FDRE (Prop_fdre_C_Q)         0.141     1.624 f  clk_50mhz_reg_reg/Q
                         net (fo=2, routed)           0.185     1.809    clk_50mhz_reg
    SLICE_X52Y96         LUT1 (Prop_lut1_I0_O)        0.045     1.854 r  clk_50mhz_reg_i_1/O
                         net (fo=1, routed)           0.000     1.854    p_0_in
    SLICE_X52Y96         FDRE                                         r  clk_50mhz_reg_reg/D
  -------------------------------------------------------------------    -------------------

                         (clock CLK100MHZ rise edge)
                                                      0.000     0.000 r  
    E3                                                0.000     0.000 r  CLK100MHZ (IN)
                         net (fo=0)                   0.000     0.000    CLK100MHZ
    E3                   IBUF (Prop_ibuf_I_O)         0.438     0.438 r  CLK100MHZ_IBUF_inst/O
                         net (fo=1, routed)           0.699     1.136    CLK100MHZ_IBUF
    BUFGCTRL_X0Y16       BUFG (Prop_bufg_I_O)         0.029     1.165 r  CLK100MHZ_IBUF_BUFG_inst/O
                         net (fo=1, routed)           0.834     1.999    CLK100MHZ_IBUF_BUFG
    SLICE_X52Y96         FDRE                                         r  clk_50mhz_reg_reg/C
                         clock pessimism             -0.515     1.483    
    SLICE_X52Y96         FDRE (Hold_fdre_C_D)         0.091     1.574    clk_50mhz_reg_reg
  -------------------------------------------------------------------
                         required time                         -1.574    
                         arrival time                           1.854    
  -------------------------------------------------------------------
                         slack                                  0.280    





Pulse Width Checks
--------------------------------------------------------------------------------------
Clock Name:         CLK100MHZ
Waveform(ns):       { 0.000 5.000 }
Period(ns):         10.000
Sources:            { CLK100MHZ }

Check Type        Corner  Lib Pin  Reference Pin  Required(ns)  Actual(ns)  Slack(ns)  Location        Pin
Min Period        n/a     BUFG/I   n/a            2.155         10.000      7.845      BUFGCTRL_X0Y16  CLK100MHZ_IBUF_BUFG_inst/I
Min Period        n/a     FDRE/C   n/a            1.000         10.000      9.000      SLICE_X52Y96    clk_50mhz_reg_reg/C
Low Pulse Width   Slow    FDRE/C   n/a            0.500         5.000       4.500      SLICE_X52Y96    clk_50mhz_reg_reg/C
Low Pulse Width   Fast    FDRE/C   n/a            0.500         5.000       4.500      SLICE_X52Y96    clk_50mhz_reg_reg/C
High Pulse Width  Slow    FDRE/C   n/a            0.500         5.000       4.500      SLICE_X52Y96    clk_50mhz_reg_reg/C
High Pulse Width  Fast    FDRE/C   n/a            0.500         5.000       4.500      SLICE_X52Y96    clk_50mhz_reg_reg/C



---------------------------------------------------------------------------------------------------
From Clock:  clk_50mhz
  To Clock:  clk_50mhz

Setup :            0  Failing Endpoints,  Worst Slack        1.572ns,  Total Violation        0.000ns
Hold  :            0  Failing Endpoints,  Worst Slack        0.042ns,  Total Violation        0.000ns
PW    :            0  Failing Endpoints,  Worst Slack        8.750ns,  Total Violation        0.000ns
---------------------------------------------------------------------------------------------------


Max Delay Paths
--------------------------------------------------------------------------------------
Slack (MET) :             1.572ns  (required time - arrival time)
  Source:                 u_soc/u_npu/u_npu_engine/fc_logits_reg[1][0]/C
                            (rising edge-triggered cell FDCE clocked by clk_50mhz  {rise@0.000ns fall@10.000ns period=20.000ns})
  Destination:            u_soc/u_npu/u_npu_engine/exp_val_reg[3][5]/D
                            (rising edge-triggered cell FDCE clocked by clk_50mhz  {rise@0.000ns fall@10.000ns period=20.000ns})
  Path Group:             clk_50mhz
  Path Type:              Setup (Max at Slow Process Corner)
  Requirement:            20.000ns  (clk_50mhz rise@20.000ns - clk_50mhz rise@0.000ns)
  Data Path Delay:        18.435ns  (logic 6.990ns (37.918%)  route 11.445ns (62.082%))
  Logic Levels:           22  (CARRY4=10 LUT3=4 LUT4=2 LUT5=2 LUT6=4)
  Clock Path Skew:        -0.037ns (DCD - SCD + CPR)
    Destination Clock Delay (DCD):    7.695ns = ( 27.695 - 20.000 ) 
    Source Clock Delay      (SCD):    8.298ns
    Clock Pessimism Removal (CPR):    0.565ns
  Clock Uncertainty:      0.035ns  ((TSJ^2 + TIJ^2)^1/2 + DJ) / 2 + PE
    Total System Jitter     (TSJ):    0.071ns
    Total Input Jitter      (TIJ):    0.000ns
    Discrete Jitter          (DJ):    0.000ns
    Phase Error              (PE):    0.000ns

    Location             Delay type                Incr(ns)  Path(ns)    Netlist Resource(s)
  -------------------------------------------------------------------    -------------------
                         (clock clk_50mhz rise edge)
                                                      0.000     0.000 r  
    E3                                                0.000     0.000 r  CLK100MHZ (IN)
                         net (fo=0)                   0.000     0.000    CLK100MHZ
    E3                   IBUF (Prop_ibuf_I_O)         1.482     1.482 r  CLK100MHZ_IBUF_inst/O
                         net (fo=1, routed)           2.025     3.506    CLK100MHZ_IBUF
    BUFGCTRL_X0Y16       BUFG (Prop_bufg_I_O)         0.096     3.602 r  CLK100MHZ_IBUF_BUFG_inst/O
                         net (fo=1, routed)           1.625     5.228    CLK100MHZ_IBUF_BUFG
    SLICE_X52Y96         FDRE (Prop_fdre_C_Q)         0.456     5.684 r  clk_50mhz_reg_reg/Q
                         net (fo=2, routed)           0.736     6.419    clk_50mhz_reg
    BUFGCTRL_X0Y0        BUFG (Prop_bufg_I_O)         0.096     6.515 r  bufg_clk/O
                         net (fo=5821, routed)        1.782     8.298    u_soc/u_npu/u_npu_engine/clk_50mhz
    SLICE_X54Y28         FDCE                                         r  u_soc/u_npu/u_npu_engine/fc_logits_reg[1][0]/C
  -------------------------------------------------------------------    -------------------
    SLICE_X54Y28         FDCE (Prop_fdce_C_Q)         0.518     8.816 r  u_soc/u_npu/u_npu_engine/fc_logits_reg[1][0]/Q
                         net (fo=12, routed)          0.868     9.684    u_soc/u_npu/u_npu_engine/fc_logits_reg[1]_0[0]
    SLICE_X55Y27         LUT4 (Prop_lut4_I0_O)        0.124     9.808 r  u_soc/u_npu/u_npu_engine/exp_val[1][12]_i_131/O
                         net (fo=1, routed)           0.000     9.808    u_soc/u_npu/u_npu_engine/exp_val[1][12]_i_131_n_0
    SLICE_X55Y27         CARRY4 (Prop_carry4_S[0]_CO[3])
                                                      0.532    10.340 r  u_soc/u_npu/u_npu_engine/exp_val_reg[1][12]_i_52/CO[3]
                         net (fo=26, routed)          0.964    11.303    u_soc/u_npu/u_npu_engine/exp_val_reg[1][12]_i_52_n_0
    SLICE_X53Y28         LUT3 (Prop_lut3_I1_O)        0.124    11.427 f  u_soc/u_npu/u_npu_engine/exp_val[1][12]_i_177/O
                         net (fo=2, routed)           0.351    11.778    u_soc/u_npu/u_npu_engine/max_score[9]
    SLICE_X53Y27         LUT6 (Prop_lut6_I4_O)        0.124    11.902 r  u_soc/u_npu/u_npu_engine/exp_val[1][12]_i_158/O
                         net (fo=1, routed)           0.616    12.518    u_soc/u_npu/u_npu_engine/exp_val[1][12]_i_158_n_0
    SLICE_X52Y27         CARRY4 (Prop_carry4_DI[3]_CO[3])
                                                      0.385    12.903 r  u_soc/u_npu/u_npu_engine/exp_val_reg[1][12]_i_121/CO[3]
                         net (fo=1, routed)           0.000    12.903    u_soc/u_npu/u_npu_engine/exp_val_reg[1][12]_i_121_n_0
    SLICE_X52Y28         CARRY4 (Prop_carry4_CI_CO[0])
                                                      0.271    13.174 r  u_soc/u_npu/u_npu_engine/exp_val_reg[1][12]_i_51/CO[0]
                         net (fo=12, routed)          0.961    14.136    u_soc/u_npu/u_npu_engine/exp_val_reg[1][12]_i_51_n_3
    SLICE_X54Y27         LUT5 (Prop_lut5_I1_O)        0.399    14.535 r  u_soc/u_npu/u_npu_engine/exp_val[2][12]_i_53/O
                         net (fo=10, routed)          0.681    15.216    u_soc/u_npu/u_npu_engine/exp_val[2][12]_i_53_n_0
    SLICE_X54Y25         LUT4 (Prop_lut4_I3_O)        0.348    15.564 r  u_soc/u_npu/u_npu_engine/exp_val[1][12]_i_139/O
                         net (fo=1, routed)           0.000    15.564    u_soc/u_npu/u_npu_engine/exp_val[1][12]_i_139_n_0
    SLICE_X54Y25         CARRY4 (Prop_carry4_S[0]_CO[3])
                                                      0.513    16.077 r  u_soc/u_npu/u_npu_engine/exp_val_reg[1][12]_i_53/CO[3]
                         net (fo=1, routed)           0.000    16.077    u_soc/u_npu/u_npu_engine/exp_val_reg[1][12]_i_53_n_0
    SLICE_X54Y26         CARRY4 (Prop_carry4_CI_CO[1])
                                                      0.157    16.234 r  u_soc/u_npu/u_npu_engine/exp_val_reg[1][12]_i_30/CO[1]
                         net (fo=64, routed)          1.030    17.264    u_soc/u_npu/u_npu_engine/exp_val_reg[1][12]_i_30_n_2
    SLICE_X59Y24         LUT3 (Prop_lut3_I2_O)        0.332    17.596 r  u_soc/u_npu/u_npu_engine/exp_val[3][12]_i_19/O
                         net (fo=1, routed)           0.000    17.596    u_soc/u_npu/u_npu_engine/exp_val[3][12]_i_19_n_0
    SLICE_X59Y24         CARRY4 (Prop_carry4_S[1]_CO[3])
                                                      0.550    18.146 r  u_soc/u_npu/u_npu_engine/exp_val_reg[3][12]_i_4/CO[3]
                         net (fo=1, routed)           0.009    18.155    u_soc/u_npu/u_npu_engine/exp_val_reg[3][12]_i_4_n_0
    SLICE_X59Y25         CARRY4 (Prop_carry4_CI_O[0])
                                                      0.222    18.377 r  u_soc/u_npu/u_npu_engine/exp_val_reg[3][12]_i_21/O[0]
                         net (fo=11, routed)          1.043    19.420    u_soc/u_npu/u_npu_engine/exp_val_reg[3][12]_i_21_n_7
    SLICE_X58Y20         LUT3 (Prop_lut3_I2_O)        0.325    19.745 r  u_soc/u_npu/u_npu_engine/exp_val[3][12]_i_31/O
                         net (fo=1, routed)           0.343    20.088    u_soc/u_npu/u_npu_engine/exp_val[3][12]_i_31_n_0
    SLICE_X59Y19         CARRY4 (Prop_carry4_DI[3]_CO[3])
                                                      0.589    20.677 r  u_soc/u_npu/u_npu_engine/exp_val_reg[3][12]_i_8/CO[3]
                         net (fo=1, routed)           0.000    20.677    u_soc/u_npu/u_npu_engine/exp_val_reg[3][12]_i_8_n_0
    SLICE_X59Y20         CARRY4 (Prop_carry4_CI_CO[3])
                                                      0.114    20.791 r  u_soc/u_npu/u_npu_engine/exp_val_reg[3][12]_i_75/CO[3]
                         net (fo=1, routed)           0.000    20.791    u_soc/u_npu/u_npu_engine/exp_val_reg[3][12]_i_75_n_0
    SLICE_X59Y21         CARRY4 (Prop_carry4_CI_O[1])
                                                      0.334    21.125 f  u_soc/u_npu/u_npu_engine/exp_val_reg[3][12]_i_119/O[1]
                         net (fo=82, routed)          1.304    22.429    u_soc/u_npu/u_npu_engine/exp_val_reg[3][12]_i_119_n_6
    SLICE_X64Y15         LUT6 (Prop_lut6_I3_O)        0.303    22.732 r  u_soc/u_npu/u_npu_engine/exp_val[3][12]_i_108/O
                         net (fo=2, routed)           0.695    23.427    u_soc/u_npu/u_npu_engine/exp_val[3][12]_i_108_n_0
    SLICE_X65Y15         LUT6 (Prop_lut6_I1_O)        0.124    23.551 r  u_soc/u_npu/u_npu_engine/exp_val[3][8]_i_7/O
                         net (fo=2, routed)           0.817    24.368    u_soc/u_npu/u_npu_engine/exp_val[3][8]_i_7_n_0
    SLICE_X65Y17         LUT3 (Prop_lut3_I2_O)        0.152    24.520 r  u_soc/u_npu/u_npu_engine/exp_val[3][8]_i_4/O
                         net (fo=4, routed)           0.872    25.392    u_soc/u_npu/u_npu_engine/exp_val[3][8]_i_4_n_0
    SLICE_X62Y19         LUT6 (Prop_lut6_I1_O)        0.326    25.718 r  u_soc/u_npu/u_npu_engine/exp_val[3][6]_i_2/O
                         net (fo=2, routed)           0.890    26.608    u_soc/u_npu/u_npu_engine/exp_val[3][6]_i_2_n_0
    SLICE_X60Y22         LUT5 (Prop_lut5_I1_O)        0.124    26.732 r  u_soc/u_npu/u_npu_engine/exp_val[3][5]_i_1/O
                         net (fo=1, routed)           0.000    26.732    u_soc/u_npu/u_npu_engine/exp_val[3][5]_i_1_n_0
    SLICE_X60Y22         FDCE                                         r  u_soc/u_npu/u_npu_engine/exp_val_reg[3][5]/D
  -------------------------------------------------------------------    -------------------

                         (clock clk_50mhz rise edge)
                                                     20.000    20.000 r  
    E3                                                0.000    20.000 r  CLK100MHZ (IN)
                         net (fo=0)                   0.000    20.000    CLK100MHZ
    E3                   IBUF (Prop_ibuf_I_O)         1.411    21.411 r  CLK100MHZ_IBUF_inst/O
                         net (fo=1, routed)           1.920    23.331    CLK100MHZ_IBUF
    BUFGCTRL_X0Y16       BUFG (Prop_bufg_I_O)         0.091    23.422 r  CLK100MHZ_IBUF_BUFG_inst/O
                         net (fo=1, routed)           1.504    24.927    CLK100MHZ_IBUF_BUFG
    SLICE_X52Y96         FDRE (Prop_fdre_C_Q)         0.367    25.294 r  clk_50mhz_reg_reg/Q
                         net (fo=2, routed)           0.654    25.947    clk_50mhz_reg
    BUFGCTRL_X0Y0        BUFG (Prop_bufg_I_O)         0.091    26.038 r  bufg_clk/O
                         net (fo=5821, routed)        1.657    27.695    u_soc/u_npu/u_npu_engine/clk_50mhz
    SLICE_X60Y22         FDCE                                         r  u_soc/u_npu/u_npu_engine/exp_val_reg[3][5]/C
                         clock pessimism              0.565    28.261    
                         clock uncertainty           -0.035    28.225    
    SLICE_X60Y22         FDCE (Setup_fdce_C_D)        0.079    28.304    u_soc/u_npu/u_npu_engine/exp_val_reg[3][5]
  -------------------------------------------------------------------
                         required time                         28.304    
                         arrival time                         -26.732    
  -------------------------------------------------------------------
                         slack                                  1.572    

Slack (MET) :             1.648ns  (required time - arrival time)
  Source:                 u_soc/u_npu/u_npu_engine/fc_logits_reg[1][0]/C
                            (rising edge-triggered cell FDCE clocked by clk_50mhz  {rise@0.000ns fall@10.000ns period=20.000ns})
  Destination:            u_soc/u_npu/u_npu_engine/exp_val_reg[3][7]/D
                            (rising edge-triggered cell FDCE clocked by clk_50mhz  {rise@0.000ns fall@10.000ns period=20.000ns})
  Path Group:             clk_50mhz
  Path Type:              Setup (Max at Slow Process Corner)
  Requirement:            20.000ns  (clk_50mhz rise@20.000ns - clk_50mhz rise@0.000ns)
  Data Path Delay:        18.311ns  (logic 6.990ns (38.175%)  route 11.321ns (61.825%))
  Logic Levels:           22  (CARRY4=10 LUT3=4 LUT4=2 LUT5=2 LUT6=4)
  Clock Path Skew:        -0.037ns (DCD - SCD + CPR)
    Destination Clock Delay (DCD):    7.695ns = ( 27.695 - 20.000 ) 
    Source Clock Delay      (SCD):    8.298ns
    Clock Pessimism Removal (CPR):    0.565ns
  Clock Uncertainty:      0.035ns  ((TSJ^2 + TIJ^2)^1/2 + DJ) / 2 + PE
    Total System Jitter     (TSJ):    0.071ns
    Total Input Jitter      (TIJ):    0.000ns
    Discrete Jitter          (DJ):    0.000ns
    Phase Error              (PE):    0.000ns

    Location             Delay type                Incr(ns)  Path(ns)    Netlist Resource(s)
  -------------------------------------------------------------------    -------------------
                         (clock clk_50mhz rise edge)
                                                      0.000     0.000 r  
    E3                                                0.000     0.000 r  CLK100MHZ (IN)
                         net (fo=0)                   0.000     0.000    CLK100MHZ
    E3                   IBUF (Prop_ibuf_I_O)         1.482     1.482 r  CLK100MHZ_IBUF_inst/O
                         net (fo=1, routed)           2.025     3.506    CLK100MHZ_IBUF
    BUFGCTRL_X0Y16       BUFG (Prop_bufg_I_O)         0.096     3.602 r  CLK100MHZ_IBUF_BUFG_inst/O
                         net (fo=1, routed)           1.625     5.228    CLK100MHZ_IBUF_BUFG
    SLICE_X52Y96         FDRE (Prop_fdre_C_Q)         0.456     5.684 r  clk_50mhz_reg_reg/Q
                         net (fo=2, routed)           0.736     6.419    clk_50mhz_reg
    BUFGCTRL_X0Y0        BUFG (Prop_bufg_I_O)         0.096     6.515 r  bufg_clk/O
                         net (fo=5821, routed)        1.782     8.298    u_soc/u_npu/u_npu_engine/clk_50mhz
    SLICE_X54Y28         FDCE                                         r  u_soc/u_npu/u_npu_engine/fc_logits_reg[1][0]/C
  -------------------------------------------------------------------    -------------------
    SLICE_X54Y28         FDCE (Prop_fdce_C_Q)         0.518     8.816 r  u_soc/u_npu/u_npu_engine/fc_logits_reg[1][0]/Q
                         net (fo=12, routed)          0.868     9.684    u_soc/u_npu/u_npu_engine/fc_logits_reg[1]_0[0]
    SLICE_X55Y27         LUT4 (Prop_lut4_I0_O)        0.124     9.808 r  u_soc/u_npu/u_npu_engine/exp_val[1][12]_i_131/O
                         net (fo=1, routed)           0.000     9.808    u_soc/u_npu/u_npu_engine/exp_val[1][12]_i_131_n_0
    SLICE_X55Y27         CARRY4 (Prop_carry4_S[0]_CO[3])
                                                      0.532    10.340 r  u_soc/u_npu/u_npu_engine/exp_val_reg[1][12]_i_52/CO[3]
                         net (fo=26, routed)          0.964    11.303    u_soc/u_npu/u_npu_engine/exp_val_reg[1][12]_i_52_n_0
    SLICE_X53Y28         LUT3 (Prop_lut3_I1_O)        0.124    11.427 f  u_soc/u_npu/u_npu_engine/exp_val[1][12]_i_177/O
                         net (fo=2, routed)           0.351    11.778    u_soc/u_npu/u_npu_engine/max_score[9]
    SLICE_X53Y27         LUT6 (Prop_lut6_I4_O)        0.124    11.902 r  u_soc/u_npu/u_npu_engine/exp_val[1][12]_i_158/O
                         net (fo=1, routed)           0.616    12.518    u_soc/u_npu/u_npu_engine/exp_val[1][12]_i_158_n_0
    SLICE_X52Y27         CARRY4 (Prop_carry4_DI[3]_CO[3])
                                                      0.385    12.903 r  u_soc/u_npu/u_npu_engine/exp_val_reg[1][12]_i_121/CO[3]
                         net (fo=1, routed)           0.000    12.903    u_soc/u_npu/u_npu_engine/exp_val_reg[1][12]_i_121_n_0
    SLICE_X52Y28         CARRY4 (Prop_carry4_CI_CO[0])
                                                      0.271    13.174 r  u_soc/u_npu/u_npu_engine/exp_val_reg[1][12]_i_51/CO[0]
                         net (fo=12, routed)          0.961    14.136    u_soc/u_npu/u_npu_engine/exp_val_reg[1][12]_i_51_n_3
    SLICE_X54Y27         LUT5 (Prop_lut5_I1_O)        0.399    14.535 r  u_soc/u_npu/u_npu_engine/exp_val[2][12]_i_53/O
                         net (fo=10, routed)          0.681    15.216    u_soc/u_npu/u_npu_engine/exp_val[2][12]_i_53_n_0
    SLICE_X54Y25         LUT4 (Prop_lut4_I3_O)        0.348    15.564 r  u_soc/u_npu/u_npu_engine/exp_val[1][12]_i_139/O
                         net (fo=1, routed)           0.000    15.564    u_soc/u_npu/u_npu_engine/exp_val[1][12]_i_139_n_0
    SLICE_X54Y25         CARRY4 (Prop_carry4_S[0]_CO[3])
                                                      0.513    16.077 r  u_soc/u_npu/u_npu_engine/exp_val_reg[1][12]_i_53/CO[3]
                         net (fo=1, routed)           0.000    16.077    u_soc/u_npu/u_npu_engine/exp_val_reg[1][12]_i_53_n_0
    SLICE_X54Y26         CARRY4 (Prop_carry4_CI_CO[1])
                                                      0.157    16.234 r  u_soc/u_npu/u_npu_engine/exp_val_reg[1][12]_i_30/CO[1]
                         net (fo=64, routed)          1.030    17.264    u_soc/u_npu/u_npu_engine/exp_val_reg[1][12]_i_30_n_2
    SLICE_X59Y24         LUT3 (Prop_lut3_I2_O)        0.332    17.596 r  u_soc/u_npu/u_npu_engine/exp_val[3][12]_i_19/O
                         net (fo=1, routed)           0.000    17.596    u_soc/u_npu/u_npu_engine/exp_val[3][12]_i_19_n_0
    SLICE_X59Y24         CARRY4 (Prop_carry4_S[1]_CO[3])
                                                      0.550    18.146 r  u_soc/u_npu/u_npu_engine/exp_val_reg[3][12]_i_4/CO[3]
                         net (fo=1, routed)           0.009    18.155    u_soc/u_npu/u_npu_engine/exp_val_reg[3][12]_i_4_n_0
    SLICE_X59Y25         CARRY4 (Prop_carry4_CI_O[0])
                                                      0.222    18.377 r  u_soc/u_npu/u_npu_engine/exp_val_reg[3][12]_i_21/O[0]
                         net (fo=11, routed)          1.043    19.420    u_soc/u_npu/u_npu_engine/exp_val_reg[3][12]_i_21_n_7
    SLICE_X58Y20         LUT3 (Prop_lut3_I2_O)        0.325    19.745 r  u_soc/u_npu/u_npu_engine/exp_val[3][12]_i_31/O
                         net (fo=1, routed)           0.343    20.088    u_soc/u_npu/u_npu_engine/exp_val[3][12]_i_31_n_0
    SLICE_X59Y19         CARRY4 (Prop_carry4_DI[3]_CO[3])
                                                      0.589    20.677 r  u_soc/u_npu/u_npu_engine/exp_val_reg[3][12]_i_8/CO[3]
                         net (fo=1, routed)           0.000    20.677    u_soc/u_npu/u_npu_engine/exp_val_reg[3][12]_i_8_n_0
    SLICE_X59Y20         CARRY4 (Prop_carry4_CI_CO[3])
                                                      0.114    20.791 r  u_soc/u_npu/u_npu_engine/exp_val_reg[3][12]_i_75/CO[3]
                         net (fo=1, routed)           0.000    20.791    u_soc/u_npu/u_npu_engine/exp_val_reg[3][12]_i_75_n_0
    SLICE_X59Y21         CARRY4 (Prop_carry4_CI_O[1])
                                                      0.334    21.125 f  u_soc/u_npu/u_npu_engine/exp_val_reg[3][12]_i_119/O[1]
                         net (fo=82, routed)          1.304    22.429    u_soc/u_npu/u_npu_engine/exp_val_reg[3][12]_i_119_n_6
    SLICE_X64Y15         LUT6 (Prop_lut6_I3_O)        0.303    22.732 r  u_soc/u_npu/u_npu_engine/exp_val[3][12]_i_108/O
                         net (fo=2, routed)           0.695    23.427    u_soc/u_npu/u_npu_engine/exp_val[3][12]_i_108_n_0
    SLICE_X65Y15         LUT6 (Prop_lut6_I1_O)        0.124    23.551 r  u_soc/u_npu/u_npu_engine/exp_val[3][8]_i_7/O
                         net (fo=2, routed)           0.817    24.368    u_soc/u_npu/u_npu_engine/exp_val[3][8]_i_7_n_0
    SLICE_X65Y17         LUT3 (Prop_lut3_I2_O)        0.152    24.520 r  u_soc/u_npu/u_npu_engine/exp_val[3][8]_i_4/O
                         net (fo=4, routed)           0.846    25.366    u_soc/u_npu/u_npu_engine/exp_val[3][8]_i_4_n_0
    SLICE_X62Y19         LUT6 (Prop_lut6_I5_O)        0.326    25.692 r  u_soc/u_npu/u_npu_engine/exp_val[3][8]_i_2/O
                         net (fo=2, routed)           0.792    26.484    u_soc/u_npu/u_npu_engine/exp_val[3][8]_i_2_n_0
    SLICE_X61Y22         LUT5 (Prop_lut5_I1_O)        0.124    26.608 r  u_soc/u_npu/u_npu_engine/exp_val[3][7]_i_1/O
                         net (fo=1, routed)           0.000    26.608    u_soc/u_npu/u_npu_engine/exp_val[3][7]_i_1_n_0
    SLICE_X61Y22         FDCE                                         r  u_soc/u_npu/u_npu_engine/exp_val_reg[3][7]/D
  -------------------------------------------------------------------    -------------------

                         (clock clk_50mhz rise edge)
                                                     20.000    20.000 r  
    E3                                                0.000    20.000 r  CLK100MHZ (IN)
                         net (fo=0)                   0.000    20.000    CLK100MHZ
    E3                   IBUF (Prop_ibuf_I_O)         1.411    21.411 r  CLK100MHZ_IBUF_inst/O
                         net (fo=1, routed)           1.920    23.331    CLK100MHZ_IBUF
    BUFGCTRL_X0Y16       BUFG (Prop_bufg_I_O)         0.091    23.422 r  CLK100MHZ_IBUF_BUFG_inst/O
                         net (fo=1, routed)           1.504    24.927    CLK100MHZ_IBUF_BUFG
    SLICE_X52Y96         FDRE (Prop_fdre_C_Q)         0.367    25.294 r  clk_50mhz_reg_reg/Q
                         net (fo=2, routed)           0.654    25.947    clk_50mhz_reg
    BUFGCTRL_X0Y0        BUFG (Prop_bufg_I_O)         0.091    26.038 r  bufg_clk/O
                         net (fo=5821, routed)        1.657    27.695    u_soc/u_npu/u_npu_engine/clk_50mhz
    SLICE_X61Y22         FDCE                                         r  u_soc/u_npu/u_npu_engine/exp_val_reg[3][7]/C
                         clock pessimism              0.565    28.261    
                         clock uncertainty           -0.035    28.225    
    SLICE_X61Y22         FDCE (Setup_fdce_C_D)        0.031    28.256    u_soc/u_npu/u_npu_engine/exp_val_reg[3][7]
  -------------------------------------------------------------------
                         required time                         28.256    
                         arrival time                         -26.608    
  -------------------------------------------------------------------
                         slack                                  1.648    

Slack (MET) :             1.651ns  (required time - arrival time)
  Source:                 u_soc/u_npu/u_npu_engine/fc_logits_reg[1][0]/C
                            (rising edge-triggered cell FDCE clocked by clk_50mhz  {rise@0.000ns fall@10.000ns period=20.000ns})
  Destination:            u_soc/u_npu/u_npu_engine/exp_val_reg[3][4]/D
                            (rising edge-triggered cell FDCE clocked by clk_50mhz  {rise@0.000ns fall@10.000ns period=20.000ns})
  Path Group:             clk_50mhz
  Path Type:              Setup (Max at Slow Process Corner)
  Requirement:            20.000ns  (clk_50mhz rise@20.000ns - clk_50mhz rise@0.000ns)
  Data Path Delay:        18.357ns  (logic 6.990ns (38.077%)  route 11.367ns (61.923%))
  Logic Levels:           22  (CARRY4=10 LUT3=4 LUT4=2 LUT5=2 LUT6=4)
  Clock Path Skew:        -0.037ns (DCD - SCD + CPR)
    Destination Clock Delay (DCD):    7.695ns = ( 27.695 - 20.000 ) 
    Source Clock Delay      (SCD):    8.298ns
    Clock Pessimism Removal (CPR):    0.565ns
  Clock Uncertainty:      0.035ns  ((TSJ^2 + TIJ^2)^1/2 + DJ) / 2 + PE
    Total System Jitter     (TSJ):    0.071ns
    Total Input Jitter      (TIJ):    0.000ns
    Discrete Jitter          (DJ):    0.000ns
    Phase Error              (PE):    0.000ns

    Location             Delay type                Incr(ns)  Path(ns)    Netlist Resource(s)
  -------------------------------------------------------------------    -------------------
                         (clock clk_50mhz rise edge)
                                                      0.000     0.000 r  
    E3                                                0.000     0.000 r  CLK100MHZ (IN)
                         net (fo=0)                   0.000     0.000    CLK100MHZ
    E3                   IBUF (Prop_ibuf_I_O)         1.482     1.482 r  CLK100MHZ_IBUF_inst/O
                         net (fo=1, routed)           2.025     3.506    CLK100MHZ_IBUF
    BUFGCTRL_X0Y16       BUFG (Prop_bufg_I_O)         0.096     3.602 r  CLK100MHZ_IBUF_BUFG_inst/O
                         net (fo=1, routed)           1.625     5.228    CLK100MHZ_IBUF_BUFG
    SLICE_X52Y96         FDRE (Prop_fdre_C_Q)         0.456     5.684 r  clk_50mhz_reg_reg/Q
                         net (fo=2, routed)           0.736     6.419    clk_50mhz_reg
    BUFGCTRL_X0Y0        BUFG (Prop_bufg_I_O)         0.096     6.515 r  bufg_clk/O
                         net (fo=5821, routed)        1.782     8.298    u_soc/u_npu/u_npu_engine/clk_50mhz
    SLICE_X54Y28         FDCE                                         r  u_soc/u_npu/u_npu_engine/fc_logits_reg[1][0]/C
  -------------------------------------------------------------------    -------------------
    SLICE_X54Y28         FDCE (Prop_fdce_C_Q)         0.518     8.816 r  u_soc/u_npu/u_npu_engine/fc_logits_reg[1][0]/Q
                         net (fo=12, routed)          0.868     9.684    u_soc/u_npu/u_npu_engine/fc_logits_reg[1]_0[0]
    SLICE_X55Y27         LUT4 (Prop_lut4_I0_O)        0.124     9.808 r  u_soc/u_npu/u_npu_engine/exp_val[1][12]_i_131/O
                         net (fo=1, routed)           0.000     9.808    u_soc/u_npu/u_npu_engine/exp_val[1][12]_i_131_n_0
    SLICE_X55Y27         CARRY4 (Prop_carry4_S[0]_CO[3])
                                                      0.532    10.340 r  u_soc/u_npu/u_npu_engine/exp_val_reg[1][12]_i_52/CO[3]
                         net (fo=26, routed)          0.964    11.303    u_soc/u_npu/u_npu_engine/exp_val_reg[1][12]_i_52_n_0
    SLICE_X53Y28         LUT3 (Prop_lut3_I1_O)        0.124    11.427 f  u_soc/u_npu/u_npu_engine/exp_val[1][12]_i_177/O
                         net (fo=2, routed)           0.351    11.778    u_soc/u_npu/u_npu_engine/max_score[9]
    SLICE_X53Y27         LUT6 (Prop_lut6_I4_O)        0.124    11.902 r  u_soc/u_npu/u_npu_engine/exp_val[1][12]_i_158/O
                         net (fo=1, routed)           0.616    12.518    u_soc/u_npu/u_npu_engine/exp_val[1][12]_i_158_n_0
    SLICE_X52Y27         CARRY4 (Prop_carry4_DI[3]_CO[3])
                                                      0.385    12.903 r  u_soc/u_npu/u_npu_engine/exp_val_reg[1][12]_i_121/CO[3]
                         net (fo=1, routed)           0.000    12.903    u_soc/u_npu/u_npu_engine/exp_val_reg[1][12]_i_121_n_0
    SLICE_X52Y28         CARRY4 (Prop_carry4_CI_CO[0])
                                                      0.271    13.174 r  u_soc/u_npu/u_npu_engine/exp_val_reg[1][12]_i_51/CO[0]
                         net (fo=12, routed)          0.961    14.136    u_soc/u_npu/u_npu_engine/exp_val_reg[1][12]_i_51_n_3
    SLICE_X54Y27         LUT5 (Prop_lut5_I1_O)        0.399    14.535 r  u_soc/u_npu/u_npu_engine/exp_val[2][12]_i_53/O
                         net (fo=10, routed)          0.681    15.216    u_soc/u_npu/u_npu_engine/exp_val[2][12]_i_53_n_0
    SLICE_X54Y25         LUT4 (Prop_lut4_I3_O)        0.348    15.564 r  u_soc/u_npu/u_npu_engine/exp_val[1][12]_i_139/O
                         net (fo=1, routed)           0.000    15.564    u_soc/u_npu/u_npu_engine/exp_val[1][12]_i_139_n_0
    SLICE_X54Y25         CARRY4 (Prop_carry4_S[0]_CO[3])
                                                      0.513    16.077 r  u_soc/u_npu/u_npu_engine/exp_val_reg[1][12]_i_53/CO[3]
                         net (fo=1, routed)           0.000    16.077    u_soc/u_npu/u_npu_engine/exp_val_reg[1][12]_i_53_n_0
    SLICE_X54Y26         CARRY4 (Prop_carry4_CI_CO[1])
                                                      0.157    16.234 r  u_soc/u_npu/u_npu_engine/exp_val_reg[1][12]_i_30/CO[1]
                         net (fo=64, routed)          1.030    17.264    u_soc/u_npu/u_npu_engine/exp_val_reg[1][12]_i_30_n_2
    SLICE_X59Y24         LUT3 (Prop_lut3_I2_O)        0.332    17.596 r  u_soc/u_npu/u_npu_engine/exp_val[3][12]_i_19/O
                         net (fo=1, routed)           0.000    17.596    u_soc/u_npu/u_npu_engine/exp_val[3][12]_i_19_n_0
    SLICE_X59Y24         CARRY4 (Prop_carry4_S[1]_CO[3])
                                                      0.550    18.146 r  u_soc/u_npu/u_npu_engine/exp_val_reg[3][12]_i_4/CO[3]
                         net (fo=1, routed)           0.009    18.155    u_soc/u_npu/u_npu_engine/exp_val_reg[3][12]_i_4_n_0
    SLICE_X59Y25         CARRY4 (Prop_carry4_CI_O[0])
                                                      0.222    18.377 r  u_soc/u_npu/u_npu_engine/exp_val_reg[3][12]_i_21/O[0]
                         net (fo=11, routed)          1.043    19.420    u_soc/u_npu/u_npu_engine/exp_val_reg[3][12]_i_21_n_7
    SLICE_X58Y20         LUT3 (Prop_lut3_I2_O)        0.325    19.745 r  u_soc/u_npu/u_npu_engine/exp_val[3][12]_i_31/O
                         net (fo=1, routed)           0.343    20.088    u_soc/u_npu/u_npu_engine/exp_val[3][12]_i_31_n_0
    SLICE_X59Y19         CARRY4 (Prop_carry4_DI[3]_CO[3])
                                                      0.589    20.677 r  u_soc/u_npu/u_npu_engine/exp_val_reg[3][12]_i_8/CO[3]
                         net (fo=1, routed)           0.000    20.677    u_soc/u_npu/u_npu_engine/exp_val_reg[3][12]_i_8_n_0
    SLICE_X59Y20         CARRY4 (Prop_carry4_CI_CO[3])
                                                      0.114    20.791 r  u_soc/u_npu/u_npu_engine/exp_val_reg[3][12]_i_75/CO[3]
                         net (fo=1, routed)           0.000    20.791    u_soc/u_npu/u_npu_engine/exp_val_reg[3][12]_i_75_n_0
    SLICE_X59Y21         CARRY4 (Prop_carry4_CI_O[1])
                                                      0.334    21.125 f  u_soc/u_npu/u_npu_engine/exp_val_reg[3][12]_i_119/O[1]
                         net (fo=82, routed)          1.304    22.429    u_soc/u_npu/u_npu_engine/exp_val_reg[3][12]_i_119_n_6
    SLICE_X64Y15         LUT6 (Prop_lut6_I3_O)        0.303    22.732 r  u_soc/u_npu/u_npu_engine/exp_val[3][12]_i_108/O
                         net (fo=2, routed)           0.695    23.427    u_soc/u_npu/u_npu_engine/exp_val[3][12]_i_108_n_0
    SLICE_X65Y15         LUT6 (Prop_lut6_I1_O)        0.124    23.551 r  u_soc/u_npu/u_npu_engine/exp_val[3][8]_i_7/O
                         net (fo=2, routed)           0.817    24.368    u_soc/u_npu/u_npu_engine/exp_val[3][8]_i_7_n_0
    SLICE_X65Y17         LUT3 (Prop_lut3_I2_O)        0.152    24.520 r  u_soc/u_npu/u_npu_engine/exp_val[3][8]_i_4/O
                         net (fo=4, routed)           0.874    25.394    u_soc/u_npu/u_npu_engine/exp_val[3][8]_i_4_n_0
    SLICE_X62Y19         LUT6 (Prop_lut6_I3_O)        0.326    25.720 r  u_soc/u_npu/u_npu_engine/exp_val[3][4]_i_2/O
                         net (fo=2, routed)           0.811    26.531    u_soc/u_npu/u_npu_engine/exp_val[3][4]_i_2_n_0
    SLICE_X60Y22         LUT5 (Prop_lut5_I2_O)        0.124    26.655 r  u_soc/u_npu/u_npu_engine/exp_val[3][4]_i_1/O
                         net (fo=1, routed)           0.000    26.655    u_soc/u_npu/u_npu_engine/exp_val[3][4]_i_1_n_0
    SLICE_X60Y22         FDCE                                         r  u_soc/u_npu/u_npu_engine/exp_val_reg[3][4]/D
  -------------------------------------------------------------------    -------------------

                         (clock clk_50mhz rise edge)
                                                     20.000    20.000 r  
    E3                                                0.000    20.000 r  CLK100MHZ (IN)
                         net (fo=0)                   0.000    20.000    CLK100MHZ
    E3                   IBUF (Prop_ibuf_I_O)         1.411    21.411 r  CLK100MHZ_IBUF_inst/O
                         net (fo=1, routed)           1.920    23.331    CLK100MHZ_IBUF
    BUFGCTRL_X0Y16       BUFG (Prop_bufg_I_O)         0.091    23.422 r  CLK100MHZ_IBUF_BUFG_inst/O
                         net (fo=1, routed)           1.504    24.927    CLK100MHZ_IBUF_BUFG
    SLICE_X52Y96         FDRE (Prop_fdre_C_Q)         0.367    25.294 r  clk_50mhz_reg_reg/Q
                         net (fo=2, routed)           0.654    25.947    clk_50mhz_reg
    BUFGCTRL_X0Y0        BUFG (Prop_bufg_I_O)         0.091    26.038 r  bufg_clk/O
                         net (fo=5821, routed)        1.657    27.695    u_soc/u_npu/u_npu_engine/clk_50mhz
    SLICE_X60Y22         FDCE                                         r  u_soc/u_npu/u_npu_engine/exp_val_reg[3][4]/C
                         clock pessimism              0.565    28.261    
                         clock uncertainty           -0.035    28.225    
    SLICE_X60Y22         FDCE (Setup_fdce_C_D)        0.081    28.306    u_soc/u_npu/u_npu_engine/exp_val_reg[3][4]
  -------------------------------------------------------------------
                         required time                         28.306    
                         arrival time                         -26.655    
  -------------------------------------------------------------------
                         slack                                  1.651    

Slack (MET) :             1.658ns  (required time - arrival time)
  Source:                 u_soc/u_npu/u_npu_engine/fc_logits_reg[1][0]/C
                            (rising edge-triggered cell FDCE clocked by clk_50mhz  {rise@0.000ns fall@10.000ns period=20.000ns})
  Destination:            u_soc/u_npu/u_npu_engine/exp_val_reg[3][3]/D
                            (rising edge-triggered cell FDCE clocked by clk_50mhz  {rise@0.000ns fall@10.000ns period=20.000ns})
  Path Group:             clk_50mhz
  Path Type:              Setup (Max at Slow Process Corner)
  Requirement:            20.000ns  (clk_50mhz rise@20.000ns - clk_50mhz rise@0.000ns)
  Data Path Delay:        18.346ns  (logic 6.990ns (38.100%)  route 11.356ns (61.900%))
  Logic Levels:           22  (CARRY4=10 LUT3=4 LUT4=2 LUT5=2 LUT6=4)
  Clock Path Skew:        -0.037ns (DCD - SCD + CPR)
    Destination Clock Delay (DCD):    7.695ns = ( 27.695 - 20.000 ) 
    Source Clock Delay      (SCD):    8.298ns
    Clock Pessimism Removal (CPR):    0.565ns
  Clock Uncertainty:      0.035ns  ((TSJ^2 + TIJ^2)^1/2 + DJ) / 2 + PE
    Total System Jitter     (TSJ):    0.071ns
    Total Input Jitter      (TIJ):    0.000ns
    Discrete Jitter          (DJ):    0.000ns
    Phase Error              (PE):    0.000ns

    Location             Delay type                Incr(ns)  Path(ns)    Netlist Resource(s)
  -------------------------------------------------------------------    -------------------
                         (clock clk_50mhz rise edge)
                                                      0.000     0.000 r  
    E3                                                0.000     0.000 r  CLK100MHZ (IN)
                         net (fo=0)                   0.000     0.000    CLK100MHZ
    E3                   IBUF (Prop_ibuf_I_O)         1.482     1.482 r  CLK100MHZ_IBUF_inst/O
                         net (fo=1, routed)           2.025     3.506    CLK100MHZ_IBUF
    BUFGCTRL_X0Y16       BUFG (Prop_bufg_I_O)         0.096     3.602 r  CLK100MHZ_IBUF_BUFG_inst/O
                         net (fo=1, routed)           1.625     5.228    CLK100MHZ_IBUF_BUFG
    SLICE_X52Y96         FDRE (Prop_fdre_C_Q)         0.456     5.684 r  clk_50mhz_reg_reg/Q
                         net (fo=2, routed)           0.736     6.419    clk_50mhz_reg
    BUFGCTRL_X0Y0        BUFG (Prop_bufg_I_O)         0.096     6.515 r  bufg_clk/O
                         net (fo=5821, routed)        1.782     8.298    u_soc/u_npu/u_npu_engine/clk_50mhz
    SLICE_X54Y28         FDCE                                         r  u_soc/u_npu/u_npu_engine/fc_logits_reg[1][0]/C
  -------------------------------------------------------------------    -------------------
    SLICE_X54Y28         FDCE (Prop_fdce_C_Q)         0.518     8.816 r  u_soc/u_npu/u_npu_engine/fc_logits_reg[1][0]/Q
                         net (fo=12, routed)          0.868     9.684    u_soc/u_npu/u_npu_engine/fc_logits_reg[1]_0[0]
    SLICE_X55Y27         LUT4 (Prop_lut4_I0_O)        0.124     9.808 r  u_soc/u_npu/u_npu_engine/exp_val[1][12]_i_131/O
                         net (fo=1, routed)           0.000     9.808    u_soc/u_npu/u_npu_engine/exp_val[1][12]_i_131_n_0
    SLICE_X55Y27         CARRY4 (Prop_carry4_S[0]_CO[3])
                                                      0.532    10.340 r  u_soc/u_npu/u_npu_engine/exp_val_reg[1][12]_i_52/CO[3]
                         net (fo=26, routed)          0.964    11.303    u_soc/u_npu/u_npu_engine/exp_val_reg[1][12]_i_52_n_0
    SLICE_X53Y28         LUT3 (Prop_lut3_I1_O)        0.124    11.427 f  u_soc/u_npu/u_npu_engine/exp_val[1][12]_i_177/O
                         net (fo=2, routed)           0.351    11.778    u_soc/u_npu/u_npu_engine/max_score[9]
    SLICE_X53Y27         LUT6 (Prop_lut6_I4_O)        0.124    11.902 r  u_soc/u_npu/u_npu_engine/exp_val[1][12]_i_158/O
                         net (fo=1, routed)           0.616    12.518    u_soc/u_npu/u_npu_engine/exp_val[1][12]_i_158_n_0
    SLICE_X52Y27         CARRY4 (Prop_carry4_DI[3]_CO[3])
                                                      0.385    12.903 r  u_soc/u_npu/u_npu_engine/exp_val_reg[1][12]_i_121/CO[3]
                         net (fo=1, routed)           0.000    12.903    u_soc/u_npu/u_npu_engine/exp_val_reg[1][12]_i_121_n_0
    SLICE_X52Y28         CARRY4 (Prop_carry4_CI_CO[0])
                                                      0.271    13.174 r  u_soc/u_npu/u_npu_engine/exp_val_reg[1][12]_i_51/CO[0]
                         net (fo=12, routed)          0.961    14.136    u_soc/u_npu/u_npu_engine/exp_val_reg[1][12]_i_51_n_3
    SLICE_X54Y27         LUT5 (Prop_lut5_I1_O)        0.399    14.535 r  u_soc/u_npu/u_npu_engine/exp_val[2][12]_i_53/O
                         net (fo=10, routed)          0.681    15.216    u_soc/u_npu/u_npu_engine/exp_val[2][12]_i_53_n_0
    SLICE_X54Y25         LUT4 (Prop_lut4_I3_O)        0.348    15.564 r  u_soc/u_npu/u_npu_engine/exp_val[1][12]_i_139/O
                         net (fo=1, routed)           0.000    15.564    u_soc/u_npu/u_npu_engine/exp_val[1][12]_i_139_n_0
    SLICE_X54Y25         CARRY4 (Prop_carry4_S[0]_CO[3])
                                                      0.513    16.077 r  u_soc/u_npu/u_npu_engine/exp_val_reg[1][12]_i_53/CO[3]
                         net (fo=1, routed)           0.000    16.077    u_soc/u_npu/u_npu_engine/exp_val_reg[1][12]_i_53_n_0
    SLICE_X54Y26         CARRY4 (Prop_carry4_CI_CO[1])
                                                      0.157    16.234 r  u_soc/u_npu/u_npu_engine/exp_val_reg[1][12]_i_30/CO[1]
                         net (fo=64, routed)          1.030    17.264    u_soc/u_npu/u_npu_engine/exp_val_reg[1][12]_i_30_n_2
    SLICE_X59Y24         LUT3 (Prop_lut3_I2_O)        0.332    17.596 r  u_soc/u_npu/u_npu_engine/exp_val[3][12]_i_19/O
                         net (fo=1, routed)           0.000    17.596    u_soc/u_npu/u_npu_engine/exp_val[3][12]_i_19_n_0
    SLICE_X59Y24         CARRY4 (Prop_carry4_S[1]_CO[3])
                                                      0.550    18.146 r  u_soc/u_npu/u_npu_engine/exp_val_reg[3][12]_i_4/CO[3]
                         net (fo=1, routed)           0.009    18.155    u_soc/u_npu/u_npu_engine/exp_val_reg[3][12]_i_4_n_0
    SLICE_X59Y25         CARRY4 (Prop_carry4_CI_O[0])
                                                      0.222    18.377 r  u_soc/u_npu/u_npu_engine/exp_val_reg[3][12]_i_21/O[0]
                         net (fo=11, routed)          1.043    19.420    u_soc/u_npu/u_npu_engine/exp_val_reg[3][12]_i_21_n_7
    SLICE_X58Y20         LUT3 (Prop_lut3_I2_O)        0.325    19.745 r  u_soc/u_npu/u_npu_engine/exp_val[3][12]_i_31/O
                         net (fo=1, routed)           0.343    20.088    u_soc/u_npu/u_npu_engine/exp_val[3][12]_i_31_n_0
    SLICE_X59Y19         CARRY4 (Prop_carry4_DI[3]_CO[3])
                                                      0.589    20.677 r  u_soc/u_npu/u_npu_engine/exp_val_reg[3][12]_i_8/CO[3]
                         net (fo=1, routed)           0.000    20.677    u_soc/u_npu/u_npu_engine/exp_val_reg[3][12]_i_8_n_0
    SLICE_X59Y20         CARRY4 (Prop_carry4_CI_CO[3])
                                                      0.114    20.791 r  u_soc/u_npu/u_npu_engine/exp_val_reg[3][12]_i_75/CO[3]
                         net (fo=1, routed)           0.000    20.791    u_soc/u_npu/u_npu_engine/exp_val_reg[3][12]_i_75_n_0
    SLICE_X59Y21         CARRY4 (Prop_carry4_CI_O[1])
                                                      0.334    21.125 f  u_soc/u_npu/u_npu_engine/exp_val_reg[3][12]_i_119/O[1]
                         net (fo=82, routed)          1.304    22.429    u_soc/u_npu/u_npu_engine/exp_val_reg[3][12]_i_119_n_6
    SLICE_X64Y15         LUT6 (Prop_lut6_I3_O)        0.303    22.732 r  u_soc/u_npu/u_npu_engine/exp_val[3][12]_i_108/O
                         net (fo=2, routed)           0.695    23.427    u_soc/u_npu/u_npu_engine/exp_val[3][12]_i_108_n_0
    SLICE_X65Y15         LUT6 (Prop_lut6_I1_O)        0.124    23.551 r  u_soc/u_npu/u_npu_engine/exp_val[3][8]_i_7/O
                         net (fo=2, routed)           0.817    24.368    u_soc/u_npu/u_npu_engine/exp_val[3][8]_i_7_n_0
    SLICE_X65Y17         LUT3 (Prop_lut3_I2_O)        0.152    24.520 r  u_soc/u_npu/u_npu_engine/exp_val[3][8]_i_4/O
                         net (fo=4, routed)           0.874    25.394    u_soc/u_npu/u_npu_engine/exp_val[3][8]_i_4_n_0
    SLICE_X62Y19         LUT6 (Prop_lut6_I3_O)        0.326    25.720 r  u_soc/u_npu/u_npu_engine/exp_val[3][4]_i_2/O
                         net (fo=2, routed)           0.800    26.520    u_soc/u_npu/u_npu_engine/exp_val[3][4]_i_2_n_0
    SLICE_X60Y22         LUT5 (Prop_lut5_I1_O)        0.124    26.644 r  u_soc/u_npu/u_npu_engine/exp_val[3][3]_i_1/O
                         net (fo=1, routed)           0.000    26.644    u_soc/u_npu/u_npu_engine/exp_val[3][3]_i_1_n_0
    SLICE_X60Y22         FDCE                                         r  u_soc/u_npu/u_npu_engine/exp_val_reg[3][3]/D
  -------------------------------------------------------------------    -------------------

                         (clock clk_50mhz rise edge)
                                                     20.000    20.000 r  
    E3                                                0.000    20.000 r  CLK100MHZ (IN)
                         net (fo=0)                   0.000    20.000    CLK100MHZ
    E3                   IBUF (Prop_ibuf_I_O)         1.411    21.411 r  CLK100MHZ_IBUF_inst/O
                         net (fo=1, routed)           1.920    23.331    CLK100MHZ_IBUF
    BUFGCTRL_X0Y16       BUFG (Prop_bufg_I_O)         0.091    23.422 r  CLK100MHZ_IBUF_BUFG_inst/O
                         net (fo=1, routed)           1.504    24.927    CLK100MHZ_IBUF_BUFG
    SLICE_X52Y96         FDRE (Prop_fdre_C_Q)         0.367    25.294 r  clk_50mhz_reg_reg/Q
                         net (fo=2, routed)           0.654    25.947    clk_50mhz_reg
    BUFGCTRL_X0Y0        BUFG (Prop_bufg_I_O)         0.091    26.038 r  bufg_clk/O
                         net (fo=5821, routed)        1.657    27.695    u_soc/u_npu/u_npu_engine/clk_50mhz
    SLICE_X60Y22         FDCE                                         r  u_soc/u_npu/u_npu_engine/exp_val_reg[3][3]/C
                         clock pessimism              0.565    28.261    
                         clock uncertainty           -0.035    28.225    
    SLICE_X60Y22         FDCE (Setup_fdce_C_D)        0.077    28.302    u_soc/u_npu/u_npu_engine/exp_val_reg[3][3]
  -------------------------------------------------------------------
                         required time                         28.302    
                         arrival time                         -26.644    
  -------------------------------------------------------------------
                         slack                                  1.658    

Slack (MET) :             1.729ns  (required time - arrival time)
  Source:                 u_soc/u_npu/u_npu_engine/fc_logits_reg[1][0]/C
                            (rising edge-triggered cell FDCE clocked by clk_50mhz  {rise@0.000ns fall@10.000ns period=20.000ns})
  Destination:            u_soc/u_npu/u_npu_engine/exp_val_reg[3][6]/D
                            (rising edge-triggered cell FDCE clocked by clk_50mhz  {rise@0.000ns fall@10.000ns period=20.000ns})
  Path Group:             clk_50mhz
  Path Type:              Setup (Max at Slow Process Corner)
  Requirement:            20.000ns  (clk_50mhz rise@20.000ns - clk_50mhz rise@0.000ns)
  Data Path Delay:        18.228ns  (logic 6.990ns (38.348%)  route 11.238ns (61.652%))
  Logic Levels:           22  (CARRY4=10 LUT3=4 LUT4=2 LUT5=2 LUT6=4)
  Clock Path Skew:        -0.037ns (DCD - SCD + CPR)
    Destination Clock Delay (DCD):    7.695ns = ( 27.695 - 20.000 ) 
    Source Clock Delay      (SCD):    8.298ns
    Clock Pessimism Removal (CPR):    0.565ns
  Clock Uncertainty:      0.035ns  ((TSJ^2 + TIJ^2)^1/2 + DJ) / 2 + PE
    Total System Jitter     (TSJ):    0.071ns
    Total Input Jitter      (TIJ):    0.000ns
    Discrete Jitter          (DJ):    0.000ns
    Phase Error              (PE):    0.000ns

    Location             Delay type                Incr(ns)  Path(ns)    Netlist Resource(s)
  -------------------------------------------------------------------    -------------------
                         (clock clk_50mhz rise edge)
                                                      0.000     0.000 r  
    E3                                                0.000     0.000 r  CLK100MHZ (IN)
                         net (fo=0)                   0.000     0.000    CLK100MHZ
    E3                   IBUF (Prop_ibuf_I_O)         1.482     1.482 r  CLK100MHZ_IBUF_inst/O
                         net (fo=1, routed)           2.025     3.506    CLK100MHZ_IBUF
    BUFGCTRL_X0Y16       BUFG (Prop_bufg_I_O)         0.096     3.602 r  CLK100MHZ_IBUF_BUFG_inst/O
                         net (fo=1, routed)           1.625     5.228    CLK100MHZ_IBUF_BUFG
    SLICE_X52Y96         FDRE (Prop_fdre_C_Q)         0.456     5.684 r  clk_50mhz_reg_reg/Q
                         net (fo=2, routed)           0.736     6.419    clk_50mhz_reg
    BUFGCTRL_X0Y0        BUFG (Prop_bufg_I_O)         0.096     6.515 r  bufg_clk/O
                         net (fo=5821, routed)        1.782     8.298    u_soc/u_npu/u_npu_engine/clk_50mhz
    SLICE_X54Y28         FDCE                                         r  u_soc/u_npu/u_npu_engine/fc_logits_reg[1][0]/C
  -------------------------------------------------------------------    -------------------
    SLICE_X54Y28         FDCE (Prop_fdce_C_Q)         0.518     8.816 r  u_soc/u_npu/u_npu_engine/fc_logits_reg[1][0]/Q
                         net (fo=12, routed)          0.868     9.684    u_soc/u_npu/u_npu_engine/fc_logits_reg[1]_0[0]
    SLICE_X55Y27         LUT4 (Prop_lut4_I0_O)        0.124     9.808 r  u_soc/u_npu/u_npu_engine/exp_val[1][12]_i_131/O
                         net (fo=1, routed)           0.000     9.808    u_soc/u_npu/u_npu_engine/exp_val[1][12]_i_131_n_0
    SLICE_X55Y27         CARRY4 (Prop_carry4_S[0]_CO[3])
                                                      0.532    10.340 r  u_soc/u_npu/u_npu_engine/exp_val_reg[1][12]_i_52/CO[3]
                         net (fo=26, routed)          0.964    11.303    u_soc/u_npu/u_npu_engine/exp_val_reg[1][12]_i_52_n_0
    SLICE_X53Y28         LUT3 (Prop_lut3_I1_O)        0.124    11.427 f  u_soc/u_npu/u_npu_engine/exp_val[1][12]_i_177/O
                         net (fo=2, routed)           0.351    11.778    u_soc/u_npu/u_npu_engine/max_score[9]
    SLICE_X53Y27         LUT6 (Prop_lut6_I4_O)        0.124    11.902 r  u_soc/u_npu/u_npu_engine/exp_val[1][12]_i_158/O
                         net (fo=1, routed)           0.616    12.518    u_soc/u_npu/u_npu_engine/exp_val[1][12]_i_158_n_0
    SLICE_X52Y27         CARRY4 (Prop_carry4_DI[3]_CO[3])
                                                      0.385    12.903 r  u_soc/u_npu/u_npu_engine/exp_val_reg[1][12]_i_121/CO[3]
                         net (fo=1, routed)           0.000    12.903    u_soc/u_npu/u_npu_engine/exp_val_reg[1][12]_i_121_n_0
    SLICE_X52Y28         CARRY4 (Prop_carry4_CI_CO[0])
                                                      0.271    13.174 r  u_soc/u_npu/u_npu_engine/exp_val_reg[1][12]_i_51/CO[0]
                         net (fo=12, routed)          0.961    14.136    u_soc/u_npu/u_npu_engine/exp_val_reg[1][12]_i_51_n_3
    SLICE_X54Y27         LUT5 (Prop_lut5_I1_O)        0.399    14.535 r  u_soc/u_npu/u_npu_engine/exp_val[2][12]_i_53/O
                         net (fo=10, routed)          0.681    15.216    u_soc/u_npu/u_npu_engine/exp_val[2][12]_i_53_n_0
    SLICE_X54Y25         LUT4 (Prop_lut4_I3_O)        0.348    15.564 r  u_soc/u_npu/u_npu_engine/exp_val[1][12]_i_139/O
                         net (fo=1, routed)           0.000    15.564    u_soc/u_npu/u_npu_engine/exp_val[1][12]_i_139_n_0
    SLICE_X54Y25         CARRY4 (Prop_carry4_S[0]_CO[3])
                                                      0.513    16.077 r  u_soc/u_npu/u_npu_engine/exp_val_reg[1][12]_i_53/CO[3]
                         net (fo=1, routed)           0.000    16.077    u_soc/u_npu/u_npu_engine/exp_val_reg[1][12]_i_53_n_0
    SLICE_X54Y26         CARRY4 (Prop_carry4_CI_CO[1])
                                                      0.157    16.234 r  u_soc/u_npu/u_npu_engine/exp_val_reg[1][12]_i_30/CO[1]
                         net (fo=64, routed)          1.030    17.264    u_soc/u_npu/u_npu_engine/exp_val_reg[1][12]_i_30_n_2
    SLICE_X59Y24         LUT3 (Prop_lut3_I2_O)        0.332    17.596 r  u_soc/u_npu/u_npu_engine/exp_val[3][12]_i_19/O
                         net (fo=1, routed)           0.000    17.596    u_soc/u_npu/u_npu_engine/exp_val[3][12]_i_19_n_0
    SLICE_X59Y24         CARRY4 (Prop_carry4_S[1]_CO[3])
                                                      0.550    18.146 r  u_soc/u_npu/u_npu_engine/exp_val_reg[3][12]_i_4/CO[3]
                         net (fo=1, routed)           0.009    18.155    u_soc/u_npu/u_npu_engine/exp_val_reg[3][12]_i_4_n_0
    SLICE_X59Y25         CARRY4 (Prop_carry4_CI_O[0])
                                                      0.222    18.377 r  u_soc/u_npu/u_npu_engine/exp_val_reg[3][12]_i_21/O[0]
                         net (fo=11, routed)          1.043    19.420    u_soc/u_npu/u_npu_engine/exp_val_reg[3][12]_i_21_n_7
    SLICE_X58Y20         LUT3 (Prop_lut3_I2_O)        0.325    19.745 r  u_soc/u_npu/u_npu_engine/exp_val[3][12]_i_31/O
                         net (fo=1, routed)           0.343    20.088    u_soc/u_npu/u_npu_engine/exp_val[3][12]_i_31_n_0
    SLICE_X59Y19         CARRY4 (Prop_carry4_DI[3]_CO[3])
                                                      0.589    20.677 r  u_soc/u_npu/u_npu_engine/exp_val_reg[3][12]_i_8/CO[3]
                         net (fo=1, routed)           0.000    20.677    u_soc/u_npu/u_npu_engine/exp_val_reg[3][12]_i_8_n_0
    SLICE_X59Y20         CARRY4 (Prop_carry4_CI_CO[3])
                                                      0.114    20.791 r  u_soc/u_npu/u_npu_engine/exp_val_reg[3][12]_i_75/CO[3]
                         net (fo=1, routed)           0.000    20.791    u_soc/u_npu/u_npu_engine/exp_val_reg[3][12]_i_75_n_0
    SLICE_X59Y21         CARRY4 (Prop_carry4_CI_O[1])
                                                      0.334    21.125 f  u_soc/u_npu/u_npu_engine/exp_val_reg[3][12]_i_119/O[1]
                         net (fo=82, routed)          1.304    22.429    u_soc/u_npu/u_npu_engine/exp_val_reg[3][12]_i_119_n_6
    SLICE_X64Y15         LUT6 (Prop_lut6_I3_O)        0.303    22.732 r  u_soc/u_npu/u_npu_engine/exp_val[3][12]_i_108/O
                         net (fo=2, routed)           0.695    23.427    u_soc/u_npu/u_npu_engine/exp_val[3][12]_i_108_n_0
    SLICE_X65Y15         LUT6 (Prop_lut6_I1_O)        0.124    23.551 r  u_soc/u_npu/u_npu_engine/exp_val[3][8]_i_7/O
                         net (fo=2, routed)           0.817    24.368    u_soc/u_npu/u_npu_engine/exp_val[3][8]_i_7_n_0
    SLICE_X65Y17         LUT3 (Prop_lut3_I2_O)        0.152    24.520 r  u_soc/u_npu/u_npu_engine/exp_val[3][8]_i_4/O
                         net (fo=4, routed)           0.872    25.392    u_soc/u_npu/u_npu_engine/exp_val[3][8]_i_4_n_0
    SLICE_X62Y19         LUT6 (Prop_lut6_I1_O)        0.326    25.718 r  u_soc/u_npu/u_npu_engine/exp_val[3][6]_i_2/O
                         net (fo=2, routed)           0.684    26.402    u_soc/u_npu/u_npu_engine/exp_val[3][6]_i_2_n_0
    SLICE_X61Y22         LUT5 (Prop_lut5_I2_O)        0.124    26.526 r  u_soc/u_npu/u_npu_engine/exp_val[3][6]_i_1/O
                         net (fo=1, routed)           0.000    26.526    u_soc/u_npu/u_npu_engine/exp_val[3][6]_i_1_n_0
    SLICE_X61Y22         FDCE                                         r  u_soc/u_npu/u_npu_engine/exp_val_reg[3][6]/D
  -------------------------------------------------------------------    -------------------

                         (clock clk_50mhz rise edge)
                                                     20.000    20.000 r  
    E3                                                0.000    20.000 r  CLK100MHZ (IN)
                         net (fo=0)                   0.000    20.000    CLK100MHZ
    E3                   IBUF (Prop_ibuf_I_O)         1.411    21.411 r  CLK100MHZ_IBUF_inst/O
                         net (fo=1, routed)           1.920    23.331    CLK100MHZ_IBUF
    BUFGCTRL_X0Y16       BUFG (Prop_bufg_I_O)         0.091    23.422 r  CLK100MHZ_IBUF_BUFG_inst/O
                         net (fo=1, routed)           1.504    24.927    CLK100MHZ_IBUF_BUFG
    SLICE_X52Y96         FDRE (Prop_fdre_C_Q)         0.367    25.294 r  clk_50mhz_reg_reg/Q
                         net (fo=2, routed)           0.654    25.947    clk_50mhz_reg
    BUFGCTRL_X0Y0        BUFG (Prop_bufg_I_O)         0.091    26.038 r  bufg_clk/O
                         net (fo=5821, routed)        1.657    27.695    u_soc/u_npu/u_npu_engine/clk_50mhz
    SLICE_X61Y22         FDCE                                         r  u_soc/u_npu/u_npu_engine/exp_val_reg[3][6]/C
                         clock pessimism              0.565    28.261    
                         clock uncertainty           -0.035    28.225    
    SLICE_X61Y22         FDCE (Setup_fdce_C_D)        0.029    28.254    u_soc/u_npu/u_npu_engine/exp_val_reg[3][6]
  -------------------------------------------------------------------
                         required time                         28.254    
                         arrival time                         -26.526    
  -------------------------------------------------------------------
                         slack                                  1.729    

Slack (MET) :             1.734ns  (required time - arrival time)
  Source:                 u_soc/u_npu/u_npu_engine/fc_logits_reg[1][0]/C
                            (rising edge-triggered cell FDCE clocked by clk_50mhz  {rise@0.000ns fall@10.000ns period=20.000ns})
  Destination:            u_soc/u_npu/u_npu_engine/exp_val_reg[2][5]/D
                            (rising edge-triggered cell FDCE clocked by clk_50mhz  {rise@0.000ns fall@10.000ns period=20.000ns})
  Path Group:             clk_50mhz
  Path Type:              Setup (Max at Slow Process Corner)
  Requirement:            20.000ns  (clk_50mhz rise@20.000ns - clk_50mhz rise@0.000ns)
  Data Path Delay:        18.225ns  (logic 6.706ns (36.796%)  route 11.519ns (63.204%))
  Logic Levels:           21  (CARRY4=9 LUT3=3 LUT4=3 LUT5=2 LUT6=4)
  Clock Path Skew:        -0.035ns (DCD - SCD + CPR)
    Destination Clock Delay (DCD):    7.697ns = ( 27.697 - 20.000 ) 
    Source Clock Delay      (SCD):    8.298ns
    Clock Pessimism Removal (CPR):    0.565ns
  Clock Uncertainty:      0.035ns  ((TSJ^2 + TIJ^2)^1/2 + DJ) / 2 + PE
    Total System Jitter     (TSJ):    0.071ns
    Total Input Jitter      (TIJ):    0.000ns
    Discrete Jitter          (DJ):    0.000ns
    Phase Error              (PE):    0.000ns

    Location             Delay type                Incr(ns)  Path(ns)    Netlist Resource(s)
  -------------------------------------------------------------------    -------------------
                         (clock clk_50mhz rise edge)
                                                      0.000     0.000 r  
    E3                                                0.000     0.000 r  CLK100MHZ (IN)
                         net (fo=0)                   0.000     0.000    CLK100MHZ
    E3                   IBUF (Prop_ibuf_I_O)         1.482     1.482 r  CLK100MHZ_IBUF_inst/O
                         net (fo=1, routed)           2.025     3.506    CLK100MHZ_IBUF
    BUFGCTRL_X0Y16       BUFG (Prop_bufg_I_O)         0.096     3.602 r  CLK100MHZ_IBUF_BUFG_inst/O
                         net (fo=1, routed)           1.625     5.228    CLK100MHZ_IBUF_BUFG
    SLICE_X52Y96         FDRE (Prop_fdre_C_Q)         0.456     5.684 r  clk_50mhz_reg_reg/Q
                         net (fo=2, routed)           0.736     6.419    clk_50mhz_reg
    BUFGCTRL_X0Y0        BUFG (Prop_bufg_I_O)         0.096     6.515 r  bufg_clk/O
                         net (fo=5821, routed)        1.782     8.298    u_soc/u_npu/u_npu_engine/clk_50mhz
    SLICE_X54Y28         FDCE                                         r  u_soc/u_npu/u_npu_engine/fc_logits_reg[1][0]/C
  -------------------------------------------------------------------    -------------------
    SLICE_X54Y28         FDCE (Prop_fdce_C_Q)         0.518     8.816 r  u_soc/u_npu/u_npu_engine/fc_logits_reg[1][0]/Q
                         net (fo=12, routed)          0.868     9.684    u_soc/u_npu/u_npu_engine/fc_logits_reg[1]_0[0]
    SLICE_X55Y27         LUT4 (Prop_lut4_I0_O)        0.124     9.808 r  u_soc/u_npu/u_npu_engine/exp_val[1][12]_i_131/O
                         net (fo=1, routed)           0.000     9.808    u_soc/u_npu/u_npu_engine/exp_val[1][12]_i_131_n_0
    SLICE_X55Y27         CARRY4 (Prop_carry4_S[0]_CO[3])
                                                      0.532    10.340 r  u_soc/u_npu/u_npu_engine/exp_val_reg[1][12]_i_52/CO[3]
                         net (fo=26, routed)          0.964    11.303    u_soc/u_npu/u_npu_engine/exp_val_reg[1][12]_i_52_n_0
    SLICE_X53Y28         LUT3 (Prop_lut3_I1_O)        0.124    11.427 f  u_soc/u_npu/u_npu_engine/exp_val[1][12]_i_177/O
                         net (fo=2, routed)           0.351    11.778    u_soc/u_npu/u_npu_engine/max_score[9]
    SLICE_X53Y27         LUT6 (Prop_lut6_I4_O)        0.124    11.902 r  u_soc/u_npu/u_npu_engine/exp_val[1][12]_i_158/O
                         net (fo=1, routed)           0.616    12.518    u_soc/u_npu/u_npu_engine/exp_val[1][12]_i_158_n_0
    SLICE_X52Y27         CARRY4 (Prop_carry4_DI[3]_CO[3])
                                                      0.385    12.903 r  u_soc/u_npu/u_npu_engine/exp_val_reg[1][12]_i_121/CO[3]
                         net (fo=1, routed)           0.000    12.903    u_soc/u_npu/u_npu_engine/exp_val_reg[1][12]_i_121_n_0
    SLICE_X52Y28         CARRY4 (Prop_carry4_CI_CO[0])
                                                      0.271    13.174 r  u_soc/u_npu/u_npu_engine/exp_val_reg[1][12]_i_51/CO[0]
                         net (fo=12, routed)          0.961    14.136    u_soc/u_npu/u_npu_engine/exp_val_reg[1][12]_i_51_n_3
    SLICE_X54Y27         LUT5 (Prop_lut5_I1_O)        0.399    14.535 r  u_soc/u_npu/u_npu_engine/exp_val[2][12]_i_53/O
                         net (fo=10, routed)          0.681    15.216    u_soc/u_npu/u_npu_engine/exp_val[2][12]_i_53_n_0
    SLICE_X54Y25         LUT4 (Prop_lut4_I3_O)        0.348    15.564 r  u_soc/u_npu/u_npu_engine/exp_val[1][12]_i_139/O
                         net (fo=1, routed)           0.000    15.564    u_soc/u_npu/u_npu_engine/exp_val[1][12]_i_139_n_0
    SLICE_X54Y25         CARRY4 (Prop_carry4_S[0]_CO[3])
                                                      0.513    16.077 r  u_soc/u_npu/u_npu_engine/exp_val_reg[1][12]_i_53/CO[3]
                         net (fo=1, routed)           0.000    16.077    u_soc/u_npu/u_npu_engine/exp_val_reg[1][12]_i_53_n_0
    SLICE_X54Y26         CARRY4 (Prop_carry4_CI_CO[1])
                                                      0.157    16.234 r  u_soc/u_npu/u_npu_engine/exp_val_reg[1][12]_i_30/CO[1]
                         net (fo=64, routed)          0.962    17.196    u_soc/u_npu/u_npu_engine/exp_val_reg[1][12]_i_30_n_2
    SLICE_X58Y27         LUT4 (Prop_lut4_I2_O)        0.332    17.528 r  u_soc/u_npu/u_npu_engine/exp_val[2][12]_i_18/O
                         net (fo=1, routed)           0.000    17.528    u_soc/u_npu/u_npu_engine/exp_val[2][12]_i_18_n_0
    SLICE_X58Y27         CARRY4 (Prop_carry4_S[2]_CO[3])
                                                      0.380    17.908 r  u_soc/u_npu/u_npu_engine/exp_val_reg[2][12]_i_4/CO[3]
                         net (fo=1, routed)           0.000    17.908    u_soc/u_npu/u_npu_engine/exp_val_reg[2][12]_i_4_n_0
    SLICE_X58Y28         CARRY4 (Prop_carry4_CI_O[0])
                                                      0.219    18.127 r  u_soc/u_npu/u_npu_engine/exp_val_reg[2][12]_i_21/O[0]
                         net (fo=11, routed)          1.204    19.331    u_soc/u_npu/u_npu_engine/exp_val_reg[2][12]_i_21_n_7
    SLICE_X65Y24         LUT3 (Prop_lut3_I2_O)        0.321    19.652 r  u_soc/u_npu/u_npu_engine/exp_val[2][12]_i_31/O
                         net (fo=1, routed)           0.475    20.127    u_soc/u_npu/u_npu_engine/exp_val[2][12]_i_31_n_0
    SLICE_X66Y23         CARRY4 (Prop_carry4_DI[3]_CO[3])
                                                      0.604    20.731 r  u_soc/u_npu/u_npu_engine/exp_val_reg[2][12]_i_8/CO[3]
                         net (fo=1, routed)           0.000    20.731    u_soc/u_npu/u_npu_engine/exp_val_reg[2][12]_i_8_n_0
    SLICE_X66Y24         CARRY4 (Prop_carry4_CI_O[1])
                                                      0.323    21.054 r  u_soc/u_npu/u_npu_engine/exp_val_reg[2][12]_i_79/O[1]
                         net (fo=81, routed)          1.328    22.382    u_soc/u_npu/u_npu_engine/exp_val_reg[2][12]_i_79_n_6
    SLICE_X75Y23         LUT6 (Prop_lut6_I0_O)        0.306    22.688 r  u_soc/u_npu/u_npu_engine/exp_val[2][12]_i_114/O
                         net (fo=1, routed)           0.684    23.372    u_soc/u_npu/u_npu_engine/exp_val[2][12]_i_114_n_0
    SLICE_X75Y22         LUT6 (Prop_lut6_I1_O)        0.124    23.496 r  u_soc/u_npu/u_npu_engine/exp_val[2][12]_i_48/O
                         net (fo=2, routed)           0.845    24.341    u_soc/u_npu/u_npu_engine/exp_val[2][12]_i_48_n_0
    SLICE_X73Y23         LUT3 (Prop_lut3_I0_O)        0.152    24.493 r  u_soc/u_npu/u_npu_engine/exp_val[2][8]_i_4/O
                         net (fo=4, routed)           0.713    25.206    u_soc/u_npu/u_npu_engine/exp_val[2][8]_i_4_n_0
    SLICE_X72Y23         LUT6 (Prop_lut6_I1_O)        0.326    25.532 r  u_soc/u_npu/u_npu_engine/exp_val[2][6]_i_2/O
                         net (fo=2, routed)           0.867    26.399    u_soc/u_npu/u_npu_engine/exp_val[2][6]_i_2_n_0
    SLICE_X64Y23         LUT5 (Prop_lut5_I1_O)        0.124    26.523 r  u_soc/u_npu/u_npu_engine/exp_val[2][5]_i_1/O
                         net (fo=1, routed)           0.000    26.523    u_soc/u_npu/u_npu_engine/exp_val[2][5]_i_1_n_0
    SLICE_X64Y23         FDCE                                         r  u_soc/u_npu/u_npu_engine/exp_val_reg[2][5]/D
  -------------------------------------------------------------------    -------------------

                         (clock clk_50mhz rise edge)
                                                     20.000    20.000 r  
    E3                                                0.000    20.000 r  CLK100MHZ (IN)
                         net (fo=0)                   0.000    20.000    CLK100MHZ
    E3                   IBUF (Prop_ibuf_I_O)         1.411    21.411 r  CLK100MHZ_IBUF_inst/O
                         net (fo=1, routed)           1.920    23.331    CLK100MHZ_IBUF
    BUFGCTRL_X0Y16       BUFG (Prop_bufg_I_O)         0.091    23.422 r  CLK100MHZ_IBUF_BUFG_inst/O
                         net (fo=1, routed)           1.504    24.927    CLK100MHZ_IBUF_BUFG
    SLICE_X52Y96         FDRE (Prop_fdre_C_Q)         0.367    25.294 r  clk_50mhz_reg_reg/Q
                         net (fo=2, routed)           0.654    25.947    clk_50mhz_reg
    BUFGCTRL_X0Y0        BUFG (Prop_bufg_I_O)         0.091    26.038 r  bufg_clk/O
                         net (fo=5821, routed)        1.659    27.697    u_soc/u_npu/u_npu_engine/clk_50mhz
    SLICE_X64Y23         FDCE                                         r  u_soc/u_npu/u_npu_engine/exp_val_reg[2][5]/C
                         clock pessimism              0.565    28.263    
                         clock uncertainty           -0.035    28.227    
    SLICE_X64Y23         FDCE (Setup_fdce_C_D)        0.029    28.256    u_soc/u_npu/u_npu_engine/exp_val_reg[2][5]
  -------------------------------------------------------------------
                         required time                         28.256    
                         arrival time                         -26.523    
  -------------------------------------------------------------------
                         slack                                  1.734    

Slack (MET) :             1.771ns  (required time - arrival time)
  Source:                 u_soc/u_npu/u_npu_engine/fc_logits_reg[1][0]/C
                            (rising edge-triggered cell FDCE clocked by clk_50mhz  {rise@0.000ns fall@10.000ns period=20.000ns})
  Destination:            u_soc/u_npu/u_npu_engine/exp_val_reg[2][7]/D
                            (rising edge-triggered cell FDCE clocked by clk_50mhz  {rise@0.000ns fall@10.000ns period=20.000ns})
  Path Group:             clk_50mhz
  Path Type:              Setup (Max at Slow Process Corner)
  Requirement:            20.000ns  (clk_50mhz rise@20.000ns - clk_50mhz rise@0.000ns)
  Data Path Delay:        18.190ns  (logic 6.706ns (36.866%)  route 11.484ns (63.134%))
  Logic Levels:           21  (CARRY4=9 LUT3=3 LUT4=3 LUT5=2 LUT6=4)
  Clock Path Skew:        -0.035ns (DCD - SCD + CPR)
    Destination Clock Delay (DCD):    7.697ns = ( 27.697 - 20.000 ) 
    Source Clock Delay      (SCD):    8.298ns
    Clock Pessimism Removal (CPR):    0.565ns
  Clock Uncertainty:      0.035ns  ((TSJ^2 + TIJ^2)^1/2 + DJ) / 2 + PE
    Total System Jitter     (TSJ):    0.071ns
    Total Input Jitter      (TIJ):    0.000ns
    Discrete Jitter          (DJ):    0.000ns
    Phase Error              (PE):    0.000ns

    Location             Delay type                Incr(ns)  Path(ns)    Netlist Resource(s)
  -------------------------------------------------------------------    -------------------
                         (clock clk_50mhz rise edge)
                                                      0.000     0.000 r  
    E3                                                0.000     0.000 r  CLK100MHZ (IN)
                         net (fo=0)                   0.000     0.000    CLK100MHZ
    E3                   IBUF (Prop_ibuf_I_O)         1.482     1.482 r  CLK100MHZ_IBUF_inst/O
                         net (fo=1, routed)           2.025     3.506    CLK100MHZ_IBUF
    BUFGCTRL_X0Y16       BUFG (Prop_bufg_I_O)         0.096     3.602 r  CLK100MHZ_IBUF_BUFG_inst/O
                         net (fo=1, routed)           1.625     5.228    CLK100MHZ_IBUF_BUFG
    SLICE_X52Y96         FDRE (Prop_fdre_C_Q)         0.456     5.684 r  clk_50mhz_reg_reg/Q
                         net (fo=2, routed)           0.736     6.419    clk_50mhz_reg
    BUFGCTRL_X0Y0        BUFG (Prop_bufg_I_O)         0.096     6.515 r  bufg_clk/O
                         net (fo=5821, routed)        1.782     8.298    u_soc/u_npu/u_npu_engine/clk_50mhz
    SLICE_X54Y28         FDCE                                         r  u_soc/u_npu/u_npu_engine/fc_logits_reg[1][0]/C
  -------------------------------------------------------------------    -------------------
    SLICE_X54Y28         FDCE (Prop_fdce_C_Q)         0.518     8.816 r  u_soc/u_npu/u_npu_engine/fc_logits_reg[1][0]/Q
                         net (fo=12, routed)          0.868     9.684    u_soc/u_npu/u_npu_engine/fc_logits_reg[1]_0[0]
    SLICE_X55Y27         LUT4 (Prop_lut4_I0_O)        0.124     9.808 r  u_soc/u_npu/u_npu_engine/exp_val[1][12]_i_131/O
                         net (fo=1, routed)           0.000     9.808    u_soc/u_npu/u_npu_engine/exp_val[1][12]_i_131_n_0
    SLICE_X55Y27         CARRY4 (Prop_carry4_S[0]_CO[3])
                                                      0.532    10.340 r  u_soc/u_npu/u_npu_engine/exp_val_reg[1][12]_i_52/CO[3]
                         net (fo=26, routed)          0.964    11.303    u_soc/u_npu/u_npu_engine/exp_val_reg[1][12]_i_52_n_0
    SLICE_X53Y28         LUT3 (Prop_lut3_I1_O)        0.124    11.427 f  u_soc/u_npu/u_npu_engine/exp_val[1][12]_i_177/O
                         net (fo=2, routed)           0.351    11.778    u_soc/u_npu/u_npu_engine/max_score[9]
    SLICE_X53Y27         LUT6 (Prop_lut6_I4_O)        0.124    11.902 r  u_soc/u_npu/u_npu_engine/exp_val[1][12]_i_158/O
                         net (fo=1, routed)           0.616    12.518    u_soc/u_npu/u_npu_engine/exp_val[1][12]_i_158_n_0
    SLICE_X52Y27         CARRY4 (Prop_carry4_DI[3]_CO[3])
                                                      0.385    12.903 r  u_soc/u_npu/u_npu_engine/exp_val_reg[1][12]_i_121/CO[3]
                         net (fo=1, routed)           0.000    12.903    u_soc/u_npu/u_npu_engine/exp_val_reg[1][12]_i_121_n_0
    SLICE_X52Y28         CARRY4 (Prop_carry4_CI_CO[0])
                                                      0.271    13.174 r  u_soc/u_npu/u_npu_engine/exp_val_reg[1][12]_i_51/CO[0]
                         net (fo=12, routed)          0.961    14.136    u_soc/u_npu/u_npu_engine/exp_val_reg[1][12]_i_51_n_3
    SLICE_X54Y27         LUT5 (Prop_lut5_I1_O)        0.399    14.535 r  u_soc/u_npu/u_npu_engine/exp_val[2][12]_i_53/O
                         net (fo=10, routed)          0.681    15.216    u_soc/u_npu/u_npu_engine/exp_val[2][12]_i_53_n_0
    SLICE_X54Y25         LUT4 (Prop_lut4_I3_O)        0.348    15.564 r  u_soc/u_npu/u_npu_engine/exp_val[1][12]_i_139/O
                         net (fo=1, routed)           0.000    15.564    u_soc/u_npu/u_npu_engine/exp_val[1][12]_i_139_n_0
    SLICE_X54Y25         CARRY4 (Prop_carry4_S[0]_CO[3])
                                                      0.513    16.077 r  u_soc/u_npu/u_npu_engine/exp_val_reg[1][12]_i_53/CO[3]
                         net (fo=1, routed)           0.000    16.077    u_soc/u_npu/u_npu_engine/exp_val_reg[1][12]_i_53_n_0
    SLICE_X54Y26         CARRY4 (Prop_carry4_CI_CO[1])
                                                      0.157    16.234 r  u_soc/u_npu/u_npu_engine/exp_val_reg[1][12]_i_30/CO[1]
                         net (fo=64, routed)          0.962    17.196    u_soc/u_npu/u_npu_engine/exp_val_reg[1][12]_i_30_n_2
    SLICE_X58Y27         LUT4 (Prop_lut4_I2_O)        0.332    17.528 r  u_soc/u_npu/u_npu_engine/exp_val[2][12]_i_18/O
                         net (fo=1, routed)           0.000    17.528    u_soc/u_npu/u_npu_engine/exp_val[2][12]_i_18_n_0
    SLICE_X58Y27         CARRY4 (Prop_carry4_S[2]_CO[3])
                                                      0.380    17.908 r  u_soc/u_npu/u_npu_engine/exp_val_reg[2][12]_i_4/CO[3]
                         net (fo=1, routed)           0.000    17.908    u_soc/u_npu/u_npu_engine/exp_val_reg[2][12]_i_4_n_0
    SLICE_X58Y28         CARRY4 (Prop_carry4_CI_O[0])
                                                      0.219    18.127 r  u_soc/u_npu/u_npu_engine/exp_val_reg[2][12]_i_21/O[0]
                         net (fo=11, routed)          1.204    19.331    u_soc/u_npu/u_npu_engine/exp_val_reg[2][12]_i_21_n_7
    SLICE_X65Y24         LUT3 (Prop_lut3_I2_O)        0.321    19.652 r  u_soc/u_npu/u_npu_engine/exp_val[2][12]_i_31/O
                         net (fo=1, routed)           0.475    20.127    u_soc/u_npu/u_npu_engine/exp_val[2][12]_i_31_n_0
    SLICE_X66Y23         CARRY4 (Prop_carry4_DI[3]_CO[3])
                                                      0.604    20.731 r  u_soc/u_npu/u_npu_engine/exp_val_reg[2][12]_i_8/CO[3]
                         net (fo=1, routed)           0.000    20.731    u_soc/u_npu/u_npu_engine/exp_val_reg[2][12]_i_8_n_0
    SLICE_X66Y24         CARRY4 (Prop_carry4_CI_O[1])
                                                      0.323    21.054 r  u_soc/u_npu/u_npu_engine/exp_val_reg[2][12]_i_79/O[1]
                         net (fo=81, routed)          1.328    22.382    u_soc/u_npu/u_npu_engine/exp_val_reg[2][12]_i_79_n_6
    SLICE_X75Y23         LUT6 (Prop_lut6_I0_O)        0.306    22.688 r  u_soc/u_npu/u_npu_engine/exp_val[2][12]_i_114/O
                         net (fo=1, routed)           0.684    23.372    u_soc/u_npu/u_npu_engine/exp_val[2][12]_i_114_n_0
    SLICE_X75Y22         LUT6 (Prop_lut6_I1_O)        0.124    23.496 r  u_soc/u_npu/u_npu_engine/exp_val[2][12]_i_48/O
                         net (fo=2, routed)           0.845    24.341    u_soc/u_npu/u_npu_engine/exp_val[2][12]_i_48_n_0
    SLICE_X73Y23         LUT3 (Prop_lut3_I0_O)        0.152    24.493 r  u_soc/u_npu/u_npu_engine/exp_val[2][8]_i_4/O
                         net (fo=4, routed)           0.694    25.187    u_soc/u_npu/u_npu_engine/exp_val[2][8]_i_4_n_0
    SLICE_X72Y24         LUT6 (Prop_lut6_I5_O)        0.326    25.513 r  u_soc/u_npu/u_npu_engine/exp_val[2][8]_i_2/O
                         net (fo=2, routed)           0.851    26.364    u_soc/u_npu/u_npu_engine/exp_val[2][8]_i_2_n_0
    SLICE_X65Y23         LUT5 (Prop_lut5_I1_O)        0.124    26.488 r  u_soc/u_npu/u_npu_engine/exp_val[2][7]_i_1/O
                         net (fo=1, routed)           0.000    26.488    u_soc/u_npu/u_npu_engine/exp_val[2][7]_i_1_n_0
    SLICE_X65Y23         FDCE                                         r  u_soc/u_npu/u_npu_engine/exp_val_reg[2][7]/D
  -------------------------------------------------------------------    -------------------

                         (clock clk_50mhz rise edge)
                                                     20.000    20.000 r  
    E3                                                0.000    20.000 r  CLK100MHZ (IN)
                         net (fo=0)                   0.000    20.000    CLK100MHZ
    E3                   IBUF (Prop_ibuf_I_O)         1.411    21.411 r  CLK100MHZ_IBUF_inst/O
                         net (fo=1, routed)           1.920    23.331    CLK100MHZ_IBUF
    BUFGCTRL_X0Y16       BUFG (Prop_bufg_I_O)         0.091    23.422 r  CLK100MHZ_IBUF_BUFG_inst/O
                         net (fo=1, routed)           1.504    24.927    CLK100MHZ_IBUF_BUFG
    SLICE_X52Y96         FDRE (Prop_fdre_C_Q)         0.367    25.294 r  clk_50mhz_reg_reg/Q
                         net (fo=2, routed)           0.654    25.947    clk_50mhz_reg
    BUFGCTRL_X0Y0        BUFG (Prop_bufg_I_O)         0.091    26.038 r  bufg_clk/O
                         net (fo=5821, routed)        1.659    27.697    u_soc/u_npu/u_npu_engine/clk_50mhz
    SLICE_X65Y23         FDCE                                         r  u_soc/u_npu/u_npu_engine/exp_val_reg[2][7]/C
                         clock pessimism              0.565    28.263    
                         clock uncertainty           -0.035    28.227    
    SLICE_X65Y23         FDCE (Setup_fdce_C_D)        0.032    28.259    u_soc/u_npu/u_npu_engine/exp_val_reg[2][7]
  -------------------------------------------------------------------
                         required time                         28.259    
                         arrival time                         -26.488    
  -------------------------------------------------------------------
                         slack                                  1.771    

Slack (MET) :             1.777ns  (required time - arrival time)
  Source:                 u_soc/u_npu/u_npu_engine/fc_logits_reg[1][0]/C
                            (rising edge-triggered cell FDCE clocked by clk_50mhz  {rise@0.000ns fall@10.000ns period=20.000ns})
  Destination:            u_soc/u_npu/u_npu_engine/exp_val_reg[2][3]/D
                            (rising edge-triggered cell FDCE clocked by clk_50mhz  {rise@0.000ns fall@10.000ns period=20.000ns})
  Path Group:             clk_50mhz
  Path Type:              Setup (Max at Slow Process Corner)
  Requirement:            20.000ns  (clk_50mhz rise@20.000ns - clk_50mhz rise@0.000ns)
  Data Path Delay:        18.184ns  (logic 6.706ns (36.878%)  route 11.478ns (63.122%))
  Logic Levels:           21  (CARRY4=9 LUT3=3 LUT4=3 LUT5=2 LUT6=4)
  Clock Path Skew:        -0.035ns (DCD - SCD + CPR)
    Destination Clock Delay (DCD):    7.697ns = ( 27.697 - 20.000 ) 
    Source Clock Delay      (SCD):    8.298ns
    Clock Pessimism Removal (CPR):    0.565ns
  Clock Uncertainty:      0.035ns  ((TSJ^2 + TIJ^2)^1/2 + DJ) / 2 + PE
    Total System Jitter     (TSJ):    0.071ns
    Total Input Jitter      (TIJ):    0.000ns
    Discrete Jitter          (DJ):    0.000ns
    Phase Error              (PE):    0.000ns

    Location             Delay type                Incr(ns)  Path(ns)    Netlist Resource(s)
  -------------------------------------------------------------------    -------------------
                         (clock clk_50mhz rise edge)
                                                      0.000     0.000 r  
    E3                                                0.000     0.000 r  CLK100MHZ (IN)
                         net (fo=0)                   0.000     0.000    CLK100MHZ
    E3                   IBUF (Prop_ibuf_I_O)         1.482     1.482 r  CLK100MHZ_IBUF_inst/O
                         net (fo=1, routed)           2.025     3.506    CLK100MHZ_IBUF
    BUFGCTRL_X0Y16       BUFG (Prop_bufg_I_O)         0.096     3.602 r  CLK100MHZ_IBUF_BUFG_inst/O
                         net (fo=1, routed)           1.625     5.228    CLK100MHZ_IBUF_BUFG
    SLICE_X52Y96         FDRE (Prop_fdre_C_Q)         0.456     5.684 r  clk_50mhz_reg_reg/Q
                         net (fo=2, routed)           0.736     6.419    clk_50mhz_reg
    BUFGCTRL_X0Y0        BUFG (Prop_bufg_I_O)         0.096     6.515 r  bufg_clk/O
                         net (fo=5821, routed)        1.782     8.298    u_soc/u_npu/u_npu_engine/clk_50mhz
    SLICE_X54Y28         FDCE                                         r  u_soc/u_npu/u_npu_engine/fc_logits_reg[1][0]/C
  -------------------------------------------------------------------    -------------------
    SLICE_X54Y28         FDCE (Prop_fdce_C_Q)         0.518     8.816 r  u_soc/u_npu/u_npu_engine/fc_logits_reg[1][0]/Q
                         net (fo=12, routed)          0.868     9.684    u_soc/u_npu/u_npu_engine/fc_logits_reg[1]_0[0]
    SLICE_X55Y27         LUT4 (Prop_lut4_I0_O)        0.124     9.808 r  u_soc/u_npu/u_npu_engine/exp_val[1][12]_i_131/O
                         net (fo=1, routed)           0.000     9.808    u_soc/u_npu/u_npu_engine/exp_val[1][12]_i_131_n_0
    SLICE_X55Y27         CARRY4 (Prop_carry4_S[0]_CO[3])
                                                      0.532    10.340 r  u_soc/u_npu/u_npu_engine/exp_val_reg[1][12]_i_52/CO[3]
                         net (fo=26, routed)          0.964    11.303    u_soc/u_npu/u_npu_engine/exp_val_reg[1][12]_i_52_n_0
    SLICE_X53Y28         LUT3 (Prop_lut3_I1_O)        0.124    11.427 f  u_soc/u_npu/u_npu_engine/exp_val[1][12]_i_177/O
                         net (fo=2, routed)           0.351    11.778    u_soc/u_npu/u_npu_engine/max_score[9]
    SLICE_X53Y27         LUT6 (Prop_lut6_I4_O)        0.124    11.902 r  u_soc/u_npu/u_npu_engine/exp_val[1][12]_i_158/O
                         net (fo=1, routed)           0.616    12.518    u_soc/u_npu/u_npu_engine/exp_val[1][12]_i_158_n_0
    SLICE_X52Y27         CARRY4 (Prop_carry4_DI[3]_CO[3])
                                                      0.385    12.903 r  u_soc/u_npu/u_npu_engine/exp_val_reg[1][12]_i_121/CO[3]
                         net (fo=1, routed)           0.000    12.903    u_soc/u_npu/u_npu_engine/exp_val_reg[1][12]_i_121_n_0
    SLICE_X52Y28         CARRY4 (Prop_carry4_CI_CO[0])
                                                      0.271    13.174 r  u_soc/u_npu/u_npu_engine/exp_val_reg[1][12]_i_51/CO[0]
                         net (fo=12, routed)          0.961    14.136    u_soc/u_npu/u_npu_engine/exp_val_reg[1][12]_i_51_n_3
    SLICE_X54Y27         LUT5 (Prop_lut5_I1_O)        0.399    14.535 r  u_soc/u_npu/u_npu_engine/exp_val[2][12]_i_53/O
                         net (fo=10, routed)          0.681    15.216    u_soc/u_npu/u_npu_engine/exp_val[2][12]_i_53_n_0
    SLICE_X54Y25         LUT4 (Prop_lut4_I3_O)        0.348    15.564 r  u_soc/u_npu/u_npu_engine/exp_val[1][12]_i_139/O
                         net (fo=1, routed)           0.000    15.564    u_soc/u_npu/u_npu_engine/exp_val[1][12]_i_139_n_0
    SLICE_X54Y25         CARRY4 (Prop_carry4_S[0]_CO[3])
                                                      0.513    16.077 r  u_soc/u_npu/u_npu_engine/exp_val_reg[1][12]_i_53/CO[3]
                         net (fo=1, routed)           0.000    16.077    u_soc/u_npu/u_npu_engine/exp_val_reg[1][12]_i_53_n_0
    SLICE_X54Y26         CARRY4 (Prop_carry4_CI_CO[1])
                                                      0.157    16.234 r  u_soc/u_npu/u_npu_engine/exp_val_reg[1][12]_i_30/CO[1]
                         net (fo=64, routed)          0.962    17.196    u_soc/u_npu/u_npu_engine/exp_val_reg[1][12]_i_30_n_2
    SLICE_X58Y27         LUT4 (Prop_lut4_I2_O)        0.332    17.528 r  u_soc/u_npu/u_npu_engine/exp_val[2][12]_i_18/O
                         net (fo=1, routed)           0.000    17.528    u_soc/u_npu/u_npu_engine/exp_val[2][12]_i_18_n_0
    SLICE_X58Y27         CARRY4 (Prop_carry4_S[2]_CO[3])
                                                      0.380    17.908 r  u_soc/u_npu/u_npu_engine/exp_val_reg[2][12]_i_4/CO[3]
                         net (fo=1, routed)           0.000    17.908    u_soc/u_npu/u_npu_engine/exp_val_reg[2][12]_i_4_n_0
    SLICE_X58Y28         CARRY4 (Prop_carry4_CI_O[0])
                                                      0.219    18.127 r  u_soc/u_npu/u_npu_engine/exp_val_reg[2][12]_i_21/O[0]
                         net (fo=11, routed)          1.204    19.331    u_soc/u_npu/u_npu_engine/exp_val_reg[2][12]_i_21_n_7
    SLICE_X65Y24         LUT3 (Prop_lut3_I2_O)        0.321    19.652 r  u_soc/u_npu/u_npu_engine/exp_val[2][12]_i_31/O
                         net (fo=1, routed)           0.475    20.127    u_soc/u_npu/u_npu_engine/exp_val[2][12]_i_31_n_0
    SLICE_X66Y23         CARRY4 (Prop_carry4_DI[3]_CO[3])
                                                      0.604    20.731 r  u_soc/u_npu/u_npu_engine/exp_val_reg[2][12]_i_8/CO[3]
                         net (fo=1, routed)           0.000    20.731    u_soc/u_npu/u_npu_engine/exp_val_reg[2][12]_i_8_n_0
    SLICE_X66Y24         CARRY4 (Prop_carry4_CI_O[1])
                                                      0.323    21.054 r  u_soc/u_npu/u_npu_engine/exp_val_reg[2][12]_i_79/O[1]
                         net (fo=81, routed)          1.328    22.382    u_soc/u_npu/u_npu_engine/exp_val_reg[2][12]_i_79_n_6
    SLICE_X75Y23         LUT6 (Prop_lut6_I0_O)        0.306    22.688 r  u_soc/u_npu/u_npu_engine/exp_val[2][12]_i_114/O
                         net (fo=1, routed)           0.684    23.372    u_soc/u_npu/u_npu_engine/exp_val[2][12]_i_114_n_0
    SLICE_X75Y22         LUT6 (Prop_lut6_I1_O)        0.124    23.496 r  u_soc/u_npu/u_npu_engine/exp_val[2][12]_i_48/O
                         net (fo=2, routed)           0.845    24.341    u_soc/u_npu/u_npu_engine/exp_val[2][12]_i_48_n_0
    SLICE_X73Y23         LUT3 (Prop_lut3_I0_O)        0.152    24.493 r  u_soc/u_npu/u_npu_engine/exp_val[2][8]_i_4/O
                         net (fo=4, routed)           0.745    25.238    u_soc/u_npu/u_npu_engine/exp_val[2][8]_i_4_n_0
    SLICE_X72Y23         LUT6 (Prop_lut6_I3_O)        0.326    25.564 r  u_soc/u_npu/u_npu_engine/exp_val[2][4]_i_2/O
                         net (fo=2, routed)           0.794    26.358    u_soc/u_npu/u_npu_engine/exp_val[2][4]_i_2_n_0
    SLICE_X65Y23         LUT5 (Prop_lut5_I1_O)        0.124    26.482 r  u_soc/u_npu/u_npu_engine/exp_val[2][3]_i_1/O
                         net (fo=1, routed)           0.000    26.482    u_soc/u_npu/u_npu_engine/exp_val[2][3]_i_1_n_0
    SLICE_X65Y23         FDCE                                         r  u_soc/u_npu/u_npu_engine/exp_val_reg[2][3]/D
  -------------------------------------------------------------------    -------------------

                         (clock clk_50mhz rise edge)
                                                     20.000    20.000 r  
    E3                                                0.000    20.000 r  CLK100MHZ (IN)
                         net (fo=0)                   0.000    20.000    CLK100MHZ
    E3                   IBUF (Prop_ibuf_I_O)         1.411    21.411 r  CLK100MHZ_IBUF_inst/O
                         net (fo=1, routed)           1.920    23.331    CLK100MHZ_IBUF
    BUFGCTRL_X0Y16       BUFG (Prop_bufg_I_O)         0.091    23.422 r  CLK100MHZ_IBUF_BUFG_inst/O
                         net (fo=1, routed)           1.504    24.927    CLK100MHZ_IBUF_BUFG
    SLICE_X52Y96         FDRE (Prop_fdre_C_Q)         0.367    25.294 r  clk_50mhz_reg_reg/Q
                         net (fo=2, routed)           0.654    25.947    clk_50mhz_reg
    BUFGCTRL_X0Y0        BUFG (Prop_bufg_I_O)         0.091    26.038 r  bufg_clk/O
                         net (fo=5821, routed)        1.659    27.697    u_soc/u_npu/u_npu_engine/clk_50mhz
    SLICE_X65Y23         FDCE                                         r  u_soc/u_npu/u_npu_engine/exp_val_reg[2][3]/C
                         clock pessimism              0.565    28.263    
                         clock uncertainty           -0.035    28.227    
    SLICE_X65Y23         FDCE (Setup_fdce_C_D)        0.031    28.258    u_soc/u_npu/u_npu_engine/exp_val_reg[2][3]
  -------------------------------------------------------------------
                         required time                         28.258    
                         arrival time                         -26.482    
  -------------------------------------------------------------------
                         slack                                  1.777    

Slack (MET) :             1.800ns  (required time - arrival time)
  Source:                 u_soc/u_npu/u_npu_engine/fc_logits_reg[1][0]/C
                            (rising edge-triggered cell FDCE clocked by clk_50mhz  {rise@0.000ns fall@10.000ns period=20.000ns})
  Destination:            u_soc/u_npu/u_npu_engine/exp_val_reg[2][2]/D
                            (rising edge-triggered cell FDCE clocked by clk_50mhz  {rise@0.000ns fall@10.000ns period=20.000ns})
  Path Group:             clk_50mhz
  Path Type:              Setup (Max at Slow Process Corner)
  Requirement:            20.000ns  (clk_50mhz rise@20.000ns - clk_50mhz rise@0.000ns)
  Data Path Delay:        18.158ns  (logic 6.709ns (36.948%)  route 11.449ns (63.052%))
  Logic Levels:           21  (CARRY4=9 LUT3=3 LUT4=3 LUT5=2 LUT6=4)
  Clock Path Skew:        -0.035ns (DCD - SCD + CPR)
    Destination Clock Delay (DCD):    7.697ns = ( 27.697 - 20.000 ) 
    Source Clock Delay      (SCD):    8.298ns
    Clock Pessimism Removal (CPR):    0.565ns
  Clock Uncertainty:      0.035ns  ((TSJ^2 + TIJ^2)^1/2 + DJ) / 2 + PE
    Total System Jitter     (TSJ):    0.071ns
    Total Input Jitter      (TIJ):    0.000ns
    Discrete Jitter          (DJ):    0.000ns
    Phase Error              (PE):    0.000ns

    Location             Delay type                Incr(ns)  Path(ns)    Netlist Resource(s)
  -------------------------------------------------------------------    -------------------
                         (clock clk_50mhz rise edge)
                                                      0.000     0.000 r  
    E3                                                0.000     0.000 r  CLK100MHZ (IN)
                         net (fo=0)                   0.000     0.000    CLK100MHZ
    E3                   IBUF (Prop_ibuf_I_O)         1.482     1.482 r  CLK100MHZ_IBUF_inst/O
                         net (fo=1, routed)           2.025     3.506    CLK100MHZ_IBUF
    BUFGCTRL_X0Y16       BUFG (Prop_bufg_I_O)         0.096     3.602 r  CLK100MHZ_IBUF_BUFG_inst/O
                         net (fo=1, routed)           1.625     5.228    CLK100MHZ_IBUF_BUFG
    SLICE_X52Y96         FDRE (Prop_fdre_C_Q)         0.456     5.684 r  clk_50mhz_reg_reg/Q
                         net (fo=2, routed)           0.736     6.419    clk_50mhz_reg
    BUFGCTRL_X0Y0        BUFG (Prop_bufg_I_O)         0.096     6.515 r  bufg_clk/O
                         net (fo=5821, routed)        1.782     8.298    u_soc/u_npu/u_npu_engine/clk_50mhz
    SLICE_X54Y28         FDCE                                         r  u_soc/u_npu/u_npu_engine/fc_logits_reg[1][0]/C
  -------------------------------------------------------------------    -------------------
    SLICE_X54Y28         FDCE (Prop_fdce_C_Q)         0.518     8.816 r  u_soc/u_npu/u_npu_engine/fc_logits_reg[1][0]/Q
                         net (fo=12, routed)          0.868     9.684    u_soc/u_npu/u_npu_engine/fc_logits_reg[1]_0[0]
    SLICE_X55Y27         LUT4 (Prop_lut4_I0_O)        0.124     9.808 r  u_soc/u_npu/u_npu_engine/exp_val[1][12]_i_131/O
                         net (fo=1, routed)           0.000     9.808    u_soc/u_npu/u_npu_engine/exp_val[1][12]_i_131_n_0
    SLICE_X55Y27         CARRY4 (Prop_carry4_S[0]_CO[3])
                                                      0.532    10.340 r  u_soc/u_npu/u_npu_engine/exp_val_reg[1][12]_i_52/CO[3]
                         net (fo=26, routed)          0.964    11.303    u_soc/u_npu/u_npu_engine/exp_val_reg[1][12]_i_52_n_0
    SLICE_X53Y28         LUT3 (Prop_lut3_I1_O)        0.124    11.427 f  u_soc/u_npu/u_npu_engine/exp_val[1][12]_i_177/O
                         net (fo=2, routed)           0.351    11.778    u_soc/u_npu/u_npu_engine/max_score[9]
    SLICE_X53Y27         LUT6 (Prop_lut6_I4_O)        0.124    11.902 r  u_soc/u_npu/u_npu_engine/exp_val[1][12]_i_158/O
                         net (fo=1, routed)           0.616    12.518    u_soc/u_npu/u_npu_engine/exp_val[1][12]_i_158_n_0
    SLICE_X52Y27         CARRY4 (Prop_carry4_DI[3]_CO[3])
                                                      0.385    12.903 r  u_soc/u_npu/u_npu_engine/exp_val_reg[1][12]_i_121/CO[3]
                         net (fo=1, routed)           0.000    12.903    u_soc/u_npu/u_npu_engine/exp_val_reg[1][12]_i_121_n_0
    SLICE_X52Y28         CARRY4 (Prop_carry4_CI_CO[0])
                                                      0.271    13.174 r  u_soc/u_npu/u_npu_engine/exp_val_reg[1][12]_i_51/CO[0]
                         net (fo=12, routed)          0.961    14.136    u_soc/u_npu/u_npu_engine/exp_val_reg[1][12]_i_51_n_3
    SLICE_X54Y27         LUT5 (Prop_lut5_I1_O)        0.399    14.535 r  u_soc/u_npu/u_npu_engine/exp_val[2][12]_i_53/O
                         net (fo=10, routed)          0.681    15.216    u_soc/u_npu/u_npu_engine/exp_val[2][12]_i_53_n_0
    SLICE_X54Y25         LUT4 (Prop_lut4_I3_O)        0.348    15.564 r  u_soc/u_npu/u_npu_engine/exp_val[1][12]_i_139/O
                         net (fo=1, routed)           0.000    15.564    u_soc/u_npu/u_npu_engine/exp_val[1][12]_i_139_n_0
    SLICE_X54Y25         CARRY4 (Prop_carry4_S[0]_CO[3])
                                                      0.513    16.077 r  u_soc/u_npu/u_npu_engine/exp_val_reg[1][12]_i_53/CO[3]
                         net (fo=1, routed)           0.000    16.077    u_soc/u_npu/u_npu_engine/exp_val_reg[1][12]_i_53_n_0
    SLICE_X54Y26         CARRY4 (Prop_carry4_CI_CO[1])
                                                      0.157    16.234 r  u_soc/u_npu/u_npu_engine/exp_val_reg[1][12]_i_30/CO[1]
                         net (fo=64, routed)          0.962    17.196    u_soc/u_npu/u_npu_engine/exp_val_reg[1][12]_i_30_n_2
    SLICE_X58Y27         LUT4 (Prop_lut4_I2_O)        0.332    17.528 r  u_soc/u_npu/u_npu_engine/exp_val[2][12]_i_18/O
                         net (fo=1, routed)           0.000    17.528    u_soc/u_npu/u_npu_engine/exp_val[2][12]_i_18_n_0
    SLICE_X58Y27         CARRY4 (Prop_carry4_S[2]_CO[3])
                                                      0.380    17.908 r  u_soc/u_npu/u_npu_engine/exp_val_reg[2][12]_i_4/CO[3]
                         net (fo=1, routed)           0.000    17.908    u_soc/u_npu/u_npu_engine/exp_val_reg[2][12]_i_4_n_0
    SLICE_X58Y28         CARRY4 (Prop_carry4_CI_O[0])
                                                      0.219    18.127 r  u_soc/u_npu/u_npu_engine/exp_val_reg[2][12]_i_21/O[0]
                         net (fo=11, routed)          1.204    19.331    u_soc/u_npu/u_npu_engine/exp_val_reg[2][12]_i_21_n_7
    SLICE_X65Y24         LUT3 (Prop_lut3_I2_O)        0.321    19.652 r  u_soc/u_npu/u_npu_engine/exp_val[2][12]_i_31/O
                         net (fo=1, routed)           0.475    20.127    u_soc/u_npu/u_npu_engine/exp_val[2][12]_i_31_n_0
    SLICE_X66Y23         CARRY4 (Prop_carry4_DI[3]_CO[3])
                                                      0.604    20.731 r  u_soc/u_npu/u_npu_engine/exp_val_reg[2][12]_i_8/CO[3]
                         net (fo=1, routed)           0.000    20.731    u_soc/u_npu/u_npu_engine/exp_val_reg[2][12]_i_8_n_0
    SLICE_X66Y24         CARRY4 (Prop_carry4_CI_O[1])
                                                      0.323    21.054 r  u_soc/u_npu/u_npu_engine/exp_val_reg[2][12]_i_79/O[1]
                         net (fo=81, routed)          1.323    22.377    u_soc/u_npu/u_npu_engine/exp_val_reg[2][12]_i_79_n_6
    SLICE_X68Y22         LUT6 (Prop_lut6_I1_O)        0.306    22.683 r  u_soc/u_npu/u_npu_engine/exp_val[2][12]_i_75/O
                         net (fo=3, routed)           0.662    23.345    u_soc/u_npu/u_npu_engine/exp_val[2][12]_i_75_n_0
    SLICE_X68Y21         LUT6 (Prop_lut6_I1_O)        0.124    23.469 r  u_soc/u_npu/u_npu_engine/exp_val[2][5]_i_4/O
                         net (fo=1, routed)           0.778    24.246    u_soc/u_npu/u_npu_engine/exp_val[2][5]_i_4_n_0
    SLICE_X68Y22         LUT6 (Prop_lut6_I5_O)        0.124    24.370 r  u_soc/u_npu/u_npu_engine/exp_val[2][5]_i_3/O
                         net (fo=2, routed)           0.964    25.334    u_soc/u_npu/u_npu_engine/exp_val[2][5]_i_3_n_0
    SLICE_X67Y23         LUT3 (Prop_lut3_I0_O)        0.154    25.488 r  u_soc/u_npu/u_npu_engine/exp_val[2][3]_i_2/O
                         net (fo=2, routed)           0.640    26.129    u_soc/u_npu/u_npu_engine/exp_val[2][3]_i_2_n_0
    SLICE_X65Y23         LUT5 (Prop_lut5_I1_O)        0.327    26.456 r  u_soc/u_npu/u_npu_engine/exp_val[2][2]_i_1/O
                         net (fo=1, routed)           0.000    26.456    u_soc/u_npu/u_npu_engine/exp_val[2][2]_i_1_n_0
    SLICE_X65Y23         FDCE                                         r  u_soc/u_npu/u_npu_engine/exp_val_reg[2][2]/D
  -------------------------------------------------------------------    -------------------

                         (clock clk_50mhz rise edge)
                                                     20.000    20.000 r  
    E3                                                0.000    20.000 r  CLK100MHZ (IN)
                         net (fo=0)                   0.000    20.000    CLK100MHZ
    E3                   IBUF (Prop_ibuf_I_O)         1.411    21.411 r  CLK100MHZ_IBUF_inst/O
                         net (fo=1, routed)           1.920    23.331    CLK100MHZ_IBUF
    BUFGCTRL_X0Y16       BUFG (Prop_bufg_I_O)         0.091    23.422 r  CLK100MHZ_IBUF_BUFG_inst/O
                         net (fo=1, routed)           1.504    24.927    CLK100MHZ_IBUF_BUFG
    SLICE_X52Y96         FDRE (Prop_fdre_C_Q)         0.367    25.294 r  clk_50mhz_reg_reg/Q
                         net (fo=2, routed)           0.654    25.947    clk_50mhz_reg
    BUFGCTRL_X0Y0        BUFG (Prop_bufg_I_O)         0.091    26.038 r  bufg_clk/O
                         net (fo=5821, routed)        1.659    27.697    u_soc/u_npu/u_npu_engine/clk_50mhz
    SLICE_X65Y23         FDCE                                         r  u_soc/u_npu/u_npu_engine/exp_val_reg[2][2]/C
                         clock pessimism              0.565    28.263    
                         clock uncertainty           -0.035    28.227    
    SLICE_X65Y23         FDCE (Setup_fdce_C_D)        0.029    28.256    u_soc/u_npu/u_npu_engine/exp_val_reg[2][2]
  -------------------------------------------------------------------
                         required time                         28.256    
                         arrival time                         -26.456    
  -------------------------------------------------------------------
                         slack                                  1.800    

Slack (MET) :             1.801ns  (required time - arrival time)
  Source:                 u_soc/u_npu/u_npu_engine/fc_logits_reg[1][0]/C
                            (rising edge-triggered cell FDCE clocked by clk_50mhz  {rise@0.000ns fall@10.000ns period=20.000ns})
  Destination:            u_soc/u_npu/u_npu_engine/exp_val_reg[1][1]/D
                            (rising edge-triggered cell FDCE clocked by clk_50mhz  {rise@0.000ns fall@10.000ns period=20.000ns})
  Path Group:             clk_50mhz
  Path Type:              Setup (Max at Slow Process Corner)
  Requirement:            20.000ns  (clk_50mhz rise@20.000ns - clk_50mhz rise@0.000ns)
  Data Path Delay:        18.197ns  (logic 6.642ns (36.501%)  route 11.555ns (63.499%))
  Logic Levels:           22  (CARRY4=10 LUT3=2 LUT4=3 LUT5=1 LUT6=6)
  Clock Path Skew:        -0.044ns (DCD - SCD + CPR)
    Destination Clock Delay (DCD):    7.688ns = ( 27.688 - 20.000 ) 
    Source Clock Delay      (SCD):    8.298ns
    Clock Pessimism Removal (CPR):    0.565ns
  Clock Uncertainty:      0.035ns  ((TSJ^2 + TIJ^2)^1/2 + DJ) / 2 + PE
    Total System Jitter     (TSJ):    0.071ns
    Total Input Jitter      (TIJ):    0.000ns
    Discrete Jitter          (DJ):    0.000ns
    Phase Error              (PE):    0.000ns

    Location             Delay type                Incr(ns)  Path(ns)    Netlist Resource(s)
  -------------------------------------------------------------------    -------------------
                         (clock clk_50mhz rise edge)
                                                      0.000     0.000 r  
    E3                                                0.000     0.000 r  CLK100MHZ (IN)
                         net (fo=0)                   0.000     0.000    CLK100MHZ
    E3                   IBUF (Prop_ibuf_I_O)         1.482     1.482 r  CLK100MHZ_IBUF_inst/O
                         net (fo=1, routed)           2.025     3.506    CLK100MHZ_IBUF
    BUFGCTRL_X0Y16       BUFG (Prop_bufg_I_O)         0.096     3.602 r  CLK100MHZ_IBUF_BUFG_inst/O
                         net (fo=1, routed)           1.625     5.228    CLK100MHZ_IBUF_BUFG
    SLICE_X52Y96         FDRE (Prop_fdre_C_Q)         0.456     5.684 r  clk_50mhz_reg_reg/Q
                         net (fo=2, routed)           0.736     6.419    clk_50mhz_reg
    BUFGCTRL_X0Y0        BUFG (Prop_bufg_I_O)         0.096     6.515 r  bufg_clk/O
                         net (fo=5821, routed)        1.782     8.298    u_soc/u_npu/u_npu_engine/clk_50mhz
    SLICE_X54Y28         FDCE                                         r  u_soc/u_npu/u_npu_engine/fc_logits_reg[1][0]/C
  -------------------------------------------------------------------    -------------------
    SLICE_X54Y28         FDCE (Prop_fdce_C_Q)         0.518     8.816 r  u_soc/u_npu/u_npu_engine/fc_logits_reg[1][0]/Q
                         net (fo=12, routed)          0.868     9.684    u_soc/u_npu/u_npu_engine/fc_logits_reg[1]_0[0]
    SLICE_X55Y27         LUT4 (Prop_lut4_I0_O)        0.124     9.808 r  u_soc/u_npu/u_npu_engine/exp_val[1][12]_i_131/O
                         net (fo=1, routed)           0.000     9.808    u_soc/u_npu/u_npu_engine/exp_val[1][12]_i_131_n_0
    SLICE_X55Y27         CARRY4 (Prop_carry4_S[0]_CO[3])
                                                      0.532    10.340 r  u_soc/u_npu/u_npu_engine/exp_val_reg[1][12]_i_52/CO[3]
                         net (fo=26, routed)          0.964    11.303    u_soc/u_npu/u_npu_engine/exp_val_reg[1][12]_i_52_n_0
    SLICE_X53Y28         LUT3 (Prop_lut3_I1_O)        0.124    11.427 f  u_soc/u_npu/u_npu_engine/exp_val[1][12]_i_177/O
                         net (fo=2, routed)           0.351    11.778    u_soc/u_npu/u_npu_engine/max_score[9]
    SLICE_X53Y27         LUT6 (Prop_lut6_I4_O)        0.124    11.902 r  u_soc/u_npu/u_npu_engine/exp_val[1][12]_i_158/O
                         net (fo=1, routed)           0.616    12.518    u_soc/u_npu/u_npu_engine/exp_val[1][12]_i_158_n_0
    SLICE_X52Y27         CARRY4 (Prop_carry4_DI[3]_CO[3])
                                                      0.385    12.903 r  u_soc/u_npu/u_npu_engine/exp_val_reg[1][12]_i_121/CO[3]
                         net (fo=1, routed)           0.000    12.903    u_soc/u_npu/u_npu_engine/exp_val_reg[1][12]_i_121_n_0
    SLICE_X52Y28         CARRY4 (Prop_carry4_CI_CO[0])
                                                      0.271    13.174 r  u_soc/u_npu/u_npu_engine/exp_val_reg[1][12]_i_51/CO[0]
                         net (fo=12, routed)          0.961    14.136    u_soc/u_npu/u_npu_engine/exp_val_reg[1][12]_i_51_n_3
    SLICE_X54Y27         LUT5 (Prop_lut5_I1_O)        0.399    14.535 r  u_soc/u_npu/u_npu_engine/exp_val[2][12]_i_53/O
                         net (fo=10, routed)          0.681    15.216    u_soc/u_npu/u_npu_engine/exp_val[2][12]_i_53_n_0
    SLICE_X54Y25         LUT4 (Prop_lut4_I3_O)        0.348    15.564 r  u_soc/u_npu/u_npu_engine/exp_val[1][12]_i_139/O
                         net (fo=1, routed)           0.000    15.564    u_soc/u_npu/u_npu_engine/exp_val[1][12]_i_139_n_0
    SLICE_X54Y25         CARRY4 (Prop_carry4_S[0]_CO[3])
                                                      0.513    16.077 r  u_soc/u_npu/u_npu_engine/exp_val_reg[1][12]_i_53/CO[3]
                         net (fo=1, routed)           0.000    16.077    u_soc/u_npu/u_npu_engine/exp_val_reg[1][12]_i_53_n_0
    SLICE_X54Y26         CARRY4 (Prop_carry4_CI_CO[1])
                                                      0.157    16.234 r  u_soc/u_npu/u_npu_engine/exp_val_reg[1][12]_i_30/CO[1]
                         net (fo=64, routed)          0.882    17.116    u_soc/u_npu/u_npu_engine/exp_val_reg[1][12]_i_30_n_2
    SLICE_X53Y24         LUT4 (Prop_lut4_I2_O)        0.332    17.448 r  u_soc/u_npu/u_npu_engine/exp_val[1][12]_i_27/O
                         net (fo=1, routed)           0.000    17.448    u_soc/u_npu/u_npu_engine/exp_val[1][12]_i_27_n_0
    SLICE_X53Y24         CARRY4 (Prop_carry4_S[1]_CO[3])
                                                      0.550    17.998 r  u_soc/u_npu/u_npu_engine/exp_val_reg[1][12]_i_7/CO[3]
                         net (fo=1, routed)           0.009    18.007    u_soc/u_npu/u_npu_engine/exp_val_reg[1][12]_i_7_n_0
    SLICE_X53Y25         CARRY4 (Prop_carry4_CI_O[0])
                                                      0.222    18.229 r  u_soc/u_npu/u_npu_engine/exp_val_reg[1][12]_i_3/O[0]
                         net (fo=11, routed)          1.190    19.419    u_soc/u_npu/u_npu_engine/exp_val_reg[1][12]_i_3_n_7
    SLICE_X51Y24         LUT3 (Prop_lut3_I2_O)        0.325    19.744 r  u_soc/u_npu/u_npu_engine/exp_val[1][12]_i_66/O
                         net (fo=1, routed)           0.486    20.230    u_soc/u_npu/u_npu_engine/exp_val[1][12]_i_66_n_0
    SLICE_X52Y23         CARRY4 (Prop_carry4_DI[3]_CO[3])
                                                      0.587    20.817 r  u_soc/u_npu/u_npu_engine/exp_val_reg[1][12]_i_36/CO[3]
                         net (fo=1, routed)           0.000    20.817    u_soc/u_npu/u_npu_engine/exp_val_reg[1][12]_i_36_n_0
    SLICE_X52Y24         CARRY4 (Prop_carry4_CI_CO[3])
                                                      0.114    20.931 r  u_soc/u_npu/u_npu_engine/exp_val_reg[1][12]_i_140/CO[3]
                         net (fo=1, routed)           0.009    20.940    u_soc/u_npu/u_npu_engine/exp_val_reg[1][12]_i_140_n_0
    SLICE_X52Y25         CARRY4 (Prop_carry4_CI_O[0])
                                                      0.222    21.162 f  u_soc/u_npu/u_npu_engine/exp_val_reg[1][12]_i_141/O[0]
                         net (fo=76, routed)          1.328    22.490    u_soc/u_npu/u_npu_engine/p_0_out[10]
    SLICE_X41Y28         LUT6 (Prop_lut6_I2_O)        0.299    22.789 r  u_soc/u_npu/u_npu_engine/exp_val[1][12]_i_111/O
                         net (fo=1, routed)           0.811    23.600    u_soc/u_npu/u_npu_engine/exp_val[1][12]_i_111_n_0
    SLICE_X42Y28         LUT6 (Prop_lut6_I0_O)        0.124    23.724 r  u_soc/u_npu/u_npu_engine/exp_val[1][12]_i_48/O
                         net (fo=3, routed)           0.797    24.521    u_soc/u_npu/u_npu_engine/exp_val[1][12]_i_48_n_0
    SLICE_X44Y26         LUT6 (Prop_lut6_I0_O)        0.124    24.645 r  u_soc/u_npu/u_npu_engine/exp_val[1][4]_i_3/O
                         net (fo=4, routed)           1.003    25.648    u_soc/u_npu/u_npu_engine/exp_val[1][4]_i_3_n_0
    SLICE_X51Y26         LUT6 (Prop_lut6_I0_O)        0.124    25.772 r  u_soc/u_npu/u_npu_engine/exp_val[1][1]_i_2/O
                         net (fo=1, routed)           0.598    26.371    u_soc/u_npu/u_npu_engine/exp_val[1][1]_i_2_n_0
    SLICE_X56Y25         LUT6 (Prop_lut6_I4_O)        0.124    26.495 r  u_soc/u_npu/u_npu_engine/exp_val[1][1]_i_1/O
                         net (fo=1, routed)           0.000    26.495    u_soc/u_npu/u_npu_engine/exp_val[1][1]_i_1_n_0
    SLICE_X56Y25         FDCE                                         r  u_soc/u_npu/u_npu_engine/exp_val_reg[1][1]/D
  -------------------------------------------------------------------    -------------------

                         (clock clk_50mhz rise edge)
                                                     20.000    20.000 r  
    E3                                                0.000    20.000 r  CLK100MHZ (IN)
                         net (fo=0)                   0.000    20.000    CLK100MHZ
    E3                   IBUF (Prop_ibuf_I_O)         1.411    21.411 r  CLK100MHZ_IBUF_inst/O
                         net (fo=1, routed)           1.920    23.331    CLK100MHZ_IBUF
    BUFGCTRL_X0Y16       BUFG (Prop_bufg_I_O)         0.091    23.422 r  CLK100MHZ_IBUF_BUFG_inst/O
                         net (fo=1, routed)           1.504    24.927    CLK100MHZ_IBUF_BUFG
    SLICE_X52Y96         FDRE (Prop_fdre_C_Q)         0.367    25.294 r  clk_50mhz_reg_reg/Q
                         net (fo=2, routed)           0.654    25.947    clk_50mhz_reg
    BUFGCTRL_X0Y0        BUFG (Prop_bufg_I_O)         0.091    26.038 r  bufg_clk/O
                         net (fo=5821, routed)        1.650    27.688    u_soc/u_npu/u_npu_engine/clk_50mhz
    SLICE_X56Y25         FDCE                                         r  u_soc/u_npu/u_npu_engine/exp_val_reg[1][1]/C
                         clock pessimism              0.565    28.254    
                         clock uncertainty           -0.035    28.218    
    SLICE_X56Y25         FDCE (Setup_fdce_C_D)        0.077    28.295    u_soc/u_npu/u_npu_engine/exp_val_reg[1][1]
  -------------------------------------------------------------------
                         required time                         28.295    
                         arrival time                         -26.495    
  -------------------------------------------------------------------
                         slack                                  1.801    





Min Delay Paths
--------------------------------------------------------------------------------------
Slack (MET) :             0.042ns  (arrival time - required time)
  Source:                 u_soc/u_uart1/u_tx/shift_r_reg[0]/C
                            (rising edge-triggered cell FDCE clocked by clk_50mhz  {rise@0.000ns fall@10.000ns period=20.000ns})
  Destination:            u_soc/u_uart1/u_tx/o_tx_reg/D
                            (rising edge-triggered cell FDPE clocked by clk_50mhz  {rise@0.000ns fall@10.000ns period=20.000ns})
  Path Group:             clk_50mhz
  Path Type:              Hold (Min at Fast Process Corner)
  Requirement:            0.000ns  (clk_50mhz rise@0.000ns - clk_50mhz rise@0.000ns)
  Data Path Delay:        0.359ns  (logic 0.186ns (51.766%)  route 0.173ns (48.234%))
  Logic Levels:           1  (LUT4=1)
  Clock Path Skew:        0.197ns (DCD - SCD - CPR)
    Destination Clock Delay (DCD):    3.353ns
    Source Clock Delay      (SCD):    2.565ns
    Clock Pessimism Removal (CPR):    0.590ns

    Location             Delay type                Incr(ns)  Path(ns)    Netlist Resource(s)
  -------------------------------------------------------------------    -------------------
                         (clock clk_50mhz rise edge)
                                                      0.000     0.000 r  
    E3                                                0.000     0.000 r  CLK100MHZ (IN)
                         net (fo=0)                   0.000     0.000    CLK100MHZ
    E3                   IBUF (Prop_ibuf_I_O)         0.250     0.250 r  CLK100MHZ_IBUF_inst/O
                         net (fo=1, routed)           0.644     0.894    CLK100MHZ_IBUF
    BUFGCTRL_X0Y16       BUFG (Prop_bufg_I_O)         0.026     0.920 r  CLK100MHZ_IBUF_BUFG_inst/O
                         net (fo=1, routed)           0.564     1.483    CLK100MHZ_IBUF_BUFG
    SLICE_X52Y96         FDRE (Prop_fdre_C_Q)         0.141     1.624 r  clk_50mhz_reg_reg/Q
                         net (fo=2, routed)           0.282     1.906    clk_50mhz_reg
    BUFGCTRL_X0Y0        BUFG (Prop_bufg_I_O)         0.026     1.932 r  bufg_clk/O
                         net (fo=5821, routed)        0.633     2.565    u_soc/u_uart1/u_tx/clk_50mhz
    SLICE_X44Y48         FDCE                                         r  u_soc/u_uart1/u_tx/shift_r_reg[0]/C
  -------------------------------------------------------------------    -------------------
    SLICE_X44Y48         FDCE (Prop_fdce_C_Q)         0.141     2.706 r  u_soc/u_uart1/u_tx/shift_r_reg[0]/Q
                         net (fo=1, routed)           0.173     2.879    u_soc/u_uart1/u_tx/shift_r_reg_n_0_[0]
    SLICE_X46Y50         LUT4 (Prop_lut4_I1_O)        0.045     2.924 r  u_soc/u_uart1/u_tx/o_tx_i_1/O
                         net (fo=1, routed)           0.000     2.924    u_soc/u_uart1/u_tx/o_tx_i_1_n_0
    SLICE_X46Y50         FDPE                                         r  u_soc/u_uart1/u_tx/o_tx_reg/D
  -------------------------------------------------------------------    -------------------

                         (clock clk_50mhz rise edge)
                                                      0.000     0.000 r  
    E3                                                0.000     0.000 r  CLK100MHZ (IN)
                         net (fo=0)                   0.000     0.000    CLK100MHZ
    E3                   IBUF (Prop_ibuf_I_O)         0.438     0.438 r  CLK100MHZ_IBUF_inst/O
                         net (fo=1, routed)           0.699     1.136    CLK100MHZ_IBUF
    BUFGCTRL_X0Y16       BUFG (Prop_bufg_I_O)         0.029     1.165 r  CLK100MHZ_IBUF_BUFG_inst/O
                         net (fo=1, routed)           0.834     1.999    CLK100MHZ_IBUF_BUFG
    SLICE_X52Y96         FDRE (Prop_fdre_C_Q)         0.175     2.174 r  clk_50mhz_reg_reg/Q
                         net (fo=2, routed)           0.315     2.488    clk_50mhz_reg
    BUFGCTRL_X0Y0        BUFG (Prop_bufg_I_O)         0.029     2.517 r  bufg_clk/O
                         net (fo=5821, routed)        0.836     3.353    u_soc/u_uart1/u_tx/clk_50mhz
    SLICE_X46Y50         FDPE                                         r  u_soc/u_uart1/u_tx/o_tx_reg/C
                         clock pessimism             -0.590     2.763    
    SLICE_X46Y50         FDPE (Hold_fdpe_C_D)         0.120     2.883    u_soc/u_uart1/u_tx/o_tx_reg
  -------------------------------------------------------------------
                         required time                         -2.883    
                         arrival time                           2.924    
  -------------------------------------------------------------------
                         slack                                  0.042    

Slack (MET) :             0.051ns  (arrival time - required time)
  Source:                 u_soc/u_boot_rom/rom_rvalid_o_reg/C
                            (rising edge-triggered cell FDCE clocked by clk_50mhz  {rise@0.000ns fall@10.000ns period=20.000ns})
  Destination:            u_soc/rom_rvalid_q_reg/D
                            (rising edge-triggered cell FDCE clocked by clk_50mhz  {rise@0.000ns fall@10.000ns period=20.000ns})
  Path Group:             clk_50mhz
  Path Type:              Hold (Min at Fast Process Corner)
  Requirement:            0.000ns  (clk_50mhz rise@0.000ns - clk_50mhz rise@0.000ns)
  Data Path Delay:        0.405ns  (logic 0.209ns (51.648%)  route 0.196ns (48.352%))
  Logic Levels:           1  (LUT6=1)
  Clock Path Skew:        0.263ns (DCD - SCD - CPR)
    Destination Clock Delay (DCD):    3.345ns
    Source Clock Delay      (SCD):    2.492ns
    Clock Pessimism Removal (CPR):    0.590ns

    Location             Delay type                Incr(ns)  Path(ns)    Netlist Resource(s)
  -------------------------------------------------------------------    -------------------
                         (clock clk_50mhz rise edge)
                                                      0.000     0.000 r  
    E3                                                0.000     0.000 r  CLK100MHZ (IN)
                         net (fo=0)                   0.000     0.000    CLK100MHZ
    E3                   IBUF (Prop_ibuf_I_O)         0.250     0.250 r  CLK100MHZ_IBUF_inst/O
                         net (fo=1, routed)           0.644     0.894    CLK100MHZ_IBUF
    BUFGCTRL_X0Y16       BUFG (Prop_bufg_I_O)         0.026     0.920 r  CLK100MHZ_IBUF_BUFG_inst/O
                         net (fo=1, routed)           0.564     1.483    CLK100MHZ_IBUF_BUFG
    SLICE_X52Y96         FDRE (Prop_fdre_C_Q)         0.141     1.624 r  clk_50mhz_reg_reg/Q
                         net (fo=2, routed)           0.282     1.906    clk_50mhz_reg
    BUFGCTRL_X0Y0        BUFG (Prop_bufg_I_O)         0.026     1.932 r  bufg_clk/O
                         net (fo=5821, routed)        0.560     2.492    u_soc/u_boot_rom/clk_50mhz
    SLICE_X50Y62         FDCE                                         r  u_soc/u_boot_rom/rom_rvalid_o_reg/C
  -------------------------------------------------------------------    -------------------
    SLICE_X50Y62         FDCE (Prop_fdce_C_Q)         0.164     2.656 r  u_soc/u_boot_rom/rom_rvalid_o_reg/Q
                         net (fo=1, routed)           0.196     2.851    u_soc/u_rom_arbiter/rom_rvalid_o
    SLICE_X52Y62         LUT6 (Prop_lut6_I0_O)        0.045     2.896 r  u_soc/u_rom_arbiter/rom_rvalid_q_i_1/O
                         net (fo=1, routed)           0.000     2.896    u_soc/u_rom_arbiter_n_3
    SLICE_X52Y62         FDCE                                         r  u_soc/rom_rvalid_q_reg/D
  -------------------------------------------------------------------    -------------------

                         (clock clk_50mhz rise edge)
                                                      0.000     0.000 r  
    E3                                                0.000     0.000 r  CLK100MHZ (IN)
                         net (fo=0)                   0.000     0.000    CLK100MHZ
    E3                   IBUF (Prop_ibuf_I_O)         0.438     0.438 r  CLK100MHZ_IBUF_inst/O
                         net (fo=1, routed)           0.699     1.136    CLK100MHZ_IBUF
    BUFGCTRL_X0Y16       BUFG (Prop_bufg_I_O)         0.029     1.165 r  CLK100MHZ_IBUF_BUFG_inst/O
                         net (fo=1, routed)           0.834     1.999    CLK100MHZ_IBUF_BUFG
    SLICE_X52Y96         FDRE (Prop_fdre_C_Q)         0.175     2.174 r  clk_50mhz_reg_reg/Q
                         net (fo=2, routed)           0.315     2.488    clk_50mhz_reg
    BUFGCTRL_X0Y0        BUFG (Prop_bufg_I_O)         0.029     2.517 r  bufg_clk/O
                         net (fo=5821, routed)        0.828     3.345    u_soc/clk_50mhz
    SLICE_X52Y62         FDCE                                         r  u_soc/rom_rvalid_q_reg/C
                         clock pessimism             -0.590     2.755    
    SLICE_X52Y62         FDCE (Hold_fdce_C_D)         0.091     2.846    u_soc/rom_rvalid_q_reg
  -------------------------------------------------------------------
                         required time                         -2.846    
                         arrival time                           2.896    
  -------------------------------------------------------------------
                         slack                                  0.051    

Slack (MET) :             0.056ns  (arrival time - required time)
  Source:                 u_soc/u_uart2/aw_addr_r_reg[1]/C
                            (rising edge-triggered cell FDCE clocked by clk_50mhz  {rise@0.000ns fall@10.000ns period=20.000ns})
  Destination:            u_soc/u_uart2/s_axil_bresp_reg[1]/D
                            (rising edge-triggered cell FDCE clocked by clk_50mhz  {rise@0.000ns fall@10.000ns period=20.000ns})
  Path Group:             clk_50mhz
  Path Type:              Hold (Min at Fast Process Corner)
  Requirement:            0.000ns  (clk_50mhz rise@0.000ns - clk_50mhz rise@0.000ns)
  Data Path Delay:        0.483ns  (logic 0.231ns (47.791%)  route 0.252ns (52.209%))
  Logic Levels:           2  (LUT5=1 LUT6=1)
  Clock Path Skew:        0.336ns (DCD - SCD - CPR)
    Destination Clock Delay (DCD):    3.423ns
    Source Clock Delay      (SCD):    2.497ns
    Clock Pessimism Removal (CPR):    0.590ns

    Location             Delay type                Incr(ns)  Path(ns)    Netlist Resource(s)
  -------------------------------------------------------------------    -------------------
                         (clock clk_50mhz rise edge)
                                                      0.000     0.000 r  
    E3                                                0.000     0.000 r  CLK100MHZ (IN)
                         net (fo=0)                   0.000     0.000    CLK100MHZ
    E3                   IBUF (Prop_ibuf_I_O)         0.250     0.250 r  CLK100MHZ_IBUF_inst/O
                         net (fo=1, routed)           0.644     0.894    CLK100MHZ_IBUF
    BUFGCTRL_X0Y16       BUFG (Prop_bufg_I_O)         0.026     0.920 r  CLK100MHZ_IBUF_BUFG_inst/O
                         net (fo=1, routed)           0.564     1.483    CLK100MHZ_IBUF_BUFG
    SLICE_X52Y96         FDRE (Prop_fdre_C_Q)         0.141     1.624 r  clk_50mhz_reg_reg/Q
                         net (fo=2, routed)           0.282     1.906    clk_50mhz_reg
    BUFGCTRL_X0Y0        BUFG (Prop_bufg_I_O)         0.026     1.932 r  bufg_clk/O
                         net (fo=5821, routed)        0.565     2.497    u_soc/u_uart2/clk_50mhz
    SLICE_X48Y50         FDCE                                         r  u_soc/u_uart2/aw_addr_r_reg[1]/C
  -------------------------------------------------------------------    -------------------
    SLICE_X48Y50         FDCE (Prop_fdce_C_Q)         0.141     2.638 r  u_soc/u_uart2/aw_addr_r_reg[1]/Q
                         net (fo=2, routed)           0.194     2.831    u_soc/u_uart2/aw_addr_r[1]
    SLICE_X48Y49         LUT5 (Prop_lut5_I4_O)        0.045     2.876 r  u_soc/u_uart2/s_axil_bresp[1]_i_2__1/O
                         net (fo=1, routed)           0.059     2.935    u_soc/u_uart2/s_axil_bresp[1]_i_2__1_n_0
    SLICE_X48Y49         LUT6 (Prop_lut6_I0_O)        0.045     2.980 r  u_soc/u_uart2/s_axil_bresp[1]_i_1__1/O
                         net (fo=1, routed)           0.000     2.980    u_soc/u_uart2/s_axil_bresp[1]_i_1__1_n_0
    SLICE_X48Y49         FDCE                                         r  u_soc/u_uart2/s_axil_bresp_reg[1]/D
  -------------------------------------------------------------------    -------------------

                         (clock clk_50mhz rise edge)
                                                      0.000     0.000 r  
    E3                                                0.000     0.000 r  CLK100MHZ (IN)
                         net (fo=0)                   0.000     0.000    CLK100MHZ
    E3                   IBUF (Prop_ibuf_I_O)         0.438     0.438 r  CLK100MHZ_IBUF_inst/O
                         net (fo=1, routed)           0.699     1.136    CLK100MHZ_IBUF
    BUFGCTRL_X0Y16       BUFG (Prop_bufg_I_O)         0.029     1.165 r  CLK100MHZ_IBUF_BUFG_inst/O
                         net (fo=1, routed)           0.834     1.999    CLK100MHZ_IBUF_BUFG
    SLICE_X52Y96         FDRE (Prop_fdre_C_Q)         0.175     2.174 r  clk_50mhz_reg_reg/Q
                         net (fo=2, routed)           0.315     2.488    clk_50mhz_reg
    BUFGCTRL_X0Y0        BUFG (Prop_bufg_I_O)         0.029     2.517 r  bufg_clk/O
                         net (fo=5821, routed)        0.906     3.423    u_soc/u_uart2/clk_50mhz
    SLICE_X48Y49         FDCE                                         r  u_soc/u_uart2/s_axil_bresp_reg[1]/C
                         clock pessimism             -0.590     2.833    
    SLICE_X48Y49         FDCE (Hold_fdce_C_D)         0.091     2.924    u_soc/u_uart2/s_axil_bresp_reg[1]
  -------------------------------------------------------------------
                         required time                         -2.924    
                         arrival time                           2.980    
  -------------------------------------------------------------------
                         slack                                  0.056    

Slack (MET) :             0.057ns  (arrival time - required time)
  Source:                 u_soc/u_core/id_stage_i/alu_operand_b_ex_o_reg[23]/C
                            (rising edge-triggered cell FDCE clocked by clk_50mhz  {rise@0.000ns fall@10.000ns period=20.000ns})
  Destination:            u_soc/u_data_bridge/addr_q_reg[23]/D
                            (rising edge-triggered cell FDCE clocked by clk_50mhz  {rise@0.000ns fall@10.000ns period=20.000ns})
  Path Group:             clk_50mhz
  Path Type:              Hold (Min at Fast Process Corner)
  Requirement:            0.000ns  (clk_50mhz rise@0.000ns - clk_50mhz rise@0.000ns)
  Data Path Delay:        0.456ns  (logic 0.250ns (54.809%)  route 0.206ns (45.191%))
  Logic Levels:           2  (CARRY4=1 LUT3=1)
  Clock Path Skew:        0.265ns (DCD - SCD - CPR)
    Destination Clock Delay (DCD):    3.343ns
    Source Clock Delay      (SCD):    2.488ns
    Clock Pessimism Removal (CPR):    0.590ns

    Location             Delay type                Incr(ns)  Path(ns)    Netlist Resource(s)
  -------------------------------------------------------------------    -------------------
                         (clock clk_50mhz rise edge)
                                                      0.000     0.000 r  
    E3                                                0.000     0.000 r  CLK100MHZ (IN)
                         net (fo=0)                   0.000     0.000    CLK100MHZ
    E3                   IBUF (Prop_ibuf_I_O)         0.250     0.250 r  CLK100MHZ_IBUF_inst/O
                         net (fo=1, routed)           0.644     0.894    CLK100MHZ_IBUF
    BUFGCTRL_X0Y16       BUFG (Prop_bufg_I_O)         0.026     0.920 r  CLK100MHZ_IBUF_BUFG_inst/O
                         net (fo=1, routed)           0.564     1.483    CLK100MHZ_IBUF_BUFG
    SLICE_X52Y96         FDRE (Prop_fdre_C_Q)         0.141     1.624 r  clk_50mhz_reg_reg/Q
                         net (fo=2, routed)           0.282     1.906    clk_50mhz_reg
    BUFGCTRL_X0Y0        BUFG (Prop_bufg_I_O)         0.026     1.932 r  bufg_clk/O
                         net (fo=5821, routed)        0.556     2.488    u_soc/u_core/id_stage_i/clk_50mhz
    SLICE_X52Y82         FDCE                                         r  u_soc/u_core/id_stage_i/alu_operand_b_ex_o_reg[23]/C
  -------------------------------------------------------------------    -------------------
    SLICE_X52Y82         FDCE (Prop_fdce_C_Q)         0.141     2.629 r  u_soc/u_core/id_stage_i/alu_operand_b_ex_o_reg[23]/Q
                         net (fo=12, routed)          0.206     2.835    u_soc/u_core/id_stage_i/alu_operand_b_ex[23]
    SLICE_X50Y83         LUT3 (Prop_lut3_I1_O)        0.045     2.880 r  u_soc/u_core/id_stage_i/addr_q[23]_i_2/O
                         net (fo=1, routed)           0.000     2.880    u_soc/u_core/id_stage_i/addr_q[23]_i_2_n_0
    SLICE_X50Y83         CARRY4 (Prop_carry4_S[3]_O[3])
                                                      0.064     2.944 r  u_soc/u_core/id_stage_i/addr_q_reg[23]_i_1/O[3]
                         net (fo=1, routed)           0.000     2.944    u_soc/u_data_bridge/D[23]
    SLICE_X50Y83         FDCE                                         r  u_soc/u_data_bridge/addr_q_reg[23]/D
  -------------------------------------------------------------------    -------------------

                         (clock clk_50mhz rise edge)
                                                      0.000     0.000 r  
    E3                                                0.000     0.000 r  CLK100MHZ (IN)
                         net (fo=0)                   0.000     0.000    CLK100MHZ
    E3                   IBUF (Prop_ibuf_I_O)         0.438     0.438 r  CLK100MHZ_IBUF_inst/O
                         net (fo=1, routed)           0.699     1.136    CLK100MHZ_IBUF
    BUFGCTRL_X0Y16       BUFG (Prop_bufg_I_O)         0.029     1.165 r  CLK100MHZ_IBUF_BUFG_inst/O
                         net (fo=1, routed)           0.834     1.999    CLK100MHZ_IBUF_BUFG
    SLICE_X52Y96         FDRE (Prop_fdre_C_Q)         0.175     2.174 r  clk_50mhz_reg_reg/Q
                         net (fo=2, routed)           0.315     2.488    clk_50mhz_reg
    BUFGCTRL_X0Y0        BUFG (Prop_bufg_I_O)         0.029     2.517 r  bufg_clk/O
                         net (fo=5821, routed)        0.826     3.343    u_soc/u_data_bridge/clk_50mhz
    SLICE_X50Y83         FDCE                                         r  u_soc/u_data_bridge/addr_q_reg[23]/C
                         clock pessimism             -0.590     2.753    
    SLICE_X50Y83         FDCE (Hold_fdce_C_D)         0.134     2.887    u_soc/u_data_bridge/addr_q_reg[23]
  -------------------------------------------------------------------
                         required time                         -2.887    
                         arrival time                           2.944    
  -------------------------------------------------------------------
                         slack                                  0.057    

Slack (MET) :             0.057ns  (arrival time - required time)
  Source:                 u_soc/u_qspi/rx_wr_ptr_reg[0]/C
                            (rising edge-triggered cell FDCE clocked by clk_50mhz  {rise@0.000ns fall@10.000ns period=20.000ns})
  Destination:            u_soc/u_qspi/rx_fifo_reg_0_63_26_26/DP/WADR0
                            (rising edge-triggered cell RAMD64E clocked by clk_50mhz  {rise@0.000ns fall@10.000ns period=20.000ns})
  Path Group:             clk_50mhz
  Path Type:              Hold (Min at Fast Process Corner)
  Requirement:            0.000ns  (clk_50mhz rise@0.000ns - clk_50mhz rise@0.000ns)
  Data Path Delay:        0.380ns  (logic 0.141ns (37.065%)  route 0.239ns (62.935%))
  Logic Levels:           0  
  Clock Path Skew:        0.013ns (DCD - SCD - CPR)
    Destination Clock Delay (DCD):    3.424ns
    Source Clock Delay      (SCD):    2.563ns
    Clock Pessimism Removal (CPR):    0.848ns

    Location             Delay type                Incr(ns)  Path(ns)    Netlist Resource(s)
  -------------------------------------------------------------------    -------------------
                         (clock clk_50mhz rise edge)
                                                      0.000     0.000 r  
    E3                                                0.000     0.000 r  CLK100MHZ (IN)
                         net (fo=0)                   0.000     0.000    CLK100MHZ
    E3                   IBUF (Prop_ibuf_I_O)         0.250     0.250 r  CLK100MHZ_IBUF_inst/O
                         net (fo=1, routed)           0.644     0.894    CLK100MHZ_IBUF
    BUFGCTRL_X0Y16       BUFG (Prop_bufg_I_O)         0.026     0.920 r  CLK100MHZ_IBUF_BUFG_inst/O
                         net (fo=1, routed)           0.564     1.483    CLK100MHZ_IBUF_BUFG
    SLICE_X52Y96         FDRE (Prop_fdre_C_Q)         0.141     1.624 r  clk_50mhz_reg_reg/Q
                         net (fo=2, routed)           0.282     1.906    clk_50mhz_reg
    BUFGCTRL_X0Y0        BUFG (Prop_bufg_I_O)         0.026     1.932 r  bufg_clk/O
                         net (fo=5821, routed)        0.631     2.563    u_soc/u_qspi/clk_50mhz
    SLICE_X39Y40         FDCE                                         r  u_soc/u_qspi/rx_wr_ptr_reg[0]/C
  -------------------------------------------------------------------    -------------------
    SLICE_X39Y40         FDCE (Prop_fdce_C_Q)         0.141     2.704 r  u_soc/u_qspi/rx_wr_ptr_reg[0]/Q
                         net (fo=103, routed)         0.239     2.944    u_soc/u_qspi/rx_fifo_reg_0_63_26_26/A0
    SLICE_X38Y40         RAMD64E                                      r  u_soc/u_qspi/rx_fifo_reg_0_63_26_26/DP/WADR0
  -------------------------------------------------------------------    -------------------

                         (clock clk_50mhz rise edge)
                                                      0.000     0.000 r  
    E3                                                0.000     0.000 r  CLK100MHZ (IN)
                         net (fo=0)                   0.000     0.000    CLK100MHZ
    E3                   IBUF (Prop_ibuf_I_O)         0.438     0.438 r  CLK100MHZ_IBUF_inst/O
                         net (fo=1, routed)           0.699     1.136    CLK100MHZ_IBUF
    BUFGCTRL_X0Y16       BUFG (Prop_bufg_I_O)         0.029     1.165 r  CLK100MHZ_IBUF_BUFG_inst/O
                         net (fo=1, routed)           0.834     1.999    CLK100MHZ_IBUF_BUFG
    SLICE_X52Y96         FDRE (Prop_fdre_C_Q)         0.175     2.174 r  clk_50mhz_reg_reg/Q
                         net (fo=2, routed)           0.315     2.488    clk_50mhz_reg
    BUFGCTRL_X0Y0        BUFG (Prop_bufg_I_O)         0.029     2.517 r  bufg_clk/O
                         net (fo=5821, routed)        0.907     3.424    u_soc/u_qspi/rx_fifo_reg_0_63_26_26/WCLK
    SLICE_X38Y40         RAMD64E                                      r  u_soc/u_qspi/rx_fifo_reg_0_63_26_26/DP/CLK
                         clock pessimism             -0.848     2.576    
    SLICE_X38Y40         RAMD64E (Hold_ramd64e_CLK_WADR0)
                                                      0.310     2.886    u_soc/u_qspi/rx_fifo_reg_0_63_26_26/DP
  -------------------------------------------------------------------
                         required time                         -2.886    
                         arrival time                           2.944    
  -------------------------------------------------------------------
                         slack                                  0.057    

Slack (MET) :             0.057ns  (arrival time - required time)
  Source:                 u_soc/u_qspi/rx_wr_ptr_reg[0]/C
                            (rising edge-triggered cell FDCE clocked by clk_50mhz  {rise@0.000ns fall@10.000ns period=20.000ns})
  Destination:            u_soc/u_qspi/rx_fifo_reg_0_63_26_26/SP/WADR0
                            (rising edge-triggered cell RAMD64E clocked by clk_50mhz  {rise@0.000ns fall@10.000ns period=20.000ns})
  Path Group:             clk_50mhz
  Path Type:              Hold (Min at Fast Process Corner)
  Requirement:            0.000ns  (clk_50mhz rise@0.000ns - clk_50mhz rise@0.000ns)
  Data Path Delay:        0.380ns  (logic 0.141ns (37.065%)  route 0.239ns (62.935%))
  Logic Levels:           0  
  Clock Path Skew:        0.013ns (DCD - SCD - CPR)
    Destination Clock Delay (DCD):    3.424ns
    Source Clock Delay      (SCD):    2.563ns
    Clock Pessimism Removal (CPR):    0.848ns

    Location             Delay type                Incr(ns)  Path(ns)    Netlist Resource(s)
  -------------------------------------------------------------------    -------------------
                         (clock clk_50mhz rise edge)
                                                      0.000     0.000 r  
    E3                                                0.000     0.000 r  CLK100MHZ (IN)
                         net (fo=0)                   0.000     0.000    CLK100MHZ
    E3                   IBUF (Prop_ibuf_I_O)         0.250     0.250 r  CLK100MHZ_IBUF_inst/O
                         net (fo=1, routed)           0.644     0.894    CLK100MHZ_IBUF
    BUFGCTRL_X0Y16       BUFG (Prop_bufg_I_O)         0.026     0.920 r  CLK100MHZ_IBUF_BUFG_inst/O
                         net (fo=1, routed)           0.564     1.483    CLK100MHZ_IBUF_BUFG
    SLICE_X52Y96         FDRE (Prop_fdre_C_Q)         0.141     1.624 r  clk_50mhz_reg_reg/Q
                         net (fo=2, routed)           0.282     1.906    clk_50mhz_reg
    BUFGCTRL_X0Y0        BUFG (Prop_bufg_I_O)         0.026     1.932 r  bufg_clk/O
                         net (fo=5821, routed)        0.631     2.563    u_soc/u_qspi/clk_50mhz
    SLICE_X39Y40         FDCE                                         r  u_soc/u_qspi/rx_wr_ptr_reg[0]/C
  -------------------------------------------------------------------    -------------------
    SLICE_X39Y40         FDCE (Prop_fdce_C_Q)         0.141     2.704 r  u_soc/u_qspi/rx_wr_ptr_reg[0]/Q
                         net (fo=103, routed)         0.239     2.944    u_soc/u_qspi/rx_fifo_reg_0_63_26_26/A0
    SLICE_X38Y40         RAMD64E                                      r  u_soc/u_qspi/rx_fifo_reg_0_63_26_26/SP/WADR0
  -------------------------------------------------------------------    -------------------

                         (clock clk_50mhz rise edge)
                                                      0.000     0.000 r  
    E3                                                0.000     0.000 r  CLK100MHZ (IN)
                         net (fo=0)                   0.000     0.000    CLK100MHZ
    E3                   IBUF (Prop_ibuf_I_O)         0.438     0.438 r  CLK100MHZ_IBUF_inst/O
                         net (fo=1, routed)           0.699     1.136    CLK100MHZ_IBUF
    BUFGCTRL_X0Y16       BUFG (Prop_bufg_I_O)         0.029     1.165 r  CLK100MHZ_IBUF_BUFG_inst/O
                         net (fo=1, routed)           0.834     1.999    CLK100MHZ_IBUF_BUFG
    SLICE_X52Y96         FDRE (Prop_fdre_C_Q)         0.175     2.174 r  clk_50mhz_reg_reg/Q
                         net (fo=2, routed)           0.315     2.488    clk_50mhz_reg
    BUFGCTRL_X0Y0        BUFG (Prop_bufg_I_O)         0.029     2.517 r  bufg_clk/O
                         net (fo=5821, routed)        0.907     3.424    u_soc/u_qspi/rx_fifo_reg_0_63_26_26/WCLK
    SLICE_X38Y40         RAMD64E                                      r  u_soc/u_qspi/rx_fifo_reg_0_63_26_26/SP/CLK
                         clock pessimism             -0.848     2.576    
    SLICE_X38Y40         RAMD64E (Hold_ramd64e_CLK_WADR0)
                                                      0.310     2.886    u_soc/u_qspi/rx_fifo_reg_0_63_26_26/SP
  -------------------------------------------------------------------
                         required time                         -2.886    
                         arrival time                           2.944    
  -------------------------------------------------------------------
                         slack                                  0.057    

Slack (MET) :             0.057ns  (arrival time - required time)
  Source:                 u_soc/u_qspi/rx_wr_ptr_reg[0]/C
                            (rising edge-triggered cell FDCE clocked by clk_50mhz  {rise@0.000ns fall@10.000ns period=20.000ns})
  Destination:            u_soc/u_qspi/rx_fifo_reg_0_63_27_27/DP/WADR0
                            (rising edge-triggered cell RAMD64E clocked by clk_50mhz  {rise@0.000ns fall@10.000ns period=20.000ns})
  Path Group:             clk_50mhz
  Path Type:              Hold (Min at Fast Process Corner)
  Requirement:            0.000ns  (clk_50mhz rise@0.000ns - clk_50mhz rise@0.000ns)
  Data Path Delay:        0.380ns  (logic 0.141ns (37.065%)  route 0.239ns (62.935%))
  Logic Levels:           0  
  Clock Path Skew:        0.013ns (DCD - SCD - CPR)
    Destination Clock Delay (DCD):    3.424ns
    Source Clock Delay      (SCD):    2.563ns
    Clock Pessimism Removal (CPR):    0.848ns

    Location             Delay type                Incr(ns)  Path(ns)    Netlist Resource(s)
  -------------------------------------------------------------------    -------------------
                         (clock clk_50mhz rise edge)
                                                      0.000     0.000 r  
    E3                                                0.000     0.000 r  CLK100MHZ (IN)
                         net (fo=0)                   0.000     0.000    CLK100MHZ
    E3                   IBUF (Prop_ibuf_I_O)         0.250     0.250 r  CLK100MHZ_IBUF_inst/O
                         net (fo=1, routed)           0.644     0.894    CLK100MHZ_IBUF
    BUFGCTRL_X0Y16       BUFG (Prop_bufg_I_O)         0.026     0.920 r  CLK100MHZ_IBUF_BUFG_inst/O
                         net (fo=1, routed)           0.564     1.483    CLK100MHZ_IBUF_BUFG
    SLICE_X52Y96         FDRE (Prop_fdre_C_Q)         0.141     1.624 r  clk_50mhz_reg_reg/Q
                         net (fo=2, routed)           0.282     1.906    clk_50mhz_reg
    BUFGCTRL_X0Y0        BUFG (Prop_bufg_I_O)         0.026     1.932 r  bufg_clk/O
                         net (fo=5821, routed)        0.631     2.563    u_soc/u_qspi/clk_50mhz
    SLICE_X39Y40         FDCE                                         r  u_soc/u_qspi/rx_wr_ptr_reg[0]/C
  -------------------------------------------------------------------    -------------------
    SLICE_X39Y40         FDCE (Prop_fdce_C_Q)         0.141     2.704 r  u_soc/u_qspi/rx_wr_ptr_reg[0]/Q
                         net (fo=103, routed)         0.239     2.944    u_soc/u_qspi/rx_fifo_reg_0_63_27_27/A0
    SLICE_X38Y40         RAMD64E                                      r  u_soc/u_qspi/rx_fifo_reg_0_63_27_27/DP/WADR0
  -------------------------------------------------------------------    -------------------

                         (clock clk_50mhz rise edge)
                                                      0.000     0.000 r  
    E3                                                0.000     0.000 r  CLK100MHZ (IN)
                         net (fo=0)                   0.000     0.000    CLK100MHZ
    E3                   IBUF (Prop_ibuf_I_O)         0.438     0.438 r  CLK100MHZ_IBUF_inst/O
                         net (fo=1, routed)           0.699     1.136    CLK100MHZ_IBUF
    BUFGCTRL_X0Y16       BUFG (Prop_bufg_I_O)         0.029     1.165 r  CLK100MHZ_IBUF_BUFG_inst/O
                         net (fo=1, routed)           0.834     1.999    CLK100MHZ_IBUF_BUFG
    SLICE_X52Y96         FDRE (Prop_fdre_C_Q)         0.175     2.174 r  clk_50mhz_reg_reg/Q
                         net (fo=2, routed)           0.315     2.488    clk_50mhz_reg
    BUFGCTRL_X0Y0        BUFG (Prop_bufg_I_O)         0.029     2.517 r  bufg_clk/O
                         net (fo=5821, routed)        0.907     3.424    u_soc/u_qspi/rx_fifo_reg_0_63_27_27/WCLK
    SLICE_X38Y40         RAMD64E                                      r  u_soc/u_qspi/rx_fifo_reg_0_63_27_27/DP/CLK
                         clock pessimism             -0.848     2.576    
    SLICE_X38Y40         RAMD64E (Hold_ramd64e_CLK_WADR0)
                                                      0.310     2.886    u_soc/u_qspi/rx_fifo_reg_0_63_27_27/DP
  -------------------------------------------------------------------
                         required time                         -2.886    
                         arrival time                           2.944    
  -------------------------------------------------------------------
                         slack                                  0.057    

Slack (MET) :             0.057ns  (arrival time - required time)
  Source:                 u_soc/u_qspi/rx_wr_ptr_reg[0]/C
                            (rising edge-triggered cell FDCE clocked by clk_50mhz  {rise@0.000ns fall@10.000ns period=20.000ns})
  Destination:            u_soc/u_qspi/rx_fifo_reg_0_63_27_27/SP/WADR0
                            (rising edge-triggered cell RAMD64E clocked by clk_50mhz  {rise@0.000ns fall@10.000ns period=20.000ns})
  Path Group:             clk_50mhz
  Path Type:              Hold (Min at Fast Process Corner)
  Requirement:            0.000ns  (clk_50mhz rise@0.000ns - clk_50mhz rise@0.000ns)
  Data Path Delay:        0.380ns  (logic 0.141ns (37.065%)  route 0.239ns (62.935%))
  Logic Levels:           0  
  Clock Path Skew:        0.013ns (DCD - SCD - CPR)
    Destination Clock Delay (DCD):    3.424ns
    Source Clock Delay      (SCD):    2.563ns
    Clock Pessimism Removal (CPR):    0.848ns

    Location             Delay type                Incr(ns)  Path(ns)    Netlist Resource(s)
  -------------------------------------------------------------------    -------------------
                         (clock clk_50mhz rise edge)
                                                      0.000     0.000 r  
    E3                                                0.000     0.000 r  CLK100MHZ (IN)
                         net (fo=0)                   0.000     0.000    CLK100MHZ
    E3                   IBUF (Prop_ibuf_I_O)         0.250     0.250 r  CLK100MHZ_IBUF_inst/O
                         net (fo=1, routed)           0.644     0.894    CLK100MHZ_IBUF
    BUFGCTRL_X0Y16       BUFG (Prop_bufg_I_O)         0.026     0.920 r  CLK100MHZ_IBUF_BUFG_inst/O
                         net (fo=1, routed)           0.564     1.483    CLK100MHZ_IBUF_BUFG
    SLICE_X52Y96         FDRE (Prop_fdre_C_Q)         0.141     1.624 r  clk_50mhz_reg_reg/Q
                         net (fo=2, routed)           0.282     1.906    clk_50mhz_reg
    BUFGCTRL_X0Y0        BUFG (Prop_bufg_I_O)         0.026     1.932 r  bufg_clk/O
                         net (fo=5821, routed)        0.631     2.563    u_soc/u_qspi/clk_50mhz
    SLICE_X39Y40         FDCE                                         r  u_soc/u_qspi/rx_wr_ptr_reg[0]/C
  -------------------------------------------------------------------    -------------------
    SLICE_X39Y40         FDCE (Prop_fdce_C_Q)         0.141     2.704 r  u_soc/u_qspi/rx_wr_ptr_reg[0]/Q
                         net (fo=103, routed)         0.239     2.944    u_soc/u_qspi/rx_fifo_reg_0_63_27_27/A0
    SLICE_X38Y40         RAMD64E                                      r  u_soc/u_qspi/rx_fifo_reg_0_63_27_27/SP/WADR0
  -------------------------------------------------------------------    -------------------

                         (clock clk_50mhz rise edge)
                                                      0.000     0.000 r  
    E3                                                0.000     0.000 r  CLK100MHZ (IN)
                         net (fo=0)                   0.000     0.000    CLK100MHZ
    E3                   IBUF (Prop_ibuf_I_O)         0.438     0.438 r  CLK100MHZ_IBUF_inst/O
                         net (fo=1, routed)           0.699     1.136    CLK100MHZ_IBUF
    BUFGCTRL_X0Y16       BUFG (Prop_bufg_I_O)         0.029     1.165 r  CLK100MHZ_IBUF_BUFG_inst/O
                         net (fo=1, routed)           0.834     1.999    CLK100MHZ_IBUF_BUFG
    SLICE_X52Y96         FDRE (Prop_fdre_C_Q)         0.175     2.174 r  clk_50mhz_reg_reg/Q
                         net (fo=2, routed)           0.315     2.488    clk_50mhz_reg
    BUFGCTRL_X0Y0        BUFG (Prop_bufg_I_O)         0.029     2.517 r  bufg_clk/O
                         net (fo=5821, routed)        0.907     3.424    u_soc/u_qspi/rx_fifo_reg_0_63_27_27/WCLK
    SLICE_X38Y40         RAMD64E                                      r  u_soc/u_qspi/rx_fifo_reg_0_63_27_27/SP/CLK
                         clock pessimism             -0.848     2.576    
    SLICE_X38Y40         RAMD64E (Hold_ramd64e_CLK_WADR0)
                                                      0.310     2.886    u_soc/u_qspi/rx_fifo_reg_0_63_27_27/SP
  -------------------------------------------------------------------
                         required time                         -2.886    
                         arrival time                           2.944    
  -------------------------------------------------------------------
                         slack                                  0.057    

Slack (MET) :             0.058ns  (arrival time - required time)
  Source:                 u_soc/u_npu/u_npu_axi_ctrl/mem_aw_addr_lat_reg[10]/C
                            (rising edge-triggered cell FDCE clocked by clk_50mhz  {rise@0.000ns fall@10.000ns period=20.000ns})
  Destination:            u_soc/u_npu/u_npu_sram/ram_reg_0_1/ADDRARDADDR[10]
                            (rising edge-triggered cell RAMB36E1 clocked by clk_50mhz  {rise@0.000ns fall@10.000ns period=20.000ns})
  Path Group:             clk_50mhz
  Path Type:              Hold (Min at Fast Process Corner)
  Requirement:            0.000ns  (clk_50mhz rise@0.000ns - clk_50mhz rise@0.000ns)
  Data Path Delay:        0.620ns  (logic 0.186ns (29.996%)  route 0.434ns (70.004%))
  Logic Levels:           1  (LUT6=1)
  Clock Path Skew:        0.379ns (DCD - SCD - CPR)
    Destination Clock Delay (DCD):    3.467ns
    Source Clock Delay      (SCD):    2.498ns
    Clock Pessimism Removal (CPR):    0.590ns

    Location             Delay type                Incr(ns)  Path(ns)    Netlist Resource(s)
  -------------------------------------------------------------------    -------------------
                         (clock clk_50mhz rise edge)
                                                      0.000     0.000 r  
    E3                                                0.000     0.000 r  CLK100MHZ (IN)
                         net (fo=0)                   0.000     0.000    CLK100MHZ
    E3                   IBUF (Prop_ibuf_I_O)         0.250     0.250 r  CLK100MHZ_IBUF_inst/O
                         net (fo=1, routed)           0.644     0.894    CLK100MHZ_IBUF
    BUFGCTRL_X0Y16       BUFG (Prop_bufg_I_O)         0.026     0.920 r  CLK100MHZ_IBUF_BUFG_inst/O
                         net (fo=1, routed)           0.564     1.483    CLK100MHZ_IBUF_BUFG
    SLICE_X52Y96         FDRE (Prop_fdre_C_Q)         0.141     1.624 r  clk_50mhz_reg_reg/Q
                         net (fo=2, routed)           0.282     1.906    clk_50mhz_reg
    BUFGCTRL_X0Y0        BUFG (Prop_bufg_I_O)         0.026     1.932 r  bufg_clk/O
                         net (fo=5821, routed)        0.566     2.498    u_soc/u_npu/u_npu_axi_ctrl/clk_50mhz
    SLICE_X68Y55         FDCE                                         r  u_soc/u_npu/u_npu_axi_ctrl/mem_aw_addr_lat_reg[10]/C
  -------------------------------------------------------------------    -------------------
    SLICE_X68Y55         FDCE (Prop_fdce_C_Q)         0.141     2.639 r  u_soc/u_npu/u_npu_axi_ctrl/mem_aw_addr_lat_reg[10]/Q
                         net (fo=1, routed)           0.099     2.737    u_soc/u_npu/u_npu_axi_ctrl/mem_aw_addr_lat[10]
    SLICE_X71Y55         LUT6 (Prop_lut6_I2_O)        0.045     2.782 r  u_soc/u_npu/u_npu_axi_ctrl/ram_reg_0_0_i_8/O
                         net (fo=8, routed)           0.335     3.118    u_soc/u_npu/u_npu_sram/ADDRARDADDR[8]
    RAMB36_X1Y9          RAMB36E1                                     r  u_soc/u_npu/u_npu_sram/ram_reg_0_1/ADDRARDADDR[10]
  -------------------------------------------------------------------    -------------------

                         (clock clk_50mhz rise edge)
                                                      0.000     0.000 r  
    E3                                                0.000     0.000 r  CLK100MHZ (IN)
                         net (fo=0)                   0.000     0.000    CLK100MHZ
    E3                   IBUF (Prop_ibuf_I_O)         0.438     0.438 r  CLK100MHZ_IBUF_inst/O
                         net (fo=1, routed)           0.699     1.136    CLK100MHZ_IBUF
    BUFGCTRL_X0Y16       BUFG (Prop_bufg_I_O)         0.029     1.165 r  CLK100MHZ_IBUF_BUFG_inst/O
                         net (fo=1, routed)           0.834     1.999    CLK100MHZ_IBUF_BUFG
    SLICE_X52Y96         FDRE (Prop_fdre_C_Q)         0.175     2.174 r  clk_50mhz_reg_reg/Q
                         net (fo=2, routed)           0.315     2.488    clk_50mhz_reg
    BUFGCTRL_X0Y0        BUFG (Prop_bufg_I_O)         0.029     2.517 r  bufg_clk/O
                         net (fo=5821, routed)        0.950     3.467    u_soc/u_npu/u_npu_sram/clk_50mhz
    RAMB36_X1Y9          RAMB36E1                                     r  u_soc/u_npu/u_npu_sram/ram_reg_0_1/CLKARDCLK
                         clock pessimism             -0.590     2.877    
    RAMB36_X1Y9          RAMB36E1 (Hold_ramb36e1_CLKARDCLK_ADDRARDADDR[10])
                                                      0.183     3.060    u_soc/u_npu/u_npu_sram/ram_reg_0_1
  -------------------------------------------------------------------
                         required time                         -3.060    
                         arrival time                           3.118    
  -------------------------------------------------------------------
                         slack                                  0.058    

Slack (MET) :             0.061ns  (arrival time - required time)
  Source:                 u_soc/u_instruction_ram/aw_addr_reg_reg[2]/C
                            (rising edge-triggered cell FDCE clocked by clk_50mhz  {rise@0.000ns fall@10.000ns period=20.000ns})
  Destination:            u_soc/u_instruction_ram/ram_reg_1/ADDRARDADDR[4]
                            (rising edge-triggered cell RAMB36E1 clocked by clk_50mhz  {rise@0.000ns fall@10.000ns period=20.000ns})
  Path Group:             clk_50mhz
  Path Type:              Hold (Min at Fast Process Corner)
  Requirement:            0.000ns  (clk_50mhz rise@0.000ns - clk_50mhz rise@0.000ns)
  Data Path Delay:        0.299ns  (logic 0.141ns (47.136%)  route 0.158ns (52.864%))
  Logic Levels:           0  
  Clock Path Skew:        0.055ns (DCD - SCD - CPR)
    Destination Clock Delay (DCD):    3.398ns
    Source Clock Delay      (SCD):    2.503ns
    Clock Pessimism Removal (CPR):    0.840ns

    Location             Delay type                Incr(ns)  Path(ns)    Netlist Resource(s)
  -------------------------------------------------------------------    -------------------
                         (clock clk_50mhz rise edge)
                                                      0.000     0.000 r  
    E3                                                0.000     0.000 r  CLK100MHZ (IN)
                         net (fo=0)                   0.000     0.000    CLK100MHZ
    E3                   IBUF (Prop_ibuf_I_O)         0.250     0.250 r  CLK100MHZ_IBUF_inst/O
                         net (fo=1, routed)           0.644     0.894    CLK100MHZ_IBUF
    BUFGCTRL_X0Y16       BUFG (Prop_bufg_I_O)         0.026     0.920 r  CLK100MHZ_IBUF_BUFG_inst/O
                         net (fo=1, routed)           0.564     1.483    CLK100MHZ_IBUF_BUFG
    SLICE_X52Y96         FDRE (Prop_fdre_C_Q)         0.141     1.624 r  clk_50mhz_reg_reg/Q
                         net (fo=2, routed)           0.282     1.906    clk_50mhz_reg
    BUFGCTRL_X0Y0        BUFG (Prop_bufg_I_O)         0.026     1.932 r  bufg_clk/O
                         net (fo=5821, routed)        0.571     2.503    u_soc/u_instruction_ram/clk_50mhz
    SLICE_X9Y60          FDCE                                         r  u_soc/u_instruction_ram/aw_addr_reg_reg[2]/C
  -------------------------------------------------------------------    -------------------
    SLICE_X9Y60          FDCE (Prop_fdce_C_Q)         0.141     2.644 r  u_soc/u_instruction_ram/aw_addr_reg_reg[2]/Q
                         net (fo=2, routed)           0.158     2.802    u_soc/u_instruction_ram/waddr[0]
    RAMB36_X0Y12         RAMB36E1                                     r  u_soc/u_instruction_ram/ram_reg_1/ADDRARDADDR[4]
  -------------------------------------------------------------------    -------------------

                         (clock clk_50mhz rise edge)
                                                      0.000     0.000 r  
    E3                                                0.000     0.000 r  CLK100MHZ (IN)
                         net (fo=0)                   0.000     0.000    CLK100MHZ
    E3                   IBUF (Prop_ibuf_I_O)         0.438     0.438 r  CLK100MHZ_IBUF_inst/O
                         net (fo=1, routed)           0.699     1.136    CLK100MHZ_IBUF
    BUFGCTRL_X0Y16       BUFG (Prop_bufg_I_O)         0.029     1.165 r  CLK100MHZ_IBUF_BUFG_inst/O
                         net (fo=1, routed)           0.834     1.999    CLK100MHZ_IBUF_BUFG
    SLICE_X52Y96         FDRE (Prop_fdre_C_Q)         0.175     2.174 r  clk_50mhz_reg_reg/Q
                         net (fo=2, routed)           0.315     2.488    clk_50mhz_reg
    BUFGCTRL_X0Y0        BUFG (Prop_bufg_I_O)         0.029     2.517 r  bufg_clk/O
                         net (fo=5821, routed)        0.881     3.398    u_soc/u_instruction_ram/clk_50mhz
    RAMB36_X0Y12         RAMB36E1                                     r  u_soc/u_instruction_ram/ram_reg_1/CLKARDCLK
                         clock pessimism             -0.840     2.558    
    RAMB36_X0Y12         RAMB36E1 (Hold_ramb36e1_CLKARDCLK_ADDRARDADDR[4])
                                                      0.183     2.741    u_soc/u_instruction_ram/ram_reg_1
  -------------------------------------------------------------------
                         required time                         -2.741    
                         arrival time                           2.802    
  -------------------------------------------------------------------
                         slack                                  0.061    





Pulse Width Checks
--------------------------------------------------------------------------------------
Clock Name:         clk_50mhz
Waveform(ns):       { 0.000 10.000 }
Period(ns):         20.000
Sources:            { bufg_clk/O }

Check Type        Corner  Lib Pin             Reference Pin  Required(ns)  Actual(ns)  Slack(ns)  Location      Pin
Min Period        n/a     RAMB36E1/CLKARDCLK  n/a            2.944         20.000      17.056     RAMB36_X0Y11  u_soc/u_data_ram/ram_reg_0/CLKARDCLK
Min Period        n/a     RAMB36E1/CLKARDCLK  n/a            2.944         20.000      17.056     RAMB36_X0Y10  u_soc/u_data_ram/ram_reg_1/CLKARDCLK
Min Period        n/a     RAMB36E1/CLKARDCLK  n/a            2.944         20.000      17.056     RAMB36_X0Y13  u_soc/u_instruction_ram/ram_reg_0/CLKARDCLK
Min Period        n/a     RAMB36E1/CLKARDCLK  n/a            2.944         20.000      17.056     RAMB36_X0Y12  u_soc/u_instruction_ram/ram_reg_1/CLKARDCLK
Min Period        n/a     RAMB36E1/CLKARDCLK  n/a            2.944         20.000      17.056     RAMB36_X2Y9   u_soc/u_npu/u_npu_sram/ram_reg_0_0/CLKARDCLK
Min Period        n/a     RAMB36E1/CLKARDCLK  n/a            2.944         20.000      17.056     RAMB36_X1Y9   u_soc/u_npu/u_npu_sram/ram_reg_0_1/CLKARDCLK
Min Period        n/a     RAMB36E1/CLKARDCLK  n/a            2.944         20.000      17.056     RAMB36_X1Y10  u_soc/u_npu/u_npu_sram/ram_reg_1_0/CLKARDCLK
Min Period        n/a     RAMB36E1/CLKARDCLK  n/a            2.944         20.000      17.056     RAMB36_X2Y10  u_soc/u_npu/u_npu_sram/ram_reg_1_1/CLKARDCLK
Min Period        n/a     RAMB36E1/CLKARDCLK  n/a            2.944         20.000      17.056     RAMB36_X3Y10  u_soc/u_npu/u_npu_sram/ram_reg_2_0/CLKARDCLK
Min Period        n/a     RAMB36E1/CLKARDCLK  n/a            2.944         20.000      17.056     RAMB36_X2Y11  u_soc/u_npu/u_npu_sram/ram_reg_2_1/CLKARDCLK
Low Pulse Width   Slow    RAMD64E/CLK         n/a            1.250         10.000      8.750      SLICE_X34Y39  u_soc/u_qspi/rx_fifo_reg_0_63_0_0/DP/CLK
Low Pulse Width   Fast    RAMD64E/CLK         n/a            1.250         10.000      8.750      SLICE_X34Y39  u_soc/u_qspi/rx_fifo_reg_0_63_0_0/DP/CLK
Low Pulse Width   Slow    RAMD64E/CLK         n/a            1.250         10.000      8.750      SLICE_X34Y39  u_soc/u_qspi/rx_fifo_reg_0_63_0_0/SP/CLK
Low Pulse Width   Fast    RAMD64E/CLK         n/a            1.250         10.000      8.750      SLICE_X34Y39  u_soc/u_qspi/rx_fifo_reg_0_63_0_0/SP/CLK
Low Pulse Width   Slow    RAMD64E/CLK         n/a            1.250         10.000      8.750      SLICE_X30Y40  u_soc/u_qspi/rx_fifo_reg_0_63_10_10/DP/CLK
Low Pulse Width   Fast    RAMD64E/CLK         n/a            1.250         10.000      8.750      SLICE_X30Y40  u_soc/u_qspi/rx_fifo_reg_0_63_10_10/DP/CLK
Low Pulse Width   Slow    RAMD64E/CLK         n/a            1.250         10.000      8.750      SLICE_X30Y40  u_soc/u_qspi/rx_fifo_reg_0_63_10_10/SP/CLK
Low Pulse Width   Fast    RAMD64E/CLK         n/a            1.250         10.000      8.750      SLICE_X30Y40  u_soc/u_qspi/rx_fifo_reg_0_63_10_10/SP/CLK
Low Pulse Width   Slow    RAMD64E/CLK         n/a            1.250         10.000      8.750      SLICE_X30Y40  u_soc/u_qspi/rx_fifo_reg_0_63_11_11/DP/CLK
Low Pulse Width   Fast    RAMD64E/CLK         n/a            1.250         10.000      8.750      SLICE_X30Y40  u_soc/u_qspi/rx_fifo_reg_0_63_11_11/DP/CLK
High Pulse Width  Slow    RAMD64E/CLK         n/a            1.250         10.000      8.750      SLICE_X34Y39  u_soc/u_qspi/rx_fifo_reg_0_63_0_0/DP/CLK
High Pulse Width  Fast    RAMD64E/CLK         n/a            1.250         10.000      8.750      SLICE_X34Y39  u_soc/u_qspi/rx_fifo_reg_0_63_0_0/DP/CLK
High Pulse Width  Slow    RAMD64E/CLK         n/a            1.250         10.000      8.750      SLICE_X34Y39  u_soc/u_qspi/rx_fifo_reg_0_63_0_0/SP/CLK
High Pulse Width  Fast    RAMD64E/CLK         n/a            1.250         10.000      8.750      SLICE_X34Y39  u_soc/u_qspi/rx_fifo_reg_0_63_0_0/SP/CLK
High Pulse Width  Slow    RAMD64E/CLK         n/a            1.250         10.000      8.750      SLICE_X30Y40  u_soc/u_qspi/rx_fifo_reg_0_63_10_10/DP/CLK
High Pulse Width  Fast    RAMD64E/CLK         n/a            1.250         10.000      8.750      SLICE_X30Y40  u_soc/u_qspi/rx_fifo_reg_0_63_10_10/DP/CLK
High Pulse Width  Slow    RAMD64E/CLK         n/a            1.250         10.000      8.750      SLICE_X30Y40  u_soc/u_qspi/rx_fifo_reg_0_63_10_10/SP/CLK
High Pulse Width  Fast    RAMD64E/CLK         n/a            1.250         10.000      8.750      SLICE_X30Y40  u_soc/u_qspi/rx_fifo_reg_0_63_10_10/SP/CLK
High Pulse Width  Slow    RAMD64E/CLK         n/a            1.250         10.000      8.750      SLICE_X30Y40  u_soc/u_qspi/rx_fifo_reg_0_63_11_11/DP/CLK
High Pulse Width  Fast    RAMD64E/CLK         n/a            1.250         10.000      8.750      SLICE_X30Y40  u_soc/u_qspi/rx_fifo_reg_0_63_11_11/DP/CLK



---------------------------------------------------------------------------------------------------
From Clock:  jtag_tck_clk
  To Clock:  jtag_tck_clk

Setup :            0  Failing Endpoints,  Worst Slack       95.400ns,  Total Violation        0.000ns
Hold  :            0  Failing Endpoints,  Worst Slack        0.161ns,  Total Violation        0.000ns
PW    :            0  Failing Endpoints,  Worst Slack       49.500ns,  Total Violation        0.000ns
---------------------------------------------------------------------------------------------------


Max Delay Paths
--------------------------------------------------------------------------------------
Slack (MET) :             95.400ns  (required time - arrival time)
  Source:                 u_soc/u_jtag/ir_reg_reg[3]/C
                            (rising edge-triggered cell FDRE clocked by jtag_tck_clk  {rise@0.000ns fall@50.000ns period=100.000ns})
  Destination:            u_soc/u_jtag/dr_reg_reg[40]/D
                            (rising edge-triggered cell FDRE clocked by jtag_tck_clk  {rise@0.000ns fall@50.000ns period=100.000ns})
  Path Group:             jtag_tck_clk
  Path Type:              Setup (Max at Slow Process Corner)
  Requirement:            100.000ns  (jtag_tck_clk rise@100.000ns - jtag_tck_clk rise@0.000ns)
  Data Path Delay:        4.599ns  (logic 1.069ns (23.244%)  route 3.530ns (76.756%))
  Logic Levels:           2  (LUT4=1 LUT5=1)
  Clock Path Skew:        -0.045ns (DCD - SCD + CPR)
    Destination Clock Delay (DCD):    4.937ns = ( 104.937 - 100.000 ) 
    Source Clock Delay      (SCD):    5.448ns
    Clock Pessimism Removal (CPR):    0.466ns
  Clock Uncertainty:      0.035ns  ((TSJ^2 + TIJ^2)^1/2 + DJ) / 2 + PE
    Total System Jitter     (TSJ):    0.071ns
    Total Input Jitter      (TIJ):    0.000ns
    Discrete Jitter          (DJ):    0.000ns
    Phase Error              (PE):    0.000ns

    Location             Delay type                Incr(ns)  Path(ns)    Netlist Resource(s)
  -------------------------------------------------------------------    -------------------
                         (clock jtag_tck_clk rise edge)
                                                      0.000     0.000 r  
    K1                                                0.000     0.000 r  JTAG_TCK (IN)
                         net (fo=0)                   0.000     0.000    JTAG_TCK
    K1                   IBUF (Prop_ibuf_I_O)         1.461     1.461 r  JTAG_TCK_IBUF_inst/O
                         net (fo=1, routed)           2.268     3.729    JTAG_TCK_IBUF
    BUFGCTRL_X0Y1        BUFG (Prop_bufg_I_O)         0.096     3.825 r  JTAG_TCK_IBUF_BUFG_inst/O
                         net (fo=154, routed)         1.623     5.448    u_soc/u_jtag/JTAG_TCK_IBUF_BUFG
    SLICE_X68Y66         FDRE                                         r  u_soc/u_jtag/ir_reg_reg[3]/C
  -------------------------------------------------------------------    -------------------
    SLICE_X68Y66         FDRE (Prop_fdre_C_Q)         0.419     5.867 r  u_soc/u_jtag/ir_reg_reg[3]/Q
                         net (fo=5, routed)           0.868     6.735    u_soc/u_jtag/ir_reg_reg_n_0_[3]
    SLICE_X67Y66         LUT4 (Prop_lut4_I1_O)        0.324     7.059 r  u_soc/u_jtag/dr_reg[63]_i_3/O
                         net (fo=32, routed)          2.662     9.721    u_soc/u_jtag/dr_reg[63]_i_3_n_0
    SLICE_X54Y61         LUT5 (Prop_lut5_I1_O)        0.326    10.047 r  u_soc/u_jtag/dr_reg[40]_i_1/O
                         net (fo=1, routed)           0.000    10.047    u_soc/u_jtag/dr_reg[40]_i_1_n_0
    SLICE_X54Y61         FDRE                                         r  u_soc/u_jtag/dr_reg_reg[40]/D
  -------------------------------------------------------------------    -------------------

                         (clock jtag_tck_clk rise edge)
                                                    100.000   100.000 r  
    K1                                                0.000   100.000 r  JTAG_TCK (IN)
                         net (fo=0)                   0.000   100.000    JTAG_TCK
    K1                   IBUF (Prop_ibuf_I_O)         1.390   101.390 r  JTAG_TCK_IBUF_inst/O
                         net (fo=1, routed)           1.957   103.348    JTAG_TCK_IBUF
    BUFGCTRL_X0Y1        BUFG (Prop_bufg_I_O)         0.091   103.439 r  JTAG_TCK_IBUF_BUFG_inst/O
                         net (fo=154, routed)         1.498   104.937    u_soc/u_jtag/JTAG_TCK_IBUF_BUFG
    SLICE_X54Y61         FDRE                                         r  u_soc/u_jtag/dr_reg_reg[40]/C
                         clock pessimism              0.466   105.403    
                         clock uncertainty           -0.035   105.368    
    SLICE_X54Y61         FDRE (Setup_fdre_C_D)        0.079   105.447    u_soc/u_jtag/dr_reg_reg[40]
  -------------------------------------------------------------------
                         required time                        105.447    
                         arrival time                         -10.047    
  -------------------------------------------------------------------
                         slack                                 95.400    

Slack (MET) :             95.585ns  (required time - arrival time)
  Source:                 u_soc/u_jtag/ir_reg_reg[3]/C
                            (rising edge-triggered cell FDRE clocked by jtag_tck_clk  {rise@0.000ns fall@50.000ns period=100.000ns})
  Destination:            u_soc/u_jtag/dr_reg_reg[36]/D
                            (rising edge-triggered cell FDRE clocked by jtag_tck_clk  {rise@0.000ns fall@50.000ns period=100.000ns})
  Path Group:             jtag_tck_clk
  Path Type:              Setup (Max at Slow Process Corner)
  Requirement:            100.000ns  (jtag_tck_clk rise@100.000ns - jtag_tck_clk rise@0.000ns)
  Data Path Delay:        4.414ns  (logic 1.069ns (24.218%)  route 3.345ns (75.782%))
  Logic Levels:           2  (LUT4=1 LUT5=1)
  Clock Path Skew:        -0.045ns (DCD - SCD + CPR)
    Destination Clock Delay (DCD):    4.937ns = ( 104.937 - 100.000 ) 
    Source Clock Delay      (SCD):    5.448ns
    Clock Pessimism Removal (CPR):    0.466ns
  Clock Uncertainty:      0.035ns  ((TSJ^2 + TIJ^2)^1/2 + DJ) / 2 + PE
    Total System Jitter     (TSJ):    0.071ns
    Total Input Jitter      (TIJ):    0.000ns
    Discrete Jitter          (DJ):    0.000ns
    Phase Error              (PE):    0.000ns

    Location             Delay type                Incr(ns)  Path(ns)    Netlist Resource(s)
  -------------------------------------------------------------------    -------------------
                         (clock jtag_tck_clk rise edge)
                                                      0.000     0.000 r  
    K1                                                0.000     0.000 r  JTAG_TCK (IN)
                         net (fo=0)                   0.000     0.000    JTAG_TCK
    K1                   IBUF (Prop_ibuf_I_O)         1.461     1.461 r  JTAG_TCK_IBUF_inst/O
                         net (fo=1, routed)           2.268     3.729    JTAG_TCK_IBUF
    BUFGCTRL_X0Y1        BUFG (Prop_bufg_I_O)         0.096     3.825 r  JTAG_TCK_IBUF_BUFG_inst/O
                         net (fo=154, routed)         1.623     5.448    u_soc/u_jtag/JTAG_TCK_IBUF_BUFG
    SLICE_X68Y66         FDRE                                         r  u_soc/u_jtag/ir_reg_reg[3]/C
  -------------------------------------------------------------------    -------------------
    SLICE_X68Y66         FDRE (Prop_fdre_C_Q)         0.419     5.867 r  u_soc/u_jtag/ir_reg_reg[3]/Q
                         net (fo=5, routed)           0.868     6.735    u_soc/u_jtag/ir_reg_reg_n_0_[3]
    SLICE_X67Y66         LUT4 (Prop_lut4_I1_O)        0.324     7.059 r  u_soc/u_jtag/dr_reg[63]_i_3/O
                         net (fo=32, routed)          2.477     9.536    u_soc/u_jtag/dr_reg[63]_i_3_n_0
    SLICE_X56Y62         LUT5 (Prop_lut5_I1_O)        0.326     9.862 r  u_soc/u_jtag/dr_reg[36]_i_1/O
                         net (fo=1, routed)           0.000     9.862    u_soc/u_jtag/dr_reg[36]_i_1_n_0
    SLICE_X56Y62         FDRE                                         r  u_soc/u_jtag/dr_reg_reg[36]/D
  -------------------------------------------------------------------    -------------------

                         (clock jtag_tck_clk rise edge)
                                                    100.000   100.000 r  
    K1                                                0.000   100.000 r  JTAG_TCK (IN)
                         net (fo=0)                   0.000   100.000    JTAG_TCK
    K1                   IBUF (Prop_ibuf_I_O)         1.390   101.390 r  JTAG_TCK_IBUF_inst/O
                         net (fo=1, routed)           1.957   103.348    JTAG_TCK_IBUF
    BUFGCTRL_X0Y1        BUFG (Prop_bufg_I_O)         0.091   103.439 r  JTAG_TCK_IBUF_BUFG_inst/O
                         net (fo=154, routed)         1.498   104.937    u_soc/u_jtag/JTAG_TCK_IBUF_BUFG
    SLICE_X56Y62         FDRE                                         r  u_soc/u_jtag/dr_reg_reg[36]/C
                         clock pessimism              0.466   105.403    
                         clock uncertainty           -0.035   105.368    
    SLICE_X56Y62         FDRE (Setup_fdre_C_D)        0.079   105.447    u_soc/u_jtag/dr_reg_reg[36]
  -------------------------------------------------------------------
                         required time                        105.447    
                         arrival time                          -9.862    
  -------------------------------------------------------------------
                         slack                                 95.585    

Slack (MET) :             95.588ns  (required time - arrival time)
  Source:                 u_soc/u_jtag/ir_reg_reg[3]/C
                            (rising edge-triggered cell FDRE clocked by jtag_tck_clk  {rise@0.000ns fall@50.000ns period=100.000ns})
  Destination:            u_soc/u_jtag/dr_reg_reg[37]/D
                            (rising edge-triggered cell FDRE clocked by jtag_tck_clk  {rise@0.000ns fall@50.000ns period=100.000ns})
  Path Group:             jtag_tck_clk
  Path Type:              Setup (Max at Slow Process Corner)
  Requirement:            100.000ns  (jtag_tck_clk rise@100.000ns - jtag_tck_clk rise@0.000ns)
  Data Path Delay:        4.409ns  (logic 1.069ns (24.246%)  route 3.340ns (75.754%))
  Logic Levels:           2  (LUT4=1 LUT5=1)
  Clock Path Skew:        -0.045ns (DCD - SCD + CPR)
    Destination Clock Delay (DCD):    4.937ns = ( 104.937 - 100.000 ) 
    Source Clock Delay      (SCD):    5.448ns
    Clock Pessimism Removal (CPR):    0.466ns
  Clock Uncertainty:      0.035ns  ((TSJ^2 + TIJ^2)^1/2 + DJ) / 2 + PE
    Total System Jitter     (TSJ):    0.071ns
    Total Input Jitter      (TIJ):    0.000ns
    Discrete Jitter          (DJ):    0.000ns
    Phase Error              (PE):    0.000ns

    Location             Delay type                Incr(ns)  Path(ns)    Netlist Resource(s)
  -------------------------------------------------------------------    -------------------
                         (clock jtag_tck_clk rise edge)
                                                      0.000     0.000 r  
    K1                                                0.000     0.000 r  JTAG_TCK (IN)
                         net (fo=0)                   0.000     0.000    JTAG_TCK
    K1                   IBUF (Prop_ibuf_I_O)         1.461     1.461 r  JTAG_TCK_IBUF_inst/O
                         net (fo=1, routed)           2.268     3.729    JTAG_TCK_IBUF
    BUFGCTRL_X0Y1        BUFG (Prop_bufg_I_O)         0.096     3.825 r  JTAG_TCK_IBUF_BUFG_inst/O
                         net (fo=154, routed)         1.623     5.448    u_soc/u_jtag/JTAG_TCK_IBUF_BUFG
    SLICE_X68Y66         FDRE                                         r  u_soc/u_jtag/ir_reg_reg[3]/C
  -------------------------------------------------------------------    -------------------
    SLICE_X68Y66         FDRE (Prop_fdre_C_Q)         0.419     5.867 r  u_soc/u_jtag/ir_reg_reg[3]/Q
                         net (fo=5, routed)           0.868     6.735    u_soc/u_jtag/ir_reg_reg_n_0_[3]
    SLICE_X67Y66         LUT4 (Prop_lut4_I1_O)        0.324     7.059 r  u_soc/u_jtag/dr_reg[63]_i_3/O
                         net (fo=32, routed)          2.472     9.531    u_soc/u_jtag/dr_reg[63]_i_3_n_0
    SLICE_X54Y61         LUT5 (Prop_lut5_I1_O)        0.326     9.857 r  u_soc/u_jtag/dr_reg[37]_i_1/O
                         net (fo=1, routed)           0.000     9.857    u_soc/u_jtag/dr_reg[37]_i_1_n_0
    SLICE_X54Y61         FDRE                                         r  u_soc/u_jtag/dr_reg_reg[37]/D
  -------------------------------------------------------------------    -------------------

                         (clock jtag_tck_clk rise edge)
                                                    100.000   100.000 r  
    K1                                                0.000   100.000 r  JTAG_TCK (IN)
                         net (fo=0)                   0.000   100.000    JTAG_TCK
    K1                   IBUF (Prop_ibuf_I_O)         1.390   101.390 r  JTAG_TCK_IBUF_inst/O
                         net (fo=1, routed)           1.957   103.348    JTAG_TCK_IBUF
    BUFGCTRL_X0Y1        BUFG (Prop_bufg_I_O)         0.091   103.439 r  JTAG_TCK_IBUF_BUFG_inst/O
                         net (fo=154, routed)         1.498   104.937    u_soc/u_jtag/JTAG_TCK_IBUF_BUFG
    SLICE_X54Y61         FDRE                                         r  u_soc/u_jtag/dr_reg_reg[37]/C
                         clock pessimism              0.466   105.403    
                         clock uncertainty           -0.035   105.368    
    SLICE_X54Y61         FDRE (Setup_fdre_C_D)        0.077   105.445    u_soc/u_jtag/dr_reg_reg[37]
  -------------------------------------------------------------------
                         required time                        105.445    
                         arrival time                          -9.857    
  -------------------------------------------------------------------
                         slack                                 95.588    

Slack (MET) :             95.622ns  (required time - arrival time)
  Source:                 u_soc/u_jtag/ir_reg_reg[3]/C
                            (rising edge-triggered cell FDRE clocked by jtag_tck_clk  {rise@0.000ns fall@50.000ns period=100.000ns})
  Destination:            u_soc/u_jtag/dr_reg_reg[38]/D
                            (rising edge-triggered cell FDRE clocked by jtag_tck_clk  {rise@0.000ns fall@50.000ns period=100.000ns})
  Path Group:             jtag_tck_clk
  Path Type:              Setup (Max at Slow Process Corner)
  Requirement:            100.000ns  (jtag_tck_clk rise@100.000ns - jtag_tck_clk rise@0.000ns)
  Data Path Delay:        4.379ns  (logic 1.069ns (24.412%)  route 3.310ns (75.588%))
  Logic Levels:           2  (LUT4=1 LUT5=1)
  Clock Path Skew:        -0.045ns (DCD - SCD + CPR)
    Destination Clock Delay (DCD):    4.937ns = ( 104.937 - 100.000 ) 
    Source Clock Delay      (SCD):    5.448ns
    Clock Pessimism Removal (CPR):    0.466ns
  Clock Uncertainty:      0.035ns  ((TSJ^2 + TIJ^2)^1/2 + DJ) / 2 + PE
    Total System Jitter     (TSJ):    0.071ns
    Total Input Jitter      (TIJ):    0.000ns
    Discrete Jitter          (DJ):    0.000ns
    Phase Error              (PE):    0.000ns

    Location             Delay type                Incr(ns)  Path(ns)    Netlist Resource(s)
  -------------------------------------------------------------------    -------------------
                         (clock jtag_tck_clk rise edge)
                                                      0.000     0.000 r  
    K1                                                0.000     0.000 r  JTAG_TCK (IN)
                         net (fo=0)                   0.000     0.000    JTAG_TCK
    K1                   IBUF (Prop_ibuf_I_O)         1.461     1.461 r  JTAG_TCK_IBUF_inst/O
                         net (fo=1, routed)           2.268     3.729    JTAG_TCK_IBUF
    BUFGCTRL_X0Y1        BUFG (Prop_bufg_I_O)         0.096     3.825 r  JTAG_TCK_IBUF_BUFG_inst/O
                         net (fo=154, routed)         1.623     5.448    u_soc/u_jtag/JTAG_TCK_IBUF_BUFG
    SLICE_X68Y66         FDRE                                         r  u_soc/u_jtag/ir_reg_reg[3]/C
  -------------------------------------------------------------------    -------------------
    SLICE_X68Y66         FDRE (Prop_fdre_C_Q)         0.419     5.867 r  u_soc/u_jtag/ir_reg_reg[3]/Q
                         net (fo=5, routed)           0.868     6.735    u_soc/u_jtag/ir_reg_reg_n_0_[3]
    SLICE_X67Y66         LUT4 (Prop_lut4_I1_O)        0.324     7.059 r  u_soc/u_jtag/dr_reg[63]_i_3/O
                         net (fo=32, routed)          2.442     9.501    u_soc/u_jtag/dr_reg[63]_i_3_n_0
    SLICE_X54Y61         LUT5 (Prop_lut5_I1_O)        0.326     9.827 r  u_soc/u_jtag/dr_reg[38]_i_1/O
                         net (fo=1, routed)           0.000     9.827    u_soc/u_jtag/dr_reg[38]_i_1_n_0
    SLICE_X54Y61         FDRE                                         r  u_soc/u_jtag/dr_reg_reg[38]/D
  -------------------------------------------------------------------    -------------------

                         (clock jtag_tck_clk rise edge)
                                                    100.000   100.000 r  
    K1                                                0.000   100.000 r  JTAG_TCK (IN)
                         net (fo=0)                   0.000   100.000    JTAG_TCK
    K1                   IBUF (Prop_ibuf_I_O)         1.390   101.390 r  JTAG_TCK_IBUF_inst/O
                         net (fo=1, routed)           1.957   103.348    JTAG_TCK_IBUF
    BUFGCTRL_X0Y1        BUFG (Prop_bufg_I_O)         0.091   103.439 r  JTAG_TCK_IBUF_BUFG_inst/O
                         net (fo=154, routed)         1.498   104.937    u_soc/u_jtag/JTAG_TCK_IBUF_BUFG
    SLICE_X54Y61         FDRE                                         r  u_soc/u_jtag/dr_reg_reg[38]/C
                         clock pessimism              0.466   105.403    
                         clock uncertainty           -0.035   105.368    
    SLICE_X54Y61         FDRE (Setup_fdre_C_D)        0.081   105.449    u_soc/u_jtag/dr_reg_reg[38]
  -------------------------------------------------------------------
                         required time                        105.449    
                         arrival time                          -9.827    
  -------------------------------------------------------------------
                         slack                                 95.622    

Slack (MET) :             95.776ns  (required time - arrival time)
  Source:                 u_soc/u_jtag/ir_reg_reg[3]/C
                            (rising edge-triggered cell FDRE clocked by jtag_tck_clk  {rise@0.000ns fall@50.000ns period=100.000ns})
  Destination:            u_soc/u_jtag/dr_reg_reg[33]/D
                            (rising edge-triggered cell FDRE clocked by jtag_tck_clk  {rise@0.000ns fall@50.000ns period=100.000ns})
  Path Group:             jtag_tck_clk
  Path Type:              Setup (Max at Slow Process Corner)
  Requirement:            100.000ns  (jtag_tck_clk rise@100.000ns - jtag_tck_clk rise@0.000ns)
  Data Path Delay:        4.218ns  (logic 1.069ns (25.341%)  route 3.149ns (74.659%))
  Logic Levels:           2  (LUT4=1 LUT5=1)
  Clock Path Skew:        -0.047ns (DCD - SCD + CPR)
    Destination Clock Delay (DCD):    4.935ns = ( 104.935 - 100.000 ) 
    Source Clock Delay      (SCD):    5.448ns
    Clock Pessimism Removal (CPR):    0.466ns
  Clock Uncertainty:      0.035ns  ((TSJ^2 + TIJ^2)^1/2 + DJ) / 2 + PE
    Total System Jitter     (TSJ):    0.071ns
    Total Input Jitter      (TIJ):    0.000ns
    Discrete Jitter          (DJ):    0.000ns
    Phase Error              (PE):    0.000ns

    Location             Delay type                Incr(ns)  Path(ns)    Netlist Resource(s)
  -------------------------------------------------------------------    -------------------
                         (clock jtag_tck_clk rise edge)
                                                      0.000     0.000 r  
    K1                                                0.000     0.000 r  JTAG_TCK (IN)
                         net (fo=0)                   0.000     0.000    JTAG_TCK
    K1                   IBUF (Prop_ibuf_I_O)         1.461     1.461 r  JTAG_TCK_IBUF_inst/O
                         net (fo=1, routed)           2.268     3.729    JTAG_TCK_IBUF
    BUFGCTRL_X0Y1        BUFG (Prop_bufg_I_O)         0.096     3.825 r  JTAG_TCK_IBUF_BUFG_inst/O
                         net (fo=154, routed)         1.623     5.448    u_soc/u_jtag/JTAG_TCK_IBUF_BUFG
    SLICE_X68Y66         FDRE                                         r  u_soc/u_jtag/ir_reg_reg[3]/C
  -------------------------------------------------------------------    -------------------
    SLICE_X68Y66         FDRE (Prop_fdre_C_Q)         0.419     5.867 r  u_soc/u_jtag/ir_reg_reg[3]/Q
                         net (fo=5, routed)           0.868     6.735    u_soc/u_jtag/ir_reg_reg_n_0_[3]
    SLICE_X67Y66         LUT4 (Prop_lut4_I1_O)        0.324     7.059 r  u_soc/u_jtag/dr_reg[63]_i_3/O
                         net (fo=32, routed)          2.282     9.341    u_soc/u_jtag/dr_reg[63]_i_3_n_0
    SLICE_X54Y63         LUT5 (Prop_lut5_I1_O)        0.326     9.667 r  u_soc/u_jtag/dr_reg[33]_i_1/O
                         net (fo=1, routed)           0.000     9.667    u_soc/u_jtag/dr_reg[33]_i_1_n_0
    SLICE_X54Y63         FDRE                                         r  u_soc/u_jtag/dr_reg_reg[33]/D
  -------------------------------------------------------------------    -------------------

                         (clock jtag_tck_clk rise edge)
                                                    100.000   100.000 r  
    K1                                                0.000   100.000 r  JTAG_TCK (IN)
                         net (fo=0)                   0.000   100.000    JTAG_TCK
    K1                   IBUF (Prop_ibuf_I_O)         1.390   101.390 r  JTAG_TCK_IBUF_inst/O
                         net (fo=1, routed)           1.957   103.348    JTAG_TCK_IBUF
    BUFGCTRL_X0Y1        BUFG (Prop_bufg_I_O)         0.091   103.439 r  JTAG_TCK_IBUF_BUFG_inst/O
                         net (fo=154, routed)         1.496   104.935    u_soc/u_jtag/JTAG_TCK_IBUF_BUFG
    SLICE_X54Y63         FDRE                                         r  u_soc/u_jtag/dr_reg_reg[33]/C
                         clock pessimism              0.466   105.401    
                         clock uncertainty           -0.035   105.366    
    SLICE_X54Y63         FDRE (Setup_fdre_C_D)        0.077   105.443    u_soc/u_jtag/dr_reg_reg[33]
  -------------------------------------------------------------------
                         required time                        105.443    
                         arrival time                          -9.667    
  -------------------------------------------------------------------
                         slack                                 95.776    

Slack (MET) :             95.778ns  (required time - arrival time)
  Source:                 u_soc/u_jtag/ir_reg_reg[3]/C
                            (rising edge-triggered cell FDRE clocked by jtag_tck_clk  {rise@0.000ns fall@50.000ns period=100.000ns})
  Destination:            u_soc/u_jtag/dr_reg_reg[35]/D
                            (rising edge-triggered cell FDRE clocked by jtag_tck_clk  {rise@0.000ns fall@50.000ns period=100.000ns})
  Path Group:             jtag_tck_clk
  Path Type:              Setup (Max at Slow Process Corner)
  Requirement:            100.000ns  (jtag_tck_clk rise@100.000ns - jtag_tck_clk rise@0.000ns)
  Data Path Delay:        4.223ns  (logic 1.069ns (25.316%)  route 3.154ns (74.684%))
  Logic Levels:           2  (LUT4=1 LUT5=1)
  Clock Path Skew:        -0.045ns (DCD - SCD + CPR)
    Destination Clock Delay (DCD):    4.937ns = ( 104.937 - 100.000 ) 
    Source Clock Delay      (SCD):    5.448ns
    Clock Pessimism Removal (CPR):    0.466ns
  Clock Uncertainty:      0.035ns  ((TSJ^2 + TIJ^2)^1/2 + DJ) / 2 + PE
    Total System Jitter     (TSJ):    0.071ns
    Total Input Jitter      (TIJ):    0.000ns
    Discrete Jitter          (DJ):    0.000ns
    Phase Error              (PE):    0.000ns

    Location             Delay type                Incr(ns)  Path(ns)    Netlist Resource(s)
  -------------------------------------------------------------------    -------------------
                         (clock jtag_tck_clk rise edge)
                                                      0.000     0.000 r  
    K1                                                0.000     0.000 r  JTAG_TCK (IN)
                         net (fo=0)                   0.000     0.000    JTAG_TCK
    K1                   IBUF (Prop_ibuf_I_O)         1.461     1.461 r  JTAG_TCK_IBUF_inst/O
                         net (fo=1, routed)           2.268     3.729    JTAG_TCK_IBUF
    BUFGCTRL_X0Y1        BUFG (Prop_bufg_I_O)         0.096     3.825 r  JTAG_TCK_IBUF_BUFG_inst/O
                         net (fo=154, routed)         1.623     5.448    u_soc/u_jtag/JTAG_TCK_IBUF_BUFG
    SLICE_X68Y66         FDRE                                         r  u_soc/u_jtag/ir_reg_reg[3]/C
  -------------------------------------------------------------------    -------------------
    SLICE_X68Y66         FDRE (Prop_fdre_C_Q)         0.419     5.867 r  u_soc/u_jtag/ir_reg_reg[3]/Q
                         net (fo=5, routed)           0.868     6.735    u_soc/u_jtag/ir_reg_reg_n_0_[3]
    SLICE_X67Y66         LUT4 (Prop_lut4_I1_O)        0.324     7.059 r  u_soc/u_jtag/dr_reg[63]_i_3/O
                         net (fo=32, routed)          2.286     9.345    u_soc/u_jtag/dr_reg[63]_i_3_n_0
    SLICE_X56Y62         LUT5 (Prop_lut5_I1_O)        0.326     9.671 r  u_soc/u_jtag/dr_reg[35]_i_1/O
                         net (fo=1, routed)           0.000     9.671    u_soc/u_jtag/dr_reg[35]_i_1_n_0
    SLICE_X56Y62         FDRE                                         r  u_soc/u_jtag/dr_reg_reg[35]/D
  -------------------------------------------------------------------    -------------------

                         (clock jtag_tck_clk rise edge)
                                                    100.000   100.000 r  
    K1                                                0.000   100.000 r  JTAG_TCK (IN)
                         net (fo=0)                   0.000   100.000    JTAG_TCK
    K1                   IBUF (Prop_ibuf_I_O)         1.390   101.390 r  JTAG_TCK_IBUF_inst/O
                         net (fo=1, routed)           1.957   103.348    JTAG_TCK_IBUF
    BUFGCTRL_X0Y1        BUFG (Prop_bufg_I_O)         0.091   103.439 r  JTAG_TCK_IBUF_BUFG_inst/O
                         net (fo=154, routed)         1.498   104.937    u_soc/u_jtag/JTAG_TCK_IBUF_BUFG
    SLICE_X56Y62         FDRE                                         r  u_soc/u_jtag/dr_reg_reg[35]/C
                         clock pessimism              0.466   105.403    
                         clock uncertainty           -0.035   105.368    
    SLICE_X56Y62         FDRE (Setup_fdre_C_D)        0.081   105.449    u_soc/u_jtag/dr_reg_reg[35]
  -------------------------------------------------------------------
                         required time                        105.449    
                         arrival time                          -9.671    
  -------------------------------------------------------------------
                         slack                                 95.778    

Slack (MET) :             95.893ns  (required time - arrival time)
  Source:                 u_soc/u_jtag/ir_reg_reg[3]/C
                            (rising edge-triggered cell FDRE clocked by jtag_tck_clk  {rise@0.000ns fall@50.000ns period=100.000ns})
  Destination:            u_soc/u_jtag/dr_reg_reg[62]/D
                            (rising edge-triggered cell FDRE clocked by jtag_tck_clk  {rise@0.000ns fall@50.000ns period=100.000ns})
  Path Group:             jtag_tck_clk
  Path Type:              Setup (Max at Slow Process Corner)
  Requirement:            100.000ns  (jtag_tck_clk rise@100.000ns - jtag_tck_clk rise@0.000ns)
  Data Path Delay:        4.060ns  (logic 1.069ns (26.329%)  route 2.991ns (73.671%))
  Logic Levels:           2  (LUT4=1 LUT5=1)
  Clock Path Skew:        -0.043ns (DCD - SCD + CPR)
    Destination Clock Delay (DCD):    4.939ns = ( 104.939 - 100.000 ) 
    Source Clock Delay      (SCD):    5.448ns
    Clock Pessimism Removal (CPR):    0.466ns
  Clock Uncertainty:      0.035ns  ((TSJ^2 + TIJ^2)^1/2 + DJ) / 2 + PE
    Total System Jitter     (TSJ):    0.071ns
    Total Input Jitter      (TIJ):    0.000ns
    Discrete Jitter          (DJ):    0.000ns
    Phase Error              (PE):    0.000ns

    Location             Delay type                Incr(ns)  Path(ns)    Netlist Resource(s)
  -------------------------------------------------------------------    -------------------
                         (clock jtag_tck_clk rise edge)
                                                      0.000     0.000 r  
    K1                                                0.000     0.000 r  JTAG_TCK (IN)
                         net (fo=0)                   0.000     0.000    JTAG_TCK
    K1                   IBUF (Prop_ibuf_I_O)         1.461     1.461 r  JTAG_TCK_IBUF_inst/O
                         net (fo=1, routed)           2.268     3.729    JTAG_TCK_IBUF
    BUFGCTRL_X0Y1        BUFG (Prop_bufg_I_O)         0.096     3.825 r  JTAG_TCK_IBUF_BUFG_inst/O
                         net (fo=154, routed)         1.623     5.448    u_soc/u_jtag/JTAG_TCK_IBUF_BUFG
    SLICE_X68Y66         FDRE                                         r  u_soc/u_jtag/ir_reg_reg[3]/C
  -------------------------------------------------------------------    -------------------
    SLICE_X68Y66         FDRE (Prop_fdre_C_Q)         0.419     5.867 r  u_soc/u_jtag/ir_reg_reg[3]/Q
                         net (fo=5, routed)           0.868     6.735    u_soc/u_jtag/ir_reg_reg_n_0_[3]
    SLICE_X67Y66         LUT4 (Prop_lut4_I1_O)        0.324     7.059 r  u_soc/u_jtag/dr_reg[63]_i_3/O
                         net (fo=32, routed)          2.123     9.182    u_soc/u_jtag/dr_reg[63]_i_3_n_0
    SLICE_X61Y65         LUT5 (Prop_lut5_I1_O)        0.326     9.508 r  u_soc/u_jtag/dr_reg[62]_i_1/O
                         net (fo=1, routed)           0.000     9.508    u_soc/u_jtag/dr_reg[62]_i_1_n_0
    SLICE_X61Y65         FDRE                                         r  u_soc/u_jtag/dr_reg_reg[62]/D
  -------------------------------------------------------------------    -------------------

                         (clock jtag_tck_clk rise edge)
                                                    100.000   100.000 r  
    K1                                                0.000   100.000 r  JTAG_TCK (IN)
                         net (fo=0)                   0.000   100.000    JTAG_TCK
    K1                   IBUF (Prop_ibuf_I_O)         1.390   101.390 r  JTAG_TCK_IBUF_inst/O
                         net (fo=1, routed)           1.957   103.348    JTAG_TCK_IBUF
    BUFGCTRL_X0Y1        BUFG (Prop_bufg_I_O)         0.091   103.439 r  JTAG_TCK_IBUF_BUFG_inst/O
                         net (fo=154, routed)         1.500   104.939    u_soc/u_jtag/JTAG_TCK_IBUF_BUFG
    SLICE_X61Y65         FDRE                                         r  u_soc/u_jtag/dr_reg_reg[62]/C
                         clock pessimism              0.466   105.405    
                         clock uncertainty           -0.035   105.370    
    SLICE_X61Y65         FDRE (Setup_fdre_C_D)        0.031   105.401    u_soc/u_jtag/dr_reg_reg[62]
  -------------------------------------------------------------------
                         required time                        105.401    
                         arrival time                          -9.508    
  -------------------------------------------------------------------
                         slack                                 95.893    

Slack (MET) :             95.897ns  (required time - arrival time)
  Source:                 u_soc/u_jtag/ir_reg_reg[3]/C
                            (rising edge-triggered cell FDRE clocked by jtag_tck_clk  {rise@0.000ns fall@50.000ns period=100.000ns})
  Destination:            u_soc/u_jtag/dr_reg_reg[34]/D
                            (rising edge-triggered cell FDRE clocked by jtag_tck_clk  {rise@0.000ns fall@50.000ns period=100.000ns})
  Path Group:             jtag_tck_clk
  Path Type:              Setup (Max at Slow Process Corner)
  Requirement:            100.000ns  (jtag_tck_clk rise@100.000ns - jtag_tck_clk rise@0.000ns)
  Data Path Delay:        4.100ns  (logic 1.069ns (26.075%)  route 3.031ns (73.925%))
  Logic Levels:           2  (LUT4=1 LUT5=1)
  Clock Path Skew:        -0.045ns (DCD - SCD + CPR)
    Destination Clock Delay (DCD):    4.937ns = ( 104.937 - 100.000 ) 
    Source Clock Delay      (SCD):    5.448ns
    Clock Pessimism Removal (CPR):    0.466ns
  Clock Uncertainty:      0.035ns  ((TSJ^2 + TIJ^2)^1/2 + DJ) / 2 + PE
    Total System Jitter     (TSJ):    0.071ns
    Total Input Jitter      (TIJ):    0.000ns
    Discrete Jitter          (DJ):    0.000ns
    Phase Error              (PE):    0.000ns

    Location             Delay type                Incr(ns)  Path(ns)    Netlist Resource(s)
  -------------------------------------------------------------------    -------------------
                         (clock jtag_tck_clk rise edge)
                                                      0.000     0.000 r  
    K1                                                0.000     0.000 r  JTAG_TCK (IN)
                         net (fo=0)                   0.000     0.000    JTAG_TCK
    K1                   IBUF (Prop_ibuf_I_O)         1.461     1.461 r  JTAG_TCK_IBUF_inst/O
                         net (fo=1, routed)           2.268     3.729    JTAG_TCK_IBUF
    BUFGCTRL_X0Y1        BUFG (Prop_bufg_I_O)         0.096     3.825 r  JTAG_TCK_IBUF_BUFG_inst/O
                         net (fo=154, routed)         1.623     5.448    u_soc/u_jtag/JTAG_TCK_IBUF_BUFG
    SLICE_X68Y66         FDRE                                         r  u_soc/u_jtag/ir_reg_reg[3]/C
  -------------------------------------------------------------------    -------------------
    SLICE_X68Y66         FDRE (Prop_fdre_C_Q)         0.419     5.867 r  u_soc/u_jtag/ir_reg_reg[3]/Q
                         net (fo=5, routed)           0.868     6.735    u_soc/u_jtag/ir_reg_reg_n_0_[3]
    SLICE_X67Y66         LUT4 (Prop_lut4_I1_O)        0.324     7.059 r  u_soc/u_jtag/dr_reg[63]_i_3/O
                         net (fo=32, routed)          2.163     9.222    u_soc/u_jtag/dr_reg[63]_i_3_n_0
    SLICE_X56Y62         LUT5 (Prop_lut5_I1_O)        0.326     9.548 r  u_soc/u_jtag/dr_reg[34]_i_1/O
                         net (fo=1, routed)           0.000     9.548    u_soc/u_jtag/dr_reg[34]_i_1_n_0
    SLICE_X56Y62         FDRE                                         r  u_soc/u_jtag/dr_reg_reg[34]/D
  -------------------------------------------------------------------    -------------------

                         (clock jtag_tck_clk rise edge)
                                                    100.000   100.000 r  
    K1                                                0.000   100.000 r  JTAG_TCK (IN)
                         net (fo=0)                   0.000   100.000    JTAG_TCK
    K1                   IBUF (Prop_ibuf_I_O)         1.390   101.390 r  JTAG_TCK_IBUF_inst/O
                         net (fo=1, routed)           1.957   103.348    JTAG_TCK_IBUF
    BUFGCTRL_X0Y1        BUFG (Prop_bufg_I_O)         0.091   103.439 r  JTAG_TCK_IBUF_BUFG_inst/O
                         net (fo=154, routed)         1.498   104.937    u_soc/u_jtag/JTAG_TCK_IBUF_BUFG
    SLICE_X56Y62         FDRE                                         r  u_soc/u_jtag/dr_reg_reg[34]/C
                         clock pessimism              0.466   105.403    
                         clock uncertainty           -0.035   105.368    
    SLICE_X56Y62         FDRE (Setup_fdre_C_D)        0.077   105.445    u_soc/u_jtag/dr_reg_reg[34]
  -------------------------------------------------------------------
                         required time                        105.445    
                         arrival time                          -9.548    
  -------------------------------------------------------------------
                         slack                                 95.897    

Slack (MET) :             95.988ns  (required time - arrival time)
  Source:                 u_soc/u_jtag/ir_reg_reg[3]/C
                            (rising edge-triggered cell FDRE clocked by jtag_tck_clk  {rise@0.000ns fall@50.000ns period=100.000ns})
  Destination:            u_soc/u_jtag/dr_reg_reg[39]/D
                            (rising edge-triggered cell FDRE clocked by jtag_tck_clk  {rise@0.000ns fall@50.000ns period=100.000ns})
  Path Group:             jtag_tck_clk
  Path Type:              Setup (Max at Slow Process Corner)
  Requirement:            100.000ns  (jtag_tck_clk rise@100.000ns - jtag_tck_clk rise@0.000ns)
  Data Path Delay:        4.011ns  (logic 1.069ns (26.652%)  route 2.942ns (73.348%))
  Logic Levels:           2  (LUT4=1 LUT5=1)
  Clock Path Skew:        -0.045ns (DCD - SCD + CPR)
    Destination Clock Delay (DCD):    4.937ns = ( 104.937 - 100.000 ) 
    Source Clock Delay      (SCD):    5.448ns
    Clock Pessimism Removal (CPR):    0.466ns
  Clock Uncertainty:      0.035ns  ((TSJ^2 + TIJ^2)^1/2 + DJ) / 2 + PE
    Total System Jitter     (TSJ):    0.071ns
    Total Input Jitter      (TIJ):    0.000ns
    Discrete Jitter          (DJ):    0.000ns
    Phase Error              (PE):    0.000ns

    Location             Delay type                Incr(ns)  Path(ns)    Netlist Resource(s)
  -------------------------------------------------------------------    -------------------
                         (clock jtag_tck_clk rise edge)
                                                      0.000     0.000 r  
    K1                                                0.000     0.000 r  JTAG_TCK (IN)
                         net (fo=0)                   0.000     0.000    JTAG_TCK
    K1                   IBUF (Prop_ibuf_I_O)         1.461     1.461 r  JTAG_TCK_IBUF_inst/O
                         net (fo=1, routed)           2.268     3.729    JTAG_TCK_IBUF
    BUFGCTRL_X0Y1        BUFG (Prop_bufg_I_O)         0.096     3.825 r  JTAG_TCK_IBUF_BUFG_inst/O
                         net (fo=154, routed)         1.623     5.448    u_soc/u_jtag/JTAG_TCK_IBUF_BUFG
    SLICE_X68Y66         FDRE                                         r  u_soc/u_jtag/ir_reg_reg[3]/C
  -------------------------------------------------------------------    -------------------
    SLICE_X68Y66         FDRE (Prop_fdre_C_Q)         0.419     5.867 r  u_soc/u_jtag/ir_reg_reg[3]/Q
                         net (fo=5, routed)           0.868     6.735    u_soc/u_jtag/ir_reg_reg_n_0_[3]
    SLICE_X67Y66         LUT4 (Prop_lut4_I1_O)        0.324     7.059 r  u_soc/u_jtag/dr_reg[63]_i_3/O
                         net (fo=32, routed)          2.074     9.133    u_soc/u_jtag/dr_reg[63]_i_3_n_0
    SLICE_X54Y61         LUT5 (Prop_lut5_I1_O)        0.326     9.459 r  u_soc/u_jtag/dr_reg[39]_i_1/O
                         net (fo=1, routed)           0.000     9.459    u_soc/u_jtag/dr_reg[39]_i_1_n_0
    SLICE_X54Y61         FDRE                                         r  u_soc/u_jtag/dr_reg_reg[39]/D
  -------------------------------------------------------------------    -------------------

                         (clock jtag_tck_clk rise edge)
                                                    100.000   100.000 r  
    K1                                                0.000   100.000 r  JTAG_TCK (IN)
                         net (fo=0)                   0.000   100.000    JTAG_TCK
    K1                   IBUF (Prop_ibuf_I_O)         1.390   101.390 r  JTAG_TCK_IBUF_inst/O
                         net (fo=1, routed)           1.957   103.348    JTAG_TCK_IBUF
    BUFGCTRL_X0Y1        BUFG (Prop_bufg_I_O)         0.091   103.439 r  JTAG_TCK_IBUF_BUFG_inst/O
                         net (fo=154, routed)         1.498   104.937    u_soc/u_jtag/JTAG_TCK_IBUF_BUFG
    SLICE_X54Y61         FDRE                                         r  u_soc/u_jtag/dr_reg_reg[39]/C
                         clock pessimism              0.466   105.403    
                         clock uncertainty           -0.035   105.368    
    SLICE_X54Y61         FDRE (Setup_fdre_C_D)        0.079   105.447    u_soc/u_jtag/dr_reg_reg[39]
  -------------------------------------------------------------------
                         required time                        105.447    
                         arrival time                          -9.459    
  -------------------------------------------------------------------
                         slack                                 95.988    

Slack (MET) :             96.053ns  (required time - arrival time)
  Source:                 u_soc/u_jtag/ir_reg_reg[3]/C
                            (rising edge-triggered cell FDRE clocked by jtag_tck_clk  {rise@0.000ns fall@50.000ns period=100.000ns})
  Destination:            u_soc/u_jtag/dr_reg_reg[41]/D
                            (rising edge-triggered cell FDRE clocked by jtag_tck_clk  {rise@0.000ns fall@50.000ns period=100.000ns})
  Path Group:             jtag_tck_clk
  Path Type:              Setup (Max at Slow Process Corner)
  Requirement:            100.000ns  (jtag_tck_clk rise@100.000ns - jtag_tck_clk rise@0.000ns)
  Data Path Delay:        3.946ns  (logic 1.069ns (27.093%)  route 2.877ns (72.907%))
  Logic Levels:           2  (LUT4=1 LUT5=1)
  Clock Path Skew:        -0.045ns (DCD - SCD + CPR)
    Destination Clock Delay (DCD):    4.937ns = ( 104.937 - 100.000 ) 
    Source Clock Delay      (SCD):    5.448ns
    Clock Pessimism Removal (CPR):    0.466ns
  Clock Uncertainty:      0.035ns  ((TSJ^2 + TIJ^2)^1/2 + DJ) / 2 + PE
    Total System Jitter     (TSJ):    0.071ns
    Total Input Jitter      (TIJ):    0.000ns
    Discrete Jitter          (DJ):    0.000ns
    Phase Error              (PE):    0.000ns

    Location             Delay type                Incr(ns)  Path(ns)    Netlist Resource(s)
  -------------------------------------------------------------------    -------------------
                         (clock jtag_tck_clk rise edge)
                                                      0.000     0.000 r  
    K1                                                0.000     0.000 r  JTAG_TCK (IN)
                         net (fo=0)                   0.000     0.000    JTAG_TCK
    K1                   IBUF (Prop_ibuf_I_O)         1.461     1.461 r  JTAG_TCK_IBUF_inst/O
                         net (fo=1, routed)           2.268     3.729    JTAG_TCK_IBUF
    BUFGCTRL_X0Y1        BUFG (Prop_bufg_I_O)         0.096     3.825 r  JTAG_TCK_IBUF_BUFG_inst/O
                         net (fo=154, routed)         1.623     5.448    u_soc/u_jtag/JTAG_TCK_IBUF_BUFG
    SLICE_X68Y66         FDRE                                         r  u_soc/u_jtag/ir_reg_reg[3]/C
  -------------------------------------------------------------------    -------------------
    SLICE_X68Y66         FDRE (Prop_fdre_C_Q)         0.419     5.867 r  u_soc/u_jtag/ir_reg_reg[3]/Q
                         net (fo=5, routed)           0.868     6.735    u_soc/u_jtag/ir_reg_reg_n_0_[3]
    SLICE_X67Y66         LUT4 (Prop_lut4_I1_O)        0.324     7.059 r  u_soc/u_jtag/dr_reg[63]_i_3/O
                         net (fo=32, routed)          2.009     9.068    u_soc/u_jtag/dr_reg[63]_i_3_n_0
    SLICE_X56Y62         LUT5 (Prop_lut5_I1_O)        0.326     9.394 r  u_soc/u_jtag/dr_reg[41]_i_1/O
                         net (fo=1, routed)           0.000     9.394    u_soc/u_jtag/dr_reg[41]_i_1_n_0
    SLICE_X56Y62         FDRE                                         r  u_soc/u_jtag/dr_reg_reg[41]/D
  -------------------------------------------------------------------    -------------------

                         (clock jtag_tck_clk rise edge)
                                                    100.000   100.000 r  
    K1                                                0.000   100.000 r  JTAG_TCK (IN)
                         net (fo=0)                   0.000   100.000    JTAG_TCK
    K1                   IBUF (Prop_ibuf_I_O)         1.390   101.390 r  JTAG_TCK_IBUF_inst/O
                         net (fo=1, routed)           1.957   103.348    JTAG_TCK_IBUF
    BUFGCTRL_X0Y1        BUFG (Prop_bufg_I_O)         0.091   103.439 r  JTAG_TCK_IBUF_BUFG_inst/O
                         net (fo=154, routed)         1.498   104.937    u_soc/u_jtag/JTAG_TCK_IBUF_BUFG
    SLICE_X56Y62         FDRE                                         r  u_soc/u_jtag/dr_reg_reg[41]/C
                         clock pessimism              0.466   105.403    
                         clock uncertainty           -0.035   105.368    
    SLICE_X56Y62         FDRE (Setup_fdre_C_D)        0.079   105.447    u_soc/u_jtag/dr_reg_reg[41]
  -------------------------------------------------------------------
                         required time                        105.447    
                         arrival time                          -9.394    
  -------------------------------------------------------------------
                         slack                                 96.053    





Min Delay Paths
--------------------------------------------------------------------------------------
Slack (MET) :             0.161ns  (arrival time - required time)
  Source:                 u_soc/u_jtag/dr_reg_reg[51]/C
                            (rising edge-triggered cell FDRE clocked by jtag_tck_clk  {rise@0.000ns fall@50.000ns period=100.000ns})
  Destination:            u_soc/u_jtag/jtag_dr_latched_reg[51]/D
                            (rising edge-triggered cell FDRE clocked by jtag_tck_clk  {rise@0.000ns fall@50.000ns period=100.000ns})
  Path Group:             jtag_tck_clk
  Path Type:              Hold (Min at Fast Process Corner)
  Requirement:            0.000ns  (jtag_tck_clk rise@0.000ns - jtag_tck_clk rise@0.000ns)
  Data Path Delay:        0.251ns  (logic 0.141ns (56.114%)  route 0.110ns (43.886%))
  Logic Levels:           0  
  Clock Path Skew:        0.014ns (DCD - SCD - CPR)
    Destination Clock Delay (DCD):    2.355ns
    Source Clock Delay      (SCD):    1.749ns
    Clock Pessimism Removal (CPR):    0.593ns

    Location             Delay type                Incr(ns)  Path(ns)    Netlist Resource(s)
  -------------------------------------------------------------------    -------------------
                         (clock jtag_tck_clk rise edge)
                                                      0.000     0.000 r  
    K1                                                0.000     0.000 r  JTAG_TCK (IN)
                         net (fo=0)                   0.000     0.000    JTAG_TCK
    K1                   IBUF (Prop_ibuf_I_O)         0.229     0.229 r  JTAG_TCK_IBUF_inst/O
                         net (fo=1, routed)           0.934     1.163    JTAG_TCK_IBUF
    BUFGCTRL_X0Y1        BUFG (Prop_bufg_I_O)         0.026     1.189 r  JTAG_TCK_IBUF_BUFG_inst/O
                         net (fo=154, routed)         0.560     1.749    u_soc/u_jtag/JTAG_TCK_IBUF_BUFG
    SLICE_X59Y65         FDRE                                         r  u_soc/u_jtag/dr_reg_reg[51]/C
  -------------------------------------------------------------------    -------------------
    SLICE_X59Y65         FDRE (Prop_fdre_C_Q)         0.141     1.890 r  u_soc/u_jtag/dr_reg_reg[51]/Q
                         net (fo=2, routed)           0.110     2.000    u_soc/u_jtag/in7[50]
    SLICE_X60Y65         FDRE                                         r  u_soc/u_jtag/jtag_dr_latched_reg[51]/D
  -------------------------------------------------------------------    -------------------

                         (clock jtag_tck_clk rise edge)
                                                      0.000     0.000 r  
    K1                                                0.000     0.000 r  JTAG_TCK (IN)
                         net (fo=0)                   0.000     0.000    JTAG_TCK
    K1                   IBUF (Prop_ibuf_I_O)         0.416     0.416 r  JTAG_TCK_IBUF_inst/O
                         net (fo=1, routed)           1.081     1.498    JTAG_TCK_IBUF
    BUFGCTRL_X0Y1        BUFG (Prop_bufg_I_O)         0.029     1.527 r  JTAG_TCK_IBUF_BUFG_inst/O
                         net (fo=154, routed)         0.829     2.355    u_soc/u_jtag/JTAG_TCK_IBUF_BUFG
    SLICE_X60Y65         FDRE                                         r  u_soc/u_jtag/jtag_dr_latched_reg[51]/C
                         clock pessimism             -0.593     1.763    
    SLICE_X60Y65         FDRE (Hold_fdre_C_D)         0.076     1.839    u_soc/u_jtag/jtag_dr_latched_reg[51]
  -------------------------------------------------------------------
                         required time                         -1.839    
                         arrival time                           2.000    
  -------------------------------------------------------------------
                         slack                                  0.161    

Slack (MET) :             0.161ns  (arrival time - required time)
  Source:                 u_soc/u_jtag/dr_reg_reg[12]/C
                            (rising edge-triggered cell FDRE clocked by jtag_tck_clk  {rise@0.000ns fall@50.000ns period=100.000ns})
  Destination:            u_soc/u_jtag/jtag_dr_latched_reg[12]/D
                            (rising edge-triggered cell FDRE clocked by jtag_tck_clk  {rise@0.000ns fall@50.000ns period=100.000ns})
  Path Group:             jtag_tck_clk
  Path Type:              Hold (Min at Fast Process Corner)
  Requirement:            0.000ns  (jtag_tck_clk rise@0.000ns - jtag_tck_clk rise@0.000ns)
  Data Path Delay:        0.269ns  (logic 0.141ns (52.345%)  route 0.128ns (47.655%))
  Logic Levels:           0  
  Clock Path Skew:        0.038ns (DCD - SCD - CPR)
    Destination Clock Delay (DCD):    2.362ns
    Source Clock Delay      (SCD):    1.753ns
    Clock Pessimism Removal (CPR):    0.572ns

    Location             Delay type                Incr(ns)  Path(ns)    Netlist Resource(s)
  -------------------------------------------------------------------    -------------------
                         (clock jtag_tck_clk rise edge)
                                                      0.000     0.000 r  
    K1                                                0.000     0.000 r  JTAG_TCK (IN)
                         net (fo=0)                   0.000     0.000    JTAG_TCK
    K1                   IBUF (Prop_ibuf_I_O)         0.229     0.229 r  JTAG_TCK_IBUF_inst/O
                         net (fo=1, routed)           0.934     1.163    JTAG_TCK_IBUF
    BUFGCTRL_X0Y1        BUFG (Prop_bufg_I_O)         0.026     1.189 r  JTAG_TCK_IBUF_BUFG_inst/O
                         net (fo=154, routed)         0.564     1.753    u_soc/u_jtag/JTAG_TCK_IBUF_BUFG
    SLICE_X68Y61         FDRE                                         r  u_soc/u_jtag/dr_reg_reg[12]/C
  -------------------------------------------------------------------    -------------------
    SLICE_X68Y61         FDRE (Prop_fdre_C_Q)         0.141     1.894 r  u_soc/u_jtag/dr_reg_reg[12]/Q
                         net (fo=2, routed)           0.128     2.022    u_soc/u_jtag/in7[11]
    SLICE_X67Y61         FDRE                                         r  u_soc/u_jtag/jtag_dr_latched_reg[12]/D
  -------------------------------------------------------------------    -------------------

                         (clock jtag_tck_clk rise edge)
                                                      0.000     0.000 r  
    K1                                                0.000     0.000 r  JTAG_TCK (IN)
                         net (fo=0)                   0.000     0.000    JTAG_TCK
    K1                   IBUF (Prop_ibuf_I_O)         0.416     0.416 r  JTAG_TCK_IBUF_inst/O
                         net (fo=1, routed)           1.081     1.498    JTAG_TCK_IBUF
    BUFGCTRL_X0Y1        BUFG (Prop_bufg_I_O)         0.029     1.527 r  JTAG_TCK_IBUF_BUFG_inst/O
                         net (fo=154, routed)         0.836     2.362    u_soc/u_jtag/JTAG_TCK_IBUF_BUFG
    SLICE_X67Y61         FDRE                                         r  u_soc/u_jtag/jtag_dr_latched_reg[12]/C
                         clock pessimism             -0.572     1.791    
    SLICE_X67Y61         FDRE (Hold_fdre_C_D)         0.070     1.861    u_soc/u_jtag/jtag_dr_latched_reg[12]
  -------------------------------------------------------------------
                         required time                         -1.861    
                         arrival time                           2.022    
  -------------------------------------------------------------------
                         slack                                  0.161    

Slack (MET) :             0.165ns  (arrival time - required time)
  Source:                 u_soc/u_jtag/dr_reg_reg[48]/C
                            (rising edge-triggered cell FDRE clocked by jtag_tck_clk  {rise@0.000ns fall@50.000ns period=100.000ns})
  Destination:            u_soc/u_jtag/jtag_dr_latched_reg[48]/D
                            (rising edge-triggered cell FDRE clocked by jtag_tck_clk  {rise@0.000ns fall@50.000ns period=100.000ns})
  Path Group:             jtag_tck_clk
  Path Type:              Hold (Min at Fast Process Corner)
  Requirement:            0.000ns  (jtag_tck_clk rise@0.000ns - jtag_tck_clk rise@0.000ns)
  Data Path Delay:        0.254ns  (logic 0.141ns (55.496%)  route 0.113ns (44.504%))
  Logic Levels:           0  
  Clock Path Skew:        0.014ns (DCD - SCD - CPR)
    Destination Clock Delay (DCD):    2.355ns
    Source Clock Delay      (SCD):    1.749ns
    Clock Pessimism Removal (CPR):    0.593ns

    Location             Delay type                Incr(ns)  Path(ns)    Netlist Resource(s)
  -------------------------------------------------------------------    -------------------
                         (clock jtag_tck_clk rise edge)
                                                      0.000     0.000 r  
    K1                                                0.000     0.000 r  JTAG_TCK (IN)
                         net (fo=0)                   0.000     0.000    JTAG_TCK
    K1                   IBUF (Prop_ibuf_I_O)         0.229     0.229 r  JTAG_TCK_IBUF_inst/O
                         net (fo=1, routed)           0.934     1.163    JTAG_TCK_IBUF
    BUFGCTRL_X0Y1        BUFG (Prop_bufg_I_O)         0.026     1.189 r  JTAG_TCK_IBUF_BUFG_inst/O
                         net (fo=154, routed)         0.560     1.749    u_soc/u_jtag/JTAG_TCK_IBUF_BUFG
    SLICE_X59Y65         FDRE                                         r  u_soc/u_jtag/dr_reg_reg[48]/C
  -------------------------------------------------------------------    -------------------
    SLICE_X59Y65         FDRE (Prop_fdre_C_Q)         0.141     1.890 r  u_soc/u_jtag/dr_reg_reg[48]/Q
                         net (fo=2, routed)           0.113     2.003    u_soc/u_jtag/in7[47]
    SLICE_X60Y65         FDRE                                         r  u_soc/u_jtag/jtag_dr_latched_reg[48]/D
  -------------------------------------------------------------------    -------------------

                         (clock jtag_tck_clk rise edge)
                                                      0.000     0.000 r  
    K1                                                0.000     0.000 r  JTAG_TCK (IN)
                         net (fo=0)                   0.000     0.000    JTAG_TCK
    K1                   IBUF (Prop_ibuf_I_O)         0.416     0.416 r  JTAG_TCK_IBUF_inst/O
                         net (fo=1, routed)           1.081     1.498    JTAG_TCK_IBUF
    BUFGCTRL_X0Y1        BUFG (Prop_bufg_I_O)         0.029     1.527 r  JTAG_TCK_IBUF_BUFG_inst/O
                         net (fo=154, routed)         0.829     2.355    u_soc/u_jtag/JTAG_TCK_IBUF_BUFG
    SLICE_X60Y65         FDRE                                         r  u_soc/u_jtag/jtag_dr_latched_reg[48]/C
                         clock pessimism             -0.593     1.763    
    SLICE_X60Y65         FDRE (Hold_fdre_C_D)         0.075     1.838    u_soc/u_jtag/jtag_dr_latched_reg[48]
  -------------------------------------------------------------------
                         required time                         -1.838    
                         arrival time                           2.003    
  -------------------------------------------------------------------
                         slack                                  0.165    

Slack (MET) :             0.165ns  (arrival time - required time)
  Source:                 u_soc/u_jtag/dr_reg_reg[8]/C
                            (rising edge-triggered cell FDRE clocked by jtag_tck_clk  {rise@0.000ns fall@50.000ns period=100.000ns})
  Destination:            u_soc/u_jtag/jtag_dr_latched_reg[8]/D
                            (rising edge-triggered cell FDRE clocked by jtag_tck_clk  {rise@0.000ns fall@50.000ns period=100.000ns})
  Path Group:             jtag_tck_clk
  Path Type:              Hold (Min at Fast Process Corner)
  Requirement:            0.000ns  (jtag_tck_clk rise@0.000ns - jtag_tck_clk rise@0.000ns)
  Data Path Delay:        0.274ns  (logic 0.141ns (51.371%)  route 0.133ns (48.629%))
  Logic Levels:           0  
  Clock Path Skew:        0.037ns (DCD - SCD - CPR)
    Destination Clock Delay (DCD):    2.361ns
    Source Clock Delay      (SCD):    1.753ns
    Clock Pessimism Removal (CPR):    0.572ns

    Location             Delay type                Incr(ns)  Path(ns)    Netlist Resource(s)
  -------------------------------------------------------------------    -------------------
                         (clock jtag_tck_clk rise edge)
                                                      0.000     0.000 r  
    K1                                                0.000     0.000 r  JTAG_TCK (IN)
                         net (fo=0)                   0.000     0.000    JTAG_TCK
    K1                   IBUF (Prop_ibuf_I_O)         0.229     0.229 r  JTAG_TCK_IBUF_inst/O
                         net (fo=1, routed)           0.934     1.163    JTAG_TCK_IBUF
    BUFGCTRL_X0Y1        BUFG (Prop_bufg_I_O)         0.026     1.189 r  JTAG_TCK_IBUF_BUFG_inst/O
                         net (fo=154, routed)         0.564     1.753    u_soc/u_jtag/JTAG_TCK_IBUF_BUFG
    SLICE_X64Y61         FDRE                                         r  u_soc/u_jtag/dr_reg_reg[8]/C
  -------------------------------------------------------------------    -------------------
    SLICE_X64Y61         FDRE (Prop_fdre_C_Q)         0.141     1.894 r  u_soc/u_jtag/dr_reg_reg[8]/Q
                         net (fo=2, routed)           0.133     2.027    u_soc/u_jtag/in7[7]
    SLICE_X63Y61         FDRE                                         r  u_soc/u_jtag/jtag_dr_latched_reg[8]/D
  -------------------------------------------------------------------    -------------------

                         (clock jtag_tck_clk rise edge)
                                                      0.000     0.000 r  
    K1                                                0.000     0.000 r  JTAG_TCK (IN)
                         net (fo=0)                   0.000     0.000    JTAG_TCK
    K1                   IBUF (Prop_ibuf_I_O)         0.416     0.416 r  JTAG_TCK_IBUF_inst/O
                         net (fo=1, routed)           1.081     1.498    JTAG_TCK_IBUF
    BUFGCTRL_X0Y1        BUFG (Prop_bufg_I_O)         0.029     1.527 r  JTAG_TCK_IBUF_BUFG_inst/O
                         net (fo=154, routed)         0.835     2.361    u_soc/u_jtag/JTAG_TCK_IBUF_BUFG
    SLICE_X63Y61         FDRE                                         r  u_soc/u_jtag/jtag_dr_latched_reg[8]/C
                         clock pessimism             -0.572     1.790    
    SLICE_X63Y61         FDRE (Hold_fdre_C_D)         0.072     1.862    u_soc/u_jtag/jtag_dr_latched_reg[8]
  -------------------------------------------------------------------
                         required time                         -1.862    
                         arrival time                           2.027    
  -------------------------------------------------------------------
                         slack                                  0.165    

Slack (MET) :             0.173ns  (arrival time - required time)
  Source:                 u_soc/u_jtag/dr_reg_reg[45]/C
                            (rising edge-triggered cell FDRE clocked by jtag_tck_clk  {rise@0.000ns fall@50.000ns period=100.000ns})
  Destination:            u_soc/u_jtag/jtag_dr_latched_reg[45]/D
                            (rising edge-triggered cell FDRE clocked by jtag_tck_clk  {rise@0.000ns fall@50.000ns period=100.000ns})
  Path Group:             jtag_tck_clk
  Path Type:              Hold (Min at Fast Process Corner)
  Requirement:            0.000ns  (jtag_tck_clk rise@0.000ns - jtag_tck_clk rise@0.000ns)
  Data Path Delay:        0.262ns  (logic 0.141ns (53.794%)  route 0.121ns (46.206%))
  Logic Levels:           0  
  Clock Path Skew:        0.014ns (DCD - SCD - CPR)
    Destination Clock Delay (DCD):    2.353ns
    Source Clock Delay      (SCD):    1.748ns
    Clock Pessimism Removal (CPR):    0.592ns

    Location             Delay type                Incr(ns)  Path(ns)    Netlist Resource(s)
  -------------------------------------------------------------------    -------------------
                         (clock jtag_tck_clk rise edge)
                                                      0.000     0.000 r  
    K1                                                0.000     0.000 r  JTAG_TCK (IN)
                         net (fo=0)                   0.000     0.000    JTAG_TCK
    K1                   IBUF (Prop_ibuf_I_O)         0.229     0.229 r  JTAG_TCK_IBUF_inst/O
                         net (fo=1, routed)           0.934     1.163    JTAG_TCK_IBUF
    BUFGCTRL_X0Y1        BUFG (Prop_bufg_I_O)         0.026     1.189 r  JTAG_TCK_IBUF_BUFG_inst/O
                         net (fo=154, routed)         0.559     1.748    u_soc/u_jtag/JTAG_TCK_IBUF_BUFG
    SLICE_X57Y64         FDRE                                         r  u_soc/u_jtag/dr_reg_reg[45]/C
  -------------------------------------------------------------------    -------------------
    SLICE_X57Y64         FDRE (Prop_fdre_C_Q)         0.141     1.889 r  u_soc/u_jtag/dr_reg_reg[45]/Q
                         net (fo=2, routed)           0.121     2.010    u_soc/u_jtag/in7[44]
    SLICE_X57Y65         FDRE                                         r  u_soc/u_jtag/jtag_dr_latched_reg[45]/D
  -------------------------------------------------------------------    -------------------

                         (clock jtag_tck_clk rise edge)
                                                      0.000     0.000 r  
    K1                                                0.000     0.000 r  JTAG_TCK (IN)
                         net (fo=0)                   0.000     0.000    JTAG_TCK
    K1                   IBUF (Prop_ibuf_I_O)         0.416     0.416 r  JTAG_TCK_IBUF_inst/O
                         net (fo=1, routed)           1.081     1.498    JTAG_TCK_IBUF
    BUFGCTRL_X0Y1        BUFG (Prop_bufg_I_O)         0.029     1.527 r  JTAG_TCK_IBUF_BUFG_inst/O
                         net (fo=154, routed)         0.827     2.353    u_soc/u_jtag/JTAG_TCK_IBUF_BUFG
    SLICE_X57Y65         FDRE                                         r  u_soc/u_jtag/jtag_dr_latched_reg[45]/C
                         clock pessimism             -0.592     1.762    
    SLICE_X57Y65         FDRE (Hold_fdre_C_D)         0.075     1.837    u_soc/u_jtag/jtag_dr_latched_reg[45]
  -------------------------------------------------------------------
                         required time                         -1.837    
                         arrival time                           2.010    
  -------------------------------------------------------------------
                         slack                                  0.173    

Slack (MET) :             0.174ns  (arrival time - required time)
  Source:                 u_soc/u_jtag/dr_reg_reg[20]/C
                            (rising edge-triggered cell FDRE clocked by jtag_tck_clk  {rise@0.000ns fall@50.000ns period=100.000ns})
  Destination:            u_soc/u_jtag/jtag_dr_latched_reg[20]/D
                            (rising edge-triggered cell FDRE clocked by jtag_tck_clk  {rise@0.000ns fall@50.000ns period=100.000ns})
  Path Group:             jtag_tck_clk
  Path Type:              Hold (Min at Fast Process Corner)
  Requirement:            0.000ns  (jtag_tck_clk rise@0.000ns - jtag_tck_clk rise@0.000ns)
  Data Path Delay:        0.206ns  (logic 0.128ns (62.028%)  route 0.078ns (37.972%))
  Logic Levels:           0  
  Clock Path Skew:        0.013ns (DCD - SCD - CPR)
    Destination Clock Delay (DCD):    2.360ns
    Source Clock Delay      (SCD):    1.752ns
    Clock Pessimism Removal (CPR):    0.596ns

    Location             Delay type                Incr(ns)  Path(ns)    Netlist Resource(s)
  -------------------------------------------------------------------    -------------------
                         (clock jtag_tck_clk rise edge)
                                                      0.000     0.000 r  
    K1                                                0.000     0.000 r  JTAG_TCK (IN)
                         net (fo=0)                   0.000     0.000    JTAG_TCK
    K1                   IBUF (Prop_ibuf_I_O)         0.229     0.229 r  JTAG_TCK_IBUF_inst/O
                         net (fo=1, routed)           0.934     1.163    JTAG_TCK_IBUF
    BUFGCTRL_X0Y1        BUFG (Prop_bufg_I_O)         0.026     1.189 r  JTAG_TCK_IBUF_BUFG_inst/O
                         net (fo=154, routed)         0.563     1.752    u_soc/u_jtag/JTAG_TCK_IBUF_BUFG
    SLICE_X68Y62         FDRE                                         r  u_soc/u_jtag/dr_reg_reg[20]/C
  -------------------------------------------------------------------    -------------------
    SLICE_X68Y62         FDRE (Prop_fdre_C_Q)         0.128     1.880 r  u_soc/u_jtag/dr_reg_reg[20]/Q
                         net (fo=2, routed)           0.078     1.958    u_soc/u_jtag/in7[19]
    SLICE_X69Y62         FDRE                                         r  u_soc/u_jtag/jtag_dr_latched_reg[20]/D
  -------------------------------------------------------------------    -------------------

                         (clock jtag_tck_clk rise edge)
                                                      0.000     0.000 r  
    K1                                                0.000     0.000 r  JTAG_TCK (IN)
                         net (fo=0)                   0.000     0.000    JTAG_TCK
    K1                   IBUF (Prop_ibuf_I_O)         0.416     0.416 r  JTAG_TCK_IBUF_inst/O
                         net (fo=1, routed)           1.081     1.498    JTAG_TCK_IBUF
    BUFGCTRL_X0Y1        BUFG (Prop_bufg_I_O)         0.029     1.527 r  JTAG_TCK_IBUF_BUFG_inst/O
                         net (fo=154, routed)         0.834     2.360    u_soc/u_jtag/JTAG_TCK_IBUF_BUFG
    SLICE_X69Y62         FDRE                                         r  u_soc/u_jtag/jtag_dr_latched_reg[20]/C
                         clock pessimism             -0.596     1.765    
    SLICE_X69Y62         FDRE (Hold_fdre_C_D)         0.019     1.784    u_soc/u_jtag/jtag_dr_latched_reg[20]
  -------------------------------------------------------------------
                         required time                         -1.784    
                         arrival time                           1.958    
  -------------------------------------------------------------------
                         slack                                  0.174    

Slack (MET) :             0.177ns  (arrival time - required time)
  Source:                 u_soc/u_jtag/dr_reg_reg[48]/C
                            (rising edge-triggered cell FDRE clocked by jtag_tck_clk  {rise@0.000ns fall@50.000ns period=100.000ns})
  Destination:            u_soc/u_jtag/dr_reg_reg[47]/D
                            (rising edge-triggered cell FDRE clocked by jtag_tck_clk  {rise@0.000ns fall@50.000ns period=100.000ns})
  Path Group:             jtag_tck_clk
  Path Type:              Hold (Min at Fast Process Corner)
  Requirement:            0.000ns  (jtag_tck_clk rise@0.000ns - jtag_tck_clk rise@0.000ns)
  Data Path Delay:        0.313ns  (logic 0.186ns (59.517%)  route 0.127ns (40.483%))
  Logic Levels:           1  (LUT5=1)
  Clock Path Skew:        0.015ns (DCD - SCD - CPR)
    Destination Clock Delay (DCD):    2.356ns
    Source Clock Delay      (SCD):    1.749ns
    Clock Pessimism Removal (CPR):    0.593ns

    Location             Delay type                Incr(ns)  Path(ns)    Netlist Resource(s)
  -------------------------------------------------------------------    -------------------
                         (clock jtag_tck_clk rise edge)
                                                      0.000     0.000 r  
    K1                                                0.000     0.000 r  JTAG_TCK (IN)
                         net (fo=0)                   0.000     0.000    JTAG_TCK
    K1                   IBUF (Prop_ibuf_I_O)         0.229     0.229 r  JTAG_TCK_IBUF_inst/O
                         net (fo=1, routed)           0.934     1.163    JTAG_TCK_IBUF
    BUFGCTRL_X0Y1        BUFG (Prop_bufg_I_O)         0.026     1.189 r  JTAG_TCK_IBUF_BUFG_inst/O
                         net (fo=154, routed)         0.560     1.749    u_soc/u_jtag/JTAG_TCK_IBUF_BUFG
    SLICE_X59Y65         FDRE                                         r  u_soc/u_jtag/dr_reg_reg[48]/C
  -------------------------------------------------------------------    -------------------
    SLICE_X59Y65         FDRE (Prop_fdre_C_Q)         0.141     1.890 r  u_soc/u_jtag/dr_reg_reg[48]/Q
                         net (fo=2, routed)           0.127     2.016    u_soc/u_jtag/in7[47]
    SLICE_X58Y64         LUT5 (Prop_lut5_I3_O)        0.045     2.061 r  u_soc/u_jtag/dr_reg[47]_i_1/O
                         net (fo=1, routed)           0.000     2.061    u_soc/u_jtag/dr_reg[47]_i_1_n_0
    SLICE_X58Y64         FDRE                                         r  u_soc/u_jtag/dr_reg_reg[47]/D
  -------------------------------------------------------------------    -------------------

                         (clock jtag_tck_clk rise edge)
                                                      0.000     0.000 r  
    K1                                                0.000     0.000 r  JTAG_TCK (IN)
                         net (fo=0)                   0.000     0.000    JTAG_TCK
    K1                   IBUF (Prop_ibuf_I_O)         0.416     0.416 r  JTAG_TCK_IBUF_inst/O
                         net (fo=1, routed)           1.081     1.498    JTAG_TCK_IBUF
    BUFGCTRL_X0Y1        BUFG (Prop_bufg_I_O)         0.029     1.527 r  JTAG_TCK_IBUF_BUFG_inst/O
                         net (fo=154, routed)         0.830     2.356    u_soc/u_jtag/JTAG_TCK_IBUF_BUFG
    SLICE_X58Y64         FDRE                                         r  u_soc/u_jtag/dr_reg_reg[47]/C
                         clock pessimism             -0.593     1.764    
    SLICE_X58Y64         FDRE (Hold_fdre_C_D)         0.121     1.885    u_soc/u_jtag/dr_reg_reg[47]
  -------------------------------------------------------------------
                         required time                         -1.885    
                         arrival time                           2.061    
  -------------------------------------------------------------------
                         slack                                  0.177    

Slack (MET) :             0.181ns  (arrival time - required time)
  Source:                 u_soc/u_jtag/dr_reg_reg[41]/C
                            (rising edge-triggered cell FDRE clocked by jtag_tck_clk  {rise@0.000ns fall@50.000ns period=100.000ns})
  Destination:            u_soc/u_jtag/jtag_dr_latched_reg[41]/D
                            (rising edge-triggered cell FDRE clocked by jtag_tck_clk  {rise@0.000ns fall@50.000ns period=100.000ns})
  Path Group:             jtag_tck_clk
  Path Type:              Hold (Min at Fast Process Corner)
  Requirement:            0.000ns  (jtag_tck_clk rise@0.000ns - jtag_tck_clk rise@0.000ns)
  Data Path Delay:        0.293ns  (logic 0.164ns (56.029%)  route 0.129ns (43.971%))
  Logic Levels:           0  
  Clock Path Skew:        0.034ns (DCD - SCD - CPR)
    Destination Clock Delay (DCD):    2.354ns
    Source Clock Delay      (SCD):    1.749ns
    Clock Pessimism Removal (CPR):    0.572ns

    Location             Delay type                Incr(ns)  Path(ns)    Netlist Resource(s)
  -------------------------------------------------------------------    -------------------
                         (clock jtag_tck_clk rise edge)
                                                      0.000     0.000 r  
    K1                                                0.000     0.000 r  JTAG_TCK (IN)
                         net (fo=0)                   0.000     0.000    JTAG_TCK
    K1                   IBUF (Prop_ibuf_I_O)         0.229     0.229 r  JTAG_TCK_IBUF_inst/O
                         net (fo=1, routed)           0.934     1.163    JTAG_TCK_IBUF
    BUFGCTRL_X0Y1        BUFG (Prop_bufg_I_O)         0.026     1.189 r  JTAG_TCK_IBUF_BUFG_inst/O
                         net (fo=154, routed)         0.560     1.749    u_soc/u_jtag/JTAG_TCK_IBUF_BUFG
    SLICE_X56Y62         FDRE                                         r  u_soc/u_jtag/dr_reg_reg[41]/C
  -------------------------------------------------------------------    -------------------
    SLICE_X56Y62         FDRE (Prop_fdre_C_Q)         0.164     1.913 r  u_soc/u_jtag/dr_reg_reg[41]/Q
                         net (fo=2, routed)           0.129     2.041    u_soc/u_jtag/in7[40]
    SLICE_X55Y62         FDRE                                         r  u_soc/u_jtag/jtag_dr_latched_reg[41]/D
  -------------------------------------------------------------------    -------------------

                         (clock jtag_tck_clk rise edge)
                                                      0.000     0.000 r  
    K1                                                0.000     0.000 r  JTAG_TCK (IN)
                         net (fo=0)                   0.000     0.000    JTAG_TCK
    K1                   IBUF (Prop_ibuf_I_O)         0.416     0.416 r  JTAG_TCK_IBUF_inst/O
                         net (fo=1, routed)           1.081     1.498    JTAG_TCK_IBUF
    BUFGCTRL_X0Y1        BUFG (Prop_bufg_I_O)         0.029     1.527 r  JTAG_TCK_IBUF_BUFG_inst/O
                         net (fo=154, routed)         0.828     2.354    u_soc/u_jtag/JTAG_TCK_IBUF_BUFG
    SLICE_X55Y62         FDRE                                         r  u_soc/u_jtag/jtag_dr_latched_reg[41]/C
                         clock pessimism             -0.572     1.783    
    SLICE_X55Y62         FDRE (Hold_fdre_C_D)         0.078     1.861    u_soc/u_jtag/jtag_dr_latched_reg[41]
  -------------------------------------------------------------------
                         required time                         -1.861    
                         arrival time                           2.041    
  -------------------------------------------------------------------
                         slack                                  0.181    

Slack (MET) :             0.185ns  (arrival time - required time)
  Source:                 u_soc/u_jtag/ir_reg_reg[2]/C
                            (rising edge-triggered cell FDRE clocked by jtag_tck_clk  {rise@0.000ns fall@50.000ns period=100.000ns})
  Destination:            u_soc/u_jtag/jtag_ir_latched_reg[2]/D
                            (rising edge-triggered cell FDRE clocked by jtag_tck_clk  {rise@0.000ns fall@50.000ns period=100.000ns})
  Path Group:             jtag_tck_clk
  Path Type:              Hold (Min at Fast Process Corner)
  Requirement:            0.000ns  (jtag_tck_clk rise@0.000ns - jtag_tck_clk rise@0.000ns)
  Data Path Delay:        0.291ns  (logic 0.141ns (48.454%)  route 0.150ns (51.546%))
  Logic Levels:           0  
  Clock Path Skew:        0.036ns (DCD - SCD - CPR)
    Destination Clock Delay (DCD):    2.357ns
    Source Clock Delay      (SCD):    1.750ns
    Clock Pessimism Removal (CPR):    0.572ns

    Location             Delay type                Incr(ns)  Path(ns)    Netlist Resource(s)
  -------------------------------------------------------------------    -------------------
                         (clock jtag_tck_clk rise edge)
                                                      0.000     0.000 r  
    K1                                                0.000     0.000 r  JTAG_TCK (IN)
                         net (fo=0)                   0.000     0.000    JTAG_TCK
    K1                   IBUF (Prop_ibuf_I_O)         0.229     0.229 r  JTAG_TCK_IBUF_inst/O
                         net (fo=1, routed)           0.934     1.163    JTAG_TCK_IBUF
    BUFGCTRL_X0Y1        BUFG (Prop_bufg_I_O)         0.026     1.189 r  JTAG_TCK_IBUF_BUFG_inst/O
                         net (fo=154, routed)         0.561     1.750    u_soc/u_jtag/JTAG_TCK_IBUF_BUFG
    SLICE_X68Y66         FDRE                                         r  u_soc/u_jtag/ir_reg_reg[2]/C
  -------------------------------------------------------------------    -------------------
    SLICE_X68Y66         FDRE (Prop_fdre_C_Q)         0.141     1.891 r  u_soc/u_jtag/ir_reg_reg[2]/Q
                         net (fo=5, routed)           0.150     2.041    u_soc/u_jtag/ir_reg_reg_n_0_[2]
    SLICE_X67Y66         FDRE                                         r  u_soc/u_jtag/jtag_ir_latched_reg[2]/D
  -------------------------------------------------------------------    -------------------

                         (clock jtag_tck_clk rise edge)
                                                      0.000     0.000 r  
    K1                                                0.000     0.000 r  JTAG_TCK (IN)
                         net (fo=0)                   0.000     0.000    JTAG_TCK
    K1                   IBUF (Prop_ibuf_I_O)         0.416     0.416 r  JTAG_TCK_IBUF_inst/O
                         net (fo=1, routed)           1.081     1.498    JTAG_TCK_IBUF
    BUFGCTRL_X0Y1        BUFG (Prop_bufg_I_O)         0.029     1.527 r  JTAG_TCK_IBUF_BUFG_inst/O
                         net (fo=154, routed)         0.831     2.357    u_soc/u_jtag/JTAG_TCK_IBUF_BUFG
    SLICE_X67Y66         FDRE                                         r  u_soc/u_jtag/jtag_ir_latched_reg[2]/C
                         clock pessimism             -0.572     1.786    
    SLICE_X67Y66         FDRE (Hold_fdre_C_D)         0.070     1.856    u_soc/u_jtag/jtag_ir_latched_reg[2]
  -------------------------------------------------------------------
                         required time                         -1.856    
                         arrival time                           2.041    
  -------------------------------------------------------------------
                         slack                                  0.185    

Slack (MET) :             0.186ns  (arrival time - required time)
  Source:                 u_soc/u_jtag/dr_reg_reg[58]/C
                            (rising edge-triggered cell FDRE clocked by jtag_tck_clk  {rise@0.000ns fall@50.000ns period=100.000ns})
  Destination:            u_soc/u_jtag/jtag_dr_latched_reg[58]/D
                            (rising edge-triggered cell FDRE clocked by jtag_tck_clk  {rise@0.000ns fall@50.000ns period=100.000ns})
  Path Group:             jtag_tck_clk
  Path Type:              Hold (Min at Fast Process Corner)
  Requirement:            0.000ns  (jtag_tck_clk rise@0.000ns - jtag_tck_clk rise@0.000ns)
  Data Path Delay:        0.269ns  (logic 0.141ns (52.485%)  route 0.128ns (47.515%))
  Logic Levels:           0  
  Clock Path Skew:        0.013ns (DCD - SCD - CPR)
    Destination Clock Delay (DCD):    2.356ns
    Source Clock Delay      (SCD):    1.749ns
    Clock Pessimism Removal (CPR):    0.595ns

    Location             Delay type                Incr(ns)  Path(ns)    Netlist Resource(s)
  -------------------------------------------------------------------    -------------------
                         (clock jtag_tck_clk rise edge)
                                                      0.000     0.000 r  
    K1                                                0.000     0.000 r  JTAG_TCK (IN)
                         net (fo=0)                   0.000     0.000    JTAG_TCK
    K1                   IBUF (Prop_ibuf_I_O)         0.229     0.229 r  JTAG_TCK_IBUF_inst/O
                         net (fo=1, routed)           0.934     1.163    JTAG_TCK_IBUF
    BUFGCTRL_X0Y1        BUFG (Prop_bufg_I_O)         0.026     1.189 r  JTAG_TCK_IBUF_BUFG_inst/O
                         net (fo=154, routed)         0.560     1.749    u_soc/u_jtag/JTAG_TCK_IBUF_BUFG
    SLICE_X65Y67         FDRE                                         r  u_soc/u_jtag/dr_reg_reg[58]/C
  -------------------------------------------------------------------    -------------------
    SLICE_X65Y67         FDRE (Prop_fdre_C_Q)         0.141     1.890 r  u_soc/u_jtag/dr_reg_reg[58]/Q
                         net (fo=2, routed)           0.128     2.017    u_soc/u_jtag/in7[57]
    SLICE_X64Y67         FDRE                                         r  u_soc/u_jtag/jtag_dr_latched_reg[58]/D
  -------------------------------------------------------------------    -------------------

                         (clock jtag_tck_clk rise edge)
                                                      0.000     0.000 r  
    K1                                                0.000     0.000 r  JTAG_TCK (IN)
                         net (fo=0)                   0.000     0.000    JTAG_TCK
    K1                   IBUF (Prop_ibuf_I_O)         0.416     0.416 r  JTAG_TCK_IBUF_inst/O
                         net (fo=1, routed)           1.081     1.498    JTAG_TCK_IBUF
    BUFGCTRL_X0Y1        BUFG (Prop_bufg_I_O)         0.029     1.527 r  JTAG_TCK_IBUF_BUFG_inst/O
                         net (fo=154, routed)         0.830     2.356    u_soc/u_jtag/JTAG_TCK_IBUF_BUFG
    SLICE_X64Y67         FDRE                                         r  u_soc/u_jtag/jtag_dr_latched_reg[58]/C
                         clock pessimism             -0.595     1.762    
    SLICE_X64Y67         FDRE (Hold_fdre_C_D)         0.070     1.832    u_soc/u_jtag/jtag_dr_latched_reg[58]
  -------------------------------------------------------------------
                         required time                         -1.832    
                         arrival time                           2.017    
  -------------------------------------------------------------------
                         slack                                  0.186    





Pulse Width Checks
--------------------------------------------------------------------------------------
Clock Name:         jtag_tck_clk
Waveform(ns):       { 0.000 50.000 }
Period(ns):         100.000
Sources:            { JTAG_TCK }

Check Type        Corner  Lib Pin  Reference Pin  Required(ns)  Actual(ns)  Slack(ns)  Location       Pin
Min Period        n/a     BUFG/I   n/a            2.155         100.000     97.845     BUFGCTRL_X0Y1  JTAG_TCK_IBUF_BUFG_inst/I
Min Period        n/a     FDRE/C   n/a            1.000         100.000     99.000     SLICE_X69Y67   u_soc/u_jtag/FSM_onehot_tap_state_reg[0]/C
Min Period        n/a     FDRE/C   n/a            1.000         100.000     99.000     SLICE_X68Y67   u_soc/u_jtag/FSM_onehot_tap_state_reg[10]/C
Min Period        n/a     FDRE/C   n/a            1.000         100.000     99.000     SLICE_X70Y67   u_soc/u_jtag/FSM_onehot_tap_state_reg[11]/C
Min Period        n/a     FDRE/C   n/a            1.000         100.000     99.000     SLICE_X70Y67   u_soc/u_jtag/FSM_onehot_tap_state_reg[12]/C
Min Period        n/a     FDRE/C   n/a            1.000         100.000     99.000     SLICE_X70Y67   u_soc/u_jtag/FSM_onehot_tap_state_reg[13]/C
Min Period        n/a     FDRE/C   n/a            1.000         100.000     99.000     SLICE_X69Y67   u_soc/u_jtag/FSM_onehot_tap_state_reg[14]/C
Min Period        n/a     FDRE/C   n/a            1.000         100.000     99.000     SLICE_X70Y67   u_soc/u_jtag/FSM_onehot_tap_state_reg[15]/C
Min Period        n/a     FDRE/C   n/a            1.000         100.000     99.000     SLICE_X68Y67   u_soc/u_jtag/FSM_onehot_tap_state_reg[1]/C
Min Period        n/a     FDRE/C   n/a            1.000         100.000     99.000     SLICE_X68Y67   u_soc/u_jtag/FSM_onehot_tap_state_reg[2]/C
Low Pulse Width   Slow    FDRE/C   n/a            0.500         50.000      49.500     SLICE_X69Y67   u_soc/u_jtag/FSM_onehot_tap_state_reg[0]/C
Low Pulse Width   Fast    FDRE/C   n/a            0.500         50.000      49.500     SLICE_X69Y67   u_soc/u_jtag/FSM_onehot_tap_state_reg[0]/C
Low Pulse Width   Slow    FDRE/C   n/a            0.500         50.000      49.500     SLICE_X68Y67   u_soc/u_jtag/FSM_onehot_tap_state_reg[10]/C
Low Pulse Width   Fast    FDRE/C   n/a            0.500         50.000      49.500     SLICE_X68Y67   u_soc/u_jtag/FSM_onehot_tap_state_reg[10]/C
Low Pulse Width   Slow    FDRE/C   n/a            0.500         50.000      49.500     SLICE_X70Y67   u_soc/u_jtag/FSM_onehot_tap_state_reg[11]/C
Low Pulse Width   Fast    FDRE/C   n/a            0.500         50.000      49.500     SLICE_X70Y67   u_soc/u_jtag/FSM_onehot_tap_state_reg[11]/C
Low Pulse Width   Slow    FDRE/C   n/a            0.500         50.000      49.500     SLICE_X70Y67   u_soc/u_jtag/FSM_onehot_tap_state_reg[12]/C
Low Pulse Width   Fast    FDRE/C   n/a            0.500         50.000      49.500     SLICE_X70Y67   u_soc/u_jtag/FSM_onehot_tap_state_reg[12]/C
Low Pulse Width   Slow    FDRE/C   n/a            0.500         50.000      49.500     SLICE_X70Y67   u_soc/u_jtag/FSM_onehot_tap_state_reg[13]/C
Low Pulse Width   Fast    FDRE/C   n/a            0.500         50.000      49.500     SLICE_X70Y67   u_soc/u_jtag/FSM_onehot_tap_state_reg[13]/C
High Pulse Width  Slow    FDRE/C   n/a            0.500         50.000      49.500     SLICE_X69Y67   u_soc/u_jtag/FSM_onehot_tap_state_reg[0]/C
High Pulse Width  Fast    FDRE/C   n/a            0.500         50.000      49.500     SLICE_X69Y67   u_soc/u_jtag/FSM_onehot_tap_state_reg[0]/C
High Pulse Width  Slow    FDRE/C   n/a            0.500         50.000      49.500     SLICE_X68Y67   u_soc/u_jtag/FSM_onehot_tap_state_reg[10]/C
High Pulse Width  Fast    FDRE/C   n/a            0.500         50.000      49.500     SLICE_X68Y67   u_soc/u_jtag/FSM_onehot_tap_state_reg[10]/C
High Pulse Width  Slow    FDRE/C   n/a            0.500         50.000      49.500     SLICE_X70Y67   u_soc/u_jtag/FSM_onehot_tap_state_reg[11]/C
High Pulse Width  Fast    FDRE/C   n/a            0.500         50.000      49.500     SLICE_X70Y67   u_soc/u_jtag/FSM_onehot_tap_state_reg[11]/C
High Pulse Width  Slow    FDRE/C   n/a            0.500         50.000      49.500     SLICE_X70Y67   u_soc/u_jtag/FSM_onehot_tap_state_reg[12]/C
High Pulse Width  Fast    FDRE/C   n/a            0.500         50.000      49.500     SLICE_X70Y67   u_soc/u_jtag/FSM_onehot_tap_state_reg[12]/C
High Pulse Width  Slow    FDRE/C   n/a            0.500         50.000      49.500     SLICE_X70Y67   u_soc/u_jtag/FSM_onehot_tap_state_reg[13]/C
High Pulse Width  Fast    FDRE/C   n/a            0.500         50.000      49.500     SLICE_X70Y67   u_soc/u_jtag/FSM_onehot_tap_state_reg[13]/C



---------------------------------------------------------------------------------------------------
Path Group:  **async_default**
From Clock:  clk_50mhz
  To Clock:  clk_50mhz

Setup :            0  Failing Endpoints,  Worst Slack       10.350ns,  Total Violation        0.000ns
Hold  :            0  Failing Endpoints,  Worst Slack        0.894ns,  Total Violation        0.000ns
---------------------------------------------------------------------------------------------------


Max Delay Paths
--------------------------------------------------------------------------------------
Slack (MET) :             10.350ns  (required time - arrival time)
  Source:                 rst_n_sync_reg/C
                            (rising edge-triggered cell FDCE clocked by clk_50mhz  {rise@0.000ns fall@10.000ns period=20.000ns})
  Destination:            u_soc/u_npu/u_npu_axi_ctrl/FSM_sequential_rstate_reg[0]/CLR
                            (recovery check against rising-edge clock clk_50mhz  {rise@0.000ns fall@10.000ns period=20.000ns})
  Path Group:             **async_default**
  Path Type:              Recovery (Max at Slow Process Corner)
  Requirement:            20.000ns  (clk_50mhz rise@20.000ns - clk_50mhz rise@0.000ns)
  Data Path Delay:        8.705ns  (logic 0.606ns (6.961%)  route 8.099ns (93.039%))
  Logic Levels:           1  (LUT1=1)
  Clock Path Skew:        -0.302ns (DCD - SCD + CPR)
    Destination Clock Delay (DCD):    7.540ns = ( 27.540 - 20.000 ) 
    Source Clock Delay      (SCD):    8.327ns
    Clock Pessimism Removal (CPR):    0.485ns
  Clock Uncertainty:      0.035ns  ((TSJ^2 + TIJ^2)^1/2 + DJ) / 2 + PE
    Total System Jitter     (TSJ):    0.071ns
    Total Input Jitter      (TIJ):    0.000ns
    Discrete Jitter          (DJ):    0.000ns
    Phase Error              (PE):    0.000ns

    Location             Delay type                Incr(ns)  Path(ns)    Netlist Resource(s)
  -------------------------------------------------------------------    -------------------
                         (clock clk_50mhz rise edge)
                                                      0.000     0.000 r  
    E3                                                0.000     0.000 r  CLK100MHZ (IN)
                         net (fo=0)                   0.000     0.000    CLK100MHZ
    E3                   IBUF (Prop_ibuf_I_O)         1.482     1.482 r  CLK100MHZ_IBUF_inst/O
                         net (fo=1, routed)           2.025     3.506    CLK100MHZ_IBUF
    BUFGCTRL_X0Y16       BUFG (Prop_bufg_I_O)         0.096     3.602 r  CLK100MHZ_IBUF_BUFG_inst/O
                         net (fo=1, routed)           1.625     5.228    CLK100MHZ_IBUF_BUFG
    SLICE_X52Y96         FDRE (Prop_fdre_C_Q)         0.456     5.684 r  clk_50mhz_reg_reg/Q
                         net (fo=2, routed)           0.736     6.419    clk_50mhz_reg
    BUFGCTRL_X0Y0        BUFG (Prop_bufg_I_O)         0.096     6.515 r  bufg_clk/O
                         net (fo=5821, routed)        1.811     8.327    clk_50mhz
    SLICE_X32Y40         FDCE                                         r  rst_n_sync_reg/C
  -------------------------------------------------------------------    -------------------
    SLICE_X32Y40         FDCE (Prop_fdce_C_Q)         0.456     8.783 r  rst_n_sync_reg/Q
                         net (fo=4, routed)           0.806     9.589    u_soc/u_boot_rom/rst_n_sync
    SLICE_X32Y43         LUT1 (Prop_lut1_I0_O)        0.150     9.739 f  u_soc/u_boot_rom/rom_rdata_o[31]_i_3/O
                         net (fo=5673, routed)        7.293    17.032    u_soc/u_npu/u_npu_axi_ctrl/mem_aw_addr_lat_reg[2]_1
    SLICE_X55Y55         FDCE                                         f  u_soc/u_npu/u_npu_axi_ctrl/FSM_sequential_rstate_reg[0]/CLR
  -------------------------------------------------------------------    -------------------

                         (clock clk_50mhz rise edge)
                                                     20.000    20.000 r  
    E3                                                0.000    20.000 r  CLK100MHZ (IN)
                         net (fo=0)                   0.000    20.000    CLK100MHZ
    E3                   IBUF (Prop_ibuf_I_O)         1.411    21.411 r  CLK100MHZ_IBUF_inst/O
                         net (fo=1, routed)           1.920    23.331    CLK100MHZ_IBUF
    BUFGCTRL_X0Y16       BUFG (Prop_bufg_I_O)         0.091    23.422 r  CLK100MHZ_IBUF_BUFG_inst/O
                         net (fo=1, routed)           1.504    24.927    CLK100MHZ_IBUF_BUFG
    SLICE_X52Y96         FDRE (Prop_fdre_C_Q)         0.367    25.294 r  clk_50mhz_reg_reg/Q
                         net (fo=2, routed)           0.654    25.947    clk_50mhz_reg
    BUFGCTRL_X0Y0        BUFG (Prop_bufg_I_O)         0.091    26.038 r  bufg_clk/O
                         net (fo=5821, routed)        1.501    27.540    u_soc/u_npu/u_npu_axi_ctrl/clk_50mhz
    SLICE_X55Y55         FDCE                                         r  u_soc/u_npu/u_npu_axi_ctrl/FSM_sequential_rstate_reg[0]/C
                         clock pessimism              0.485    28.025    
                         clock uncertainty           -0.035    27.989    
    SLICE_X55Y55         FDCE (Recov_fdce_C_CLR)     -0.607    27.382    u_soc/u_npu/u_npu_axi_ctrl/FSM_sequential_rstate_reg[0]
  -------------------------------------------------------------------
                         required time                         27.382    
                         arrival time                         -17.032    
  -------------------------------------------------------------------
                         slack                                 10.350    

Slack (MET) :             10.350ns  (required time - arrival time)
  Source:                 rst_n_sync_reg/C
                            (rising edge-triggered cell FDCE clocked by clk_50mhz  {rise@0.000ns fall@10.000ns period=20.000ns})
  Destination:            u_soc/u_npu/u_npu_axi_ctrl/FSM_sequential_rstate_reg[1]/CLR
                            (recovery check against rising-edge clock clk_50mhz  {rise@0.000ns fall@10.000ns period=20.000ns})
  Path Group:             **async_default**
  Path Type:              Recovery (Max at Slow Process Corner)
  Requirement:            20.000ns  (clk_50mhz rise@20.000ns - clk_50mhz rise@0.000ns)
  Data Path Delay:        8.705ns  (logic 0.606ns (6.961%)  route 8.099ns (93.039%))
  Logic Levels:           1  (LUT1=1)
  Clock Path Skew:        -0.302ns (DCD - SCD + CPR)
    Destination Clock Delay (DCD):    7.540ns = ( 27.540 - 20.000 ) 
    Source Clock Delay      (SCD):    8.327ns
    Clock Pessimism Removal (CPR):    0.485ns
  Clock Uncertainty:      0.035ns  ((TSJ^2 + TIJ^2)^1/2 + DJ) / 2 + PE
    Total System Jitter     (TSJ):    0.071ns
    Total Input Jitter      (TIJ):    0.000ns
    Discrete Jitter          (DJ):    0.000ns
    Phase Error              (PE):    0.000ns

    Location             Delay type                Incr(ns)  Path(ns)    Netlist Resource(s)
  -------------------------------------------------------------------    -------------------
                         (clock clk_50mhz rise edge)
                                                      0.000     0.000 r  
    E3                                                0.000     0.000 r  CLK100MHZ (IN)
                         net (fo=0)                   0.000     0.000    CLK100MHZ
    E3                   IBUF (Prop_ibuf_I_O)         1.482     1.482 r  CLK100MHZ_IBUF_inst/O
                         net (fo=1, routed)           2.025     3.506    CLK100MHZ_IBUF
    BUFGCTRL_X0Y16       BUFG (Prop_bufg_I_O)         0.096     3.602 r  CLK100MHZ_IBUF_BUFG_inst/O
                         net (fo=1, routed)           1.625     5.228    CLK100MHZ_IBUF_BUFG
    SLICE_X52Y96         FDRE (Prop_fdre_C_Q)         0.456     5.684 r  clk_50mhz_reg_reg/Q
                         net (fo=2, routed)           0.736     6.419    clk_50mhz_reg
    BUFGCTRL_X0Y0        BUFG (Prop_bufg_I_O)         0.096     6.515 r  bufg_clk/O
                         net (fo=5821, routed)        1.811     8.327    clk_50mhz
    SLICE_X32Y40         FDCE                                         r  rst_n_sync_reg/C
  -------------------------------------------------------------------    -------------------
    SLICE_X32Y40         FDCE (Prop_fdce_C_Q)         0.456     8.783 r  rst_n_sync_reg/Q
                         net (fo=4, routed)           0.806     9.589    u_soc/u_boot_rom/rst_n_sync
    SLICE_X32Y43         LUT1 (Prop_lut1_I0_O)        0.150     9.739 f  u_soc/u_boot_rom/rom_rdata_o[31]_i_3/O
                         net (fo=5673, routed)        7.293    17.032    u_soc/u_npu/u_npu_axi_ctrl/mem_aw_addr_lat_reg[2]_1
    SLICE_X55Y55         FDCE                                         f  u_soc/u_npu/u_npu_axi_ctrl/FSM_sequential_rstate_reg[1]/CLR
  -------------------------------------------------------------------    -------------------

                         (clock clk_50mhz rise edge)
                                                     20.000    20.000 r  
    E3                                                0.000    20.000 r  CLK100MHZ (IN)
                         net (fo=0)                   0.000    20.000    CLK100MHZ
    E3                   IBUF (Prop_ibuf_I_O)         1.411    21.411 r  CLK100MHZ_IBUF_inst/O
                         net (fo=1, routed)           1.920    23.331    CLK100MHZ_IBUF
    BUFGCTRL_X0Y16       BUFG (Prop_bufg_I_O)         0.091    23.422 r  CLK100MHZ_IBUF_BUFG_inst/O
                         net (fo=1, routed)           1.504    24.927    CLK100MHZ_IBUF_BUFG
    SLICE_X52Y96         FDRE (Prop_fdre_C_Q)         0.367    25.294 r  clk_50mhz_reg_reg/Q
                         net (fo=2, routed)           0.654    25.947    clk_50mhz_reg
    BUFGCTRL_X0Y0        BUFG (Prop_bufg_I_O)         0.091    26.038 r  bufg_clk/O
                         net (fo=5821, routed)        1.501    27.540    u_soc/u_npu/u_npu_axi_ctrl/clk_50mhz
    SLICE_X55Y55         FDCE                                         r  u_soc/u_npu/u_npu_axi_ctrl/FSM_sequential_rstate_reg[1]/C
                         clock pessimism              0.485    28.025    
                         clock uncertainty           -0.035    27.989    
    SLICE_X55Y55         FDCE (Recov_fdce_C_CLR)     -0.607    27.382    u_soc/u_npu/u_npu_axi_ctrl/FSM_sequential_rstate_reg[1]
  -------------------------------------------------------------------
                         required time                         27.382    
                         arrival time                         -17.032    
  -------------------------------------------------------------------
                         slack                                 10.350    

Slack (MET) :             10.350ns  (required time - arrival time)
  Source:                 rst_n_sync_reg/C
                            (rising edge-triggered cell FDCE clocked by clk_50mhz  {rise@0.000ns fall@10.000ns period=20.000ns})
  Destination:            u_soc/u_npu/u_npu_axi_ctrl/mem_arready_reg/CLR
                            (recovery check against rising-edge clock clk_50mhz  {rise@0.000ns fall@10.000ns period=20.000ns})
  Path Group:             **async_default**
  Path Type:              Recovery (Max at Slow Process Corner)
  Requirement:            20.000ns  (clk_50mhz rise@20.000ns - clk_50mhz rise@0.000ns)
  Data Path Delay:        8.705ns  (logic 0.606ns (6.961%)  route 8.099ns (93.039%))
  Logic Levels:           1  (LUT1=1)
  Clock Path Skew:        -0.302ns (DCD - SCD + CPR)
    Destination Clock Delay (DCD):    7.540ns = ( 27.540 - 20.000 ) 
    Source Clock Delay      (SCD):    8.327ns
    Clock Pessimism Removal (CPR):    0.485ns
  Clock Uncertainty:      0.035ns  ((TSJ^2 + TIJ^2)^1/2 + DJ) / 2 + PE
    Total System Jitter     (TSJ):    0.071ns
    Total Input Jitter      (TIJ):    0.000ns
    Discrete Jitter          (DJ):    0.000ns
    Phase Error              (PE):    0.000ns

    Location             Delay type                Incr(ns)  Path(ns)    Netlist Resource(s)
  -------------------------------------------------------------------    -------------------
                         (clock clk_50mhz rise edge)
                                                      0.000     0.000 r  
    E3                                                0.000     0.000 r  CLK100MHZ (IN)
                         net (fo=0)                   0.000     0.000    CLK100MHZ
    E3                   IBUF (Prop_ibuf_I_O)         1.482     1.482 r  CLK100MHZ_IBUF_inst/O
                         net (fo=1, routed)           2.025     3.506    CLK100MHZ_IBUF
    BUFGCTRL_X0Y16       BUFG (Prop_bufg_I_O)         0.096     3.602 r  CLK100MHZ_IBUF_BUFG_inst/O
                         net (fo=1, routed)           1.625     5.228    CLK100MHZ_IBUF_BUFG
    SLICE_X52Y96         FDRE (Prop_fdre_C_Q)         0.456     5.684 r  clk_50mhz_reg_reg/Q
                         net (fo=2, routed)           0.736     6.419    clk_50mhz_reg
    BUFGCTRL_X0Y0        BUFG (Prop_bufg_I_O)         0.096     6.515 r  bufg_clk/O
                         net (fo=5821, routed)        1.811     8.327    clk_50mhz
    SLICE_X32Y40         FDCE                                         r  rst_n_sync_reg/C
  -------------------------------------------------------------------    -------------------
    SLICE_X32Y40         FDCE (Prop_fdce_C_Q)         0.456     8.783 r  rst_n_sync_reg/Q
                         net (fo=4, routed)           0.806     9.589    u_soc/u_boot_rom/rst_n_sync
    SLICE_X32Y43         LUT1 (Prop_lut1_I0_O)        0.150     9.739 f  u_soc/u_boot_rom/rom_rdata_o[31]_i_3/O
                         net (fo=5673, routed)        7.293    17.032    u_soc/u_npu/u_npu_axi_ctrl/mem_aw_addr_lat_reg[2]_1
    SLICE_X55Y55         FDCE                                         f  u_soc/u_npu/u_npu_axi_ctrl/mem_arready_reg/CLR
  -------------------------------------------------------------------    -------------------

                         (clock clk_50mhz rise edge)
                                                     20.000    20.000 r  
    E3                                                0.000    20.000 r  CLK100MHZ (IN)
                         net (fo=0)                   0.000    20.000    CLK100MHZ
    E3                   IBUF (Prop_ibuf_I_O)         1.411    21.411 r  CLK100MHZ_IBUF_inst/O
                         net (fo=1, routed)           1.920    23.331    CLK100MHZ_IBUF
    BUFGCTRL_X0Y16       BUFG (Prop_bufg_I_O)         0.091    23.422 r  CLK100MHZ_IBUF_BUFG_inst/O
                         net (fo=1, routed)           1.504    24.927    CLK100MHZ_IBUF_BUFG
    SLICE_X52Y96         FDRE (Prop_fdre_C_Q)         0.367    25.294 r  clk_50mhz_reg_reg/Q
                         net (fo=2, routed)           0.654    25.947    clk_50mhz_reg
    BUFGCTRL_X0Y0        BUFG (Prop_bufg_I_O)         0.091    26.038 r  bufg_clk/O
                         net (fo=5821, routed)        1.501    27.540    u_soc/u_npu/u_npu_axi_ctrl/clk_50mhz
    SLICE_X55Y55         FDCE                                         r  u_soc/u_npu/u_npu_axi_ctrl/mem_arready_reg/C
                         clock pessimism              0.485    28.025    
                         clock uncertainty           -0.035    27.989    
    SLICE_X55Y55         FDCE (Recov_fdce_C_CLR)     -0.607    27.382    u_soc/u_npu/u_npu_axi_ctrl/mem_arready_reg
  -------------------------------------------------------------------
                         required time                         27.382    
                         arrival time                         -17.032    
  -------------------------------------------------------------------
                         slack                                 10.350    

Slack (MET) :             10.350ns  (required time - arrival time)
  Source:                 rst_n_sync_reg/C
                            (rising edge-triggered cell FDCE clocked by clk_50mhz  {rise@0.000ns fall@10.000ns period=20.000ns})
  Destination:            u_soc/u_npu/u_npu_axi_ctrl/mem_rvalid_reg/CLR
                            (recovery check against rising-edge clock clk_50mhz  {rise@0.000ns fall@10.000ns period=20.000ns})
  Path Group:             **async_default**
  Path Type:              Recovery (Max at Slow Process Corner)
  Requirement:            20.000ns  (clk_50mhz rise@20.000ns - clk_50mhz rise@0.000ns)
  Data Path Delay:        8.705ns  (logic 0.606ns (6.961%)  route 8.099ns (93.039%))
  Logic Levels:           1  (LUT1=1)
  Clock Path Skew:        -0.302ns (DCD - SCD + CPR)
    Destination Clock Delay (DCD):    7.540ns = ( 27.540 - 20.000 ) 
    Source Clock Delay      (SCD):    8.327ns
    Clock Pessimism Removal (CPR):    0.485ns
  Clock Uncertainty:      0.035ns  ((TSJ^2 + TIJ^2)^1/2 + DJ) / 2 + PE
    Total System Jitter     (TSJ):    0.071ns
    Total Input Jitter      (TIJ):    0.000ns
    Discrete Jitter          (DJ):    0.000ns
    Phase Error              (PE):    0.000ns

    Location             Delay type                Incr(ns)  Path(ns)    Netlist Resource(s)
  -------------------------------------------------------------------    -------------------
                         (clock clk_50mhz rise edge)
                                                      0.000     0.000 r  
    E3                                                0.000     0.000 r  CLK100MHZ (IN)
                         net (fo=0)                   0.000     0.000    CLK100MHZ
    E3                   IBUF (Prop_ibuf_I_O)         1.482     1.482 r  CLK100MHZ_IBUF_inst/O
                         net (fo=1, routed)           2.025     3.506    CLK100MHZ_IBUF
    BUFGCTRL_X0Y16       BUFG (Prop_bufg_I_O)         0.096     3.602 r  CLK100MHZ_IBUF_BUFG_inst/O
                         net (fo=1, routed)           1.625     5.228    CLK100MHZ_IBUF_BUFG
    SLICE_X52Y96         FDRE (Prop_fdre_C_Q)         0.456     5.684 r  clk_50mhz_reg_reg/Q
                         net (fo=2, routed)           0.736     6.419    clk_50mhz_reg
    BUFGCTRL_X0Y0        BUFG (Prop_bufg_I_O)         0.096     6.515 r  bufg_clk/O
                         net (fo=5821, routed)        1.811     8.327    clk_50mhz
    SLICE_X32Y40         FDCE                                         r  rst_n_sync_reg/C
  -------------------------------------------------------------------    -------------------
    SLICE_X32Y40         FDCE (Prop_fdce_C_Q)         0.456     8.783 r  rst_n_sync_reg/Q
                         net (fo=4, routed)           0.806     9.589    u_soc/u_boot_rom/rst_n_sync
    SLICE_X32Y43         LUT1 (Prop_lut1_I0_O)        0.150     9.739 f  u_soc/u_boot_rom/rom_rdata_o[31]_i_3/O
                         net (fo=5673, routed)        7.293    17.032    u_soc/u_npu/u_npu_axi_ctrl/mem_aw_addr_lat_reg[2]_1
    SLICE_X55Y55         FDCE                                         f  u_soc/u_npu/u_npu_axi_ctrl/mem_rvalid_reg/CLR
  -------------------------------------------------------------------    -------------------

                         (clock clk_50mhz rise edge)
                                                     20.000    20.000 r  
    E3                                                0.000    20.000 r  CLK100MHZ (IN)
                         net (fo=0)                   0.000    20.000    CLK100MHZ
    E3                   IBUF (Prop_ibuf_I_O)         1.411    21.411 r  CLK100MHZ_IBUF_inst/O
                         net (fo=1, routed)           1.920    23.331    CLK100MHZ_IBUF
    BUFGCTRL_X0Y16       BUFG (Prop_bufg_I_O)         0.091    23.422 r  CLK100MHZ_IBUF_BUFG_inst/O
                         net (fo=1, routed)           1.504    24.927    CLK100MHZ_IBUF_BUFG
    SLICE_X52Y96         FDRE (Prop_fdre_C_Q)         0.367    25.294 r  clk_50mhz_reg_reg/Q
                         net (fo=2, routed)           0.654    25.947    clk_50mhz_reg
    BUFGCTRL_X0Y0        BUFG (Prop_bufg_I_O)         0.091    26.038 r  bufg_clk/O
                         net (fo=5821, routed)        1.501    27.540    u_soc/u_npu/u_npu_axi_ctrl/clk_50mhz
    SLICE_X55Y55         FDCE                                         r  u_soc/u_npu/u_npu_axi_ctrl/mem_rvalid_reg/C
                         clock pessimism              0.485    28.025    
                         clock uncertainty           -0.035    27.989    
    SLICE_X55Y55         FDCE (Recov_fdce_C_CLR)     -0.607    27.382    u_soc/u_npu/u_npu_axi_ctrl/mem_rvalid_reg
  -------------------------------------------------------------------
                         required time                         27.382    
                         arrival time                         -17.032    
  -------------------------------------------------------------------
                         slack                                 10.350    

Slack (MET) :             10.354ns  (required time - arrival time)
  Source:                 rst_n_sync_reg/C
                            (rising edge-triggered cell FDCE clocked by clk_50mhz  {rise@0.000ns fall@10.000ns period=20.000ns})
  Destination:            u_soc/u_dma/dma_error_reg/CLR
                            (recovery check against rising-edge clock clk_50mhz  {rise@0.000ns fall@10.000ns period=20.000ns})
  Path Group:             **async_default**
  Path Type:              Recovery (Max at Slow Process Corner)
  Requirement:            20.000ns  (clk_50mhz rise@20.000ns - clk_50mhz rise@0.000ns)
  Data Path Delay:        8.703ns  (logic 0.606ns (6.963%)  route 8.097ns (93.037%))
  Logic Levels:           1  (LUT1=1)
  Clock Path Skew:        -0.301ns (DCD - SCD + CPR)
    Destination Clock Delay (DCD):    7.541ns = ( 27.541 - 20.000 ) 
    Source Clock Delay      (SCD):    8.327ns
    Clock Pessimism Removal (CPR):    0.485ns
  Clock Uncertainty:      0.035ns  ((TSJ^2 + TIJ^2)^1/2 + DJ) / 2 + PE
    Total System Jitter     (TSJ):    0.071ns
    Total Input Jitter      (TIJ):    0.000ns
    Discrete Jitter          (DJ):    0.000ns
    Phase Error              (PE):    0.000ns

    Location             Delay type                Incr(ns)  Path(ns)    Netlist Resource(s)
  -------------------------------------------------------------------    -------------------
                         (clock clk_50mhz rise edge)
                                                      0.000     0.000 r  
    E3                                                0.000     0.000 r  CLK100MHZ (IN)
                         net (fo=0)                   0.000     0.000    CLK100MHZ
    E3                   IBUF (Prop_ibuf_I_O)         1.482     1.482 r  CLK100MHZ_IBUF_inst/O
                         net (fo=1, routed)           2.025     3.506    CLK100MHZ_IBUF
    BUFGCTRL_X0Y16       BUFG (Prop_bufg_I_O)         0.096     3.602 r  CLK100MHZ_IBUF_BUFG_inst/O
                         net (fo=1, routed)           1.625     5.228    CLK100MHZ_IBUF_BUFG
    SLICE_X52Y96         FDRE (Prop_fdre_C_Q)         0.456     5.684 r  clk_50mhz_reg_reg/Q
                         net (fo=2, routed)           0.736     6.419    clk_50mhz_reg
    BUFGCTRL_X0Y0        BUFG (Prop_bufg_I_O)         0.096     6.515 r  bufg_clk/O
                         net (fo=5821, routed)        1.811     8.327    clk_50mhz
    SLICE_X32Y40         FDCE                                         r  rst_n_sync_reg/C
  -------------------------------------------------------------------    -------------------
    SLICE_X32Y40         FDCE (Prop_fdce_C_Q)         0.456     8.783 r  rst_n_sync_reg/Q
                         net (fo=4, routed)           0.806     9.589    u_soc/u_boot_rom/rst_n_sync
    SLICE_X32Y43         LUT1 (Prop_lut1_I0_O)        0.150     9.739 f  u_soc/u_boot_rom/rom_rdata_o[31]_i_3/O
                         net (fo=5673, routed)        7.291    17.029    u_soc/u_dma/s_axi_awready_reg_0
    SLICE_X57Y56         FDCE                                         f  u_soc/u_dma/dma_error_reg/CLR
  -------------------------------------------------------------------    -------------------

                         (clock clk_50mhz rise edge)
                                                     20.000    20.000 r  
    E3                                                0.000    20.000 r  CLK100MHZ (IN)
                         net (fo=0)                   0.000    20.000    CLK100MHZ
    E3                   IBUF (Prop_ibuf_I_O)         1.411    21.411 r  CLK100MHZ_IBUF_inst/O
                         net (fo=1, routed)           1.920    23.331    CLK100MHZ_IBUF
    BUFGCTRL_X0Y16       BUFG (Prop_bufg_I_O)         0.091    23.422 r  CLK100MHZ_IBUF_BUFG_inst/O
                         net (fo=1, routed)           1.504    24.927    CLK100MHZ_IBUF_BUFG
    SLICE_X52Y96         FDRE (Prop_fdre_C_Q)         0.367    25.294 r  clk_50mhz_reg_reg/Q
                         net (fo=2, routed)           0.654    25.947    clk_50mhz_reg
    BUFGCTRL_X0Y0        BUFG (Prop_bufg_I_O)         0.091    26.038 r  bufg_clk/O
                         net (fo=5821, routed)        1.502    27.541    u_soc/u_dma/clk_50mhz
    SLICE_X57Y56         FDCE                                         r  u_soc/u_dma/dma_error_reg/C
                         clock pessimism              0.485    28.026    
                         clock uncertainty           -0.035    27.990    
    SLICE_X57Y56         FDCE (Recov_fdce_C_CLR)     -0.607    27.383    u_soc/u_dma/dma_error_reg
  -------------------------------------------------------------------
                         required time                         27.383    
                         arrival time                         -17.029    
  -------------------------------------------------------------------
                         slack                                 10.354    

Slack (MET) :             10.394ns  (required time - arrival time)
  Source:                 rst_n_sync_reg/C
                            (rising edge-triggered cell FDCE clocked by clk_50mhz  {rise@0.000ns fall@10.000ns period=20.000ns})
  Destination:            u_soc/u_data_bridge/FSM_onehot_state_q_reg[0]/PRE
                            (recovery check against rising-edge clock clk_50mhz  {rise@0.000ns fall@10.000ns period=20.000ns})
  Path Group:             **async_default**
  Path Type:              Recovery (Max at Slow Process Corner)
  Requirement:            20.000ns  (clk_50mhz rise@20.000ns - clk_50mhz rise@0.000ns)
  Data Path Delay:        8.705ns  (logic 0.606ns (6.961%)  route 8.099ns (93.039%))
  Logic Levels:           1  (LUT1=1)
  Clock Path Skew:        -0.302ns (DCD - SCD + CPR)
    Destination Clock Delay (DCD):    7.540ns = ( 27.540 - 20.000 ) 
    Source Clock Delay      (SCD):    8.327ns
    Clock Pessimism Removal (CPR):    0.485ns
  Clock Uncertainty:      0.035ns  ((TSJ^2 + TIJ^2)^1/2 + DJ) / 2 + PE
    Total System Jitter     (TSJ):    0.071ns
    Total Input Jitter      (TIJ):    0.000ns
    Discrete Jitter          (DJ):    0.000ns
    Phase Error              (PE):    0.000ns

    Location             Delay type                Incr(ns)  Path(ns)    Netlist Resource(s)
  -------------------------------------------------------------------    -------------------
                         (clock clk_50mhz rise edge)
                                                      0.000     0.000 r  
    E3                                                0.000     0.000 r  CLK100MHZ (IN)
                         net (fo=0)                   0.000     0.000    CLK100MHZ
    E3                   IBUF (Prop_ibuf_I_O)         1.482     1.482 r  CLK100MHZ_IBUF_inst/O
                         net (fo=1, routed)           2.025     3.506    CLK100MHZ_IBUF
    BUFGCTRL_X0Y16       BUFG (Prop_bufg_I_O)         0.096     3.602 r  CLK100MHZ_IBUF_BUFG_inst/O
                         net (fo=1, routed)           1.625     5.228    CLK100MHZ_IBUF_BUFG
    SLICE_X52Y96         FDRE (Prop_fdre_C_Q)         0.456     5.684 r  clk_50mhz_reg_reg/Q
                         net (fo=2, routed)           0.736     6.419    clk_50mhz_reg
    BUFGCTRL_X0Y0        BUFG (Prop_bufg_I_O)         0.096     6.515 r  bufg_clk/O
                         net (fo=5821, routed)        1.811     8.327    clk_50mhz
    SLICE_X32Y40         FDCE                                         r  rst_n_sync_reg/C
  -------------------------------------------------------------------    -------------------
    SLICE_X32Y40         FDCE (Prop_fdce_C_Q)         0.456     8.783 r  rst_n_sync_reg/Q
                         net (fo=4, routed)           0.806     9.589    u_soc/u_boot_rom/rst_n_sync
    SLICE_X32Y43         LUT1 (Prop_lut1_I0_O)        0.150     9.739 f  u_soc/u_boot_rom/rom_rdata_o[31]_i_3/O
                         net (fo=5673, routed)        7.293    17.032    u_soc/u_data_bridge/be_q_reg[3]_1
    SLICE_X54Y55         FDPE                                         f  u_soc/u_data_bridge/FSM_onehot_state_q_reg[0]/PRE
  -------------------------------------------------------------------    -------------------

                         (clock clk_50mhz rise edge)
                                                     20.000    20.000 r  
    E3                                                0.000    20.000 r  CLK100MHZ (IN)
                         net (fo=0)                   0.000    20.000    CLK100MHZ
    E3                   IBUF (Prop_ibuf_I_O)         1.411    21.411 r  CLK100MHZ_IBUF_inst/O
                         net (fo=1, routed)           1.920    23.331    CLK100MHZ_IBUF
    BUFGCTRL_X0Y16       BUFG (Prop_bufg_I_O)         0.091    23.422 r  CLK100MHZ_IBUF_BUFG_inst/O
                         net (fo=1, routed)           1.504    24.927    CLK100MHZ_IBUF_BUFG
    SLICE_X52Y96         FDRE (Prop_fdre_C_Q)         0.367    25.294 r  clk_50mhz_reg_reg/Q
                         net (fo=2, routed)           0.654    25.947    clk_50mhz_reg
    BUFGCTRL_X0Y0        BUFG (Prop_bufg_I_O)         0.091    26.038 r  bufg_clk/O
                         net (fo=5821, routed)        1.501    27.540    u_soc/u_data_bridge/clk_50mhz
    SLICE_X54Y55         FDPE                                         r  u_soc/u_data_bridge/FSM_onehot_state_q_reg[0]/C
                         clock pessimism              0.485    28.025    
                         clock uncertainty           -0.035    27.989    
    SLICE_X54Y55         FDPE (Recov_fdpe_C_PRE)     -0.563    27.426    u_soc/u_data_bridge/FSM_onehot_state_q_reg[0]
  -------------------------------------------------------------------
                         required time                         27.426    
                         arrival time                         -17.032    
  -------------------------------------------------------------------
                         slack                                 10.394    

Slack (MET) :             10.440ns  (required time - arrival time)
  Source:                 rst_n_sync_reg/C
                            (rising edge-triggered cell FDCE clocked by clk_50mhz  {rise@0.000ns fall@10.000ns period=20.000ns})
  Destination:            u_soc/u_jtag/FSM_onehot_bus_state_reg[4]/CLR
                            (recovery check against rising-edge clock clk_50mhz  {rise@0.000ns fall@10.000ns period=20.000ns})
  Path Group:             **async_default**
  Path Type:              Recovery (Max at Slow Process Corner)
  Requirement:            20.000ns  (clk_50mhz rise@20.000ns - clk_50mhz rise@0.000ns)
  Data Path Delay:        8.703ns  (logic 0.606ns (6.963%)  route 8.097ns (93.037%))
  Logic Levels:           1  (LUT1=1)
  Clock Path Skew:        -0.301ns (DCD - SCD + CPR)
    Destination Clock Delay (DCD):    7.541ns = ( 27.541 - 20.000 ) 
    Source Clock Delay      (SCD):    8.327ns
    Clock Pessimism Removal (CPR):    0.485ns
  Clock Uncertainty:      0.035ns  ((TSJ^2 + TIJ^2)^1/2 + DJ) / 2 + PE
    Total System Jitter     (TSJ):    0.071ns
    Total Input Jitter      (TIJ):    0.000ns
    Discrete Jitter          (DJ):    0.000ns
    Phase Error              (PE):    0.000ns

    Location             Delay type                Incr(ns)  Path(ns)    Netlist Resource(s)
  -------------------------------------------------------------------    -------------------
                         (clock clk_50mhz rise edge)
                                                      0.000     0.000 r  
    E3                                                0.000     0.000 r  CLK100MHZ (IN)
                         net (fo=0)                   0.000     0.000    CLK100MHZ
    E3                   IBUF (Prop_ibuf_I_O)         1.482     1.482 r  CLK100MHZ_IBUF_inst/O
                         net (fo=1, routed)           2.025     3.506    CLK100MHZ_IBUF
    BUFGCTRL_X0Y16       BUFG (Prop_bufg_I_O)         0.096     3.602 r  CLK100MHZ_IBUF_BUFG_inst/O
                         net (fo=1, routed)           1.625     5.228    CLK100MHZ_IBUF_BUFG
    SLICE_X52Y96         FDRE (Prop_fdre_C_Q)         0.456     5.684 r  clk_50mhz_reg_reg/Q
                         net (fo=2, routed)           0.736     6.419    clk_50mhz_reg
    BUFGCTRL_X0Y0        BUFG (Prop_bufg_I_O)         0.096     6.515 r  bufg_clk/O
                         net (fo=5821, routed)        1.811     8.327    clk_50mhz
    SLICE_X32Y40         FDCE                                         r  rst_n_sync_reg/C
  -------------------------------------------------------------------    -------------------
    SLICE_X32Y40         FDCE (Prop_fdce_C_Q)         0.456     8.783 r  rst_n_sync_reg/Q
                         net (fo=4, routed)           0.806     9.589    u_soc/u_boot_rom/rst_n_sync
    SLICE_X32Y43         LUT1 (Prop_lut1_I0_O)        0.150     9.739 f  u_soc/u_boot_rom/rom_rdata_o[31]_i_3/O
                         net (fo=5673, routed)        7.291    17.029    u_soc/u_jtag/FSM_onehot_bus_state_reg[5]_1
    SLICE_X56Y56         FDCE                                         f  u_soc/u_jtag/FSM_onehot_bus_state_reg[4]/CLR
  -------------------------------------------------------------------    -------------------

                         (clock clk_50mhz rise edge)
                                                     20.000    20.000 r  
    E3                                                0.000    20.000 r  CLK100MHZ (IN)
                         net (fo=0)                   0.000    20.000    CLK100MHZ
    E3                   IBUF (Prop_ibuf_I_O)         1.411    21.411 r  CLK100MHZ_IBUF_inst/O
                         net (fo=1, routed)           1.920    23.331    CLK100MHZ_IBUF
    BUFGCTRL_X0Y16       BUFG (Prop_bufg_I_O)         0.091    23.422 r  CLK100MHZ_IBUF_BUFG_inst/O
                         net (fo=1, routed)           1.504    24.927    CLK100MHZ_IBUF_BUFG
    SLICE_X52Y96         FDRE (Prop_fdre_C_Q)         0.367    25.294 r  clk_50mhz_reg_reg/Q
                         net (fo=2, routed)           0.654    25.947    clk_50mhz_reg
    BUFGCTRL_X0Y0        BUFG (Prop_bufg_I_O)         0.091    26.038 r  bufg_clk/O
                         net (fo=5821, routed)        1.502    27.541    u_soc/u_jtag/clk_50mhz
    SLICE_X56Y56         FDCE                                         r  u_soc/u_jtag/FSM_onehot_bus_state_reg[4]/C
                         clock pessimism              0.485    28.026    
                         clock uncertainty           -0.035    27.990    
    SLICE_X56Y56         FDCE (Recov_fdce_C_CLR)     -0.521    27.469    u_soc/u_jtag/FSM_onehot_bus_state_reg[4]
  -------------------------------------------------------------------
                         required time                         27.469    
                         arrival time                         -17.029    
  -------------------------------------------------------------------
                         slack                                 10.440    

Slack (MET) :             10.504ns  (required time - arrival time)
  Source:                 rst_n_sync_reg/C
                            (rising edge-triggered cell FDCE clocked by clk_50mhz  {rise@0.000ns fall@10.000ns period=20.000ns})
  Destination:            u_soc/u_master_arbiter/FSM_sequential_r_state_q_reg[0]/CLR
                            (recovery check against rising-edge clock clk_50mhz  {rise@0.000ns fall@10.000ns period=20.000ns})
  Path Group:             **async_default**
  Path Type:              Recovery (Max at Slow Process Corner)
  Requirement:            20.000ns  (clk_50mhz rise@20.000ns - clk_50mhz rise@0.000ns)
  Data Path Delay:        8.551ns  (logic 0.606ns (7.087%)  route 7.945ns (92.913%))
  Logic Levels:           1  (LUT1=1)
  Clock Path Skew:        -0.303ns (DCD - SCD + CPR)
    Destination Clock Delay (DCD):    7.539ns = ( 27.539 - 20.000 ) 
    Source Clock Delay      (SCD):    8.327ns
    Clock Pessimism Removal (CPR):    0.485ns
  Clock Uncertainty:      0.035ns  ((TSJ^2 + TIJ^2)^1/2 + DJ) / 2 + PE
    Total System Jitter     (TSJ):    0.071ns
    Total Input Jitter      (TIJ):    0.000ns
    Discrete Jitter          (DJ):    0.000ns
    Phase Error              (PE):    0.000ns

    Location             Delay type                Incr(ns)  Path(ns)    Netlist Resource(s)
  -------------------------------------------------------------------    -------------------
                         (clock clk_50mhz rise edge)
                                                      0.000     0.000 r  
    E3                                                0.000     0.000 r  CLK100MHZ (IN)
                         net (fo=0)                   0.000     0.000    CLK100MHZ
    E3                   IBUF (Prop_ibuf_I_O)         1.482     1.482 r  CLK100MHZ_IBUF_inst/O
                         net (fo=1, routed)           2.025     3.506    CLK100MHZ_IBUF
    BUFGCTRL_X0Y16       BUFG (Prop_bufg_I_O)         0.096     3.602 r  CLK100MHZ_IBUF_BUFG_inst/O
                         net (fo=1, routed)           1.625     5.228    CLK100MHZ_IBUF_BUFG
    SLICE_X52Y96         FDRE (Prop_fdre_C_Q)         0.456     5.684 r  clk_50mhz_reg_reg/Q
                         net (fo=2, routed)           0.736     6.419    clk_50mhz_reg
    BUFGCTRL_X0Y0        BUFG (Prop_bufg_I_O)         0.096     6.515 r  bufg_clk/O
                         net (fo=5821, routed)        1.811     8.327    clk_50mhz
    SLICE_X32Y40         FDCE                                         r  rst_n_sync_reg/C
  -------------------------------------------------------------------    -------------------
    SLICE_X32Y40         FDCE (Prop_fdce_C_Q)         0.456     8.783 r  rst_n_sync_reg/Q
                         net (fo=4, routed)           0.806     9.589    u_soc/u_boot_rom/rst_n_sync
    SLICE_X32Y43         LUT1 (Prop_lut1_I0_O)        0.150     9.739 f  u_soc/u_boot_rom/rom_rdata_o[31]_i_3/O
                         net (fo=5673, routed)        7.139    16.878    u_soc/u_master_arbiter/FSM_sequential_r_state_q_reg[2]_2
    SLICE_X55Y57         FDCE                                         f  u_soc/u_master_arbiter/FSM_sequential_r_state_q_reg[0]/CLR
  -------------------------------------------------------------------    -------------------

                         (clock clk_50mhz rise edge)
                                                     20.000    20.000 r  
    E3                                                0.000    20.000 r  CLK100MHZ (IN)
                         net (fo=0)                   0.000    20.000    CLK100MHZ
    E3                   IBUF (Prop_ibuf_I_O)         1.411    21.411 r  CLK100MHZ_IBUF_inst/O
                         net (fo=1, routed)           1.920    23.331    CLK100MHZ_IBUF
    BUFGCTRL_X0Y16       BUFG (Prop_bufg_I_O)         0.091    23.422 r  CLK100MHZ_IBUF_BUFG_inst/O
                         net (fo=1, routed)           1.504    24.927    CLK100MHZ_IBUF_BUFG
    SLICE_X52Y96         FDRE (Prop_fdre_C_Q)         0.367    25.294 r  clk_50mhz_reg_reg/Q
                         net (fo=2, routed)           0.654    25.947    clk_50mhz_reg
    BUFGCTRL_X0Y0        BUFG (Prop_bufg_I_O)         0.091    26.038 r  bufg_clk/O
                         net (fo=5821, routed)        1.500    27.539    u_soc/u_master_arbiter/clk_50mhz
    SLICE_X55Y57         FDCE                                         r  u_soc/u_master_arbiter/FSM_sequential_r_state_q_reg[0]/C
                         clock pessimism              0.485    28.024    
                         clock uncertainty           -0.035    27.988    
    SLICE_X55Y57         FDCE (Recov_fdce_C_CLR)     -0.607    27.381    u_soc/u_master_arbiter/FSM_sequential_r_state_q_reg[0]
  -------------------------------------------------------------------
                         required time                         27.381    
                         arrival time                         -16.878    
  -------------------------------------------------------------------
                         slack                                 10.504    

Slack (MET) :             10.507ns  (required time - arrival time)
  Source:                 rst_n_sync_reg/C
                            (rising edge-triggered cell FDCE clocked by clk_50mhz  {rise@0.000ns fall@10.000ns period=20.000ns})
  Destination:            u_soc/u_jtag/reg_cmd_reg[4]/CLR
                            (recovery check against rising-edge clock clk_50mhz  {rise@0.000ns fall@10.000ns period=20.000ns})
  Path Group:             **async_default**
  Path Type:              Recovery (Max at Slow Process Corner)
  Requirement:            20.000ns  (clk_50mhz rise@20.000ns - clk_50mhz rise@0.000ns)
  Data Path Delay:        8.549ns  (logic 0.606ns (7.089%)  route 7.943ns (92.911%))
  Logic Levels:           1  (LUT1=1)
  Clock Path Skew:        -0.302ns (DCD - SCD + CPR)
    Destination Clock Delay (DCD):    7.540ns = ( 27.540 - 20.000 ) 
    Source Clock Delay      (SCD):    8.327ns
    Clock Pessimism Removal (CPR):    0.485ns
  Clock Uncertainty:      0.035ns  ((TSJ^2 + TIJ^2)^1/2 + DJ) / 2 + PE
    Total System Jitter     (TSJ):    0.071ns
    Total Input Jitter      (TIJ):    0.000ns
    Discrete Jitter          (DJ):    0.000ns
    Phase Error              (PE):    0.000ns

    Location             Delay type                Incr(ns)  Path(ns)    Netlist Resource(s)
  -------------------------------------------------------------------    -------------------
                         (clock clk_50mhz rise edge)
                                                      0.000     0.000 r  
    E3                                                0.000     0.000 r  CLK100MHZ (IN)
                         net (fo=0)                   0.000     0.000    CLK100MHZ
    E3                   IBUF (Prop_ibuf_I_O)         1.482     1.482 r  CLK100MHZ_IBUF_inst/O
                         net (fo=1, routed)           2.025     3.506    CLK100MHZ_IBUF
    BUFGCTRL_X0Y16       BUFG (Prop_bufg_I_O)         0.096     3.602 r  CLK100MHZ_IBUF_BUFG_inst/O
                         net (fo=1, routed)           1.625     5.228    CLK100MHZ_IBUF_BUFG
    SLICE_X52Y96         FDRE (Prop_fdre_C_Q)         0.456     5.684 r  clk_50mhz_reg_reg/Q
                         net (fo=2, routed)           0.736     6.419    clk_50mhz_reg
    BUFGCTRL_X0Y0        BUFG (Prop_bufg_I_O)         0.096     6.515 r  bufg_clk/O
                         net (fo=5821, routed)        1.811     8.327    clk_50mhz
    SLICE_X32Y40         FDCE                                         r  rst_n_sync_reg/C
  -------------------------------------------------------------------    -------------------
    SLICE_X32Y40         FDCE (Prop_fdce_C_Q)         0.456     8.783 r  rst_n_sync_reg/Q
                         net (fo=4, routed)           0.806     9.589    u_soc/u_boot_rom/rst_n_sync
    SLICE_X32Y43         LUT1 (Prop_lut1_I0_O)        0.150     9.739 f  u_soc/u_boot_rom/rom_rdata_o[31]_i_3/O
                         net (fo=5673, routed)        7.137    16.875    u_soc/u_jtag/FSM_onehot_bus_state_reg[5]_1
    SLICE_X57Y58         FDCE                                         f  u_soc/u_jtag/reg_cmd_reg[4]/CLR
  -------------------------------------------------------------------    -------------------

                         (clock clk_50mhz rise edge)
                                                     20.000    20.000 r  
    E3                                                0.000    20.000 r  CLK100MHZ (IN)
                         net (fo=0)                   0.000    20.000    CLK100MHZ
    E3                   IBUF (Prop_ibuf_I_O)         1.411    21.411 r  CLK100MHZ_IBUF_inst/O
                         net (fo=1, routed)           1.920    23.331    CLK100MHZ_IBUF
    BUFGCTRL_X0Y16       BUFG (Prop_bufg_I_O)         0.091    23.422 r  CLK100MHZ_IBUF_BUFG_inst/O
                         net (fo=1, routed)           1.504    24.927    CLK100MHZ_IBUF_BUFG
    SLICE_X52Y96         FDRE (Prop_fdre_C_Q)         0.367    25.294 r  clk_50mhz_reg_reg/Q
                         net (fo=2, routed)           0.654    25.947    clk_50mhz_reg
    BUFGCTRL_X0Y0        BUFG (Prop_bufg_I_O)         0.091    26.038 r  bufg_clk/O
                         net (fo=5821, routed)        1.501    27.540    u_soc/u_jtag/clk_50mhz
    SLICE_X57Y58         FDCE                                         r  u_soc/u_jtag/reg_cmd_reg[4]/C
                         clock pessimism              0.485    28.025    
                         clock uncertainty           -0.035    27.989    
    SLICE_X57Y58         FDCE (Recov_fdce_C_CLR)     -0.607    27.382    u_soc/u_jtag/reg_cmd_reg[4]
  -------------------------------------------------------------------
                         required time                         27.382    
                         arrival time                         -16.875    
  -------------------------------------------------------------------
                         slack                                 10.507    

Slack (MET) :             10.507ns  (required time - arrival time)
  Source:                 rst_n_sync_reg/C
                            (rising edge-triggered cell FDCE clocked by clk_50mhz  {rise@0.000ns fall@10.000ns period=20.000ns})
  Destination:            u_soc/u_jtag/reg_cmd_reg[5]/CLR
                            (recovery check against rising-edge clock clk_50mhz  {rise@0.000ns fall@10.000ns period=20.000ns})
  Path Group:             **async_default**
  Path Type:              Recovery (Max at Slow Process Corner)
  Requirement:            20.000ns  (clk_50mhz rise@20.000ns - clk_50mhz rise@0.000ns)
  Data Path Delay:        8.549ns  (logic 0.606ns (7.089%)  route 7.943ns (92.911%))
  Logic Levels:           1  (LUT1=1)
  Clock Path Skew:        -0.302ns (DCD - SCD + CPR)
    Destination Clock Delay (DCD):    7.540ns = ( 27.540 - 20.000 ) 
    Source Clock Delay      (SCD):    8.327ns
    Clock Pessimism Removal (CPR):    0.485ns
  Clock Uncertainty:      0.035ns  ((TSJ^2 + TIJ^2)^1/2 + DJ) / 2 + PE
    Total System Jitter     (TSJ):    0.071ns
    Total Input Jitter      (TIJ):    0.000ns
    Discrete Jitter          (DJ):    0.000ns
    Phase Error              (PE):    0.000ns

    Location             Delay type                Incr(ns)  Path(ns)    Netlist Resource(s)
  -------------------------------------------------------------------    -------------------
                         (clock clk_50mhz rise edge)
                                                      0.000     0.000 r  
    E3                                                0.000     0.000 r  CLK100MHZ (IN)
                         net (fo=0)                   0.000     0.000    CLK100MHZ
    E3                   IBUF (Prop_ibuf_I_O)         1.482     1.482 r  CLK100MHZ_IBUF_inst/O
                         net (fo=1, routed)           2.025     3.506    CLK100MHZ_IBUF
    BUFGCTRL_X0Y16       BUFG (Prop_bufg_I_O)         0.096     3.602 r  CLK100MHZ_IBUF_BUFG_inst/O
                         net (fo=1, routed)           1.625     5.228    CLK100MHZ_IBUF_BUFG
    SLICE_X52Y96         FDRE (Prop_fdre_C_Q)         0.456     5.684 r  clk_50mhz_reg_reg/Q
                         net (fo=2, routed)           0.736     6.419    clk_50mhz_reg
    BUFGCTRL_X0Y0        BUFG (Prop_bufg_I_O)         0.096     6.515 r  bufg_clk/O
                         net (fo=5821, routed)        1.811     8.327    clk_50mhz
    SLICE_X32Y40         FDCE                                         r  rst_n_sync_reg/C
  -------------------------------------------------------------------    -------------------
    SLICE_X32Y40         FDCE (Prop_fdce_C_Q)         0.456     8.783 r  rst_n_sync_reg/Q
                         net (fo=4, routed)           0.806     9.589    u_soc/u_boot_rom/rst_n_sync
    SLICE_X32Y43         LUT1 (Prop_lut1_I0_O)        0.150     9.739 f  u_soc/u_boot_rom/rom_rdata_o[31]_i_3/O
                         net (fo=5673, routed)        7.137    16.875    u_soc/u_jtag/FSM_onehot_bus_state_reg[5]_1
    SLICE_X57Y58         FDCE                                         f  u_soc/u_jtag/reg_cmd_reg[5]/CLR
  -------------------------------------------------------------------    -------------------

                         (clock clk_50mhz rise edge)
                                                     20.000    20.000 r  
    E3                                                0.000    20.000 r  CLK100MHZ (IN)
                         net (fo=0)                   0.000    20.000    CLK100MHZ
    E3                   IBUF (Prop_ibuf_I_O)         1.411    21.411 r  CLK100MHZ_IBUF_inst/O
                         net (fo=1, routed)           1.920    23.331    CLK100MHZ_IBUF
    BUFGCTRL_X0Y16       BUFG (Prop_bufg_I_O)         0.091    23.422 r  CLK100MHZ_IBUF_BUFG_inst/O
                         net (fo=1, routed)           1.504    24.927    CLK100MHZ_IBUF_BUFG
    SLICE_X52Y96         FDRE (Prop_fdre_C_Q)         0.367    25.294 r  clk_50mhz_reg_reg/Q
                         net (fo=2, routed)           0.654    25.947    clk_50mhz_reg
    BUFGCTRL_X0Y0        BUFG (Prop_bufg_I_O)         0.091    26.038 r  bufg_clk/O
                         net (fo=5821, routed)        1.501    27.540    u_soc/u_jtag/clk_50mhz
    SLICE_X57Y58         FDCE                                         r  u_soc/u_jtag/reg_cmd_reg[5]/C
                         clock pessimism              0.485    28.025    
                         clock uncertainty           -0.035    27.989    
    SLICE_X57Y58         FDCE (Recov_fdce_C_CLR)     -0.607    27.382    u_soc/u_jtag/reg_cmd_reg[5]
  -------------------------------------------------------------------
                         required time                         27.382    
                         arrival time                         -16.875    
  -------------------------------------------------------------------
                         slack                                 10.507    





Min Delay Paths
--------------------------------------------------------------------------------------
Slack (MET) :             0.894ns  (arrival time - required time)
  Source:                 rst_n_sync_reg/C
                            (rising edge-triggered cell FDCE clocked by clk_50mhz  {rise@0.000ns fall@10.000ns period=20.000ns})
  Destination:            u_soc/u_uart1/reg_cfg_tx_done_reg/CLR
                            (removal check against rising-edge clock clk_50mhz  {rise@0.000ns fall@10.000ns period=20.000ns})
  Path Group:             **async_default**
  Path Type:              Removal (Min at Fast Process Corner)
  Requirement:            0.000ns  (clk_50mhz rise@0.000ns - clk_50mhz rise@0.000ns)
  Data Path Delay:        0.936ns  (logic 0.183ns (19.551%)  route 0.753ns (80.449%))
  Logic Levels:           1  (LUT1=1)
  Clock Path Skew:        0.196ns (DCD - SCD - CPR)
    Destination Clock Delay (DCD):    3.354ns
    Source Clock Delay      (SCD):    2.567ns
    Clock Pessimism Removal (CPR):    0.590ns

    Location             Delay type                Incr(ns)  Path(ns)    Netlist Resource(s)
  -------------------------------------------------------------------    -------------------
                         (clock clk_50mhz rise edge)
                                                      0.000     0.000 r  
    E3                                                0.000     0.000 r  CLK100MHZ (IN)
                         net (fo=0)                   0.000     0.000    CLK100MHZ
    E3                   IBUF (Prop_ibuf_I_O)         0.250     0.250 r  CLK100MHZ_IBUF_inst/O
                         net (fo=1, routed)           0.644     0.894    CLK100MHZ_IBUF
    BUFGCTRL_X0Y16       BUFG (Prop_bufg_I_O)         0.026     0.920 r  CLK100MHZ_IBUF_BUFG_inst/O
                         net (fo=1, routed)           0.564     1.483    CLK100MHZ_IBUF_BUFG
    SLICE_X52Y96         FDRE (Prop_fdre_C_Q)         0.141     1.624 r  clk_50mhz_reg_reg/Q
                         net (fo=2, routed)           0.282     1.906    clk_50mhz_reg
    BUFGCTRL_X0Y0        BUFG (Prop_bufg_I_O)         0.026     1.932 r  bufg_clk/O
                         net (fo=5821, routed)        0.635     2.567    clk_50mhz
    SLICE_X32Y40         FDCE                                         r  rst_n_sync_reg/C
  -------------------------------------------------------------------    -------------------
    SLICE_X32Y40         FDCE (Prop_fdce_C_Q)         0.141     2.708 r  rst_n_sync_reg/Q
                         net (fo=4, routed)           0.301     3.009    u_soc/u_boot_rom/rst_n_sync
    SLICE_X32Y43         LUT1 (Prop_lut1_I0_O)        0.042     3.051 f  u_soc/u_boot_rom/rom_rdata_o[31]_i_3/O
                         net (fo=5673, routed)        0.452     3.503    u_soc/u_uart1/o_tx_busy_reg
    SLICE_X45Y51         FDCE                                         f  u_soc/u_uart1/reg_cfg_tx_done_reg/CLR
  -------------------------------------------------------------------    -------------------

                         (clock clk_50mhz rise edge)
                                                      0.000     0.000 r  
    E3                                                0.000     0.000 r  CLK100MHZ (IN)
                         net (fo=0)                   0.000     0.000    CLK100MHZ
    E3                   IBUF (Prop_ibuf_I_O)         0.438     0.438 r  CLK100MHZ_IBUF_inst/O
                         net (fo=1, routed)           0.699     1.136    CLK100MHZ_IBUF
    BUFGCTRL_X0Y16       BUFG (Prop_bufg_I_O)         0.029     1.165 r  CLK100MHZ_IBUF_BUFG_inst/O
                         net (fo=1, routed)           0.834     1.999    CLK100MHZ_IBUF_BUFG
    SLICE_X52Y96         FDRE (Prop_fdre_C_Q)         0.175     2.174 r  clk_50mhz_reg_reg/Q
                         net (fo=2, routed)           0.315     2.488    clk_50mhz_reg
    BUFGCTRL_X0Y0        BUFG (Prop_bufg_I_O)         0.029     2.517 r  bufg_clk/O
                         net (fo=5821, routed)        0.837     3.354    u_soc/u_uart1/clk_50mhz
    SLICE_X45Y51         FDCE                                         r  u_soc/u_uart1/reg_cfg_tx_done_reg/C
                         clock pessimism             -0.590     2.764    
    SLICE_X45Y51         FDCE (Remov_fdce_C_CLR)     -0.154     2.610    u_soc/u_uart1/reg_cfg_tx_done_reg
  -------------------------------------------------------------------
                         required time                         -2.610    
                         arrival time                           3.503    
  -------------------------------------------------------------------
                         slack                                  0.894    

Slack (MET) :             0.894ns  (arrival time - required time)
  Source:                 rst_n_sync_reg/C
                            (rising edge-triggered cell FDCE clocked by clk_50mhz  {rise@0.000ns fall@10.000ns period=20.000ns})
  Destination:            u_soc/u_uart1/tx_start_r_reg/CLR
                            (removal check against rising-edge clock clk_50mhz  {rise@0.000ns fall@10.000ns period=20.000ns})
  Path Group:             **async_default**
  Path Type:              Removal (Min at Fast Process Corner)
  Requirement:            0.000ns  (clk_50mhz rise@0.000ns - clk_50mhz rise@0.000ns)
  Data Path Delay:        0.936ns  (logic 0.183ns (19.551%)  route 0.753ns (80.449%))
  Logic Levels:           1  (LUT1=1)
  Clock Path Skew:        0.196ns (DCD - SCD - CPR)
    Destination Clock Delay (DCD):    3.354ns
    Source Clock Delay      (SCD):    2.567ns
    Clock Pessimism Removal (CPR):    0.590ns

    Location             Delay type                Incr(ns)  Path(ns)    Netlist Resource(s)
  -------------------------------------------------------------------    -------------------
                         (clock clk_50mhz rise edge)
                                                      0.000     0.000 r  
    E3                                                0.000     0.000 r  CLK100MHZ (IN)
                         net (fo=0)                   0.000     0.000    CLK100MHZ
    E3                   IBUF (Prop_ibuf_I_O)         0.250     0.250 r  CLK100MHZ_IBUF_inst/O
                         net (fo=1, routed)           0.644     0.894    CLK100MHZ_IBUF
    BUFGCTRL_X0Y16       BUFG (Prop_bufg_I_O)         0.026     0.920 r  CLK100MHZ_IBUF_BUFG_inst/O
                         net (fo=1, routed)           0.564     1.483    CLK100MHZ_IBUF_BUFG
    SLICE_X52Y96         FDRE (Prop_fdre_C_Q)         0.141     1.624 r  clk_50mhz_reg_reg/Q
                         net (fo=2, routed)           0.282     1.906    clk_50mhz_reg
    BUFGCTRL_X0Y0        BUFG (Prop_bufg_I_O)         0.026     1.932 r  bufg_clk/O
                         net (fo=5821, routed)        0.635     2.567    clk_50mhz
    SLICE_X32Y40         FDCE                                         r  rst_n_sync_reg/C
  -------------------------------------------------------------------    -------------------
    SLICE_X32Y40         FDCE (Prop_fdce_C_Q)         0.141     2.708 r  rst_n_sync_reg/Q
                         net (fo=4, routed)           0.301     3.009    u_soc/u_boot_rom/rst_n_sync
    SLICE_X32Y43         LUT1 (Prop_lut1_I0_O)        0.042     3.051 f  u_soc/u_boot_rom/rom_rdata_o[31]_i_3/O
                         net (fo=5673, routed)        0.452     3.503    u_soc/u_uart1/o_tx_busy_reg
    SLICE_X45Y51         FDCE                                         f  u_soc/u_uart1/tx_start_r_reg/CLR
  -------------------------------------------------------------------    -------------------

                         (clock clk_50mhz rise edge)
                                                      0.000     0.000 r  
    E3                                                0.000     0.000 r  CLK100MHZ (IN)
                         net (fo=0)                   0.000     0.000    CLK100MHZ
    E3                   IBUF (Prop_ibuf_I_O)         0.438     0.438 r  CLK100MHZ_IBUF_inst/O
                         net (fo=1, routed)           0.699     1.136    CLK100MHZ_IBUF
    BUFGCTRL_X0Y16       BUFG (Prop_bufg_I_O)         0.029     1.165 r  CLK100MHZ_IBUF_BUFG_inst/O
                         net (fo=1, routed)           0.834     1.999    CLK100MHZ_IBUF_BUFG
    SLICE_X52Y96         FDRE (Prop_fdre_C_Q)         0.175     2.174 r  clk_50mhz_reg_reg/Q
                         net (fo=2, routed)           0.315     2.488    clk_50mhz_reg
    BUFGCTRL_X0Y0        BUFG (Prop_bufg_I_O)         0.029     2.517 r  bufg_clk/O
                         net (fo=5821, routed)        0.837     3.354    u_soc/u_uart1/clk_50mhz
    SLICE_X45Y51         FDCE                                         r  u_soc/u_uart1/tx_start_r_reg/C
                         clock pessimism             -0.590     2.764    
    SLICE_X45Y51         FDCE (Remov_fdce_C_CLR)     -0.154     2.610    u_soc/u_uart1/tx_start_r_reg
  -------------------------------------------------------------------
                         required time                         -2.610    
                         arrival time                           3.503    
  -------------------------------------------------------------------
                         slack                                  0.894    

Slack (MET) :             0.894ns  (arrival time - required time)
  Source:                 rst_n_sync_reg/C
                            (rising edge-triggered cell FDCE clocked by clk_50mhz  {rise@0.000ns fall@10.000ns period=20.000ns})
  Destination:            u_soc/u_uart1/u_tx/o_tx_busy_reg/CLR
                            (removal check against rising-edge clock clk_50mhz  {rise@0.000ns fall@10.000ns period=20.000ns})
  Path Group:             **async_default**
  Path Type:              Removal (Min at Fast Process Corner)
  Requirement:            0.000ns  (clk_50mhz rise@0.000ns - clk_50mhz rise@0.000ns)
  Data Path Delay:        0.936ns  (logic 0.183ns (19.551%)  route 0.753ns (80.449%))
  Logic Levels:           1  (LUT1=1)
  Clock Path Skew:        0.196ns (DCD - SCD - CPR)
    Destination Clock Delay (DCD):    3.354ns
    Source Clock Delay      (SCD):    2.567ns
    Clock Pessimism Removal (CPR):    0.590ns

    Location             Delay type                Incr(ns)  Path(ns)    Netlist Resource(s)
  -------------------------------------------------------------------    -------------------
                         (clock clk_50mhz rise edge)
                                                      0.000     0.000 r  
    E3                                                0.000     0.000 r  CLK100MHZ (IN)
                         net (fo=0)                   0.000     0.000    CLK100MHZ
    E3                   IBUF (Prop_ibuf_I_O)         0.250     0.250 r  CLK100MHZ_IBUF_inst/O
                         net (fo=1, routed)           0.644     0.894    CLK100MHZ_IBUF
    BUFGCTRL_X0Y16       BUFG (Prop_bufg_I_O)         0.026     0.920 r  CLK100MHZ_IBUF_BUFG_inst/O
                         net (fo=1, routed)           0.564     1.483    CLK100MHZ_IBUF_BUFG
    SLICE_X52Y96         FDRE (Prop_fdre_C_Q)         0.141     1.624 r  clk_50mhz_reg_reg/Q
                         net (fo=2, routed)           0.282     1.906    clk_50mhz_reg
    BUFGCTRL_X0Y0        BUFG (Prop_bufg_I_O)         0.026     1.932 r  bufg_clk/O
                         net (fo=5821, routed)        0.635     2.567    clk_50mhz
    SLICE_X32Y40         FDCE                                         r  rst_n_sync_reg/C
  -------------------------------------------------------------------    -------------------
    SLICE_X32Y40         FDCE (Prop_fdce_C_Q)         0.141     2.708 r  rst_n_sync_reg/Q
                         net (fo=4, routed)           0.301     3.009    u_soc/u_boot_rom/rst_n_sync
    SLICE_X32Y43         LUT1 (Prop_lut1_I0_O)        0.042     3.051 f  u_soc/u_boot_rom/rom_rdata_o[31]_i_3/O
                         net (fo=5673, routed)        0.452     3.503    u_soc/u_uart1/u_tx/o_tx_busy_reg_0
    SLICE_X45Y51         FDCE                                         f  u_soc/u_uart1/u_tx/o_tx_busy_reg/CLR
  -------------------------------------------------------------------    -------------------

                         (clock clk_50mhz rise edge)
                                                      0.000     0.000 r  
    E3                                                0.000     0.000 r  CLK100MHZ (IN)
                         net (fo=0)                   0.000     0.000    CLK100MHZ
    E3                   IBUF (Prop_ibuf_I_O)         0.438     0.438 r  CLK100MHZ_IBUF_inst/O
                         net (fo=1, routed)           0.699     1.136    CLK100MHZ_IBUF
    BUFGCTRL_X0Y16       BUFG (Prop_bufg_I_O)         0.029     1.165 r  CLK100MHZ_IBUF_BUFG_inst/O
                         net (fo=1, routed)           0.834     1.999    CLK100MHZ_IBUF_BUFG
    SLICE_X52Y96         FDRE (Prop_fdre_C_Q)         0.175     2.174 r  clk_50mhz_reg_reg/Q
                         net (fo=2, routed)           0.315     2.488    clk_50mhz_reg
    BUFGCTRL_X0Y0        BUFG (Prop_bufg_I_O)         0.029     2.517 r  bufg_clk/O
                         net (fo=5821, routed)        0.837     3.354    u_soc/u_uart1/u_tx/clk_50mhz
    SLICE_X45Y51         FDCE                                         r  u_soc/u_uart1/u_tx/o_tx_busy_reg/C
                         clock pessimism             -0.590     2.764    
    SLICE_X45Y51         FDCE (Remov_fdce_C_CLR)     -0.154     2.610    u_soc/u_uart1/u_tx/o_tx_busy_reg
  -------------------------------------------------------------------
                         required time                         -2.610    
                         arrival time                           3.503    
  -------------------------------------------------------------------
                         slack                                  0.894    

Slack (MET) :             0.898ns  (arrival time - required time)
  Source:                 rst_n_sync_reg/C
                            (rising edge-triggered cell FDCE clocked by clk_50mhz  {rise@0.000ns fall@10.000ns period=20.000ns})
  Destination:            u_soc/u_uart1/u_tx/clk_cnt_r_reg[10]/CLR
                            (removal check against rising-edge clock clk_50mhz  {rise@0.000ns fall@10.000ns period=20.000ns})
  Path Group:             **async_default**
  Path Type:              Removal (Min at Fast Process Corner)
  Requirement:            0.000ns  (clk_50mhz rise@0.000ns - clk_50mhz rise@0.000ns)
  Data Path Delay:        0.940ns  (logic 0.183ns (19.461%)  route 0.757ns (80.539%))
  Logic Levels:           1  (LUT1=1)
  Clock Path Skew:        0.196ns (DCD - SCD - CPR)
    Destination Clock Delay (DCD):    3.354ns
    Source Clock Delay      (SCD):    2.567ns
    Clock Pessimism Removal (CPR):    0.590ns

    Location             Delay type                Incr(ns)  Path(ns)    Netlist Resource(s)
  -------------------------------------------------------------------    -------------------
                         (clock clk_50mhz rise edge)
                                                      0.000     0.000 r  
    E3                                                0.000     0.000 r  CLK100MHZ (IN)
                         net (fo=0)                   0.000     0.000    CLK100MHZ
    E3                   IBUF (Prop_ibuf_I_O)         0.250     0.250 r  CLK100MHZ_IBUF_inst/O
                         net (fo=1, routed)           0.644     0.894    CLK100MHZ_IBUF
    BUFGCTRL_X0Y16       BUFG (Prop_bufg_I_O)         0.026     0.920 r  CLK100MHZ_IBUF_BUFG_inst/O
                         net (fo=1, routed)           0.564     1.483    CLK100MHZ_IBUF_BUFG
    SLICE_X52Y96         FDRE (Prop_fdre_C_Q)         0.141     1.624 r  clk_50mhz_reg_reg/Q
                         net (fo=2, routed)           0.282     1.906    clk_50mhz_reg
    BUFGCTRL_X0Y0        BUFG (Prop_bufg_I_O)         0.026     1.932 r  bufg_clk/O
                         net (fo=5821, routed)        0.635     2.567    clk_50mhz
    SLICE_X32Y40         FDCE                                         r  rst_n_sync_reg/C
  -------------------------------------------------------------------    -------------------
    SLICE_X32Y40         FDCE (Prop_fdce_C_Q)         0.141     2.708 r  rst_n_sync_reg/Q
                         net (fo=4, routed)           0.301     3.009    u_soc/u_boot_rom/rst_n_sync
    SLICE_X32Y43         LUT1 (Prop_lut1_I0_O)        0.042     3.051 f  u_soc/u_boot_rom/rom_rdata_o[31]_i_3/O
                         net (fo=5673, routed)        0.456     3.507    u_soc/u_uart1/u_tx/o_tx_busy_reg_0
    SLICE_X44Y51         FDCE                                         f  u_soc/u_uart1/u_tx/clk_cnt_r_reg[10]/CLR
  -------------------------------------------------------------------    -------------------

                         (clock clk_50mhz rise edge)
                                                      0.000     0.000 r  
    E3                                                0.000     0.000 r  CLK100MHZ (IN)
                         net (fo=0)                   0.000     0.000    CLK100MHZ
    E3                   IBUF (Prop_ibuf_I_O)         0.438     0.438 r  CLK100MHZ_IBUF_inst/O
                         net (fo=1, routed)           0.699     1.136    CLK100MHZ_IBUF
    BUFGCTRL_X0Y16       BUFG (Prop_bufg_I_O)         0.029     1.165 r  CLK100MHZ_IBUF_BUFG_inst/O
                         net (fo=1, routed)           0.834     1.999    CLK100MHZ_IBUF_BUFG
    SLICE_X52Y96         FDRE (Prop_fdre_C_Q)         0.175     2.174 r  clk_50mhz_reg_reg/Q
                         net (fo=2, routed)           0.315     2.488    clk_50mhz_reg
    BUFGCTRL_X0Y0        BUFG (Prop_bufg_I_O)         0.029     2.517 r  bufg_clk/O
                         net (fo=5821, routed)        0.837     3.354    u_soc/u_uart1/u_tx/clk_50mhz
    SLICE_X44Y51         FDCE                                         r  u_soc/u_uart1/u_tx/clk_cnt_r_reg[10]/C
                         clock pessimism             -0.590     2.764    
    SLICE_X44Y51         FDCE (Remov_fdce_C_CLR)     -0.154     2.610    u_soc/u_uart1/u_tx/clk_cnt_r_reg[10]
  -------------------------------------------------------------------
                         required time                         -2.610    
                         arrival time                           3.507    
  -------------------------------------------------------------------
                         slack                                  0.898    

Slack (MET) :             0.898ns  (arrival time - required time)
  Source:                 rst_n_sync_reg/C
                            (rising edge-triggered cell FDCE clocked by clk_50mhz  {rise@0.000ns fall@10.000ns period=20.000ns})
  Destination:            u_soc/u_uart1/u_tx/clk_cnt_r_reg[11]/CLR
                            (removal check against rising-edge clock clk_50mhz  {rise@0.000ns fall@10.000ns period=20.000ns})
  Path Group:             **async_default**
  Path Type:              Removal (Min at Fast Process Corner)
  Requirement:            0.000ns  (clk_50mhz rise@0.000ns - clk_50mhz rise@0.000ns)
  Data Path Delay:        0.940ns  (logic 0.183ns (19.461%)  route 0.757ns (80.539%))
  Logic Levels:           1  (LUT1=1)
  Clock Path Skew:        0.196ns (DCD - SCD - CPR)
    Destination Clock Delay (DCD):    3.354ns
    Source Clock Delay      (SCD):    2.567ns
    Clock Pessimism Removal (CPR):    0.590ns

    Location             Delay type                Incr(ns)  Path(ns)    Netlist Resource(s)
  -------------------------------------------------------------------    -------------------
                         (clock clk_50mhz rise edge)
                                                      0.000     0.000 r  
    E3                                                0.000     0.000 r  CLK100MHZ (IN)
                         net (fo=0)                   0.000     0.000    CLK100MHZ
    E3                   IBUF (Prop_ibuf_I_O)         0.250     0.250 r  CLK100MHZ_IBUF_inst/O
                         net (fo=1, routed)           0.644     0.894    CLK100MHZ_IBUF
    BUFGCTRL_X0Y16       BUFG (Prop_bufg_I_O)         0.026     0.920 r  CLK100MHZ_IBUF_BUFG_inst/O
                         net (fo=1, routed)           0.564     1.483    CLK100MHZ_IBUF_BUFG
    SLICE_X52Y96         FDRE (Prop_fdre_C_Q)         0.141     1.624 r  clk_50mhz_reg_reg/Q
                         net (fo=2, routed)           0.282     1.906    clk_50mhz_reg
    BUFGCTRL_X0Y0        BUFG (Prop_bufg_I_O)         0.026     1.932 r  bufg_clk/O
                         net (fo=5821, routed)        0.635     2.567    clk_50mhz
    SLICE_X32Y40         FDCE                                         r  rst_n_sync_reg/C
  -------------------------------------------------------------------    -------------------
    SLICE_X32Y40         FDCE (Prop_fdce_C_Q)         0.141     2.708 r  rst_n_sync_reg/Q
                         net (fo=4, routed)           0.301     3.009    u_soc/u_boot_rom/rst_n_sync
    SLICE_X32Y43         LUT1 (Prop_lut1_I0_O)        0.042     3.051 f  u_soc/u_boot_rom/rom_rdata_o[31]_i_3/O
                         net (fo=5673, routed)        0.456     3.507    u_soc/u_uart1/u_tx/o_tx_busy_reg_0
    SLICE_X44Y51         FDCE                                         f  u_soc/u_uart1/u_tx/clk_cnt_r_reg[11]/CLR
  -------------------------------------------------------------------    -------------------

                         (clock clk_50mhz rise edge)
                                                      0.000     0.000 r  
    E3                                                0.000     0.000 r  CLK100MHZ (IN)
                         net (fo=0)                   0.000     0.000    CLK100MHZ
    E3                   IBUF (Prop_ibuf_I_O)         0.438     0.438 r  CLK100MHZ_IBUF_inst/O
                         net (fo=1, routed)           0.699     1.136    CLK100MHZ_IBUF
    BUFGCTRL_X0Y16       BUFG (Prop_bufg_I_O)         0.029     1.165 r  CLK100MHZ_IBUF_BUFG_inst/O
                         net (fo=1, routed)           0.834     1.999    CLK100MHZ_IBUF_BUFG
    SLICE_X52Y96         FDRE (Prop_fdre_C_Q)         0.175     2.174 r  clk_50mhz_reg_reg/Q
                         net (fo=2, routed)           0.315     2.488    clk_50mhz_reg
    BUFGCTRL_X0Y0        BUFG (Prop_bufg_I_O)         0.029     2.517 r  bufg_clk/O
                         net (fo=5821, routed)        0.837     3.354    u_soc/u_uart1/u_tx/clk_50mhz
    SLICE_X44Y51         FDCE                                         r  u_soc/u_uart1/u_tx/clk_cnt_r_reg[11]/C
                         clock pessimism             -0.590     2.764    
    SLICE_X44Y51         FDCE (Remov_fdce_C_CLR)     -0.154     2.610    u_soc/u_uart1/u_tx/clk_cnt_r_reg[11]
  -------------------------------------------------------------------
                         required time                         -2.610    
                         arrival time                           3.507    
  -------------------------------------------------------------------
                         slack                                  0.898    

Slack (MET) :             0.898ns  (arrival time - required time)
  Source:                 rst_n_sync_reg/C
                            (rising edge-triggered cell FDCE clocked by clk_50mhz  {rise@0.000ns fall@10.000ns period=20.000ns})
  Destination:            u_soc/u_uart1/u_tx/clk_cnt_r_reg[15]/CLR
                            (removal check against rising-edge clock clk_50mhz  {rise@0.000ns fall@10.000ns period=20.000ns})
  Path Group:             **async_default**
  Path Type:              Removal (Min at Fast Process Corner)
  Requirement:            0.000ns  (clk_50mhz rise@0.000ns - clk_50mhz rise@0.000ns)
  Data Path Delay:        0.940ns  (logic 0.183ns (19.461%)  route 0.757ns (80.539%))
  Logic Levels:           1  (LUT1=1)
  Clock Path Skew:        0.196ns (DCD - SCD - CPR)
    Destination Clock Delay (DCD):    3.354ns
    Source Clock Delay      (SCD):    2.567ns
    Clock Pessimism Removal (CPR):    0.590ns

    Location             Delay type                Incr(ns)  Path(ns)    Netlist Resource(s)
  -------------------------------------------------------------------    -------------------
                         (clock clk_50mhz rise edge)
                                                      0.000     0.000 r  
    E3                                                0.000     0.000 r  CLK100MHZ (IN)
                         net (fo=0)                   0.000     0.000    CLK100MHZ
    E3                   IBUF (Prop_ibuf_I_O)         0.250     0.250 r  CLK100MHZ_IBUF_inst/O
                         net (fo=1, routed)           0.644     0.894    CLK100MHZ_IBUF
    BUFGCTRL_X0Y16       BUFG (Prop_bufg_I_O)         0.026     0.920 r  CLK100MHZ_IBUF_BUFG_inst/O
                         net (fo=1, routed)           0.564     1.483    CLK100MHZ_IBUF_BUFG
    SLICE_X52Y96         FDRE (Prop_fdre_C_Q)         0.141     1.624 r  clk_50mhz_reg_reg/Q
                         net (fo=2, routed)           0.282     1.906    clk_50mhz_reg
    BUFGCTRL_X0Y0        BUFG (Prop_bufg_I_O)         0.026     1.932 r  bufg_clk/O
                         net (fo=5821, routed)        0.635     2.567    clk_50mhz
    SLICE_X32Y40         FDCE                                         r  rst_n_sync_reg/C
  -------------------------------------------------------------------    -------------------
    SLICE_X32Y40         FDCE (Prop_fdce_C_Q)         0.141     2.708 r  rst_n_sync_reg/Q
                         net (fo=4, routed)           0.301     3.009    u_soc/u_boot_rom/rst_n_sync
    SLICE_X32Y43         LUT1 (Prop_lut1_I0_O)        0.042     3.051 f  u_soc/u_boot_rom/rom_rdata_o[31]_i_3/O
                         net (fo=5673, routed)        0.456     3.507    u_soc/u_uart1/u_tx/o_tx_busy_reg_0
    SLICE_X44Y51         FDCE                                         f  u_soc/u_uart1/u_tx/clk_cnt_r_reg[15]/CLR
  -------------------------------------------------------------------    -------------------

                         (clock clk_50mhz rise edge)
                                                      0.000     0.000 r  
    E3                                                0.000     0.000 r  CLK100MHZ (IN)
                         net (fo=0)                   0.000     0.000    CLK100MHZ
    E3                   IBUF (Prop_ibuf_I_O)         0.438     0.438 r  CLK100MHZ_IBUF_inst/O
                         net (fo=1, routed)           0.699     1.136    CLK100MHZ_IBUF
    BUFGCTRL_X0Y16       BUFG (Prop_bufg_I_O)         0.029     1.165 r  CLK100MHZ_IBUF_BUFG_inst/O
                         net (fo=1, routed)           0.834     1.999    CLK100MHZ_IBUF_BUFG
    SLICE_X52Y96         FDRE (Prop_fdre_C_Q)         0.175     2.174 r  clk_50mhz_reg_reg/Q
                         net (fo=2, routed)           0.315     2.488    clk_50mhz_reg
    BUFGCTRL_X0Y0        BUFG (Prop_bufg_I_O)         0.029     2.517 r  bufg_clk/O
                         net (fo=5821, routed)        0.837     3.354    u_soc/u_uart1/u_tx/clk_50mhz
    SLICE_X44Y51         FDCE                                         r  u_soc/u_uart1/u_tx/clk_cnt_r_reg[15]/C
                         clock pessimism             -0.590     2.764    
    SLICE_X44Y51         FDCE (Remov_fdce_C_CLR)     -0.154     2.610    u_soc/u_uart1/u_tx/clk_cnt_r_reg[15]
  -------------------------------------------------------------------
                         required time                         -2.610    
                         arrival time                           3.507    
  -------------------------------------------------------------------
                         slack                                  0.898    

Slack (MET) :             0.898ns  (arrival time - required time)
  Source:                 rst_n_sync_reg/C
                            (rising edge-triggered cell FDCE clocked by clk_50mhz  {rise@0.000ns fall@10.000ns period=20.000ns})
  Destination:            u_soc/u_uart1/u_tx/clk_cnt_r_reg[9]/CLR
                            (removal check against rising-edge clock clk_50mhz  {rise@0.000ns fall@10.000ns period=20.000ns})
  Path Group:             **async_default**
  Path Type:              Removal (Min at Fast Process Corner)
  Requirement:            0.000ns  (clk_50mhz rise@0.000ns - clk_50mhz rise@0.000ns)
  Data Path Delay:        0.940ns  (logic 0.183ns (19.461%)  route 0.757ns (80.539%))
  Logic Levels:           1  (LUT1=1)
  Clock Path Skew:        0.196ns (DCD - SCD - CPR)
    Destination Clock Delay (DCD):    3.354ns
    Source Clock Delay      (SCD):    2.567ns
    Clock Pessimism Removal (CPR):    0.590ns

    Location             Delay type                Incr(ns)  Path(ns)    Netlist Resource(s)
  -------------------------------------------------------------------    -------------------
                         (clock clk_50mhz rise edge)
                                                      0.000     0.000 r  
    E3                                                0.000     0.000 r  CLK100MHZ (IN)
                         net (fo=0)                   0.000     0.000    CLK100MHZ
    E3                   IBUF (Prop_ibuf_I_O)         0.250     0.250 r  CLK100MHZ_IBUF_inst/O
                         net (fo=1, routed)           0.644     0.894    CLK100MHZ_IBUF
    BUFGCTRL_X0Y16       BUFG (Prop_bufg_I_O)         0.026     0.920 r  CLK100MHZ_IBUF_BUFG_inst/O
                         net (fo=1, routed)           0.564     1.483    CLK100MHZ_IBUF_BUFG
    SLICE_X52Y96         FDRE (Prop_fdre_C_Q)         0.141     1.624 r  clk_50mhz_reg_reg/Q
                         net (fo=2, routed)           0.282     1.906    clk_50mhz_reg
    BUFGCTRL_X0Y0        BUFG (Prop_bufg_I_O)         0.026     1.932 r  bufg_clk/O
                         net (fo=5821, routed)        0.635     2.567    clk_50mhz
    SLICE_X32Y40         FDCE                                         r  rst_n_sync_reg/C
  -------------------------------------------------------------------    -------------------
    SLICE_X32Y40         FDCE (Prop_fdce_C_Q)         0.141     2.708 r  rst_n_sync_reg/Q
                         net (fo=4, routed)           0.301     3.009    u_soc/u_boot_rom/rst_n_sync
    SLICE_X32Y43         LUT1 (Prop_lut1_I0_O)        0.042     3.051 f  u_soc/u_boot_rom/rom_rdata_o[31]_i_3/O
                         net (fo=5673, routed)        0.456     3.507    u_soc/u_uart1/u_tx/o_tx_busy_reg_0
    SLICE_X44Y51         FDCE                                         f  u_soc/u_uart1/u_tx/clk_cnt_r_reg[9]/CLR
  -------------------------------------------------------------------    -------------------

                         (clock clk_50mhz rise edge)
                                                      0.000     0.000 r  
    E3                                                0.000     0.000 r  CLK100MHZ (IN)
                         net (fo=0)                   0.000     0.000    CLK100MHZ
    E3                   IBUF (Prop_ibuf_I_O)         0.438     0.438 r  CLK100MHZ_IBUF_inst/O
                         net (fo=1, routed)           0.699     1.136    CLK100MHZ_IBUF
    BUFGCTRL_X0Y16       BUFG (Prop_bufg_I_O)         0.029     1.165 r  CLK100MHZ_IBUF_BUFG_inst/O
                         net (fo=1, routed)           0.834     1.999    CLK100MHZ_IBUF_BUFG
    SLICE_X52Y96         FDRE (Prop_fdre_C_Q)         0.175     2.174 r  clk_50mhz_reg_reg/Q
                         net (fo=2, routed)           0.315     2.488    clk_50mhz_reg
    BUFGCTRL_X0Y0        BUFG (Prop_bufg_I_O)         0.029     2.517 r  bufg_clk/O
                         net (fo=5821, routed)        0.837     3.354    u_soc/u_uart1/u_tx/clk_50mhz
    SLICE_X44Y51         FDCE                                         r  u_soc/u_uart1/u_tx/clk_cnt_r_reg[9]/C
                         clock pessimism             -0.590     2.764    
    SLICE_X44Y51         FDCE (Remov_fdce_C_CLR)     -0.154     2.610    u_soc/u_uart1/u_tx/clk_cnt_r_reg[9]
  -------------------------------------------------------------------
                         required time                         -2.610    
                         arrival time                           3.507    
  -------------------------------------------------------------------
                         slack                                  0.898    

Slack (MET) :             0.898ns  (arrival time - required time)
  Source:                 rst_n_sync_reg/C
                            (rising edge-triggered cell FDCE clocked by clk_50mhz  {rise@0.000ns fall@10.000ns period=20.000ns})
  Destination:            u_soc/u_uart2/u_rx_fifo/rd_ptr_r_reg[0]/CLR
                            (removal check against rising-edge clock clk_50mhz  {rise@0.000ns fall@10.000ns period=20.000ns})
  Path Group:             **async_default**
  Path Type:              Removal (Min at Fast Process Corner)
  Requirement:            0.000ns  (clk_50mhz rise@0.000ns - clk_50mhz rise@0.000ns)
  Data Path Delay:        0.845ns  (logic 0.186ns (22.010%)  route 0.659ns (77.989%))
  Logic Levels:           1  (LUT2=1)
  Clock Path Skew:        0.039ns (DCD - SCD - CPR)
    Destination Clock Delay (DCD):    3.429ns
    Source Clock Delay      (SCD):    2.567ns
    Clock Pessimism Removal (CPR):    0.823ns

    Location             Delay type                Incr(ns)  Path(ns)    Netlist Resource(s)
  -------------------------------------------------------------------    -------------------
                         (clock clk_50mhz rise edge)
                                                      0.000     0.000 r  
    E3                                                0.000     0.000 r  CLK100MHZ (IN)
                         net (fo=0)                   0.000     0.000    CLK100MHZ
    E3                   IBUF (Prop_ibuf_I_O)         0.250     0.250 r  CLK100MHZ_IBUF_inst/O
                         net (fo=1, routed)           0.644     0.894    CLK100MHZ_IBUF
    BUFGCTRL_X0Y16       BUFG (Prop_bufg_I_O)         0.026     0.920 r  CLK100MHZ_IBUF_BUFG_inst/O
                         net (fo=1, routed)           0.564     1.483    CLK100MHZ_IBUF_BUFG
    SLICE_X52Y96         FDRE (Prop_fdre_C_Q)         0.141     1.624 r  clk_50mhz_reg_reg/Q
                         net (fo=2, routed)           0.282     1.906    clk_50mhz_reg
    BUFGCTRL_X0Y0        BUFG (Prop_bufg_I_O)         0.026     1.932 r  bufg_clk/O
                         net (fo=5821, routed)        0.635     2.567    clk_50mhz
    SLICE_X32Y40         FDCE                                         r  rst_n_sync_reg/C
  -------------------------------------------------------------------    -------------------
    SLICE_X32Y40         FDCE (Prop_fdce_C_Q)         0.141     2.708 r  rst_n_sync_reg/Q
                         net (fo=4, routed)           0.301     3.009    u_soc/u_uart2/u_rx_fifo/rst_n_sync
    SLICE_X32Y43         LUT2 (Prop_lut2_I1_O)        0.045     3.054 f  u_soc/u_uart2/u_rx_fifo/full_r_i_2/O
                         net (fo=20, routed)          0.358     3.412    u_soc/u_uart2/u_rx_fifo/full_r_i_2_n_0
    SLICE_X16Y39         FDCE                                         f  u_soc/u_uart2/u_rx_fifo/rd_ptr_r_reg[0]/CLR
  -------------------------------------------------------------------    -------------------

                         (clock clk_50mhz rise edge)
                                                      0.000     0.000 r  
    E3                                                0.000     0.000 r  CLK100MHZ (IN)
                         net (fo=0)                   0.000     0.000    CLK100MHZ
    E3                   IBUF (Prop_ibuf_I_O)         0.438     0.438 r  CLK100MHZ_IBUF_inst/O
                         net (fo=1, routed)           0.699     1.136    CLK100MHZ_IBUF
    BUFGCTRL_X0Y16       BUFG (Prop_bufg_I_O)         0.029     1.165 r  CLK100MHZ_IBUF_BUFG_inst/O
                         net (fo=1, routed)           0.834     1.999    CLK100MHZ_IBUF_BUFG
    SLICE_X52Y96         FDRE (Prop_fdre_C_Q)         0.175     2.174 r  clk_50mhz_reg_reg/Q
                         net (fo=2, routed)           0.315     2.488    clk_50mhz_reg
    BUFGCTRL_X0Y0        BUFG (Prop_bufg_I_O)         0.029     2.517 r  bufg_clk/O
                         net (fo=5821, routed)        0.912     3.429    u_soc/u_uart2/u_rx_fifo/clk_50mhz
    SLICE_X16Y39         FDCE                                         r  u_soc/u_uart2/u_rx_fifo/rd_ptr_r_reg[0]/C
                         clock pessimism             -0.823     2.606    
    SLICE_X16Y39         FDCE (Remov_fdce_C_CLR)     -0.092     2.514    u_soc/u_uart2/u_rx_fifo/rd_ptr_r_reg[0]
  -------------------------------------------------------------------
                         required time                         -2.514    
                         arrival time                           3.412    
  -------------------------------------------------------------------
                         slack                                  0.898    

Slack (MET) :             0.898ns  (arrival time - required time)
  Source:                 rst_n_sync_reg/C
                            (rising edge-triggered cell FDCE clocked by clk_50mhz  {rise@0.000ns fall@10.000ns period=20.000ns})
  Destination:            u_soc/u_uart2/u_rx_fifo/rd_ptr_r_reg[1]/CLR
                            (removal check against rising-edge clock clk_50mhz  {rise@0.000ns fall@10.000ns period=20.000ns})
  Path Group:             **async_default**
  Path Type:              Removal (Min at Fast Process Corner)
  Requirement:            0.000ns  (clk_50mhz rise@0.000ns - clk_50mhz rise@0.000ns)
  Data Path Delay:        0.845ns  (logic 0.186ns (22.010%)  route 0.659ns (77.989%))
  Logic Levels:           1  (LUT2=1)
  Clock Path Skew:        0.039ns (DCD - SCD - CPR)
    Destination Clock Delay (DCD):    3.429ns
    Source Clock Delay      (SCD):    2.567ns
    Clock Pessimism Removal (CPR):    0.823ns

    Location             Delay type                Incr(ns)  Path(ns)    Netlist Resource(s)
  -------------------------------------------------------------------    -------------------
                         (clock clk_50mhz rise edge)
                                                      0.000     0.000 r  
    E3                                                0.000     0.000 r  CLK100MHZ (IN)
                         net (fo=0)                   0.000     0.000    CLK100MHZ
    E3                   IBUF (Prop_ibuf_I_O)         0.250     0.250 r  CLK100MHZ_IBUF_inst/O
                         net (fo=1, routed)           0.644     0.894    CLK100MHZ_IBUF
    BUFGCTRL_X0Y16       BUFG (Prop_bufg_I_O)         0.026     0.920 r  CLK100MHZ_IBUF_BUFG_inst/O
                         net (fo=1, routed)           0.564     1.483    CLK100MHZ_IBUF_BUFG
    SLICE_X52Y96         FDRE (Prop_fdre_C_Q)         0.141     1.624 r  clk_50mhz_reg_reg/Q
                         net (fo=2, routed)           0.282     1.906    clk_50mhz_reg
    BUFGCTRL_X0Y0        BUFG (Prop_bufg_I_O)         0.026     1.932 r  bufg_clk/O
                         net (fo=5821, routed)        0.635     2.567    clk_50mhz
    SLICE_X32Y40         FDCE                                         r  rst_n_sync_reg/C
  -------------------------------------------------------------------    -------------------
    SLICE_X32Y40         FDCE (Prop_fdce_C_Q)         0.141     2.708 r  rst_n_sync_reg/Q
                         net (fo=4, routed)           0.301     3.009    u_soc/u_uart2/u_rx_fifo/rst_n_sync
    SLICE_X32Y43         LUT2 (Prop_lut2_I1_O)        0.045     3.054 f  u_soc/u_uart2/u_rx_fifo/full_r_i_2/O
                         net (fo=20, routed)          0.358     3.412    u_soc/u_uart2/u_rx_fifo/full_r_i_2_n_0
    SLICE_X16Y39         FDCE                                         f  u_soc/u_uart2/u_rx_fifo/rd_ptr_r_reg[1]/CLR
  -------------------------------------------------------------------    -------------------

                         (clock clk_50mhz rise edge)
                                                      0.000     0.000 r  
    E3                                                0.000     0.000 r  CLK100MHZ (IN)
                         net (fo=0)                   0.000     0.000    CLK100MHZ
    E3                   IBUF (Prop_ibuf_I_O)         0.438     0.438 r  CLK100MHZ_IBUF_inst/O
                         net (fo=1, routed)           0.699     1.136    CLK100MHZ_IBUF
    BUFGCTRL_X0Y16       BUFG (Prop_bufg_I_O)         0.029     1.165 r  CLK100MHZ_IBUF_BUFG_inst/O
                         net (fo=1, routed)           0.834     1.999    CLK100MHZ_IBUF_BUFG
    SLICE_X52Y96         FDRE (Prop_fdre_C_Q)         0.175     2.174 r  clk_50mhz_reg_reg/Q
                         net (fo=2, routed)           0.315     2.488    clk_50mhz_reg
    BUFGCTRL_X0Y0        BUFG (Prop_bufg_I_O)         0.029     2.517 r  bufg_clk/O
                         net (fo=5821, routed)        0.912     3.429    u_soc/u_uart2/u_rx_fifo/clk_50mhz
    SLICE_X16Y39         FDCE                                         r  u_soc/u_uart2/u_rx_fifo/rd_ptr_r_reg[1]/C
                         clock pessimism             -0.823     2.606    
    SLICE_X16Y39         FDCE (Remov_fdce_C_CLR)     -0.092     2.514    u_soc/u_uart2/u_rx_fifo/rd_ptr_r_reg[1]
  -------------------------------------------------------------------
                         required time                         -2.514    
                         arrival time                           3.412    
  -------------------------------------------------------------------
                         slack                                  0.898    

Slack (MET) :             0.898ns  (arrival time - required time)
  Source:                 rst_n_sync_reg/C
                            (rising edge-triggered cell FDCE clocked by clk_50mhz  {rise@0.000ns fall@10.000ns period=20.000ns})
  Destination:            u_soc/u_uart2/u_rx_fifo/rd_ptr_r_reg[3]/CLR
                            (removal check against rising-edge clock clk_50mhz  {rise@0.000ns fall@10.000ns period=20.000ns})
  Path Group:             **async_default**
  Path Type:              Removal (Min at Fast Process Corner)
  Requirement:            0.000ns  (clk_50mhz rise@0.000ns - clk_50mhz rise@0.000ns)
  Data Path Delay:        0.845ns  (logic 0.186ns (22.010%)  route 0.659ns (77.989%))
  Logic Levels:           1  (LUT2=1)
  Clock Path Skew:        0.039ns (DCD - SCD - CPR)
    Destination Clock Delay (DCD):    3.429ns
    Source Clock Delay      (SCD):    2.567ns
    Clock Pessimism Removal (CPR):    0.823ns

    Location             Delay type                Incr(ns)  Path(ns)    Netlist Resource(s)
  -------------------------------------------------------------------    -------------------
                         (clock clk_50mhz rise edge)
                                                      0.000     0.000 r  
    E3                                                0.000     0.000 r  CLK100MHZ (IN)
                         net (fo=0)                   0.000     0.000    CLK100MHZ
    E3                   IBUF (Prop_ibuf_I_O)         0.250     0.250 r  CLK100MHZ_IBUF_inst/O
                         net (fo=1, routed)           0.644     0.894    CLK100MHZ_IBUF
    BUFGCTRL_X0Y16       BUFG (Prop_bufg_I_O)         0.026     0.920 r  CLK100MHZ_IBUF_BUFG_inst/O
                         net (fo=1, routed)           0.564     1.483    CLK100MHZ_IBUF_BUFG
    SLICE_X52Y96         FDRE (Prop_fdre_C_Q)         0.141     1.624 r  clk_50mhz_reg_reg/Q
                         net (fo=2, routed)           0.282     1.906    clk_50mhz_reg
    BUFGCTRL_X0Y0        BUFG (Prop_bufg_I_O)         0.026     1.932 r  bufg_clk/O
                         net (fo=5821, routed)        0.635     2.567    clk_50mhz
    SLICE_X32Y40         FDCE                                         r  rst_n_sync_reg/C
  -------------------------------------------------------------------    -------------------
    SLICE_X32Y40         FDCE (Prop_fdce_C_Q)         0.141     2.708 r  rst_n_sync_reg/Q
                         net (fo=4, routed)           0.301     3.009    u_soc/u_uart2/u_rx_fifo/rst_n_sync
    SLICE_X32Y43         LUT2 (Prop_lut2_I1_O)        0.045     3.054 f  u_soc/u_uart2/u_rx_fifo/full_r_i_2/O
                         net (fo=20, routed)          0.358     3.412    u_soc/u_uart2/u_rx_fifo/full_r_i_2_n_0
    SLICE_X16Y39         FDCE                                         f  u_soc/u_uart2/u_rx_fifo/rd_ptr_r_reg[3]/CLR
  -------------------------------------------------------------------    -------------------

                         (clock clk_50mhz rise edge)
                                                      0.000     0.000 r  
    E3                                                0.000     0.000 r  CLK100MHZ (IN)
                         net (fo=0)                   0.000     0.000    CLK100MHZ
    E3                   IBUF (Prop_ibuf_I_O)         0.438     0.438 r  CLK100MHZ_IBUF_inst/O
                         net (fo=1, routed)           0.699     1.136    CLK100MHZ_IBUF
    BUFGCTRL_X0Y16       BUFG (Prop_bufg_I_O)         0.029     1.165 r  CLK100MHZ_IBUF_BUFG_inst/O
                         net (fo=1, routed)           0.834     1.999    CLK100MHZ_IBUF_BUFG
    SLICE_X52Y96         FDRE (Prop_fdre_C_Q)         0.175     2.174 r  clk_50mhz_reg_reg/Q
                         net (fo=2, routed)           0.315     2.488    clk_50mhz_reg
    BUFGCTRL_X0Y0        BUFG (Prop_bufg_I_O)         0.029     2.517 r  bufg_clk/O
                         net (fo=5821, routed)        0.912     3.429    u_soc/u_uart2/u_rx_fifo/clk_50mhz
    SLICE_X16Y39         FDCE                                         r  u_soc/u_uart2/u_rx_fifo/rd_ptr_r_reg[3]/C
                         clock pessimism             -0.823     2.606    
    SLICE_X16Y39         FDCE (Remov_fdce_C_CLR)     -0.092     2.514    u_soc/u_uart2/u_rx_fifo/rd_ptr_r_reg[3]
  -------------------------------------------------------------------
                         required time                         -2.514    
                         arrival time                           3.412    
  -------------------------------------------------------------------
                         slack                                  0.898    





--------------------------------------------------------------------------------------
Path Group:  (none)
From Clock:  jtag_tck_clk
  To Clock:  clk_50mhz

Max Delay           140 Endpoints
Min Delay           140 Endpoints
--------------------------------------------------------------------------------------


Max Delay Paths
--------------------------------------------------------------------------------------
Slack:                    inf
  Source:                 u_soc/u_jtag/jtag_ir_latched_reg[3]/C
                            (rising edge-triggered cell FDRE clocked by jtag_tck_clk  {rise@0.000ns fall@50.000ns period=100.000ns})
  Destination:            u_soc/u_jtag/FSM_onehot_bus_state_reg[3]/CE
                            (rising edge-triggered cell FDCE clocked by clk_50mhz  {rise@0.000ns fall@10.000ns period=20.000ns})
  Path Group:             (none)
  Path Type:              Setup (Max at Slow Process Corner)
  Data Path Delay:        5.097ns  (logic 0.952ns (18.676%)  route 4.145ns (81.324%))
  Logic Levels:           4  (LUT3=1 LUT6=3)
  Clock Path Skew:        2.095ns (DCD - SCD + CPR)
    Destination Clock Delay (DCD):    7.544ns
    Source Clock Delay      (SCD):    5.448ns
    Clock Pessimism Removal (CPR):    0.000ns
  Clock Uncertainty:      0.035ns  ((TSJ^2 + TIJ^2)^1/2 + DJ) / 2 + PE
    Total System Jitter     (TSJ):    0.071ns
    Total Input Jitter      (TIJ):    0.000ns
    Discrete Jitter          (DJ):    0.000ns
    Phase Error              (PE):    0.000ns
  Timing Exception:       Asynchronous Clock Groups

    Location             Delay type                Incr(ns)  Path(ns)    Netlist Resource(s)
  -------------------------------------------------------------------    -------------------
                         (clock jtag_tck_clk rise edge)
                                                      0.000     0.000 r  
    K1                                                0.000     0.000 r  JTAG_TCK (IN)
                         net (fo=0)                   0.000     0.000    JTAG_TCK
    K1                   IBUF (Prop_ibuf_I_O)         1.461     1.461 r  JTAG_TCK_IBUF_inst/O
                         net (fo=1, routed)           2.268     3.729    JTAG_TCK_IBUF
    BUFGCTRL_X0Y1        BUFG (Prop_bufg_I_O)         0.096     3.825 r  JTAG_TCK_IBUF_BUFG_inst/O
                         net (fo=154, routed)         1.623     5.448    u_soc/u_jtag/JTAG_TCK_IBUF_BUFG
    SLICE_X67Y66         FDRE                                         r  u_soc/u_jtag/jtag_ir_latched_reg[3]/C
  -------------------------------------------------------------------    -------------------
    SLICE_X67Y66         FDRE (Prop_fdre_C_Q)         0.456     5.904 f  u_soc/u_jtag/jtag_ir_latched_reg[3]/Q
                         net (fo=4, routed)           0.971     6.876    u_soc/u_jtag/jtag_ir_latched_reg_n_0_[3]
    SLICE_X66Y63         LUT6 (Prop_lut6_I3_O)        0.124     7.000 r  u_soc/u_jtag/bus_addr[31]_i_3/O
                         net (fo=1, routed)           0.452     7.452    u_soc/u_jtag/bus_addr[31]_i_3_n_0
    SLICE_X66Y63         LUT3 (Prop_lut3_I1_O)        0.124     7.576 r  u_soc/u_jtag/bus_addr[31]_i_1/O
                         net (fo=35, routed)          1.342     8.917    u_soc/u_interconnect/bus_addr[0]
    SLICE_X58Y57         LUT6 (Prop_lut6_I5_O)        0.124     9.041 r  u_soc/u_interconnect/FSM_onehot_bus_state[5]_i_4/O
                         net (fo=1, routed)           0.590     9.631    u_soc/u_interconnect/FSM_onehot_bus_state[5]_i_4_n_0
    SLICE_X58Y56         LUT6 (Prop_lut6_I1_O)        0.124     9.755 r  u_soc/u_interconnect/FSM_onehot_bus_state[5]_i_1/O
                         net (fo=6, routed)           0.790    10.546    u_soc/u_jtag/FSM_onehot_bus_state_reg[5]_2[0]
    SLICE_X65Y62         FDCE                                         r  u_soc/u_jtag/FSM_onehot_bus_state_reg[3]/CE
  -------------------------------------------------------------------    -------------------

                         (clock clk_50mhz rise edge)
                                                      0.000     0.000 r  
    E3                                                0.000     0.000 r  CLK100MHZ (IN)
                         net (fo=0)                   0.000     0.000    CLK100MHZ
    E3                   IBUF (Prop_ibuf_I_O)         1.411     1.411 r  CLK100MHZ_IBUF_inst/O
                         net (fo=1, routed)           1.920     3.331    CLK100MHZ_IBUF
    BUFGCTRL_X0Y16       BUFG (Prop_bufg_I_O)         0.091     3.422 r  CLK100MHZ_IBUF_BUFG_inst/O
                         net (fo=1, routed)           1.504     4.927    CLK100MHZ_IBUF_BUFG
    SLICE_X52Y96         FDRE (Prop_fdre_C_Q)         0.367     5.294 r  clk_50mhz_reg_reg/Q
                         net (fo=2, routed)           0.654     5.947    clk_50mhz_reg
    BUFGCTRL_X0Y0        BUFG (Prop_bufg_I_O)         0.091     6.038 r  bufg_clk/O
                         net (fo=5821, routed)        1.505     7.544    u_soc/u_jtag/clk_50mhz
    SLICE_X65Y62         FDCE                                         r  u_soc/u_jtag/FSM_onehot_bus_state_reg[3]/C

Slack:                    inf
  Source:                 u_soc/u_jtag/jtag_ir_latched_reg[3]/C
                            (rising edge-triggered cell FDRE clocked by jtag_tck_clk  {rise@0.000ns fall@50.000ns period=100.000ns})
  Destination:            u_soc/u_jtag/FSM_onehot_bus_state_reg[2]/CE
                            (rising edge-triggered cell FDCE clocked by clk_50mhz  {rise@0.000ns fall@10.000ns period=20.000ns})
  Path Group:             (none)
  Path Type:              Setup (Max at Slow Process Corner)
  Data Path Delay:        4.962ns  (logic 0.952ns (19.187%)  route 4.010ns (80.813%))
  Logic Levels:           4  (LUT3=1 LUT6=3)
  Clock Path Skew:        2.091ns (DCD - SCD + CPR)
    Destination Clock Delay (DCD):    7.540ns
    Source Clock Delay      (SCD):    5.448ns
    Clock Pessimism Removal (CPR):    0.000ns
  Clock Uncertainty:      0.035ns  ((TSJ^2 + TIJ^2)^1/2 + DJ) / 2 + PE
    Total System Jitter     (TSJ):    0.071ns
    Total Input Jitter      (TIJ):    0.000ns
    Discrete Jitter          (DJ):    0.000ns
    Phase Error              (PE):    0.000ns
  Timing Exception:       Asynchronous Clock Groups

    Location             Delay type                Incr(ns)  Path(ns)    Netlist Resource(s)
  -------------------------------------------------------------------    -------------------
                         (clock jtag_tck_clk rise edge)
                                                      0.000     0.000 r  
    K1                                                0.000     0.000 r  JTAG_TCK (IN)
                         net (fo=0)                   0.000     0.000    JTAG_TCK
    K1                   IBUF (Prop_ibuf_I_O)         1.461     1.461 r  JTAG_TCK_IBUF_inst/O
                         net (fo=1, routed)           2.268     3.729    JTAG_TCK_IBUF
    BUFGCTRL_X0Y1        BUFG (Prop_bufg_I_O)         0.096     3.825 r  JTAG_TCK_IBUF_BUFG_inst/O
                         net (fo=154, routed)         1.623     5.448    u_soc/u_jtag/JTAG_TCK_IBUF_BUFG
    SLICE_X67Y66         FDRE                                         r  u_soc/u_jtag/jtag_ir_latched_reg[3]/C
  -------------------------------------------------------------------    -------------------
    SLICE_X67Y66         FDRE (Prop_fdre_C_Q)         0.456     5.904 f  u_soc/u_jtag/jtag_ir_latched_reg[3]/Q
                         net (fo=4, routed)           0.971     6.876    u_soc/u_jtag/jtag_ir_latched_reg_n_0_[3]
    SLICE_X66Y63         LUT6 (Prop_lut6_I3_O)        0.124     7.000 r  u_soc/u_jtag/bus_addr[31]_i_3/O
                         net (fo=1, routed)           0.452     7.452    u_soc/u_jtag/bus_addr[31]_i_3_n_0
    SLICE_X66Y63         LUT3 (Prop_lut3_I1_O)        0.124     7.576 r  u_soc/u_jtag/bus_addr[31]_i_1/O
                         net (fo=35, routed)          1.342     8.917    u_soc/u_interconnect/bus_addr[0]
    SLICE_X58Y57         LUT6 (Prop_lut6_I5_O)        0.124     9.041 r  u_soc/u_interconnect/FSM_onehot_bus_state[5]_i_4/O
                         net (fo=1, routed)           0.590     9.631    u_soc/u_interconnect/FSM_onehot_bus_state[5]_i_4_n_0
    SLICE_X58Y56         LUT6 (Prop_lut6_I1_O)        0.124     9.755 r  u_soc/u_interconnect/FSM_onehot_bus_state[5]_i_1/O
                         net (fo=6, routed)           0.655    10.410    u_soc/u_jtag/FSM_onehot_bus_state_reg[5]_2[0]
    SLICE_X56Y57         FDCE                                         r  u_soc/u_jtag/FSM_onehot_bus_state_reg[2]/CE
  -------------------------------------------------------------------    -------------------

                         (clock clk_50mhz rise edge)
                                                      0.000     0.000 r  
    E3                                                0.000     0.000 r  CLK100MHZ (IN)
                         net (fo=0)                   0.000     0.000    CLK100MHZ
    E3                   IBUF (Prop_ibuf_I_O)         1.411     1.411 r  CLK100MHZ_IBUF_inst/O
                         net (fo=1, routed)           1.920     3.331    CLK100MHZ_IBUF
    BUFGCTRL_X0Y16       BUFG (Prop_bufg_I_O)         0.091     3.422 r  CLK100MHZ_IBUF_BUFG_inst/O
                         net (fo=1, routed)           1.504     4.927    CLK100MHZ_IBUF_BUFG
    SLICE_X52Y96         FDRE (Prop_fdre_C_Q)         0.367     5.294 r  clk_50mhz_reg_reg/Q
                         net (fo=2, routed)           0.654     5.947    clk_50mhz_reg
    BUFGCTRL_X0Y0        BUFG (Prop_bufg_I_O)         0.091     6.038 r  bufg_clk/O
                         net (fo=5821, routed)        1.501     7.540    u_soc/u_jtag/clk_50mhz
    SLICE_X56Y57         FDCE                                         r  u_soc/u_jtag/FSM_onehot_bus_state_reg[2]/C

Slack:                    inf
  Source:                 u_soc/u_jtag/jtag_ir_latched_reg[3]/C
                            (rising edge-triggered cell FDRE clocked by jtag_tck_clk  {rise@0.000ns fall@50.000ns period=100.000ns})
  Destination:            u_soc/u_jtag/FSM_onehot_bus_state_reg[0]/CE
                            (rising edge-triggered cell FDPE clocked by clk_50mhz  {rise@0.000ns fall@10.000ns period=20.000ns})
  Path Group:             (none)
  Path Type:              Setup (Max at Slow Process Corner)
  Data Path Delay:        4.860ns  (logic 0.952ns (19.588%)  route 3.908ns (80.412%))
  Logic Levels:           4  (LUT3=1 LUT6=3)
  Clock Path Skew:        2.096ns (DCD - SCD + CPR)
    Destination Clock Delay (DCD):    7.545ns
    Source Clock Delay      (SCD):    5.448ns
    Clock Pessimism Removal (CPR):    0.000ns
  Clock Uncertainty:      0.035ns  ((TSJ^2 + TIJ^2)^1/2 + DJ) / 2 + PE
    Total System Jitter     (TSJ):    0.071ns
    Total Input Jitter      (TIJ):    0.000ns
    Discrete Jitter          (DJ):    0.000ns
    Phase Error              (PE):    0.000ns
  Timing Exception:       Asynchronous Clock Groups

    Location             Delay type                Incr(ns)  Path(ns)    Netlist Resource(s)
  -------------------------------------------------------------------    -------------------
                         (clock jtag_tck_clk rise edge)
                                                      0.000     0.000 r  
    K1                                                0.000     0.000 r  JTAG_TCK (IN)
                         net (fo=0)                   0.000     0.000    JTAG_TCK
    K1                   IBUF (Prop_ibuf_I_O)         1.461     1.461 r  JTAG_TCK_IBUF_inst/O
                         net (fo=1, routed)           2.268     3.729    JTAG_TCK_IBUF
    BUFGCTRL_X0Y1        BUFG (Prop_bufg_I_O)         0.096     3.825 r  JTAG_TCK_IBUF_BUFG_inst/O
                         net (fo=154, routed)         1.623     5.448    u_soc/u_jtag/JTAG_TCK_IBUF_BUFG
    SLICE_X67Y66         FDRE                                         r  u_soc/u_jtag/jtag_ir_latched_reg[3]/C
  -------------------------------------------------------------------    -------------------
    SLICE_X67Y66         FDRE (Prop_fdre_C_Q)         0.456     5.904 f  u_soc/u_jtag/jtag_ir_latched_reg[3]/Q
                         net (fo=4, routed)           0.971     6.876    u_soc/u_jtag/jtag_ir_latched_reg_n_0_[3]
    SLICE_X66Y63         LUT6 (Prop_lut6_I3_O)        0.124     7.000 r  u_soc/u_jtag/bus_addr[31]_i_3/O
                         net (fo=1, routed)           0.452     7.452    u_soc/u_jtag/bus_addr[31]_i_3_n_0
    SLICE_X66Y63         LUT3 (Prop_lut3_I1_O)        0.124     7.576 r  u_soc/u_jtag/bus_addr[31]_i_1/O
                         net (fo=35, routed)          1.342     8.917    u_soc/u_interconnect/bus_addr[0]
    SLICE_X58Y57         LUT6 (Prop_lut6_I5_O)        0.124     9.041 r  u_soc/u_interconnect/FSM_onehot_bus_state[5]_i_4/O
                         net (fo=1, routed)           0.590     9.631    u_soc/u_interconnect/FSM_onehot_bus_state[5]_i_4_n_0
    SLICE_X58Y56         LUT6 (Prop_lut6_I1_O)        0.124     9.755 r  u_soc/u_interconnect/FSM_onehot_bus_state[5]_i_1/O
                         net (fo=6, routed)           0.553    10.308    u_soc/u_jtag/FSM_onehot_bus_state_reg[5]_2[0]
    SLICE_X58Y56         FDPE                                         r  u_soc/u_jtag/FSM_onehot_bus_state_reg[0]/CE
  -------------------------------------------------------------------    -------------------

                         (clock clk_50mhz rise edge)
                                                      0.000     0.000 r  
    E3                                                0.000     0.000 r  CLK100MHZ (IN)
                         net (fo=0)                   0.000     0.000    CLK100MHZ
    E3                   IBUF (Prop_ibuf_I_O)         1.411     1.411 r  CLK100MHZ_IBUF_inst/O
                         net (fo=1, routed)           1.920     3.331    CLK100MHZ_IBUF
    BUFGCTRL_X0Y16       BUFG (Prop_bufg_I_O)         0.091     3.422 r  CLK100MHZ_IBUF_BUFG_inst/O
                         net (fo=1, routed)           1.504     4.927    CLK100MHZ_IBUF_BUFG
    SLICE_X52Y96         FDRE (Prop_fdre_C_Q)         0.367     5.294 r  clk_50mhz_reg_reg/Q
                         net (fo=2, routed)           0.654     5.947    clk_50mhz_reg
    BUFGCTRL_X0Y0        BUFG (Prop_bufg_I_O)         0.091     6.038 r  bufg_clk/O
                         net (fo=5821, routed)        1.506     7.545    u_soc/u_jtag/clk_50mhz
    SLICE_X58Y56         FDPE                                         r  u_soc/u_jtag/FSM_onehot_bus_state_reg[0]/C

Slack:                    inf
  Source:                 u_soc/u_jtag/jtag_ir_latched_reg[3]/C
                            (rising edge-triggered cell FDRE clocked by jtag_tck_clk  {rise@0.000ns fall@50.000ns period=100.000ns})
  Destination:            u_soc/u_jtag/FSM_onehot_bus_state_reg[1]/CE
                            (rising edge-triggered cell FDCE clocked by clk_50mhz  {rise@0.000ns fall@10.000ns period=20.000ns})
  Path Group:             (none)
  Path Type:              Setup (Max at Slow Process Corner)
  Data Path Delay:        4.860ns  (logic 0.952ns (19.588%)  route 3.908ns (80.412%))
  Logic Levels:           4  (LUT3=1 LUT6=3)
  Clock Path Skew:        2.096ns (DCD - SCD + CPR)
    Destination Clock Delay (DCD):    7.545ns
    Source Clock Delay      (SCD):    5.448ns
    Clock Pessimism Removal (CPR):    0.000ns
  Clock Uncertainty:      0.035ns  ((TSJ^2 + TIJ^2)^1/2 + DJ) / 2 + PE
    Total System Jitter     (TSJ):    0.071ns
    Total Input Jitter      (TIJ):    0.000ns
    Discrete Jitter          (DJ):    0.000ns
    Phase Error              (PE):    0.000ns
  Timing Exception:       Asynchronous Clock Groups

    Location             Delay type                Incr(ns)  Path(ns)    Netlist Resource(s)
  -------------------------------------------------------------------    -------------------
                         (clock jtag_tck_clk rise edge)
                                                      0.000     0.000 r  
    K1                                                0.000     0.000 r  JTAG_TCK (IN)
                         net (fo=0)                   0.000     0.000    JTAG_TCK
    K1                   IBUF (Prop_ibuf_I_O)         1.461     1.461 r  JTAG_TCK_IBUF_inst/O
                         net (fo=1, routed)           2.268     3.729    JTAG_TCK_IBUF
    BUFGCTRL_X0Y1        BUFG (Prop_bufg_I_O)         0.096     3.825 r  JTAG_TCK_IBUF_BUFG_inst/O
                         net (fo=154, routed)         1.623     5.448    u_soc/u_jtag/JTAG_TCK_IBUF_BUFG
    SLICE_X67Y66         FDRE                                         r  u_soc/u_jtag/jtag_ir_latched_reg[3]/C
  -------------------------------------------------------------------    -------------------
    SLICE_X67Y66         FDRE (Prop_fdre_C_Q)         0.456     5.904 f  u_soc/u_jtag/jtag_ir_latched_reg[3]/Q
                         net (fo=4, routed)           0.971     6.876    u_soc/u_jtag/jtag_ir_latched_reg_n_0_[3]
    SLICE_X66Y63         LUT6 (Prop_lut6_I3_O)        0.124     7.000 r  u_soc/u_jtag/bus_addr[31]_i_3/O
                         net (fo=1, routed)           0.452     7.452    u_soc/u_jtag/bus_addr[31]_i_3_n_0
    SLICE_X66Y63         LUT3 (Prop_lut3_I1_O)        0.124     7.576 r  u_soc/u_jtag/bus_addr[31]_i_1/O
                         net (fo=35, routed)          1.342     8.917    u_soc/u_interconnect/bus_addr[0]
    SLICE_X58Y57         LUT6 (Prop_lut6_I5_O)        0.124     9.041 r  u_soc/u_interconnect/FSM_onehot_bus_state[5]_i_4/O
                         net (fo=1, routed)           0.590     9.631    u_soc/u_interconnect/FSM_onehot_bus_state[5]_i_4_n_0
    SLICE_X58Y56         LUT6 (Prop_lut6_I1_O)        0.124     9.755 r  u_soc/u_interconnect/FSM_onehot_bus_state[5]_i_1/O
                         net (fo=6, routed)           0.553    10.308    u_soc/u_jtag/FSM_onehot_bus_state_reg[5]_2[0]
    SLICE_X58Y56         FDCE                                         r  u_soc/u_jtag/FSM_onehot_bus_state_reg[1]/CE
  -------------------------------------------------------------------    -------------------

                         (clock clk_50mhz rise edge)
                                                      0.000     0.000 r  
    E3                                                0.000     0.000 r  CLK100MHZ (IN)
                         net (fo=0)                   0.000     0.000    CLK100MHZ
    E3                   IBUF (Prop_ibuf_I_O)         1.411     1.411 r  CLK100MHZ_IBUF_inst/O
                         net (fo=1, routed)           1.920     3.331    CLK100MHZ_IBUF
    BUFGCTRL_X0Y16       BUFG (Prop_bufg_I_O)         0.091     3.422 r  CLK100MHZ_IBUF_BUFG_inst/O
                         net (fo=1, routed)           1.504     4.927    CLK100MHZ_IBUF_BUFG
    SLICE_X52Y96         FDRE (Prop_fdre_C_Q)         0.367     5.294 r  clk_50mhz_reg_reg/Q
                         net (fo=2, routed)           0.654     5.947    clk_50mhz_reg
    BUFGCTRL_X0Y0        BUFG (Prop_bufg_I_O)         0.091     6.038 r  bufg_clk/O
                         net (fo=5821, routed)        1.506     7.545    u_soc/u_jtag/clk_50mhz
    SLICE_X58Y56         FDCE                                         r  u_soc/u_jtag/FSM_onehot_bus_state_reg[1]/C

Slack:                    inf
  Source:                 u_soc/u_jtag/jtag_ir_latched_reg[3]/C
                            (rising edge-triggered cell FDRE clocked by jtag_tck_clk  {rise@0.000ns fall@50.000ns period=100.000ns})
  Destination:            u_soc/u_jtag/FSM_onehot_bus_state_reg[5]/CE
                            (rising edge-triggered cell FDCE clocked by clk_50mhz  {rise@0.000ns fall@10.000ns period=20.000ns})
  Path Group:             (none)
  Path Type:              Setup (Max at Slow Process Corner)
  Data Path Delay:        4.860ns  (logic 0.952ns (19.588%)  route 3.908ns (80.412%))
  Logic Levels:           4  (LUT3=1 LUT6=3)
  Clock Path Skew:        2.096ns (DCD - SCD + CPR)
    Destination Clock Delay (DCD):    7.545ns
    Source Clock Delay      (SCD):    5.448ns
    Clock Pessimism Removal (CPR):    0.000ns
  Clock Uncertainty:      0.035ns  ((TSJ^2 + TIJ^2)^1/2 + DJ) / 2 + PE
    Total System Jitter     (TSJ):    0.071ns
    Total Input Jitter      (TIJ):    0.000ns
    Discrete Jitter          (DJ):    0.000ns
    Phase Error              (PE):    0.000ns
  Timing Exception:       Asynchronous Clock Groups

    Location             Delay type                Incr(ns)  Path(ns)    Netlist Resource(s)
  -------------------------------------------------------------------    -------------------
                         (clock jtag_tck_clk rise edge)
                                                      0.000     0.000 r  
    K1                                                0.000     0.000 r  JTAG_TCK (IN)
                         net (fo=0)                   0.000     0.000    JTAG_TCK
    K1                   IBUF (Prop_ibuf_I_O)         1.461     1.461 r  JTAG_TCK_IBUF_inst/O
                         net (fo=1, routed)           2.268     3.729    JTAG_TCK_IBUF
    BUFGCTRL_X0Y1        BUFG (Prop_bufg_I_O)         0.096     3.825 r  JTAG_TCK_IBUF_BUFG_inst/O
                         net (fo=154, routed)         1.623     5.448    u_soc/u_jtag/JTAG_TCK_IBUF_BUFG
    SLICE_X67Y66         FDRE                                         r  u_soc/u_jtag/jtag_ir_latched_reg[3]/C
  -------------------------------------------------------------------    -------------------
    SLICE_X67Y66         FDRE (Prop_fdre_C_Q)         0.456     5.904 f  u_soc/u_jtag/jtag_ir_latched_reg[3]/Q
                         net (fo=4, routed)           0.971     6.876    u_soc/u_jtag/jtag_ir_latched_reg_n_0_[3]
    SLICE_X66Y63         LUT6 (Prop_lut6_I3_O)        0.124     7.000 r  u_soc/u_jtag/bus_addr[31]_i_3/O
                         net (fo=1, routed)           0.452     7.452    u_soc/u_jtag/bus_addr[31]_i_3_n_0
    SLICE_X66Y63         LUT3 (Prop_lut3_I1_O)        0.124     7.576 r  u_soc/u_jtag/bus_addr[31]_i_1/O
                         net (fo=35, routed)          1.342     8.917    u_soc/u_interconnect/bus_addr[0]
    SLICE_X58Y57         LUT6 (Prop_lut6_I5_O)        0.124     9.041 r  u_soc/u_interconnect/FSM_onehot_bus_state[5]_i_4/O
                         net (fo=1, routed)           0.590     9.631    u_soc/u_interconnect/FSM_onehot_bus_state[5]_i_4_n_0
    SLICE_X58Y56         LUT6 (Prop_lut6_I1_O)        0.124     9.755 r  u_soc/u_interconnect/FSM_onehot_bus_state[5]_i_1/O
                         net (fo=6, routed)           0.553    10.308    u_soc/u_jtag/FSM_onehot_bus_state_reg[5]_2[0]
    SLICE_X58Y56         FDCE                                         r  u_soc/u_jtag/FSM_onehot_bus_state_reg[5]/CE
  -------------------------------------------------------------------    -------------------

                         (clock clk_50mhz rise edge)
                                                      0.000     0.000 r  
    E3                                                0.000     0.000 r  CLK100MHZ (IN)
                         net (fo=0)                   0.000     0.000    CLK100MHZ
    E3                   IBUF (Prop_ibuf_I_O)         1.411     1.411 r  CLK100MHZ_IBUF_inst/O
                         net (fo=1, routed)           1.920     3.331    CLK100MHZ_IBUF
    BUFGCTRL_X0Y16       BUFG (Prop_bufg_I_O)         0.091     3.422 r  CLK100MHZ_IBUF_BUFG_inst/O
                         net (fo=1, routed)           1.504     4.927    CLK100MHZ_IBUF_BUFG
    SLICE_X52Y96         FDRE (Prop_fdre_C_Q)         0.367     5.294 r  clk_50mhz_reg_reg/Q
                         net (fo=2, routed)           0.654     5.947    clk_50mhz_reg
    BUFGCTRL_X0Y0        BUFG (Prop_bufg_I_O)         0.091     6.038 r  bufg_clk/O
                         net (fo=5821, routed)        1.506     7.545    u_soc/u_jtag/clk_50mhz
    SLICE_X58Y56         FDCE                                         r  u_soc/u_jtag/FSM_onehot_bus_state_reg[5]/C

Slack:                    inf
  Source:                 u_soc/u_jtag/jtag_ir_latched_reg[3]/C
                            (rising edge-triggered cell FDRE clocked by jtag_tck_clk  {rise@0.000ns fall@50.000ns period=100.000ns})
  Destination:            u_soc/u_jtag/FSM_onehot_bus_state_reg[4]/CE
                            (rising edge-triggered cell FDCE clocked by clk_50mhz  {rise@0.000ns fall@10.000ns period=20.000ns})
  Path Group:             (none)
  Path Type:              Setup (Max at Slow Process Corner)
  Data Path Delay:        4.812ns  (logic 0.952ns (19.785%)  route 3.860ns (80.215%))
  Logic Levels:           4  (LUT3=1 LUT6=3)
  Clock Path Skew:        2.092ns (DCD - SCD + CPR)
    Destination Clock Delay (DCD):    7.541ns
    Source Clock Delay      (SCD):    5.448ns
    Clock Pessimism Removal (CPR):    0.000ns
  Clock Uncertainty:      0.035ns  ((TSJ^2 + TIJ^2)^1/2 + DJ) / 2 + PE
    Total System Jitter     (TSJ):    0.071ns
    Total Input Jitter      (TIJ):    0.000ns
    Discrete Jitter          (DJ):    0.000ns
    Phase Error              (PE):    0.000ns
  Timing Exception:       Asynchronous Clock Groups

    Location             Delay type                Incr(ns)  Path(ns)    Netlist Resource(s)
  -------------------------------------------------------------------    -------------------
                         (clock jtag_tck_clk rise edge)
                                                      0.000     0.000 r  
    K1                                                0.000     0.000 r  JTAG_TCK (IN)
                         net (fo=0)                   0.000     0.000    JTAG_TCK
    K1                   IBUF (Prop_ibuf_I_O)         1.461     1.461 r  JTAG_TCK_IBUF_inst/O
                         net (fo=1, routed)           2.268     3.729    JTAG_TCK_IBUF
    BUFGCTRL_X0Y1        BUFG (Prop_bufg_I_O)         0.096     3.825 r  JTAG_TCK_IBUF_BUFG_inst/O
                         net (fo=154, routed)         1.623     5.448    u_soc/u_jtag/JTAG_TCK_IBUF_BUFG
    SLICE_X67Y66         FDRE                                         r  u_soc/u_jtag/jtag_ir_latched_reg[3]/C
  -------------------------------------------------------------------    -------------------
    SLICE_X67Y66         FDRE (Prop_fdre_C_Q)         0.456     5.904 f  u_soc/u_jtag/jtag_ir_latched_reg[3]/Q
                         net (fo=4, routed)           0.971     6.876    u_soc/u_jtag/jtag_ir_latched_reg_n_0_[3]
    SLICE_X66Y63         LUT6 (Prop_lut6_I3_O)        0.124     7.000 r  u_soc/u_jtag/bus_addr[31]_i_3/O
                         net (fo=1, routed)           0.452     7.452    u_soc/u_jtag/bus_addr[31]_i_3_n_0
    SLICE_X66Y63         LUT3 (Prop_lut3_I1_O)        0.124     7.576 r  u_soc/u_jtag/bus_addr[31]_i_1/O
                         net (fo=35, routed)          1.342     8.917    u_soc/u_interconnect/bus_addr[0]
    SLICE_X58Y57         LUT6 (Prop_lut6_I5_O)        0.124     9.041 r  u_soc/u_interconnect/FSM_onehot_bus_state[5]_i_4/O
                         net (fo=1, routed)           0.590     9.631    u_soc/u_interconnect/FSM_onehot_bus_state[5]_i_4_n_0
    SLICE_X58Y56         LUT6 (Prop_lut6_I1_O)        0.124     9.755 r  u_soc/u_interconnect/FSM_onehot_bus_state[5]_i_1/O
                         net (fo=6, routed)           0.505    10.260    u_soc/u_jtag/FSM_onehot_bus_state_reg[5]_2[0]
    SLICE_X56Y56         FDCE                                         r  u_soc/u_jtag/FSM_onehot_bus_state_reg[4]/CE
  -------------------------------------------------------------------    -------------------

                         (clock clk_50mhz rise edge)
                                                      0.000     0.000 r  
    E3                                                0.000     0.000 r  CLK100MHZ (IN)
                         net (fo=0)                   0.000     0.000    CLK100MHZ
    E3                   IBUF (Prop_ibuf_I_O)         1.411     1.411 r  CLK100MHZ_IBUF_inst/O
                         net (fo=1, routed)           1.920     3.331    CLK100MHZ_IBUF
    BUFGCTRL_X0Y16       BUFG (Prop_bufg_I_O)         0.091     3.422 r  CLK100MHZ_IBUF_BUFG_inst/O
                         net (fo=1, routed)           1.504     4.927    CLK100MHZ_IBUF_BUFG
    SLICE_X52Y96         FDRE (Prop_fdre_C_Q)         0.367     5.294 r  clk_50mhz_reg_reg/Q
                         net (fo=2, routed)           0.654     5.947    clk_50mhz_reg
    BUFGCTRL_X0Y0        BUFG (Prop_bufg_I_O)         0.091     6.038 r  bufg_clk/O
                         net (fo=5821, routed)        1.502     7.541    u_soc/u_jtag/clk_50mhz
    SLICE_X56Y56         FDCE                                         r  u_soc/u_jtag/FSM_onehot_bus_state_reg[4]/C

Slack:                    inf
  Source:                 u_soc/u_jtag/jtag_ir_latched_reg[3]/C
                            (rising edge-triggered cell FDRE clocked by jtag_tck_clk  {rise@0.000ns fall@50.000ns period=100.000ns})
  Destination:            u_soc/u_jtag/bus_addr_reg[22]/CE
                            (rising edge-triggered cell FDCE clocked by clk_50mhz  {rise@0.000ns fall@10.000ns period=20.000ns})
  Path Group:             (none)
  Path Type:              Setup (Max at Slow Process Corner)
  Data Path Delay:        4.011ns  (logic 0.704ns (17.553%)  route 3.307ns (82.447%))
  Logic Levels:           2  (LUT3=1 LUT6=1)
  Clock Path Skew:        2.177ns (DCD - SCD + CPR)
    Destination Clock Delay (DCD):    7.626ns
    Source Clock Delay      (SCD):    5.448ns
    Clock Pessimism Removal (CPR):    0.000ns
  Clock Uncertainty:      0.035ns  ((TSJ^2 + TIJ^2)^1/2 + DJ) / 2 + PE
    Total System Jitter     (TSJ):    0.071ns
    Total Input Jitter      (TIJ):    0.000ns
    Discrete Jitter          (DJ):    0.000ns
    Phase Error              (PE):    0.000ns
  Timing Exception:       Asynchronous Clock Groups

    Location             Delay type                Incr(ns)  Path(ns)    Netlist Resource(s)
  -------------------------------------------------------------------    -------------------
                         (clock jtag_tck_clk rise edge)
                                                      0.000     0.000 r  
    K1                                                0.000     0.000 r  JTAG_TCK (IN)
                         net (fo=0)                   0.000     0.000    JTAG_TCK
    K1                   IBUF (Prop_ibuf_I_O)         1.461     1.461 r  JTAG_TCK_IBUF_inst/O
                         net (fo=1, routed)           2.268     3.729    JTAG_TCK_IBUF
    BUFGCTRL_X0Y1        BUFG (Prop_bufg_I_O)         0.096     3.825 r  JTAG_TCK_IBUF_BUFG_inst/O
                         net (fo=154, routed)         1.623     5.448    u_soc/u_jtag/JTAG_TCK_IBUF_BUFG
    SLICE_X67Y66         FDRE                                         r  u_soc/u_jtag/jtag_ir_latched_reg[3]/C
  -------------------------------------------------------------------    -------------------
    SLICE_X67Y66         FDRE (Prop_fdre_C_Q)         0.456     5.904 f  u_soc/u_jtag/jtag_ir_latched_reg[3]/Q
                         net (fo=4, routed)           0.971     6.876    u_soc/u_jtag/jtag_ir_latched_reg_n_0_[3]
    SLICE_X66Y63         LUT6 (Prop_lut6_I3_O)        0.124     7.000 r  u_soc/u_jtag/bus_addr[31]_i_3/O
                         net (fo=1, routed)           0.452     7.452    u_soc/u_jtag/bus_addr[31]_i_3_n_0
    SLICE_X66Y63         LUT3 (Prop_lut3_I1_O)        0.124     7.576 r  u_soc/u_jtag/bus_addr[31]_i_1/O
                         net (fo=35, routed)          1.883     9.459    u_soc/u_jtag/bus_addr[0]
    SLICE_X73Y64         FDCE                                         r  u_soc/u_jtag/bus_addr_reg[22]/CE
  -------------------------------------------------------------------    -------------------

                         (clock clk_50mhz rise edge)
                                                      0.000     0.000 r  
    E3                                                0.000     0.000 r  CLK100MHZ (IN)
                         net (fo=0)                   0.000     0.000    CLK100MHZ
    E3                   IBUF (Prop_ibuf_I_O)         1.411     1.411 r  CLK100MHZ_IBUF_inst/O
                         net (fo=1, routed)           1.920     3.331    CLK100MHZ_IBUF
    BUFGCTRL_X0Y16       BUFG (Prop_bufg_I_O)         0.091     3.422 r  CLK100MHZ_IBUF_BUFG_inst/O
                         net (fo=1, routed)           1.504     4.927    CLK100MHZ_IBUF_BUFG
    SLICE_X52Y96         FDRE (Prop_fdre_C_Q)         0.367     5.294 r  clk_50mhz_reg_reg/Q
                         net (fo=2, routed)           0.654     5.947    clk_50mhz_reg
    BUFGCTRL_X0Y0        BUFG (Prop_bufg_I_O)         0.091     6.038 r  bufg_clk/O
                         net (fo=5821, routed)        1.587     7.626    u_soc/u_jtag/clk_50mhz
    SLICE_X73Y64         FDCE                                         r  u_soc/u_jtag/bus_addr_reg[22]/C

Slack:                    inf
  Source:                 u_soc/u_jtag/jtag_ir_latched_reg[3]/C
                            (rising edge-triggered cell FDRE clocked by jtag_tck_clk  {rise@0.000ns fall@50.000ns period=100.000ns})
  Destination:            u_soc/u_jtag/bus_addr_reg[31]/CE
                            (rising edge-triggered cell FDCE clocked by clk_50mhz  {rise@0.000ns fall@10.000ns period=20.000ns})
  Path Group:             (none)
  Path Type:              Setup (Max at Slow Process Corner)
  Data Path Delay:        3.822ns  (logic 0.704ns (18.418%)  route 3.118ns (81.582%))
  Logic Levels:           2  (LUT3=1 LUT6=1)
  Clock Path Skew:        2.176ns (DCD - SCD + CPR)
    Destination Clock Delay (DCD):    7.625ns
    Source Clock Delay      (SCD):    5.448ns
    Clock Pessimism Removal (CPR):    0.000ns
  Clock Uncertainty:      0.035ns  ((TSJ^2 + TIJ^2)^1/2 + DJ) / 2 + PE
    Total System Jitter     (TSJ):    0.071ns
    Total Input Jitter      (TIJ):    0.000ns
    Discrete Jitter          (DJ):    0.000ns
    Phase Error              (PE):    0.000ns
  Timing Exception:       Asynchronous Clock Groups

    Location             Delay type                Incr(ns)  Path(ns)    Netlist Resource(s)
  -------------------------------------------------------------------    -------------------
                         (clock jtag_tck_clk rise edge)
                                                      0.000     0.000 r  
    K1                                                0.000     0.000 r  JTAG_TCK (IN)
                         net (fo=0)                   0.000     0.000    JTAG_TCK
    K1                   IBUF (Prop_ibuf_I_O)         1.461     1.461 r  JTAG_TCK_IBUF_inst/O
                         net (fo=1, routed)           2.268     3.729    JTAG_TCK_IBUF
    BUFGCTRL_X0Y1        BUFG (Prop_bufg_I_O)         0.096     3.825 r  JTAG_TCK_IBUF_BUFG_inst/O
                         net (fo=154, routed)         1.623     5.448    u_soc/u_jtag/JTAG_TCK_IBUF_BUFG
    SLICE_X67Y66         FDRE                                         r  u_soc/u_jtag/jtag_ir_latched_reg[3]/C
  -------------------------------------------------------------------    -------------------
    SLICE_X67Y66         FDRE (Prop_fdre_C_Q)         0.456     5.904 f  u_soc/u_jtag/jtag_ir_latched_reg[3]/Q
                         net (fo=4, routed)           0.971     6.876    u_soc/u_jtag/jtag_ir_latched_reg_n_0_[3]
    SLICE_X66Y63         LUT6 (Prop_lut6_I3_O)        0.124     7.000 r  u_soc/u_jtag/bus_addr[31]_i_3/O
                         net (fo=1, routed)           0.452     7.452    u_soc/u_jtag/bus_addr[31]_i_3_n_0
    SLICE_X66Y63         LUT3 (Prop_lut3_I1_O)        0.124     7.576 r  u_soc/u_jtag/bus_addr[31]_i_1/O
                         net (fo=35, routed)          1.695     9.271    u_soc/u_jtag/bus_addr[0]
    SLICE_X73Y65         FDCE                                         r  u_soc/u_jtag/bus_addr_reg[31]/CE
  -------------------------------------------------------------------    -------------------

                         (clock clk_50mhz rise edge)
                                                      0.000     0.000 r  
    E3                                                0.000     0.000 r  CLK100MHZ (IN)
                         net (fo=0)                   0.000     0.000    CLK100MHZ
    E3                   IBUF (Prop_ibuf_I_O)         1.411     1.411 r  CLK100MHZ_IBUF_inst/O
                         net (fo=1, routed)           1.920     3.331    CLK100MHZ_IBUF
    BUFGCTRL_X0Y16       BUFG (Prop_bufg_I_O)         0.091     3.422 r  CLK100MHZ_IBUF_BUFG_inst/O
                         net (fo=1, routed)           1.504     4.927    CLK100MHZ_IBUF_BUFG
    SLICE_X52Y96         FDRE (Prop_fdre_C_Q)         0.367     5.294 r  clk_50mhz_reg_reg/Q
                         net (fo=2, routed)           0.654     5.947    clk_50mhz_reg
    BUFGCTRL_X0Y0        BUFG (Prop_bufg_I_O)         0.091     6.038 r  bufg_clk/O
                         net (fo=5821, routed)        1.586     7.625    u_soc/u_jtag/clk_50mhz
    SLICE_X73Y65         FDCE                                         r  u_soc/u_jtag/bus_addr_reg[31]/C

Slack:                    inf
  Source:                 u_soc/u_jtag/jtag_ir_latched_reg[3]/C
                            (rising edge-triggered cell FDRE clocked by jtag_tck_clk  {rise@0.000ns fall@50.000ns period=100.000ns})
  Destination:            u_soc/u_jtag/bus_done_reg/D
                            (rising edge-triggered cell FDCE clocked by clk_50mhz  {rise@0.000ns fall@10.000ns period=20.000ns})
  Path Group:             (none)
  Path Type:              Setup (Max at Slow Process Corner)
  Data Path Delay:        3.772ns  (logic 0.854ns (22.643%)  route 2.918ns (77.357%))
  Logic Levels:           3  (LUT3=2 LUT6=1)
  Clock Path Skew:        2.094ns (DCD - SCD + CPR)
    Destination Clock Delay (DCD):    7.543ns
    Source Clock Delay      (SCD):    5.448ns
    Clock Pessimism Removal (CPR):    0.000ns
  Clock Uncertainty:      0.035ns  ((TSJ^2 + TIJ^2)^1/2 + DJ) / 2 + PE
    Total System Jitter     (TSJ):    0.071ns
    Total Input Jitter      (TIJ):    0.000ns
    Discrete Jitter          (DJ):    0.000ns
    Phase Error              (PE):    0.000ns
  Timing Exception:       Asynchronous Clock Groups

    Location             Delay type                Incr(ns)  Path(ns)    Netlist Resource(s)
  -------------------------------------------------------------------    -------------------
                         (clock jtag_tck_clk rise edge)
                                                      0.000     0.000 r  
    K1                                                0.000     0.000 r  JTAG_TCK (IN)
                         net (fo=0)                   0.000     0.000    JTAG_TCK
    K1                   IBUF (Prop_ibuf_I_O)         1.461     1.461 r  JTAG_TCK_IBUF_inst/O
                         net (fo=1, routed)           2.268     3.729    JTAG_TCK_IBUF
    BUFGCTRL_X0Y1        BUFG (Prop_bufg_I_O)         0.096     3.825 r  JTAG_TCK_IBUF_BUFG_inst/O
                         net (fo=154, routed)         1.623     5.448    u_soc/u_jtag/JTAG_TCK_IBUF_BUFG
    SLICE_X67Y66         FDRE                                         r  u_soc/u_jtag/jtag_ir_latched_reg[3]/C
  -------------------------------------------------------------------    -------------------
    SLICE_X67Y66         FDRE (Prop_fdre_C_Q)         0.456     5.904 r  u_soc/u_jtag/jtag_ir_latched_reg[3]/Q
                         net (fo=4, routed)           0.971     6.876    u_soc/u_jtag/jtag_ir_latched_reg_n_0_[3]
    SLICE_X66Y63         LUT6 (Prop_lut6_I3_O)        0.124     7.000 f  u_soc/u_jtag/bus_addr[31]_i_3/O
                         net (fo=1, routed)           0.452     7.452    u_soc/u_jtag/bus_addr[31]_i_3_n_0
    SLICE_X66Y63         LUT3 (Prop_lut3_I1_O)        0.124     7.576 f  u_soc/u_jtag/bus_addr[31]_i_1/O
                         net (fo=35, routed)          1.494     9.070    u_soc/u_jtag/bus_addr[0]
    SLICE_X58Y60         LUT3 (Prop_lut3_I1_O)        0.150     9.220 r  u_soc/u_jtag/bus_done_i_1/O
                         net (fo=1, routed)           0.000     9.220    u_soc/u_jtag/bus_done_i_1_n_0
    SLICE_X58Y60         FDCE                                         r  u_soc/u_jtag/bus_done_reg/D
  -------------------------------------------------------------------    -------------------

                         (clock clk_50mhz rise edge)
                                                      0.000     0.000 r  
    E3                                                0.000     0.000 r  CLK100MHZ (IN)
                         net (fo=0)                   0.000     0.000    CLK100MHZ
    E3                   IBUF (Prop_ibuf_I_O)         1.411     1.411 r  CLK100MHZ_IBUF_inst/O
                         net (fo=1, routed)           1.920     3.331    CLK100MHZ_IBUF
    BUFGCTRL_X0Y16       BUFG (Prop_bufg_I_O)         0.091     3.422 r  CLK100MHZ_IBUF_BUFG_inst/O
                         net (fo=1, routed)           1.504     4.927    CLK100MHZ_IBUF_BUFG
    SLICE_X52Y96         FDRE (Prop_fdre_C_Q)         0.367     5.294 r  clk_50mhz_reg_reg/Q
                         net (fo=2, routed)           0.654     5.947    clk_50mhz_reg
    BUFGCTRL_X0Y0        BUFG (Prop_bufg_I_O)         0.091     6.038 r  bufg_clk/O
                         net (fo=5821, routed)        1.504     7.543    u_soc/u_jtag/clk_50mhz
    SLICE_X58Y60         FDCE                                         r  u_soc/u_jtag/bus_done_reg/C

Slack:                    inf
  Source:                 u_soc/u_jtag/jtag_ir_latched_reg[3]/C
                            (rising edge-triggered cell FDRE clocked by jtag_tck_clk  {rise@0.000ns fall@50.000ns period=100.000ns})
  Destination:            u_soc/u_jtag/bus_busy_reg/D
                            (rising edge-triggered cell FDCE clocked by clk_50mhz  {rise@0.000ns fall@10.000ns period=20.000ns})
  Path Group:             (none)
  Path Type:              Setup (Max at Slow Process Corner)
  Data Path Delay:        3.746ns  (logic 0.828ns (22.106%)  route 2.918ns (77.894%))
  Logic Levels:           3  (LUT3=1 LUT4=1 LUT6=1)
  Clock Path Skew:        2.094ns (DCD - SCD + CPR)
    Destination Clock Delay (DCD):    7.543ns
    Source Clock Delay      (SCD):    5.448ns
    Clock Pessimism Removal (CPR):    0.000ns
  Clock Uncertainty:      0.035ns  ((TSJ^2 + TIJ^2)^1/2 + DJ) / 2 + PE
    Total System Jitter     (TSJ):    0.071ns
    Total Input Jitter      (TIJ):    0.000ns
    Discrete Jitter          (DJ):    0.000ns
    Phase Error              (PE):    0.000ns
  Timing Exception:       Asynchronous Clock Groups

    Location             Delay type                Incr(ns)  Path(ns)    Netlist Resource(s)
  -------------------------------------------------------------------    -------------------
                         (clock jtag_tck_clk rise edge)
                                                      0.000     0.000 r  
    K1                                                0.000     0.000 r  JTAG_TCK (IN)
                         net (fo=0)                   0.000     0.000    JTAG_TCK
    K1                   IBUF (Prop_ibuf_I_O)         1.461     1.461 r  JTAG_TCK_IBUF_inst/O
                         net (fo=1, routed)           2.268     3.729    JTAG_TCK_IBUF
    BUFGCTRL_X0Y1        BUFG (Prop_bufg_I_O)         0.096     3.825 r  JTAG_TCK_IBUF_BUFG_inst/O
                         net (fo=154, routed)         1.623     5.448    u_soc/u_jtag/JTAG_TCK_IBUF_BUFG
    SLICE_X67Y66         FDRE                                         r  u_soc/u_jtag/jtag_ir_latched_reg[3]/C
  -------------------------------------------------------------------    -------------------
    SLICE_X67Y66         FDRE (Prop_fdre_C_Q)         0.456     5.904 f  u_soc/u_jtag/jtag_ir_latched_reg[3]/Q
                         net (fo=4, routed)           0.971     6.876    u_soc/u_jtag/jtag_ir_latched_reg_n_0_[3]
    SLICE_X66Y63         LUT6 (Prop_lut6_I3_O)        0.124     7.000 r  u_soc/u_jtag/bus_addr[31]_i_3/O
                         net (fo=1, routed)           0.452     7.452    u_soc/u_jtag/bus_addr[31]_i_3_n_0
    SLICE_X66Y63         LUT3 (Prop_lut3_I1_O)        0.124     7.576 r  u_soc/u_jtag/bus_addr[31]_i_1/O
                         net (fo=35, routed)          1.494     9.070    u_soc/u_jtag/bus_addr[0]
    SLICE_X58Y60         LUT4 (Prop_lut4_I0_O)        0.124     9.194 r  u_soc/u_jtag/bus_busy_i_1/O
                         net (fo=1, routed)           0.000     9.194    u_soc/u_jtag/bus_busy_i_1_n_0
    SLICE_X58Y60         FDCE                                         r  u_soc/u_jtag/bus_busy_reg/D
  -------------------------------------------------------------------    -------------------

                         (clock clk_50mhz rise edge)
                                                      0.000     0.000 r  
    E3                                                0.000     0.000 r  CLK100MHZ (IN)
                         net (fo=0)                   0.000     0.000    CLK100MHZ
    E3                   IBUF (Prop_ibuf_I_O)         1.411     1.411 r  CLK100MHZ_IBUF_inst/O
                         net (fo=1, routed)           1.920     3.331    CLK100MHZ_IBUF
    BUFGCTRL_X0Y16       BUFG (Prop_bufg_I_O)         0.091     3.422 r  CLK100MHZ_IBUF_BUFG_inst/O
                         net (fo=1, routed)           1.504     4.927    CLK100MHZ_IBUF_BUFG
    SLICE_X52Y96         FDRE (Prop_fdre_C_Q)         0.367     5.294 r  clk_50mhz_reg_reg/Q
                         net (fo=2, routed)           0.654     5.947    clk_50mhz_reg
    BUFGCTRL_X0Y0        BUFG (Prop_bufg_I_O)         0.091     6.038 r  bufg_clk/O
                         net (fo=5821, routed)        1.504     7.543    u_soc/u_jtag/clk_50mhz
    SLICE_X58Y60         FDCE                                         r  u_soc/u_jtag/bus_busy_reg/C





Min Delay Paths
--------------------------------------------------------------------------------------
Slack:                    inf
  Source:                 u_soc/u_jtag/jtag_dr_latched_reg[26]/C
                            (rising edge-triggered cell FDRE clocked by jtag_tck_clk  {rise@0.000ns fall@50.000ns period=100.000ns})
  Destination:            u_soc/u_jtag/bus_addr_reg[26]/D
                            (rising edge-triggered cell FDCE clocked by clk_50mhz  {rise@0.000ns fall@10.000ns period=20.000ns})
  Path Group:             (none)
  Path Type:              Hold (Min at Fast Process Corner)
  Data Path Delay:        0.239ns  (logic 0.186ns (77.839%)  route 0.053ns (22.161%))
  Logic Levels:           1  (LUT4=1)
  Clock Path Skew:        1.598ns (DCD - SCD - CPR)
    Destination Clock Delay (DCD):    3.375ns
    Source Clock Delay      (SCD):    1.777ns
    Clock Pessimism Removal (CPR):    -0.000ns
  Clock Uncertainty:      0.035ns  ((TSJ^2 + TIJ^2)^1/2 + DJ) / 2 + PE
    Total System Jitter     (TSJ):    0.071ns
    Total Input Jitter      (TIJ):    0.000ns
    Discrete Jitter          (DJ):    0.000ns
    Phase Error              (PE):    0.000ns
  Timing Exception:       Asynchronous Clock Groups

    Location             Delay type                Incr(ns)  Path(ns)    Netlist Resource(s)
  -------------------------------------------------------------------    -------------------
                         (clock jtag_tck_clk rise edge)
                                                      0.000     0.000 r  
    K1                                                0.000     0.000 r  JTAG_TCK (IN)
                         net (fo=0)                   0.000     0.000    JTAG_TCK
    K1                   IBUF (Prop_ibuf_I_O)         0.229     0.229 r  JTAG_TCK_IBUF_inst/O
                         net (fo=1, routed)           0.934     1.163    JTAG_TCK_IBUF
    BUFGCTRL_X0Y1        BUFG (Prop_bufg_I_O)         0.026     1.189 r  JTAG_TCK_IBUF_BUFG_inst/O
                         net (fo=154, routed)         0.588     1.777    u_soc/u_jtag/JTAG_TCK_IBUF_BUFG
    SLICE_X72Y66         FDRE                                         r  u_soc/u_jtag/jtag_dr_latched_reg[26]/C
  -------------------------------------------------------------------    -------------------
    SLICE_X72Y66         FDRE (Prop_fdre_C_Q)         0.141     1.918 r  u_soc/u_jtag/jtag_dr_latched_reg[26]/Q
                         net (fo=1, routed)           0.053     1.971    u_soc/u_jtag/jtag_dr_latched_reg_n_0_[26]
    SLICE_X73Y66         LUT4 (Prop_lut4_I3_O)        0.045     2.016 r  u_soc/u_jtag/bus_addr[26]_i_1/O
                         net (fo=1, routed)           0.000     2.016    u_soc/u_jtag/bus_addr[26]_i_1_n_0
    SLICE_X73Y66         FDCE                                         r  u_soc/u_jtag/bus_addr_reg[26]/D
  -------------------------------------------------------------------    -------------------

                         (clock clk_50mhz rise edge)
                                                      0.000     0.000 r  
    E3                                                0.000     0.000 r  CLK100MHZ (IN)
                         net (fo=0)                   0.000     0.000    CLK100MHZ
    E3                   IBUF (Prop_ibuf_I_O)         0.438     0.438 r  CLK100MHZ_IBUF_inst/O
                         net (fo=1, routed)           0.699     1.136    CLK100MHZ_IBUF
    BUFGCTRL_X0Y16       BUFG (Prop_bufg_I_O)         0.029     1.165 r  CLK100MHZ_IBUF_BUFG_inst/O
                         net (fo=1, routed)           0.834     1.999    CLK100MHZ_IBUF_BUFG
    SLICE_X52Y96         FDRE (Prop_fdre_C_Q)         0.175     2.174 r  clk_50mhz_reg_reg/Q
                         net (fo=2, routed)           0.315     2.488    clk_50mhz_reg
    BUFGCTRL_X0Y0        BUFG (Prop_bufg_I_O)         0.029     2.517 r  bufg_clk/O
                         net (fo=5821, routed)        0.858     3.375    u_soc/u_jtag/clk_50mhz
    SLICE_X73Y66         FDCE                                         r  u_soc/u_jtag/bus_addr_reg[26]/C

Slack:                    inf
  Source:                 u_soc/u_jtag/jtag_cmd_valid_reg/C
                            (rising edge-triggered cell FDRE clocked by jtag_tck_clk  {rise@0.000ns fall@50.000ns period=100.000ns})
  Destination:            u_soc/u_jtag/jtag_cmd_valid_sync1_reg/D
                            (rising edge-triggered cell FDCE clocked by clk_50mhz  {rise@0.000ns fall@10.000ns period=20.000ns})
  Path Group:             (none)
  Path Type:              Hold (Min at Fast Process Corner)
  Data Path Delay:        0.271ns  (logic 0.141ns (52.065%)  route 0.130ns (47.935%))
  Logic Levels:           0  
  Clock Path Skew:        1.597ns (DCD - SCD - CPR)
    Destination Clock Delay (DCD):    3.346ns
    Source Clock Delay      (SCD):    1.749ns
    Clock Pessimism Removal (CPR):    -0.000ns
  Clock Uncertainty:      0.035ns  ((TSJ^2 + TIJ^2)^1/2 + DJ) / 2 + PE
    Total System Jitter     (TSJ):    0.071ns
    Total Input Jitter      (TIJ):    0.000ns
    Discrete Jitter          (DJ):    0.000ns
    Phase Error              (PE):    0.000ns
  Timing Exception:       Asynchronous Clock Groups

    Location             Delay type                Incr(ns)  Path(ns)    Netlist Resource(s)
  -------------------------------------------------------------------    -------------------
                         (clock jtag_tck_clk rise edge)
                                                      0.000     0.000 r  
    K1                                                0.000     0.000 r  JTAG_TCK (IN)
                         net (fo=0)                   0.000     0.000    JTAG_TCK
    K1                   IBUF (Prop_ibuf_I_O)         0.229     0.229 r  JTAG_TCK_IBUF_inst/O
                         net (fo=1, routed)           0.934     1.163    JTAG_TCK_IBUF
    BUFGCTRL_X0Y1        BUFG (Prop_bufg_I_O)         0.026     1.189 r  JTAG_TCK_IBUF_BUFG_inst/O
                         net (fo=154, routed)         0.560     1.749    u_soc/u_jtag/JTAG_TCK_IBUF_BUFG
    SLICE_X68Y67         FDRE                                         r  u_soc/u_jtag/jtag_cmd_valid_reg/C
  -------------------------------------------------------------------    -------------------
    SLICE_X68Y67         FDRE (Prop_fdre_C_Q)         0.141     1.890 r  u_soc/u_jtag/jtag_cmd_valid_reg/Q
                         net (fo=2, routed)           0.130     2.019    u_soc/u_jtag/jtag_cmd_valid_reg_n_0
    SLICE_X68Y68         FDCE                                         r  u_soc/u_jtag/jtag_cmd_valid_sync1_reg/D
  -------------------------------------------------------------------    -------------------

                         (clock clk_50mhz rise edge)
                                                      0.000     0.000 r  
    E3                                                0.000     0.000 r  CLK100MHZ (IN)
                         net (fo=0)                   0.000     0.000    CLK100MHZ
    E3                   IBUF (Prop_ibuf_I_O)         0.438     0.438 r  CLK100MHZ_IBUF_inst/O
                         net (fo=1, routed)           0.699     1.136    CLK100MHZ_IBUF
    BUFGCTRL_X0Y16       BUFG (Prop_bufg_I_O)         0.029     1.165 r  CLK100MHZ_IBUF_BUFG_inst/O
                         net (fo=1, routed)           0.834     1.999    CLK100MHZ_IBUF_BUFG
    SLICE_X52Y96         FDRE (Prop_fdre_C_Q)         0.175     2.174 r  clk_50mhz_reg_reg/Q
                         net (fo=2, routed)           0.315     2.488    clk_50mhz_reg
    BUFGCTRL_X0Y0        BUFG (Prop_bufg_I_O)         0.029     2.517 r  bufg_clk/O
                         net (fo=5821, routed)        0.829     3.346    u_soc/u_jtag/clk_50mhz
    SLICE_X68Y68         FDCE                                         r  u_soc/u_jtag/jtag_cmd_valid_sync1_reg/C

Slack:                    inf
  Source:                 u_soc/u_jtag/jtag_dr_latched_reg[34]/C
                            (rising edge-triggered cell FDRE clocked by jtag_tck_clk  {rise@0.000ns fall@50.000ns period=100.000ns})
  Destination:            u_soc/u_jtag/bus_wdata_reg[2]/D
                            (rising edge-triggered cell FDCE clocked by clk_50mhz  {rise@0.000ns fall@10.000ns period=20.000ns})
  Path Group:             (none)
  Path Type:              Hold (Min at Fast Process Corner)
  Data Path Delay:        0.273ns  (logic 0.186ns (68.106%)  route 0.087ns (31.894%))
  Logic Levels:           1  (LUT4=1)
  Clock Path Skew:        1.597ns (DCD - SCD - CPR)
    Destination Clock Delay (DCD):    3.345ns
    Source Clock Delay      (SCD):    1.748ns
    Clock Pessimism Removal (CPR):    -0.000ns
  Clock Uncertainty:      0.035ns  ((TSJ^2 + TIJ^2)^1/2 + DJ) / 2 + PE
    Total System Jitter     (TSJ):    0.071ns
    Total Input Jitter      (TIJ):    0.000ns
    Discrete Jitter          (DJ):    0.000ns
    Phase Error              (PE):    0.000ns
  Timing Exception:       Asynchronous Clock Groups

    Location             Delay type                Incr(ns)  Path(ns)    Netlist Resource(s)
  -------------------------------------------------------------------    -------------------
                         (clock jtag_tck_clk rise edge)
                                                      0.000     0.000 r  
    K1                                                0.000     0.000 r  JTAG_TCK (IN)
                         net (fo=0)                   0.000     0.000    JTAG_TCK
    K1                   IBUF (Prop_ibuf_I_O)         0.229     0.229 r  JTAG_TCK_IBUF_inst/O
                         net (fo=1, routed)           0.934     1.163    JTAG_TCK_IBUF
    BUFGCTRL_X0Y1        BUFG (Prop_bufg_I_O)         0.026     1.189 r  JTAG_TCK_IBUF_BUFG_inst/O
                         net (fo=154, routed)         0.559     1.748    u_soc/u_jtag/JTAG_TCK_IBUF_BUFG
    SLICE_X55Y62         FDRE                                         r  u_soc/u_jtag/jtag_dr_latched_reg[34]/C
  -------------------------------------------------------------------    -------------------
    SLICE_X55Y62         FDRE (Prop_fdre_C_Q)         0.141     1.889 r  u_soc/u_jtag/jtag_dr_latched_reg[34]/Q
                         net (fo=1, routed)           0.087     1.976    u_soc/u_jtag/p_1_in[2]
    SLICE_X54Y62         LUT4 (Prop_lut4_I3_O)        0.045     2.021 r  u_soc/u_jtag/bus_wdata[2]_i_1/O
                         net (fo=1, routed)           0.000     2.021    u_soc/u_jtag/bus_wdata[2]_i_1_n_0
    SLICE_X54Y62         FDCE                                         r  u_soc/u_jtag/bus_wdata_reg[2]/D
  -------------------------------------------------------------------    -------------------

                         (clock clk_50mhz rise edge)
                                                      0.000     0.000 r  
    E3                                                0.000     0.000 r  CLK100MHZ (IN)
                         net (fo=0)                   0.000     0.000    CLK100MHZ
    E3                   IBUF (Prop_ibuf_I_O)         0.438     0.438 r  CLK100MHZ_IBUF_inst/O
                         net (fo=1, routed)           0.699     1.136    CLK100MHZ_IBUF
    BUFGCTRL_X0Y16       BUFG (Prop_bufg_I_O)         0.029     1.165 r  CLK100MHZ_IBUF_BUFG_inst/O
                         net (fo=1, routed)           0.834     1.999    CLK100MHZ_IBUF_BUFG
    SLICE_X52Y96         FDRE (Prop_fdre_C_Q)         0.175     2.174 r  clk_50mhz_reg_reg/Q
                         net (fo=2, routed)           0.315     2.488    clk_50mhz_reg
    BUFGCTRL_X0Y0        BUFG (Prop_bufg_I_O)         0.029     2.517 r  bufg_clk/O
                         net (fo=5821, routed)        0.828     3.345    u_soc/u_jtag/clk_50mhz
    SLICE_X54Y62         FDCE                                         r  u_soc/u_jtag/bus_wdata_reg[2]/C

Slack:                    inf
  Source:                 u_soc/u_jtag/jtag_dr_latched_reg[37]/C
                            (rising edge-triggered cell FDRE clocked by jtag_tck_clk  {rise@0.000ns fall@50.000ns period=100.000ns})
  Destination:            u_soc/u_jtag/bus_wdata_reg[5]/D
                            (rising edge-triggered cell FDCE clocked by clk_50mhz  {rise@0.000ns fall@10.000ns period=20.000ns})
  Path Group:             (none)
  Path Type:              Hold (Min at Fast Process Corner)
  Data Path Delay:        0.275ns  (logic 0.186ns (67.611%)  route 0.089ns (32.389%))
  Logic Levels:           1  (LUT4=1)
  Clock Path Skew:        1.597ns (DCD - SCD - CPR)
    Destination Clock Delay (DCD):    3.345ns
    Source Clock Delay      (SCD):    1.748ns
    Clock Pessimism Removal (CPR):    -0.000ns
  Clock Uncertainty:      0.035ns  ((TSJ^2 + TIJ^2)^1/2 + DJ) / 2 + PE
    Total System Jitter     (TSJ):    0.071ns
    Total Input Jitter      (TIJ):    0.000ns
    Discrete Jitter          (DJ):    0.000ns
    Phase Error              (PE):    0.000ns
  Timing Exception:       Asynchronous Clock Groups

    Location             Delay type                Incr(ns)  Path(ns)    Netlist Resource(s)
  -------------------------------------------------------------------    -------------------
                         (clock jtag_tck_clk rise edge)
                                                      0.000     0.000 r  
    K1                                                0.000     0.000 r  JTAG_TCK (IN)
                         net (fo=0)                   0.000     0.000    JTAG_TCK
    K1                   IBUF (Prop_ibuf_I_O)         0.229     0.229 r  JTAG_TCK_IBUF_inst/O
                         net (fo=1, routed)           0.934     1.163    JTAG_TCK_IBUF
    BUFGCTRL_X0Y1        BUFG (Prop_bufg_I_O)         0.026     1.189 r  JTAG_TCK_IBUF_BUFG_inst/O
                         net (fo=154, routed)         0.559     1.748    u_soc/u_jtag/JTAG_TCK_IBUF_BUFG
    SLICE_X55Y62         FDRE                                         r  u_soc/u_jtag/jtag_dr_latched_reg[37]/C
  -------------------------------------------------------------------    -------------------
    SLICE_X55Y62         FDRE (Prop_fdre_C_Q)         0.141     1.889 r  u_soc/u_jtag/jtag_dr_latched_reg[37]/Q
                         net (fo=1, routed)           0.089     1.978    u_soc/u_jtag/p_1_in[5]
    SLICE_X54Y62         LUT4 (Prop_lut4_I3_O)        0.045     2.023 r  u_soc/u_jtag/bus_wdata[5]_i_1/O
                         net (fo=1, routed)           0.000     2.023    u_soc/u_jtag/bus_wdata[5]_i_1_n_0
    SLICE_X54Y62         FDCE                                         r  u_soc/u_jtag/bus_wdata_reg[5]/D
  -------------------------------------------------------------------    -------------------

                         (clock clk_50mhz rise edge)
                                                      0.000     0.000 r  
    E3                                                0.000     0.000 r  CLK100MHZ (IN)
                         net (fo=0)                   0.000     0.000    CLK100MHZ
    E3                   IBUF (Prop_ibuf_I_O)         0.438     0.438 r  CLK100MHZ_IBUF_inst/O
                         net (fo=1, routed)           0.699     1.136    CLK100MHZ_IBUF
    BUFGCTRL_X0Y16       BUFG (Prop_bufg_I_O)         0.029     1.165 r  CLK100MHZ_IBUF_BUFG_inst/O
                         net (fo=1, routed)           0.834     1.999    CLK100MHZ_IBUF_BUFG
    SLICE_X52Y96         FDRE (Prop_fdre_C_Q)         0.175     2.174 r  clk_50mhz_reg_reg/Q
                         net (fo=2, routed)           0.315     2.488    clk_50mhz_reg
    BUFGCTRL_X0Y0        BUFG (Prop_bufg_I_O)         0.029     2.517 r  bufg_clk/O
                         net (fo=5821, routed)        0.828     3.345    u_soc/u_jtag/clk_50mhz
    SLICE_X54Y62         FDCE                                         r  u_soc/u_jtag/bus_wdata_reg[5]/C

Slack:                    inf
  Source:                 u_soc/u_jtag/jtag_dr_latched_reg[10]/C
                            (rising edge-triggered cell FDRE clocked by jtag_tck_clk  {rise@0.000ns fall@50.000ns period=100.000ns})
  Destination:            u_soc/u_jtag/bus_addr_reg[10]/D
                            (rising edge-triggered cell FDCE clocked by clk_50mhz  {rise@0.000ns fall@10.000ns period=20.000ns})
  Path Group:             (none)
  Path Type:              Hold (Min at Fast Process Corner)
  Data Path Delay:        0.273ns  (logic 0.186ns (68.106%)  route 0.087ns (31.894%))
  Logic Levels:           1  (LUT4=1)
  Clock Path Skew:        1.599ns (DCD - SCD - CPR)
    Destination Clock Delay (DCD):    3.352ns
    Source Clock Delay      (SCD):    1.753ns
    Clock Pessimism Removal (CPR):    -0.000ns
  Clock Uncertainty:      0.035ns  ((TSJ^2 + TIJ^2)^1/2 + DJ) / 2 + PE
    Total System Jitter     (TSJ):    0.071ns
    Total Input Jitter      (TIJ):    0.000ns
    Discrete Jitter          (DJ):    0.000ns
    Phase Error              (PE):    0.000ns
  Timing Exception:       Asynchronous Clock Groups

    Location             Delay type                Incr(ns)  Path(ns)    Netlist Resource(s)
  -------------------------------------------------------------------    -------------------
                         (clock jtag_tck_clk rise edge)
                                                      0.000     0.000 r  
    K1                                                0.000     0.000 r  JTAG_TCK (IN)
                         net (fo=0)                   0.000     0.000    JTAG_TCK
    K1                   IBUF (Prop_ibuf_I_O)         0.229     0.229 r  JTAG_TCK_IBUF_inst/O
                         net (fo=1, routed)           0.934     1.163    JTAG_TCK_IBUF
    BUFGCTRL_X0Y1        BUFG (Prop_bufg_I_O)         0.026     1.189 r  JTAG_TCK_IBUF_BUFG_inst/O
                         net (fo=154, routed)         0.564     1.753    u_soc/u_jtag/JTAG_TCK_IBUF_BUFG
    SLICE_X63Y61         FDRE                                         r  u_soc/u_jtag/jtag_dr_latched_reg[10]/C
  -------------------------------------------------------------------    -------------------
    SLICE_X63Y61         FDRE (Prop_fdre_C_Q)         0.141     1.894 r  u_soc/u_jtag/jtag_dr_latched_reg[10]/Q
                         net (fo=1, routed)           0.087     1.981    u_soc/u_jtag/jtag_dr_latched_reg_n_0_[10]
    SLICE_X62Y61         LUT4 (Prop_lut4_I3_O)        0.045     2.026 r  u_soc/u_jtag/bus_addr[10]_i_1/O
                         net (fo=1, routed)           0.000     2.026    u_soc/u_jtag/bus_addr[10]_i_1_n_0
    SLICE_X62Y61         FDCE                                         r  u_soc/u_jtag/bus_addr_reg[10]/D
  -------------------------------------------------------------------    -------------------

                         (clock clk_50mhz rise edge)
                                                      0.000     0.000 r  
    E3                                                0.000     0.000 r  CLK100MHZ (IN)
                         net (fo=0)                   0.000     0.000    CLK100MHZ
    E3                   IBUF (Prop_ibuf_I_O)         0.438     0.438 r  CLK100MHZ_IBUF_inst/O
                         net (fo=1, routed)           0.699     1.136    CLK100MHZ_IBUF
    BUFGCTRL_X0Y16       BUFG (Prop_bufg_I_O)         0.029     1.165 r  CLK100MHZ_IBUF_BUFG_inst/O
                         net (fo=1, routed)           0.834     1.999    CLK100MHZ_IBUF_BUFG
    SLICE_X52Y96         FDRE (Prop_fdre_C_Q)         0.175     2.174 r  clk_50mhz_reg_reg/Q
                         net (fo=2, routed)           0.315     2.488    clk_50mhz_reg
    BUFGCTRL_X0Y0        BUFG (Prop_bufg_I_O)         0.029     2.517 r  bufg_clk/O
                         net (fo=5821, routed)        0.835     3.352    u_soc/u_jtag/clk_50mhz
    SLICE_X62Y61         FDCE                                         r  u_soc/u_jtag/bus_addr_reg[10]/C

Slack:                    inf
  Source:                 u_soc/u_jtag/jtag_dr_latched_reg[12]/C
                            (rising edge-triggered cell FDRE clocked by jtag_tck_clk  {rise@0.000ns fall@50.000ns period=100.000ns})
  Destination:            u_soc/u_jtag/bus_addr_reg[12]/D
                            (rising edge-triggered cell FDCE clocked by clk_50mhz  {rise@0.000ns fall@10.000ns period=20.000ns})
  Path Group:             (none)
  Path Type:              Hold (Min at Fast Process Corner)
  Data Path Delay:        0.273ns  (logic 0.186ns (68.106%)  route 0.087ns (31.894%))
  Logic Levels:           1  (LUT4=1)
  Clock Path Skew:        1.600ns (DCD - SCD - CPR)
    Destination Clock Delay (DCD):    3.353ns
    Source Clock Delay      (SCD):    1.753ns
    Clock Pessimism Removal (CPR):    -0.000ns
  Clock Uncertainty:      0.035ns  ((TSJ^2 + TIJ^2)^1/2 + DJ) / 2 + PE
    Total System Jitter     (TSJ):    0.071ns
    Total Input Jitter      (TIJ):    0.000ns
    Discrete Jitter          (DJ):    0.000ns
    Phase Error              (PE):    0.000ns
  Timing Exception:       Asynchronous Clock Groups

    Location             Delay type                Incr(ns)  Path(ns)    Netlist Resource(s)
  -------------------------------------------------------------------    -------------------
                         (clock jtag_tck_clk rise edge)
                                                      0.000     0.000 r  
    K1                                                0.000     0.000 r  JTAG_TCK (IN)
                         net (fo=0)                   0.000     0.000    JTAG_TCK
    K1                   IBUF (Prop_ibuf_I_O)         0.229     0.229 r  JTAG_TCK_IBUF_inst/O
                         net (fo=1, routed)           0.934     1.163    JTAG_TCK_IBUF
    BUFGCTRL_X0Y1        BUFG (Prop_bufg_I_O)         0.026     1.189 r  JTAG_TCK_IBUF_BUFG_inst/O
                         net (fo=154, routed)         0.564     1.753    u_soc/u_jtag/JTAG_TCK_IBUF_BUFG
    SLICE_X67Y61         FDRE                                         r  u_soc/u_jtag/jtag_dr_latched_reg[12]/C
  -------------------------------------------------------------------    -------------------
    SLICE_X67Y61         FDRE (Prop_fdre_C_Q)         0.141     1.894 r  u_soc/u_jtag/jtag_dr_latched_reg[12]/Q
                         net (fo=1, routed)           0.087     1.981    u_soc/u_jtag/jtag_dr_latched_reg_n_0_[12]
    SLICE_X66Y61         LUT4 (Prop_lut4_I3_O)        0.045     2.026 r  u_soc/u_jtag/bus_addr[12]_i_1/O
                         net (fo=1, routed)           0.000     2.026    u_soc/u_jtag/bus_addr[12]_i_1_n_0
    SLICE_X66Y61         FDCE                                         r  u_soc/u_jtag/bus_addr_reg[12]/D
  -------------------------------------------------------------------    -------------------

                         (clock clk_50mhz rise edge)
                                                      0.000     0.000 r  
    E3                                                0.000     0.000 r  CLK100MHZ (IN)
                         net (fo=0)                   0.000     0.000    CLK100MHZ
    E3                   IBUF (Prop_ibuf_I_O)         0.438     0.438 r  CLK100MHZ_IBUF_inst/O
                         net (fo=1, routed)           0.699     1.136    CLK100MHZ_IBUF
    BUFGCTRL_X0Y16       BUFG (Prop_bufg_I_O)         0.029     1.165 r  CLK100MHZ_IBUF_BUFG_inst/O
                         net (fo=1, routed)           0.834     1.999    CLK100MHZ_IBUF_BUFG
    SLICE_X52Y96         FDRE (Prop_fdre_C_Q)         0.175     2.174 r  clk_50mhz_reg_reg/Q
                         net (fo=2, routed)           0.315     2.488    clk_50mhz_reg
    BUFGCTRL_X0Y0        BUFG (Prop_bufg_I_O)         0.029     2.517 r  bufg_clk/O
                         net (fo=5821, routed)        0.836     3.353    u_soc/u_jtag/clk_50mhz
    SLICE_X66Y61         FDCE                                         r  u_soc/u_jtag/bus_addr_reg[12]/C

Slack:                    inf
  Source:                 u_soc/u_jtag/jtag_dr_latched_reg[21]/C
                            (rising edge-triggered cell FDRE clocked by jtag_tck_clk  {rise@0.000ns fall@50.000ns period=100.000ns})
  Destination:            u_soc/u_jtag/bus_addr_reg[21]/D
                            (rising edge-triggered cell FDCE clocked by clk_50mhz  {rise@0.000ns fall@10.000ns period=20.000ns})
  Path Group:             (none)
  Path Type:              Hold (Min at Fast Process Corner)
  Data Path Delay:        0.283ns  (logic 0.186ns (65.755%)  route 0.097ns (34.245%))
  Logic Levels:           1  (LUT4=1)
  Clock Path Skew:        1.598ns (DCD - SCD - CPR)
    Destination Clock Delay (DCD):    3.349ns
    Source Clock Delay      (SCD):    1.751ns
    Clock Pessimism Removal (CPR):    -0.000ns
  Clock Uncertainty:      0.035ns  ((TSJ^2 + TIJ^2)^1/2 + DJ) / 2 + PE
    Total System Jitter     (TSJ):    0.071ns
    Total Input Jitter      (TIJ):    0.000ns
    Discrete Jitter          (DJ):    0.000ns
    Phase Error              (PE):    0.000ns
  Timing Exception:       Asynchronous Clock Groups

    Location             Delay type                Incr(ns)  Path(ns)    Netlist Resource(s)
  -------------------------------------------------------------------    -------------------
                         (clock jtag_tck_clk rise edge)
                                                      0.000     0.000 r  
    K1                                                0.000     0.000 r  JTAG_TCK (IN)
                         net (fo=0)                   0.000     0.000    JTAG_TCK
    K1                   IBUF (Prop_ibuf_I_O)         0.229     0.229 r  JTAG_TCK_IBUF_inst/O
                         net (fo=1, routed)           0.934     1.163    JTAG_TCK_IBUF
    BUFGCTRL_X0Y1        BUFG (Prop_bufg_I_O)         0.026     1.189 r  JTAG_TCK_IBUF_BUFG_inst/O
                         net (fo=154, routed)         0.562     1.751    u_soc/u_jtag/JTAG_TCK_IBUF_BUFG
    SLICE_X69Y65         FDRE                                         r  u_soc/u_jtag/jtag_dr_latched_reg[21]/C
  -------------------------------------------------------------------    -------------------
    SLICE_X69Y65         FDRE (Prop_fdre_C_Q)         0.141     1.892 r  u_soc/u_jtag/jtag_dr_latched_reg[21]/Q
                         net (fo=1, routed)           0.097     1.988    u_soc/u_jtag/jtag_dr_latched_reg_n_0_[21]
    SLICE_X68Y65         LUT4 (Prop_lut4_I3_O)        0.045     2.033 r  u_soc/u_jtag/bus_addr[21]_i_1/O
                         net (fo=1, routed)           0.000     2.033    u_soc/u_jtag/bus_addr[21]_i_1_n_0
    SLICE_X68Y65         FDCE                                         r  u_soc/u_jtag/bus_addr_reg[21]/D
  -------------------------------------------------------------------    -------------------

                         (clock clk_50mhz rise edge)
                                                      0.000     0.000 r  
    E3                                                0.000     0.000 r  CLK100MHZ (IN)
                         net (fo=0)                   0.000     0.000    CLK100MHZ
    E3                   IBUF (Prop_ibuf_I_O)         0.438     0.438 r  CLK100MHZ_IBUF_inst/O
                         net (fo=1, routed)           0.699     1.136    CLK100MHZ_IBUF
    BUFGCTRL_X0Y16       BUFG (Prop_bufg_I_O)         0.029     1.165 r  CLK100MHZ_IBUF_BUFG_inst/O
                         net (fo=1, routed)           0.834     1.999    CLK100MHZ_IBUF_BUFG
    SLICE_X52Y96         FDRE (Prop_fdre_C_Q)         0.175     2.174 r  clk_50mhz_reg_reg/Q
                         net (fo=2, routed)           0.315     2.488    clk_50mhz_reg
    BUFGCTRL_X0Y0        BUFG (Prop_bufg_I_O)         0.029     2.517 r  bufg_clk/O
                         net (fo=5821, routed)        0.832     3.349    u_soc/u_jtag/clk_50mhz
    SLICE_X68Y65         FDCE                                         r  u_soc/u_jtag/bus_addr_reg[21]/C

Slack:                    inf
  Source:                 u_soc/u_jtag/jtag_dr_latched_reg[33]/C
                            (rising edge-triggered cell FDRE clocked by jtag_tck_clk  {rise@0.000ns fall@50.000ns period=100.000ns})
  Destination:            u_soc/u_jtag/bus_wdata_reg[1]/D
                            (rising edge-triggered cell FDCE clocked by clk_50mhz  {rise@0.000ns fall@10.000ns period=20.000ns})
  Path Group:             (none)
  Path Type:              Hold (Min at Fast Process Corner)
  Data Path Delay:        0.301ns  (logic 0.186ns (61.789%)  route 0.115ns (38.211%))
  Logic Levels:           1  (LUT4=1)
  Clock Path Skew:        1.598ns (DCD - SCD - CPR)
    Destination Clock Delay (DCD):    3.345ns
    Source Clock Delay      (SCD):    1.747ns
    Clock Pessimism Removal (CPR):    -0.000ns
  Clock Uncertainty:      0.035ns  ((TSJ^2 + TIJ^2)^1/2 + DJ) / 2 + PE
    Total System Jitter     (TSJ):    0.071ns
    Total Input Jitter      (TIJ):    0.000ns
    Discrete Jitter          (DJ):    0.000ns
    Phase Error              (PE):    0.000ns
  Timing Exception:       Asynchronous Clock Groups

    Location             Delay type                Incr(ns)  Path(ns)    Netlist Resource(s)
  -------------------------------------------------------------------    -------------------
                         (clock jtag_tck_clk rise edge)
                                                      0.000     0.000 r  
    K1                                                0.000     0.000 r  JTAG_TCK (IN)
                         net (fo=0)                   0.000     0.000    JTAG_TCK
    K1                   IBUF (Prop_ibuf_I_O)         0.229     0.229 r  JTAG_TCK_IBUF_inst/O
                         net (fo=1, routed)           0.934     1.163    JTAG_TCK_IBUF
    BUFGCTRL_X0Y1        BUFG (Prop_bufg_I_O)         0.026     1.189 r  JTAG_TCK_IBUF_BUFG_inst/O
                         net (fo=154, routed)         0.558     1.747    u_soc/u_jtag/JTAG_TCK_IBUF_BUFG
    SLICE_X55Y64         FDRE                                         r  u_soc/u_jtag/jtag_dr_latched_reg[33]/C
  -------------------------------------------------------------------    -------------------
    SLICE_X55Y64         FDRE (Prop_fdre_C_Q)         0.141     1.888 r  u_soc/u_jtag/jtag_dr_latched_reg[33]/Q
                         net (fo=1, routed)           0.115     2.003    u_soc/u_jtag/p_1_in[1]
    SLICE_X56Y64         LUT4 (Prop_lut4_I3_O)        0.045     2.048 r  u_soc/u_jtag/bus_wdata[1]_i_1/O
                         net (fo=1, routed)           0.000     2.048    u_soc/u_jtag/bus_wdata[1]_i_1_n_0
    SLICE_X56Y64         FDCE                                         r  u_soc/u_jtag/bus_wdata_reg[1]/D
  -------------------------------------------------------------------    -------------------

                         (clock clk_50mhz rise edge)
                                                      0.000     0.000 r  
    E3                                                0.000     0.000 r  CLK100MHZ (IN)
                         net (fo=0)                   0.000     0.000    CLK100MHZ
    E3                   IBUF (Prop_ibuf_I_O)         0.438     0.438 r  CLK100MHZ_IBUF_inst/O
                         net (fo=1, routed)           0.699     1.136    CLK100MHZ_IBUF
    BUFGCTRL_X0Y16       BUFG (Prop_bufg_I_O)         0.029     1.165 r  CLK100MHZ_IBUF_BUFG_inst/O
                         net (fo=1, routed)           0.834     1.999    CLK100MHZ_IBUF_BUFG
    SLICE_X52Y96         FDRE (Prop_fdre_C_Q)         0.175     2.174 r  clk_50mhz_reg_reg/Q
                         net (fo=2, routed)           0.315     2.488    clk_50mhz_reg
    BUFGCTRL_X0Y0        BUFG (Prop_bufg_I_O)         0.029     2.517 r  bufg_clk/O
                         net (fo=5821, routed)        0.828     3.345    u_soc/u_jtag/clk_50mhz
    SLICE_X56Y64         FDCE                                         r  u_soc/u_jtag/bus_wdata_reg[1]/C

Slack:                    inf
  Source:                 u_soc/u_jtag/jtag_dr_latched_reg[22]/C
                            (rising edge-triggered cell FDRE clocked by jtag_tck_clk  {rise@0.000ns fall@50.000ns period=100.000ns})
  Destination:            u_soc/u_jtag/bus_addr_reg[22]/D
                            (rising edge-triggered cell FDCE clocked by clk_50mhz  {rise@0.000ns fall@10.000ns period=20.000ns})
  Path Group:             (none)
  Path Type:              Hold (Min at Fast Process Corner)
  Data Path Delay:        0.272ns  (logic 0.186ns (68.463%)  route 0.086ns (31.537%))
  Logic Levels:           1  (LUT4=1)
  Clock Path Skew:        1.599ns (DCD - SCD - CPR)
    Destination Clock Delay (DCD):    3.377ns
    Source Clock Delay      (SCD):    1.778ns
    Clock Pessimism Removal (CPR):    -0.000ns
  Clock Uncertainty:      0.035ns  ((TSJ^2 + TIJ^2)^1/2 + DJ) / 2 + PE
    Total System Jitter     (TSJ):    0.071ns
    Total Input Jitter      (TIJ):    0.000ns
    Discrete Jitter          (DJ):    0.000ns
    Phase Error              (PE):    0.000ns
  Timing Exception:       Asynchronous Clock Groups

    Location             Delay type                Incr(ns)  Path(ns)    Netlist Resource(s)
  -------------------------------------------------------------------    -------------------
                         (clock jtag_tck_clk rise edge)
                                                      0.000     0.000 r  
    K1                                                0.000     0.000 r  JTAG_TCK (IN)
                         net (fo=0)                   0.000     0.000    JTAG_TCK
    K1                   IBUF (Prop_ibuf_I_O)         0.229     0.229 r  JTAG_TCK_IBUF_inst/O
                         net (fo=1, routed)           0.934     1.163    JTAG_TCK_IBUF
    BUFGCTRL_X0Y1        BUFG (Prop_bufg_I_O)         0.026     1.189 r  JTAG_TCK_IBUF_BUFG_inst/O
                         net (fo=154, routed)         0.589     1.778    u_soc/u_jtag/JTAG_TCK_IBUF_BUFG
    SLICE_X72Y64         FDRE                                         r  u_soc/u_jtag/jtag_dr_latched_reg[22]/C
  -------------------------------------------------------------------    -------------------
    SLICE_X72Y64         FDRE (Prop_fdre_C_Q)         0.141     1.919 r  u_soc/u_jtag/jtag_dr_latched_reg[22]/Q
                         net (fo=1, routed)           0.086     2.004    u_soc/u_jtag/jtag_dr_latched_reg_n_0_[22]
    SLICE_X73Y64         LUT4 (Prop_lut4_I3_O)        0.045     2.049 r  u_soc/u_jtag/bus_addr[22]_i_1/O
                         net (fo=1, routed)           0.000     2.049    u_soc/u_jtag/bus_addr[22]_i_1_n_0
    SLICE_X73Y64         FDCE                                         r  u_soc/u_jtag/bus_addr_reg[22]/D
  -------------------------------------------------------------------    -------------------

                         (clock clk_50mhz rise edge)
                                                      0.000     0.000 r  
    E3                                                0.000     0.000 r  CLK100MHZ (IN)
                         net (fo=0)                   0.000     0.000    CLK100MHZ
    E3                   IBUF (Prop_ibuf_I_O)         0.438     0.438 r  CLK100MHZ_IBUF_inst/O
                         net (fo=1, routed)           0.699     1.136    CLK100MHZ_IBUF
    BUFGCTRL_X0Y16       BUFG (Prop_bufg_I_O)         0.029     1.165 r  CLK100MHZ_IBUF_BUFG_inst/O
                         net (fo=1, routed)           0.834     1.999    CLK100MHZ_IBUF_BUFG
    SLICE_X52Y96         FDRE (Prop_fdre_C_Q)         0.175     2.174 r  clk_50mhz_reg_reg/Q
                         net (fo=2, routed)           0.315     2.488    clk_50mhz_reg
    BUFGCTRL_X0Y0        BUFG (Prop_bufg_I_O)         0.029     2.517 r  bufg_clk/O
                         net (fo=5821, routed)        0.860     3.377    u_soc/u_jtag/clk_50mhz
    SLICE_X73Y64         FDCE                                         r  u_soc/u_jtag/bus_addr_reg[22]/C

Slack:                    inf
  Source:                 u_soc/u_jtag/jtag_dr_latched_reg[31]/C
                            (rising edge-triggered cell FDRE clocked by jtag_tck_clk  {rise@0.000ns fall@50.000ns period=100.000ns})
  Destination:            u_soc/u_jtag/bus_addr_reg[31]/D
                            (rising edge-triggered cell FDCE clocked by clk_50mhz  {rise@0.000ns fall@10.000ns period=20.000ns})
  Path Group:             (none)
  Path Type:              Hold (Min at Fast Process Corner)
  Data Path Delay:        0.272ns  (logic 0.186ns (68.463%)  route 0.086ns (31.537%))
  Logic Levels:           1  (LUT4=1)
  Clock Path Skew:        1.598ns (DCD - SCD - CPR)
    Destination Clock Delay (DCD):    3.376ns
    Source Clock Delay      (SCD):    1.778ns
    Clock Pessimism Removal (CPR):    -0.000ns
  Clock Uncertainty:      0.035ns  ((TSJ^2 + TIJ^2)^1/2 + DJ) / 2 + PE
    Total System Jitter     (TSJ):    0.071ns
    Total Input Jitter      (TIJ):    0.000ns
    Discrete Jitter          (DJ):    0.000ns
    Phase Error              (PE):    0.000ns
  Timing Exception:       Asynchronous Clock Groups

    Location             Delay type                Incr(ns)  Path(ns)    Netlist Resource(s)
  -------------------------------------------------------------------    -------------------
                         (clock jtag_tck_clk rise edge)
                                                      0.000     0.000 r  
    K1                                                0.000     0.000 r  JTAG_TCK (IN)
                         net (fo=0)                   0.000     0.000    JTAG_TCK
    K1                   IBUF (Prop_ibuf_I_O)         0.229     0.229 r  JTAG_TCK_IBUF_inst/O
                         net (fo=1, routed)           0.934     1.163    JTAG_TCK_IBUF
    BUFGCTRL_X0Y1        BUFG (Prop_bufg_I_O)         0.026     1.189 r  JTAG_TCK_IBUF_BUFG_inst/O
                         net (fo=154, routed)         0.589     1.778    u_soc/u_jtag/JTAG_TCK_IBUF_BUFG
    SLICE_X72Y65         FDRE                                         r  u_soc/u_jtag/jtag_dr_latched_reg[31]/C
  -------------------------------------------------------------------    -------------------
    SLICE_X72Y65         FDRE (Prop_fdre_C_Q)         0.141     1.919 r  u_soc/u_jtag/jtag_dr_latched_reg[31]/Q
                         net (fo=1, routed)           0.086     2.004    u_soc/u_jtag/jtag_dr_latched_reg_n_0_[31]
    SLICE_X73Y65         LUT4 (Prop_lut4_I3_O)        0.045     2.049 r  u_soc/u_jtag/bus_addr[31]_i_2/O
                         net (fo=1, routed)           0.000     2.049    u_soc/u_jtag/bus_addr[31]_i_2_n_0
    SLICE_X73Y65         FDCE                                         r  u_soc/u_jtag/bus_addr_reg[31]/D
  -------------------------------------------------------------------    -------------------

                         (clock clk_50mhz rise edge)
                                                      0.000     0.000 r  
    E3                                                0.000     0.000 r  CLK100MHZ (IN)
                         net (fo=0)                   0.000     0.000    CLK100MHZ
    E3                   IBUF (Prop_ibuf_I_O)         0.438     0.438 r  CLK100MHZ_IBUF_inst/O
                         net (fo=1, routed)           0.699     1.136    CLK100MHZ_IBUF
    BUFGCTRL_X0Y16       BUFG (Prop_bufg_I_O)         0.029     1.165 r  CLK100MHZ_IBUF_BUFG_inst/O
                         net (fo=1, routed)           0.834     1.999    CLK100MHZ_IBUF_BUFG
    SLICE_X52Y96         FDRE (Prop_fdre_C_Q)         0.175     2.174 r  clk_50mhz_reg_reg/Q
                         net (fo=2, routed)           0.315     2.488    clk_50mhz_reg
    BUFGCTRL_X0Y0        BUFG (Prop_bufg_I_O)         0.029     2.517 r  bufg_clk/O
                         net (fo=5821, routed)        0.859     3.376    u_soc/u_jtag/clk_50mhz
    SLICE_X73Y65         FDCE                                         r  u_soc/u_jtag/bus_addr_reg[31]/C





--------------------------------------------------------------------------------------
Path Group:  (none)
From Clock:  clk_50mhz
  To Clock:  jtag_tck_clk

Max Delay            32 Endpoints
Min Delay            32 Endpoints
--------------------------------------------------------------------------------------


Max Delay Paths
--------------------------------------------------------------------------------------
Slack:                    inf
  Source:                 u_soc/u_jtag/bus_rdata_result_reg[11]/C
                            (rising edge-triggered cell FDCE clocked by clk_50mhz  {rise@0.000ns fall@10.000ns period=20.000ns})
  Destination:            u_soc/u_jtag/dr_reg_reg[43]/D
                            (rising edge-triggered cell FDRE clocked by jtag_tck_clk  {rise@0.000ns fall@50.000ns period=100.000ns})
  Path Group:             (none)
  Path Type:              Setup (Max at Slow Process Corner)
  Data Path Delay:        1.906ns  (logic 0.642ns (33.676%)  route 1.264ns (66.324%))
  Logic Levels:           1  (LUT5=1)
  Clock Path Skew:        -3.201ns (DCD - SCD + CPR)
    Destination Clock Delay (DCD):    4.934ns
    Source Clock Delay      (SCD):    8.135ns
    Clock Pessimism Removal (CPR):    0.000ns
  Clock Uncertainty:      0.035ns  ((TSJ^2 + TIJ^2)^1/2 + DJ) / 2 + PE
    Total System Jitter     (TSJ):    0.071ns
    Total Input Jitter      (TIJ):    0.000ns
    Discrete Jitter          (DJ):    0.000ns
    Phase Error              (PE):    0.000ns
  Timing Exception:       Asynchronous Clock Groups

    Location             Delay type                Incr(ns)  Path(ns)    Netlist Resource(s)
  -------------------------------------------------------------------    -------------------
                         (clock clk_50mhz rise edge)
                                                      0.000     0.000 r  
    E3                                                0.000     0.000 r  CLK100MHZ (IN)
                         net (fo=0)                   0.000     0.000    CLK100MHZ
    E3                   IBUF (Prop_ibuf_I_O)         1.482     1.482 r  CLK100MHZ_IBUF_inst/O
                         net (fo=1, routed)           2.025     3.506    CLK100MHZ_IBUF
    BUFGCTRL_X0Y16       BUFG (Prop_bufg_I_O)         0.096     3.602 r  CLK100MHZ_IBUF_BUFG_inst/O
                         net (fo=1, routed)           1.625     5.228    CLK100MHZ_IBUF_BUFG
    SLICE_X52Y96         FDRE (Prop_fdre_C_Q)         0.456     5.684 r  clk_50mhz_reg_reg/Q
                         net (fo=2, routed)           0.736     6.419    clk_50mhz_reg
    BUFGCTRL_X0Y0        BUFG (Prop_bufg_I_O)         0.096     6.515 r  bufg_clk/O
                         net (fo=5821, routed)        1.619     8.135    u_soc/u_jtag/clk_50mhz
    SLICE_X56Y63         FDCE                                         r  u_soc/u_jtag/bus_rdata_result_reg[11]/C
  -------------------------------------------------------------------    -------------------
    SLICE_X56Y63         FDCE (Prop_fdce_C_Q)         0.518     8.653 r  u_soc/u_jtag/bus_rdata_result_reg[11]/Q
                         net (fo=2, routed)           1.264     9.917    u_soc/u_jtag/bus_rdata_result__0[11]
    SLICE_X54Y65         LUT5 (Prop_lut5_I0_O)        0.124    10.041 r  u_soc/u_jtag/dr_reg[43]_i_1/O
                         net (fo=1, routed)           0.000    10.041    u_soc/u_jtag/dr_reg[43]_i_1_n_0
    SLICE_X54Y65         FDRE                                         r  u_soc/u_jtag/dr_reg_reg[43]/D
  -------------------------------------------------------------------    -------------------

                         (clock jtag_tck_clk rise edge)
                                                      0.000     0.000 r  
    K1                                                0.000     0.000 r  JTAG_TCK (IN)
                         net (fo=0)                   0.000     0.000    JTAG_TCK
    K1                   IBUF (Prop_ibuf_I_O)         1.390     1.390 r  JTAG_TCK_IBUF_inst/O
                         net (fo=1, routed)           1.957     3.348    JTAG_TCK_IBUF
    BUFGCTRL_X0Y1        BUFG (Prop_bufg_I_O)         0.091     3.439 r  JTAG_TCK_IBUF_BUFG_inst/O
                         net (fo=154, routed)         1.495     4.934    u_soc/u_jtag/JTAG_TCK_IBUF_BUFG
    SLICE_X54Y65         FDRE                                         r  u_soc/u_jtag/dr_reg_reg[43]/C

Slack:                    inf
  Source:                 u_soc/u_jtag/bus_rdata_result_reg[31]/C
                            (rising edge-triggered cell FDCE clocked by clk_50mhz  {rise@0.000ns fall@10.000ns period=20.000ns})
  Destination:            u_soc/u_jtag/dr_reg_reg[63]/D
                            (rising edge-triggered cell FDRE clocked by jtag_tck_clk  {rise@0.000ns fall@50.000ns period=100.000ns})
  Path Group:             (none)
  Path Type:              Setup (Max at Slow Process Corner)
  Data Path Delay:        1.696ns  (logic 0.774ns (45.629%)  route 0.922ns (54.371%))
  Logic Levels:           1  (LUT5=1)
  Clock Path Skew:        -3.200ns (DCD - SCD + CPR)
    Destination Clock Delay (DCD):    4.939ns
    Source Clock Delay      (SCD):    8.139ns
    Clock Pessimism Removal (CPR):    0.000ns
  Clock Uncertainty:      0.035ns  ((TSJ^2 + TIJ^2)^1/2 + DJ) / 2 + PE
    Total System Jitter     (TSJ):    0.071ns
    Total Input Jitter      (TIJ):    0.000ns
    Discrete Jitter          (DJ):    0.000ns
    Phase Error              (PE):    0.000ns
  Timing Exception:       Asynchronous Clock Groups

    Location             Delay type                Incr(ns)  Path(ns)    Netlist Resource(s)
  -------------------------------------------------------------------    -------------------
                         (clock clk_50mhz rise edge)
                                                      0.000     0.000 r  
    E3                                                0.000     0.000 r  CLK100MHZ (IN)
                         net (fo=0)                   0.000     0.000    CLK100MHZ
    E3                   IBUF (Prop_ibuf_I_O)         1.482     1.482 r  CLK100MHZ_IBUF_inst/O
                         net (fo=1, routed)           2.025     3.506    CLK100MHZ_IBUF
    BUFGCTRL_X0Y16       BUFG (Prop_bufg_I_O)         0.096     3.602 r  CLK100MHZ_IBUF_BUFG_inst/O
                         net (fo=1, routed)           1.625     5.228    CLK100MHZ_IBUF_BUFG
    SLICE_X52Y96         FDRE (Prop_fdre_C_Q)         0.456     5.684 r  clk_50mhz_reg_reg/Q
                         net (fo=2, routed)           0.736     6.419    clk_50mhz_reg
    BUFGCTRL_X0Y0        BUFG (Prop_bufg_I_O)         0.096     6.515 r  bufg_clk/O
                         net (fo=5821, routed)        1.623     8.139    u_soc/u_jtag/clk_50mhz
    SLICE_X62Y65         FDCE                                         r  u_soc/u_jtag/bus_rdata_result_reg[31]/C
  -------------------------------------------------------------------    -------------------
    SLICE_X62Y65         FDCE (Prop_fdce_C_Q)         0.478     8.617 r  u_soc/u_jtag/bus_rdata_result_reg[31]/Q
                         net (fo=2, routed)           0.922     9.539    u_soc/u_jtag/bus_rdata_result__0[31]
    SLICE_X61Y65         LUT5 (Prop_lut5_I0_O)        0.296     9.835 r  u_soc/u_jtag/dr_reg[63]_i_2/O
                         net (fo=1, routed)           0.000     9.835    u_soc/u_jtag/dr_reg[63]_i_2_n_0
    SLICE_X61Y65         FDRE                                         r  u_soc/u_jtag/dr_reg_reg[63]/D
  -------------------------------------------------------------------    -------------------

                         (clock jtag_tck_clk rise edge)
                                                      0.000     0.000 r  
    K1                                                0.000     0.000 r  JTAG_TCK (IN)
                         net (fo=0)                   0.000     0.000    JTAG_TCK
    K1                   IBUF (Prop_ibuf_I_O)         1.390     1.390 r  JTAG_TCK_IBUF_inst/O
                         net (fo=1, routed)           1.957     3.348    JTAG_TCK_IBUF
    BUFGCTRL_X0Y1        BUFG (Prop_bufg_I_O)         0.091     3.439 r  JTAG_TCK_IBUF_BUFG_inst/O
                         net (fo=154, routed)         1.500     4.939    u_soc/u_jtag/JTAG_TCK_IBUF_BUFG
    SLICE_X61Y65         FDRE                                         r  u_soc/u_jtag/dr_reg_reg[63]/C

Slack:                    inf
  Source:                 u_soc/u_jtag/bus_rdata_result_reg[13]/C
                            (rising edge-triggered cell FDCE clocked by clk_50mhz  {rise@0.000ns fall@10.000ns period=20.000ns})
  Destination:            u_soc/u_jtag/dr_reg_reg[45]/D
                            (rising edge-triggered cell FDRE clocked by jtag_tck_clk  {rise@0.000ns fall@50.000ns period=100.000ns})
  Path Group:             (none)
  Path Type:              Setup (Max at Slow Process Corner)
  Data Path Delay:        1.682ns  (logic 0.580ns (34.481%)  route 1.102ns (65.519%))
  Logic Levels:           1  (LUT5=1)
  Clock Path Skew:        -3.200ns (DCD - SCD + CPR)
    Destination Clock Delay (DCD):    4.936ns
    Source Clock Delay      (SCD):    8.136ns
    Clock Pessimism Removal (CPR):    0.000ns
  Clock Uncertainty:      0.035ns  ((TSJ^2 + TIJ^2)^1/2 + DJ) / 2 + PE
    Total System Jitter     (TSJ):    0.071ns
    Total Input Jitter      (TIJ):    0.000ns
    Discrete Jitter          (DJ):    0.000ns
    Phase Error              (PE):    0.000ns
  Timing Exception:       Asynchronous Clock Groups

    Location             Delay type                Incr(ns)  Path(ns)    Netlist Resource(s)
  -------------------------------------------------------------------    -------------------
                         (clock clk_50mhz rise edge)
                                                      0.000     0.000 r  
    E3                                                0.000     0.000 r  CLK100MHZ (IN)
                         net (fo=0)                   0.000     0.000    CLK100MHZ
    E3                   IBUF (Prop_ibuf_I_O)         1.482     1.482 r  CLK100MHZ_IBUF_inst/O
                         net (fo=1, routed)           2.025     3.506    CLK100MHZ_IBUF
    BUFGCTRL_X0Y16       BUFG (Prop_bufg_I_O)         0.096     3.602 r  CLK100MHZ_IBUF_BUFG_inst/O
                         net (fo=1, routed)           1.625     5.228    CLK100MHZ_IBUF_BUFG
    SLICE_X52Y96         FDRE (Prop_fdre_C_Q)         0.456     5.684 r  clk_50mhz_reg_reg/Q
                         net (fo=2, routed)           0.736     6.419    clk_50mhz_reg
    BUFGCTRL_X0Y0        BUFG (Prop_bufg_I_O)         0.096     6.515 r  bufg_clk/O
                         net (fo=5821, routed)        1.620     8.136    u_soc/u_jtag/clk_50mhz
    SLICE_X59Y66         FDCE                                         r  u_soc/u_jtag/bus_rdata_result_reg[13]/C
  -------------------------------------------------------------------    -------------------
    SLICE_X59Y66         FDCE (Prop_fdce_C_Q)         0.456     8.592 r  u_soc/u_jtag/bus_rdata_result_reg[13]/Q
                         net (fo=2, routed)           1.102     9.694    u_soc/u_jtag/bus_rdata_result__0[13]
    SLICE_X57Y64         LUT5 (Prop_lut5_I0_O)        0.124     9.818 r  u_soc/u_jtag/dr_reg[45]_i_1/O
                         net (fo=1, routed)           0.000     9.818    u_soc/u_jtag/dr_reg[45]_i_1_n_0
    SLICE_X57Y64         FDRE                                         r  u_soc/u_jtag/dr_reg_reg[45]/D
  -------------------------------------------------------------------    -------------------

                         (clock jtag_tck_clk rise edge)
                                                      0.000     0.000 r  
    K1                                                0.000     0.000 r  JTAG_TCK (IN)
                         net (fo=0)                   0.000     0.000    JTAG_TCK
    K1                   IBUF (Prop_ibuf_I_O)         1.390     1.390 r  JTAG_TCK_IBUF_inst/O
                         net (fo=1, routed)           1.957     3.348    JTAG_TCK_IBUF
    BUFGCTRL_X0Y1        BUFG (Prop_bufg_I_O)         0.091     3.439 r  JTAG_TCK_IBUF_BUFG_inst/O
                         net (fo=154, routed)         1.497     4.936    u_soc/u_jtag/JTAG_TCK_IBUF_BUFG
    SLICE_X57Y64         FDRE                                         r  u_soc/u_jtag/dr_reg_reg[45]/C

Slack:                    inf
  Source:                 u_soc/u_jtag/bus_rdata_result_reg[10]/C
                            (rising edge-triggered cell FDCE clocked by clk_50mhz  {rise@0.000ns fall@10.000ns period=20.000ns})
  Destination:            u_soc/u_jtag/dr_reg_reg[42]/D
                            (rising edge-triggered cell FDRE clocked by jtag_tck_clk  {rise@0.000ns fall@50.000ns period=100.000ns})
  Path Group:             (none)
  Path Type:              Setup (Max at Slow Process Corner)
  Data Path Delay:        1.627ns  (logic 0.642ns (39.451%)  route 0.985ns (60.549%))
  Logic Levels:           1  (LUT5=1)
  Clock Path Skew:        -3.201ns (DCD - SCD + CPR)
    Destination Clock Delay (DCD):    4.934ns
    Source Clock Delay      (SCD):    8.135ns
    Clock Pessimism Removal (CPR):    0.000ns
  Clock Uncertainty:      0.035ns  ((TSJ^2 + TIJ^2)^1/2 + DJ) / 2 + PE
    Total System Jitter     (TSJ):    0.071ns
    Total Input Jitter      (TIJ):    0.000ns
    Discrete Jitter          (DJ):    0.000ns
    Phase Error              (PE):    0.000ns
  Timing Exception:       Asynchronous Clock Groups

    Location             Delay type                Incr(ns)  Path(ns)    Netlist Resource(s)
  -------------------------------------------------------------------    -------------------
                         (clock clk_50mhz rise edge)
                                                      0.000     0.000 r  
    E3                                                0.000     0.000 r  CLK100MHZ (IN)
                         net (fo=0)                   0.000     0.000    CLK100MHZ
    E3                   IBUF (Prop_ibuf_I_O)         1.482     1.482 r  CLK100MHZ_IBUF_inst/O
                         net (fo=1, routed)           2.025     3.506    CLK100MHZ_IBUF
    BUFGCTRL_X0Y16       BUFG (Prop_bufg_I_O)         0.096     3.602 r  CLK100MHZ_IBUF_BUFG_inst/O
                         net (fo=1, routed)           1.625     5.228    CLK100MHZ_IBUF_BUFG
    SLICE_X52Y96         FDRE (Prop_fdre_C_Q)         0.456     5.684 r  clk_50mhz_reg_reg/Q
                         net (fo=2, routed)           0.736     6.419    clk_50mhz_reg
    BUFGCTRL_X0Y0        BUFG (Prop_bufg_I_O)         0.096     6.515 r  bufg_clk/O
                         net (fo=5821, routed)        1.619     8.135    u_soc/u_jtag/clk_50mhz
    SLICE_X56Y63         FDCE                                         r  u_soc/u_jtag/bus_rdata_result_reg[10]/C
  -------------------------------------------------------------------    -------------------
    SLICE_X56Y63         FDCE (Prop_fdce_C_Q)         0.518     8.653 r  u_soc/u_jtag/bus_rdata_result_reg[10]/Q
                         net (fo=2, routed)           0.985     9.638    u_soc/u_jtag/bus_rdata_result__0[10]
    SLICE_X54Y65         LUT5 (Prop_lut5_I0_O)        0.124     9.762 r  u_soc/u_jtag/dr_reg[42]_i_1/O
                         net (fo=1, routed)           0.000     9.762    u_soc/u_jtag/dr_reg[42]_i_1_n_0
    SLICE_X54Y65         FDRE                                         r  u_soc/u_jtag/dr_reg_reg[42]/D
  -------------------------------------------------------------------    -------------------

                         (clock jtag_tck_clk rise edge)
                                                      0.000     0.000 r  
    K1                                                0.000     0.000 r  JTAG_TCK (IN)
                         net (fo=0)                   0.000     0.000    JTAG_TCK
    K1                   IBUF (Prop_ibuf_I_O)         1.390     1.390 r  JTAG_TCK_IBUF_inst/O
                         net (fo=1, routed)           1.957     3.348    JTAG_TCK_IBUF
    BUFGCTRL_X0Y1        BUFG (Prop_bufg_I_O)         0.091     3.439 r  JTAG_TCK_IBUF_BUFG_inst/O
                         net (fo=154, routed)         1.495     4.934    u_soc/u_jtag/JTAG_TCK_IBUF_BUFG
    SLICE_X54Y65         FDRE                                         r  u_soc/u_jtag/dr_reg_reg[42]/C

Slack:                    inf
  Source:                 u_soc/u_jtag/bus_rdata_result_reg[9]/C
                            (rising edge-triggered cell FDCE clocked by clk_50mhz  {rise@0.000ns fall@10.000ns period=20.000ns})
  Destination:            u_soc/u_jtag/dr_reg_reg[41]/D
                            (rising edge-triggered cell FDRE clocked by jtag_tck_clk  {rise@0.000ns fall@50.000ns period=100.000ns})
  Path Group:             (none)
  Path Type:              Setup (Max at Slow Process Corner)
  Data Path Delay:        1.583ns  (logic 0.716ns (45.219%)  route 0.867ns (54.781%))
  Logic Levels:           1  (LUT5=1)
  Clock Path Skew:        -3.199ns (DCD - SCD + CPR)
    Destination Clock Delay (DCD):    4.937ns
    Source Clock Delay      (SCD):    8.136ns
    Clock Pessimism Removal (CPR):    0.000ns
  Clock Uncertainty:      0.035ns  ((TSJ^2 + TIJ^2)^1/2 + DJ) / 2 + PE
    Total System Jitter     (TSJ):    0.071ns
    Total Input Jitter      (TIJ):    0.000ns
    Discrete Jitter          (DJ):    0.000ns
    Phase Error              (PE):    0.000ns
  Timing Exception:       Asynchronous Clock Groups

    Location             Delay type                Incr(ns)  Path(ns)    Netlist Resource(s)
  -------------------------------------------------------------------    -------------------
                         (clock clk_50mhz rise edge)
                                                      0.000     0.000 r  
    E3                                                0.000     0.000 r  CLK100MHZ (IN)
                         net (fo=0)                   0.000     0.000    CLK100MHZ
    E3                   IBUF (Prop_ibuf_I_O)         1.482     1.482 r  CLK100MHZ_IBUF_inst/O
                         net (fo=1, routed)           2.025     3.506    CLK100MHZ_IBUF
    BUFGCTRL_X0Y16       BUFG (Prop_bufg_I_O)         0.096     3.602 r  CLK100MHZ_IBUF_BUFG_inst/O
                         net (fo=1, routed)           1.625     5.228    CLK100MHZ_IBUF_BUFG
    SLICE_X52Y96         FDRE (Prop_fdre_C_Q)         0.456     5.684 r  clk_50mhz_reg_reg/Q
                         net (fo=2, routed)           0.736     6.419    clk_50mhz_reg
    BUFGCTRL_X0Y0        BUFG (Prop_bufg_I_O)         0.096     6.515 r  bufg_clk/O
                         net (fo=5821, routed)        1.620     8.136    u_soc/u_jtag/clk_50mhz
    SLICE_X55Y61         FDCE                                         r  u_soc/u_jtag/bus_rdata_result_reg[9]/C
  -------------------------------------------------------------------    -------------------
    SLICE_X55Y61         FDCE (Prop_fdce_C_Q)         0.419     8.555 r  u_soc/u_jtag/bus_rdata_result_reg[9]/Q
                         net (fo=2, routed)           0.867     9.422    u_soc/u_jtag/bus_rdata_result__0[9]
    SLICE_X56Y62         LUT5 (Prop_lut5_I0_O)        0.297     9.719 r  u_soc/u_jtag/dr_reg[41]_i_1/O
                         net (fo=1, routed)           0.000     9.719    u_soc/u_jtag/dr_reg[41]_i_1_n_0
    SLICE_X56Y62         FDRE                                         r  u_soc/u_jtag/dr_reg_reg[41]/D
  -------------------------------------------------------------------    -------------------

                         (clock jtag_tck_clk rise edge)
                                                      0.000     0.000 r  
    K1                                                0.000     0.000 r  JTAG_TCK (IN)
                         net (fo=0)                   0.000     0.000    JTAG_TCK
    K1                   IBUF (Prop_ibuf_I_O)         1.390     1.390 r  JTAG_TCK_IBUF_inst/O
                         net (fo=1, routed)           1.957     3.348    JTAG_TCK_IBUF
    BUFGCTRL_X0Y1        BUFG (Prop_bufg_I_O)         0.091     3.439 r  JTAG_TCK_IBUF_BUFG_inst/O
                         net (fo=154, routed)         1.498     4.937    u_soc/u_jtag/JTAG_TCK_IBUF_BUFG
    SLICE_X56Y62         FDRE                                         r  u_soc/u_jtag/dr_reg_reg[41]/C

Slack:                    inf
  Source:                 u_soc/u_jtag/bus_rdata_result_reg[4]/C
                            (rising edge-triggered cell FDCE clocked by clk_50mhz  {rise@0.000ns fall@10.000ns period=20.000ns})
  Destination:            u_soc/u_jtag/dr_reg_reg[36]/D
                            (rising edge-triggered cell FDRE clocked by jtag_tck_clk  {rise@0.000ns fall@50.000ns period=100.000ns})
  Path Group:             (none)
  Path Type:              Setup (Max at Slow Process Corner)
  Data Path Delay:        1.550ns  (logic 0.580ns (37.416%)  route 0.970ns (62.584%))
  Logic Levels:           1  (LUT5=1)
  Clock Path Skew:        -3.199ns (DCD - SCD + CPR)
    Destination Clock Delay (DCD):    4.937ns
    Source Clock Delay      (SCD):    8.136ns
    Clock Pessimism Removal (CPR):    0.000ns
  Clock Uncertainty:      0.035ns  ((TSJ^2 + TIJ^2)^1/2 + DJ) / 2 + PE
    Total System Jitter     (TSJ):    0.071ns
    Total Input Jitter      (TIJ):    0.000ns
    Discrete Jitter          (DJ):    0.000ns
    Phase Error              (PE):    0.000ns
  Timing Exception:       Asynchronous Clock Groups

    Location             Delay type                Incr(ns)  Path(ns)    Netlist Resource(s)
  -------------------------------------------------------------------    -------------------
                         (clock clk_50mhz rise edge)
                                                      0.000     0.000 r  
    E3                                                0.000     0.000 r  CLK100MHZ (IN)
                         net (fo=0)                   0.000     0.000    CLK100MHZ
    E3                   IBUF (Prop_ibuf_I_O)         1.482     1.482 r  CLK100MHZ_IBUF_inst/O
                         net (fo=1, routed)           2.025     3.506    CLK100MHZ_IBUF
    BUFGCTRL_X0Y16       BUFG (Prop_bufg_I_O)         0.096     3.602 r  CLK100MHZ_IBUF_BUFG_inst/O
                         net (fo=1, routed)           1.625     5.228    CLK100MHZ_IBUF_BUFG
    SLICE_X52Y96         FDRE (Prop_fdre_C_Q)         0.456     5.684 r  clk_50mhz_reg_reg/Q
                         net (fo=2, routed)           0.736     6.419    clk_50mhz_reg
    BUFGCTRL_X0Y0        BUFG (Prop_bufg_I_O)         0.096     6.515 r  bufg_clk/O
                         net (fo=5821, routed)        1.620     8.136    u_soc/u_jtag/clk_50mhz
    SLICE_X55Y61         FDCE                                         r  u_soc/u_jtag/bus_rdata_result_reg[4]/C
  -------------------------------------------------------------------    -------------------
    SLICE_X55Y61         FDCE (Prop_fdce_C_Q)         0.456     8.592 r  u_soc/u_jtag/bus_rdata_result_reg[4]/Q
                         net (fo=2, routed)           0.970     9.562    u_soc/u_jtag/bus_rdata_result__0[4]
    SLICE_X56Y62         LUT5 (Prop_lut5_I0_O)        0.124     9.686 r  u_soc/u_jtag/dr_reg[36]_i_1/O
                         net (fo=1, routed)           0.000     9.686    u_soc/u_jtag/dr_reg[36]_i_1_n_0
    SLICE_X56Y62         FDRE                                         r  u_soc/u_jtag/dr_reg_reg[36]/D
  -------------------------------------------------------------------    -------------------

                         (clock jtag_tck_clk rise edge)
                                                      0.000     0.000 r  
    K1                                                0.000     0.000 r  JTAG_TCK (IN)
                         net (fo=0)                   0.000     0.000    JTAG_TCK
    K1                   IBUF (Prop_ibuf_I_O)         1.390     1.390 r  JTAG_TCK_IBUF_inst/O
                         net (fo=1, routed)           1.957     3.348    JTAG_TCK_IBUF
    BUFGCTRL_X0Y1        BUFG (Prop_bufg_I_O)         0.091     3.439 r  JTAG_TCK_IBUF_BUFG_inst/O
                         net (fo=154, routed)         1.498     4.937    u_soc/u_jtag/JTAG_TCK_IBUF_BUFG
    SLICE_X56Y62         FDRE                                         r  u_soc/u_jtag/dr_reg_reg[36]/C

Slack:                    inf
  Source:                 u_soc/u_jtag/bus_rdata_result_reg[30]/C
                            (rising edge-triggered cell FDCE clocked by clk_50mhz  {rise@0.000ns fall@10.000ns period=20.000ns})
  Destination:            u_soc/u_jtag/dr_reg_reg[62]/D
                            (rising edge-triggered cell FDRE clocked by jtag_tck_clk  {rise@0.000ns fall@50.000ns period=100.000ns})
  Path Group:             (none)
  Path Type:              Setup (Max at Slow Process Corner)
  Data Path Delay:        1.531ns  (logic 0.779ns (50.894%)  route 0.752ns (49.106%))
  Logic Levels:           1  (LUT5=1)
  Clock Path Skew:        -3.200ns (DCD - SCD + CPR)
    Destination Clock Delay (DCD):    4.939ns
    Source Clock Delay      (SCD):    8.139ns
    Clock Pessimism Removal (CPR):    0.000ns
  Clock Uncertainty:      0.035ns  ((TSJ^2 + TIJ^2)^1/2 + DJ) / 2 + PE
    Total System Jitter     (TSJ):    0.071ns
    Total Input Jitter      (TIJ):    0.000ns
    Discrete Jitter          (DJ):    0.000ns
    Phase Error              (PE):    0.000ns
  Timing Exception:       Asynchronous Clock Groups

    Location             Delay type                Incr(ns)  Path(ns)    Netlist Resource(s)
  -------------------------------------------------------------------    -------------------
                         (clock clk_50mhz rise edge)
                                                      0.000     0.000 r  
    E3                                                0.000     0.000 r  CLK100MHZ (IN)
                         net (fo=0)                   0.000     0.000    CLK100MHZ
    E3                   IBUF (Prop_ibuf_I_O)         1.482     1.482 r  CLK100MHZ_IBUF_inst/O
                         net (fo=1, routed)           2.025     3.506    CLK100MHZ_IBUF
    BUFGCTRL_X0Y16       BUFG (Prop_bufg_I_O)         0.096     3.602 r  CLK100MHZ_IBUF_BUFG_inst/O
                         net (fo=1, routed)           1.625     5.228    CLK100MHZ_IBUF_BUFG
    SLICE_X52Y96         FDRE (Prop_fdre_C_Q)         0.456     5.684 r  clk_50mhz_reg_reg/Q
                         net (fo=2, routed)           0.736     6.419    clk_50mhz_reg
    BUFGCTRL_X0Y0        BUFG (Prop_bufg_I_O)         0.096     6.515 r  bufg_clk/O
                         net (fo=5821, routed)        1.623     8.139    u_soc/u_jtag/clk_50mhz
    SLICE_X62Y65         FDCE                                         r  u_soc/u_jtag/bus_rdata_result_reg[30]/C
  -------------------------------------------------------------------    -------------------
    SLICE_X62Y65         FDCE (Prop_fdce_C_Q)         0.478     8.617 r  u_soc/u_jtag/bus_rdata_result_reg[30]/Q
                         net (fo=2, routed)           0.752     9.368    u_soc/u_jtag/bus_rdata_result__0[30]
    SLICE_X61Y65         LUT5 (Prop_lut5_I0_O)        0.301     9.669 r  u_soc/u_jtag/dr_reg[62]_i_1/O
                         net (fo=1, routed)           0.000     9.669    u_soc/u_jtag/dr_reg[62]_i_1_n_0
    SLICE_X61Y65         FDRE                                         r  u_soc/u_jtag/dr_reg_reg[62]/D
  -------------------------------------------------------------------    -------------------

                         (clock jtag_tck_clk rise edge)
                                                      0.000     0.000 r  
    K1                                                0.000     0.000 r  JTAG_TCK (IN)
                         net (fo=0)                   0.000     0.000    JTAG_TCK
    K1                   IBUF (Prop_ibuf_I_O)         1.390     1.390 r  JTAG_TCK_IBUF_inst/O
                         net (fo=1, routed)           1.957     3.348    JTAG_TCK_IBUF
    BUFGCTRL_X0Y1        BUFG (Prop_bufg_I_O)         0.091     3.439 r  JTAG_TCK_IBUF_BUFG_inst/O
                         net (fo=154, routed)         1.500     4.939    u_soc/u_jtag/JTAG_TCK_IBUF_BUFG
    SLICE_X61Y65         FDRE                                         r  u_soc/u_jtag/dr_reg_reg[62]/C

Slack:                    inf
  Source:                 u_soc/u_jtag/bus_rdata_result_reg[29]/C
                            (rising edge-triggered cell FDCE clocked by clk_50mhz  {rise@0.000ns fall@10.000ns period=20.000ns})
  Destination:            u_soc/u_jtag/dr_reg_reg[61]/D
                            (rising edge-triggered cell FDRE clocked by jtag_tck_clk  {rise@0.000ns fall@50.000ns period=100.000ns})
  Path Group:             (none)
  Path Type:              Setup (Max at Slow Process Corner)
  Data Path Delay:        1.504ns  (logic 0.773ns (51.394%)  route 0.731ns (48.606%))
  Logic Levels:           1  (LUT5=1)
  Clock Path Skew:        -3.200ns (DCD - SCD + CPR)
    Destination Clock Delay (DCD):    4.939ns
    Source Clock Delay      (SCD):    8.139ns
    Clock Pessimism Removal (CPR):    0.000ns
  Clock Uncertainty:      0.035ns  ((TSJ^2 + TIJ^2)^1/2 + DJ) / 2 + PE
    Total System Jitter     (TSJ):    0.071ns
    Total Input Jitter      (TIJ):    0.000ns
    Discrete Jitter          (DJ):    0.000ns
    Phase Error              (PE):    0.000ns
  Timing Exception:       Asynchronous Clock Groups

    Location             Delay type                Incr(ns)  Path(ns)    Netlist Resource(s)
  -------------------------------------------------------------------    -------------------
                         (clock clk_50mhz rise edge)
                                                      0.000     0.000 r  
    E3                                                0.000     0.000 r  CLK100MHZ (IN)
                         net (fo=0)                   0.000     0.000    CLK100MHZ
    E3                   IBUF (Prop_ibuf_I_O)         1.482     1.482 r  CLK100MHZ_IBUF_inst/O
                         net (fo=1, routed)           2.025     3.506    CLK100MHZ_IBUF
    BUFGCTRL_X0Y16       BUFG (Prop_bufg_I_O)         0.096     3.602 r  CLK100MHZ_IBUF_BUFG_inst/O
                         net (fo=1, routed)           1.625     5.228    CLK100MHZ_IBUF_BUFG
    SLICE_X52Y96         FDRE (Prop_fdre_C_Q)         0.456     5.684 r  clk_50mhz_reg_reg/Q
                         net (fo=2, routed)           0.736     6.419    clk_50mhz_reg
    BUFGCTRL_X0Y0        BUFG (Prop_bufg_I_O)         0.096     6.515 r  bufg_clk/O
                         net (fo=5821, routed)        1.623     8.139    u_soc/u_jtag/clk_50mhz
    SLICE_X62Y65         FDCE                                         r  u_soc/u_jtag/bus_rdata_result_reg[29]/C
  -------------------------------------------------------------------    -------------------
    SLICE_X62Y65         FDCE (Prop_fdce_C_Q)         0.478     8.617 r  u_soc/u_jtag/bus_rdata_result_reg[29]/Q
                         net (fo=2, routed)           0.731     9.348    u_soc/u_jtag/bus_rdata_result__0[29]
    SLICE_X63Y67         LUT5 (Prop_lut5_I0_O)        0.295     9.643 r  u_soc/u_jtag/dr_reg[61]_i_1/O
                         net (fo=1, routed)           0.000     9.643    u_soc/u_jtag/dr_reg[61]_i_1_n_0
    SLICE_X63Y67         FDRE                                         r  u_soc/u_jtag/dr_reg_reg[61]/D
  -------------------------------------------------------------------    -------------------

                         (clock jtag_tck_clk rise edge)
                                                      0.000     0.000 r  
    K1                                                0.000     0.000 r  JTAG_TCK (IN)
                         net (fo=0)                   0.000     0.000    JTAG_TCK
    K1                   IBUF (Prop_ibuf_I_O)         1.390     1.390 r  JTAG_TCK_IBUF_inst/O
                         net (fo=1, routed)           1.957     3.348    JTAG_TCK_IBUF
    BUFGCTRL_X0Y1        BUFG (Prop_bufg_I_O)         0.091     3.439 r  JTAG_TCK_IBUF_BUFG_inst/O
                         net (fo=154, routed)         1.500     4.939    u_soc/u_jtag/JTAG_TCK_IBUF_BUFG
    SLICE_X63Y67         FDRE                                         r  u_soc/u_jtag/dr_reg_reg[61]/C

Slack:                    inf
  Source:                 u_soc/u_jtag/bus_rdata_result_reg[22]/C
                            (rising edge-triggered cell FDCE clocked by clk_50mhz  {rise@0.000ns fall@10.000ns period=20.000ns})
  Destination:            u_soc/u_jtag/dr_reg_reg[54]/D
                            (rising edge-triggered cell FDRE clocked by jtag_tck_clk  {rise@0.000ns fall@50.000ns period=100.000ns})
  Path Group:             (none)
  Path Type:              Setup (Max at Slow Process Corner)
  Data Path Delay:        1.475ns  (logic 0.642ns (43.539%)  route 0.833ns (56.461%))
  Logic Levels:           1  (LUT5=1)
  Clock Path Skew:        -3.197ns (DCD - SCD + CPR)
    Destination Clock Delay (DCD):    4.942ns
    Source Clock Delay      (SCD):    8.139ns
    Clock Pessimism Removal (CPR):    0.000ns
  Clock Uncertainty:      0.035ns  ((TSJ^2 + TIJ^2)^1/2 + DJ) / 2 + PE
    Total System Jitter     (TSJ):    0.071ns
    Total Input Jitter      (TIJ):    0.000ns
    Discrete Jitter          (DJ):    0.000ns
    Phase Error              (PE):    0.000ns
  Timing Exception:       Asynchronous Clock Groups

    Location             Delay type                Incr(ns)  Path(ns)    Netlist Resource(s)
  -------------------------------------------------------------------    -------------------
                         (clock clk_50mhz rise edge)
                                                      0.000     0.000 r  
    E3                                                0.000     0.000 r  CLK100MHZ (IN)
                         net (fo=0)                   0.000     0.000    CLK100MHZ
    E3                   IBUF (Prop_ibuf_I_O)         1.482     1.482 r  CLK100MHZ_IBUF_inst/O
                         net (fo=1, routed)           2.025     3.506    CLK100MHZ_IBUF
    BUFGCTRL_X0Y16       BUFG (Prop_bufg_I_O)         0.096     3.602 r  CLK100MHZ_IBUF_BUFG_inst/O
                         net (fo=1, routed)           1.625     5.228    CLK100MHZ_IBUF_BUFG
    SLICE_X52Y96         FDRE (Prop_fdre_C_Q)         0.456     5.684 r  clk_50mhz_reg_reg/Q
                         net (fo=2, routed)           0.736     6.419    clk_50mhz_reg
    BUFGCTRL_X0Y0        BUFG (Prop_bufg_I_O)         0.096     6.515 r  bufg_clk/O
                         net (fo=5821, routed)        1.623     8.139    u_soc/u_jtag/clk_50mhz
    SLICE_X62Y65         FDCE                                         r  u_soc/u_jtag/bus_rdata_result_reg[22]/C
  -------------------------------------------------------------------    -------------------
    SLICE_X62Y65         FDCE (Prop_fdce_C_Q)         0.518     8.657 r  u_soc/u_jtag/bus_rdata_result_reg[22]/Q
                         net (fo=2, routed)           0.833     9.489    u_soc/u_jtag/bus_rdata_result__0[22]
    SLICE_X66Y65         LUT5 (Prop_lut5_I0_O)        0.124     9.613 r  u_soc/u_jtag/dr_reg[54]_i_1/O
                         net (fo=1, routed)           0.000     9.613    u_soc/u_jtag/dr_reg[54]_i_1_n_0
    SLICE_X66Y65         FDRE                                         r  u_soc/u_jtag/dr_reg_reg[54]/D
  -------------------------------------------------------------------    -------------------

                         (clock jtag_tck_clk rise edge)
                                                      0.000     0.000 r  
    K1                                                0.000     0.000 r  JTAG_TCK (IN)
                         net (fo=0)                   0.000     0.000    JTAG_TCK
    K1                   IBUF (Prop_ibuf_I_O)         1.390     1.390 r  JTAG_TCK_IBUF_inst/O
                         net (fo=1, routed)           1.957     3.348    JTAG_TCK_IBUF
    BUFGCTRL_X0Y1        BUFG (Prop_bufg_I_O)         0.091     3.439 r  JTAG_TCK_IBUF_BUFG_inst/O
                         net (fo=154, routed)         1.503     4.942    u_soc/u_jtag/JTAG_TCK_IBUF_BUFG
    SLICE_X66Y65         FDRE                                         r  u_soc/u_jtag/dr_reg_reg[54]/C

Slack:                    inf
  Source:                 u_soc/u_jtag/bus_rdata_result_reg[0]/C
                            (rising edge-triggered cell FDCE clocked by clk_50mhz  {rise@0.000ns fall@10.000ns period=20.000ns})
  Destination:            u_soc/u_jtag/dr_reg_reg[32]/D
                            (rising edge-triggered cell FDRE clocked by jtag_tck_clk  {rise@0.000ns fall@50.000ns period=100.000ns})
  Path Group:             (none)
  Path Type:              Setup (Max at Slow Process Corner)
  Data Path Delay:        1.465ns  (logic 0.642ns (43.836%)  route 0.823ns (56.164%))
  Logic Levels:           1  (LUT5=1)
  Clock Path Skew:        -3.199ns (DCD - SCD + CPR)
    Destination Clock Delay (DCD):    4.936ns
    Source Clock Delay      (SCD):    8.135ns
    Clock Pessimism Removal (CPR):    0.000ns
  Clock Uncertainty:      0.035ns  ((TSJ^2 + TIJ^2)^1/2 + DJ) / 2 + PE
    Total System Jitter     (TSJ):    0.071ns
    Total Input Jitter      (TIJ):    0.000ns
    Discrete Jitter          (DJ):    0.000ns
    Phase Error              (PE):    0.000ns
  Timing Exception:       Asynchronous Clock Groups

    Location             Delay type                Incr(ns)  Path(ns)    Netlist Resource(s)
  -------------------------------------------------------------------    -------------------
                         (clock clk_50mhz rise edge)
                                                      0.000     0.000 r  
    E3                                                0.000     0.000 r  CLK100MHZ (IN)
                         net (fo=0)                   0.000     0.000    CLK100MHZ
    E3                   IBUF (Prop_ibuf_I_O)         1.482     1.482 r  CLK100MHZ_IBUF_inst/O
                         net (fo=1, routed)           2.025     3.506    CLK100MHZ_IBUF
    BUFGCTRL_X0Y16       BUFG (Prop_bufg_I_O)         0.096     3.602 r  CLK100MHZ_IBUF_BUFG_inst/O
                         net (fo=1, routed)           1.625     5.228    CLK100MHZ_IBUF_BUFG
    SLICE_X52Y96         FDRE (Prop_fdre_C_Q)         0.456     5.684 r  clk_50mhz_reg_reg/Q
                         net (fo=2, routed)           0.736     6.419    clk_50mhz_reg
    BUFGCTRL_X0Y0        BUFG (Prop_bufg_I_O)         0.096     6.515 r  bufg_clk/O
                         net (fo=5821, routed)        1.619     8.135    u_soc/u_jtag/clk_50mhz
    SLICE_X56Y63         FDCE                                         r  u_soc/u_jtag/bus_rdata_result_reg[0]/C
  -------------------------------------------------------------------    -------------------
    SLICE_X56Y63         FDCE (Prop_fdce_C_Q)         0.518     8.653 r  u_soc/u_jtag/bus_rdata_result_reg[0]/Q
                         net (fo=2, routed)           0.823     9.475    u_soc/u_jtag/bus_rdata_result__0[0]
    SLICE_X57Y64         LUT5 (Prop_lut5_I0_O)        0.124     9.599 r  u_soc/u_jtag/dr_reg[32]_i_1/O
                         net (fo=1, routed)           0.000     9.599    u_soc/u_jtag/dr_reg[32]_i_1_n_0
    SLICE_X57Y64         FDRE                                         r  u_soc/u_jtag/dr_reg_reg[32]/D
  -------------------------------------------------------------------    -------------------

                         (clock jtag_tck_clk rise edge)
                                                      0.000     0.000 r  
    K1                                                0.000     0.000 r  JTAG_TCK (IN)
                         net (fo=0)                   0.000     0.000    JTAG_TCK
    K1                   IBUF (Prop_ibuf_I_O)         1.390     1.390 r  JTAG_TCK_IBUF_inst/O
                         net (fo=1, routed)           1.957     3.348    JTAG_TCK_IBUF
    BUFGCTRL_X0Y1        BUFG (Prop_bufg_I_O)         0.091     3.439 r  JTAG_TCK_IBUF_BUFG_inst/O
                         net (fo=154, routed)         1.497     4.936    u_soc/u_jtag/JTAG_TCK_IBUF_BUFG
    SLICE_X57Y64         FDRE                                         r  u_soc/u_jtag/dr_reg_reg[32]/C





Min Delay Paths
--------------------------------------------------------------------------------------
Slack:                    inf
  Source:                 u_soc/u_jtag/bus_rdata_result_reg[5]/C
                            (rising edge-triggered cell FDCE clocked by clk_50mhz  {rise@0.000ns fall@10.000ns period=20.000ns})
  Destination:            u_soc/u_jtag/dr_reg_reg[37]/D
                            (rising edge-triggered cell FDRE clocked by jtag_tck_clk  {rise@0.000ns fall@50.000ns period=100.000ns})
  Path Group:             (none)
  Path Type:              Hold (Min at Fast Process Corner)
  Data Path Delay:        0.253ns  (logic 0.186ns (73.457%)  route 0.067ns (26.543%))
  Logic Levels:           1  (LUT5=1)
  Clock Path Skew:        -0.135ns (DCD - SCD - CPR)
    Destination Clock Delay (DCD):    2.356ns
    Source Clock Delay      (SCD):    2.492ns
    Clock Pessimism Removal (CPR):    -0.000ns
  Clock Uncertainty:      0.035ns  ((TSJ^2 + TIJ^2)^1/2 + DJ) / 2 + PE
    Total System Jitter     (TSJ):    0.071ns
    Total Input Jitter      (TIJ):    0.000ns
    Discrete Jitter          (DJ):    0.000ns
    Phase Error              (PE):    0.000ns
  Timing Exception:       Asynchronous Clock Groups

    Location             Delay type                Incr(ns)  Path(ns)    Netlist Resource(s)
  -------------------------------------------------------------------    -------------------
                         (clock clk_50mhz rise edge)
                                                      0.000     0.000 r  
    E3                                                0.000     0.000 r  CLK100MHZ (IN)
                         net (fo=0)                   0.000     0.000    CLK100MHZ
    E3                   IBUF (Prop_ibuf_I_O)         0.250     0.250 r  CLK100MHZ_IBUF_inst/O
                         net (fo=1, routed)           0.644     0.894    CLK100MHZ_IBUF
    BUFGCTRL_X0Y16       BUFG (Prop_bufg_I_O)         0.026     0.920 r  CLK100MHZ_IBUF_BUFG_inst/O
                         net (fo=1, routed)           0.564     1.483    CLK100MHZ_IBUF_BUFG
    SLICE_X52Y96         FDRE (Prop_fdre_C_Q)         0.141     1.624 r  clk_50mhz_reg_reg/Q
                         net (fo=2, routed)           0.282     1.906    clk_50mhz_reg
    BUFGCTRL_X0Y0        BUFG (Prop_bufg_I_O)         0.026     1.932 r  bufg_clk/O
                         net (fo=5821, routed)        0.560     2.492    u_soc/u_jtag/clk_50mhz
    SLICE_X55Y61         FDCE                                         r  u_soc/u_jtag/bus_rdata_result_reg[5]/C
  -------------------------------------------------------------------    -------------------
    SLICE_X55Y61         FDCE (Prop_fdce_C_Q)         0.141     2.633 r  u_soc/u_jtag/bus_rdata_result_reg[5]/Q
                         net (fo=2, routed)           0.067     2.700    u_soc/u_jtag/bus_rdata_result__0[5]
    SLICE_X54Y61         LUT5 (Prop_lut5_I0_O)        0.045     2.745 r  u_soc/u_jtag/dr_reg[37]_i_1/O
                         net (fo=1, routed)           0.000     2.745    u_soc/u_jtag/dr_reg[37]_i_1_n_0
    SLICE_X54Y61         FDRE                                         r  u_soc/u_jtag/dr_reg_reg[37]/D
  -------------------------------------------------------------------    -------------------

                         (clock jtag_tck_clk rise edge)
                                                      0.000     0.000 r  
    K1                                                0.000     0.000 r  JTAG_TCK (IN)
                         net (fo=0)                   0.000     0.000    JTAG_TCK
    K1                   IBUF (Prop_ibuf_I_O)         0.416     0.416 r  JTAG_TCK_IBUF_inst/O
                         net (fo=1, routed)           1.081     1.498    JTAG_TCK_IBUF
    BUFGCTRL_X0Y1        BUFG (Prop_bufg_I_O)         0.029     1.527 r  JTAG_TCK_IBUF_BUFG_inst/O
                         net (fo=154, routed)         0.830     2.356    u_soc/u_jtag/JTAG_TCK_IBUF_BUFG
    SLICE_X54Y61         FDRE                                         r  u_soc/u_jtag/dr_reg_reg[37]/C

Slack:                    inf
  Source:                 u_soc/u_jtag/bus_rdata_result_reg[28]/C
                            (rising edge-triggered cell FDCE clocked by clk_50mhz  {rise@0.000ns fall@10.000ns period=20.000ns})
  Destination:            u_soc/u_jtag/dr_reg_reg[60]/D
                            (rising edge-triggered cell FDRE clocked by jtag_tck_clk  {rise@0.000ns fall@50.000ns period=100.000ns})
  Path Group:             (none)
  Path Type:              Hold (Min at Fast Process Corner)
  Data Path Delay:        0.272ns  (logic 0.209ns (76.771%)  route 0.063ns (23.229%))
  Logic Levels:           1  (LUT5=1)
  Clock Path Skew:        -0.136ns (DCD - SCD - CPR)
    Destination Clock Delay (DCD):    2.355ns
    Source Clock Delay      (SCD):    2.492ns
    Clock Pessimism Removal (CPR):    -0.000ns
  Clock Uncertainty:      0.035ns  ((TSJ^2 + TIJ^2)^1/2 + DJ) / 2 + PE
    Total System Jitter     (TSJ):    0.071ns
    Total Input Jitter      (TIJ):    0.000ns
    Discrete Jitter          (DJ):    0.000ns
    Phase Error              (PE):    0.000ns
  Timing Exception:       Asynchronous Clock Groups

    Location             Delay type                Incr(ns)  Path(ns)    Netlist Resource(s)
  -------------------------------------------------------------------    -------------------
                         (clock clk_50mhz rise edge)
                                                      0.000     0.000 r  
    E3                                                0.000     0.000 r  CLK100MHZ (IN)
                         net (fo=0)                   0.000     0.000    CLK100MHZ
    E3                   IBUF (Prop_ibuf_I_O)         0.250     0.250 r  CLK100MHZ_IBUF_inst/O
                         net (fo=1, routed)           0.644     0.894    CLK100MHZ_IBUF
    BUFGCTRL_X0Y16       BUFG (Prop_bufg_I_O)         0.026     0.920 r  CLK100MHZ_IBUF_BUFG_inst/O
                         net (fo=1, routed)           0.564     1.483    CLK100MHZ_IBUF_BUFG
    SLICE_X52Y96         FDRE (Prop_fdre_C_Q)         0.141     1.624 r  clk_50mhz_reg_reg/Q
                         net (fo=2, routed)           0.282     1.906    clk_50mhz_reg
    BUFGCTRL_X0Y0        BUFG (Prop_bufg_I_O)         0.026     1.932 r  bufg_clk/O
                         net (fo=5821, routed)        0.560     2.492    u_soc/u_jtag/clk_50mhz
    SLICE_X62Y67         FDCE                                         r  u_soc/u_jtag/bus_rdata_result_reg[28]/C
  -------------------------------------------------------------------    -------------------
    SLICE_X62Y67         FDCE (Prop_fdce_C_Q)         0.164     2.656 r  u_soc/u_jtag/bus_rdata_result_reg[28]/Q
                         net (fo=2, routed)           0.063     2.719    u_soc/u_jtag/bus_rdata_result__0[28]
    SLICE_X63Y67         LUT5 (Prop_lut5_I0_O)        0.045     2.764 r  u_soc/u_jtag/dr_reg[60]_i_1/O
                         net (fo=1, routed)           0.000     2.764    u_soc/u_jtag/dr_reg[60]_i_1_n_0
    SLICE_X63Y67         FDRE                                         r  u_soc/u_jtag/dr_reg_reg[60]/D
  -------------------------------------------------------------------    -------------------

                         (clock jtag_tck_clk rise edge)
                                                      0.000     0.000 r  
    K1                                                0.000     0.000 r  JTAG_TCK (IN)
                         net (fo=0)                   0.000     0.000    JTAG_TCK
    K1                   IBUF (Prop_ibuf_I_O)         0.416     0.416 r  JTAG_TCK_IBUF_inst/O
                         net (fo=1, routed)           1.081     1.498    JTAG_TCK_IBUF
    BUFGCTRL_X0Y1        BUFG (Prop_bufg_I_O)         0.029     1.527 r  JTAG_TCK_IBUF_BUFG_inst/O
                         net (fo=154, routed)         0.829     2.355    u_soc/u_jtag/JTAG_TCK_IBUF_BUFG
    SLICE_X63Y67         FDRE                                         r  u_soc/u_jtag/dr_reg_reg[60]/C

Slack:                    inf
  Source:                 u_soc/u_jtag/bus_rdata_result_reg[16]/C
                            (rising edge-triggered cell FDCE clocked by clk_50mhz  {rise@0.000ns fall@10.000ns period=20.000ns})
  Destination:            u_soc/u_jtag/dr_reg_reg[48]/D
                            (rising edge-triggered cell FDRE clocked by jtag_tck_clk  {rise@0.000ns fall@50.000ns period=100.000ns})
  Path Group:             (none)
  Path Type:              Hold (Min at Fast Process Corner)
  Data Path Delay:        0.274ns  (logic 0.209ns (76.377%)  route 0.065ns (23.623%))
  Logic Levels:           1  (LUT5=1)
  Clock Path Skew:        -0.136ns (DCD - SCD - CPR)
    Destination Clock Delay (DCD):    2.355ns
    Source Clock Delay      (SCD):    2.492ns
    Clock Pessimism Removal (CPR):    -0.000ns
  Clock Uncertainty:      0.035ns  ((TSJ^2 + TIJ^2)^1/2 + DJ) / 2 + PE
    Total System Jitter     (TSJ):    0.071ns
    Total Input Jitter      (TIJ):    0.000ns
    Discrete Jitter          (DJ):    0.000ns
    Phase Error              (PE):    0.000ns
  Timing Exception:       Asynchronous Clock Groups

    Location             Delay type                Incr(ns)  Path(ns)    Netlist Resource(s)
  -------------------------------------------------------------------    -------------------
                         (clock clk_50mhz rise edge)
                                                      0.000     0.000 r  
    E3                                                0.000     0.000 r  CLK100MHZ (IN)
                         net (fo=0)                   0.000     0.000    CLK100MHZ
    E3                   IBUF (Prop_ibuf_I_O)         0.250     0.250 r  CLK100MHZ_IBUF_inst/O
                         net (fo=1, routed)           0.644     0.894    CLK100MHZ_IBUF
    BUFGCTRL_X0Y16       BUFG (Prop_bufg_I_O)         0.026     0.920 r  CLK100MHZ_IBUF_BUFG_inst/O
                         net (fo=1, routed)           0.564     1.483    CLK100MHZ_IBUF_BUFG
    SLICE_X52Y96         FDRE (Prop_fdre_C_Q)         0.141     1.624 r  clk_50mhz_reg_reg/Q
                         net (fo=2, routed)           0.282     1.906    clk_50mhz_reg
    BUFGCTRL_X0Y0        BUFG (Prop_bufg_I_O)         0.026     1.932 r  bufg_clk/O
                         net (fo=5821, routed)        0.560     2.492    u_soc/u_jtag/clk_50mhz
    SLICE_X58Y65         FDCE                                         r  u_soc/u_jtag/bus_rdata_result_reg[16]/C
  -------------------------------------------------------------------    -------------------
    SLICE_X58Y65         FDCE (Prop_fdce_C_Q)         0.164     2.656 r  u_soc/u_jtag/bus_rdata_result_reg[16]/Q
                         net (fo=2, routed)           0.065     2.720    u_soc/u_jtag/bus_rdata_result__0[16]
    SLICE_X59Y65         LUT5 (Prop_lut5_I0_O)        0.045     2.765 r  u_soc/u_jtag/dr_reg[48]_i_1/O
                         net (fo=1, routed)           0.000     2.765    u_soc/u_jtag/dr_reg[48]_i_1_n_0
    SLICE_X59Y65         FDRE                                         r  u_soc/u_jtag/dr_reg_reg[48]/D
  -------------------------------------------------------------------    -------------------

                         (clock jtag_tck_clk rise edge)
                                                      0.000     0.000 r  
    K1                                                0.000     0.000 r  JTAG_TCK (IN)
                         net (fo=0)                   0.000     0.000    JTAG_TCK
    K1                   IBUF (Prop_ibuf_I_O)         0.416     0.416 r  JTAG_TCK_IBUF_inst/O
                         net (fo=1, routed)           1.081     1.498    JTAG_TCK_IBUF
    BUFGCTRL_X0Y1        BUFG (Prop_bufg_I_O)         0.029     1.527 r  JTAG_TCK_IBUF_BUFG_inst/O
                         net (fo=154, routed)         0.829     2.355    u_soc/u_jtag/JTAG_TCK_IBUF_BUFG
    SLICE_X59Y65         FDRE                                         r  u_soc/u_jtag/dr_reg_reg[48]/C

Slack:                    inf
  Source:                 u_soc/u_jtag/bus_rdata_result_reg[21]/C
                            (rising edge-triggered cell FDCE clocked by clk_50mhz  {rise@0.000ns fall@10.000ns period=20.000ns})
  Destination:            u_soc/u_jtag/dr_reg_reg[53]/D
                            (rising edge-triggered cell FDRE clocked by jtag_tck_clk  {rise@0.000ns fall@50.000ns period=100.000ns})
  Path Group:             (none)
  Path Type:              Hold (Min at Fast Process Corner)
  Data Path Delay:        0.291ns  (logic 0.186ns (64.019%)  route 0.105ns (35.981%))
  Logic Levels:           1  (LUT5=1)
  Clock Path Skew:        -0.135ns (DCD - SCD - CPR)
    Destination Clock Delay (DCD):    2.355ns
    Source Clock Delay      (SCD):    2.491ns
    Clock Pessimism Removal (CPR):    -0.000ns
  Clock Uncertainty:      0.035ns  ((TSJ^2 + TIJ^2)^1/2 + DJ) / 2 + PE
    Total System Jitter     (TSJ):    0.071ns
    Total Input Jitter      (TIJ):    0.000ns
    Discrete Jitter          (DJ):    0.000ns
    Phase Error              (PE):    0.000ns
  Timing Exception:       Asynchronous Clock Groups

    Location             Delay type                Incr(ns)  Path(ns)    Netlist Resource(s)
  -------------------------------------------------------------------    -------------------
                         (clock clk_50mhz rise edge)
                                                      0.000     0.000 r  
    E3                                                0.000     0.000 r  CLK100MHZ (IN)
                         net (fo=0)                   0.000     0.000    CLK100MHZ
    E3                   IBUF (Prop_ibuf_I_O)         0.250     0.250 r  CLK100MHZ_IBUF_inst/O
                         net (fo=1, routed)           0.644     0.894    CLK100MHZ_IBUF
    BUFGCTRL_X0Y16       BUFG (Prop_bufg_I_O)         0.026     0.920 r  CLK100MHZ_IBUF_BUFG_inst/O
                         net (fo=1, routed)           0.564     1.483    CLK100MHZ_IBUF_BUFG
    SLICE_X52Y96         FDRE (Prop_fdre_C_Q)         0.141     1.624 r  clk_50mhz_reg_reg/Q
                         net (fo=2, routed)           0.282     1.906    clk_50mhz_reg
    BUFGCTRL_X0Y0        BUFG (Prop_bufg_I_O)         0.026     1.932 r  bufg_clk/O
                         net (fo=5821, routed)        0.559     2.491    u_soc/u_jtag/clk_50mhz
    SLICE_X59Y66         FDCE                                         r  u_soc/u_jtag/bus_rdata_result_reg[21]/C
  -------------------------------------------------------------------    -------------------
    SLICE_X59Y66         FDCE (Prop_fdce_C_Q)         0.141     2.632 r  u_soc/u_jtag/bus_rdata_result_reg[21]/Q
                         net (fo=2, routed)           0.105     2.736    u_soc/u_jtag/bus_rdata_result__0[21]
    SLICE_X61Y65         LUT5 (Prop_lut5_I0_O)        0.045     2.781 r  u_soc/u_jtag/dr_reg[53]_i_1/O
                         net (fo=1, routed)           0.000     2.781    u_soc/u_jtag/dr_reg[53]_i_1_n_0
    SLICE_X61Y65         FDRE                                         r  u_soc/u_jtag/dr_reg_reg[53]/D
  -------------------------------------------------------------------    -------------------

                         (clock jtag_tck_clk rise edge)
                                                      0.000     0.000 r  
    K1                                                0.000     0.000 r  JTAG_TCK (IN)
                         net (fo=0)                   0.000     0.000    JTAG_TCK
    K1                   IBUF (Prop_ibuf_I_O)         0.416     0.416 r  JTAG_TCK_IBUF_inst/O
                         net (fo=1, routed)           1.081     1.498    JTAG_TCK_IBUF
    BUFGCTRL_X0Y1        BUFG (Prop_bufg_I_O)         0.029     1.527 r  JTAG_TCK_IBUF_BUFG_inst/O
                         net (fo=154, routed)         0.829     2.355    u_soc/u_jtag/JTAG_TCK_IBUF_BUFG
    SLICE_X61Y65         FDRE                                         r  u_soc/u_jtag/dr_reg_reg[53]/C

Slack:                    inf
  Source:                 u_soc/u_jtag/bus_rdata_result_reg[23]/C
                            (rising edge-triggered cell FDCE clocked by clk_50mhz  {rise@0.000ns fall@10.000ns period=20.000ns})
  Destination:            u_soc/u_jtag/dr_reg_reg[55]/D
                            (rising edge-triggered cell FDRE clocked by jtag_tck_clk  {rise@0.000ns fall@50.000ns period=100.000ns})
  Path Group:             (none)
  Path Type:              Hold (Min at Fast Process Corner)
  Data Path Delay:        0.336ns  (logic 0.209ns (62.284%)  route 0.127ns (37.716%))
  Logic Levels:           1  (LUT5=1)
  Clock Path Skew:        -0.135ns (DCD - SCD - CPR)
    Destination Clock Delay (DCD):    2.358ns
    Source Clock Delay      (SCD):    2.494ns
    Clock Pessimism Removal (CPR):    -0.000ns
  Clock Uncertainty:      0.035ns  ((TSJ^2 + TIJ^2)^1/2 + DJ) / 2 + PE
    Total System Jitter     (TSJ):    0.071ns
    Total Input Jitter      (TIJ):    0.000ns
    Discrete Jitter          (DJ):    0.000ns
    Phase Error              (PE):    0.000ns
  Timing Exception:       Asynchronous Clock Groups

    Location             Delay type                Incr(ns)  Path(ns)    Netlist Resource(s)
  -------------------------------------------------------------------    -------------------
                         (clock clk_50mhz rise edge)
                                                      0.000     0.000 r  
    E3                                                0.000     0.000 r  CLK100MHZ (IN)
                         net (fo=0)                   0.000     0.000    CLK100MHZ
    E3                   IBUF (Prop_ibuf_I_O)         0.250     0.250 r  CLK100MHZ_IBUF_inst/O
                         net (fo=1, routed)           0.644     0.894    CLK100MHZ_IBUF
    BUFGCTRL_X0Y16       BUFG (Prop_bufg_I_O)         0.026     0.920 r  CLK100MHZ_IBUF_BUFG_inst/O
                         net (fo=1, routed)           0.564     1.483    CLK100MHZ_IBUF_BUFG
    SLICE_X52Y96         FDRE (Prop_fdre_C_Q)         0.141     1.624 r  clk_50mhz_reg_reg/Q
                         net (fo=2, routed)           0.282     1.906    clk_50mhz_reg
    BUFGCTRL_X0Y0        BUFG (Prop_bufg_I_O)         0.026     1.932 r  bufg_clk/O
                         net (fo=5821, routed)        0.562     2.494    u_soc/u_jtag/clk_50mhz
    SLICE_X62Y65         FDCE                                         r  u_soc/u_jtag/bus_rdata_result_reg[23]/C
  -------------------------------------------------------------------    -------------------
    SLICE_X62Y65         FDCE (Prop_fdce_C_Q)         0.164     2.658 r  u_soc/u_jtag/bus_rdata_result_reg[23]/Q
                         net (fo=2, routed)           0.127     2.784    u_soc/u_jtag/bus_rdata_result__0[23]
    SLICE_X66Y65         LUT5 (Prop_lut5_I0_O)        0.045     2.829 r  u_soc/u_jtag/dr_reg[55]_i_1/O
                         net (fo=1, routed)           0.000     2.829    u_soc/u_jtag/dr_reg[55]_i_1_n_0
    SLICE_X66Y65         FDRE                                         r  u_soc/u_jtag/dr_reg_reg[55]/D
  -------------------------------------------------------------------    -------------------

                         (clock jtag_tck_clk rise edge)
                                                      0.000     0.000 r  
    K1                                                0.000     0.000 r  JTAG_TCK (IN)
                         net (fo=0)                   0.000     0.000    JTAG_TCK
    K1                   IBUF (Prop_ibuf_I_O)         0.416     0.416 r  JTAG_TCK_IBUF_inst/O
                         net (fo=1, routed)           1.081     1.498    JTAG_TCK_IBUF
    BUFGCTRL_X0Y1        BUFG (Prop_bufg_I_O)         0.029     1.527 r  JTAG_TCK_IBUF_BUFG_inst/O
                         net (fo=154, routed)         0.832     2.358    u_soc/u_jtag/JTAG_TCK_IBUF_BUFG
    SLICE_X66Y65         FDRE                                         r  u_soc/u_jtag/dr_reg_reg[55]/C

Slack:                    inf
  Source:                 u_soc/u_jtag/bus_rdata_result_reg[1]/C
                            (rising edge-triggered cell FDCE clocked by clk_50mhz  {rise@0.000ns fall@10.000ns period=20.000ns})
  Destination:            u_soc/u_jtag/dr_reg_reg[33]/D
                            (rising edge-triggered cell FDRE clocked by jtag_tck_clk  {rise@0.000ns fall@50.000ns period=100.000ns})
  Path Group:             (none)
  Path Type:              Hold (Min at Fast Process Corner)
  Data Path Delay:        0.381ns  (logic 0.246ns (64.612%)  route 0.135ns (35.388%))
  Logic Levels:           1  (LUT5=1)
  Clock Path Skew:        -0.137ns (DCD - SCD - CPR)
    Destination Clock Delay (DCD):    2.353ns
    Source Clock Delay      (SCD):    2.491ns
    Clock Pessimism Removal (CPR):    -0.000ns
  Clock Uncertainty:      0.035ns  ((TSJ^2 + TIJ^2)^1/2 + DJ) / 2 + PE
    Total System Jitter     (TSJ):    0.071ns
    Total Input Jitter      (TIJ):    0.000ns
    Discrete Jitter          (DJ):    0.000ns
    Phase Error              (PE):    0.000ns
  Timing Exception:       Asynchronous Clock Groups

    Location             Delay type                Incr(ns)  Path(ns)    Netlist Resource(s)
  -------------------------------------------------------------------    -------------------
                         (clock clk_50mhz rise edge)
                                                      0.000     0.000 r  
    E3                                                0.000     0.000 r  CLK100MHZ (IN)
                         net (fo=0)                   0.000     0.000    CLK100MHZ
    E3                   IBUF (Prop_ibuf_I_O)         0.250     0.250 r  CLK100MHZ_IBUF_inst/O
                         net (fo=1, routed)           0.644     0.894    CLK100MHZ_IBUF
    BUFGCTRL_X0Y16       BUFG (Prop_bufg_I_O)         0.026     0.920 r  CLK100MHZ_IBUF_BUFG_inst/O
                         net (fo=1, routed)           0.564     1.483    CLK100MHZ_IBUF_BUFG
    SLICE_X52Y96         FDRE (Prop_fdre_C_Q)         0.141     1.624 r  clk_50mhz_reg_reg/Q
                         net (fo=2, routed)           0.282     1.906    clk_50mhz_reg
    BUFGCTRL_X0Y0        BUFG (Prop_bufg_I_O)         0.026     1.932 r  bufg_clk/O
                         net (fo=5821, routed)        0.559     2.491    u_soc/u_jtag/clk_50mhz
    SLICE_X56Y63         FDCE                                         r  u_soc/u_jtag/bus_rdata_result_reg[1]/C
  -------------------------------------------------------------------    -------------------
    SLICE_X56Y63         FDCE (Prop_fdce_C_Q)         0.148     2.639 r  u_soc/u_jtag/bus_rdata_result_reg[1]/Q
                         net (fo=2, routed)           0.135     2.773    u_soc/u_jtag/bus_rdata_result__0[1]
    SLICE_X54Y63         LUT5 (Prop_lut5_I0_O)        0.098     2.871 r  u_soc/u_jtag/dr_reg[33]_i_1/O
                         net (fo=1, routed)           0.000     2.871    u_soc/u_jtag/dr_reg[33]_i_1_n_0
    SLICE_X54Y63         FDRE                                         r  u_soc/u_jtag/dr_reg_reg[33]/D
  -------------------------------------------------------------------    -------------------

                         (clock jtag_tck_clk rise edge)
                                                      0.000     0.000 r  
    K1                                                0.000     0.000 r  JTAG_TCK (IN)
                         net (fo=0)                   0.000     0.000    JTAG_TCK
    K1                   IBUF (Prop_ibuf_I_O)         0.416     0.416 r  JTAG_TCK_IBUF_inst/O
                         net (fo=1, routed)           1.081     1.498    JTAG_TCK_IBUF
    BUFGCTRL_X0Y1        BUFG (Prop_bufg_I_O)         0.029     1.527 r  JTAG_TCK_IBUF_BUFG_inst/O
                         net (fo=154, routed)         0.827     2.353    u_soc/u_jtag/JTAG_TCK_IBUF_BUFG
    SLICE_X54Y63         FDRE                                         r  u_soc/u_jtag/dr_reg_reg[33]/C

Slack:                    inf
  Source:                 u_soc/u_jtag/bus_rdata_result_reg[8]/C
                            (rising edge-triggered cell FDCE clocked by clk_50mhz  {rise@0.000ns fall@10.000ns period=20.000ns})
  Destination:            u_soc/u_jtag/dr_reg_reg[40]/D
                            (rising edge-triggered cell FDRE clocked by jtag_tck_clk  {rise@0.000ns fall@50.000ns period=100.000ns})
  Path Group:             (none)
  Path Type:              Hold (Min at Fast Process Corner)
  Data Path Delay:        0.382ns  (logic 0.226ns (59.097%)  route 0.156ns (40.903%))
  Logic Levels:           1  (LUT5=1)
  Clock Path Skew:        -0.135ns (DCD - SCD - CPR)
    Destination Clock Delay (DCD):    2.356ns
    Source Clock Delay      (SCD):    2.492ns
    Clock Pessimism Removal (CPR):    -0.000ns
  Clock Uncertainty:      0.035ns  ((TSJ^2 + TIJ^2)^1/2 + DJ) / 2 + PE
    Total System Jitter     (TSJ):    0.071ns
    Total Input Jitter      (TIJ):    0.000ns
    Discrete Jitter          (DJ):    0.000ns
    Phase Error              (PE):    0.000ns
  Timing Exception:       Asynchronous Clock Groups

    Location             Delay type                Incr(ns)  Path(ns)    Netlist Resource(s)
  -------------------------------------------------------------------    -------------------
                         (clock clk_50mhz rise edge)
                                                      0.000     0.000 r  
    E3                                                0.000     0.000 r  CLK100MHZ (IN)
                         net (fo=0)                   0.000     0.000    CLK100MHZ
    E3                   IBUF (Prop_ibuf_I_O)         0.250     0.250 r  CLK100MHZ_IBUF_inst/O
                         net (fo=1, routed)           0.644     0.894    CLK100MHZ_IBUF
    BUFGCTRL_X0Y16       BUFG (Prop_bufg_I_O)         0.026     0.920 r  CLK100MHZ_IBUF_BUFG_inst/O
                         net (fo=1, routed)           0.564     1.483    CLK100MHZ_IBUF_BUFG
    SLICE_X52Y96         FDRE (Prop_fdre_C_Q)         0.141     1.624 r  clk_50mhz_reg_reg/Q
                         net (fo=2, routed)           0.282     1.906    clk_50mhz_reg
    BUFGCTRL_X0Y0        BUFG (Prop_bufg_I_O)         0.026     1.932 r  bufg_clk/O
                         net (fo=5821, routed)        0.560     2.492    u_soc/u_jtag/clk_50mhz
    SLICE_X55Y61         FDCE                                         r  u_soc/u_jtag/bus_rdata_result_reg[8]/C
  -------------------------------------------------------------------    -------------------
    SLICE_X55Y61         FDCE (Prop_fdce_C_Q)         0.128     2.620 r  u_soc/u_jtag/bus_rdata_result_reg[8]/Q
                         net (fo=2, routed)           0.156     2.776    u_soc/u_jtag/bus_rdata_result__0[8]
    SLICE_X54Y61         LUT5 (Prop_lut5_I0_O)        0.098     2.874 r  u_soc/u_jtag/dr_reg[40]_i_1/O
                         net (fo=1, routed)           0.000     2.874    u_soc/u_jtag/dr_reg[40]_i_1_n_0
    SLICE_X54Y61         FDRE                                         r  u_soc/u_jtag/dr_reg_reg[40]/D
  -------------------------------------------------------------------    -------------------

                         (clock jtag_tck_clk rise edge)
                                                      0.000     0.000 r  
    K1                                                0.000     0.000 r  JTAG_TCK (IN)
                         net (fo=0)                   0.000     0.000    JTAG_TCK
    K1                   IBUF (Prop_ibuf_I_O)         0.416     0.416 r  JTAG_TCK_IBUF_inst/O
                         net (fo=1, routed)           1.081     1.498    JTAG_TCK_IBUF
    BUFGCTRL_X0Y1        BUFG (Prop_bufg_I_O)         0.029     1.527 r  JTAG_TCK_IBUF_BUFG_inst/O
                         net (fo=154, routed)         0.830     2.356    u_soc/u_jtag/JTAG_TCK_IBUF_BUFG
    SLICE_X54Y61         FDRE                                         r  u_soc/u_jtag/dr_reg_reg[40]/C

Slack:                    inf
  Source:                 u_soc/u_jtag/bus_rdata_result_reg[17]/C
                            (rising edge-triggered cell FDCE clocked by clk_50mhz  {rise@0.000ns fall@10.000ns period=20.000ns})
  Destination:            u_soc/u_jtag/dr_reg_reg[49]/D
                            (rising edge-triggered cell FDRE clocked by jtag_tck_clk  {rise@0.000ns fall@50.000ns period=100.000ns})
  Path Group:             (none)
  Path Type:              Hold (Min at Fast Process Corner)
  Data Path Delay:        0.414ns  (logic 0.209ns (50.518%)  route 0.205ns (49.482%))
  Logic Levels:           1  (LUT5=1)
  Clock Path Skew:        -0.136ns (DCD - SCD - CPR)
    Destination Clock Delay (DCD):    2.355ns
    Source Clock Delay      (SCD):    2.492ns
    Clock Pessimism Removal (CPR):    -0.000ns
  Clock Uncertainty:      0.035ns  ((TSJ^2 + TIJ^2)^1/2 + DJ) / 2 + PE
    Total System Jitter     (TSJ):    0.071ns
    Total Input Jitter      (TIJ):    0.000ns
    Discrete Jitter          (DJ):    0.000ns
    Phase Error              (PE):    0.000ns
  Timing Exception:       Asynchronous Clock Groups

    Location             Delay type                Incr(ns)  Path(ns)    Netlist Resource(s)
  -------------------------------------------------------------------    -------------------
                         (clock clk_50mhz rise edge)
                                                      0.000     0.000 r  
    E3                                                0.000     0.000 r  CLK100MHZ (IN)
                         net (fo=0)                   0.000     0.000    CLK100MHZ
    E3                   IBUF (Prop_ibuf_I_O)         0.250     0.250 r  CLK100MHZ_IBUF_inst/O
                         net (fo=1, routed)           0.644     0.894    CLK100MHZ_IBUF
    BUFGCTRL_X0Y16       BUFG (Prop_bufg_I_O)         0.026     0.920 r  CLK100MHZ_IBUF_BUFG_inst/O
                         net (fo=1, routed)           0.564     1.483    CLK100MHZ_IBUF_BUFG
    SLICE_X52Y96         FDRE (Prop_fdre_C_Q)         0.141     1.624 r  clk_50mhz_reg_reg/Q
                         net (fo=2, routed)           0.282     1.906    clk_50mhz_reg
    BUFGCTRL_X0Y0        BUFG (Prop_bufg_I_O)         0.026     1.932 r  bufg_clk/O
                         net (fo=5821, routed)        0.560     2.492    u_soc/u_jtag/clk_50mhz
    SLICE_X58Y65         FDCE                                         r  u_soc/u_jtag/bus_rdata_result_reg[17]/C
  -------------------------------------------------------------------    -------------------
    SLICE_X58Y65         FDCE (Prop_fdce_C_Q)         0.164     2.656 r  u_soc/u_jtag/bus_rdata_result_reg[17]/Q
                         net (fo=2, routed)           0.205     2.860    u_soc/u_jtag/bus_rdata_result__0[17]
    SLICE_X59Y65         LUT5 (Prop_lut5_I0_O)        0.045     2.905 r  u_soc/u_jtag/dr_reg[49]_i_1/O
                         net (fo=1, routed)           0.000     2.905    u_soc/u_jtag/dr_reg[49]_i_1_n_0
    SLICE_X59Y65         FDRE                                         r  u_soc/u_jtag/dr_reg_reg[49]/D
  -------------------------------------------------------------------    -------------------

                         (clock jtag_tck_clk rise edge)
                                                      0.000     0.000 r  
    K1                                                0.000     0.000 r  JTAG_TCK (IN)
                         net (fo=0)                   0.000     0.000    JTAG_TCK
    K1                   IBUF (Prop_ibuf_I_O)         0.416     0.416 r  JTAG_TCK_IBUF_inst/O
                         net (fo=1, routed)           1.081     1.498    JTAG_TCK_IBUF
    BUFGCTRL_X0Y1        BUFG (Prop_bufg_I_O)         0.029     1.527 r  JTAG_TCK_IBUF_BUFG_inst/O
                         net (fo=154, routed)         0.829     2.355    u_soc/u_jtag/JTAG_TCK_IBUF_BUFG
    SLICE_X59Y65         FDRE                                         r  u_soc/u_jtag/dr_reg_reg[49]/C

Slack:                    inf
  Source:                 u_soc/u_jtag/bus_rdata_result_reg[27]/C
                            (rising edge-triggered cell FDCE clocked by clk_50mhz  {rise@0.000ns fall@10.000ns period=20.000ns})
  Destination:            u_soc/u_jtag/dr_reg_reg[59]/D
                            (rising edge-triggered cell FDRE clocked by jtag_tck_clk  {rise@0.000ns fall@50.000ns period=100.000ns})
  Path Group:             (none)
  Path Type:              Hold (Min at Fast Process Corner)
  Data Path Delay:        0.420ns  (logic 0.209ns (49.760%)  route 0.211ns (50.240%))
  Logic Levels:           1  (LUT5=1)
  Clock Path Skew:        -0.135ns (DCD - SCD - CPR)
    Destination Clock Delay (DCD):    2.356ns
    Source Clock Delay      (SCD):    2.492ns
    Clock Pessimism Removal (CPR):    -0.000ns
  Clock Uncertainty:      0.035ns  ((TSJ^2 + TIJ^2)^1/2 + DJ) / 2 + PE
    Total System Jitter     (TSJ):    0.071ns
    Total Input Jitter      (TIJ):    0.000ns
    Discrete Jitter          (DJ):    0.000ns
    Phase Error              (PE):    0.000ns
  Timing Exception:       Asynchronous Clock Groups

    Location             Delay type                Incr(ns)  Path(ns)    Netlist Resource(s)
  -------------------------------------------------------------------    -------------------
                         (clock clk_50mhz rise edge)
                                                      0.000     0.000 r  
    E3                                                0.000     0.000 r  CLK100MHZ (IN)
                         net (fo=0)                   0.000     0.000    CLK100MHZ
    E3                   IBUF (Prop_ibuf_I_O)         0.250     0.250 r  CLK100MHZ_IBUF_inst/O
                         net (fo=1, routed)           0.644     0.894    CLK100MHZ_IBUF
    BUFGCTRL_X0Y16       BUFG (Prop_bufg_I_O)         0.026     0.920 r  CLK100MHZ_IBUF_BUFG_inst/O
                         net (fo=1, routed)           0.564     1.483    CLK100MHZ_IBUF_BUFG
    SLICE_X52Y96         FDRE (Prop_fdre_C_Q)         0.141     1.624 r  clk_50mhz_reg_reg/Q
                         net (fo=2, routed)           0.282     1.906    clk_50mhz_reg
    BUFGCTRL_X0Y0        BUFG (Prop_bufg_I_O)         0.026     1.932 r  bufg_clk/O
                         net (fo=5821, routed)        0.560     2.492    u_soc/u_jtag/clk_50mhz
    SLICE_X62Y67         FDCE                                         r  u_soc/u_jtag/bus_rdata_result_reg[27]/C
  -------------------------------------------------------------------    -------------------
    SLICE_X62Y67         FDCE (Prop_fdce_C_Q)         0.164     2.656 r  u_soc/u_jtag/bus_rdata_result_reg[27]/Q
                         net (fo=2, routed)           0.211     2.867    u_soc/u_jtag/bus_rdata_result__0[27]
    SLICE_X65Y67         LUT5 (Prop_lut5_I0_O)        0.045     2.912 r  u_soc/u_jtag/dr_reg[59]_i_1/O
                         net (fo=1, routed)           0.000     2.912    u_soc/u_jtag/dr_reg[59]_i_1_n_0
    SLICE_X65Y67         FDRE                                         r  u_soc/u_jtag/dr_reg_reg[59]/D
  -------------------------------------------------------------------    -------------------

                         (clock jtag_tck_clk rise edge)
                                                      0.000     0.000 r  
    K1                                                0.000     0.000 r  JTAG_TCK (IN)
                         net (fo=0)                   0.000     0.000    JTAG_TCK
    K1                   IBUF (Prop_ibuf_I_O)         0.416     0.416 r  JTAG_TCK_IBUF_inst/O
                         net (fo=1, routed)           1.081     1.498    JTAG_TCK_IBUF
    BUFGCTRL_X0Y1        BUFG (Prop_bufg_I_O)         0.029     1.527 r  JTAG_TCK_IBUF_BUFG_inst/O
                         net (fo=154, routed)         0.830     2.356    u_soc/u_jtag/JTAG_TCK_IBUF_BUFG
    SLICE_X65Y67         FDRE                                         r  u_soc/u_jtag/dr_reg_reg[59]/C

Slack:                    inf
  Source:                 u_soc/u_jtag/bus_rdata_result_reg[24]/C
                            (rising edge-triggered cell FDCE clocked by clk_50mhz  {rise@0.000ns fall@10.000ns period=20.000ns})
  Destination:            u_soc/u_jtag/dr_reg_reg[56]/D
                            (rising edge-triggered cell FDRE clocked by jtag_tck_clk  {rise@0.000ns fall@50.000ns period=100.000ns})
  Path Group:             (none)
  Path Type:              Hold (Min at Fast Process Corner)
  Data Path Delay:        0.419ns  (logic 0.209ns (49.918%)  route 0.210ns (50.082%))
  Logic Levels:           1  (LUT5=1)
  Clock Path Skew:        -0.137ns (DCD - SCD - CPR)
    Destination Clock Delay (DCD):    2.356ns
    Source Clock Delay      (SCD):    2.494ns
    Clock Pessimism Removal (CPR):    -0.000ns
  Clock Uncertainty:      0.035ns  ((TSJ^2 + TIJ^2)^1/2 + DJ) / 2 + PE
    Total System Jitter     (TSJ):    0.071ns
    Total Input Jitter      (TIJ):    0.000ns
    Discrete Jitter          (DJ):    0.000ns
    Phase Error              (PE):    0.000ns
  Timing Exception:       Asynchronous Clock Groups

    Location             Delay type                Incr(ns)  Path(ns)    Netlist Resource(s)
  -------------------------------------------------------------------    -------------------
                         (clock clk_50mhz rise edge)
                                                      0.000     0.000 r  
    E3                                                0.000     0.000 r  CLK100MHZ (IN)
                         net (fo=0)                   0.000     0.000    CLK100MHZ
    E3                   IBUF (Prop_ibuf_I_O)         0.250     0.250 r  CLK100MHZ_IBUF_inst/O
                         net (fo=1, routed)           0.644     0.894    CLK100MHZ_IBUF
    BUFGCTRL_X0Y16       BUFG (Prop_bufg_I_O)         0.026     0.920 r  CLK100MHZ_IBUF_BUFG_inst/O
                         net (fo=1, routed)           0.564     1.483    CLK100MHZ_IBUF_BUFG
    SLICE_X52Y96         FDRE (Prop_fdre_C_Q)         0.141     1.624 r  clk_50mhz_reg_reg/Q
                         net (fo=2, routed)           0.282     1.906    clk_50mhz_reg
    BUFGCTRL_X0Y0        BUFG (Prop_bufg_I_O)         0.026     1.932 r  bufg_clk/O
                         net (fo=5821, routed)        0.562     2.494    u_soc/u_jtag/clk_50mhz
    SLICE_X62Y65         FDCE                                         r  u_soc/u_jtag/bus_rdata_result_reg[24]/C
  -------------------------------------------------------------------    -------------------
    SLICE_X62Y65         FDCE (Prop_fdce_C_Q)         0.164     2.658 r  u_soc/u_jtag/bus_rdata_result_reg[24]/Q
                         net (fo=2, routed)           0.210     2.867    u_soc/u_jtag/bus_rdata_result__0[24]
    SLICE_X65Y67         LUT5 (Prop_lut5_I0_O)        0.045     2.912 r  u_soc/u_jtag/dr_reg[56]_i_1/O
                         net (fo=1, routed)           0.000     2.912    u_soc/u_jtag/dr_reg[56]_i_1_n_0
    SLICE_X65Y67         FDRE                                         r  u_soc/u_jtag/dr_reg_reg[56]/D
  -------------------------------------------------------------------    -------------------

                         (clock jtag_tck_clk rise edge)
                                                      0.000     0.000 r  
    K1                                                0.000     0.000 r  JTAG_TCK (IN)
                         net (fo=0)                   0.000     0.000    JTAG_TCK
    K1                   IBUF (Prop_ibuf_I_O)         0.416     0.416 r  JTAG_TCK_IBUF_inst/O
                         net (fo=1, routed)           1.081     1.498    JTAG_TCK_IBUF
    BUFGCTRL_X0Y1        BUFG (Prop_bufg_I_O)         0.029     1.527 r  JTAG_TCK_IBUF_BUFG_inst/O
                         net (fo=154, routed)         0.830     2.356    u_soc/u_jtag/JTAG_TCK_IBUF_BUFG
    SLICE_X65Y67         FDRE                                         r  u_soc/u_jtag/dr_reg_reg[56]/C





--------------------------------------------------------------------------------------
Path Group:  (none)
From Clock:  clk_50mhz
  To Clock:  

Max Delay            33 Endpoints
Min Delay            33 Endpoints
--------------------------------------------------------------------------------------


Max Delay Paths
--------------------------------------------------------------------------------------
Slack:                    inf
  Source:                 u_soc/u_qspi/state_reg[1]/C
                            (rising edge-triggered cell FDCE clocked by clk_50mhz  {rise@0.000ns fall@10.000ns period=20.000ns})
  Destination:            QSPI_DQ[0]
                            (output port)
  Path Group:             (none)
  Path Type:              Max at Slow Process Corner
  Data Path Delay:        11.709ns  (logic 4.238ns (36.192%)  route 7.472ns (63.808%))
  Logic Levels:           3  (LUT2=1 LUT6=1 OBUFT=1)
  Clock Uncertainty:      0.025ns  ((TSJ^2 + TIJ^2)^1/2 + DJ) / 2 + PE
    Total System Jitter     (TSJ):    0.050ns
    Total Input Jitter      (TIJ):    0.000ns
    Discrete Jitter          (DJ):    0.000ns
    Phase Error              (PE):    0.000ns

    Location             Delay type                Incr(ns)  Path(ns)    Netlist Resource(s)
  -------------------------------------------------------------------    -------------------
                         (clock clk_50mhz rise edge)
                                                      0.000     0.000 r  
    E3                                                0.000     0.000 r  CLK100MHZ (IN)
                         net (fo=0)                   0.000     0.000    CLK100MHZ
    E3                   IBUF (Prop_ibuf_I_O)         1.482     1.482 r  CLK100MHZ_IBUF_inst/O
                         net (fo=1, routed)           2.025     3.506    CLK100MHZ_IBUF
    BUFGCTRL_X0Y16       BUFG (Prop_bufg_I_O)         0.096     3.602 r  CLK100MHZ_IBUF_BUFG_inst/O
                         net (fo=1, routed)           1.625     5.228    CLK100MHZ_IBUF_BUFG
    SLICE_X52Y96         FDRE (Prop_fdre_C_Q)         0.456     5.684 r  clk_50mhz_reg_reg/Q
                         net (fo=2, routed)           0.736     6.419    clk_50mhz_reg
    BUFGCTRL_X0Y0        BUFG (Prop_bufg_I_O)         0.096     6.515 r  bufg_clk/O
                         net (fo=5821, routed)        1.814     8.330    u_soc/u_qspi/clk_50mhz
    SLICE_X22Y39         FDCE                                         r  u_soc/u_qspi/state_reg[1]/C
  -------------------------------------------------------------------    -------------------
    SLICE_X22Y39         FDCE (Prop_fdce_C_Q)         0.456     8.786 r  u_soc/u_qspi/state_reg[1]/Q
                         net (fo=71, routed)          2.177    10.962    u_soc/u_qspi/state_reg_n_0_[1]
    SLICE_X31Y39         LUT2 (Prop_lut2_I0_O)        0.124    11.086 r  u_soc/u_qspi/QSPI_DQ_IOBUF[0]_inst_i_2/O
                         net (fo=7, routed)           1.109    12.195    u_soc/u_qspi/QSPI_DQ_IOBUF[0]_inst_i_2_n_0
    SLICE_X26Y37         LUT6 (Prop_lut6_I1_O)        0.124    12.319 r  u_soc/u_qspi/QSPI_DQ_IOBUF[0]_inst_i_1/O
                         net (fo=1, routed)           4.186    16.505    QSPI_DQ_IOBUF[0]_inst/I
    K17                  OBUFT (Prop_obuft_I_O)       3.534    20.039 r  QSPI_DQ_IOBUF[0]_inst/OBUFT/O
                         net (fo=1, unset)            0.000    20.039    QSPI_DQ[0]
    K17                                                               r  QSPI_DQ[0] (INOUT)
  -------------------------------------------------------------------    -------------------

Slack:                    inf
  Source:                 u_soc/u_qspi/reg_ccr_reg[9]/C
                            (rising edge-triggered cell FDCE clocked by clk_50mhz  {rise@0.000ns fall@10.000ns period=20.000ns})
  Destination:            QSPI_DQ[1]
                            (output port)
  Path Group:             (none)
  Path Type:              Max at Slow Process Corner
  Data Path Delay:        11.530ns  (logic 4.384ns (38.022%)  route 7.146ns (61.978%))
  Logic Levels:           3  (LUT5=1 LUT6=1 OBUFT=1)
  Clock Uncertainty:      0.025ns  ((TSJ^2 + TIJ^2)^1/2 + DJ) / 2 + PE
    Total System Jitter     (TSJ):    0.050ns
    Total Input Jitter      (TIJ):    0.000ns
    Discrete Jitter          (DJ):    0.000ns
    Phase Error              (PE):    0.000ns

    Location             Delay type                Incr(ns)  Path(ns)    Netlist Resource(s)
  -------------------------------------------------------------------    -------------------
                         (clock clk_50mhz rise edge)
                                                      0.000     0.000 r  
    E3                                                0.000     0.000 r  CLK100MHZ (IN)
                         net (fo=0)                   0.000     0.000    CLK100MHZ
    E3                   IBUF (Prop_ibuf_I_O)         1.482     1.482 r  CLK100MHZ_IBUF_inst/O
                         net (fo=1, routed)           2.025     3.506    CLK100MHZ_IBUF
    BUFGCTRL_X0Y16       BUFG (Prop_bufg_I_O)         0.096     3.602 r  CLK100MHZ_IBUF_BUFG_inst/O
                         net (fo=1, routed)           1.625     5.228    CLK100MHZ_IBUF_BUFG
    SLICE_X52Y96         FDRE (Prop_fdre_C_Q)         0.456     5.684 r  clk_50mhz_reg_reg/Q
                         net (fo=2, routed)           0.736     6.419    clk_50mhz_reg
    BUFGCTRL_X0Y0        BUFG (Prop_bufg_I_O)         0.096     6.515 r  bufg_clk/O
                         net (fo=5821, routed)        1.809     8.325    u_soc/u_qspi/clk_50mhz
    SLICE_X35Y40         FDCE                                         r  u_soc/u_qspi/reg_ccr_reg[9]/C
  -------------------------------------------------------------------    -------------------
    SLICE_X35Y40         FDCE (Prop_fdce_C_Q)         0.419     8.744 r  u_soc/u_qspi/reg_ccr_reg[9]/Q
                         net (fo=50, routed)          2.616    11.360    u_soc/u_qspi/dm[1]
    SLICE_X26Y40         LUT5 (Prop_lut5_I3_O)        0.297    11.657 r  u_soc/u_qspi/QSPI_DQ_IOBUF[1]_inst_i_3/O
                         net (fo=1, routed)           0.280    11.937    u_soc/u_qspi/QSPI_DQ_IOBUF[1]_inst_i_3_n_0
    SLICE_X26Y40         LUT6 (Prop_lut6_I0_O)        0.124    12.061 r  u_soc/u_qspi/QSPI_DQ_IOBUF[1]_inst_i_1/O
                         net (fo=1, routed)           4.250    16.311    QSPI_DQ_IOBUF[1]_inst/I
    K18                  OBUFT (Prop_obuft_I_O)       3.544    19.854 r  QSPI_DQ_IOBUF[1]_inst/OBUFT/O
                         net (fo=1, unset)            0.000    19.854    QSPI_DQ[1]
    K18                                                               r  QSPI_DQ[1] (INOUT)
  -------------------------------------------------------------------    -------------------

Slack:                    inf
  Source:                 u_soc/u_qspi/state_reg[0]/C
                            (rising edge-triggered cell FDCE clocked by clk_50mhz  {rise@0.000ns fall@10.000ns period=20.000ns})
  Destination:            QSPI_DQ[2]
                            (output port)
  Path Group:             (none)
  Path Type:              Max at Slow Process Corner
  Data Path Delay:        11.423ns  (logic 4.242ns (37.135%)  route 7.181ns (62.865%))
  Logic Levels:           3  (LUT4=1 LUT6=1 OBUFT=1)
  Clock Uncertainty:      0.025ns  ((TSJ^2 + TIJ^2)^1/2 + DJ) / 2 + PE
    Total System Jitter     (TSJ):    0.050ns
    Total Input Jitter      (TIJ):    0.000ns
    Discrete Jitter          (DJ):    0.000ns
    Phase Error              (PE):    0.000ns

    Location             Delay type                Incr(ns)  Path(ns)    Netlist Resource(s)
  -------------------------------------------------------------------    -------------------
                         (clock clk_50mhz rise edge)
                                                      0.000     0.000 r  
    E3                                                0.000     0.000 r  CLK100MHZ (IN)
                         net (fo=0)                   0.000     0.000    CLK100MHZ
    E3                   IBUF (Prop_ibuf_I_O)         1.482     1.482 r  CLK100MHZ_IBUF_inst/O
                         net (fo=1, routed)           2.025     3.506    CLK100MHZ_IBUF
    BUFGCTRL_X0Y16       BUFG (Prop_bufg_I_O)         0.096     3.602 r  CLK100MHZ_IBUF_BUFG_inst/O
                         net (fo=1, routed)           1.625     5.228    CLK100MHZ_IBUF_BUFG
    SLICE_X52Y96         FDRE (Prop_fdre_C_Q)         0.456     5.684 r  clk_50mhz_reg_reg/Q
                         net (fo=2, routed)           0.736     6.419    clk_50mhz_reg
    BUFGCTRL_X0Y0        BUFG (Prop_bufg_I_O)         0.096     6.515 r  bufg_clk/O
                         net (fo=5821, routed)        1.814     8.330    u_soc/u_qspi/clk_50mhz
    SLICE_X25Y39         FDCE                                         r  u_soc/u_qspi/state_reg[0]/C
  -------------------------------------------------------------------    -------------------
    SLICE_X25Y39         FDCE (Prop_fdce_C_Q)         0.456     8.786 r  u_soc/u_qspi/state_reg[0]/Q
                         net (fo=67, routed)          2.088    10.873    u_soc/u_qspi/state_reg_n_0_[0]
    SLICE_X30Y36         LUT4 (Prop_lut4_I3_O)        0.124    10.997 r  u_soc/u_qspi/QSPI_DQ_IOBUF[3]_inst_i_3/O
                         net (fo=3, routed)           1.422    12.419    u_soc/u_qspi/QSPI_DQ_IOBUF[3]_inst_i_3_n_0
    SLICE_X27Y40         LUT6 (Prop_lut6_I4_O)        0.124    12.543 r  u_soc/u_qspi/QSPI_DQ_IOBUF[2]_inst_i_1/O
                         net (fo=1, routed)           3.671    16.215    QSPI_DQ_IOBUF[2]_inst/I
    L14                  OBUFT (Prop_obuft_I_O)       3.538    19.753 r  QSPI_DQ_IOBUF[2]_inst/OBUFT/O
                         net (fo=1, unset)            0.000    19.753    QSPI_DQ[2]
    L14                                                               r  QSPI_DQ[2] (INOUT)
  -------------------------------------------------------------------    -------------------

Slack:                    inf
  Source:                 u_soc/u_qspi/state_reg[0]/C
                            (rising edge-triggered cell FDCE clocked by clk_50mhz  {rise@0.000ns fall@10.000ns period=20.000ns})
  Destination:            QSPI_DQ[3]
                            (output port)
  Path Group:             (none)
  Path Type:              Max at Slow Process Corner
  Data Path Delay:        11.177ns  (logic 4.240ns (37.938%)  route 6.936ns (62.062%))
  Logic Levels:           3  (LUT4=1 LUT6=1 OBUFT=1)
  Clock Uncertainty:      0.025ns  ((TSJ^2 + TIJ^2)^1/2 + DJ) / 2 + PE
    Total System Jitter     (TSJ):    0.050ns
    Total Input Jitter      (TIJ):    0.000ns
    Discrete Jitter          (DJ):    0.000ns
    Phase Error              (PE):    0.000ns

    Location             Delay type                Incr(ns)  Path(ns)    Netlist Resource(s)
  -------------------------------------------------------------------    -------------------
                         (clock clk_50mhz rise edge)
                                                      0.000     0.000 r  
    E3                                                0.000     0.000 r  CLK100MHZ (IN)
                         net (fo=0)                   0.000     0.000    CLK100MHZ
    E3                   IBUF (Prop_ibuf_I_O)         1.482     1.482 r  CLK100MHZ_IBUF_inst/O
                         net (fo=1, routed)           2.025     3.506    CLK100MHZ_IBUF
    BUFGCTRL_X0Y16       BUFG (Prop_bufg_I_O)         0.096     3.602 r  CLK100MHZ_IBUF_BUFG_inst/O
                         net (fo=1, routed)           1.625     5.228    CLK100MHZ_IBUF_BUFG
    SLICE_X52Y96         FDRE (Prop_fdre_C_Q)         0.456     5.684 r  clk_50mhz_reg_reg/Q
                         net (fo=2, routed)           0.736     6.419    clk_50mhz_reg
    BUFGCTRL_X0Y0        BUFG (Prop_bufg_I_O)         0.096     6.515 r  bufg_clk/O
                         net (fo=5821, routed)        1.814     8.330    u_soc/u_qspi/clk_50mhz
    SLICE_X25Y39         FDCE                                         r  u_soc/u_qspi/state_reg[0]/C
  -------------------------------------------------------------------    -------------------
    SLICE_X25Y39         FDCE (Prop_fdce_C_Q)         0.456     8.786 r  u_soc/u_qspi/state_reg[0]/Q
                         net (fo=67, routed)          2.088    10.873    u_soc/u_qspi/state_reg_n_0_[0]
    SLICE_X30Y36         LUT4 (Prop_lut4_I3_O)        0.124    10.997 r  u_soc/u_qspi/QSPI_DQ_IOBUF[3]_inst_i_3/O
                         net (fo=3, routed)           1.063    12.060    u_soc/u_qspi/QSPI_DQ_IOBUF[3]_inst_i_3_n_0
    SLICE_X26Y39         LUT6 (Prop_lut6_I4_O)        0.124    12.184 r  u_soc/u_qspi/QSPI_DQ_IOBUF[3]_inst_i_1/O
                         net (fo=1, routed)           3.786    15.970    QSPI_DQ_IOBUF[3]_inst/I
    M14                  OBUFT (Prop_obuft_I_O)       3.536    19.506 r  QSPI_DQ_IOBUF[3]_inst/OBUFT/O
                         net (fo=1, unset)            0.000    19.506    QSPI_DQ[3]
    M14                                                               r  QSPI_DQ[3] (INOUT)
  -------------------------------------------------------------------    -------------------

Slack:                    inf
  Source:                 u_soc/u_gpio/reg_odr_reg[7]/C
                            (rising edge-triggered cell FDCE clocked by clk_50mhz  {rise@0.000ns fall@10.000ns period=20.000ns})
  Destination:            GPIO_TXEN[7]
                            (output port)
  Path Group:             (none)
  Path Type:              Max at Slow Process Corner
  Data Path Delay:        10.584ns  (logic 4.178ns (39.472%)  route 6.406ns (60.528%))
  Logic Levels:           2  (LUT3=1 OBUF=1)
  Clock Uncertainty:      0.025ns  ((TSJ^2 + TIJ^2)^1/2 + DJ) / 2 + PE
    Total System Jitter     (TSJ):    0.050ns
    Total Input Jitter      (TIJ):    0.000ns
    Discrete Jitter          (DJ):    0.000ns
    Phase Error              (PE):    0.000ns

    Location             Delay type                Incr(ns)  Path(ns)    Netlist Resource(s)
  -------------------------------------------------------------------    -------------------
                         (clock clk_50mhz rise edge)
                                                      0.000     0.000 r  
    E3                                                0.000     0.000 r  CLK100MHZ (IN)
                         net (fo=0)                   0.000     0.000    CLK100MHZ
    E3                   IBUF (Prop_ibuf_I_O)         1.482     1.482 r  CLK100MHZ_IBUF_inst/O
                         net (fo=1, routed)           2.025     3.506    CLK100MHZ_IBUF
    BUFGCTRL_X0Y16       BUFG (Prop_bufg_I_O)         0.096     3.602 r  CLK100MHZ_IBUF_BUFG_inst/O
                         net (fo=1, routed)           1.625     5.228    CLK100MHZ_IBUF_BUFG
    SLICE_X52Y96         FDRE (Prop_fdre_C_Q)         0.456     5.684 r  clk_50mhz_reg_reg/Q
                         net (fo=2, routed)           0.736     6.419    clk_50mhz_reg
    BUFGCTRL_X0Y0        BUFG (Prop_bufg_I_O)         0.096     6.515 r  bufg_clk/O
                         net (fo=5821, routed)        1.640     8.156    u_soc/u_gpio/clk_50mhz
    SLICE_X12Y62         FDCE                                         r  u_soc/u_gpio/reg_odr_reg[7]/C
  -------------------------------------------------------------------    -------------------
    SLICE_X12Y62         FDCE (Prop_fdce_C_Q)         0.518     8.674 r  u_soc/u_gpio/reg_odr_reg[7]/Q
                         net (fo=4, routed)           1.131     9.805    u_soc/u_gpio/reg_odr_reg[15]_0[7]
    SLICE_X29Y62         LUT3 (Prop_lut3_I0_O)        0.124     9.929 r  u_soc/u_gpio/GPIO_TXEN_OBUF[7]_inst_i_1/O
                         net (fo=1, routed)           5.275    15.204    GPIO_TXEN_OBUF[7]
    F3                   OBUF (Prop_obuf_I_O)         3.536    18.739 r  GPIO_TXEN_OBUF[7]_inst/O
                         net (fo=0)                   0.000    18.739    GPIO_TXEN[7]
    F3                                                                r  GPIO_TXEN[7] (OUT)
  -------------------------------------------------------------------    -------------------

Slack:                    inf
  Source:                 u_soc/u_i2c/byte_cnt_reg[1]/C
                            (rising edge-triggered cell FDCE clocked by clk_50mhz  {rise@0.000ns fall@10.000ns period=20.000ns})
  Destination:            I2C_SDA
                            (output port)
  Path Group:             (none)
  Path Type:              Max at Slow Process Corner
  Data Path Delay:        10.506ns  (logic 4.413ns (42.000%)  route 6.094ns (58.000%))
  Logic Levels:           3  (LUT6=2 OBUFT=1)
  Clock Uncertainty:      0.025ns  ((TSJ^2 + TIJ^2)^1/2 + DJ) / 2 + PE
    Total System Jitter     (TSJ):    0.050ns
    Total Input Jitter      (TIJ):    0.000ns
    Discrete Jitter          (DJ):    0.000ns
    Phase Error              (PE):    0.000ns

    Location             Delay type                Incr(ns)  Path(ns)    Netlist Resource(s)
  -------------------------------------------------------------------    -------------------
                         (clock clk_50mhz rise edge)
                                                      0.000     0.000 r  
    E3                                                0.000     0.000 r  CLK100MHZ (IN)
                         net (fo=0)                   0.000     0.000    CLK100MHZ
    E3                   IBUF (Prop_ibuf_I_O)         1.482     1.482 r  CLK100MHZ_IBUF_inst/O
                         net (fo=1, routed)           2.025     3.506    CLK100MHZ_IBUF
    BUFGCTRL_X0Y16       BUFG (Prop_bufg_I_O)         0.096     3.602 r  CLK100MHZ_IBUF_BUFG_inst/O
                         net (fo=1, routed)           1.625     5.228    CLK100MHZ_IBUF_BUFG
    SLICE_X52Y96         FDRE (Prop_fdre_C_Q)         0.456     5.684 r  clk_50mhz_reg_reg/Q
                         net (fo=2, routed)           0.736     6.419    clk_50mhz_reg
    BUFGCTRL_X0Y0        BUFG (Prop_bufg_I_O)         0.096     6.515 r  bufg_clk/O
                         net (fo=5821, routed)        1.639     8.155    u_soc/u_i2c/clk_50mhz
    SLICE_X31Y56         FDCE                                         r  u_soc/u_i2c/byte_cnt_reg[1]/C
  -------------------------------------------------------------------    -------------------
    SLICE_X31Y56         FDCE (Prop_fdce_C_Q)         0.419     8.574 r  u_soc/u_i2c/byte_cnt_reg[1]/Q
                         net (fo=23, routed)          1.578    10.151    u_soc/u_i2c/byte_cnt_reg_n_0_[1]
    SLICE_X38Y56         LUT6 (Prop_lut6_I3_O)        0.299    10.450 r  u_soc/u_i2c/FSM_sequential_state[3]_i_6/O
                         net (fo=8, routed)           1.168    11.618    u_soc/u_i2c/FSM_sequential_state[3]_i_6_n_0
    SLICE_X29Y57         LUT6 (Prop_lut6_I4_O)        0.124    11.742 f  u_soc/u_i2c/I2C_SDA_IOBUF_inst_i_1/O
                         net (fo=1, routed)           3.348    15.090    I2C_SDA_IOBUF_inst/T
    D18                  OBUFT (TriStatE_obuft_T_O)
                                                      3.571    18.661 r  I2C_SDA_IOBUF_inst/OBUFT/O
                         net (fo=1, unset)            0.000    18.661    I2C_SDA
    D18                                                               r  I2C_SDA (INOUT)
  -------------------------------------------------------------------    -------------------

Slack:                    inf
  Source:                 u_soc/u_gpio/reg_odr_reg[6]/C
                            (rising edge-triggered cell FDCE clocked by clk_50mhz  {rise@0.000ns fall@10.000ns period=20.000ns})
  Destination:            GPIO_TXEN[6]
                            (output port)
  Path Group:             (none)
  Path Type:              Max at Slow Process Corner
  Data Path Delay:        10.398ns  (logic 4.164ns (40.049%)  route 6.234ns (59.951%))
  Logic Levels:           2  (LUT3=1 OBUF=1)
  Clock Uncertainty:      0.025ns  ((TSJ^2 + TIJ^2)^1/2 + DJ) / 2 + PE
    Total System Jitter     (TSJ):    0.050ns
    Total Input Jitter      (TIJ):    0.000ns
    Discrete Jitter          (DJ):    0.000ns
    Phase Error              (PE):    0.000ns

    Location             Delay type                Incr(ns)  Path(ns)    Netlist Resource(s)
  -------------------------------------------------------------------    -------------------
                         (clock clk_50mhz rise edge)
                                                      0.000     0.000 r  
    E3                                                0.000     0.000 r  CLK100MHZ (IN)
                         net (fo=0)                   0.000     0.000    CLK100MHZ
    E3                   IBUF (Prop_ibuf_I_O)         1.482     1.482 r  CLK100MHZ_IBUF_inst/O
                         net (fo=1, routed)           2.025     3.506    CLK100MHZ_IBUF
    BUFGCTRL_X0Y16       BUFG (Prop_bufg_I_O)         0.096     3.602 r  CLK100MHZ_IBUF_BUFG_inst/O
                         net (fo=1, routed)           1.625     5.228    CLK100MHZ_IBUF_BUFG
    SLICE_X52Y96         FDRE (Prop_fdre_C_Q)         0.456     5.684 r  clk_50mhz_reg_reg/Q
                         net (fo=2, routed)           0.736     6.419    clk_50mhz_reg
    BUFGCTRL_X0Y0        BUFG (Prop_bufg_I_O)         0.096     6.515 r  bufg_clk/O
                         net (fo=5821, routed)        1.638     8.154    u_soc/u_gpio/clk_50mhz
    SLICE_X10Y65         FDCE                                         r  u_soc/u_gpio/reg_odr_reg[6]/C
  -------------------------------------------------------------------    -------------------
    SLICE_X10Y65         FDCE (Prop_fdce_C_Q)         0.518     8.672 r  u_soc/u_gpio/reg_odr_reg[6]/Q
                         net (fo=4, routed)           1.302     9.973    u_soc/u_gpio/reg_odr_reg[15]_0[6]
    SLICE_X34Y65         LUT3 (Prop_lut3_I0_O)        0.124    10.097 r  u_soc/u_gpio/GPIO_TXEN_OBUF[6]_inst_i_1/O
                         net (fo=1, routed)           4.932    15.029    GPIO_TXEN_OBUF[6]
    G2                   OBUF (Prop_obuf_I_O)         3.522    18.552 r  GPIO_TXEN_OBUF[6]_inst/O
                         net (fo=0)                   0.000    18.552    GPIO_TXEN[6]
    G2                                                                r  GPIO_TXEN[6] (OUT)
  -------------------------------------------------------------------    -------------------

Slack:                    inf
  Source:                 u_soc/u_gpio/reg_odr_reg[1]/C
                            (rising edge-triggered cell FDCE clocked by clk_50mhz  {rise@0.000ns fall@10.000ns period=20.000ns})
  Destination:            GPIO_TXEN[1]
                            (output port)
  Path Group:             (none)
  Path Type:              Max at Slow Process Corner
  Data Path Delay:        10.400ns  (logic 4.172ns (40.120%)  route 6.227ns (59.880%))
  Logic Levels:           2  (LUT3=1 OBUF=1)
  Clock Uncertainty:      0.025ns  ((TSJ^2 + TIJ^2)^1/2 + DJ) / 2 + PE
    Total System Jitter     (TSJ):    0.050ns
    Total Input Jitter      (TIJ):    0.000ns
    Discrete Jitter          (DJ):    0.000ns
    Phase Error              (PE):    0.000ns

    Location             Delay type                Incr(ns)  Path(ns)    Netlist Resource(s)
  -------------------------------------------------------------------    -------------------
                         (clock clk_50mhz rise edge)
                                                      0.000     0.000 r  
    E3                                                0.000     0.000 r  CLK100MHZ (IN)
                         net (fo=0)                   0.000     0.000    CLK100MHZ
    E3                   IBUF (Prop_ibuf_I_O)         1.482     1.482 r  CLK100MHZ_IBUF_inst/O
                         net (fo=1, routed)           2.025     3.506    CLK100MHZ_IBUF
    BUFGCTRL_X0Y16       BUFG (Prop_bufg_I_O)         0.096     3.602 r  CLK100MHZ_IBUF_BUFG_inst/O
                         net (fo=1, routed)           1.625     5.228    CLK100MHZ_IBUF_BUFG
    SLICE_X52Y96         FDRE (Prop_fdre_C_Q)         0.456     5.684 r  clk_50mhz_reg_reg/Q
                         net (fo=2, routed)           0.736     6.419    clk_50mhz_reg
    BUFGCTRL_X0Y0        BUFG (Prop_bufg_I_O)         0.096     6.515 r  bufg_clk/O
                         net (fo=5821, routed)        1.636     8.152    u_soc/u_gpio/clk_50mhz
    SLICE_X12Y66         FDCE                                         r  u_soc/u_gpio/reg_odr_reg[1]/C
  -------------------------------------------------------------------    -------------------
    SLICE_X12Y66         FDCE (Prop_fdce_C_Q)         0.518     8.670 r  u_soc/u_gpio/reg_odr_reg[1]/Q
                         net (fo=4, routed)           1.404    10.074    u_soc/u_gpio/reg_odr_reg[15]_0[1]
    SLICE_X37Y67         LUT3 (Prop_lut3_I0_O)        0.124    10.198 r  u_soc/u_gpio/GPIO_TXEN_OBUF[1]_inst_i_1/O
                         net (fo=1, routed)           4.823    15.021    GPIO_TXEN_OBUF[1]
    H1                   OBUF (Prop_obuf_I_O)         3.530    18.551 r  GPIO_TXEN_OBUF[1]_inst/O
                         net (fo=0)                   0.000    18.551    GPIO_TXEN[1]
    H1                                                                r  GPIO_TXEN[1] (OUT)
  -------------------------------------------------------------------    -------------------

Slack:                    inf
  Source:                 u_soc/u_gpio/reg_odr_reg[2]/C
                            (rising edge-triggered cell FDCE clocked by clk_50mhz  {rise@0.000ns fall@10.000ns period=20.000ns})
  Destination:            GPIO_TXEN[2]
                            (output port)
  Path Group:             (none)
  Path Type:              Max at Slow Process Corner
  Data Path Delay:        10.344ns  (logic 4.109ns (39.720%)  route 6.235ns (60.280%))
  Logic Levels:           2  (LUT3=1 OBUF=1)
  Clock Uncertainty:      0.025ns  ((TSJ^2 + TIJ^2)^1/2 + DJ) / 2 + PE
    Total System Jitter     (TSJ):    0.050ns
    Total Input Jitter      (TIJ):    0.000ns
    Discrete Jitter          (DJ):    0.000ns
    Phase Error              (PE):    0.000ns

    Location             Delay type                Incr(ns)  Path(ns)    Netlist Resource(s)
  -------------------------------------------------------------------    -------------------
                         (clock clk_50mhz rise edge)
                                                      0.000     0.000 r  
    E3                                                0.000     0.000 r  CLK100MHZ (IN)
                         net (fo=0)                   0.000     0.000    CLK100MHZ
    E3                   IBUF (Prop_ibuf_I_O)         1.482     1.482 r  CLK100MHZ_IBUF_inst/O
                         net (fo=1, routed)           2.025     3.506    CLK100MHZ_IBUF
    BUFGCTRL_X0Y16       BUFG (Prop_bufg_I_O)         0.096     3.602 r  CLK100MHZ_IBUF_BUFG_inst/O
                         net (fo=1, routed)           1.625     5.228    CLK100MHZ_IBUF_BUFG
    SLICE_X52Y96         FDRE (Prop_fdre_C_Q)         0.456     5.684 r  clk_50mhz_reg_reg/Q
                         net (fo=2, routed)           0.736     6.419    clk_50mhz_reg
    BUFGCTRL_X0Y0        BUFG (Prop_bufg_I_O)         0.096     6.515 r  bufg_clk/O
                         net (fo=5821, routed)        1.632     8.148    u_soc/u_gpio/clk_50mhz
    SLICE_X29Y66         FDCE                                         r  u_soc/u_gpio/reg_odr_reg[2]/C
  -------------------------------------------------------------------    -------------------
    SLICE_X29Y66         FDCE (Prop_fdce_C_Q)         0.456     8.604 r  u_soc/u_gpio/reg_odr_reg[2]/Q
                         net (fo=4, routed)           1.536    10.140    u_soc/u_gpio/reg_odr_reg[15]_0[2]
    SLICE_X36Y67         LUT3 (Prop_lut3_I0_O)        0.124    10.264 r  u_soc/u_gpio/GPIO_TXEN_OBUF[2]_inst_i_1/O
                         net (fo=1, routed)           4.699    14.963    GPIO_TXEN_OBUF[2]
    G1                   OBUF (Prop_obuf_I_O)         3.529    18.492 r  GPIO_TXEN_OBUF[2]_inst/O
                         net (fo=0)                   0.000    18.492    GPIO_TXEN[2]
    G1                                                                r  GPIO_TXEN[2] (OUT)
  -------------------------------------------------------------------    -------------------

Slack:                    inf
  Source:                 u_soc/u_gpio/reg_odr_reg[4]/C
                            (rising edge-triggered cell FDCE clocked by clk_50mhz  {rise@0.000ns fall@10.000ns period=20.000ns})
  Destination:            GPIO_TXEN[4]
                            (output port)
  Path Group:             (none)
  Path Type:              Max at Slow Process Corner
  Data Path Delay:        10.118ns  (logic 4.107ns (40.592%)  route 6.011ns (59.408%))
  Logic Levels:           2  (LUT3=1 OBUF=1)
  Clock Uncertainty:      0.025ns  ((TSJ^2 + TIJ^2)^1/2 + DJ) / 2 + PE
    Total System Jitter     (TSJ):    0.050ns
    Total Input Jitter      (TIJ):    0.000ns
    Discrete Jitter          (DJ):    0.000ns
    Phase Error              (PE):    0.000ns

    Location             Delay type                Incr(ns)  Path(ns)    Netlist Resource(s)
  -------------------------------------------------------------------    -------------------
                         (clock clk_50mhz rise edge)
                                                      0.000     0.000 r  
    E3                                                0.000     0.000 r  CLK100MHZ (IN)
                         net (fo=0)                   0.000     0.000    CLK100MHZ
    E3                   IBUF (Prop_ibuf_I_O)         1.482     1.482 r  CLK100MHZ_IBUF_inst/O
                         net (fo=1, routed)           2.025     3.506    CLK100MHZ_IBUF
    BUFGCTRL_X0Y16       BUFG (Prop_bufg_I_O)         0.096     3.602 r  CLK100MHZ_IBUF_BUFG_inst/O
                         net (fo=1, routed)           1.625     5.228    CLK100MHZ_IBUF_BUFG
    SLICE_X52Y96         FDRE (Prop_fdre_C_Q)         0.456     5.684 r  clk_50mhz_reg_reg/Q
                         net (fo=2, routed)           0.736     6.419    clk_50mhz_reg
    BUFGCTRL_X0Y0        BUFG (Prop_bufg_I_O)         0.096     6.515 r  bufg_clk/O
                         net (fo=5821, routed)        1.632     8.148    u_soc/u_gpio/clk_50mhz
    SLICE_X29Y66         FDCE                                         r  u_soc/u_gpio/reg_odr_reg[4]/C
  -------------------------------------------------------------------    -------------------
    SLICE_X29Y66         FDCE (Prop_fdce_C_Q)         0.456     8.604 r  u_soc/u_gpio/reg_odr_reg[4]/Q
                         net (fo=4, routed)           1.116     9.719    u_soc/u_gpio/reg_odr_reg[15]_0[4]
    SLICE_X32Y67         LUT3 (Prop_lut3_I0_O)        0.124     9.843 r  u_soc/u_gpio/GPIO_TXEN_OBUF[4]_inst_i_1/O
                         net (fo=1, routed)           4.895    14.739    GPIO_TXEN_OBUF[4]
    H2                   OBUF (Prop_obuf_I_O)         3.527    18.266 r  GPIO_TXEN_OBUF[4]_inst/O
                         net (fo=0)                   0.000    18.266    GPIO_TXEN[4]
    H2                                                                r  GPIO_TXEN[4] (OUT)
  -------------------------------------------------------------------    -------------------





Min Delay Paths
--------------------------------------------------------------------------------------
Slack:                    inf
  Source:                 u_soc/u_gpio/reg_odr_reg[6]/C
                            (rising edge-triggered cell FDCE clocked by clk_50mhz  {rise@0.000ns fall@10.000ns period=20.000ns})
  Destination:            LED[6]
                            (output port)
  Path Group:             (none)
  Path Type:              Min at Fast Process Corner
  Data Path Delay:        1.975ns  (logic 1.420ns (71.894%)  route 0.555ns (28.106%))
  Logic Levels:           1  (OBUF=1)
  Clock Uncertainty:      0.025ns  ((TSJ^2 + TIJ^2)^1/2 + DJ) / 2 + PE
    Total System Jitter     (TSJ):    0.050ns
    Total Input Jitter      (TIJ):    0.000ns
    Discrete Jitter          (DJ):    0.000ns
    Phase Error              (PE):    0.000ns

    Location             Delay type                Incr(ns)  Path(ns)    Netlist Resource(s)
  -------------------------------------------------------------------    -------------------
                         (clock clk_50mhz rise edge)
                                                      0.000     0.000 r  
    E3                                                0.000     0.000 r  CLK100MHZ (IN)
                         net (fo=0)                   0.000     0.000    CLK100MHZ
    E3                   IBUF (Prop_ibuf_I_O)         0.250     0.250 r  CLK100MHZ_IBUF_inst/O
                         net (fo=1, routed)           0.644     0.894    CLK100MHZ_IBUF
    BUFGCTRL_X0Y16       BUFG (Prop_bufg_I_O)         0.026     0.920 r  CLK100MHZ_IBUF_BUFG_inst/O
                         net (fo=1, routed)           0.564     1.483    CLK100MHZ_IBUF_BUFG
    SLICE_X52Y96         FDRE (Prop_fdre_C_Q)         0.141     1.624 r  clk_50mhz_reg_reg/Q
                         net (fo=2, routed)           0.282     1.906    clk_50mhz_reg
    BUFGCTRL_X0Y0        BUFG (Prop_bufg_I_O)         0.026     1.932 r  bufg_clk/O
                         net (fo=5821, routed)        0.569     2.501    u_soc/u_gpio/clk_50mhz
    SLICE_X10Y65         FDCE                                         r  u_soc/u_gpio/reg_odr_reg[6]/C
  -------------------------------------------------------------------    -------------------
    SLICE_X10Y65         FDCE (Prop_fdce_C_Q)         0.164     2.665 r  u_soc/u_gpio/reg_odr_reg[6]/Q
                         net (fo=4, routed)           0.555     3.220    LED_OBUF[6]
    U17                  OBUF (Prop_obuf_I_O)         1.256     4.475 r  LED_OBUF[6]_inst/O
                         net (fo=0)                   0.000     4.475    LED[6]
    U17                                                               r  LED[6] (OUT)
  -------------------------------------------------------------------    -------------------

Slack:                    inf
  Source:                 u_soc/u_gpio/reg_odr_reg[10]/C
                            (rising edge-triggered cell FDCE clocked by clk_50mhz  {rise@0.000ns fall@10.000ns period=20.000ns})
  Destination:            LED[10]
                            (output port)
  Path Group:             (none)
  Path Type:              Min at Fast Process Corner
  Data Path Delay:        1.977ns  (logic 1.394ns (70.512%)  route 0.583ns (29.488%))
  Logic Levels:           1  (OBUF=1)
  Clock Uncertainty:      0.025ns  ((TSJ^2 + TIJ^2)^1/2 + DJ) / 2 + PE
    Total System Jitter     (TSJ):    0.050ns
    Total Input Jitter      (TIJ):    0.000ns
    Discrete Jitter          (DJ):    0.000ns
    Phase Error              (PE):    0.000ns

    Location             Delay type                Incr(ns)  Path(ns)    Netlist Resource(s)
  -------------------------------------------------------------------    -------------------
                         (clock clk_50mhz rise edge)
                                                      0.000     0.000 r  
    E3                                                0.000     0.000 r  CLK100MHZ (IN)
                         net (fo=0)                   0.000     0.000    CLK100MHZ
    E3                   IBUF (Prop_ibuf_I_O)         0.250     0.250 r  CLK100MHZ_IBUF_inst/O
                         net (fo=1, routed)           0.644     0.894    CLK100MHZ_IBUF
    BUFGCTRL_X0Y16       BUFG (Prop_bufg_I_O)         0.026     0.920 r  CLK100MHZ_IBUF_BUFG_inst/O
                         net (fo=1, routed)           0.564     1.483    CLK100MHZ_IBUF_BUFG
    SLICE_X52Y96         FDRE (Prop_fdre_C_Q)         0.141     1.624 r  clk_50mhz_reg_reg/Q
                         net (fo=2, routed)           0.282     1.906    clk_50mhz_reg
    BUFGCTRL_X0Y0        BUFG (Prop_bufg_I_O)         0.026     1.932 r  bufg_clk/O
                         net (fo=5821, routed)        0.571     2.503    u_soc/u_gpio/clk_50mhz
    SLICE_X11Y61         FDCE                                         r  u_soc/u_gpio/reg_odr_reg[10]/C
  -------------------------------------------------------------------    -------------------
    SLICE_X11Y61         FDCE (Prop_fdce_C_Q)         0.141     2.644 r  u_soc/u_gpio/reg_odr_reg[10]/Q
                         net (fo=3, routed)           0.583     3.227    LED_OBUF[10]
    U14                  OBUF (Prop_obuf_I_O)         1.253     4.480 r  LED_OBUF[10]_inst/O
                         net (fo=0)                   0.000     4.480    LED[10]
    U14                                                               r  LED[10] (OUT)
  -------------------------------------------------------------------    -------------------

Slack:                    inf
  Source:                 u_soc/u_gpio/reg_odr_reg[11]/C
                            (rising edge-triggered cell FDCE clocked by clk_50mhz  {rise@0.000ns fall@10.000ns period=20.000ns})
  Destination:            LED[11]
                            (output port)
  Path Group:             (none)
  Path Type:              Min at Fast Process Corner
  Data Path Delay:        1.995ns  (logic 1.396ns (69.991%)  route 0.599ns (30.009%))
  Logic Levels:           1  (OBUF=1)
  Clock Uncertainty:      0.025ns  ((TSJ^2 + TIJ^2)^1/2 + DJ) / 2 + PE
    Total System Jitter     (TSJ):    0.050ns
    Total Input Jitter      (TIJ):    0.000ns
    Discrete Jitter          (DJ):    0.000ns
    Phase Error              (PE):    0.000ns

    Location             Delay type                Incr(ns)  Path(ns)    Netlist Resource(s)
  -------------------------------------------------------------------    -------------------
                         (clock clk_50mhz rise edge)
                                                      0.000     0.000 r  
    E3                                                0.000     0.000 r  CLK100MHZ (IN)
                         net (fo=0)                   0.000     0.000    CLK100MHZ
    E3                   IBUF (Prop_ibuf_I_O)         0.250     0.250 r  CLK100MHZ_IBUF_inst/O
                         net (fo=1, routed)           0.644     0.894    CLK100MHZ_IBUF
    BUFGCTRL_X0Y16       BUFG (Prop_bufg_I_O)         0.026     0.920 r  CLK100MHZ_IBUF_BUFG_inst/O
                         net (fo=1, routed)           0.564     1.483    CLK100MHZ_IBUF_BUFG
    SLICE_X52Y96         FDRE (Prop_fdre_C_Q)         0.141     1.624 r  clk_50mhz_reg_reg/Q
                         net (fo=2, routed)           0.282     1.906    clk_50mhz_reg
    BUFGCTRL_X0Y0        BUFG (Prop_bufg_I_O)         0.026     1.932 r  bufg_clk/O
                         net (fo=5821, routed)        0.567     2.499    u_soc/u_gpio/clk_50mhz
    SLICE_X12Y67         FDCE                                         r  u_soc/u_gpio/reg_odr_reg[11]/C
  -------------------------------------------------------------------    -------------------
    SLICE_X12Y67         FDCE (Prop_fdce_C_Q)         0.164     2.663 r  u_soc/u_gpio/reg_odr_reg[11]/Q
                         net (fo=3, routed)           0.599     3.261    LED_OBUF[11]
    T16                  OBUF (Prop_obuf_I_O)         1.232     4.493 r  LED_OBUF[11]_inst/O
                         net (fo=0)                   0.000     4.493    LED[11]
    T16                                                               r  LED[11] (OUT)
  -------------------------------------------------------------------    -------------------

Slack:                    inf
  Source:                 u_soc/u_gpio/reg_odr_reg[12]/C
                            (rising edge-triggered cell FDCE clocked by clk_50mhz  {rise@0.000ns fall@10.000ns period=20.000ns})
  Destination:            LED[12]
                            (output port)
  Path Group:             (none)
  Path Type:              Min at Fast Process Corner
  Data Path Delay:        2.003ns  (logic 1.416ns (70.729%)  route 0.586ns (29.271%))
  Logic Levels:           1  (OBUF=1)
  Clock Uncertainty:      0.025ns  ((TSJ^2 + TIJ^2)^1/2 + DJ) / 2 + PE
    Total System Jitter     (TSJ):    0.050ns
    Total Input Jitter      (TIJ):    0.000ns
    Discrete Jitter          (DJ):    0.000ns
    Phase Error              (PE):    0.000ns

    Location             Delay type                Incr(ns)  Path(ns)    Netlist Resource(s)
  -------------------------------------------------------------------    -------------------
                         (clock clk_50mhz rise edge)
                                                      0.000     0.000 r  
    E3                                                0.000     0.000 r  CLK100MHZ (IN)
                         net (fo=0)                   0.000     0.000    CLK100MHZ
    E3                   IBUF (Prop_ibuf_I_O)         0.250     0.250 r  CLK100MHZ_IBUF_inst/O
                         net (fo=1, routed)           0.644     0.894    CLK100MHZ_IBUF
    BUFGCTRL_X0Y16       BUFG (Prop_bufg_I_O)         0.026     0.920 r  CLK100MHZ_IBUF_BUFG_inst/O
                         net (fo=1, routed)           0.564     1.483    CLK100MHZ_IBUF_BUFG
    SLICE_X52Y96         FDRE (Prop_fdre_C_Q)         0.141     1.624 r  clk_50mhz_reg_reg/Q
                         net (fo=2, routed)           0.282     1.906    clk_50mhz_reg
    BUFGCTRL_X0Y0        BUFG (Prop_bufg_I_O)         0.026     1.932 r  bufg_clk/O
                         net (fo=5821, routed)        0.567     2.499    u_soc/u_gpio/clk_50mhz
    SLICE_X12Y67         FDCE                                         r  u_soc/u_gpio/reg_odr_reg[12]/C
  -------------------------------------------------------------------    -------------------
    SLICE_X12Y67         FDCE (Prop_fdce_C_Q)         0.164     2.663 r  u_soc/u_gpio/reg_odr_reg[12]/Q
                         net (fo=3, routed)           0.586     3.249    LED_OBUF[12]
    V15                  OBUF (Prop_obuf_I_O)         1.252     4.501 r  LED_OBUF[12]_inst/O
                         net (fo=0)                   0.000     4.501    LED[12]
    V15                                                               r  LED[12] (OUT)
  -------------------------------------------------------------------    -------------------

Slack:                    inf
  Source:                 u_soc/u_gpio/reg_odr_reg[13]/C
                            (rising edge-triggered cell FDCE clocked by clk_50mhz  {rise@0.000ns fall@10.000ns period=20.000ns})
  Destination:            LED[13]
                            (output port)
  Path Group:             (none)
  Path Type:              Min at Fast Process Corner
  Data Path Delay:        2.000ns  (logic 1.396ns (69.784%)  route 0.604ns (30.216%))
  Logic Levels:           1  (OBUF=1)
  Clock Uncertainty:      0.025ns  ((TSJ^2 + TIJ^2)^1/2 + DJ) / 2 + PE
    Total System Jitter     (TSJ):    0.050ns
    Total Input Jitter      (TIJ):    0.000ns
    Discrete Jitter          (DJ):    0.000ns
    Phase Error              (PE):    0.000ns

    Location             Delay type                Incr(ns)  Path(ns)    Netlist Resource(s)
  -------------------------------------------------------------------    -------------------
                         (clock clk_50mhz rise edge)
                                                      0.000     0.000 r  
    E3                                                0.000     0.000 r  CLK100MHZ (IN)
                         net (fo=0)                   0.000     0.000    CLK100MHZ
    E3                   IBUF (Prop_ibuf_I_O)         0.250     0.250 r  CLK100MHZ_IBUF_inst/O
                         net (fo=1, routed)           0.644     0.894    CLK100MHZ_IBUF
    BUFGCTRL_X0Y16       BUFG (Prop_bufg_I_O)         0.026     0.920 r  CLK100MHZ_IBUF_BUFG_inst/O
                         net (fo=1, routed)           0.564     1.483    CLK100MHZ_IBUF_BUFG
    SLICE_X52Y96         FDRE (Prop_fdre_C_Q)         0.141     1.624 r  clk_50mhz_reg_reg/Q
                         net (fo=2, routed)           0.282     1.906    clk_50mhz_reg
    BUFGCTRL_X0Y0        BUFG (Prop_bufg_I_O)         0.026     1.932 r  bufg_clk/O
                         net (fo=5821, routed)        0.571     2.503    u_soc/u_gpio/clk_50mhz
    SLICE_X11Y61         FDCE                                         r  u_soc/u_gpio/reg_odr_reg[13]/C
  -------------------------------------------------------------------    -------------------
    SLICE_X11Y61         FDCE (Prop_fdce_C_Q)         0.141     2.644 r  u_soc/u_gpio/reg_odr_reg[13]/Q
                         net (fo=3, routed)           0.604     3.248    LED_OBUF[13]
    V14                  OBUF (Prop_obuf_I_O)         1.255     4.503 r  LED_OBUF[13]_inst/O
                         net (fo=0)                   0.000     4.503    LED[13]
    V14                                                               r  LED[13] (OUT)
  -------------------------------------------------------------------    -------------------

Slack:                    inf
  Source:                 u_soc/u_gpio/reg_odr_reg[5]/C
                            (rising edge-triggered cell FDCE clocked by clk_50mhz  {rise@0.000ns fall@10.000ns period=20.000ns})
  Destination:            LED[5]
                            (output port)
  Path Group:             (none)
  Path Type:              Min at Fast Process Corner
  Data Path Delay:        2.012ns  (logic 1.416ns (70.391%)  route 0.596ns (29.609%))
  Logic Levels:           1  (OBUF=1)
  Clock Uncertainty:      0.025ns  ((TSJ^2 + TIJ^2)^1/2 + DJ) / 2 + PE
    Total System Jitter     (TSJ):    0.050ns
    Total Input Jitter      (TIJ):    0.000ns
    Discrete Jitter          (DJ):    0.000ns
    Phase Error              (PE):    0.000ns

    Location             Delay type                Incr(ns)  Path(ns)    Netlist Resource(s)
  -------------------------------------------------------------------    -------------------
                         (clock clk_50mhz rise edge)
                                                      0.000     0.000 r  
    E3                                                0.000     0.000 r  CLK100MHZ (IN)
                         net (fo=0)                   0.000     0.000    CLK100MHZ
    E3                   IBUF (Prop_ibuf_I_O)         0.250     0.250 r  CLK100MHZ_IBUF_inst/O
                         net (fo=1, routed)           0.644     0.894    CLK100MHZ_IBUF
    BUFGCTRL_X0Y16       BUFG (Prop_bufg_I_O)         0.026     0.920 r  CLK100MHZ_IBUF_BUFG_inst/O
                         net (fo=1, routed)           0.564     1.483    CLK100MHZ_IBUF_BUFG
    SLICE_X52Y96         FDRE (Prop_fdre_C_Q)         0.141     1.624 r  clk_50mhz_reg_reg/Q
                         net (fo=2, routed)           0.282     1.906    clk_50mhz_reg
    BUFGCTRL_X0Y0        BUFG (Prop_bufg_I_O)         0.026     1.932 r  bufg_clk/O
                         net (fo=5821, routed)        0.569     2.501    u_soc/u_gpio/clk_50mhz
    SLICE_X12Y63         FDCE                                         r  u_soc/u_gpio/reg_odr_reg[5]/C
  -------------------------------------------------------------------    -------------------
    SLICE_X12Y63         FDCE (Prop_fdce_C_Q)         0.164     2.665 r  u_soc/u_gpio/reg_odr_reg[5]/Q
                         net (fo=4, routed)           0.596     3.260    LED_OBUF[5]
    V17                  OBUF (Prop_obuf_I_O)         1.252     4.513 r  LED_OBUF[5]_inst/O
                         net (fo=0)                   0.000     4.513    LED[5]
    V17                                                               r  LED[5] (OUT)
  -------------------------------------------------------------------    -------------------

Slack:                    inf
  Source:                 u_soc/u_gpio/reg_odr_reg[15]/C
                            (rising edge-triggered cell FDCE clocked by clk_50mhz  {rise@0.000ns fall@10.000ns period=20.000ns})
  Destination:            LED[15]
                            (output port)
  Path Group:             (none)
  Path Type:              Min at Fast Process Corner
  Data Path Delay:        2.039ns  (logic 1.433ns (70.312%)  route 0.605ns (29.688%))
  Logic Levels:           1  (OBUF=1)
  Clock Uncertainty:      0.025ns  ((TSJ^2 + TIJ^2)^1/2 + DJ) / 2 + PE
    Total System Jitter     (TSJ):    0.050ns
    Total Input Jitter      (TIJ):    0.000ns
    Discrete Jitter          (DJ):    0.000ns
    Phase Error              (PE):    0.000ns

    Location             Delay type                Incr(ns)  Path(ns)    Netlist Resource(s)
  -------------------------------------------------------------------    -------------------
                         (clock clk_50mhz rise edge)
                                                      0.000     0.000 r  
    E3                                                0.000     0.000 r  CLK100MHZ (IN)
                         net (fo=0)                   0.000     0.000    CLK100MHZ
    E3                   IBUF (Prop_ibuf_I_O)         0.250     0.250 r  CLK100MHZ_IBUF_inst/O
                         net (fo=1, routed)           0.644     0.894    CLK100MHZ_IBUF
    BUFGCTRL_X0Y16       BUFG (Prop_bufg_I_O)         0.026     0.920 r  CLK100MHZ_IBUF_BUFG_inst/O
                         net (fo=1, routed)           0.564     1.483    CLK100MHZ_IBUF_BUFG
    SLICE_X52Y96         FDRE (Prop_fdre_C_Q)         0.141     1.624 r  clk_50mhz_reg_reg/Q
                         net (fo=2, routed)           0.282     1.906    clk_50mhz_reg
    BUFGCTRL_X0Y0        BUFG (Prop_bufg_I_O)         0.026     1.932 r  bufg_clk/O
                         net (fo=5821, routed)        0.570     2.502    u_soc/u_gpio/clk_50mhz
    SLICE_X12Y62         FDCE                                         r  u_soc/u_gpio/reg_odr_reg[15]/C
  -------------------------------------------------------------------    -------------------
    SLICE_X12Y62         FDCE (Prop_fdce_C_Q)         0.164     2.666 r  u_soc/u_gpio/reg_odr_reg[15]/Q
                         net (fo=3, routed)           0.605     3.271    LED_OBUF[15]
    V11                  OBUF (Prop_obuf_I_O)         1.269     4.540 r  LED_OBUF[15]_inst/O
                         net (fo=0)                   0.000     4.540    LED[15]
    V11                                                               r  LED[15] (OUT)
  -------------------------------------------------------------------    -------------------

Slack:                    inf
  Source:                 u_soc/u_gpio/reg_odr_reg[14]/C
                            (rising edge-triggered cell FDCE clocked by clk_50mhz  {rise@0.000ns fall@10.000ns period=20.000ns})
  Destination:            LED[14]
                            (output port)
  Path Group:             (none)
  Path Type:              Min at Fast Process Corner
  Data Path Delay:        2.040ns  (logic 1.435ns (70.334%)  route 0.605ns (29.666%))
  Logic Levels:           1  (OBUF=1)
  Clock Uncertainty:      0.025ns  ((TSJ^2 + TIJ^2)^1/2 + DJ) / 2 + PE
    Total System Jitter     (TSJ):    0.050ns
    Total Input Jitter      (TIJ):    0.000ns
    Discrete Jitter          (DJ):    0.000ns
    Phase Error              (PE):    0.000ns

    Location             Delay type                Incr(ns)  Path(ns)    Netlist Resource(s)
  -------------------------------------------------------------------    -------------------
                         (clock clk_50mhz rise edge)
                                                      0.000     0.000 r  
    E3                                                0.000     0.000 r  CLK100MHZ (IN)
                         net (fo=0)                   0.000     0.000    CLK100MHZ
    E3                   IBUF (Prop_ibuf_I_O)         0.250     0.250 r  CLK100MHZ_IBUF_inst/O
                         net (fo=1, routed)           0.644     0.894    CLK100MHZ_IBUF
    BUFGCTRL_X0Y16       BUFG (Prop_bufg_I_O)         0.026     0.920 r  CLK100MHZ_IBUF_BUFG_inst/O
                         net (fo=1, routed)           0.564     1.483    CLK100MHZ_IBUF_BUFG
    SLICE_X52Y96         FDRE (Prop_fdre_C_Q)         0.141     1.624 r  clk_50mhz_reg_reg/Q
                         net (fo=2, routed)           0.282     1.906    clk_50mhz_reg
    BUFGCTRL_X0Y0        BUFG (Prop_bufg_I_O)         0.026     1.932 r  bufg_clk/O
                         net (fo=5821, routed)        0.570     2.502    u_soc/u_gpio/clk_50mhz
    SLICE_X12Y62         FDCE                                         r  u_soc/u_gpio/reg_odr_reg[14]/C
  -------------------------------------------------------------------    -------------------
    SLICE_X12Y62         FDCE (Prop_fdce_C_Q)         0.164     2.666 r  u_soc/u_gpio/reg_odr_reg[14]/Q
                         net (fo=3, routed)           0.605     3.271    LED_OBUF[14]
    V12                  OBUF (Prop_obuf_I_O)         1.271     4.542 r  LED_OBUF[14]_inst/O
                         net (fo=0)                   0.000     4.542    LED[14]
    V12                                                               r  LED[14] (OUT)
  -------------------------------------------------------------------    -------------------

Slack:                    inf
  Source:                 u_soc/u_gpio/reg_odr_reg[7]/C
                            (rising edge-triggered cell FDCE clocked by clk_50mhz  {rise@0.000ns fall@10.000ns period=20.000ns})
  Destination:            LED[7]
                            (output port)
  Path Group:             (none)
  Path Type:              Min at Fast Process Corner
  Data Path Delay:        2.053ns  (logic 1.420ns (69.149%)  route 0.634ns (30.851%))
  Logic Levels:           1  (OBUF=1)
  Clock Uncertainty:      0.025ns  ((TSJ^2 + TIJ^2)^1/2 + DJ) / 2 + PE
    Total System Jitter     (TSJ):    0.050ns
    Total Input Jitter      (TIJ):    0.000ns
    Discrete Jitter          (DJ):    0.000ns
    Phase Error              (PE):    0.000ns

    Location             Delay type                Incr(ns)  Path(ns)    Netlist Resource(s)
  -------------------------------------------------------------------    -------------------
                         (clock clk_50mhz rise edge)
                                                      0.000     0.000 r  
    E3                                                0.000     0.000 r  CLK100MHZ (IN)
                         net (fo=0)                   0.000     0.000    CLK100MHZ
    E3                   IBUF (Prop_ibuf_I_O)         0.250     0.250 r  CLK100MHZ_IBUF_inst/O
                         net (fo=1, routed)           0.644     0.894    CLK100MHZ_IBUF
    BUFGCTRL_X0Y16       BUFG (Prop_bufg_I_O)         0.026     0.920 r  CLK100MHZ_IBUF_BUFG_inst/O
                         net (fo=1, routed)           0.564     1.483    CLK100MHZ_IBUF_BUFG
    SLICE_X52Y96         FDRE (Prop_fdre_C_Q)         0.141     1.624 r  clk_50mhz_reg_reg/Q
                         net (fo=2, routed)           0.282     1.906    clk_50mhz_reg
    BUFGCTRL_X0Y0        BUFG (Prop_bufg_I_O)         0.026     1.932 r  bufg_clk/O
                         net (fo=5821, routed)        0.570     2.502    u_soc/u_gpio/clk_50mhz
    SLICE_X12Y62         FDCE                                         r  u_soc/u_gpio/reg_odr_reg[7]/C
  -------------------------------------------------------------------    -------------------
    SLICE_X12Y62         FDCE (Prop_fdce_C_Q)         0.164     2.666 r  u_soc/u_gpio/reg_odr_reg[7]/Q
                         net (fo=4, routed)           0.634     3.299    LED_OBUF[7]
    U16                  OBUF (Prop_obuf_I_O)         1.256     4.555 r  LED_OBUF[7]_inst/O
                         net (fo=0)                   0.000     4.555    LED[7]
    U16                                                               r  LED[7] (OUT)
  -------------------------------------------------------------------    -------------------

Slack:                    inf
  Source:                 u_soc/u_gpio/reg_odr_reg[8]/C
                            (rising edge-triggered cell FDCE clocked by clk_50mhz  {rise@0.000ns fall@10.000ns period=20.000ns})
  Destination:            LED[8]
                            (output port)
  Path Group:             (none)
  Path Type:              Min at Fast Process Corner
  Data Path Delay:        2.090ns  (logic 1.389ns (66.479%)  route 0.701ns (33.521%))
  Logic Levels:           1  (OBUF=1)
  Clock Uncertainty:      0.025ns  ((TSJ^2 + TIJ^2)^1/2 + DJ) / 2 + PE
    Total System Jitter     (TSJ):    0.050ns
    Total Input Jitter      (TIJ):    0.000ns
    Discrete Jitter          (DJ):    0.000ns
    Phase Error              (PE):    0.000ns

    Location             Delay type                Incr(ns)  Path(ns)    Netlist Resource(s)
  -------------------------------------------------------------------    -------------------
                         (clock clk_50mhz rise edge)
                                                      0.000     0.000 r  
    E3                                                0.000     0.000 r  CLK100MHZ (IN)
                         net (fo=0)                   0.000     0.000    CLK100MHZ
    E3                   IBUF (Prop_ibuf_I_O)         0.250     0.250 r  CLK100MHZ_IBUF_inst/O
                         net (fo=1, routed)           0.644     0.894    CLK100MHZ_IBUF
    BUFGCTRL_X0Y16       BUFG (Prop_bufg_I_O)         0.026     0.920 r  CLK100MHZ_IBUF_BUFG_inst/O
                         net (fo=1, routed)           0.564     1.483    CLK100MHZ_IBUF_BUFG
    SLICE_X52Y96         FDRE (Prop_fdre_C_Q)         0.141     1.624 r  clk_50mhz_reg_reg/Q
                         net (fo=2, routed)           0.282     1.906    clk_50mhz_reg
    BUFGCTRL_X0Y0        BUFG (Prop_bufg_I_O)         0.026     1.932 r  bufg_clk/O
                         net (fo=5821, routed)        0.565     2.497    u_soc/u_gpio/clk_50mhz
    SLICE_X29Y66         FDCE                                         r  u_soc/u_gpio/reg_odr_reg[8]/C
  -------------------------------------------------------------------    -------------------
    SLICE_X29Y66         FDCE (Prop_fdce_C_Q)         0.141     2.638 r  u_soc/u_gpio/reg_odr_reg[8]/Q
                         net (fo=3, routed)           0.701     3.338    LED_OBUF[8]
    V16                  OBUF (Prop_obuf_I_O)         1.248     4.586 r  LED_OBUF[8]_inst/O
                         net (fo=0)                   0.000     4.586    LED[8]
    V16                                                               r  LED[8] (OUT)
  -------------------------------------------------------------------    -------------------





--------------------------------------------------------------------------------------
Path Group:  (none)
From Clock:  jtag_tck_clk
  To Clock:  

Max Delay             1 Endpoint
Min Delay             1 Endpoint
--------------------------------------------------------------------------------------


Max Delay Paths
--------------------------------------------------------------------------------------
Slack:                    inf
  Source:                 u_soc/u_jtag/jtag_tdo_reg/C
                            (rising edge-triggered cell FDRE clocked by jtag_tck_clk  {rise@0.000ns fall@50.000ns period=100.000ns})
  Destination:            JTAG_TDO
                            (output port)
  Path Group:             (none)
  Path Type:              Max at Slow Process Corner
  Data Path Delay:        7.719ns  (logic 3.998ns (51.796%)  route 3.721ns (48.205%))
  Logic Levels:           1  (OBUF=1)
  Clock Uncertainty:      0.025ns  ((TSJ^2 + TIJ^2)^1/2 + DJ) / 2 + PE
    Total System Jitter     (TSJ):    0.050ns
    Total Input Jitter      (TIJ):    0.000ns
    Discrete Jitter          (DJ):    0.000ns
    Phase Error              (PE):    0.000ns

    Location             Delay type                Incr(ns)  Path(ns)    Netlist Resource(s)
  -------------------------------------------------------------------    -------------------
                         (clock jtag_tck_clk rise edge)
                                                      0.000     0.000 r  
    K1                                                0.000     0.000 r  JTAG_TCK (IN)
                         net (fo=0)                   0.000     0.000    JTAG_TCK
    K1                   IBUF (Prop_ibuf_I_O)         1.461     1.461 r  JTAG_TCK_IBUF_inst/O
                         net (fo=1, routed)           2.268     3.729    JTAG_TCK_IBUF
    BUFGCTRL_X0Y1        BUFG (Prop_bufg_I_O)         0.096     3.825 r  JTAG_TCK_IBUF_BUFG_inst/O
                         net (fo=154, routed)         1.623     5.448    u_soc/u_jtag/JTAG_TCK_IBUF_BUFG
    SLICE_X69Y66         FDRE                                         r  u_soc/u_jtag/jtag_tdo_reg/C
  -------------------------------------------------------------------    -------------------
    SLICE_X69Y66         FDRE (Prop_fdre_C_Q)         0.456     5.904 r  u_soc/u_jtag/jtag_tdo_reg/Q
                         net (fo=1, routed)           3.721     9.625    JTAG_TDO_OBUF
    G6                   OBUF (Prop_obuf_I_O)         3.542    13.167 r  JTAG_TDO_OBUF_inst/O
                         net (fo=0)                   0.000    13.167    JTAG_TDO
    G6                                                                r  JTAG_TDO (OUT)
  -------------------------------------------------------------------    -------------------





Min Delay Paths
--------------------------------------------------------------------------------------
Slack:                    inf
  Source:                 u_soc/u_jtag/jtag_tdo_reg/C
                            (rising edge-triggered cell FDRE clocked by jtag_tck_clk  {rise@0.000ns fall@50.000ns period=100.000ns})
  Destination:            JTAG_TDO
                            (output port)
  Path Group:             (none)
  Path Type:              Min at Fast Process Corner
  Data Path Delay:        2.723ns  (logic 1.384ns (50.826%)  route 1.339ns (49.174%))
  Logic Levels:           1  (OBUF=1)
  Clock Uncertainty:      0.025ns  ((TSJ^2 + TIJ^2)^1/2 + DJ) / 2 + PE
    Total System Jitter     (TSJ):    0.050ns
    Total Input Jitter      (TIJ):    0.000ns
    Discrete Jitter          (DJ):    0.000ns
    Phase Error              (PE):    0.000ns

    Location             Delay type                Incr(ns)  Path(ns)    Netlist Resource(s)
  -------------------------------------------------------------------    -------------------
                         (clock jtag_tck_clk rise edge)
                                                      0.000     0.000 r  
    K1                                                0.000     0.000 r  JTAG_TCK (IN)
                         net (fo=0)                   0.000     0.000    JTAG_TCK
    K1                   IBUF (Prop_ibuf_I_O)         0.229     0.229 r  JTAG_TCK_IBUF_inst/O
                         net (fo=1, routed)           0.934     1.163    JTAG_TCK_IBUF
    BUFGCTRL_X0Y1        BUFG (Prop_bufg_I_O)         0.026     1.189 r  JTAG_TCK_IBUF_BUFG_inst/O
                         net (fo=154, routed)         0.561     1.750    u_soc/u_jtag/JTAG_TCK_IBUF_BUFG
    SLICE_X69Y66         FDRE                                         r  u_soc/u_jtag/jtag_tdo_reg/C
  -------------------------------------------------------------------    -------------------
    SLICE_X69Y66         FDRE (Prop_fdre_C_Q)         0.141     1.891 r  u_soc/u_jtag/jtag_tdo_reg/Q
                         net (fo=1, routed)           1.339     3.230    JTAG_TDO_OBUF
    G6                   OBUF (Prop_obuf_I_O)         1.243     4.472 r  JTAG_TDO_OBUF_inst/O
                         net (fo=0)                   0.000     4.472    JTAG_TDO
    G6                                                                r  JTAG_TDO (OUT)
  -------------------------------------------------------------------    -------------------





--------------------------------------------------------------------------------------
Path Group:  (none)
From Clock:  
  To Clock:  clk_50mhz

Max Delay           105 Endpoints
Min Delay           105 Endpoints
--------------------------------------------------------------------------------------


Max Delay Paths
--------------------------------------------------------------------------------------
Slack:                    inf
  Source:                 u_soc/u_npu/u_npu_engine/rq_ab0/ACOUT[16]
                            (internal pin)
  Destination:            u_soc/u_npu/u_npu_engine/rq_ab_reg[61]/D
                            (rising edge-triggered cell FDCE clocked by clk_50mhz  {rise@0.000ns fall@10.000ns period=20.000ns})
  Path Group:             (none)
  Path Type:              Setup (Max at Slow Process Corner)
  Data Path Delay:        7.013ns  (logic 5.789ns (82.546%)  route 1.224ns (17.454%))
  Logic Levels:           14  (CARRY4=12 DSP48E1=1 LUT3=1)
  Clock Uncertainty:      0.025ns  ((TSJ^2 + TIJ^2)^1/2 + DJ) / 2 + PE
    Total System Jitter     (TSJ):    0.050ns
    Total Input Jitter      (TIJ):    0.000ns
    Discrete Jitter          (DJ):    0.000ns
    Phase Error              (PE):    0.000ns

    Location             Delay type                Incr(ns)  Path(ns)    Netlist Resource(s)
  -------------------------------------------------------------------    -------------------
    DSP48_X2Y14          DSP48E1                      0.000     0.000 r  u_soc/u_npu/u_npu_engine/rq_ab0/ACOUT[16]
                         net (fo=1, routed)           0.002     0.002    u_soc/u_npu/u_npu_engine/rq_ab0_n_37
    DSP48_X2Y15          DSP48E1 (Prop_dsp48e1_ACIN[16]_P[0])
                                                      3.639     3.641 r  u_soc/u_npu/u_npu_engine/rq_ab0__0/P[0]
                         net (fo=1, routed)           1.222     4.863    u_soc/u_npu/u_npu_engine/rq_ab0__0_n_105
    SLICE_X78Y30         LUT3 (Prop_lut3_I2_O)        0.124     4.987 r  u_soc/u_npu/u_npu_engine/rq_ab[19]_i_7/O
                         net (fo=1, routed)           0.000     4.987    u_soc/u_npu/u_npu_engine/rq_ab[19]_i_7_n_0
    SLICE_X78Y30         CARRY4 (Prop_carry4_S[1]_CO[3])
                                                      0.533     5.520 r  u_soc/u_npu/u_npu_engine/rq_ab_reg[19]_i_1/CO[3]
                         net (fo=1, routed)           0.000     5.520    u_soc/u_npu/u_npu_engine/rq_ab_reg[19]_i_1_n_0
    SLICE_X78Y31         CARRY4 (Prop_carry4_CI_CO[3])
                                                      0.117     5.637 r  u_soc/u_npu/u_npu_engine/rq_ab_reg[23]_i_1/CO[3]
                         net (fo=1, routed)           0.000     5.637    u_soc/u_npu/u_npu_engine/rq_ab_reg[23]_i_1_n_0
    SLICE_X78Y32         CARRY4 (Prop_carry4_CI_CO[3])
                                                      0.117     5.754 r  u_soc/u_npu/u_npu_engine/rq_ab_reg[27]_i_1/CO[3]
                         net (fo=1, routed)           0.000     5.754    u_soc/u_npu/u_npu_engine/rq_ab_reg[27]_i_1_n_0
    SLICE_X78Y33         CARRY4 (Prop_carry4_CI_CO[3])
                                                      0.117     5.871 r  u_soc/u_npu/u_npu_engine/rq_ab_reg[31]_i_1/CO[3]
                         net (fo=1, routed)           0.000     5.871    u_soc/u_npu/u_npu_engine/rq_ab_reg[31]_i_1_n_0
    SLICE_X78Y34         CARRY4 (Prop_carry4_CI_CO[3])
                                                      0.117     5.988 r  u_soc/u_npu/u_npu_engine/rq_ab_reg[35]_i_1/CO[3]
                         net (fo=1, routed)           0.000     5.988    u_soc/u_npu/u_npu_engine/rq_ab_reg[35]_i_1_n_0
    SLICE_X78Y35         CARRY4 (Prop_carry4_CI_CO[3])
                                                      0.117     6.105 r  u_soc/u_npu/u_npu_engine/rq_ab_reg[39]_i_1/CO[3]
                         net (fo=1, routed)           0.000     6.105    u_soc/u_npu/u_npu_engine/rq_ab_reg[39]_i_1_n_0
    SLICE_X78Y36         CARRY4 (Prop_carry4_CI_CO[3])
                                                      0.117     6.222 r  u_soc/u_npu/u_npu_engine/rq_ab_reg[43]_i_1/CO[3]
                         net (fo=1, routed)           0.000     6.222    u_soc/u_npu/u_npu_engine/rq_ab_reg[43]_i_1_n_0
    SLICE_X78Y37         CARRY4 (Prop_carry4_CI_CO[3])
                                                      0.117     6.339 r  u_soc/u_npu/u_npu_engine/rq_ab_reg[47]_i_1/CO[3]
                         net (fo=1, routed)           0.000     6.339    u_soc/u_npu/u_npu_engine/rq_ab_reg[47]_i_1_n_0
    SLICE_X78Y38         CARRY4 (Prop_carry4_CI_CO[3])
                                                      0.117     6.456 r  u_soc/u_npu/u_npu_engine/rq_ab_reg[51]_i_1/CO[3]
                         net (fo=1, routed)           0.000     6.456    u_soc/u_npu/u_npu_engine/rq_ab_reg[51]_i_1_n_0
    SLICE_X78Y39         CARRY4 (Prop_carry4_CI_CO[3])
                                                      0.117     6.573 r  u_soc/u_npu/u_npu_engine/rq_ab_reg[55]_i_1/CO[3]
                         net (fo=1, routed)           0.000     6.573    u_soc/u_npu/u_npu_engine/rq_ab_reg[55]_i_1_n_0
    SLICE_X78Y40         CARRY4 (Prop_carry4_CI_CO[3])
                                                      0.117     6.690 r  u_soc/u_npu/u_npu_engine/rq_ab_reg[59]_i_1/CO[3]
                         net (fo=1, routed)           0.000     6.690    u_soc/u_npu/u_npu_engine/rq_ab_reg[59]_i_1_n_0
    SLICE_X78Y41         CARRY4 (Prop_carry4_CI_O[1])
                                                      0.323     7.013 r  u_soc/u_npu/u_npu_engine/rq_ab_reg[63]_i_2/O[1]
                         net (fo=1, routed)           0.000     7.013    u_soc/u_npu/u_npu_engine/rq_ab_reg[63]_i_2_n_6
    SLICE_X78Y41         FDCE                                         r  u_soc/u_npu/u_npu_engine/rq_ab_reg[61]/D
  -------------------------------------------------------------------    -------------------

                         (clock clk_50mhz rise edge)
                                                      0.000     0.000 r  
    E3                                                0.000     0.000 r  CLK100MHZ (IN)
                         net (fo=0)                   0.000     0.000    CLK100MHZ
    E3                   IBUF (Prop_ibuf_I_O)         1.411     1.411 r  CLK100MHZ_IBUF_inst/O
                         net (fo=1, routed)           1.920     3.331    CLK100MHZ_IBUF
    BUFGCTRL_X0Y16       BUFG (Prop_bufg_I_O)         0.091     3.422 r  CLK100MHZ_IBUF_BUFG_inst/O
                         net (fo=1, routed)           1.504     4.927    CLK100MHZ_IBUF_BUFG
    SLICE_X52Y96         FDRE (Prop_fdre_C_Q)         0.367     5.294 r  clk_50mhz_reg_reg/Q
                         net (fo=2, routed)           0.654     5.947    clk_50mhz_reg
    BUFGCTRL_X0Y0        BUFG (Prop_bufg_I_O)         0.091     6.038 r  bufg_clk/O
                         net (fo=5821, routed)        1.723     7.761    u_soc/u_npu/u_npu_engine/clk_50mhz
    SLICE_X78Y41         FDCE                                         r  u_soc/u_npu/u_npu_engine/rq_ab_reg[61]/C

Slack:                    inf
  Source:                 u_soc/u_npu/u_npu_engine/rq_ab0/ACOUT[16]
                            (internal pin)
  Destination:            u_soc/u_npu/u_npu_engine/rq_ab_reg[63]/D
                            (rising edge-triggered cell FDCE clocked by clk_50mhz  {rise@0.000ns fall@10.000ns period=20.000ns})
  Path Group:             (none)
  Path Type:              Setup (Max at Slow Process Corner)
  Data Path Delay:        7.005ns  (logic 5.781ns (82.526%)  route 1.224ns (17.474%))
  Logic Levels:           14  (CARRY4=12 DSP48E1=1 LUT3=1)
  Clock Uncertainty:      0.025ns  ((TSJ^2 + TIJ^2)^1/2 + DJ) / 2 + PE
    Total System Jitter     (TSJ):    0.050ns
    Total Input Jitter      (TIJ):    0.000ns
    Discrete Jitter          (DJ):    0.000ns
    Phase Error              (PE):    0.000ns

    Location             Delay type                Incr(ns)  Path(ns)    Netlist Resource(s)
  -------------------------------------------------------------------    -------------------
    DSP48_X2Y14          DSP48E1                      0.000     0.000 r  u_soc/u_npu/u_npu_engine/rq_ab0/ACOUT[16]
                         net (fo=1, routed)           0.002     0.002    u_soc/u_npu/u_npu_engine/rq_ab0_n_37
    DSP48_X2Y15          DSP48E1 (Prop_dsp48e1_ACIN[16]_P[0])
                                                      3.639     3.641 r  u_soc/u_npu/u_npu_engine/rq_ab0__0/P[0]
                         net (fo=1, routed)           1.222     4.863    u_soc/u_npu/u_npu_engine/rq_ab0__0_n_105
    SLICE_X78Y30         LUT3 (Prop_lut3_I2_O)        0.124     4.987 r  u_soc/u_npu/u_npu_engine/rq_ab[19]_i_7/O
                         net (fo=1, routed)           0.000     4.987    u_soc/u_npu/u_npu_engine/rq_ab[19]_i_7_n_0
    SLICE_X78Y30         CARRY4 (Prop_carry4_S[1]_CO[3])
                                                      0.533     5.520 r  u_soc/u_npu/u_npu_engine/rq_ab_reg[19]_i_1/CO[3]
                         net (fo=1, routed)           0.000     5.520    u_soc/u_npu/u_npu_engine/rq_ab_reg[19]_i_1_n_0
    SLICE_X78Y31         CARRY4 (Prop_carry4_CI_CO[3])
                                                      0.117     5.637 r  u_soc/u_npu/u_npu_engine/rq_ab_reg[23]_i_1/CO[3]
                         net (fo=1, routed)           0.000     5.637    u_soc/u_npu/u_npu_engine/rq_ab_reg[23]_i_1_n_0
    SLICE_X78Y32         CARRY4 (Prop_carry4_CI_CO[3])
                                                      0.117     5.754 r  u_soc/u_npu/u_npu_engine/rq_ab_reg[27]_i_1/CO[3]
                         net (fo=1, routed)           0.000     5.754    u_soc/u_npu/u_npu_engine/rq_ab_reg[27]_i_1_n_0
    SLICE_X78Y33         CARRY4 (Prop_carry4_CI_CO[3])
                                                      0.117     5.871 r  u_soc/u_npu/u_npu_engine/rq_ab_reg[31]_i_1/CO[3]
                         net (fo=1, routed)           0.000     5.871    u_soc/u_npu/u_npu_engine/rq_ab_reg[31]_i_1_n_0
    SLICE_X78Y34         CARRY4 (Prop_carry4_CI_CO[3])
                                                      0.117     5.988 r  u_soc/u_npu/u_npu_engine/rq_ab_reg[35]_i_1/CO[3]
                         net (fo=1, routed)           0.000     5.988    u_soc/u_npu/u_npu_engine/rq_ab_reg[35]_i_1_n_0
    SLICE_X78Y35         CARRY4 (Prop_carry4_CI_CO[3])
                                                      0.117     6.105 r  u_soc/u_npu/u_npu_engine/rq_ab_reg[39]_i_1/CO[3]
                         net (fo=1, routed)           0.000     6.105    u_soc/u_npu/u_npu_engine/rq_ab_reg[39]_i_1_n_0
    SLICE_X78Y36         CARRY4 (Prop_carry4_CI_CO[3])
                                                      0.117     6.222 r  u_soc/u_npu/u_npu_engine/rq_ab_reg[43]_i_1/CO[3]
                         net (fo=1, routed)           0.000     6.222    u_soc/u_npu/u_npu_engine/rq_ab_reg[43]_i_1_n_0
    SLICE_X78Y37         CARRY4 (Prop_carry4_CI_CO[3])
                                                      0.117     6.339 r  u_soc/u_npu/u_npu_engine/rq_ab_reg[47]_i_1/CO[3]
                         net (fo=1, routed)           0.000     6.339    u_soc/u_npu/u_npu_engine/rq_ab_reg[47]_i_1_n_0
    SLICE_X78Y38         CARRY4 (Prop_carry4_CI_CO[3])
                                                      0.117     6.456 r  u_soc/u_npu/u_npu_engine/rq_ab_reg[51]_i_1/CO[3]
                         net (fo=1, routed)           0.000     6.456    u_soc/u_npu/u_npu_engine/rq_ab_reg[51]_i_1_n_0
    SLICE_X78Y39         CARRY4 (Prop_carry4_CI_CO[3])
                                                      0.117     6.573 r  u_soc/u_npu/u_npu_engine/rq_ab_reg[55]_i_1/CO[3]
                         net (fo=1, routed)           0.000     6.573    u_soc/u_npu/u_npu_engine/rq_ab_reg[55]_i_1_n_0
    SLICE_X78Y40         CARRY4 (Prop_carry4_CI_CO[3])
                                                      0.117     6.690 r  u_soc/u_npu/u_npu_engine/rq_ab_reg[59]_i_1/CO[3]
                         net (fo=1, routed)           0.000     6.690    u_soc/u_npu/u_npu_engine/rq_ab_reg[59]_i_1_n_0
    SLICE_X78Y41         CARRY4 (Prop_carry4_CI_O[3])
                                                      0.315     7.005 r  u_soc/u_npu/u_npu_engine/rq_ab_reg[63]_i_2/O[3]
                         net (fo=1, routed)           0.000     7.005    u_soc/u_npu/u_npu_engine/rq_ab_reg[63]_i_2_n_4
    SLICE_X78Y41         FDCE                                         r  u_soc/u_npu/u_npu_engine/rq_ab_reg[63]/D
  -------------------------------------------------------------------    -------------------

                         (clock clk_50mhz rise edge)
                                                      0.000     0.000 r  
    E3                                                0.000     0.000 r  CLK100MHZ (IN)
                         net (fo=0)                   0.000     0.000    CLK100MHZ
    E3                   IBUF (Prop_ibuf_I_O)         1.411     1.411 r  CLK100MHZ_IBUF_inst/O
                         net (fo=1, routed)           1.920     3.331    CLK100MHZ_IBUF
    BUFGCTRL_X0Y16       BUFG (Prop_bufg_I_O)         0.091     3.422 r  CLK100MHZ_IBUF_BUFG_inst/O
                         net (fo=1, routed)           1.504     4.927    CLK100MHZ_IBUF_BUFG
    SLICE_X52Y96         FDRE (Prop_fdre_C_Q)         0.367     5.294 r  clk_50mhz_reg_reg/Q
                         net (fo=2, routed)           0.654     5.947    clk_50mhz_reg
    BUFGCTRL_X0Y0        BUFG (Prop_bufg_I_O)         0.091     6.038 r  bufg_clk/O
                         net (fo=5821, routed)        1.723     7.761    u_soc/u_npu/u_npu_engine/clk_50mhz
    SLICE_X78Y41         FDCE                                         r  u_soc/u_npu/u_npu_engine/rq_ab_reg[63]/C

Slack:                    inf
  Source:                 CPU_RESETN
                            (input port)
  Destination:            rst_n_sync_reg/CLR
                            (recovery check against rising-edge clock clk_50mhz  {rise@0.000ns fall@10.000ns period=20.000ns})
  Path Group:             (none)
  Path Type:              Recovery (Max at Slow Process Corner)
  Data Path Delay:        6.985ns  (logic 1.631ns (23.350%)  route 5.354ns (76.650%))
  Logic Levels:           2  (IBUF=1 LUT1=1)
  Clock Path Skew:        7.719ns (DCD - SCD + CPR)
    Destination Clock Delay (DCD):    7.719ns
    Source Clock Delay      (SCD):    0.000ns
    Clock Pessimism Removal (CPR):    0.000ns
  Clock Uncertainty:      0.025ns  ((TSJ^2 + TIJ^2)^1/2 + DJ) / 2 + PE
    Total System Jitter     (TSJ):    0.050ns
    Total Input Jitter      (TIJ):    0.000ns
    Discrete Jitter          (DJ):    0.000ns
    Phase Error              (PE):    0.000ns

    Location             Delay type                Incr(ns)  Path(ns)    Netlist Resource(s)
  -------------------------------------------------------------------    -------------------
    C12                                               0.000     0.000 r  CPU_RESETN (IN)
                         net (fo=0)                   0.000     0.000    CPU_RESETN
    C12                  IBUF (Prop_ibuf_I_O)         1.507     1.507 r  CPU_RESETN_IBUF_inst/O
                         net (fo=1, routed)           4.773     6.280    CPU_RESETN_IBUF
    SLICE_X32Y40         LUT1 (Prop_lut1_I0_O)        0.124     6.404 f  rst_n_sync_reg1_i_1/O
                         net (fo=2, routed)           0.581     6.985    rst_n_sync_reg1_i_1_n_0
    SLICE_X32Y40         FDCE                                         f  rst_n_sync_reg/CLR
  -------------------------------------------------------------------    -------------------

                         (clock clk_50mhz rise edge)
                                                      0.000     0.000 r  
    E3                                                0.000     0.000 r  CLK100MHZ (IN)
                         net (fo=0)                   0.000     0.000    CLK100MHZ
    E3                   IBUF (Prop_ibuf_I_O)         1.411     1.411 r  CLK100MHZ_IBUF_inst/O
                         net (fo=1, routed)           1.920     3.331    CLK100MHZ_IBUF
    BUFGCTRL_X0Y16       BUFG (Prop_bufg_I_O)         0.091     3.422 r  CLK100MHZ_IBUF_BUFG_inst/O
                         net (fo=1, routed)           1.504     4.927    CLK100MHZ_IBUF_BUFG
    SLICE_X52Y96         FDRE (Prop_fdre_C_Q)         0.367     5.294 r  clk_50mhz_reg_reg/Q
                         net (fo=2, routed)           0.654     5.947    clk_50mhz_reg
    BUFGCTRL_X0Y0        BUFG (Prop_bufg_I_O)         0.091     6.038 r  bufg_clk/O
                         net (fo=5821, routed)        1.681     7.719    clk_50mhz
    SLICE_X32Y40         FDCE                                         r  rst_n_sync_reg/C

Slack:                    inf
  Source:                 CPU_RESETN
                            (input port)
  Destination:            rst_n_sync_reg1_reg/CLR
                            (recovery check against rising-edge clock clk_50mhz  {rise@0.000ns fall@10.000ns period=20.000ns})
  Path Group:             (none)
  Path Type:              Recovery (Max at Slow Process Corner)
  Data Path Delay:        6.985ns  (logic 1.631ns (23.350%)  route 5.354ns (76.650%))
  Logic Levels:           2  (IBUF=1 LUT1=1)
  Clock Path Skew:        7.719ns (DCD - SCD + CPR)
    Destination Clock Delay (DCD):    7.719ns
    Source Clock Delay      (SCD):    0.000ns
    Clock Pessimism Removal (CPR):    0.000ns
  Clock Uncertainty:      0.025ns  ((TSJ^2 + TIJ^2)^1/2 + DJ) / 2 + PE
    Total System Jitter     (TSJ):    0.050ns
    Total Input Jitter      (TIJ):    0.000ns
    Discrete Jitter          (DJ):    0.000ns
    Phase Error              (PE):    0.000ns

    Location             Delay type                Incr(ns)  Path(ns)    Netlist Resource(s)
  -------------------------------------------------------------------    -------------------
    C12                                               0.000     0.000 r  CPU_RESETN (IN)
                         net (fo=0)                   0.000     0.000    CPU_RESETN
    C12                  IBUF (Prop_ibuf_I_O)         1.507     1.507 r  CPU_RESETN_IBUF_inst/O
                         net (fo=1, routed)           4.773     6.280    CPU_RESETN_IBUF
    SLICE_X32Y40         LUT1 (Prop_lut1_I0_O)        0.124     6.404 f  rst_n_sync_reg1_i_1/O
                         net (fo=2, routed)           0.581     6.985    rst_n_sync_reg1_i_1_n_0
    SLICE_X32Y40         FDCE                                         f  rst_n_sync_reg1_reg/CLR
  -------------------------------------------------------------------    -------------------

                         (clock clk_50mhz rise edge)
                                                      0.000     0.000 r  
    E3                                                0.000     0.000 r  CLK100MHZ (IN)
                         net (fo=0)                   0.000     0.000    CLK100MHZ
    E3                   IBUF (Prop_ibuf_I_O)         1.411     1.411 r  CLK100MHZ_IBUF_inst/O
                         net (fo=1, routed)           1.920     3.331    CLK100MHZ_IBUF
    BUFGCTRL_X0Y16       BUFG (Prop_bufg_I_O)         0.091     3.422 r  CLK100MHZ_IBUF_BUFG_inst/O
                         net (fo=1, routed)           1.504     4.927    CLK100MHZ_IBUF_BUFG
    SLICE_X52Y96         FDRE (Prop_fdre_C_Q)         0.367     5.294 r  clk_50mhz_reg_reg/Q
                         net (fo=2, routed)           0.654     5.947    clk_50mhz_reg
    BUFGCTRL_X0Y0        BUFG (Prop_bufg_I_O)         0.091     6.038 r  bufg_clk/O
                         net (fo=5821, routed)        1.681     7.719    clk_50mhz
    SLICE_X32Y40         FDCE                                         r  rst_n_sync_reg1_reg/C

Slack:                    inf
  Source:                 u_soc/u_npu/u_npu_engine/rq_ab0/ACOUT[16]
                            (internal pin)
  Destination:            u_soc/u_npu/u_npu_engine/rq_ab_reg[62]/D
                            (rising edge-triggered cell FDCE clocked by clk_50mhz  {rise@0.000ns fall@10.000ns period=20.000ns})
  Path Group:             (none)
  Path Type:              Setup (Max at Slow Process Corner)
  Data Path Delay:        6.929ns  (logic 5.705ns (82.334%)  route 1.224ns (17.666%))
  Logic Levels:           14  (CARRY4=12 DSP48E1=1 LUT3=1)
  Clock Uncertainty:      0.025ns  ((TSJ^2 + TIJ^2)^1/2 + DJ) / 2 + PE
    Total System Jitter     (TSJ):    0.050ns
    Total Input Jitter      (TIJ):    0.000ns
    Discrete Jitter          (DJ):    0.000ns
    Phase Error              (PE):    0.000ns

    Location             Delay type                Incr(ns)  Path(ns)    Netlist Resource(s)
  -------------------------------------------------------------------    -------------------
    DSP48_X2Y14          DSP48E1                      0.000     0.000 r  u_soc/u_npu/u_npu_engine/rq_ab0/ACOUT[16]
                         net (fo=1, routed)           0.002     0.002    u_soc/u_npu/u_npu_engine/rq_ab0_n_37
    DSP48_X2Y15          DSP48E1 (Prop_dsp48e1_ACIN[16]_P[0])
                                                      3.639     3.641 r  u_soc/u_npu/u_npu_engine/rq_ab0__0/P[0]
                         net (fo=1, routed)           1.222     4.863    u_soc/u_npu/u_npu_engine/rq_ab0__0_n_105
    SLICE_X78Y30         LUT3 (Prop_lut3_I2_O)        0.124     4.987 r  u_soc/u_npu/u_npu_engine/rq_ab[19]_i_7/O
                         net (fo=1, routed)           0.000     4.987    u_soc/u_npu/u_npu_engine/rq_ab[19]_i_7_n_0
    SLICE_X78Y30         CARRY4 (Prop_carry4_S[1]_CO[3])
                                                      0.533     5.520 r  u_soc/u_npu/u_npu_engine/rq_ab_reg[19]_i_1/CO[3]
                         net (fo=1, routed)           0.000     5.520    u_soc/u_npu/u_npu_engine/rq_ab_reg[19]_i_1_n_0
    SLICE_X78Y31         CARRY4 (Prop_carry4_CI_CO[3])
                                                      0.117     5.637 r  u_soc/u_npu/u_npu_engine/rq_ab_reg[23]_i_1/CO[3]
                         net (fo=1, routed)           0.000     5.637    u_soc/u_npu/u_npu_engine/rq_ab_reg[23]_i_1_n_0
    SLICE_X78Y32         CARRY4 (Prop_carry4_CI_CO[3])
                                                      0.117     5.754 r  u_soc/u_npu/u_npu_engine/rq_ab_reg[27]_i_1/CO[3]
                         net (fo=1, routed)           0.000     5.754    u_soc/u_npu/u_npu_engine/rq_ab_reg[27]_i_1_n_0
    SLICE_X78Y33         CARRY4 (Prop_carry4_CI_CO[3])
                                                      0.117     5.871 r  u_soc/u_npu/u_npu_engine/rq_ab_reg[31]_i_1/CO[3]
                         net (fo=1, routed)           0.000     5.871    u_soc/u_npu/u_npu_engine/rq_ab_reg[31]_i_1_n_0
    SLICE_X78Y34         CARRY4 (Prop_carry4_CI_CO[3])
                                                      0.117     5.988 r  u_soc/u_npu/u_npu_engine/rq_ab_reg[35]_i_1/CO[3]
                         net (fo=1, routed)           0.000     5.988    u_soc/u_npu/u_npu_engine/rq_ab_reg[35]_i_1_n_0
    SLICE_X78Y35         CARRY4 (Prop_carry4_CI_CO[3])
                                                      0.117     6.105 r  u_soc/u_npu/u_npu_engine/rq_ab_reg[39]_i_1/CO[3]
                         net (fo=1, routed)           0.000     6.105    u_soc/u_npu/u_npu_engine/rq_ab_reg[39]_i_1_n_0
    SLICE_X78Y36         CARRY4 (Prop_carry4_CI_CO[3])
                                                      0.117     6.222 r  u_soc/u_npu/u_npu_engine/rq_ab_reg[43]_i_1/CO[3]
                         net (fo=1, routed)           0.000     6.222    u_soc/u_npu/u_npu_engine/rq_ab_reg[43]_i_1_n_0
    SLICE_X78Y37         CARRY4 (Prop_carry4_CI_CO[3])
                                                      0.117     6.339 r  u_soc/u_npu/u_npu_engine/rq_ab_reg[47]_i_1/CO[3]
                         net (fo=1, routed)           0.000     6.339    u_soc/u_npu/u_npu_engine/rq_ab_reg[47]_i_1_n_0
    SLICE_X78Y38         CARRY4 (Prop_carry4_CI_CO[3])
                                                      0.117     6.456 r  u_soc/u_npu/u_npu_engine/rq_ab_reg[51]_i_1/CO[3]
                         net (fo=1, routed)           0.000     6.456    u_soc/u_npu/u_npu_engine/rq_ab_reg[51]_i_1_n_0
    SLICE_X78Y39         CARRY4 (Prop_carry4_CI_CO[3])
                                                      0.117     6.573 r  u_soc/u_npu/u_npu_engine/rq_ab_reg[55]_i_1/CO[3]
                         net (fo=1, routed)           0.000     6.573    u_soc/u_npu/u_npu_engine/rq_ab_reg[55]_i_1_n_0
    SLICE_X78Y40         CARRY4 (Prop_carry4_CI_CO[3])
                                                      0.117     6.690 r  u_soc/u_npu/u_npu_engine/rq_ab_reg[59]_i_1/CO[3]
                         net (fo=1, routed)           0.000     6.690    u_soc/u_npu/u_npu_engine/rq_ab_reg[59]_i_1_n_0
    SLICE_X78Y41         CARRY4 (Prop_carry4_CI_O[2])
                                                      0.239     6.929 r  u_soc/u_npu/u_npu_engine/rq_ab_reg[63]_i_2/O[2]
                         net (fo=1, routed)           0.000     6.929    u_soc/u_npu/u_npu_engine/rq_ab_reg[63]_i_2_n_5
    SLICE_X78Y41         FDCE                                         r  u_soc/u_npu/u_npu_engine/rq_ab_reg[62]/D
  -------------------------------------------------------------------    -------------------

                         (clock clk_50mhz rise edge)
                                                      0.000     0.000 r  
    E3                                                0.000     0.000 r  CLK100MHZ (IN)
                         net (fo=0)                   0.000     0.000    CLK100MHZ
    E3                   IBUF (Prop_ibuf_I_O)         1.411     1.411 r  CLK100MHZ_IBUF_inst/O
                         net (fo=1, routed)           1.920     3.331    CLK100MHZ_IBUF
    BUFGCTRL_X0Y16       BUFG (Prop_bufg_I_O)         0.091     3.422 r  CLK100MHZ_IBUF_BUFG_inst/O
                         net (fo=1, routed)           1.504     4.927    CLK100MHZ_IBUF_BUFG
    SLICE_X52Y96         FDRE (Prop_fdre_C_Q)         0.367     5.294 r  clk_50mhz_reg_reg/Q
                         net (fo=2, routed)           0.654     5.947    clk_50mhz_reg
    BUFGCTRL_X0Y0        BUFG (Prop_bufg_I_O)         0.091     6.038 r  bufg_clk/O
                         net (fo=5821, routed)        1.723     7.761    u_soc/u_npu/u_npu_engine/clk_50mhz
    SLICE_X78Y41         FDCE                                         r  u_soc/u_npu/u_npu_engine/rq_ab_reg[62]/C

Slack:                    inf
  Source:                 u_soc/u_npu/u_npu_engine/rq_ab0/ACOUT[16]
                            (internal pin)
  Destination:            u_soc/u_npu/u_npu_engine/rq_ab_reg[60]/D
                            (rising edge-triggered cell FDCE clocked by clk_50mhz  {rise@0.000ns fall@10.000ns period=20.000ns})
  Path Group:             (none)
  Path Type:              Setup (Max at Slow Process Corner)
  Data Path Delay:        6.909ns  (logic 5.685ns (82.283%)  route 1.224ns (17.717%))
  Logic Levels:           14  (CARRY4=12 DSP48E1=1 LUT3=1)
  Clock Uncertainty:      0.025ns  ((TSJ^2 + TIJ^2)^1/2 + DJ) / 2 + PE
    Total System Jitter     (TSJ):    0.050ns
    Total Input Jitter      (TIJ):    0.000ns
    Discrete Jitter          (DJ):    0.000ns
    Phase Error              (PE):    0.000ns

    Location             Delay type                Incr(ns)  Path(ns)    Netlist Resource(s)
  -------------------------------------------------------------------    -------------------
    DSP48_X2Y14          DSP48E1                      0.000     0.000 r  u_soc/u_npu/u_npu_engine/rq_ab0/ACOUT[16]
                         net (fo=1, routed)           0.002     0.002    u_soc/u_npu/u_npu_engine/rq_ab0_n_37
    DSP48_X2Y15          DSP48E1 (Prop_dsp48e1_ACIN[16]_P[0])
                                                      3.639     3.641 r  u_soc/u_npu/u_npu_engine/rq_ab0__0/P[0]
                         net (fo=1, routed)           1.222     4.863    u_soc/u_npu/u_npu_engine/rq_ab0__0_n_105
    SLICE_X78Y30         LUT3 (Prop_lut3_I2_O)        0.124     4.987 r  u_soc/u_npu/u_npu_engine/rq_ab[19]_i_7/O
                         net (fo=1, routed)           0.000     4.987    u_soc/u_npu/u_npu_engine/rq_ab[19]_i_7_n_0
    SLICE_X78Y30         CARRY4 (Prop_carry4_S[1]_CO[3])
                                                      0.533     5.520 r  u_soc/u_npu/u_npu_engine/rq_ab_reg[19]_i_1/CO[3]
                         net (fo=1, routed)           0.000     5.520    u_soc/u_npu/u_npu_engine/rq_ab_reg[19]_i_1_n_0
    SLICE_X78Y31         CARRY4 (Prop_carry4_CI_CO[3])
                                                      0.117     5.637 r  u_soc/u_npu/u_npu_engine/rq_ab_reg[23]_i_1/CO[3]
                         net (fo=1, routed)           0.000     5.637    u_soc/u_npu/u_npu_engine/rq_ab_reg[23]_i_1_n_0
    SLICE_X78Y32         CARRY4 (Prop_carry4_CI_CO[3])
                                                      0.117     5.754 r  u_soc/u_npu/u_npu_engine/rq_ab_reg[27]_i_1/CO[3]
                         net (fo=1, routed)           0.000     5.754    u_soc/u_npu/u_npu_engine/rq_ab_reg[27]_i_1_n_0
    SLICE_X78Y33         CARRY4 (Prop_carry4_CI_CO[3])
                                                      0.117     5.871 r  u_soc/u_npu/u_npu_engine/rq_ab_reg[31]_i_1/CO[3]
                         net (fo=1, routed)           0.000     5.871    u_soc/u_npu/u_npu_engine/rq_ab_reg[31]_i_1_n_0
    SLICE_X78Y34         CARRY4 (Prop_carry4_CI_CO[3])
                                                      0.117     5.988 r  u_soc/u_npu/u_npu_engine/rq_ab_reg[35]_i_1/CO[3]
                         net (fo=1, routed)           0.000     5.988    u_soc/u_npu/u_npu_engine/rq_ab_reg[35]_i_1_n_0
    SLICE_X78Y35         CARRY4 (Prop_carry4_CI_CO[3])
                                                      0.117     6.105 r  u_soc/u_npu/u_npu_engine/rq_ab_reg[39]_i_1/CO[3]
                         net (fo=1, routed)           0.000     6.105    u_soc/u_npu/u_npu_engine/rq_ab_reg[39]_i_1_n_0
    SLICE_X78Y36         CARRY4 (Prop_carry4_CI_CO[3])
                                                      0.117     6.222 r  u_soc/u_npu/u_npu_engine/rq_ab_reg[43]_i_1/CO[3]
                         net (fo=1, routed)           0.000     6.222    u_soc/u_npu/u_npu_engine/rq_ab_reg[43]_i_1_n_0
    SLICE_X78Y37         CARRY4 (Prop_carry4_CI_CO[3])
                                                      0.117     6.339 r  u_soc/u_npu/u_npu_engine/rq_ab_reg[47]_i_1/CO[3]
                         net (fo=1, routed)           0.000     6.339    u_soc/u_npu/u_npu_engine/rq_ab_reg[47]_i_1_n_0
    SLICE_X78Y38         CARRY4 (Prop_carry4_CI_CO[3])
                                                      0.117     6.456 r  u_soc/u_npu/u_npu_engine/rq_ab_reg[51]_i_1/CO[3]
                         net (fo=1, routed)           0.000     6.456    u_soc/u_npu/u_npu_engine/rq_ab_reg[51]_i_1_n_0
    SLICE_X78Y39         CARRY4 (Prop_carry4_CI_CO[3])
                                                      0.117     6.573 r  u_soc/u_npu/u_npu_engine/rq_ab_reg[55]_i_1/CO[3]
                         net (fo=1, routed)           0.000     6.573    u_soc/u_npu/u_npu_engine/rq_ab_reg[55]_i_1_n_0
    SLICE_X78Y40         CARRY4 (Prop_carry4_CI_CO[3])
                                                      0.117     6.690 r  u_soc/u_npu/u_npu_engine/rq_ab_reg[59]_i_1/CO[3]
                         net (fo=1, routed)           0.000     6.690    u_soc/u_npu/u_npu_engine/rq_ab_reg[59]_i_1_n_0
    SLICE_X78Y41         CARRY4 (Prop_carry4_CI_O[0])
                                                      0.219     6.909 r  u_soc/u_npu/u_npu_engine/rq_ab_reg[63]_i_2/O[0]
                         net (fo=1, routed)           0.000     6.909    u_soc/u_npu/u_npu_engine/rq_ab_reg[63]_i_2_n_7
    SLICE_X78Y41         FDCE                                         r  u_soc/u_npu/u_npu_engine/rq_ab_reg[60]/D
  -------------------------------------------------------------------    -------------------

                         (clock clk_50mhz rise edge)
                                                      0.000     0.000 r  
    E3                                                0.000     0.000 r  CLK100MHZ (IN)
                         net (fo=0)                   0.000     0.000    CLK100MHZ
    E3                   IBUF (Prop_ibuf_I_O)         1.411     1.411 r  CLK100MHZ_IBUF_inst/O
                         net (fo=1, routed)           1.920     3.331    CLK100MHZ_IBUF
    BUFGCTRL_X0Y16       BUFG (Prop_bufg_I_O)         0.091     3.422 r  CLK100MHZ_IBUF_BUFG_inst/O
                         net (fo=1, routed)           1.504     4.927    CLK100MHZ_IBUF_BUFG
    SLICE_X52Y96         FDRE (Prop_fdre_C_Q)         0.367     5.294 r  clk_50mhz_reg_reg/Q
                         net (fo=2, routed)           0.654     5.947    clk_50mhz_reg
    BUFGCTRL_X0Y0        BUFG (Prop_bufg_I_O)         0.091     6.038 r  bufg_clk/O
                         net (fo=5821, routed)        1.723     7.761    u_soc/u_npu/u_npu_engine/clk_50mhz
    SLICE_X78Y41         FDCE                                         r  u_soc/u_npu/u_npu_engine/rq_ab_reg[60]/C

Slack:                    inf
  Source:                 u_soc/u_npu/u_npu_engine/rq_ab0/ACOUT[16]
                            (internal pin)
  Destination:            u_soc/u_npu/u_npu_engine/rq_ab_reg[57]/D
                            (rising edge-triggered cell FDCE clocked by clk_50mhz  {rise@0.000ns fall@10.000ns period=20.000ns})
  Path Group:             (none)
  Path Type:              Setup (Max at Slow Process Corner)
  Data Path Delay:        6.896ns  (logic 5.672ns (82.250%)  route 1.224ns (17.750%))
  Logic Levels:           13  (CARRY4=11 DSP48E1=1 LUT3=1)
  Clock Uncertainty:      0.025ns  ((TSJ^2 + TIJ^2)^1/2 + DJ) / 2 + PE
    Total System Jitter     (TSJ):    0.050ns
    Total Input Jitter      (TIJ):    0.000ns
    Discrete Jitter          (DJ):    0.000ns
    Phase Error              (PE):    0.000ns

    Location             Delay type                Incr(ns)  Path(ns)    Netlist Resource(s)
  -------------------------------------------------------------------    -------------------
    DSP48_X2Y14          DSP48E1                      0.000     0.000 r  u_soc/u_npu/u_npu_engine/rq_ab0/ACOUT[16]
                         net (fo=1, routed)           0.002     0.002    u_soc/u_npu/u_npu_engine/rq_ab0_n_37
    DSP48_X2Y15          DSP48E1 (Prop_dsp48e1_ACIN[16]_P[0])
                                                      3.639     3.641 r  u_soc/u_npu/u_npu_engine/rq_ab0__0/P[0]
                         net (fo=1, routed)           1.222     4.863    u_soc/u_npu/u_npu_engine/rq_ab0__0_n_105
    SLICE_X78Y30         LUT3 (Prop_lut3_I2_O)        0.124     4.987 r  u_soc/u_npu/u_npu_engine/rq_ab[19]_i_7/O
                         net (fo=1, routed)           0.000     4.987    u_soc/u_npu/u_npu_engine/rq_ab[19]_i_7_n_0
    SLICE_X78Y30         CARRY4 (Prop_carry4_S[1]_CO[3])
                                                      0.533     5.520 r  u_soc/u_npu/u_npu_engine/rq_ab_reg[19]_i_1/CO[3]
                         net (fo=1, routed)           0.000     5.520    u_soc/u_npu/u_npu_engine/rq_ab_reg[19]_i_1_n_0
    SLICE_X78Y31         CARRY4 (Prop_carry4_CI_CO[3])
                                                      0.117     5.637 r  u_soc/u_npu/u_npu_engine/rq_ab_reg[23]_i_1/CO[3]
                         net (fo=1, routed)           0.000     5.637    u_soc/u_npu/u_npu_engine/rq_ab_reg[23]_i_1_n_0
    SLICE_X78Y32         CARRY4 (Prop_carry4_CI_CO[3])
                                                      0.117     5.754 r  u_soc/u_npu/u_npu_engine/rq_ab_reg[27]_i_1/CO[3]
                         net (fo=1, routed)           0.000     5.754    u_soc/u_npu/u_npu_engine/rq_ab_reg[27]_i_1_n_0
    SLICE_X78Y33         CARRY4 (Prop_carry4_CI_CO[3])
                                                      0.117     5.871 r  u_soc/u_npu/u_npu_engine/rq_ab_reg[31]_i_1/CO[3]
                         net (fo=1, routed)           0.000     5.871    u_soc/u_npu/u_npu_engine/rq_ab_reg[31]_i_1_n_0
    SLICE_X78Y34         CARRY4 (Prop_carry4_CI_CO[3])
                                                      0.117     5.988 r  u_soc/u_npu/u_npu_engine/rq_ab_reg[35]_i_1/CO[3]
                         net (fo=1, routed)           0.000     5.988    u_soc/u_npu/u_npu_engine/rq_ab_reg[35]_i_1_n_0
    SLICE_X78Y35         CARRY4 (Prop_carry4_CI_CO[3])
                                                      0.117     6.105 r  u_soc/u_npu/u_npu_engine/rq_ab_reg[39]_i_1/CO[3]
                         net (fo=1, routed)           0.000     6.105    u_soc/u_npu/u_npu_engine/rq_ab_reg[39]_i_1_n_0
    SLICE_X78Y36         CARRY4 (Prop_carry4_CI_CO[3])
                                                      0.117     6.222 r  u_soc/u_npu/u_npu_engine/rq_ab_reg[43]_i_1/CO[3]
                         net (fo=1, routed)           0.000     6.222    u_soc/u_npu/u_npu_engine/rq_ab_reg[43]_i_1_n_0
    SLICE_X78Y37         CARRY4 (Prop_carry4_CI_CO[3])
                                                      0.117     6.339 r  u_soc/u_npu/u_npu_engine/rq_ab_reg[47]_i_1/CO[3]
                         net (fo=1, routed)           0.000     6.339    u_soc/u_npu/u_npu_engine/rq_ab_reg[47]_i_1_n_0
    SLICE_X78Y38         CARRY4 (Prop_carry4_CI_CO[3])
                                                      0.117     6.456 r  u_soc/u_npu/u_npu_engine/rq_ab_reg[51]_i_1/CO[3]
                         net (fo=1, routed)           0.000     6.456    u_soc/u_npu/u_npu_engine/rq_ab_reg[51]_i_1_n_0
    SLICE_X78Y39         CARRY4 (Prop_carry4_CI_CO[3])
                                                      0.117     6.573 r  u_soc/u_npu/u_npu_engine/rq_ab_reg[55]_i_1/CO[3]
                         net (fo=1, routed)           0.000     6.573    u_soc/u_npu/u_npu_engine/rq_ab_reg[55]_i_1_n_0
    SLICE_X78Y40         CARRY4 (Prop_carry4_CI_O[1])
                                                      0.323     6.896 r  u_soc/u_npu/u_npu_engine/rq_ab_reg[59]_i_1/O[1]
                         net (fo=1, routed)           0.000     6.896    u_soc/u_npu/u_npu_engine/rq_ab_reg[59]_i_1_n_6
    SLICE_X78Y40         FDCE                                         r  u_soc/u_npu/u_npu_engine/rq_ab_reg[57]/D
  -------------------------------------------------------------------    -------------------

                         (clock clk_50mhz rise edge)
                                                      0.000     0.000 r  
    E3                                                0.000     0.000 r  CLK100MHZ (IN)
                         net (fo=0)                   0.000     0.000    CLK100MHZ
    E3                   IBUF (Prop_ibuf_I_O)         1.411     1.411 r  CLK100MHZ_IBUF_inst/O
                         net (fo=1, routed)           1.920     3.331    CLK100MHZ_IBUF
    BUFGCTRL_X0Y16       BUFG (Prop_bufg_I_O)         0.091     3.422 r  CLK100MHZ_IBUF_BUFG_inst/O
                         net (fo=1, routed)           1.504     4.927    CLK100MHZ_IBUF_BUFG
    SLICE_X52Y96         FDRE (Prop_fdre_C_Q)         0.367     5.294 r  clk_50mhz_reg_reg/Q
                         net (fo=2, routed)           0.654     5.947    clk_50mhz_reg
    BUFGCTRL_X0Y0        BUFG (Prop_bufg_I_O)         0.091     6.038 r  bufg_clk/O
                         net (fo=5821, routed)        1.722     7.760    u_soc/u_npu/u_npu_engine/clk_50mhz
    SLICE_X78Y40         FDCE                                         r  u_soc/u_npu/u_npu_engine/rq_ab_reg[57]/C

Slack:                    inf
  Source:                 u_soc/u_npu/u_npu_engine/rq_ab0/ACOUT[16]
                            (internal pin)
  Destination:            u_soc/u_npu/u_npu_engine/rq_ab_reg[59]/D
                            (rising edge-triggered cell FDCE clocked by clk_50mhz  {rise@0.000ns fall@10.000ns period=20.000ns})
  Path Group:             (none)
  Path Type:              Setup (Max at Slow Process Corner)
  Data Path Delay:        6.888ns  (logic 5.664ns (82.229%)  route 1.224ns (17.771%))
  Logic Levels:           13  (CARRY4=11 DSP48E1=1 LUT3=1)
  Clock Uncertainty:      0.025ns  ((TSJ^2 + TIJ^2)^1/2 + DJ) / 2 + PE
    Total System Jitter     (TSJ):    0.050ns
    Total Input Jitter      (TIJ):    0.000ns
    Discrete Jitter          (DJ):    0.000ns
    Phase Error              (PE):    0.000ns

    Location             Delay type                Incr(ns)  Path(ns)    Netlist Resource(s)
  -------------------------------------------------------------------    -------------------
    DSP48_X2Y14          DSP48E1                      0.000     0.000 r  u_soc/u_npu/u_npu_engine/rq_ab0/ACOUT[16]
                         net (fo=1, routed)           0.002     0.002    u_soc/u_npu/u_npu_engine/rq_ab0_n_37
    DSP48_X2Y15          DSP48E1 (Prop_dsp48e1_ACIN[16]_P[0])
                                                      3.639     3.641 r  u_soc/u_npu/u_npu_engine/rq_ab0__0/P[0]
                         net (fo=1, routed)           1.222     4.863    u_soc/u_npu/u_npu_engine/rq_ab0__0_n_105
    SLICE_X78Y30         LUT3 (Prop_lut3_I2_O)        0.124     4.987 r  u_soc/u_npu/u_npu_engine/rq_ab[19]_i_7/O
                         net (fo=1, routed)           0.000     4.987    u_soc/u_npu/u_npu_engine/rq_ab[19]_i_7_n_0
    SLICE_X78Y30         CARRY4 (Prop_carry4_S[1]_CO[3])
                                                      0.533     5.520 r  u_soc/u_npu/u_npu_engine/rq_ab_reg[19]_i_1/CO[3]
                         net (fo=1, routed)           0.000     5.520    u_soc/u_npu/u_npu_engine/rq_ab_reg[19]_i_1_n_0
    SLICE_X78Y31         CARRY4 (Prop_carry4_CI_CO[3])
                                                      0.117     5.637 r  u_soc/u_npu/u_npu_engine/rq_ab_reg[23]_i_1/CO[3]
                         net (fo=1, routed)           0.000     5.637    u_soc/u_npu/u_npu_engine/rq_ab_reg[23]_i_1_n_0
    SLICE_X78Y32         CARRY4 (Prop_carry4_CI_CO[3])
                                                      0.117     5.754 r  u_soc/u_npu/u_npu_engine/rq_ab_reg[27]_i_1/CO[3]
                         net (fo=1, routed)           0.000     5.754    u_soc/u_npu/u_npu_engine/rq_ab_reg[27]_i_1_n_0
    SLICE_X78Y33         CARRY4 (Prop_carry4_CI_CO[3])
                                                      0.117     5.871 r  u_soc/u_npu/u_npu_engine/rq_ab_reg[31]_i_1/CO[3]
                         net (fo=1, routed)           0.000     5.871    u_soc/u_npu/u_npu_engine/rq_ab_reg[31]_i_1_n_0
    SLICE_X78Y34         CARRY4 (Prop_carry4_CI_CO[3])
                                                      0.117     5.988 r  u_soc/u_npu/u_npu_engine/rq_ab_reg[35]_i_1/CO[3]
                         net (fo=1, routed)           0.000     5.988    u_soc/u_npu/u_npu_engine/rq_ab_reg[35]_i_1_n_0
    SLICE_X78Y35         CARRY4 (Prop_carry4_CI_CO[3])
                                                      0.117     6.105 r  u_soc/u_npu/u_npu_engine/rq_ab_reg[39]_i_1/CO[3]
                         net (fo=1, routed)           0.000     6.105    u_soc/u_npu/u_npu_engine/rq_ab_reg[39]_i_1_n_0
    SLICE_X78Y36         CARRY4 (Prop_carry4_CI_CO[3])
                                                      0.117     6.222 r  u_soc/u_npu/u_npu_engine/rq_ab_reg[43]_i_1/CO[3]
                         net (fo=1, routed)           0.000     6.222    u_soc/u_npu/u_npu_engine/rq_ab_reg[43]_i_1_n_0
    SLICE_X78Y37         CARRY4 (Prop_carry4_CI_CO[3])
                                                      0.117     6.339 r  u_soc/u_npu/u_npu_engine/rq_ab_reg[47]_i_1/CO[3]
                         net (fo=1, routed)           0.000     6.339    u_soc/u_npu/u_npu_engine/rq_ab_reg[47]_i_1_n_0
    SLICE_X78Y38         CARRY4 (Prop_carry4_CI_CO[3])
                                                      0.117     6.456 r  u_soc/u_npu/u_npu_engine/rq_ab_reg[51]_i_1/CO[3]
                         net (fo=1, routed)           0.000     6.456    u_soc/u_npu/u_npu_engine/rq_ab_reg[51]_i_1_n_0
    SLICE_X78Y39         CARRY4 (Prop_carry4_CI_CO[3])
                                                      0.117     6.573 r  u_soc/u_npu/u_npu_engine/rq_ab_reg[55]_i_1/CO[3]
                         net (fo=1, routed)           0.000     6.573    u_soc/u_npu/u_npu_engine/rq_ab_reg[55]_i_1_n_0
    SLICE_X78Y40         CARRY4 (Prop_carry4_CI_O[3])
                                                      0.315     6.888 r  u_soc/u_npu/u_npu_engine/rq_ab_reg[59]_i_1/O[3]
                         net (fo=1, routed)           0.000     6.888    u_soc/u_npu/u_npu_engine/rq_ab_reg[59]_i_1_n_4
    SLICE_X78Y40         FDCE                                         r  u_soc/u_npu/u_npu_engine/rq_ab_reg[59]/D
  -------------------------------------------------------------------    -------------------

                         (clock clk_50mhz rise edge)
                                                      0.000     0.000 r  
    E3                                                0.000     0.000 r  CLK100MHZ (IN)
                         net (fo=0)                   0.000     0.000    CLK100MHZ
    E3                   IBUF (Prop_ibuf_I_O)         1.411     1.411 r  CLK100MHZ_IBUF_inst/O
                         net (fo=1, routed)           1.920     3.331    CLK100MHZ_IBUF
    BUFGCTRL_X0Y16       BUFG (Prop_bufg_I_O)         0.091     3.422 r  CLK100MHZ_IBUF_BUFG_inst/O
                         net (fo=1, routed)           1.504     4.927    CLK100MHZ_IBUF_BUFG
    SLICE_X52Y96         FDRE (Prop_fdre_C_Q)         0.367     5.294 r  clk_50mhz_reg_reg/Q
                         net (fo=2, routed)           0.654     5.947    clk_50mhz_reg
    BUFGCTRL_X0Y0        BUFG (Prop_bufg_I_O)         0.091     6.038 r  bufg_clk/O
                         net (fo=5821, routed)        1.722     7.760    u_soc/u_npu/u_npu_engine/clk_50mhz
    SLICE_X78Y40         FDCE                                         r  u_soc/u_npu/u_npu_engine/rq_ab_reg[59]/C

Slack:                    inf
  Source:                 u_soc/u_npu/u_npu_engine/rq_ab0/ACOUT[16]
                            (internal pin)
  Destination:            u_soc/u_npu/u_npu_engine/rq_ab_reg[58]/D
                            (rising edge-triggered cell FDCE clocked by clk_50mhz  {rise@0.000ns fall@10.000ns period=20.000ns})
  Path Group:             (none)
  Path Type:              Setup (Max at Slow Process Corner)
  Data Path Delay:        6.812ns  (logic 5.588ns (82.031%)  route 1.224ns (17.969%))
  Logic Levels:           13  (CARRY4=11 DSP48E1=1 LUT3=1)
  Clock Uncertainty:      0.025ns  ((TSJ^2 + TIJ^2)^1/2 + DJ) / 2 + PE
    Total System Jitter     (TSJ):    0.050ns
    Total Input Jitter      (TIJ):    0.000ns
    Discrete Jitter          (DJ):    0.000ns
    Phase Error              (PE):    0.000ns

    Location             Delay type                Incr(ns)  Path(ns)    Netlist Resource(s)
  -------------------------------------------------------------------    -------------------
    DSP48_X2Y14          DSP48E1                      0.000     0.000 r  u_soc/u_npu/u_npu_engine/rq_ab0/ACOUT[16]
                         net (fo=1, routed)           0.002     0.002    u_soc/u_npu/u_npu_engine/rq_ab0_n_37
    DSP48_X2Y15          DSP48E1 (Prop_dsp48e1_ACIN[16]_P[0])
                                                      3.639     3.641 r  u_soc/u_npu/u_npu_engine/rq_ab0__0/P[0]
                         net (fo=1, routed)           1.222     4.863    u_soc/u_npu/u_npu_engine/rq_ab0__0_n_105
    SLICE_X78Y30         LUT3 (Prop_lut3_I2_O)        0.124     4.987 r  u_soc/u_npu/u_npu_engine/rq_ab[19]_i_7/O
                         net (fo=1, routed)           0.000     4.987    u_soc/u_npu/u_npu_engine/rq_ab[19]_i_7_n_0
    SLICE_X78Y30         CARRY4 (Prop_carry4_S[1]_CO[3])
                                                      0.533     5.520 r  u_soc/u_npu/u_npu_engine/rq_ab_reg[19]_i_1/CO[3]
                         net (fo=1, routed)           0.000     5.520    u_soc/u_npu/u_npu_engine/rq_ab_reg[19]_i_1_n_0
    SLICE_X78Y31         CARRY4 (Prop_carry4_CI_CO[3])
                                                      0.117     5.637 r  u_soc/u_npu/u_npu_engine/rq_ab_reg[23]_i_1/CO[3]
                         net (fo=1, routed)           0.000     5.637    u_soc/u_npu/u_npu_engine/rq_ab_reg[23]_i_1_n_0
    SLICE_X78Y32         CARRY4 (Prop_carry4_CI_CO[3])
                                                      0.117     5.754 r  u_soc/u_npu/u_npu_engine/rq_ab_reg[27]_i_1/CO[3]
                         net (fo=1, routed)           0.000     5.754    u_soc/u_npu/u_npu_engine/rq_ab_reg[27]_i_1_n_0
    SLICE_X78Y33         CARRY4 (Prop_carry4_CI_CO[3])
                                                      0.117     5.871 r  u_soc/u_npu/u_npu_engine/rq_ab_reg[31]_i_1/CO[3]
                         net (fo=1, routed)           0.000     5.871    u_soc/u_npu/u_npu_engine/rq_ab_reg[31]_i_1_n_0
    SLICE_X78Y34         CARRY4 (Prop_carry4_CI_CO[3])
                                                      0.117     5.988 r  u_soc/u_npu/u_npu_engine/rq_ab_reg[35]_i_1/CO[3]
                         net (fo=1, routed)           0.000     5.988    u_soc/u_npu/u_npu_engine/rq_ab_reg[35]_i_1_n_0
    SLICE_X78Y35         CARRY4 (Prop_carry4_CI_CO[3])
                                                      0.117     6.105 r  u_soc/u_npu/u_npu_engine/rq_ab_reg[39]_i_1/CO[3]
                         net (fo=1, routed)           0.000     6.105    u_soc/u_npu/u_npu_engine/rq_ab_reg[39]_i_1_n_0
    SLICE_X78Y36         CARRY4 (Prop_carry4_CI_CO[3])
                                                      0.117     6.222 r  u_soc/u_npu/u_npu_engine/rq_ab_reg[43]_i_1/CO[3]
                         net (fo=1, routed)           0.000     6.222    u_soc/u_npu/u_npu_engine/rq_ab_reg[43]_i_1_n_0
    SLICE_X78Y37         CARRY4 (Prop_carry4_CI_CO[3])
                                                      0.117     6.339 r  u_soc/u_npu/u_npu_engine/rq_ab_reg[47]_i_1/CO[3]
                         net (fo=1, routed)           0.000     6.339    u_soc/u_npu/u_npu_engine/rq_ab_reg[47]_i_1_n_0
    SLICE_X78Y38         CARRY4 (Prop_carry4_CI_CO[3])
                                                      0.117     6.456 r  u_soc/u_npu/u_npu_engine/rq_ab_reg[51]_i_1/CO[3]
                         net (fo=1, routed)           0.000     6.456    u_soc/u_npu/u_npu_engine/rq_ab_reg[51]_i_1_n_0
    SLICE_X78Y39         CARRY4 (Prop_carry4_CI_CO[3])
                                                      0.117     6.573 r  u_soc/u_npu/u_npu_engine/rq_ab_reg[55]_i_1/CO[3]
                         net (fo=1, routed)           0.000     6.573    u_soc/u_npu/u_npu_engine/rq_ab_reg[55]_i_1_n_0
    SLICE_X78Y40         CARRY4 (Prop_carry4_CI_O[2])
                                                      0.239     6.812 r  u_soc/u_npu/u_npu_engine/rq_ab_reg[59]_i_1/O[2]
                         net (fo=1, routed)           0.000     6.812    u_soc/u_npu/u_npu_engine/rq_ab_reg[59]_i_1_n_5
    SLICE_X78Y40         FDCE                                         r  u_soc/u_npu/u_npu_engine/rq_ab_reg[58]/D
  -------------------------------------------------------------------    -------------------

                         (clock clk_50mhz rise edge)
                                                      0.000     0.000 r  
    E3                                                0.000     0.000 r  CLK100MHZ (IN)
                         net (fo=0)                   0.000     0.000    CLK100MHZ
    E3                   IBUF (Prop_ibuf_I_O)         1.411     1.411 r  CLK100MHZ_IBUF_inst/O
                         net (fo=1, routed)           1.920     3.331    CLK100MHZ_IBUF
    BUFGCTRL_X0Y16       BUFG (Prop_bufg_I_O)         0.091     3.422 r  CLK100MHZ_IBUF_BUFG_inst/O
                         net (fo=1, routed)           1.504     4.927    CLK100MHZ_IBUF_BUFG
    SLICE_X52Y96         FDRE (Prop_fdre_C_Q)         0.367     5.294 r  clk_50mhz_reg_reg/Q
                         net (fo=2, routed)           0.654     5.947    clk_50mhz_reg
    BUFGCTRL_X0Y0        BUFG (Prop_bufg_I_O)         0.091     6.038 r  bufg_clk/O
                         net (fo=5821, routed)        1.722     7.760    u_soc/u_npu/u_npu_engine/clk_50mhz
    SLICE_X78Y40         FDCE                                         r  u_soc/u_npu/u_npu_engine/rq_ab_reg[58]/C

Slack:                    inf
  Source:                 u_soc/u_npu/u_npu_engine/rq_ab0/ACOUT[16]
                            (internal pin)
  Destination:            u_soc/u_npu/u_npu_engine/rq_ab_reg[56]/D
                            (rising edge-triggered cell FDCE clocked by clk_50mhz  {rise@0.000ns fall@10.000ns period=20.000ns})
  Path Group:             (none)
  Path Type:              Setup (Max at Slow Process Corner)
  Data Path Delay:        6.792ns  (logic 5.568ns (81.978%)  route 1.224ns (18.022%))
  Logic Levels:           13  (CARRY4=11 DSP48E1=1 LUT3=1)
  Clock Uncertainty:      0.025ns  ((TSJ^2 + TIJ^2)^1/2 + DJ) / 2 + PE
    Total System Jitter     (TSJ):    0.050ns
    Total Input Jitter      (TIJ):    0.000ns
    Discrete Jitter          (DJ):    0.000ns
    Phase Error              (PE):    0.000ns

    Location             Delay type                Incr(ns)  Path(ns)    Netlist Resource(s)
  -------------------------------------------------------------------    -------------------
    DSP48_X2Y14          DSP48E1                      0.000     0.000 r  u_soc/u_npu/u_npu_engine/rq_ab0/ACOUT[16]
                         net (fo=1, routed)           0.002     0.002    u_soc/u_npu/u_npu_engine/rq_ab0_n_37
    DSP48_X2Y15          DSP48E1 (Prop_dsp48e1_ACIN[16]_P[0])
                                                      3.639     3.641 r  u_soc/u_npu/u_npu_engine/rq_ab0__0/P[0]
                         net (fo=1, routed)           1.222     4.863    u_soc/u_npu/u_npu_engine/rq_ab0__0_n_105
    SLICE_X78Y30         LUT3 (Prop_lut3_I2_O)        0.124     4.987 r  u_soc/u_npu/u_npu_engine/rq_ab[19]_i_7/O
                         net (fo=1, routed)           0.000     4.987    u_soc/u_npu/u_npu_engine/rq_ab[19]_i_7_n_0
    SLICE_X78Y30         CARRY4 (Prop_carry4_S[1]_CO[3])
                                                      0.533     5.520 r  u_soc/u_npu/u_npu_engine/rq_ab_reg[19]_i_1/CO[3]
                         net (fo=1, routed)           0.000     5.520    u_soc/u_npu/u_npu_engine/rq_ab_reg[19]_i_1_n_0
    SLICE_X78Y31         CARRY4 (Prop_carry4_CI_CO[3])
                                                      0.117     5.637 r  u_soc/u_npu/u_npu_engine/rq_ab_reg[23]_i_1/CO[3]
                         net (fo=1, routed)           0.000     5.637    u_soc/u_npu/u_npu_engine/rq_ab_reg[23]_i_1_n_0
    SLICE_X78Y32         CARRY4 (Prop_carry4_CI_CO[3])
                                                      0.117     5.754 r  u_soc/u_npu/u_npu_engine/rq_ab_reg[27]_i_1/CO[3]
                         net (fo=1, routed)           0.000     5.754    u_soc/u_npu/u_npu_engine/rq_ab_reg[27]_i_1_n_0
    SLICE_X78Y33         CARRY4 (Prop_carry4_CI_CO[3])
                                                      0.117     5.871 r  u_soc/u_npu/u_npu_engine/rq_ab_reg[31]_i_1/CO[3]
                         net (fo=1, routed)           0.000     5.871    u_soc/u_npu/u_npu_engine/rq_ab_reg[31]_i_1_n_0
    SLICE_X78Y34         CARRY4 (Prop_carry4_CI_CO[3])
                                                      0.117     5.988 r  u_soc/u_npu/u_npu_engine/rq_ab_reg[35]_i_1/CO[3]
                         net (fo=1, routed)           0.000     5.988    u_soc/u_npu/u_npu_engine/rq_ab_reg[35]_i_1_n_0
    SLICE_X78Y35         CARRY4 (Prop_carry4_CI_CO[3])
                                                      0.117     6.105 r  u_soc/u_npu/u_npu_engine/rq_ab_reg[39]_i_1/CO[3]
                         net (fo=1, routed)           0.000     6.105    u_soc/u_npu/u_npu_engine/rq_ab_reg[39]_i_1_n_0
    SLICE_X78Y36         CARRY4 (Prop_carry4_CI_CO[3])
                                                      0.117     6.222 r  u_soc/u_npu/u_npu_engine/rq_ab_reg[43]_i_1/CO[3]
                         net (fo=1, routed)           0.000     6.222    u_soc/u_npu/u_npu_engine/rq_ab_reg[43]_i_1_n_0
    SLICE_X78Y37         CARRY4 (Prop_carry4_CI_CO[3])
                                                      0.117     6.339 r  u_soc/u_npu/u_npu_engine/rq_ab_reg[47]_i_1/CO[3]
                         net (fo=1, routed)           0.000     6.339    u_soc/u_npu/u_npu_engine/rq_ab_reg[47]_i_1_n_0
    SLICE_X78Y38         CARRY4 (Prop_carry4_CI_CO[3])
                                                      0.117     6.456 r  u_soc/u_npu/u_npu_engine/rq_ab_reg[51]_i_1/CO[3]
                         net (fo=1, routed)           0.000     6.456    u_soc/u_npu/u_npu_engine/rq_ab_reg[51]_i_1_n_0
    SLICE_X78Y39         CARRY4 (Prop_carry4_CI_CO[3])
                                                      0.117     6.573 r  u_soc/u_npu/u_npu_engine/rq_ab_reg[55]_i_1/CO[3]
                         net (fo=1, routed)           0.000     6.573    u_soc/u_npu/u_npu_engine/rq_ab_reg[55]_i_1_n_0
    SLICE_X78Y40         CARRY4 (Prop_carry4_CI_O[0])
                                                      0.219     6.792 r  u_soc/u_npu/u_npu_engine/rq_ab_reg[59]_i_1/O[0]
                         net (fo=1, routed)           0.000     6.792    u_soc/u_npu/u_npu_engine/rq_ab_reg[59]_i_1_n_7
    SLICE_X78Y40         FDCE                                         r  u_soc/u_npu/u_npu_engine/rq_ab_reg[56]/D
  -------------------------------------------------------------------    -------------------

                         (clock clk_50mhz rise edge)
                                                      0.000     0.000 r  
    E3                                                0.000     0.000 r  CLK100MHZ (IN)
                         net (fo=0)                   0.000     0.000    CLK100MHZ
    E3                   IBUF (Prop_ibuf_I_O)         1.411     1.411 r  CLK100MHZ_IBUF_inst/O
                         net (fo=1, routed)           1.920     3.331    CLK100MHZ_IBUF
    BUFGCTRL_X0Y16       BUFG (Prop_bufg_I_O)         0.091     3.422 r  CLK100MHZ_IBUF_BUFG_inst/O
                         net (fo=1, routed)           1.504     4.927    CLK100MHZ_IBUF_BUFG
    SLICE_X52Y96         FDRE (Prop_fdre_C_Q)         0.367     5.294 r  clk_50mhz_reg_reg/Q
                         net (fo=2, routed)           0.654     5.947    clk_50mhz_reg
    BUFGCTRL_X0Y0        BUFG (Prop_bufg_I_O)         0.091     6.038 r  bufg_clk/O
                         net (fo=5821, routed)        1.722     7.760    u_soc/u_npu/u_npu_engine/clk_50mhz
    SLICE_X78Y40         FDCE                                         r  u_soc/u_npu/u_npu_engine/rq_ab_reg[56]/C





Min Delay Paths
--------------------------------------------------------------------------------------
Slack:                    inf
  Source:                 SW[14]
                            (input port)
  Destination:            u_soc/u_gpio/gpio_in_q1_reg[14]/D
                            (rising edge-triggered cell FDCE clocked by clk_50mhz  {rise@0.000ns fall@10.000ns period=20.000ns})
  Path Group:             (none)
  Path Type:              Hold (Min at Fast Process Corner)
  Data Path Delay:        0.775ns  (logic 0.277ns (35.783%)  route 0.498ns (64.217%))
  Logic Levels:           1  (IBUF=1)
  Clock Path Skew:        3.357ns (DCD - SCD - CPR)
    Destination Clock Delay (DCD):    3.357ns
    Source Clock Delay      (SCD):    0.000ns
    Clock Pessimism Removal (CPR):    -0.000ns

    Location             Delay type                Incr(ns)  Path(ns)    Netlist Resource(s)
  -------------------------------------------------------------------    -------------------
    U11                                               0.000     0.000 r  SW[14] (IN)
                         net (fo=0)                   0.000     0.000    SW[14]
    U11                  IBUF (Prop_ibuf_I_O)         0.277     0.277 r  SW_IBUF[14]_inst/O
                         net (fo=1, routed)           0.498     0.775    u_soc/u_gpio/gpio_i[14]
    SLICE_X11Y62         FDCE                                         r  u_soc/u_gpio/gpio_in_q1_reg[14]/D
  -------------------------------------------------------------------    -------------------

                         (clock clk_50mhz rise edge)
                                                      0.000     0.000 r  
    E3                                                0.000     0.000 r  CLK100MHZ (IN)
                         net (fo=0)                   0.000     0.000    CLK100MHZ
    E3                   IBUF (Prop_ibuf_I_O)         0.438     0.438 r  CLK100MHZ_IBUF_inst/O
                         net (fo=1, routed)           0.699     1.136    CLK100MHZ_IBUF
    BUFGCTRL_X0Y16       BUFG (Prop_bufg_I_O)         0.029     1.165 r  CLK100MHZ_IBUF_BUFG_inst/O
                         net (fo=1, routed)           0.834     1.999    CLK100MHZ_IBUF_BUFG
    SLICE_X52Y96         FDRE (Prop_fdre_C_Q)         0.175     2.174 r  clk_50mhz_reg_reg/Q
                         net (fo=2, routed)           0.315     2.488    clk_50mhz_reg
    BUFGCTRL_X0Y0        BUFG (Prop_bufg_I_O)         0.029     2.517 r  bufg_clk/O
                         net (fo=5821, routed)        0.840     3.357    u_soc/u_gpio/clk_50mhz
    SLICE_X11Y62         FDCE                                         r  u_soc/u_gpio/gpio_in_q1_reg[14]/C

Slack:                    inf
  Source:                 u_soc/u_npu/u_npu_engine/rq_ab0/ACOUT[16]
                            (internal pin)
  Destination:            u_soc/u_npu/u_npu_engine/rq_ab_reg[39]/D
                            (rising edge-triggered cell FDCE clocked by clk_50mhz  {rise@0.000ns fall@10.000ns period=20.000ns})
  Path Group:             (none)
  Path Type:              Hold (Min at Fast Process Corner)
  Data Path Delay:        0.823ns  (logic 0.630ns (76.517%)  route 0.193ns (23.483%))
  Logic Levels:           3  (CARRY4=1 DSP48E1=1 LUT3=1)
  Clock Uncertainty:      0.025ns  ((TSJ^2 + TIJ^2)^1/2 + DJ) / 2 + PE
    Total System Jitter     (TSJ):    0.050ns
    Total Input Jitter      (TIJ):    0.000ns
    Discrete Jitter          (DJ):    0.000ns
    Phase Error              (PE):    0.000ns

    Location             Delay type                Incr(ns)  Path(ns)    Netlist Resource(s)
  -------------------------------------------------------------------    -------------------
    DSP48_X2Y14          DSP48E1                      0.000     0.000 r  u_soc/u_npu/u_npu_engine/rq_ab0/ACOUT[16]
                         net (fo=1, routed)           0.002     0.002    u_soc/u_npu/u_npu_engine/rq_ab0_n_37
    DSP48_X2Y15          DSP48E1 (Prop_dsp48e1_ACIN[16]_P[22])
                                                      0.521     0.523 r  u_soc/u_npu/u_npu_engine/rq_ab0__0/P[22]
                         net (fo=1, routed)           0.191     0.714    u_soc/u_npu/u_npu_engine/rq_ab0__0_n_83
    SLICE_X78Y35         LUT3 (Prop_lut3_I2_O)        0.045     0.759 r  u_soc/u_npu/u_npu_engine/rq_ab[39]_i_6/O
                         net (fo=1, routed)           0.000     0.759    u_soc/u_npu/u_npu_engine/rq_ab[39]_i_6_n_0
    SLICE_X78Y35         CARRY4 (Prop_carry4_S[3]_O[3])
                                                      0.064     0.823 r  u_soc/u_npu/u_npu_engine/rq_ab_reg[39]_i_1/O[3]
                         net (fo=1, routed)           0.000     0.823    u_soc/u_npu/u_npu_engine/rq_ab_reg[39]_i_1_n_4
    SLICE_X78Y35         FDCE                                         r  u_soc/u_npu/u_npu_engine/rq_ab_reg[39]/D
  -------------------------------------------------------------------    -------------------

                         (clock clk_50mhz rise edge)
                                                      0.000     0.000 r  
    E3                                                0.000     0.000 r  CLK100MHZ (IN)
                         net (fo=0)                   0.000     0.000    CLK100MHZ
    E3                   IBUF (Prop_ibuf_I_O)         0.438     0.438 r  CLK100MHZ_IBUF_inst/O
                         net (fo=1, routed)           0.699     1.136    CLK100MHZ_IBUF
    BUFGCTRL_X0Y16       BUFG (Prop_bufg_I_O)         0.029     1.165 r  CLK100MHZ_IBUF_BUFG_inst/O
                         net (fo=1, routed)           0.834     1.999    CLK100MHZ_IBUF_BUFG
    SLICE_X52Y96         FDRE (Prop_fdre_C_Q)         0.175     2.174 r  clk_50mhz_reg_reg/Q
                         net (fo=2, routed)           0.315     2.488    clk_50mhz_reg
    BUFGCTRL_X0Y0        BUFG (Prop_bufg_I_O)         0.029     2.517 r  bufg_clk/O
                         net (fo=5821, routed)        0.924     3.441    u_soc/u_npu/u_npu_engine/clk_50mhz
    SLICE_X78Y35         FDCE                                         r  u_soc/u_npu/u_npu_engine/rq_ab_reg[39]/C

Slack:                    inf
  Source:                 u_soc/u_npu/u_npu_engine/rq_ab0/ACOUT[16]
                            (internal pin)
  Destination:            u_soc/u_npu/u_npu_engine/rq_ab_reg[43]/D
                            (rising edge-triggered cell FDCE clocked by clk_50mhz  {rise@0.000ns fall@10.000ns period=20.000ns})
  Path Group:             (none)
  Path Type:              Hold (Min at Fast Process Corner)
  Data Path Delay:        0.823ns  (logic 0.630ns (76.517%)  route 0.193ns (23.483%))
  Logic Levels:           3  (CARRY4=1 DSP48E1=1 LUT3=1)
  Clock Uncertainty:      0.025ns  ((TSJ^2 + TIJ^2)^1/2 + DJ) / 2 + PE
    Total System Jitter     (TSJ):    0.050ns
    Total Input Jitter      (TIJ):    0.000ns
    Discrete Jitter          (DJ):    0.000ns
    Phase Error              (PE):    0.000ns

    Location             Delay type                Incr(ns)  Path(ns)    Netlist Resource(s)
  -------------------------------------------------------------------    -------------------
    DSP48_X2Y14          DSP48E1                      0.000     0.000 r  u_soc/u_npu/u_npu_engine/rq_ab0/ACOUT[16]
                         net (fo=1, routed)           0.002     0.002    u_soc/u_npu/u_npu_engine/rq_ab0_n_37
    DSP48_X2Y15          DSP48E1 (Prop_dsp48e1_ACIN[16]_P[26])
                                                      0.521     0.523 r  u_soc/u_npu/u_npu_engine/rq_ab0__0/P[26]
                         net (fo=1, routed)           0.191     0.714    u_soc/u_npu/u_npu_engine/rq_ab0__0_n_79
    SLICE_X78Y36         LUT3 (Prop_lut3_I2_O)        0.045     0.759 r  u_soc/u_npu/u_npu_engine/rq_ab[43]_i_6/O
                         net (fo=1, routed)           0.000     0.759    u_soc/u_npu/u_npu_engine/rq_ab[43]_i_6_n_0
    SLICE_X78Y36         CARRY4 (Prop_carry4_S[3]_O[3])
                                                      0.064     0.823 r  u_soc/u_npu/u_npu_engine/rq_ab_reg[43]_i_1/O[3]
                         net (fo=1, routed)           0.000     0.823    u_soc/u_npu/u_npu_engine/rq_ab_reg[43]_i_1_n_4
    SLICE_X78Y36         FDCE                                         r  u_soc/u_npu/u_npu_engine/rq_ab_reg[43]/D
  -------------------------------------------------------------------    -------------------

                         (clock clk_50mhz rise edge)
                                                      0.000     0.000 r  
    E3                                                0.000     0.000 r  CLK100MHZ (IN)
                         net (fo=0)                   0.000     0.000    CLK100MHZ
    E3                   IBUF (Prop_ibuf_I_O)         0.438     0.438 r  CLK100MHZ_IBUF_inst/O
                         net (fo=1, routed)           0.699     1.136    CLK100MHZ_IBUF
    BUFGCTRL_X0Y16       BUFG (Prop_bufg_I_O)         0.029     1.165 r  CLK100MHZ_IBUF_BUFG_inst/O
                         net (fo=1, routed)           0.834     1.999    CLK100MHZ_IBUF_BUFG
    SLICE_X52Y96         FDRE (Prop_fdre_C_Q)         0.175     2.174 r  clk_50mhz_reg_reg/Q
                         net (fo=2, routed)           0.315     2.488    clk_50mhz_reg
    BUFGCTRL_X0Y0        BUFG (Prop_bufg_I_O)         0.029     2.517 r  bufg_clk/O
                         net (fo=5821, routed)        0.924     3.441    u_soc/u_npu/u_npu_engine/clk_50mhz
    SLICE_X78Y36         FDCE                                         r  u_soc/u_npu/u_npu_engine/rq_ab_reg[43]/C

Slack:                    inf
  Source:                 u_soc/u_npu/u_npu_engine/rq_ab0/ACOUT[16]
                            (internal pin)
  Destination:            u_soc/u_npu/u_npu_engine/rq_ab_reg[47]/D
                            (rising edge-triggered cell FDCE clocked by clk_50mhz  {rise@0.000ns fall@10.000ns period=20.000ns})
  Path Group:             (none)
  Path Type:              Hold (Min at Fast Process Corner)
  Data Path Delay:        0.823ns  (logic 0.630ns (76.517%)  route 0.193ns (23.483%))
  Logic Levels:           3  (CARRY4=1 DSP48E1=1 LUT3=1)
  Clock Uncertainty:      0.025ns  ((TSJ^2 + TIJ^2)^1/2 + DJ) / 2 + PE
    Total System Jitter     (TSJ):    0.050ns
    Total Input Jitter      (TIJ):    0.000ns
    Discrete Jitter          (DJ):    0.000ns
    Phase Error              (PE):    0.000ns

    Location             Delay type                Incr(ns)  Path(ns)    Netlist Resource(s)
  -------------------------------------------------------------------    -------------------
    DSP48_X2Y14          DSP48E1                      0.000     0.000 r  u_soc/u_npu/u_npu_engine/rq_ab0/ACOUT[16]
                         net (fo=1, routed)           0.002     0.002    u_soc/u_npu/u_npu_engine/rq_ab0_n_37
    DSP48_X2Y15          DSP48E1 (Prop_dsp48e1_ACIN[16]_P[30])
                                                      0.521     0.523 r  u_soc/u_npu/u_npu_engine/rq_ab0__0/P[30]
                         net (fo=1, routed)           0.191     0.714    u_soc/u_npu/u_npu_engine/rq_ab0__0_n_75
    SLICE_X78Y37         LUT3 (Prop_lut3_I2_O)        0.045     0.759 r  u_soc/u_npu/u_npu_engine/rq_ab[47]_i_6/O
                         net (fo=1, routed)           0.000     0.759    u_soc/u_npu/u_npu_engine/rq_ab[47]_i_6_n_0
    SLICE_X78Y37         CARRY4 (Prop_carry4_S[3]_O[3])
                                                      0.064     0.823 r  u_soc/u_npu/u_npu_engine/rq_ab_reg[47]_i_1/O[3]
                         net (fo=1, routed)           0.000     0.823    u_soc/u_npu/u_npu_engine/rq_ab_reg[47]_i_1_n_4
    SLICE_X78Y37         FDCE                                         r  u_soc/u_npu/u_npu_engine/rq_ab_reg[47]/D
  -------------------------------------------------------------------    -------------------

                         (clock clk_50mhz rise edge)
                                                      0.000     0.000 r  
    E3                                                0.000     0.000 r  CLK100MHZ (IN)
                         net (fo=0)                   0.000     0.000    CLK100MHZ
    E3                   IBUF (Prop_ibuf_I_O)         0.438     0.438 r  CLK100MHZ_IBUF_inst/O
                         net (fo=1, routed)           0.699     1.136    CLK100MHZ_IBUF
    BUFGCTRL_X0Y16       BUFG (Prop_bufg_I_O)         0.029     1.165 r  CLK100MHZ_IBUF_BUFG_inst/O
                         net (fo=1, routed)           0.834     1.999    CLK100MHZ_IBUF_BUFG
    SLICE_X52Y96         FDRE (Prop_fdre_C_Q)         0.175     2.174 r  clk_50mhz_reg_reg/Q
                         net (fo=2, routed)           0.315     2.488    clk_50mhz_reg
    BUFGCTRL_X0Y0        BUFG (Prop_bufg_I_O)         0.029     2.517 r  bufg_clk/O
                         net (fo=5821, routed)        0.925     3.442    u_soc/u_npu/u_npu_engine/clk_50mhz
    SLICE_X78Y37         FDCE                                         r  u_soc/u_npu/u_npu_engine/rq_ab_reg[47]/C

Slack:                    inf
  Source:                 u_soc/u_npu/u_npu_engine/rq_ab0/ACOUT[16]
                            (internal pin)
  Destination:            u_soc/u_npu/u_npu_engine/rq_ab_reg[51]/D
                            (rising edge-triggered cell FDCE clocked by clk_50mhz  {rise@0.000ns fall@10.000ns period=20.000ns})
  Path Group:             (none)
  Path Type:              Hold (Min at Fast Process Corner)
  Data Path Delay:        0.823ns  (logic 0.630ns (76.517%)  route 0.193ns (23.483%))
  Logic Levels:           3  (CARRY4=1 DSP48E1=1 LUT3=1)
  Clock Uncertainty:      0.025ns  ((TSJ^2 + TIJ^2)^1/2 + DJ) / 2 + PE
    Total System Jitter     (TSJ):    0.050ns
    Total Input Jitter      (TIJ):    0.000ns
    Discrete Jitter          (DJ):    0.000ns
    Phase Error              (PE):    0.000ns

    Location             Delay type                Incr(ns)  Path(ns)    Netlist Resource(s)
  -------------------------------------------------------------------    -------------------
    DSP48_X2Y14          DSP48E1                      0.000     0.000 r  u_soc/u_npu/u_npu_engine/rq_ab0/ACOUT[16]
                         net (fo=1, routed)           0.002     0.002    u_soc/u_npu/u_npu_engine/rq_ab0_n_37
    DSP48_X2Y15          DSP48E1 (Prop_dsp48e1_ACIN[16]_P[34])
                                                      0.521     0.523 r  u_soc/u_npu/u_npu_engine/rq_ab0__0/P[34]
                         net (fo=1, routed)           0.191     0.714    u_soc/u_npu/u_npu_engine/rq_ab0__0_n_71
    SLICE_X78Y38         LUT3 (Prop_lut3_I2_O)        0.045     0.759 r  u_soc/u_npu/u_npu_engine/rq_ab[51]_i_6/O
                         net (fo=1, routed)           0.000     0.759    u_soc/u_npu/u_npu_engine/rq_ab[51]_i_6_n_0
    SLICE_X78Y38         CARRY4 (Prop_carry4_S[3]_O[3])
                                                      0.064     0.823 r  u_soc/u_npu/u_npu_engine/rq_ab_reg[51]_i_1/O[3]
                         net (fo=1, routed)           0.000     0.823    u_soc/u_npu/u_npu_engine/rq_ab_reg[51]_i_1_n_4
    SLICE_X78Y38         FDCE                                         r  u_soc/u_npu/u_npu_engine/rq_ab_reg[51]/D
  -------------------------------------------------------------------    -------------------

                         (clock clk_50mhz rise edge)
                                                      0.000     0.000 r  
    E3                                                0.000     0.000 r  CLK100MHZ (IN)
                         net (fo=0)                   0.000     0.000    CLK100MHZ
    E3                   IBUF (Prop_ibuf_I_O)         0.438     0.438 r  CLK100MHZ_IBUF_inst/O
                         net (fo=1, routed)           0.699     1.136    CLK100MHZ_IBUF
    BUFGCTRL_X0Y16       BUFG (Prop_bufg_I_O)         0.029     1.165 r  CLK100MHZ_IBUF_BUFG_inst/O
                         net (fo=1, routed)           0.834     1.999    CLK100MHZ_IBUF_BUFG
    SLICE_X52Y96         FDRE (Prop_fdre_C_Q)         0.175     2.174 r  clk_50mhz_reg_reg/Q
                         net (fo=2, routed)           0.315     2.488    clk_50mhz_reg
    BUFGCTRL_X0Y0        BUFG (Prop_bufg_I_O)         0.029     2.517 r  bufg_clk/O
                         net (fo=5821, routed)        0.927     3.444    u_soc/u_npu/u_npu_engine/clk_50mhz
    SLICE_X78Y38         FDCE                                         r  u_soc/u_npu/u_npu_engine/rq_ab_reg[51]/C

Slack:                    inf
  Source:                 SW[10]
                            (input port)
  Destination:            u_soc/u_gpio/gpio_in_q1_reg[10]/D
                            (rising edge-triggered cell FDCE clocked by clk_50mhz  {rise@0.000ns fall@10.000ns period=20.000ns})
  Path Group:             (none)
  Path Type:              Hold (Min at Fast Process Corner)
  Data Path Delay:        0.835ns  (logic 0.250ns (29.945%)  route 0.585ns (70.055%))
  Logic Levels:           1  (IBUF=1)
  Clock Path Skew:        3.355ns (DCD - SCD - CPR)
    Destination Clock Delay (DCD):    3.355ns
    Source Clock Delay      (SCD):    0.000ns
    Clock Pessimism Removal (CPR):    -0.000ns

    Location             Delay type                Incr(ns)  Path(ns)    Netlist Resource(s)
  -------------------------------------------------------------------    -------------------
    R16                                               0.000     0.000 r  SW[10] (IN)
                         net (fo=0)                   0.000     0.000    SW[10]
    R16                  IBUF (Prop_ibuf_I_O)         0.250     0.250 r  SW_IBUF[10]_inst/O
                         net (fo=1, routed)           0.585     0.835    u_soc/u_gpio/gpio_i[10]
    SLICE_X15Y65         FDCE                                         r  u_soc/u_gpio/gpio_in_q1_reg[10]/D
  -------------------------------------------------------------------    -------------------

                         (clock clk_50mhz rise edge)
                                                      0.000     0.000 r  
    E3                                                0.000     0.000 r  CLK100MHZ (IN)
                         net (fo=0)                   0.000     0.000    CLK100MHZ
    E3                   IBUF (Prop_ibuf_I_O)         0.438     0.438 r  CLK100MHZ_IBUF_inst/O
                         net (fo=1, routed)           0.699     1.136    CLK100MHZ_IBUF
    BUFGCTRL_X0Y16       BUFG (Prop_bufg_I_O)         0.029     1.165 r  CLK100MHZ_IBUF_BUFG_inst/O
                         net (fo=1, routed)           0.834     1.999    CLK100MHZ_IBUF_BUFG
    SLICE_X52Y96         FDRE (Prop_fdre_C_Q)         0.175     2.174 r  clk_50mhz_reg_reg/Q
                         net (fo=2, routed)           0.315     2.488    clk_50mhz_reg
    BUFGCTRL_X0Y0        BUFG (Prop_bufg_I_O)         0.029     2.517 r  bufg_clk/O
                         net (fo=5821, routed)        0.838     3.355    u_soc/u_gpio/clk_50mhz
    SLICE_X15Y65         FDCE                                         r  u_soc/u_gpio/gpio_in_q1_reg[10]/C

Slack:                    inf
  Source:                 SW[13]
                            (input port)
  Destination:            u_soc/u_gpio/gpio_in_q1_reg[13]/D
                            (rising edge-triggered cell FDCE clocked by clk_50mhz  {rise@0.000ns fall@10.000ns period=20.000ns})
  Path Group:             (none)
  Path Type:              Hold (Min at Fast Process Corner)
  Data Path Delay:        0.872ns  (logic 0.291ns (33.333%)  route 0.582ns (66.667%))
  Logic Levels:           1  (IBUF=1)
  Clock Path Skew:        3.357ns (DCD - SCD - CPR)
    Destination Clock Delay (DCD):    3.357ns
    Source Clock Delay      (SCD):    0.000ns
    Clock Pessimism Removal (CPR):    -0.000ns

    Location             Delay type                Incr(ns)  Path(ns)    Netlist Resource(s)
  -------------------------------------------------------------------    -------------------
    U12                                               0.000     0.000 r  SW[13] (IN)
                         net (fo=0)                   0.000     0.000    SW[13]
    U12                  IBUF (Prop_ibuf_I_O)         0.291     0.291 r  SW_IBUF[13]_inst/O
                         net (fo=1, routed)           0.582     0.872    u_soc/u_gpio/gpio_i[13]
    SLICE_X13Y62         FDCE                                         r  u_soc/u_gpio/gpio_in_q1_reg[13]/D
  -------------------------------------------------------------------    -------------------

                         (clock clk_50mhz rise edge)
                                                      0.000     0.000 r  
    E3                                                0.000     0.000 r  CLK100MHZ (IN)
                         net (fo=0)                   0.000     0.000    CLK100MHZ
    E3                   IBUF (Prop_ibuf_I_O)         0.438     0.438 r  CLK100MHZ_IBUF_inst/O
                         net (fo=1, routed)           0.699     1.136    CLK100MHZ_IBUF
    BUFGCTRL_X0Y16       BUFG (Prop_bufg_I_O)         0.029     1.165 r  CLK100MHZ_IBUF_BUFG_inst/O
                         net (fo=1, routed)           0.834     1.999    CLK100MHZ_IBUF_BUFG
    SLICE_X52Y96         FDRE (Prop_fdre_C_Q)         0.175     2.174 r  clk_50mhz_reg_reg/Q
                         net (fo=2, routed)           0.315     2.488    clk_50mhz_reg
    BUFGCTRL_X0Y0        BUFG (Prop_bufg_I_O)         0.029     2.517 r  bufg_clk/O
                         net (fo=5821, routed)        0.840     3.357    u_soc/u_gpio/clk_50mhz
    SLICE_X13Y62         FDCE                                         r  u_soc/u_gpio/gpio_in_q1_reg[13]/C

Slack:                    inf
  Source:                 SW[15]
                            (input port)
  Destination:            u_soc/u_gpio/gpio_in_q1_reg[15]/D
                            (rising edge-triggered cell FDCE clocked by clk_50mhz  {rise@0.000ns fall@10.000ns period=20.000ns})
  Path Group:             (none)
  Path Type:              Hold (Min at Fast Process Corner)
  Data Path Delay:        0.879ns  (logic 0.292ns (33.182%)  route 0.587ns (66.818%))
  Logic Levels:           1  (IBUF=1)
  Clock Path Skew:        3.356ns (DCD - SCD - CPR)
    Destination Clock Delay (DCD):    3.356ns
    Source Clock Delay      (SCD):    0.000ns
    Clock Pessimism Removal (CPR):    -0.000ns

    Location             Delay type                Incr(ns)  Path(ns)    Netlist Resource(s)
  -------------------------------------------------------------------    -------------------
    V10                                               0.000     0.000 r  SW[15] (IN)
                         net (fo=0)                   0.000     0.000    SW[15]
    V10                  IBUF (Prop_ibuf_I_O)         0.292     0.292 r  SW_IBUF[15]_inst/O
                         net (fo=1, routed)           0.587     0.879    u_soc/u_gpio/gpio_i[15]
    SLICE_X10Y63         FDCE                                         r  u_soc/u_gpio/gpio_in_q1_reg[15]/D
  -------------------------------------------------------------------    -------------------

                         (clock clk_50mhz rise edge)
                                                      0.000     0.000 r  
    E3                                                0.000     0.000 r  CLK100MHZ (IN)
                         net (fo=0)                   0.000     0.000    CLK100MHZ
    E3                   IBUF (Prop_ibuf_I_O)         0.438     0.438 r  CLK100MHZ_IBUF_inst/O
                         net (fo=1, routed)           0.699     1.136    CLK100MHZ_IBUF
    BUFGCTRL_X0Y16       BUFG (Prop_bufg_I_O)         0.029     1.165 r  CLK100MHZ_IBUF_BUFG_inst/O
                         net (fo=1, routed)           0.834     1.999    CLK100MHZ_IBUF_BUFG
    SLICE_X52Y96         FDRE (Prop_fdre_C_Q)         0.175     2.174 r  clk_50mhz_reg_reg/Q
                         net (fo=2, routed)           0.315     2.488    clk_50mhz_reg
    BUFGCTRL_X0Y0        BUFG (Prop_bufg_I_O)         0.029     2.517 r  bufg_clk/O
                         net (fo=5821, routed)        0.839     3.356    u_soc/u_gpio/clk_50mhz
    SLICE_X10Y63         FDCE                                         r  u_soc/u_gpio/gpio_in_q1_reg[15]/C

Slack:                    inf
  Source:                 u_soc/u_npu/u_npu_engine/rq_ab0/ACOUT[16]
                            (internal pin)
  Destination:            u_soc/u_npu/u_npu_engine/rq_ab_reg[55]/D
                            (rising edge-triggered cell FDCE clocked by clk_50mhz  {rise@0.000ns fall@10.000ns period=20.000ns})
  Path Group:             (none)
  Path Type:              Hold (Min at Fast Process Corner)
  Data Path Delay:        0.880ns  (logic 0.630ns (71.563%)  route 0.250ns (28.437%))
  Logic Levels:           3  (CARRY4=1 DSP48E1=1 LUT3=1)
  Clock Uncertainty:      0.025ns  ((TSJ^2 + TIJ^2)^1/2 + DJ) / 2 + PE
    Total System Jitter     (TSJ):    0.050ns
    Total Input Jitter      (TIJ):    0.000ns
    Discrete Jitter          (DJ):    0.000ns
    Phase Error              (PE):    0.000ns

    Location             Delay type                Incr(ns)  Path(ns)    Netlist Resource(s)
  -------------------------------------------------------------------    -------------------
    DSP48_X2Y14          DSP48E1                      0.000     0.000 r  u_soc/u_npu/u_npu_engine/rq_ab0/ACOUT[16]
                         net (fo=1, routed)           0.002     0.002    u_soc/u_npu/u_npu_engine/rq_ab0_n_37
    DSP48_X2Y15          DSP48E1 (Prop_dsp48e1_ACIN[16]_P[38])
                                                      0.521     0.523 r  u_soc/u_npu/u_npu_engine/rq_ab0__0/P[38]
                         net (fo=1, routed)           0.248     0.771    u_soc/u_npu/u_npu_engine/rq_ab0__0_n_67
    SLICE_X78Y39         LUT3 (Prop_lut3_I2_O)        0.045     0.816 r  u_soc/u_npu/u_npu_engine/rq_ab[55]_i_6/O
                         net (fo=1, routed)           0.000     0.816    u_soc/u_npu/u_npu_engine/rq_ab[55]_i_6_n_0
    SLICE_X78Y39         CARRY4 (Prop_carry4_S[3]_O[3])
                                                      0.064     0.880 r  u_soc/u_npu/u_npu_engine/rq_ab_reg[55]_i_1/O[3]
                         net (fo=1, routed)           0.000     0.880    u_soc/u_npu/u_npu_engine/rq_ab_reg[55]_i_1_n_4
    SLICE_X78Y39         FDCE                                         r  u_soc/u_npu/u_npu_engine/rq_ab_reg[55]/D
  -------------------------------------------------------------------    -------------------

                         (clock clk_50mhz rise edge)
                                                      0.000     0.000 r  
    E3                                                0.000     0.000 r  CLK100MHZ (IN)
                         net (fo=0)                   0.000     0.000    CLK100MHZ
    E3                   IBUF (Prop_ibuf_I_O)         0.438     0.438 r  CLK100MHZ_IBUF_inst/O
                         net (fo=1, routed)           0.699     1.136    CLK100MHZ_IBUF
    BUFGCTRL_X0Y16       BUFG (Prop_bufg_I_O)         0.029     1.165 r  CLK100MHZ_IBUF_BUFG_inst/O
                         net (fo=1, routed)           0.834     1.999    CLK100MHZ_IBUF_BUFG
    SLICE_X52Y96         FDRE (Prop_fdre_C_Q)         0.175     2.174 r  clk_50mhz_reg_reg/Q
                         net (fo=2, routed)           0.315     2.488    clk_50mhz_reg
    BUFGCTRL_X0Y0        BUFG (Prop_bufg_I_O)         0.029     2.517 r  bufg_clk/O
                         net (fo=5821, routed)        0.927     3.444    u_soc/u_npu/u_npu_engine/clk_50mhz
    SLICE_X78Y39         FDCE                                         r  u_soc/u_npu/u_npu_engine/rq_ab_reg[55]/C

Slack:                    inf
  Source:                 u_soc/u_npu/u_npu_engine/rq_ab0/ACOUT[16]
                            (internal pin)
  Destination:            u_soc/u_npu/u_npu_engine/rq_ab_reg[37]/D
                            (rising edge-triggered cell FDCE clocked by clk_50mhz  {rise@0.000ns fall@10.000ns period=20.000ns})
  Path Group:             (none)
  Path Type:              Hold (Min at Fast Process Corner)
  Data Path Delay:        0.883ns  (logic 0.632ns (71.546%)  route 0.251ns (28.454%))
  Logic Levels:           3  (CARRY4=1 DSP48E1=1 LUT3=1)
  Clock Uncertainty:      0.025ns  ((TSJ^2 + TIJ^2)^1/2 + DJ) / 2 + PE
    Total System Jitter     (TSJ):    0.050ns
    Total Input Jitter      (TIJ):    0.000ns
    Discrete Jitter          (DJ):    0.000ns
    Phase Error              (PE):    0.000ns

    Location             Delay type                Incr(ns)  Path(ns)    Netlist Resource(s)
  -------------------------------------------------------------------    -------------------
    DSP48_X2Y14          DSP48E1                      0.000     0.000 r  u_soc/u_npu/u_npu_engine/rq_ab0/ACOUT[16]
                         net (fo=1, routed)           0.002     0.002    u_soc/u_npu/u_npu_engine/rq_ab0_n_37
    DSP48_X2Y15          DSP48E1 (Prop_dsp48e1_ACIN[16]_P[20])
                                                      0.521     0.523 r  u_soc/u_npu/u_npu_engine/rq_ab0__0/P[20]
                         net (fo=1, routed)           0.249     0.772    u_soc/u_npu/u_npu_engine/rq_ab0__0_n_85
    SLICE_X78Y35         LUT3 (Prop_lut3_I2_O)        0.045     0.817 r  u_soc/u_npu/u_npu_engine/rq_ab[39]_i_8/O
                         net (fo=1, routed)           0.000     0.817    u_soc/u_npu/u_npu_engine/rq_ab[39]_i_8_n_0
    SLICE_X78Y35         CARRY4 (Prop_carry4_S[1]_O[1])
                                                      0.066     0.883 r  u_soc/u_npu/u_npu_engine/rq_ab_reg[39]_i_1/O[1]
                         net (fo=1, routed)           0.000     0.883    u_soc/u_npu/u_npu_engine/rq_ab_reg[39]_i_1_n_6
    SLICE_X78Y35         FDCE                                         r  u_soc/u_npu/u_npu_engine/rq_ab_reg[37]/D
  -------------------------------------------------------------------    -------------------

                         (clock clk_50mhz rise edge)
                                                      0.000     0.000 r  
    E3                                                0.000     0.000 r  CLK100MHZ (IN)
                         net (fo=0)                   0.000     0.000    CLK100MHZ
    E3                   IBUF (Prop_ibuf_I_O)         0.438     0.438 r  CLK100MHZ_IBUF_inst/O
                         net (fo=1, routed)           0.699     1.136    CLK100MHZ_IBUF
    BUFGCTRL_X0Y16       BUFG (Prop_bufg_I_O)         0.029     1.165 r  CLK100MHZ_IBUF_BUFG_inst/O
                         net (fo=1, routed)           0.834     1.999    CLK100MHZ_IBUF_BUFG
    SLICE_X52Y96         FDRE (Prop_fdre_C_Q)         0.175     2.174 r  clk_50mhz_reg_reg/Q
                         net (fo=2, routed)           0.315     2.488    clk_50mhz_reg
    BUFGCTRL_X0Y0        BUFG (Prop_bufg_I_O)         0.029     2.517 r  bufg_clk/O
                         net (fo=5821, routed)        0.924     3.441    u_soc/u_npu/u_npu_engine/clk_50mhz
    SLICE_X78Y35         FDCE                                         r  u_soc/u_npu/u_npu_engine/rq_ab_reg[37]/C





--------------------------------------------------------------------------------------
Path Group:  (none)
From Clock:  
  To Clock:  jtag_tck_clk

Max Delay            18 Endpoints
Min Delay            18 Endpoints
--------------------------------------------------------------------------------------


Max Delay Paths
--------------------------------------------------------------------------------------
Slack:                    inf
  Source:                 JTAG_TMS
                            (input port)
  Destination:            u_soc/u_jtag/FSM_onehot_tap_state_reg[3]/D
                            (rising edge-triggered cell FDRE clocked by jtag_tck_clk  {rise@0.000ns fall@50.000ns period=100.000ns})
  Path Group:             (none)
  Path Type:              Setup (Max at Slow Process Corner)
  Data Path Delay:        4.914ns  (logic 1.626ns (33.098%)  route 3.287ns (66.902%))
  Logic Levels:           2  (IBUF=1 LUT2=1)
  Clock Path Skew:        4.940ns (DCD - SCD + CPR)
    Destination Clock Delay (DCD):    4.940ns
    Source Clock Delay      (SCD):    0.000ns
    Clock Pessimism Removal (CPR):    0.000ns
  Clock Uncertainty:      0.025ns  ((TSJ^2 + TIJ^2)^1/2 + DJ) / 2 + PE
    Total System Jitter     (TSJ):    0.050ns
    Total Input Jitter      (TIJ):    0.000ns
    Discrete Jitter          (DJ):    0.000ns
    Phase Error              (PE):    0.000ns

    Location             Delay type                Incr(ns)  Path(ns)    Netlist Resource(s)
  -------------------------------------------------------------------    -------------------
    F6                                                0.000     0.000 r  JTAG_TMS (IN)
                         net (fo=0)                   0.000     0.000    JTAG_TMS
    F6                   IBUF (Prop_ibuf_I_O)         1.474     1.474 r  JTAG_TMS_IBUF_inst/O
                         net (fo=16, routed)          3.287     4.762    u_soc/u_jtag/JTAG_TMS_IBUF
    SLICE_X68Y67         LUT2 (Prop_lut2_I1_O)        0.152     4.914 r  u_soc/u_jtag/FSM_onehot_tap_state[3]_i_1/O
                         net (fo=1, routed)           0.000     4.914    u_soc/u_jtag/FSM_onehot_tap_state[3]_i_1_n_0
    SLICE_X68Y67         FDRE                                         r  u_soc/u_jtag/FSM_onehot_tap_state_reg[3]/D
  -------------------------------------------------------------------    -------------------

                         (clock jtag_tck_clk rise edge)
                                                      0.000     0.000 r  
    K1                                                0.000     0.000 r  JTAG_TCK (IN)
                         net (fo=0)                   0.000     0.000    JTAG_TCK
    K1                   IBUF (Prop_ibuf_I_O)         1.390     1.390 r  JTAG_TCK_IBUF_inst/O
                         net (fo=1, routed)           1.957     3.348    JTAG_TCK_IBUF
    BUFGCTRL_X0Y1        BUFG (Prop_bufg_I_O)         0.091     3.439 r  JTAG_TCK_IBUF_BUFG_inst/O
                         net (fo=154, routed)         1.501     4.940    u_soc/u_jtag/JTAG_TCK_IBUF_BUFG
    SLICE_X68Y67         FDRE                                         r  u_soc/u_jtag/FSM_onehot_tap_state_reg[3]/C

Slack:                    inf
  Source:                 JTAG_TMS
                            (input port)
  Destination:            u_soc/u_jtag/FSM_onehot_tap_state_reg[10]/D
                            (rising edge-triggered cell FDRE clocked by jtag_tck_clk  {rise@0.000ns fall@50.000ns period=100.000ns})
  Path Group:             (none)
  Path Type:              Setup (Max at Slow Process Corner)
  Data Path Delay:        4.886ns  (logic 1.598ns (32.715%)  route 3.287ns (67.285%))
  Logic Levels:           2  (IBUF=1 LUT2=1)
  Clock Path Skew:        4.940ns (DCD - SCD + CPR)
    Destination Clock Delay (DCD):    4.940ns
    Source Clock Delay      (SCD):    0.000ns
    Clock Pessimism Removal (CPR):    0.000ns
  Clock Uncertainty:      0.025ns  ((TSJ^2 + TIJ^2)^1/2 + DJ) / 2 + PE
    Total System Jitter     (TSJ):    0.050ns
    Total Input Jitter      (TIJ):    0.000ns
    Discrete Jitter          (DJ):    0.000ns
    Phase Error              (PE):    0.000ns

    Location             Delay type                Incr(ns)  Path(ns)    Netlist Resource(s)
  -------------------------------------------------------------------    -------------------
    F6                                                0.000     0.000 f  JTAG_TMS (IN)
                         net (fo=0)                   0.000     0.000    JTAG_TMS
    F6                   IBUF (Prop_ibuf_I_O)         1.474     1.474 f  JTAG_TMS_IBUF_inst/O
                         net (fo=16, routed)          3.287     4.762    u_soc/u_jtag/JTAG_TMS_IBUF
    SLICE_X68Y67         LUT2 (Prop_lut2_I1_O)        0.124     4.886 r  u_soc/u_jtag/FSM_onehot_tap_state[10]_i_1/O
                         net (fo=1, routed)           0.000     4.886    u_soc/u_jtag/FSM_onehot_tap_state[10]_i_1_n_0
    SLICE_X68Y67         FDRE                                         r  u_soc/u_jtag/FSM_onehot_tap_state_reg[10]/D
  -------------------------------------------------------------------    -------------------

                         (clock jtag_tck_clk rise edge)
                                                      0.000     0.000 r  
    K1                                                0.000     0.000 r  JTAG_TCK (IN)
                         net (fo=0)                   0.000     0.000    JTAG_TCK
    K1                   IBUF (Prop_ibuf_I_O)         1.390     1.390 r  JTAG_TCK_IBUF_inst/O
                         net (fo=1, routed)           1.957     3.348    JTAG_TCK_IBUF
    BUFGCTRL_X0Y1        BUFG (Prop_bufg_I_O)         0.091     3.439 r  JTAG_TCK_IBUF_BUFG_inst/O
                         net (fo=154, routed)         1.501     4.940    u_soc/u_jtag/JTAG_TCK_IBUF_BUFG
    SLICE_X68Y67         FDRE                                         r  u_soc/u_jtag/FSM_onehot_tap_state_reg[10]/C

Slack:                    inf
  Source:                 JTAG_TDI
                            (input port)
  Destination:            u_soc/u_jtag/dr_reg_reg[63]/D
                            (rising edge-triggered cell FDRE clocked by jtag_tck_clk  {rise@0.000ns fall@50.000ns period=100.000ns})
  Path Group:             (none)
  Path Type:              Setup (Max at Slow Process Corner)
  Data Path Delay:        4.813ns  (logic 1.584ns (32.913%)  route 3.229ns (67.087%))
  Logic Levels:           2  (IBUF=1 LUT5=1)
  Clock Path Skew:        4.939ns (DCD - SCD + CPR)
    Destination Clock Delay (DCD):    4.939ns
    Source Clock Delay      (SCD):    0.000ns
    Clock Pessimism Removal (CPR):    0.000ns
  Clock Uncertainty:      0.025ns  ((TSJ^2 + TIJ^2)^1/2 + DJ) / 2 + PE
    Total System Jitter     (TSJ):    0.050ns
    Total Input Jitter      (TIJ):    0.000ns
    Discrete Jitter          (DJ):    0.000ns
    Phase Error              (PE):    0.000ns

    Location             Delay type                Incr(ns)  Path(ns)    Netlist Resource(s)
  -------------------------------------------------------------------    -------------------
    J2                                                0.000     0.000 r  JTAG_TDI (IN)
                         net (fo=0)                   0.000     0.000    JTAG_TDI
    J2                   IBUF (Prop_ibuf_I_O)         1.460     1.460 r  JTAG_TDI_IBUF_inst/O
                         net (fo=2, routed)           3.229     4.689    u_soc/u_jtag/JTAG_TDI_IBUF
    SLICE_X61Y65         LUT5 (Prop_lut5_I3_O)        0.124     4.813 r  u_soc/u_jtag/dr_reg[63]_i_2/O
                         net (fo=1, routed)           0.000     4.813    u_soc/u_jtag/dr_reg[63]_i_2_n_0
    SLICE_X61Y65         FDRE                                         r  u_soc/u_jtag/dr_reg_reg[63]/D
  -------------------------------------------------------------------    -------------------

                         (clock jtag_tck_clk rise edge)
                                                      0.000     0.000 r  
    K1                                                0.000     0.000 r  JTAG_TCK (IN)
                         net (fo=0)                   0.000     0.000    JTAG_TCK
    K1                   IBUF (Prop_ibuf_I_O)         1.390     1.390 r  JTAG_TCK_IBUF_inst/O
                         net (fo=1, routed)           1.957     3.348    JTAG_TCK_IBUF
    BUFGCTRL_X0Y1        BUFG (Prop_bufg_I_O)         0.091     3.439 r  JTAG_TCK_IBUF_BUFG_inst/O
                         net (fo=154, routed)         1.500     4.939    u_soc/u_jtag/JTAG_TCK_IBUF_BUFG
    SLICE_X61Y65         FDRE                                         r  u_soc/u_jtag/dr_reg_reg[63]/C

Slack:                    inf
  Source:                 JTAG_TDI
                            (input port)
  Destination:            u_soc/u_jtag/ir_reg_reg[3]/D
                            (rising edge-triggered cell FDRE clocked by jtag_tck_clk  {rise@0.000ns fall@50.000ns period=100.000ns})
  Path Group:             (none)
  Path Type:              Setup (Max at Slow Process Corner)
  Data Path Delay:        4.781ns  (logic 1.612ns (33.722%)  route 3.169ns (66.278%))
  Logic Levels:           2  (IBUF=1 LUT3=1)
  Clock Path Skew:        4.941ns (DCD - SCD + CPR)
    Destination Clock Delay (DCD):    4.941ns
    Source Clock Delay      (SCD):    0.000ns
    Clock Pessimism Removal (CPR):    0.000ns
  Clock Uncertainty:      0.025ns  ((TSJ^2 + TIJ^2)^1/2 + DJ) / 2 + PE
    Total System Jitter     (TSJ):    0.050ns
    Total Input Jitter      (TIJ):    0.000ns
    Discrete Jitter          (DJ):    0.000ns
    Phase Error              (PE):    0.000ns

    Location             Delay type                Incr(ns)  Path(ns)    Netlist Resource(s)
  -------------------------------------------------------------------    -------------------
    J2                                                0.000     0.000 r  JTAG_TDI (IN)
                         net (fo=0)                   0.000     0.000    JTAG_TDI
    J2                   IBUF (Prop_ibuf_I_O)         1.460     1.460 r  JTAG_TDI_IBUF_inst/O
                         net (fo=2, routed)           3.169     4.629    u_soc/u_jtag/JTAG_TDI_IBUF
    SLICE_X68Y66         LUT3 (Prop_lut3_I1_O)        0.152     4.781 r  u_soc/u_jtag/ir_reg[3]_i_2/O
                         net (fo=1, routed)           0.000     4.781    u_soc/u_jtag/ir_reg[3]_i_2_n_0
    SLICE_X68Y66         FDRE                                         r  u_soc/u_jtag/ir_reg_reg[3]/D
  -------------------------------------------------------------------    -------------------

                         (clock jtag_tck_clk rise edge)
                                                      0.000     0.000 r  
    K1                                                0.000     0.000 r  JTAG_TCK (IN)
                         net (fo=0)                   0.000     0.000    JTAG_TCK
    K1                   IBUF (Prop_ibuf_I_O)         1.390     1.390 r  JTAG_TCK_IBUF_inst/O
                         net (fo=1, routed)           1.957     3.348    JTAG_TCK_IBUF
    BUFGCTRL_X0Y1        BUFG (Prop_bufg_I_O)         0.091     3.439 r  JTAG_TCK_IBUF_BUFG_inst/O
                         net (fo=154, routed)         1.502     4.941    u_soc/u_jtag/JTAG_TCK_IBUF_BUFG
    SLICE_X68Y66         FDRE                                         r  u_soc/u_jtag/ir_reg_reg[3]/C

Slack:                    inf
  Source:                 JTAG_TMS
                            (input port)
  Destination:            u_soc/u_jtag/FSM_onehot_tap_state_reg[8]/D
                            (rising edge-triggered cell FDRE clocked by jtag_tck_clk  {rise@0.000ns fall@50.000ns period=100.000ns})
  Path Group:             (none)
  Path Type:              Setup (Max at Slow Process Corner)
  Data Path Delay:        4.756ns  (logic 1.626ns (34.198%)  route 3.129ns (65.802%))
  Logic Levels:           2  (IBUF=1 LUT2=1)
  Clock Path Skew:        4.940ns (DCD - SCD + CPR)
    Destination Clock Delay (DCD):    4.940ns
    Source Clock Delay      (SCD):    0.000ns
    Clock Pessimism Removal (CPR):    0.000ns
  Clock Uncertainty:      0.025ns  ((TSJ^2 + TIJ^2)^1/2 + DJ) / 2 + PE
    Total System Jitter     (TSJ):    0.050ns
    Total Input Jitter      (TIJ):    0.000ns
    Discrete Jitter          (DJ):    0.000ns
    Phase Error              (PE):    0.000ns

    Location             Delay type                Incr(ns)  Path(ns)    Netlist Resource(s)
  -------------------------------------------------------------------    -------------------
    F6                                                0.000     0.000 r  JTAG_TMS (IN)
                         net (fo=0)                   0.000     0.000    JTAG_TMS
    F6                   IBUF (Prop_ibuf_I_O)         1.474     1.474 r  JTAG_TMS_IBUF_inst/O
                         net (fo=16, routed)          3.129     4.604    u_soc/u_jtag/JTAG_TMS_IBUF
    SLICE_X69Y67         LUT2 (Prop_lut2_I1_O)        0.152     4.756 r  u_soc/u_jtag/FSM_onehot_tap_state[8]_i_1/O
                         net (fo=1, routed)           0.000     4.756    u_soc/u_jtag/FSM_onehot_tap_state[8]_i_1_n_0
    SLICE_X69Y67         FDRE                                         r  u_soc/u_jtag/FSM_onehot_tap_state_reg[8]/D
  -------------------------------------------------------------------    -------------------

                         (clock jtag_tck_clk rise edge)
                                                      0.000     0.000 r  
    K1                                                0.000     0.000 r  JTAG_TCK (IN)
                         net (fo=0)                   0.000     0.000    JTAG_TCK
    K1                   IBUF (Prop_ibuf_I_O)         1.390     1.390 r  JTAG_TCK_IBUF_inst/O
                         net (fo=1, routed)           1.957     3.348    JTAG_TCK_IBUF
    BUFGCTRL_X0Y1        BUFG (Prop_bufg_I_O)         0.091     3.439 r  JTAG_TCK_IBUF_BUFG_inst/O
                         net (fo=154, routed)         1.501     4.940    u_soc/u_jtag/JTAG_TCK_IBUF_BUFG
    SLICE_X69Y67         FDRE                                         r  u_soc/u_jtag/FSM_onehot_tap_state_reg[8]/C

Slack:                    inf
  Source:                 JTAG_TMS
                            (input port)
  Destination:            u_soc/u_jtag/FSM_onehot_tap_state_reg[14]/D
                            (rising edge-triggered cell FDRE clocked by jtag_tck_clk  {rise@0.000ns fall@50.000ns period=100.000ns})
  Path Group:             (none)
  Path Type:              Setup (Max at Slow Process Corner)
  Data Path Delay:        4.728ns  (logic 1.598ns (33.808%)  route 3.129ns (66.192%))
  Logic Levels:           2  (IBUF=1 LUT2=1)
  Clock Path Skew:        4.940ns (DCD - SCD + CPR)
    Destination Clock Delay (DCD):    4.940ns
    Source Clock Delay      (SCD):    0.000ns
    Clock Pessimism Removal (CPR):    0.000ns
  Clock Uncertainty:      0.025ns  ((TSJ^2 + TIJ^2)^1/2 + DJ) / 2 + PE
    Total System Jitter     (TSJ):    0.050ns
    Total Input Jitter      (TIJ):    0.000ns
    Discrete Jitter          (DJ):    0.000ns
    Phase Error              (PE):    0.000ns

    Location             Delay type                Incr(ns)  Path(ns)    Netlist Resource(s)
  -------------------------------------------------------------------    -------------------
    F6                                                0.000     0.000 r  JTAG_TMS (IN)
                         net (fo=0)                   0.000     0.000    JTAG_TMS
    F6                   IBUF (Prop_ibuf_I_O)         1.474     1.474 r  JTAG_TMS_IBUF_inst/O
                         net (fo=16, routed)          3.129     4.604    u_soc/u_jtag/JTAG_TMS_IBUF
    SLICE_X69Y67         LUT2 (Prop_lut2_I1_O)        0.124     4.728 r  u_soc/u_jtag/FSM_onehot_tap_state[14]_i_1/O
                         net (fo=1, routed)           0.000     4.728    u_soc/u_jtag/FSM_onehot_tap_state[14]_i_1_n_0
    SLICE_X69Y67         FDRE                                         r  u_soc/u_jtag/FSM_onehot_tap_state_reg[14]/D
  -------------------------------------------------------------------    -------------------

                         (clock jtag_tck_clk rise edge)
                                                      0.000     0.000 r  
    K1                                                0.000     0.000 r  JTAG_TCK (IN)
                         net (fo=0)                   0.000     0.000    JTAG_TCK
    K1                   IBUF (Prop_ibuf_I_O)         1.390     1.390 r  JTAG_TCK_IBUF_inst/O
                         net (fo=1, routed)           1.957     3.348    JTAG_TCK_IBUF
    BUFGCTRL_X0Y1        BUFG (Prop_bufg_I_O)         0.091     3.439 r  JTAG_TCK_IBUF_BUFG_inst/O
                         net (fo=154, routed)         1.501     4.940    u_soc/u_jtag/JTAG_TCK_IBUF_BUFG
    SLICE_X69Y67         FDRE                                         r  u_soc/u_jtag/FSM_onehot_tap_state_reg[14]/C

Slack:                    inf
  Source:                 JTAG_TMS
                            (input port)
  Destination:            u_soc/u_jtag/FSM_onehot_tap_state_reg[6]/D
                            (rising edge-triggered cell FDRE clocked by jtag_tck_clk  {rise@0.000ns fall@50.000ns period=100.000ns})
  Path Group:             (none)
  Path Type:              Setup (Max at Slow Process Corner)
  Data Path Delay:        4.703ns  (logic 1.628ns (34.622%)  route 3.075ns (65.378%))
  Logic Levels:           2  (IBUF=1 LUT3=1)
  Clock Path Skew:        4.940ns (DCD - SCD + CPR)
    Destination Clock Delay (DCD):    4.940ns
    Source Clock Delay      (SCD):    0.000ns
    Clock Pessimism Removal (CPR):    0.000ns
  Clock Uncertainty:      0.025ns  ((TSJ^2 + TIJ^2)^1/2 + DJ) / 2 + PE
    Total System Jitter     (TSJ):    0.050ns
    Total Input Jitter      (TIJ):    0.000ns
    Discrete Jitter          (DJ):    0.000ns
    Phase Error              (PE):    0.000ns

    Location             Delay type                Incr(ns)  Path(ns)    Netlist Resource(s)
  -------------------------------------------------------------------    -------------------
    F6                                                0.000     0.000 r  JTAG_TMS (IN)
                         net (fo=0)                   0.000     0.000    JTAG_TMS
    F6                   IBUF (Prop_ibuf_I_O)         1.474     1.474 r  JTAG_TMS_IBUF_inst/O
                         net (fo=16, routed)          3.075     4.549    u_soc/u_jtag/JTAG_TMS_IBUF
    SLICE_X69Y67         LUT3 (Prop_lut3_I0_O)        0.154     4.703 r  u_soc/u_jtag/FSM_onehot_tap_state[6]_i_1/O
                         net (fo=1, routed)           0.000     4.703    u_soc/u_jtag/FSM_onehot_tap_state[6]_i_1_n_0
    SLICE_X69Y67         FDRE                                         r  u_soc/u_jtag/FSM_onehot_tap_state_reg[6]/D
  -------------------------------------------------------------------    -------------------

                         (clock jtag_tck_clk rise edge)
                                                      0.000     0.000 r  
    K1                                                0.000     0.000 r  JTAG_TCK (IN)
                         net (fo=0)                   0.000     0.000    JTAG_TCK
    K1                   IBUF (Prop_ibuf_I_O)         1.390     1.390 r  JTAG_TCK_IBUF_inst/O
                         net (fo=1, routed)           1.957     3.348    JTAG_TCK_IBUF
    BUFGCTRL_X0Y1        BUFG (Prop_bufg_I_O)         0.091     3.439 r  JTAG_TCK_IBUF_BUFG_inst/O
                         net (fo=154, routed)         1.501     4.940    u_soc/u_jtag/JTAG_TCK_IBUF_BUFG
    SLICE_X69Y67         FDRE                                         r  u_soc/u_jtag/FSM_onehot_tap_state_reg[6]/C

Slack:                    inf
  Source:                 JTAG_TMS
                            (input port)
  Destination:            u_soc/u_jtag/FSM_onehot_tap_state_reg[9]/D
                            (rising edge-triggered cell FDRE clocked by jtag_tck_clk  {rise@0.000ns fall@50.000ns period=100.000ns})
  Path Group:             (none)
  Path Type:              Setup (Max at Slow Process Corner)
  Data Path Delay:        4.701ns  (logic 1.624ns (34.551%)  route 3.077ns (65.449%))
  Logic Levels:           2  (IBUF=1 LUT3=1)
  Clock Path Skew:        4.940ns (DCD - SCD + CPR)
    Destination Clock Delay (DCD):    4.940ns
    Source Clock Delay      (SCD):    0.000ns
    Clock Pessimism Removal (CPR):    0.000ns
  Clock Uncertainty:      0.025ns  ((TSJ^2 + TIJ^2)^1/2 + DJ) / 2 + PE
    Total System Jitter     (TSJ):    0.050ns
    Total Input Jitter      (TIJ):    0.000ns
    Discrete Jitter          (DJ):    0.000ns
    Phase Error              (PE):    0.000ns

    Location             Delay type                Incr(ns)  Path(ns)    Netlist Resource(s)
  -------------------------------------------------------------------    -------------------
    F6                                                0.000     0.000 r  JTAG_TMS (IN)
                         net (fo=0)                   0.000     0.000    JTAG_TMS
    F6                   IBUF (Prop_ibuf_I_O)         1.474     1.474 r  JTAG_TMS_IBUF_inst/O
                         net (fo=16, routed)          3.077     4.551    u_soc/u_jtag/JTAG_TMS_IBUF
    SLICE_X69Y67         LUT3 (Prop_lut3_I1_O)        0.150     4.701 r  u_soc/u_jtag/FSM_onehot_tap_state[9]_i_1/O
                         net (fo=1, routed)           0.000     4.701    u_soc/u_jtag/FSM_onehot_tap_state[9]_i_1_n_0
    SLICE_X69Y67         FDRE                                         r  u_soc/u_jtag/FSM_onehot_tap_state_reg[9]/D
  -------------------------------------------------------------------    -------------------

                         (clock jtag_tck_clk rise edge)
                                                      0.000     0.000 r  
    K1                                                0.000     0.000 r  JTAG_TCK (IN)
                         net (fo=0)                   0.000     0.000    JTAG_TCK
    K1                   IBUF (Prop_ibuf_I_O)         1.390     1.390 r  JTAG_TCK_IBUF_inst/O
                         net (fo=1, routed)           1.957     3.348    JTAG_TCK_IBUF
    BUFGCTRL_X0Y1        BUFG (Prop_bufg_I_O)         0.091     3.439 r  JTAG_TCK_IBUF_BUFG_inst/O
                         net (fo=154, routed)         1.501     4.940    u_soc/u_jtag/JTAG_TCK_IBUF_BUFG
    SLICE_X69Y67         FDRE                                         r  u_soc/u_jtag/FSM_onehot_tap_state_reg[9]/C

Slack:                    inf
  Source:                 JTAG_TMS
                            (input port)
  Destination:            u_soc/u_jtag/FSM_onehot_tap_state_reg[4]/D
                            (rising edge-triggered cell FDRE clocked by jtag_tck_clk  {rise@0.000ns fall@50.000ns period=100.000ns})
  Path Group:             (none)
  Path Type:              Setup (Max at Slow Process Corner)
  Data Path Delay:        4.689ns  (logic 1.624ns (34.644%)  route 3.064ns (65.356%))
  Logic Levels:           2  (IBUF=1 LUT2=1)
  Clock Path Skew:        4.940ns (DCD - SCD + CPR)
    Destination Clock Delay (DCD):    4.940ns
    Source Clock Delay      (SCD):    0.000ns
    Clock Pessimism Removal (CPR):    0.000ns
  Clock Uncertainty:      0.025ns  ((TSJ^2 + TIJ^2)^1/2 + DJ) / 2 + PE
    Total System Jitter     (TSJ):    0.050ns
    Total Input Jitter      (TIJ):    0.000ns
    Discrete Jitter          (DJ):    0.000ns
    Phase Error              (PE):    0.000ns

    Location             Delay type                Incr(ns)  Path(ns)    Netlist Resource(s)
  -------------------------------------------------------------------    -------------------
    F6                                                0.000     0.000 f  JTAG_TMS (IN)
                         net (fo=0)                   0.000     0.000    JTAG_TMS
    F6                   IBUF (Prop_ibuf_I_O)         1.474     1.474 f  JTAG_TMS_IBUF_inst/O
                         net (fo=16, routed)          3.064     4.539    u_soc/u_jtag/JTAG_TMS_IBUF
    SLICE_X69Y67         LUT2 (Prop_lut2_I1_O)        0.150     4.689 r  u_soc/u_jtag/FSM_onehot_tap_state[4]_i_1/O
                         net (fo=1, routed)           0.000     4.689    u_soc/u_jtag/FSM_onehot_tap_state[4]_i_1_n_0
    SLICE_X69Y67         FDRE                                         r  u_soc/u_jtag/FSM_onehot_tap_state_reg[4]/D
  -------------------------------------------------------------------    -------------------

                         (clock jtag_tck_clk rise edge)
                                                      0.000     0.000 r  
    K1                                                0.000     0.000 r  JTAG_TCK (IN)
                         net (fo=0)                   0.000     0.000    JTAG_TCK
    K1                   IBUF (Prop_ibuf_I_O)         1.390     1.390 r  JTAG_TCK_IBUF_inst/O
                         net (fo=1, routed)           1.957     3.348    JTAG_TCK_IBUF
    BUFGCTRL_X0Y1        BUFG (Prop_bufg_I_O)         0.091     3.439 r  JTAG_TCK_IBUF_BUFG_inst/O
                         net (fo=154, routed)         1.501     4.940    u_soc/u_jtag/JTAG_TCK_IBUF_BUFG
    SLICE_X69Y67         FDRE                                         r  u_soc/u_jtag/FSM_onehot_tap_state_reg[4]/C

Slack:                    inf
  Source:                 JTAG_TMS
                            (input port)
  Destination:            u_soc/u_jtag/FSM_onehot_tap_state_reg[7]/D
                            (rising edge-triggered cell FDRE clocked by jtag_tck_clk  {rise@0.000ns fall@50.000ns period=100.000ns})
  Path Group:             (none)
  Path Type:              Setup (Max at Slow Process Corner)
  Data Path Delay:        4.675ns  (logic 1.598ns (34.187%)  route 3.077ns (65.813%))
  Logic Levels:           2  (IBUF=1 LUT3=1)
  Clock Path Skew:        4.940ns (DCD - SCD + CPR)
    Destination Clock Delay (DCD):    4.940ns
    Source Clock Delay      (SCD):    0.000ns
    Clock Pessimism Removal (CPR):    0.000ns
  Clock Uncertainty:      0.025ns  ((TSJ^2 + TIJ^2)^1/2 + DJ) / 2 + PE
    Total System Jitter     (TSJ):    0.050ns
    Total Input Jitter      (TIJ):    0.000ns
    Discrete Jitter          (DJ):    0.000ns
    Phase Error              (PE):    0.000ns

    Location             Delay type                Incr(ns)  Path(ns)    Netlist Resource(s)
  -------------------------------------------------------------------    -------------------
    F6                                                0.000     0.000 f  JTAG_TMS (IN)
                         net (fo=0)                   0.000     0.000    JTAG_TMS
    F6                   IBUF (Prop_ibuf_I_O)         1.474     1.474 f  JTAG_TMS_IBUF_inst/O
                         net (fo=16, routed)          3.077     4.551    u_soc/u_jtag/JTAG_TMS_IBUF
    SLICE_X69Y67         LUT3 (Prop_lut3_I1_O)        0.124     4.675 r  u_soc/u_jtag/FSM_onehot_tap_state[7]_i_1/O
                         net (fo=1, routed)           0.000     4.675    u_soc/u_jtag/FSM_onehot_tap_state[7]_i_1_n_0
    SLICE_X69Y67         FDRE                                         r  u_soc/u_jtag/FSM_onehot_tap_state_reg[7]/D
  -------------------------------------------------------------------    -------------------

                         (clock jtag_tck_clk rise edge)
                                                      0.000     0.000 r  
    K1                                                0.000     0.000 r  JTAG_TCK (IN)
                         net (fo=0)                   0.000     0.000    JTAG_TCK
    K1                   IBUF (Prop_ibuf_I_O)         1.390     1.390 r  JTAG_TCK_IBUF_inst/O
                         net (fo=1, routed)           1.957     3.348    JTAG_TCK_IBUF
    BUFGCTRL_X0Y1        BUFG (Prop_bufg_I_O)         0.091     3.439 r  JTAG_TCK_IBUF_BUFG_inst/O
                         net (fo=154, routed)         1.501     4.940    u_soc/u_jtag/JTAG_TCK_IBUF_BUFG
    SLICE_X69Y67         FDRE                                         r  u_soc/u_jtag/FSM_onehot_tap_state_reg[7]/C





Min Delay Paths
--------------------------------------------------------------------------------------
Slack:                    inf
  Source:                 JTAG_TMS
                            (input port)
  Destination:            u_soc/u_jtag/FSM_onehot_tap_state_reg[13]/D
                            (rising edge-triggered cell FDRE clocked by jtag_tck_clk  {rise@0.000ns fall@50.000ns period=100.000ns})
  Path Group:             (none)
  Path Type:              Hold (Min at Fast Process Corner)
  Data Path Delay:        1.507ns  (logic 0.287ns (19.066%)  route 1.219ns (80.934%))
  Logic Levels:           2  (IBUF=1 LUT3=1)
  Clock Path Skew:        2.356ns (DCD - SCD - CPR)
    Destination Clock Delay (DCD):    2.356ns
    Source Clock Delay      (SCD):    0.000ns
    Clock Pessimism Removal (CPR):    -0.000ns

    Location             Delay type                Incr(ns)  Path(ns)    Netlist Resource(s)
  -------------------------------------------------------------------    -------------------
    F6                                                0.000     0.000 f  JTAG_TMS (IN)
                         net (fo=0)                   0.000     0.000    JTAG_TMS
    F6                   IBUF (Prop_ibuf_I_O)         0.242     0.242 f  JTAG_TMS_IBUF_inst/O
                         net (fo=16, routed)          1.219     1.462    u_soc/u_jtag/JTAG_TMS_IBUF
    SLICE_X70Y67         LUT3 (Prop_lut3_I1_O)        0.045     1.507 r  u_soc/u_jtag/FSM_onehot_tap_state[13]_i_1/O
                         net (fo=1, routed)           0.000     1.507    u_soc/u_jtag/FSM_onehot_tap_state[13]_i_1_n_0
    SLICE_X70Y67         FDRE                                         r  u_soc/u_jtag/FSM_onehot_tap_state_reg[13]/D
  -------------------------------------------------------------------    -------------------

                         (clock jtag_tck_clk rise edge)
                                                      0.000     0.000 r  
    K1                                                0.000     0.000 r  JTAG_TCK (IN)
                         net (fo=0)                   0.000     0.000    JTAG_TCK
    K1                   IBUF (Prop_ibuf_I_O)         0.416     0.416 r  JTAG_TCK_IBUF_inst/O
                         net (fo=1, routed)           1.081     1.498    JTAG_TCK_IBUF
    BUFGCTRL_X0Y1        BUFG (Prop_bufg_I_O)         0.029     1.527 r  JTAG_TCK_IBUF_BUFG_inst/O
                         net (fo=154, routed)         0.830     2.356    u_soc/u_jtag/JTAG_TCK_IBUF_BUFG
    SLICE_X70Y67         FDRE                                         r  u_soc/u_jtag/FSM_onehot_tap_state_reg[13]/C

Slack:                    inf
  Source:                 JTAG_TMS
                            (input port)
  Destination:            u_soc/u_jtag/FSM_onehot_tap_state_reg[15]/D
                            (rising edge-triggered cell FDRE clocked by jtag_tck_clk  {rise@0.000ns fall@50.000ns period=100.000ns})
  Path Group:             (none)
  Path Type:              Hold (Min at Fast Process Corner)
  Data Path Delay:        1.509ns  (logic 0.289ns (19.174%)  route 1.219ns (80.826%))
  Logic Levels:           2  (IBUF=1 LUT3=1)
  Clock Path Skew:        2.356ns (DCD - SCD - CPR)
    Destination Clock Delay (DCD):    2.356ns
    Source Clock Delay      (SCD):    0.000ns
    Clock Pessimism Removal (CPR):    -0.000ns

    Location             Delay type                Incr(ns)  Path(ns)    Netlist Resource(s)
  -------------------------------------------------------------------    -------------------
    F6                                                0.000     0.000 r  JTAG_TMS (IN)
                         net (fo=0)                   0.000     0.000    JTAG_TMS
    F6                   IBUF (Prop_ibuf_I_O)         0.242     0.242 r  JTAG_TMS_IBUF_inst/O
                         net (fo=16, routed)          1.219     1.462    u_soc/u_jtag/JTAG_TMS_IBUF
    SLICE_X70Y67         LUT3 (Prop_lut3_I1_O)        0.047     1.509 r  u_soc/u_jtag/FSM_onehot_tap_state[15]_i_1/O
                         net (fo=1, routed)           0.000     1.509    u_soc/u_jtag/FSM_onehot_tap_state[15]_i_1_n_0
    SLICE_X70Y67         FDRE                                         r  u_soc/u_jtag/FSM_onehot_tap_state_reg[15]/D
  -------------------------------------------------------------------    -------------------

                         (clock jtag_tck_clk rise edge)
                                                      0.000     0.000 r  
    K1                                                0.000     0.000 r  JTAG_TCK (IN)
                         net (fo=0)                   0.000     0.000    JTAG_TCK
    K1                   IBUF (Prop_ibuf_I_O)         0.416     0.416 r  JTAG_TCK_IBUF_inst/O
                         net (fo=1, routed)           1.081     1.498    JTAG_TCK_IBUF
    BUFGCTRL_X0Y1        BUFG (Prop_bufg_I_O)         0.029     1.527 r  JTAG_TCK_IBUF_BUFG_inst/O
                         net (fo=154, routed)         0.830     2.356    u_soc/u_jtag/JTAG_TCK_IBUF_BUFG
    SLICE_X70Y67         FDRE                                         r  u_soc/u_jtag/FSM_onehot_tap_state_reg[15]/C

Slack:                    inf
  Source:                 JTAG_TMS
                            (input port)
  Destination:            u_soc/u_jtag/FSM_onehot_tap_state_reg[1]/D
                            (rising edge-triggered cell FDRE clocked by jtag_tck_clk  {rise@0.000ns fall@50.000ns period=100.000ns})
  Path Group:             (none)
  Path Type:              Hold (Min at Fast Process Corner)
  Data Path Delay:        1.515ns  (logic 0.287ns (18.961%)  route 1.228ns (81.039%))
  Logic Levels:           2  (IBUF=1 LUT5=1)
  Clock Path Skew:        2.356ns (DCD - SCD - CPR)
    Destination Clock Delay (DCD):    2.356ns
    Source Clock Delay      (SCD):    0.000ns
    Clock Pessimism Removal (CPR):    -0.000ns

    Location             Delay type                Incr(ns)  Path(ns)    Netlist Resource(s)
  -------------------------------------------------------------------    -------------------
    F6                                                0.000     0.000 f  JTAG_TMS (IN)
                         net (fo=0)                   0.000     0.000    JTAG_TMS
    F6                   IBUF (Prop_ibuf_I_O)         0.242     0.242 f  JTAG_TMS_IBUF_inst/O
                         net (fo=16, routed)          1.228     1.470    u_soc/u_jtag/JTAG_TMS_IBUF
    SLICE_X68Y67         LUT5 (Prop_lut5_I1_O)        0.045     1.515 r  u_soc/u_jtag/FSM_onehot_tap_state[1]_i_1/O
                         net (fo=1, routed)           0.000     1.515    u_soc/u_jtag/FSM_onehot_tap_state[1]_i_1_n_0
    SLICE_X68Y67         FDRE                                         r  u_soc/u_jtag/FSM_onehot_tap_state_reg[1]/D
  -------------------------------------------------------------------    -------------------

                         (clock jtag_tck_clk rise edge)
                                                      0.000     0.000 r  
    K1                                                0.000     0.000 r  JTAG_TCK (IN)
                         net (fo=0)                   0.000     0.000    JTAG_TCK
    K1                   IBUF (Prop_ibuf_I_O)         0.416     0.416 r  JTAG_TCK_IBUF_inst/O
                         net (fo=1, routed)           1.081     1.498    JTAG_TCK_IBUF
    BUFGCTRL_X0Y1        BUFG (Prop_bufg_I_O)         0.029     1.527 r  JTAG_TCK_IBUF_BUFG_inst/O
                         net (fo=154, routed)         0.830     2.356    u_soc/u_jtag/JTAG_TCK_IBUF_BUFG
    SLICE_X68Y67         FDRE                                         r  u_soc/u_jtag/FSM_onehot_tap_state_reg[1]/C

Slack:                    inf
  Source:                 JTAG_TMS
                            (input port)
  Destination:            u_soc/u_jtag/FSM_onehot_tap_state_reg[2]/D
                            (rising edge-triggered cell FDRE clocked by jtag_tck_clk  {rise@0.000ns fall@50.000ns period=100.000ns})
  Path Group:             (none)
  Path Type:              Hold (Min at Fast Process Corner)
  Data Path Delay:        1.515ns  (logic 0.287ns (18.961%)  route 1.228ns (81.039%))
  Logic Levels:           2  (IBUF=1 LUT4=1)
  Clock Path Skew:        2.356ns (DCD - SCD - CPR)
    Destination Clock Delay (DCD):    2.356ns
    Source Clock Delay      (SCD):    0.000ns
    Clock Pessimism Removal (CPR):    -0.000ns

    Location             Delay type                Incr(ns)  Path(ns)    Netlist Resource(s)
  -------------------------------------------------------------------    -------------------
    F6                                                0.000     0.000 r  JTAG_TMS (IN)
                         net (fo=0)                   0.000     0.000    JTAG_TMS
    F6                   IBUF (Prop_ibuf_I_O)         0.242     0.242 r  JTAG_TMS_IBUF_inst/O
                         net (fo=16, routed)          1.228     1.470    u_soc/u_jtag/JTAG_TMS_IBUF
    SLICE_X68Y67         LUT4 (Prop_lut4_I0_O)        0.045     1.515 r  u_soc/u_jtag/FSM_onehot_tap_state[2]_i_1/O
                         net (fo=1, routed)           0.000     1.515    u_soc/u_jtag/FSM_onehot_tap_state[2]_i_1_n_0
    SLICE_X68Y67         FDRE                                         r  u_soc/u_jtag/FSM_onehot_tap_state_reg[2]/D
  -------------------------------------------------------------------    -------------------

                         (clock jtag_tck_clk rise edge)
                                                      0.000     0.000 r  
    K1                                                0.000     0.000 r  JTAG_TCK (IN)
                         net (fo=0)                   0.000     0.000    JTAG_TCK
    K1                   IBUF (Prop_ibuf_I_O)         0.416     0.416 r  JTAG_TCK_IBUF_inst/O
                         net (fo=1, routed)           1.081     1.498    JTAG_TCK_IBUF
    BUFGCTRL_X0Y1        BUFG (Prop_bufg_I_O)         0.029     1.527 r  JTAG_TCK_IBUF_BUFG_inst/O
                         net (fo=154, routed)         0.830     2.356    u_soc/u_jtag/JTAG_TCK_IBUF_BUFG
    SLICE_X68Y67         FDRE                                         r  u_soc/u_jtag/FSM_onehot_tap_state_reg[2]/C

Slack:                    inf
  Source:                 JTAG_TMS
                            (input port)
  Destination:            u_soc/u_jtag/FSM_onehot_tap_state_reg[12]/D
                            (rising edge-triggered cell FDRE clocked by jtag_tck_clk  {rise@0.000ns fall@50.000ns period=100.000ns})
  Path Group:             (none)
  Path Type:              Hold (Min at Fast Process Corner)
  Data Path Delay:        1.529ns  (logic 0.286ns (18.720%)  route 1.243ns (81.280%))
  Logic Levels:           2  (IBUF=1 LUT3=1)
  Clock Path Skew:        2.356ns (DCD - SCD - CPR)
    Destination Clock Delay (DCD):    2.356ns
    Source Clock Delay      (SCD):    0.000ns
    Clock Pessimism Removal (CPR):    -0.000ns

    Location             Delay type                Incr(ns)  Path(ns)    Netlist Resource(s)
  -------------------------------------------------------------------    -------------------
    F6                                                0.000     0.000 r  JTAG_TMS (IN)
                         net (fo=0)                   0.000     0.000    JTAG_TMS
    F6                   IBUF (Prop_ibuf_I_O)         0.242     0.242 r  JTAG_TMS_IBUF_inst/O
                         net (fo=16, routed)          1.243     1.485    u_soc/u_jtag/JTAG_TMS_IBUF
    SLICE_X70Y67         LUT3 (Prop_lut3_I0_O)        0.044     1.529 r  u_soc/u_jtag/FSM_onehot_tap_state[12]_i_1/O
                         net (fo=1, routed)           0.000     1.529    u_soc/u_jtag/FSM_onehot_tap_state[12]_i_1_n_0
    SLICE_X70Y67         FDRE                                         r  u_soc/u_jtag/FSM_onehot_tap_state_reg[12]/D
  -------------------------------------------------------------------    -------------------

                         (clock jtag_tck_clk rise edge)
                                                      0.000     0.000 r  
    K1                                                0.000     0.000 r  JTAG_TCK (IN)
                         net (fo=0)                   0.000     0.000    JTAG_TCK
    K1                   IBUF (Prop_ibuf_I_O)         0.416     0.416 r  JTAG_TCK_IBUF_inst/O
                         net (fo=1, routed)           1.081     1.498    JTAG_TCK_IBUF
    BUFGCTRL_X0Y1        BUFG (Prop_bufg_I_O)         0.029     1.527 r  JTAG_TCK_IBUF_BUFG_inst/O
                         net (fo=154, routed)         0.830     2.356    u_soc/u_jtag/JTAG_TCK_IBUF_BUFG
    SLICE_X70Y67         FDRE                                         r  u_soc/u_jtag/FSM_onehot_tap_state_reg[12]/C

Slack:                    inf
  Source:                 JTAG_TMS
                            (input port)
  Destination:            u_soc/u_jtag/FSM_onehot_tap_state_reg[11]/D
                            (rising edge-triggered cell FDRE clocked by jtag_tck_clk  {rise@0.000ns fall@50.000ns period=100.000ns})
  Path Group:             (none)
  Path Type:              Hold (Min at Fast Process Corner)
  Data Path Delay:        1.530ns  (logic 0.287ns (18.773%)  route 1.243ns (81.227%))
  Logic Levels:           2  (IBUF=1 LUT4=1)
  Clock Path Skew:        2.356ns (DCD - SCD - CPR)
    Destination Clock Delay (DCD):    2.356ns
    Source Clock Delay      (SCD):    0.000ns
    Clock Pessimism Removal (CPR):    -0.000ns

    Location             Delay type                Incr(ns)  Path(ns)    Netlist Resource(s)
  -------------------------------------------------------------------    -------------------
    F6                                                0.000     0.000 f  JTAG_TMS (IN)
                         net (fo=0)                   0.000     0.000    JTAG_TMS
    F6                   IBUF (Prop_ibuf_I_O)         0.242     0.242 f  JTAG_TMS_IBUF_inst/O
                         net (fo=16, routed)          1.243     1.485    u_soc/u_jtag/JTAG_TMS_IBUF
    SLICE_X70Y67         LUT4 (Prop_lut4_I1_O)        0.045     1.530 r  u_soc/u_jtag/FSM_onehot_tap_state[11]_i_1/O
                         net (fo=1, routed)           0.000     1.530    u_soc/u_jtag/FSM_onehot_tap_state[11]_i_1_n_0
    SLICE_X70Y67         FDRE                                         r  u_soc/u_jtag/FSM_onehot_tap_state_reg[11]/D
  -------------------------------------------------------------------    -------------------

                         (clock jtag_tck_clk rise edge)
                                                      0.000     0.000 r  
    K1                                                0.000     0.000 r  JTAG_TCK (IN)
                         net (fo=0)                   0.000     0.000    JTAG_TCK
    K1                   IBUF (Prop_ibuf_I_O)         0.416     0.416 r  JTAG_TCK_IBUF_inst/O
                         net (fo=1, routed)           1.081     1.498    JTAG_TCK_IBUF
    BUFGCTRL_X0Y1        BUFG (Prop_bufg_I_O)         0.029     1.527 r  JTAG_TCK_IBUF_BUFG_inst/O
                         net (fo=154, routed)         0.830     2.356    u_soc/u_jtag/JTAG_TCK_IBUF_BUFG
    SLICE_X70Y67         FDRE                                         r  u_soc/u_jtag/FSM_onehot_tap_state_reg[11]/C

Slack:                    inf
  Source:                 JTAG_TMS
                            (input port)
  Destination:            u_soc/u_jtag/FSM_onehot_tap_state_reg[6]/D
                            (rising edge-triggered cell FDRE clocked by jtag_tck_clk  {rise@0.000ns fall@50.000ns period=100.000ns})
  Path Group:             (none)
  Path Type:              Hold (Min at Fast Process Corner)
  Data Path Delay:        1.596ns  (logic 0.285ns (17.872%)  route 1.311ns (82.128%))
  Logic Levels:           2  (IBUF=1 LUT3=1)
  Clock Path Skew:        2.356ns (DCD - SCD - CPR)
    Destination Clock Delay (DCD):    2.356ns
    Source Clock Delay      (SCD):    0.000ns
    Clock Pessimism Removal (CPR):    -0.000ns

    Location             Delay type                Incr(ns)  Path(ns)    Netlist Resource(s)
  -------------------------------------------------------------------    -------------------
    F6                                                0.000     0.000 r  JTAG_TMS (IN)
                         net (fo=0)                   0.000     0.000    JTAG_TMS
    F6                   IBUF (Prop_ibuf_I_O)         0.242     0.242 r  JTAG_TMS_IBUF_inst/O
                         net (fo=16, routed)          1.311     1.553    u_soc/u_jtag/JTAG_TMS_IBUF
    SLICE_X69Y67         LUT3 (Prop_lut3_I0_O)        0.043     1.596 r  u_soc/u_jtag/FSM_onehot_tap_state[6]_i_1/O
                         net (fo=1, routed)           0.000     1.596    u_soc/u_jtag/FSM_onehot_tap_state[6]_i_1_n_0
    SLICE_X69Y67         FDRE                                         r  u_soc/u_jtag/FSM_onehot_tap_state_reg[6]/D
  -------------------------------------------------------------------    -------------------

                         (clock jtag_tck_clk rise edge)
                                                      0.000     0.000 r  
    K1                                                0.000     0.000 r  JTAG_TCK (IN)
                         net (fo=0)                   0.000     0.000    JTAG_TCK
    K1                   IBUF (Prop_ibuf_I_O)         0.416     0.416 r  JTAG_TCK_IBUF_inst/O
                         net (fo=1, routed)           1.081     1.498    JTAG_TCK_IBUF
    BUFGCTRL_X0Y1        BUFG (Prop_bufg_I_O)         0.029     1.527 r  JTAG_TCK_IBUF_BUFG_inst/O
                         net (fo=154, routed)         0.830     2.356    u_soc/u_jtag/JTAG_TCK_IBUF_BUFG
    SLICE_X69Y67         FDRE                                         r  u_soc/u_jtag/FSM_onehot_tap_state_reg[6]/C

Slack:                    inf
  Source:                 JTAG_TMS
                            (input port)
  Destination:            u_soc/u_jtag/FSM_onehot_tap_state_reg[9]/D
                            (rising edge-triggered cell FDRE clocked by jtag_tck_clk  {rise@0.000ns fall@50.000ns period=100.000ns})
  Path Group:             (none)
  Path Type:              Hold (Min at Fast Process Corner)
  Data Path Delay:        1.596ns  (logic 0.285ns (17.872%)  route 1.311ns (82.128%))
  Logic Levels:           2  (IBUF=1 LUT3=1)
  Clock Path Skew:        2.356ns (DCD - SCD - CPR)
    Destination Clock Delay (DCD):    2.356ns
    Source Clock Delay      (SCD):    0.000ns
    Clock Pessimism Removal (CPR):    -0.000ns

    Location             Delay type                Incr(ns)  Path(ns)    Netlist Resource(s)
  -------------------------------------------------------------------    -------------------
    F6                                                0.000     0.000 r  JTAG_TMS (IN)
                         net (fo=0)                   0.000     0.000    JTAG_TMS
    F6                   IBUF (Prop_ibuf_I_O)         0.242     0.242 r  JTAG_TMS_IBUF_inst/O
                         net (fo=16, routed)          1.311     1.553    u_soc/u_jtag/JTAG_TMS_IBUF
    SLICE_X69Y67         LUT3 (Prop_lut3_I1_O)        0.043     1.596 r  u_soc/u_jtag/FSM_onehot_tap_state[9]_i_1/O
                         net (fo=1, routed)           0.000     1.596    u_soc/u_jtag/FSM_onehot_tap_state[9]_i_1_n_0
    SLICE_X69Y67         FDRE                                         r  u_soc/u_jtag/FSM_onehot_tap_state_reg[9]/D
  -------------------------------------------------------------------    -------------------

                         (clock jtag_tck_clk rise edge)
                                                      0.000     0.000 r  
    K1                                                0.000     0.000 r  JTAG_TCK (IN)
                         net (fo=0)                   0.000     0.000    JTAG_TCK
    K1                   IBUF (Prop_ibuf_I_O)         0.416     0.416 r  JTAG_TCK_IBUF_inst/O
                         net (fo=1, routed)           1.081     1.498    JTAG_TCK_IBUF
    BUFGCTRL_X0Y1        BUFG (Prop_bufg_I_O)         0.029     1.527 r  JTAG_TCK_IBUF_BUFG_inst/O
                         net (fo=154, routed)         0.830     2.356    u_soc/u_jtag/JTAG_TCK_IBUF_BUFG
    SLICE_X69Y67         FDRE                                         r  u_soc/u_jtag/FSM_onehot_tap_state_reg[9]/C

Slack:                    inf
  Source:                 JTAG_TMS
                            (input port)
  Destination:            u_soc/u_jtag/FSM_onehot_tap_state_reg[0]/D
                            (rising edge-triggered cell FDRE clocked by jtag_tck_clk  {rise@0.000ns fall@50.000ns period=100.000ns})
  Path Group:             (none)
  Path Type:              Hold (Min at Fast Process Corner)
  Data Path Delay:        1.597ns  (logic 0.287ns (17.992%)  route 1.309ns (82.008%))
  Logic Levels:           2  (IBUF=1 LUT3=1)
  Clock Path Skew:        2.356ns (DCD - SCD - CPR)
    Destination Clock Delay (DCD):    2.356ns
    Source Clock Delay      (SCD):    0.000ns
    Clock Pessimism Removal (CPR):    -0.000ns

    Location             Delay type                Incr(ns)  Path(ns)    Netlist Resource(s)
  -------------------------------------------------------------------    -------------------
    F6                                                0.000     0.000 r  JTAG_TMS (IN)
                         net (fo=0)                   0.000     0.000    JTAG_TMS
    F6                   IBUF (Prop_ibuf_I_O)         0.242     0.242 r  JTAG_TMS_IBUF_inst/O
                         net (fo=16, routed)          1.309     1.552    u_soc/u_jtag/JTAG_TMS_IBUF
    SLICE_X69Y67         LUT3 (Prop_lut3_I1_O)        0.045     1.597 r  u_soc/u_jtag/FSM_onehot_tap_state[0]_i_1/O
                         net (fo=1, routed)           0.000     1.597    u_soc/u_jtag/FSM_onehot_tap_state[0]_i_1_n_0
    SLICE_X69Y67         FDRE                                         r  u_soc/u_jtag/FSM_onehot_tap_state_reg[0]/D
  -------------------------------------------------------------------    -------------------

                         (clock jtag_tck_clk rise edge)
                                                      0.000     0.000 r  
    K1                                                0.000     0.000 r  JTAG_TCK (IN)
                         net (fo=0)                   0.000     0.000    JTAG_TCK
    K1                   IBUF (Prop_ibuf_I_O)         0.416     0.416 r  JTAG_TCK_IBUF_inst/O
                         net (fo=1, routed)           1.081     1.498    JTAG_TCK_IBUF
    BUFGCTRL_X0Y1        BUFG (Prop_bufg_I_O)         0.029     1.527 r  JTAG_TCK_IBUF_BUFG_inst/O
                         net (fo=154, routed)         0.830     2.356    u_soc/u_jtag/JTAG_TCK_IBUF_BUFG
    SLICE_X69Y67         FDRE                                         r  u_soc/u_jtag/FSM_onehot_tap_state_reg[0]/C

Slack:                    inf
  Source:                 JTAG_TMS
                            (input port)
  Destination:            u_soc/u_jtag/FSM_onehot_tap_state_reg[4]/D
                            (rising edge-triggered cell FDRE clocked by jtag_tck_clk  {rise@0.000ns fall@50.000ns period=100.000ns})
  Path Group:             (none)
  Path Type:              Hold (Min at Fast Process Corner)
  Data Path Delay:        1.598ns  (logic 0.288ns (18.044%)  route 1.309ns (81.956%))
  Logic Levels:           2  (IBUF=1 LUT2=1)
  Clock Path Skew:        2.356ns (DCD - SCD - CPR)
    Destination Clock Delay (DCD):    2.356ns
    Source Clock Delay      (SCD):    0.000ns
    Clock Pessimism Removal (CPR):    -0.000ns

    Location             Delay type                Incr(ns)  Path(ns)    Netlist Resource(s)
  -------------------------------------------------------------------    -------------------
    F6                                                0.000     0.000 f  JTAG_TMS (IN)
                         net (fo=0)                   0.000     0.000    JTAG_TMS
    F6                   IBUF (Prop_ibuf_I_O)         0.242     0.242 f  JTAG_TMS_IBUF_inst/O
                         net (fo=16, routed)          1.309     1.552    u_soc/u_jtag/JTAG_TMS_IBUF
    SLICE_X69Y67         LUT2 (Prop_lut2_I1_O)        0.046     1.598 r  u_soc/u_jtag/FSM_onehot_tap_state[4]_i_1/O
                         net (fo=1, routed)           0.000     1.598    u_soc/u_jtag/FSM_onehot_tap_state[4]_i_1_n_0
    SLICE_X69Y67         FDRE                                         r  u_soc/u_jtag/FSM_onehot_tap_state_reg[4]/D
  -------------------------------------------------------------------    -------------------

                         (clock jtag_tck_clk rise edge)
                                                      0.000     0.000 r  
    K1                                                0.000     0.000 r  JTAG_TCK (IN)
                         net (fo=0)                   0.000     0.000    JTAG_TCK
    K1                   IBUF (Prop_ibuf_I_O)         0.416     0.416 r  JTAG_TCK_IBUF_inst/O
                         net (fo=1, routed)           1.081     1.498    JTAG_TCK_IBUF
    BUFGCTRL_X0Y1        BUFG (Prop_bufg_I_O)         0.029     1.527 r  JTAG_TCK_IBUF_BUFG_inst/O
                         net (fo=154, routed)         0.830     2.356    u_soc/u_jtag/JTAG_TCK_IBUF_BUFG
    SLICE_X69Y67         FDRE                                         r  u_soc/u_jtag/FSM_onehot_tap_state_reg[4]/C





