
Circuit 1 cell sky130_fd_pr__pfet_01v8_hvt and Circuit 2 cell sky130_fd_pr__pfet_01v8_hvt are black boxes.

Subcircuit pins:
Circuit 1: sky130_fd_pr__pfet_01v8_hvt     |Circuit 2: sky130_fd_pr__pfet_01v8_hvt     
-------------------------------------------|-------------------------------------------
1                                          |1                                          
2                                          |2                                          
3                                          |3                                          
4                                          |4                                          
---------------------------------------------------------------------------------------
Cell pin lists are equivalent.
Device classes sky130_fd_pr__pfet_01v8_hvt and sky130_fd_pr__pfet_01v8_hvt are equivalent.

Circuit 1 cell sky130_fd_pr__nfet_01v8 and Circuit 2 cell sky130_fd_pr__nfet_01v8 are black boxes.

Subcircuit pins:
Circuit 1: sky130_fd_pr__nfet_01v8         |Circuit 2: sky130_fd_pr__nfet_01v8         
-------------------------------------------|-------------------------------------------
1                                          |1                                          
2                                          |2                                          
3                                          |3                                          
4                                          |4                                          
---------------------------------------------------------------------------------------
Cell pin lists are equivalent.
Device classes sky130_fd_pr__nfet_01v8 and sky130_fd_pr__nfet_01v8 are equivalent.

Circuit 1 cell sky130_fd_pr__special_nfet_01v8 and Circuit 2 cell sky130_fd_pr__special_nfet_01v8 are black boxes.

Subcircuit pins:
Circuit 1: sky130_fd_pr__special_nfet_01v8 |Circuit 2: sky130_fd_pr__special_nfet_01v8 
-------------------------------------------|-------------------------------------------
1                                          |1                                          
2                                          |2                                          
3                                          |3                                          
4                                          |4                                          
---------------------------------------------------------------------------------------
Cell pin lists are equivalent.
Device classes sky130_fd_pr__special_nfet_01v8 and sky130_fd_pr__special_nfet_01v8 are equivalent.

Circuit 1 cell sky130_fd_pr__diode_pw2nd_05v5 and Circuit 2 cell sky130_fd_pr__diode_pw2nd_05v5 are black boxes.

Subcircuit pins:
Circuit 1: sky130_fd_pr__diode_pw2nd_05v5  |Circuit 2: sky130_fd_pr__diode_pw2nd_05v5  
-------------------------------------------|-------------------------------------------
1                                          |1                                          
2                                          |2                                          
---------------------------------------------------------------------------------------
Cell pin lists are equivalent.
Device classes sky130_fd_pr__diode_pw2nd_05v5 and sky130_fd_pr__diode_pw2nd_05v5 are equivalent.

Circuit 1 cell sky130_fd_pr__res_generic_po and Circuit 2 cell sky130_fd_pr__res_generic_po are black boxes.

Subcircuit pins:
Circuit 1: sky130_fd_pr__res_generic_po    |Circuit 2: sky130_fd_pr__res_generic_po    
-------------------------------------------|-------------------------------------------
1                                          |1                                          
2                                          |2                                          
---------------------------------------------------------------------------------------
Cell pin lists are equivalent.
Device classes sky130_fd_pr__res_generic_po and sky130_fd_pr__res_generic_po are equivalent.

Subcircuit summary:
Circuit 1: sky130_fd_sc_hd__decap_3        |Circuit 2: sky130_fd_sc_hd__decap_3        
-------------------------------------------|-------------------------------------------
sky130_fd_pr__pfet_01v8_hvt (1)            |sky130_fd_pr__pfet_01v8_hvt (1)            
sky130_fd_pr__nfet_01v8 (1)                |sky130_fd_pr__nfet_01v8 (1)                
Number of devices: 2                       |Number of devices: 2                       
Number of nets: 4                          |Number of nets: 4                          
---------------------------------------------------------------------------------------
Netlists match uniquely.

Subcircuit pins:
Circuit 1: sky130_fd_sc_hd__decap_3        |Circuit 2: sky130_fd_sc_hd__decap_3        
-------------------------------------------|-------------------------------------------
VPB                                        |VPB                                        
VNB                                        |VNB                                        
VPWR                                       |VPWR                                       
VGND                                       |VGND                                       
---------------------------------------------------------------------------------------
Cell pin lists are equivalent.
Device classes sky130_fd_sc_hd__decap_3 and sky130_fd_sc_hd__decap_3 are equivalent.

Class sky130_fd_sc_hd__clkbuf_4 (0):  Merged 6 parallel devices.
Class sky130_fd_sc_hd__clkbuf_4 (1):  Merged 6 parallel devices.
Subcircuit summary:
Circuit 1: sky130_fd_sc_hd__clkbuf_4       |Circuit 2: sky130_fd_sc_hd__clkbuf_4       
-------------------------------------------|-------------------------------------------
sky130_fd_pr__pfet_01v8_hvt (5->2)         |sky130_fd_pr__pfet_01v8_hvt (5->2)         
sky130_fd_pr__nfet_01v8 (5->2)             |sky130_fd_pr__nfet_01v8 (5->2)             
Number of devices: 4                       |Number of devices: 4                       
Number of nets: 7                          |Number of nets: 7                          
---------------------------------------------------------------------------------------
Netlists match uniquely.

Subcircuit pins:
Circuit 1: sky130_fd_sc_hd__clkbuf_4       |Circuit 2: sky130_fd_sc_hd__clkbuf_4       
-------------------------------------------|-------------------------------------------
VPWR                                       |VPWR                                       
X                                          |X                                          
VPB                                        |VPB                                        
A                                          |A                                          
VGND                                       |VGND                                       
VNB                                        |VNB                                        
---------------------------------------------------------------------------------------
Cell pin lists are equivalent.
Device classes sky130_fd_sc_hd__clkbuf_4 and sky130_fd_sc_hd__clkbuf_4 are equivalent.

Class sky130_fd_sc_hd__dfrtp_2 (0):  Merged 2 parallel devices.
Class sky130_fd_sc_hd__dfrtp_2 (1):  Merged 2 parallel devices.
Subcircuit summary:
Circuit 1: sky130_fd_sc_hd__dfrtp_2        |Circuit 2: sky130_fd_sc_hd__dfrtp_2        
-------------------------------------------|-------------------------------------------
sky130_fd_pr__nfet_01v8 (11->10)           |sky130_fd_pr__nfet_01v8 (11->10)           
sky130_fd_pr__special_nfet_01v8 (4)        |sky130_fd_pr__special_nfet_01v8 (4)        
sky130_fd_pr__pfet_01v8_hvt (15->14)       |sky130_fd_pr__pfet_01v8_hvt (15->14)       
Number of devices: 28                      |Number of devices: 28                      
Number of nets: 21                         |Number of nets: 21                         
---------------------------------------------------------------------------------------
Netlists match uniquely.

Subcircuit pins:
Circuit 1: sky130_fd_sc_hd__dfrtp_2        |Circuit 2: sky130_fd_sc_hd__dfrtp_2        
-------------------------------------------|-------------------------------------------
RESET_B                                    |RESET_B                                    
VPWR                                       |VPWR                                       
VGND                                       |VGND                                       
VPB                                        |VPB                                        
VNB                                        |VNB                                        
Q                                          |Q                                          
D                                          |D                                          
CLK                                        |CLK                                        
---------------------------------------------------------------------------------------
Cell pin lists are equivalent.
Device classes sky130_fd_sc_hd__dfrtp_2 and sky130_fd_sc_hd__dfrtp_2 are equivalent.

Class sky130_fd_sc_hd__inv_2 (0):  Merged 2 parallel devices.
Class sky130_fd_sc_hd__inv_2 (1):  Merged 2 parallel devices.
Subcircuit summary:
Circuit 1: sky130_fd_sc_hd__inv_2          |Circuit 2: sky130_fd_sc_hd__inv_2          
-------------------------------------------|-------------------------------------------
sky130_fd_pr__pfet_01v8_hvt (2->1)         |sky130_fd_pr__pfet_01v8_hvt (2->1)         
sky130_fd_pr__nfet_01v8 (2->1)             |sky130_fd_pr__nfet_01v8 (2->1)             
Number of devices: 2                       |Number of devices: 2                       
Number of nets: 6                          |Number of nets: 6                          
---------------------------------------------------------------------------------------
Netlists match uniquely.

Subcircuit pins:
Circuit 1: sky130_fd_sc_hd__inv_2          |Circuit 2: sky130_fd_sc_hd__inv_2          
-------------------------------------------|-------------------------------------------
VGND                                       |VGND                                       
VNB                                        |VNB                                        
VPWR                                       |VPWR                                       
VPB                                        |VPB                                        
Y                                          |Y                                          
A                                          |A                                          
---------------------------------------------------------------------------------------
Cell pin lists are equivalent.
Device classes sky130_fd_sc_hd__inv_2 and sky130_fd_sc_hd__inv_2 are equivalent.

Class sky130_fd_sc_hd__a21oi_2 (0):  Merged 4 parallel devices.
Class sky130_fd_sc_hd__a21oi_2 (1):  Merged 4 parallel devices.
Subcircuit summary:
Circuit 1: sky130_fd_sc_hd__a21oi_2        |Circuit 2: sky130_fd_sc_hd__a21oi_2        
-------------------------------------------|-------------------------------------------
sky130_fd_pr__nfet_01v8 (6->5)             |sky130_fd_pr__nfet_01v8 (6->5)             
sky130_fd_pr__pfet_01v8_hvt (6->3)         |sky130_fd_pr__pfet_01v8_hvt (6->3)         
Number of devices: 8                       |Number of devices: 8                       
Number of nets: 11                         |Number of nets: 11                         
---------------------------------------------------------------------------------------
Resolving symmetries by property value.
Resolving symmetries by pin name.
Resolving symmetries by net name.
Netlists match with 3 symmetries.

Subcircuit pins:
Circuit 1: sky130_fd_sc_hd__a21oi_2        |Circuit 2: sky130_fd_sc_hd__a21oi_2        
-------------------------------------------|-------------------------------------------
Y                                          |Y                                          
VNB                                        |VNB                                        
VPWR                                       |VPWR                                       
B1                                         |B1                                         
VGND                                       |VGND                                       
A2                                         |A2                                         
A1                                         |A1                                         
VPB                                        |VPB                                        
---------------------------------------------------------------------------------------
Cell pin lists are equivalent.
Device classes sky130_fd_sc_hd__a21oi_2 and sky130_fd_sc_hd__a21oi_2 are equivalent.

Class sky130_fd_sc_hd__nand2_2 (0):  Merged 4 parallel devices.
Class sky130_fd_sc_hd__nand2_2 (1):  Merged 4 parallel devices.
Subcircuit summary:
Circuit 1: sky130_fd_sc_hd__nand2_2        |Circuit 2: sky130_fd_sc_hd__nand2_2        
-------------------------------------------|-------------------------------------------
sky130_fd_pr__pfet_01v8_hvt (4->2)         |sky130_fd_pr__pfet_01v8_hvt (4->2)         
sky130_fd_pr__nfet_01v8 (4->2)             |sky130_fd_pr__nfet_01v8 (4->2)             
Number of devices: 4                       |Number of devices: 4                       
Number of nets: 8                          |Number of nets: 8                          
---------------------------------------------------------------------------------------
Netlists match uniquely.

Subcircuit pins:
Circuit 1: sky130_fd_sc_hd__nand2_2        |Circuit 2: sky130_fd_sc_hd__nand2_2        
-------------------------------------------|-------------------------------------------
VGND                                       |VGND                                       
Y                                          |Y                                          
A                                          |A                                          
VNB                                        |VNB                                        
B                                          |B                                          
VPWR                                       |VPWR                                       
VPB                                        |VPB                                        
---------------------------------------------------------------------------------------
Cell pin lists are equivalent.
Device classes sky130_fd_sc_hd__nand2_2 and sky130_fd_sc_hd__nand2_2 are equivalent.

Subcircuit summary:
Circuit 1: sky130_fd_sc_hd__dlygate4sd3_1  |Circuit 2: sky130_fd_sc_hd__dlygate4sd3_1  
-------------------------------------------|-------------------------------------------
sky130_fd_pr__pfet_01v8_hvt (4)            |sky130_fd_pr__pfet_01v8_hvt (4)            
sky130_fd_pr__nfet_01v8 (4)                |sky130_fd_pr__nfet_01v8 (4)                
Number of devices: 8                       |Number of devices: 8                       
Number of nets: 9                          |Number of nets: 9                          
---------------------------------------------------------------------------------------
Netlists match uniquely.

Subcircuit pins:
Circuit 1: sky130_fd_sc_hd__dlygate4sd3_1  |Circuit 2: sky130_fd_sc_hd__dlygate4sd3_1  
-------------------------------------------|-------------------------------------------
A                                          |A                                          
X                                          |X                                          
VGND                                       |VGND                                       
VNB                                        |VNB                                        
VPWR                                       |VPWR                                       
VPB                                        |VPB                                        
---------------------------------------------------------------------------------------
Cell pin lists are equivalent.
Device classes sky130_fd_sc_hd__dlygate4sd3_1 and sky130_fd_sc_hd__dlygate4sd3_1 are equivalent.

Class sky130_fd_sc_hd__mux2_2 (0):  Merged 2 parallel devices.
Class sky130_fd_sc_hd__mux2_2 (1):  Merged 2 parallel devices.
Subcircuit summary:
Circuit 1: sky130_fd_sc_hd__mux2_2         |Circuit 2: sky130_fd_sc_hd__mux2_2         
-------------------------------------------|-------------------------------------------
sky130_fd_pr__pfet_01v8_hvt (7->6)         |sky130_fd_pr__pfet_01v8_hvt (7->6)         
sky130_fd_pr__nfet_01v8 (7->6)             |sky130_fd_pr__nfet_01v8 (7->6)             
Number of devices: 12                      |Number of devices: 12                      
Number of nets: 14                         |Number of nets: 14                         
---------------------------------------------------------------------------------------
Netlists match uniquely.

Subcircuit pins:
Circuit 1: sky130_fd_sc_hd__mux2_2         |Circuit 2: sky130_fd_sc_hd__mux2_2         
-------------------------------------------|-------------------------------------------
VNB                                        |VNB                                        
VPB                                        |VPB                                        
A1                                         |A1                                         
A0                                         |A0                                         
X                                          |X                                          
VGND                                       |VGND                                       
VPWR                                       |VPWR                                       
S                                          |S                                          
---------------------------------------------------------------------------------------
Cell pin lists are equivalent.
Device classes sky130_fd_sc_hd__mux2_2 and sky130_fd_sc_hd__mux2_2 are equivalent.

Class sky130_fd_sc_hd__dfxtp_2 (0):  Merged 2 parallel devices.
Class sky130_fd_sc_hd__dfxtp_2 (1):  Merged 2 parallel devices.
Subcircuit summary:
Circuit 1: sky130_fd_sc_hd__dfxtp_2        |Circuit 2: sky130_fd_sc_hd__dfxtp_2        
-------------------------------------------|-------------------------------------------
sky130_fd_pr__nfet_01v8 (9->8)             |sky130_fd_pr__nfet_01v8 (9->8)             
sky130_fd_pr__pfet_01v8_hvt (13->12)       |sky130_fd_pr__pfet_01v8_hvt (13->12)       
sky130_fd_pr__special_nfet_01v8 (4)        |sky130_fd_pr__special_nfet_01v8 (4)        
Number of devices: 24                      |Number of devices: 24                      
Number of nets: 18                         |Number of nets: 18                         
---------------------------------------------------------------------------------------
Netlists match uniquely.

Subcircuit pins:
Circuit 1: sky130_fd_sc_hd__dfxtp_2        |Circuit 2: sky130_fd_sc_hd__dfxtp_2        
-------------------------------------------|-------------------------------------------
VPB                                        |VPB                                        
VNB                                        |VNB                                        
VGND                                       |VGND                                       
VPWR                                       |VPWR                                       
D                                          |D                                          
Q                                          |Q                                          
CLK                                        |CLK                                        
---------------------------------------------------------------------------------------
Cell pin lists are equivalent.
Device classes sky130_fd_sc_hd__dfxtp_2 and sky130_fd_sc_hd__dfxtp_2 are equivalent.

Cell sky130_fd_sc_hd__diode_2 (0) disconnected node: VGND
Cell sky130_fd_sc_hd__diode_2 (0) disconnected node: VPB
Cell sky130_fd_sc_hd__diode_2 (0) disconnected node: VPWR
Cell sky130_fd_sc_hd__diode_2 (1) disconnected node: VGND
Cell sky130_fd_sc_hd__diode_2 (1) disconnected node: VPB
Cell sky130_fd_sc_hd__diode_2 (1) disconnected node: VPWR
Subcircuit summary:
Circuit 1: sky130_fd_sc_hd__diode_2        |Circuit 2: sky130_fd_sc_hd__diode_2        
-------------------------------------------|-------------------------------------------
sky130_fd_pr__diode_pw2nd_05v5 (1)         |sky130_fd_pr__diode_pw2nd_05v5 (1)         
Number of devices: 1                       |Number of devices: 1                       
Number of nets: 2                          |Number of nets: 2                          
---------------------------------------------------------------------------------------
Netlists match uniquely.

Subcircuit pins:
Circuit 1: sky130_fd_sc_hd__diode_2        |Circuit 2: sky130_fd_sc_hd__diode_2        
-------------------------------------------|-------------------------------------------
VNB                                        |VNB                                        
DIODE                                      |DIODE                                      
VGND                                       |VGND                                       
VPB                                        |VPB                                        
VPWR                                       |VPWR                                       
---------------------------------------------------------------------------------------
Cell pin lists are equivalent.
Device classes sky130_fd_sc_hd__diode_2 and sky130_fd_sc_hd__diode_2 are equivalent.

Class sky130_fd_sc_hd__nor2_4 (0):  Merged 12 parallel devices.
Class sky130_fd_sc_hd__nor2_4 (1):  Merged 12 parallel devices.
Subcircuit summary:
Circuit 1: sky130_fd_sc_hd__nor2_4         |Circuit 2: sky130_fd_sc_hd__nor2_4         
-------------------------------------------|-------------------------------------------
sky130_fd_pr__pfet_01v8_hvt (8->2)         |sky130_fd_pr__pfet_01v8_hvt (8->2)         
sky130_fd_pr__nfet_01v8 (8->2)             |sky130_fd_pr__nfet_01v8 (8->2)             
Number of devices: 4                       |Number of devices: 4                       
Number of nets: 8                          |Number of nets: 8                          
---------------------------------------------------------------------------------------
Netlists match uniquely.

Subcircuit pins:
Circuit 1: sky130_fd_sc_hd__nor2_4         |Circuit 2: sky130_fd_sc_hd__nor2_4         
-------------------------------------------|-------------------------------------------
Y                                          |Y                                          
B                                          |B                                          
VPB                                        |VPB                                        
A                                          |A                                          
VGND                                       |VGND                                       
VNB                                        |VNB                                        
VPWR                                       |VPWR                                       
---------------------------------------------------------------------------------------
Cell pin lists are equivalent.
Device classes sky130_fd_sc_hd__nor2_4 and sky130_fd_sc_hd__nor2_4 are equivalent.

Subcircuit summary:
Circuit 1: sky130_fd_sc_hd__buf_1          |Circuit 2: sky130_fd_sc_hd__buf_1          
-------------------------------------------|-------------------------------------------
sky130_fd_pr__pfet_01v8_hvt (2)            |sky130_fd_pr__pfet_01v8_hvt (2)            
sky130_fd_pr__nfet_01v8 (2)                |sky130_fd_pr__nfet_01v8 (2)                
Number of devices: 4                       |Number of devices: 4                       
Number of nets: 7                          |Number of nets: 7                          
---------------------------------------------------------------------------------------
Netlists match uniquely.

Subcircuit pins:
Circuit 1: sky130_fd_sc_hd__buf_1          |Circuit 2: sky130_fd_sc_hd__buf_1          
-------------------------------------------|-------------------------------------------
VGND                                       |VGND                                       
X                                          |X                                          
VNB                                        |VNB                                        
A                                          |A                                          
VPWR                                       |VPWR                                       
VPB                                        |VPB                                        
---------------------------------------------------------------------------------------
Cell pin lists are equivalent.
Device classes sky130_fd_sc_hd__buf_1 and sky130_fd_sc_hd__buf_1 are equivalent.

Class sky130_fd_sc_hd__buf_4 (0):  Merged 6 parallel devices.
Class sky130_fd_sc_hd__buf_4 (1):  Merged 6 parallel devices.
Subcircuit summary:
Circuit 1: sky130_fd_sc_hd__buf_4          |Circuit 2: sky130_fd_sc_hd__buf_4          
-------------------------------------------|-------------------------------------------
sky130_fd_pr__pfet_01v8_hvt (5->2)         |sky130_fd_pr__pfet_01v8_hvt (5->2)         
sky130_fd_pr__nfet_01v8 (5->2)             |sky130_fd_pr__nfet_01v8 (5->2)             
Number of devices: 4                       |Number of devices: 4                       
Number of nets: 7                          |Number of nets: 7                          
---------------------------------------------------------------------------------------
Netlists match uniquely.

Subcircuit pins:
Circuit 1: sky130_fd_sc_hd__buf_4          |Circuit 2: sky130_fd_sc_hd__buf_4          
-------------------------------------------|-------------------------------------------
X                                          |X                                          
VGND                                       |VGND                                       
VNB                                        |VNB                                        
VPWR                                       |VPWR                                       
VPB                                        |VPB                                        
A                                          |A                                          
---------------------------------------------------------------------------------------
Cell pin lists are equivalent.
Device classes sky130_fd_sc_hd__buf_4 and sky130_fd_sc_hd__buf_4 are equivalent.

Class sky130_fd_sc_hd__or2_2 (0):  Merged 2 parallel devices.
Class sky130_fd_sc_hd__or2_2 (1):  Merged 2 parallel devices.
Subcircuit summary:
Circuit 1: sky130_fd_sc_hd__or2_2          |Circuit 2: sky130_fd_sc_hd__or2_2          
-------------------------------------------|-------------------------------------------
sky130_fd_pr__pfet_01v8_hvt (4->3)         |sky130_fd_pr__pfet_01v8_hvt (4->3)         
sky130_fd_pr__nfet_01v8 (4->3)             |sky130_fd_pr__nfet_01v8 (4->3)             
Number of devices: 6                       |Number of devices: 6                       
Number of nets: 9                          |Number of nets: 9                          
---------------------------------------------------------------------------------------
Netlists match uniquely.

Subcircuit pins:
Circuit 1: sky130_fd_sc_hd__or2_2          |Circuit 2: sky130_fd_sc_hd__or2_2          
-------------------------------------------|-------------------------------------------
VPB                                        |VPB                                        
VGND                                       |VGND                                       
VNB                                        |VNB                                        
B                                          |B                                          
X                                          |X                                          
VPWR                                       |VPWR                                       
A                                          |A                                          
---------------------------------------------------------------------------------------
Cell pin lists are equivalent.
Device classes sky130_fd_sc_hd__or2_2 and sky130_fd_sc_hd__or2_2 are equivalent.

Class sky130_fd_sc_hd__nand3b_4 (0):  Merged 18 parallel devices.
Class sky130_fd_sc_hd__nand3b_4 (1):  Merged 18 parallel devices.
Subcircuit summary:
Circuit 1: sky130_fd_sc_hd__nand3b_4       |Circuit 2: sky130_fd_sc_hd__nand3b_4       
-------------------------------------------|-------------------------------------------
sky130_fd_pr__nfet_01v8 (13->4)            |sky130_fd_pr__nfet_01v8 (13->4)            
sky130_fd_pr__pfet_01v8_hvt (13->4)        |sky130_fd_pr__pfet_01v8_hvt (13->4)        
Number of devices: 8                       |Number of devices: 8                       
Number of nets: 11                         |Number of nets: 11                         
---------------------------------------------------------------------------------------
Netlists match uniquely.

Subcircuit pins:
Circuit 1: sky130_fd_sc_hd__nand3b_4       |Circuit 2: sky130_fd_sc_hd__nand3b_4       
-------------------------------------------|-------------------------------------------
VNB                                        |VNB                                        
VPWR                                       |VPWR                                       
Y                                          |Y                                          
VPB                                        |VPB                                        
B                                          |B                                          
C                                          |C                                          
VGND                                       |VGND                                       
A_N                                        |A_N                                        
---------------------------------------------------------------------------------------
Cell pin lists are equivalent.
Device classes sky130_fd_sc_hd__nand3b_4 and sky130_fd_sc_hd__nand3b_4 are equivalent.

Class sky130_fd_sc_hd__nor2_2 (0):  Merged 4 parallel devices.
Class sky130_fd_sc_hd__nor2_2 (1):  Merged 4 parallel devices.
Subcircuit summary:
Circuit 1: sky130_fd_sc_hd__nor2_2         |Circuit 2: sky130_fd_sc_hd__nor2_2         
-------------------------------------------|-------------------------------------------
sky130_fd_pr__pfet_01v8_hvt (4->2)         |sky130_fd_pr__pfet_01v8_hvt (4->2)         
sky130_fd_pr__nfet_01v8 (4->2)             |sky130_fd_pr__nfet_01v8 (4->2)             
Number of devices: 4                       |Number of devices: 4                       
Number of nets: 8                          |Number of nets: 8                          
---------------------------------------------------------------------------------------
Netlists match uniquely.

Subcircuit pins:
Circuit 1: sky130_fd_sc_hd__nor2_2         |Circuit 2: sky130_fd_sc_hd__nor2_2         
-------------------------------------------|-------------------------------------------
VPWR                                       |VPWR                                       
B                                          |B                                          
VGND                                       |VGND                                       
VNB                                        |VNB                                        
A                                          |A                                          
VPB                                        |VPB                                        
Y                                          |Y                                          
---------------------------------------------------------------------------------------
Cell pin lists are equivalent.
Device classes sky130_fd_sc_hd__nor2_2 and sky130_fd_sc_hd__nor2_2 are equivalent.

Class sky130_fd_sc_hd__nand3_4 (0):  Merged 18 parallel devices.
Class sky130_fd_sc_hd__nand3_4 (1):  Merged 18 parallel devices.
Subcircuit summary:
Circuit 1: sky130_fd_sc_hd__nand3_4        |Circuit 2: sky130_fd_sc_hd__nand3_4        
-------------------------------------------|-------------------------------------------
sky130_fd_pr__nfet_01v8 (12->3)            |sky130_fd_pr__nfet_01v8 (12->3)            
sky130_fd_pr__pfet_01v8_hvt (12->3)        |sky130_fd_pr__pfet_01v8_hvt (12->3)        
Number of devices: 6                       |Number of devices: 6                       
Number of nets: 10                         |Number of nets: 10                         
---------------------------------------------------------------------------------------
Netlists match uniquely.

Subcircuit pins:
Circuit 1: sky130_fd_sc_hd__nand3_4        |Circuit 2: sky130_fd_sc_hd__nand3_4        
-------------------------------------------|-------------------------------------------
VGND                                       |VGND                                       
Y                                          |Y                                          
VNB                                        |VNB                                        
VPWR                                       |VPWR                                       
VPB                                        |VPB                                        
A                                          |A                                          
B                                          |B                                          
C                                          |C                                          
---------------------------------------------------------------------------------------
Cell pin lists are equivalent.
Device classes sky130_fd_sc_hd__nand3_4 and sky130_fd_sc_hd__nand3_4 are equivalent.

Class sky130_fd_sc_hd__nand2_4 (0):  Merged 12 parallel devices.
Class sky130_fd_sc_hd__nand2_4 (1):  Merged 12 parallel devices.
Subcircuit summary:
Circuit 1: sky130_fd_sc_hd__nand2_4        |Circuit 2: sky130_fd_sc_hd__nand2_4        
-------------------------------------------|-------------------------------------------
sky130_fd_pr__nfet_01v8 (8->2)             |sky130_fd_pr__nfet_01v8 (8->2)             
sky130_fd_pr__pfet_01v8_hvt (8->2)         |sky130_fd_pr__pfet_01v8_hvt (8->2)         
Number of devices: 4                       |Number of devices: 4                       
Number of nets: 8                          |Number of nets: 8                          
---------------------------------------------------------------------------------------
Netlists match uniquely.

Subcircuit pins:
Circuit 1: sky130_fd_sc_hd__nand2_4        |Circuit 2: sky130_fd_sc_hd__nand2_4        
-------------------------------------------|-------------------------------------------
VGND                                       |VGND                                       
Y                                          |Y                                          
A                                          |A                                          
VNB                                        |VNB                                        
VPWR                                       |VPWR                                       
VPB                                        |VPB                                        
B                                          |B                                          
---------------------------------------------------------------------------------------
Cell pin lists are equivalent.
Device classes sky130_fd_sc_hd__nand2_4 and sky130_fd_sc_hd__nand2_4 are equivalent.

Class sky130_fd_sc_hd__xor2_2 (0):  Merged 10 parallel devices.
Class sky130_fd_sc_hd__xor2_2 (1):  Merged 10 parallel devices.
Subcircuit summary:
Circuit 1: sky130_fd_sc_hd__xor2_2         |Circuit 2: sky130_fd_sc_hd__xor2_2         
-------------------------------------------|-------------------------------------------
sky130_fd_pr__pfet_01v8_hvt (10->5)        |sky130_fd_pr__pfet_01v8_hvt (10->5)        
sky130_fd_pr__nfet_01v8 (10->5)            |sky130_fd_pr__nfet_01v8 (10->5)            
Number of devices: 10                      |Number of devices: 10                      
Number of nets: 11                         |Number of nets: 11                         
---------------------------------------------------------------------------------------
Netlists match uniquely.

Subcircuit pins:
Circuit 1: sky130_fd_sc_hd__xor2_2         |Circuit 2: sky130_fd_sc_hd__xor2_2         
-------------------------------------------|-------------------------------------------
VPB                                        |VPB                                        
VNB                                        |VNB                                        
VPWR                                       |VPWR                                       
X                                          |X                                          
A                                          |A                                          
B                                          |B                                          
VGND                                       |VGND                                       
---------------------------------------------------------------------------------------
Cell pin lists are equivalent.
Device classes sky130_fd_sc_hd__xor2_2 and sky130_fd_sc_hd__xor2_2 are equivalent.

Class sky130_fd_sc_hd__nand3_2 (0):  Merged 6 parallel devices.
Class sky130_fd_sc_hd__nand3_2 (1):  Merged 6 parallel devices.
Subcircuit summary:
Circuit 1: sky130_fd_sc_hd__nand3_2        |Circuit 2: sky130_fd_sc_hd__nand3_2        
-------------------------------------------|-------------------------------------------
sky130_fd_pr__nfet_01v8 (6->3)             |sky130_fd_pr__nfet_01v8 (6->3)             
sky130_fd_pr__pfet_01v8_hvt (6->3)         |sky130_fd_pr__pfet_01v8_hvt (6->3)         
Number of devices: 6                       |Number of devices: 6                       
Number of nets: 10                         |Number of nets: 10                         
---------------------------------------------------------------------------------------
Netlists match uniquely.

Subcircuit pins:
Circuit 1: sky130_fd_sc_hd__nand3_2        |Circuit 2: sky130_fd_sc_hd__nand3_2        
-------------------------------------------|-------------------------------------------
Y                                          |Y                                          
VNB                                        |VNB                                        
VPWR                                       |VPWR                                       
VPB                                        |VPB                                        
C                                          |C                                          
B                                          |B                                          
A                                          |A                                          
VGND                                       |VGND                                       
---------------------------------------------------------------------------------------
Cell pin lists are equivalent.
Device classes sky130_fd_sc_hd__nand3_2 and sky130_fd_sc_hd__nand3_2 are equivalent.

Class sky130_fd_sc_hd__a221o_2 (0):  Merged 2 parallel devices.
Class sky130_fd_sc_hd__a221o_2 (1):  Merged 2 parallel devices.
Subcircuit summary:
Circuit 1: sky130_fd_sc_hd__a221o_2        |Circuit 2: sky130_fd_sc_hd__a221o_2        
-------------------------------------------|-------------------------------------------
sky130_fd_pr__pfet_01v8_hvt (7->6)         |sky130_fd_pr__pfet_01v8_hvt (7->6)         
sky130_fd_pr__nfet_01v8 (7->6)             |sky130_fd_pr__nfet_01v8 (7->6)             
Number of devices: 12                      |Number of devices: 12                      
Number of nets: 15                         |Number of nets: 15                         
---------------------------------------------------------------------------------------
Netlists match uniquely.

Subcircuit pins:
Circuit 1: sky130_fd_sc_hd__a221o_2        |Circuit 2: sky130_fd_sc_hd__a221o_2        
-------------------------------------------|-------------------------------------------
VGND                                       |VGND                                       
X                                          |X                                          
B1                                         |B1                                         
A1                                         |A1                                         
C1                                         |C1                                         
A2                                         |A2                                         
B2                                         |B2                                         
VPB                                        |VPB                                        
VNB                                        |VNB                                        
VPWR                                       |VPWR                                       
---------------------------------------------------------------------------------------
Cell pin lists are equivalent.
Device classes sky130_fd_sc_hd__a221o_2 and sky130_fd_sc_hd__a221o_2 are equivalent.

Class sky130_fd_sc_hd__o221a_2 (0):  Merged 2 parallel devices.
Class sky130_fd_sc_hd__o221a_2 (1):  Merged 2 parallel devices.
Subcircuit summary:
Circuit 1: sky130_fd_sc_hd__o221a_2        |Circuit 2: sky130_fd_sc_hd__o221a_2        
-------------------------------------------|-------------------------------------------
sky130_fd_pr__pfet_01v8_hvt (7->6)         |sky130_fd_pr__pfet_01v8_hvt (7->6)         
sky130_fd_pr__nfet_01v8 (7->6)             |sky130_fd_pr__nfet_01v8 (7->6)             
Number of devices: 12                      |Number of devices: 12                      
Number of nets: 15                         |Number of nets: 15                         
---------------------------------------------------------------------------------------
Netlists match uniquely.

Subcircuit pins:
Circuit 1: sky130_fd_sc_hd__o221a_2        |Circuit 2: sky130_fd_sc_hd__o221a_2        
-------------------------------------------|-------------------------------------------
VGND                                       |VGND                                       
X                                          |X                                          
C1                                         |C1                                         
A2                                         |A2                                         
B2                                         |B2                                         
B1                                         |B1                                         
A1                                         |A1                                         
VNB                                        |VNB                                        
VPB                                        |VPB                                        
VPWR                                       |VPWR                                       
---------------------------------------------------------------------------------------
Cell pin lists are equivalent.
Device classes sky130_fd_sc_hd__o221a_2 and sky130_fd_sc_hd__o221a_2 are equivalent.

Class sky130_fd_sc_hd__o21ai_2 (0):  Merged 6 parallel devices.
Class sky130_fd_sc_hd__o21ai_2 (1):  Merged 6 parallel devices.
Subcircuit summary:
Circuit 1: sky130_fd_sc_hd__o21ai_2        |Circuit 2: sky130_fd_sc_hd__o21ai_2        
-------------------------------------------|-------------------------------------------
sky130_fd_pr__nfet_01v8 (6->3)             |sky130_fd_pr__nfet_01v8 (6->3)             
sky130_fd_pr__pfet_01v8_hvt (6->3)         |sky130_fd_pr__pfet_01v8_hvt (6->3)         
Number of devices: 6                       |Number of devices: 6                       
Number of nets: 10                         |Number of nets: 10                         
---------------------------------------------------------------------------------------
Netlists match uniquely.

Subcircuit pins:
Circuit 1: sky130_fd_sc_hd__o21ai_2        |Circuit 2: sky130_fd_sc_hd__o21ai_2        
-------------------------------------------|-------------------------------------------
Y                                          |Y                                          
VPB                                        |VPB                                        
VNB                                        |VNB                                        
A2                                         |A2                                         
VGND                                       |VGND                                       
VPWR                                       |VPWR                                       
B1                                         |B1                                         
A1                                         |A1                                         
---------------------------------------------------------------------------------------
Cell pin lists are equivalent.
Device classes sky130_fd_sc_hd__o21ai_2 and sky130_fd_sc_hd__o21ai_2 are equivalent.

Class sky130_fd_sc_hd__a22o_2 (0):  Merged 2 parallel devices.
Class sky130_fd_sc_hd__a22o_2 (1):  Merged 2 parallel devices.
Subcircuit summary:
Circuit 1: sky130_fd_sc_hd__a22o_2         |Circuit 2: sky130_fd_sc_hd__a22o_2         
-------------------------------------------|-------------------------------------------
sky130_fd_pr__pfet_01v8_hvt (6->5)         |sky130_fd_pr__pfet_01v8_hvt (6->5)         
sky130_fd_pr__nfet_01v8 (6->5)             |sky130_fd_pr__nfet_01v8 (6->5)             
Number of devices: 10                      |Number of devices: 10                      
Number of nets: 13                         |Number of nets: 13                         
---------------------------------------------------------------------------------------
Netlists match uniquely.

Subcircuit pins:
Circuit 1: sky130_fd_sc_hd__a22o_2         |Circuit 2: sky130_fd_sc_hd__a22o_2         
-------------------------------------------|-------------------------------------------
VPB                                        |VPB                                        
VNB                                        |VNB                                        
X                                          |X                                          
A2                                         |A2                                         
B1                                         |B1                                         
A1                                         |A1                                         
B2                                         |B2                                         
VPWR                                       |VPWR                                       
VGND                                       |VGND                                       
---------------------------------------------------------------------------------------
Cell pin lists are equivalent.
Device classes sky130_fd_sc_hd__a22o_2 and sky130_fd_sc_hd__a22o_2 are equivalent.

Class sky130_fd_sc_hd__dfrtp_4 (0):  Merged 6 parallel devices.
Class sky130_fd_sc_hd__dfrtp_4 (1):  Merged 6 parallel devices.
Subcircuit summary:
Circuit 1: sky130_fd_sc_hd__dfrtp_4        |Circuit 2: sky130_fd_sc_hd__dfrtp_4        
-------------------------------------------|-------------------------------------------
sky130_fd_pr__nfet_01v8 (13->10)           |sky130_fd_pr__nfet_01v8 (13->10)           
sky130_fd_pr__special_nfet_01v8 (4)        |sky130_fd_pr__special_nfet_01v8 (4)        
sky130_fd_pr__pfet_01v8_hvt (17->14)       |sky130_fd_pr__pfet_01v8_hvt (17->14)       
Number of devices: 28                      |Number of devices: 28                      
Number of nets: 21                         |Number of nets: 21                         
---------------------------------------------------------------------------------------
Netlists match uniquely.

Subcircuit pins:
Circuit 1: sky130_fd_sc_hd__dfrtp_4        |Circuit 2: sky130_fd_sc_hd__dfrtp_4        
-------------------------------------------|-------------------------------------------
VPWR                                       |VPWR                                       
RESET_B                                    |RESET_B                                    
VGND                                       |VGND                                       
VPB                                        |VPB                                        
VNB                                        |VNB                                        
D                                          |D                                          
Q                                          |Q                                          
CLK                                        |CLK                                        
---------------------------------------------------------------------------------------
Cell pin lists are equivalent.
Device classes sky130_fd_sc_hd__dfrtp_4 and sky130_fd_sc_hd__dfrtp_4 are equivalent.

Class sky130_fd_sc_hd__a21bo_2 (0):  Merged 2 parallel devices.
Class sky130_fd_sc_hd__a21bo_2 (1):  Merged 2 parallel devices.
Subcircuit summary:
Circuit 1: sky130_fd_sc_hd__a21bo_2        |Circuit 2: sky130_fd_sc_hd__a21bo_2        
-------------------------------------------|-------------------------------------------
sky130_fd_pr__pfet_01v8_hvt (6->5)         |sky130_fd_pr__pfet_01v8_hvt (6->5)         
sky130_fd_pr__nfet_01v8 (6->5)             |sky130_fd_pr__nfet_01v8 (6->5)             
Number of devices: 10                      |Number of devices: 10                      
Number of nets: 12                         |Number of nets: 12                         
---------------------------------------------------------------------------------------
Netlists match uniquely.

Subcircuit pins:
Circuit 1: sky130_fd_sc_hd__a21bo_2        |Circuit 2: sky130_fd_sc_hd__a21bo_2        
-------------------------------------------|-------------------------------------------
VNB                                        |VNB                                        
VPB                                        |VPB                                        
X                                          |X                                          
A1                                         |A1                                         
B1_N                                       |B1_N                                       
A2                                         |A2                                         
VGND                                       |VGND                                       
VPWR                                       |VPWR                                       
---------------------------------------------------------------------------------------
Cell pin lists are equivalent.
Device classes sky130_fd_sc_hd__a21bo_2 and sky130_fd_sc_hd__a21bo_2 are equivalent.

Class sky130_fd_sc_hd__or2_4 (0):  Merged 6 parallel devices.
Class sky130_fd_sc_hd__or2_4 (1):  Merged 6 parallel devices.
Subcircuit summary:
Circuit 1: sky130_fd_sc_hd__or2_4          |Circuit 2: sky130_fd_sc_hd__or2_4          
-------------------------------------------|-------------------------------------------
sky130_fd_pr__pfet_01v8_hvt (6->3)         |sky130_fd_pr__pfet_01v8_hvt (6->3)         
sky130_fd_pr__nfet_01v8 (6->3)             |sky130_fd_pr__nfet_01v8 (6->3)             
Number of devices: 6                       |Number of devices: 6                       
Number of nets: 9                          |Number of nets: 9                          
---------------------------------------------------------------------------------------
Netlists match uniquely.

Subcircuit pins:
Circuit 1: sky130_fd_sc_hd__or2_4          |Circuit 2: sky130_fd_sc_hd__or2_4          
-------------------------------------------|-------------------------------------------
VPB                                        |VPB                                        
VGND                                       |VGND                                       
VNB                                        |VNB                                        
B                                          |B                                          
X                                          |X                                          
VPWR                                       |VPWR                                       
A                                          |A                                          
---------------------------------------------------------------------------------------
Cell pin lists are equivalent.
Device classes sky130_fd_sc_hd__or2_4 and sky130_fd_sc_hd__or2_4 are equivalent.

Class sky130_fd_sc_hd__buf_8 (0):  Merged 18 parallel devices.
Class sky130_fd_sc_hd__buf_8 (1):  Merged 18 parallel devices.
Subcircuit summary:
Circuit 1: sky130_fd_sc_hd__buf_8          |Circuit 2: sky130_fd_sc_hd__buf_8          
-------------------------------------------|-------------------------------------------
sky130_fd_pr__nfet_01v8 (11->2)            |sky130_fd_pr__nfet_01v8 (11->2)            
sky130_fd_pr__pfet_01v8_hvt (11->2)        |sky130_fd_pr__pfet_01v8_hvt (11->2)        
Number of devices: 4                       |Number of devices: 4                       
Number of nets: 7                          |Number of nets: 7                          
---------------------------------------------------------------------------------------
Netlists match uniquely.

Subcircuit pins:
Circuit 1: sky130_fd_sc_hd__buf_8          |Circuit 2: sky130_fd_sc_hd__buf_8          
-------------------------------------------|-------------------------------------------
X                                          |X                                          
VGND                                       |VGND                                       
VNB                                        |VNB                                        
VPWR                                       |VPWR                                       
VPB                                        |VPB                                        
A                                          |A                                          
---------------------------------------------------------------------------------------
Cell pin lists are equivalent.
Device classes sky130_fd_sc_hd__buf_8 and sky130_fd_sc_hd__buf_8 are equivalent.

Class sky130_fd_sc_hd__and2_4 (0):  Merged 6 parallel devices.
Class sky130_fd_sc_hd__and2_4 (1):  Merged 6 parallel devices.
Subcircuit summary:
Circuit 1: sky130_fd_sc_hd__and2_4         |Circuit 2: sky130_fd_sc_hd__and2_4         
-------------------------------------------|-------------------------------------------
sky130_fd_pr__pfet_01v8_hvt (6->3)         |sky130_fd_pr__pfet_01v8_hvt (6->3)         
sky130_fd_pr__nfet_01v8 (6->3)             |sky130_fd_pr__nfet_01v8 (6->3)             
Number of devices: 6                       |Number of devices: 6                       
Number of nets: 9                          |Number of nets: 9                          
---------------------------------------------------------------------------------------
Netlists match uniquely.

Subcircuit pins:
Circuit 1: sky130_fd_sc_hd__and2_4         |Circuit 2: sky130_fd_sc_hd__and2_4         
-------------------------------------------|-------------------------------------------
B                                          |B                                          
A                                          |A                                          
VGND                                       |VGND                                       
X                                          |X                                          
VPWR                                       |VPWR                                       
VPB                                        |VPB                                        
VNB                                        |VNB                                        
---------------------------------------------------------------------------------------
Cell pin lists are equivalent.
Device classes sky130_fd_sc_hd__and2_4 and sky130_fd_sc_hd__and2_4 are equivalent.

Class sky130_fd_sc_hd__a21o_2 (0):  Merged 2 parallel devices.
Class sky130_fd_sc_hd__a21o_2 (1):  Merged 2 parallel devices.
Subcircuit summary:
Circuit 1: sky130_fd_sc_hd__a21o_2         |Circuit 2: sky130_fd_sc_hd__a21o_2         
-------------------------------------------|-------------------------------------------
sky130_fd_pr__pfet_01v8_hvt (5->4)         |sky130_fd_pr__pfet_01v8_hvt (5->4)         
sky130_fd_pr__nfet_01v8 (5->4)             |sky130_fd_pr__nfet_01v8 (5->4)             
Number of devices: 8                       |Number of devices: 8                       
Number of nets: 11                         |Number of nets: 11                         
---------------------------------------------------------------------------------------
Netlists match uniquely.

Subcircuit pins:
Circuit 1: sky130_fd_sc_hd__a21o_2         |Circuit 2: sky130_fd_sc_hd__a21o_2         
-------------------------------------------|-------------------------------------------
VNB                                        |VNB                                        
VPB                                        |VPB                                        
A1                                         |A1                                         
X                                          |X                                          
B1                                         |B1                                         
A2                                         |A2                                         
VPWR                                       |VPWR                                       
VGND                                       |VGND                                       
---------------------------------------------------------------------------------------
Cell pin lists are equivalent.
Device classes sky130_fd_sc_hd__a21o_2 and sky130_fd_sc_hd__a21o_2 are equivalent.

Class sky130_fd_sc_hd__o21ba_2 (0):  Merged 2 parallel devices.
Class sky130_fd_sc_hd__o21ba_2 (1):  Merged 2 parallel devices.
Subcircuit summary:
Circuit 1: sky130_fd_sc_hd__o21ba_2        |Circuit 2: sky130_fd_sc_hd__o21ba_2        
-------------------------------------------|-------------------------------------------
sky130_fd_pr__nfet_01v8 (6->5)             |sky130_fd_pr__nfet_01v8 (6->5)             
sky130_fd_pr__pfet_01v8_hvt (6->5)         |sky130_fd_pr__pfet_01v8_hvt (6->5)         
Number of devices: 10                      |Number of devices: 10                      
Number of nets: 12                         |Number of nets: 12                         
---------------------------------------------------------------------------------------
Netlists match uniquely.

Subcircuit pins:
Circuit 1: sky130_fd_sc_hd__o21ba_2        |Circuit 2: sky130_fd_sc_hd__o21ba_2        
-------------------------------------------|-------------------------------------------
VNB                                        |VNB                                        
VPB                                        |VPB                                        
X                                          |X                                          
A2                                         |A2                                         
A1                                         |A1                                         
B1_N                                       |B1_N                                       
VGND                                       |VGND                                       
VPWR                                       |VPWR                                       
---------------------------------------------------------------------------------------
Cell pin lists are equivalent.
Device classes sky130_fd_sc_hd__o21ba_2 and sky130_fd_sc_hd__o21ba_2 are equivalent.

Class sky130_fd_sc_hd__or4_2 (0):  Merged 2 parallel devices.
Class sky130_fd_sc_hd__or4_2 (1):  Merged 2 parallel devices.
Subcircuit summary:
Circuit 1: sky130_fd_sc_hd__or4_2          |Circuit 2: sky130_fd_sc_hd__or4_2          
-------------------------------------------|-------------------------------------------
sky130_fd_pr__nfet_01v8 (6->5)             |sky130_fd_pr__nfet_01v8 (6->5)             
sky130_fd_pr__pfet_01v8_hvt (6->5)         |sky130_fd_pr__pfet_01v8_hvt (6->5)         
Number of devices: 10                      |Number of devices: 10                      
Number of nets: 13                         |Number of nets: 13                         
---------------------------------------------------------------------------------------
Netlists match uniquely.

Subcircuit pins:
Circuit 1: sky130_fd_sc_hd__or4_2          |Circuit 2: sky130_fd_sc_hd__or4_2          
-------------------------------------------|-------------------------------------------
VGND                                       |VGND                                       
VNB                                        |VNB                                        
VPB                                        |VPB                                        
D                                          |D                                          
X                                          |X                                          
C                                          |C                                          
A                                          |A                                          
B                                          |B                                          
VPWR                                       |VPWR                                       
---------------------------------------------------------------------------------------
Cell pin lists are equivalent.
Device classes sky130_fd_sc_hd__or4_2 and sky130_fd_sc_hd__or4_2 are equivalent.

Class sky130_fd_sc_hd__and3_2 (0):  Merged 2 parallel devices.
Class sky130_fd_sc_hd__and3_2 (1):  Merged 2 parallel devices.
Subcircuit summary:
Circuit 1: sky130_fd_sc_hd__and3_2         |Circuit 2: sky130_fd_sc_hd__and3_2         
-------------------------------------------|-------------------------------------------
sky130_fd_pr__pfet_01v8_hvt (5->4)         |sky130_fd_pr__pfet_01v8_hvt (5->4)         
sky130_fd_pr__nfet_01v8 (5->4)             |sky130_fd_pr__nfet_01v8 (5->4)             
Number of devices: 8                       |Number of devices: 8                       
Number of nets: 11                         |Number of nets: 11                         
---------------------------------------------------------------------------------------
Netlists match uniquely.

Subcircuit pins:
Circuit 1: sky130_fd_sc_hd__and3_2         |Circuit 2: sky130_fd_sc_hd__and3_2         
-------------------------------------------|-------------------------------------------
X                                          |X                                          
VGND                                       |VGND                                       
A                                          |A                                          
C                                          |C                                          
B                                          |B                                          
VNB                                        |VNB                                        
VPWR                                       |VPWR                                       
VPB                                        |VPB                                        
---------------------------------------------------------------------------------------
Cell pin lists are equivalent.
Device classes sky130_fd_sc_hd__and3_2 and sky130_fd_sc_hd__and3_2 are equivalent.

Class sky130_fd_sc_hd__a31o_2 (0):  Merged 2 parallel devices.
Class sky130_fd_sc_hd__a31o_2 (1):  Merged 2 parallel devices.
Subcircuit summary:
Circuit 1: sky130_fd_sc_hd__a31o_2         |Circuit 2: sky130_fd_sc_hd__a31o_2         
-------------------------------------------|-------------------------------------------
sky130_fd_pr__pfet_01v8_hvt (6->5)         |sky130_fd_pr__pfet_01v8_hvt (6->5)         
sky130_fd_pr__nfet_01v8 (6->5)             |sky130_fd_pr__nfet_01v8 (6->5)             
Number of devices: 10                      |Number of devices: 10                      
Number of nets: 13                         |Number of nets: 13                         
---------------------------------------------------------------------------------------
Netlists match uniquely.

Subcircuit pins:
Circuit 1: sky130_fd_sc_hd__a31o_2         |Circuit 2: sky130_fd_sc_hd__a31o_2         
-------------------------------------------|-------------------------------------------
VGND                                       |VGND                                       
VNB                                        |VNB                                        
VPB                                        |VPB                                        
A2                                         |A2                                         
A1                                         |A1                                         
B1                                         |B1                                         
A3                                         |A3                                         
X                                          |X                                          
VPWR                                       |VPWR                                       
---------------------------------------------------------------------------------------
Cell pin lists are equivalent.
Device classes sky130_fd_sc_hd__a31o_2 and sky130_fd_sc_hd__a31o_2 are equivalent.

Class sky130_fd_sc_hd__or3_2 (0):  Merged 2 parallel devices.
Class sky130_fd_sc_hd__or3_2 (1):  Merged 2 parallel devices.
Subcircuit summary:
Circuit 1: sky130_fd_sc_hd__or3_2          |Circuit 2: sky130_fd_sc_hd__or3_2          
-------------------------------------------|-------------------------------------------
sky130_fd_pr__pfet_01v8_hvt (5->4)         |sky130_fd_pr__pfet_01v8_hvt (5->4)         
sky130_fd_pr__nfet_01v8 (5->4)             |sky130_fd_pr__nfet_01v8 (5->4)             
Number of devices: 8                       |Number of devices: 8                       
Number of nets: 11                         |Number of nets: 11                         
---------------------------------------------------------------------------------------
Netlists match uniquely.

Subcircuit pins:
Circuit 1: sky130_fd_sc_hd__or3_2          |Circuit 2: sky130_fd_sc_hd__or3_2          
-------------------------------------------|-------------------------------------------
VPB                                        |VPB                                        
VGND                                       |VGND                                       
VNB                                        |VNB                                        
VPWR                                       |VPWR                                       
X                                          |X                                          
B                                          |B                                          
A                                          |A                                          
C                                          |C                                          
---------------------------------------------------------------------------------------
Cell pin lists are equivalent.
Device classes sky130_fd_sc_hd__or3_2 and sky130_fd_sc_hd__or3_2 are equivalent.

Class sky130_fd_sc_hd__o21a_2 (0):  Merged 2 parallel devices.
Class sky130_fd_sc_hd__o21a_2 (1):  Merged 2 parallel devices.
Subcircuit summary:
Circuit 1: sky130_fd_sc_hd__o21a_2         |Circuit 2: sky130_fd_sc_hd__o21a_2         
-------------------------------------------|-------------------------------------------
sky130_fd_pr__pfet_01v8_hvt (5->4)         |sky130_fd_pr__pfet_01v8_hvt (5->4)         
sky130_fd_pr__nfet_01v8 (5->4)             |sky130_fd_pr__nfet_01v8 (5->4)             
Number of devices: 8                       |Number of devices: 8                       
Number of nets: 11                         |Number of nets: 11                         
---------------------------------------------------------------------------------------
Netlists match uniquely.

Subcircuit pins:
Circuit 1: sky130_fd_sc_hd__o21a_2         |Circuit 2: sky130_fd_sc_hd__o21a_2         
-------------------------------------------|-------------------------------------------
VNB                                        |VNB                                        
VPB                                        |VPB                                        
A2                                         |A2                                         
X                                          |X                                          
A1                                         |A1                                         
B1                                         |B1                                         
VGND                                       |VGND                                       
VPWR                                       |VPWR                                       
---------------------------------------------------------------------------------------
Cell pin lists are equivalent.
Device classes sky130_fd_sc_hd__o21a_2 and sky130_fd_sc_hd__o21a_2 are equivalent.

Class sky130_fd_sc_hd__or2b_2 (0):  Merged 2 parallel devices.
Class sky130_fd_sc_hd__or2b_2 (1):  Merged 2 parallel devices.
Subcircuit summary:
Circuit 1: sky130_fd_sc_hd__or2b_2         |Circuit 2: sky130_fd_sc_hd__or2b_2         
-------------------------------------------|-------------------------------------------
sky130_fd_pr__pfet_01v8_hvt (5->4)         |sky130_fd_pr__pfet_01v8_hvt (5->4)         
sky130_fd_pr__nfet_01v8 (5->4)             |sky130_fd_pr__nfet_01v8 (5->4)             
Number of devices: 8                       |Number of devices: 8                       
Number of nets: 10                         |Number of nets: 10                         
---------------------------------------------------------------------------------------
Netlists match uniquely.

Subcircuit pins:
Circuit 1: sky130_fd_sc_hd__or2b_2         |Circuit 2: sky130_fd_sc_hd__or2b_2         
-------------------------------------------|-------------------------------------------
VGND                                       |VGND                                       
VNB                                        |VNB                                        
VPB                                        |VPB                                        
X                                          |X                                          
A                                          |A                                          
B_N                                        |B_N                                        
VPWR                                       |VPWR                                       
---------------------------------------------------------------------------------------
Cell pin lists are equivalent.
Device classes sky130_fd_sc_hd__or2b_2 and sky130_fd_sc_hd__or2b_2 are equivalent.

Class sky130_fd_sc_hd__and2_2 (0):  Merged 2 parallel devices.
Class sky130_fd_sc_hd__and2_2 (1):  Merged 2 parallel devices.
Subcircuit summary:
Circuit 1: sky130_fd_sc_hd__and2_2         |Circuit 2: sky130_fd_sc_hd__and2_2         
-------------------------------------------|-------------------------------------------
sky130_fd_pr__pfet_01v8_hvt (4->3)         |sky130_fd_pr__pfet_01v8_hvt (4->3)         
sky130_fd_pr__nfet_01v8 (4->3)             |sky130_fd_pr__nfet_01v8 (4->3)             
Number of devices: 6                       |Number of devices: 6                       
Number of nets: 9                          |Number of nets: 9                          
---------------------------------------------------------------------------------------
Netlists match uniquely.

Subcircuit pins:
Circuit 1: sky130_fd_sc_hd__and2_2         |Circuit 2: sky130_fd_sc_hd__and2_2         
-------------------------------------------|-------------------------------------------
VPWR                                       |VPWR                                       
VPB                                        |VPB                                        
VNB                                        |VNB                                        
X                                          |X                                          
A                                          |A                                          
B                                          |B                                          
VGND                                       |VGND                                       
---------------------------------------------------------------------------------------
Cell pin lists are equivalent.
Device classes sky130_fd_sc_hd__and2_2 and sky130_fd_sc_hd__and2_2 are equivalent.

Class sky130_fd_sc_hd__and2b_2 (0):  Merged 2 parallel devices.
Class sky130_fd_sc_hd__and2b_2 (1):  Merged 2 parallel devices.
Subcircuit summary:
Circuit 1: sky130_fd_sc_hd__and2b_2        |Circuit 2: sky130_fd_sc_hd__and2b_2        
-------------------------------------------|-------------------------------------------
sky130_fd_pr__pfet_01v8_hvt (5->4)         |sky130_fd_pr__pfet_01v8_hvt (5->4)         
sky130_fd_pr__nfet_01v8 (5->4)             |sky130_fd_pr__nfet_01v8 (5->4)             
Number of devices: 8                       |Number of devices: 8                       
Number of nets: 10                         |Number of nets: 10                         
---------------------------------------------------------------------------------------
Netlists match uniquely.

Subcircuit pins:
Circuit 1: sky130_fd_sc_hd__and2b_2        |Circuit 2: sky130_fd_sc_hd__and2b_2        
-------------------------------------------|-------------------------------------------
VGND                                       |VGND                                       
X                                          |X                                          
B                                          |B                                          
A_N                                        |A_N                                        
VPWR                                       |VPWR                                       
VPB                                        |VPB                                        
VNB                                        |VNB                                        
---------------------------------------------------------------------------------------
Cell pin lists are equivalent.
Device classes sky130_fd_sc_hd__and2b_2 and sky130_fd_sc_hd__and2b_2 are equivalent.

Class sky130_fd_sc_hd__clkbuf_2 (0):  Merged 2 parallel devices.
Class sky130_fd_sc_hd__clkbuf_2 (1):  Merged 2 parallel devices.
Subcircuit summary:
Circuit 1: sky130_fd_sc_hd__clkbuf_2       |Circuit 2: sky130_fd_sc_hd__clkbuf_2       
-------------------------------------------|-------------------------------------------
sky130_fd_pr__pfet_01v8_hvt (3->2)         |sky130_fd_pr__pfet_01v8_hvt (3->2)         
sky130_fd_pr__nfet_01v8 (3->2)             |sky130_fd_pr__nfet_01v8 (3->2)             
Number of devices: 4                       |Number of devices: 4                       
Number of nets: 7                          |Number of nets: 7                          
---------------------------------------------------------------------------------------
Netlists match uniquely.

Subcircuit pins:
Circuit 1: sky130_fd_sc_hd__clkbuf_2       |Circuit 2: sky130_fd_sc_hd__clkbuf_2       
-------------------------------------------|-------------------------------------------
A                                          |A                                          
VPWR                                       |VPWR                                       
VPB                                        |VPB                                        
VGND                                       |VGND                                       
VNB                                        |VNB                                        
X                                          |X                                          
---------------------------------------------------------------------------------------
Cell pin lists are equivalent.
Device classes sky130_fd_sc_hd__clkbuf_2 and sky130_fd_sc_hd__clkbuf_2 are equivalent.

Class sky130_fd_sc_hd__o221ai_2 (0):  Merged 10 parallel devices.
Class sky130_fd_sc_hd__o221ai_2 (1):  Merged 10 parallel devices.
Subcircuit summary:
Circuit 1: sky130_fd_sc_hd__o221ai_2       |Circuit 2: sky130_fd_sc_hd__o221ai_2       
-------------------------------------------|-------------------------------------------
sky130_fd_pr__pfet_01v8_hvt (10->5)        |sky130_fd_pr__pfet_01v8_hvt (10->5)        
sky130_fd_pr__nfet_01v8 (10->5)            |sky130_fd_pr__nfet_01v8 (10->5)            
Number of devices: 10                      |Number of devices: 10                      
Number of nets: 14                         |Number of nets: 14                         
---------------------------------------------------------------------------------------
Netlists match uniquely.

Subcircuit pins:
Circuit 1: sky130_fd_sc_hd__o221ai_2       |Circuit 2: sky130_fd_sc_hd__o221ai_2       
-------------------------------------------|-------------------------------------------
VPWR                                       |VPWR                                       
VPB                                        |VPB                                        
VNB                                        |VNB                                        
A2                                         |A2                                         
B2                                         |B2                                         
A1                                         |A1                                         
C1                                         |C1                                         
VGND                                       |VGND                                       
B1                                         |B1                                         
Y                                          |Y                                          
---------------------------------------------------------------------------------------
Cell pin lists are equivalent.
Device classes sky130_fd_sc_hd__o221ai_2 and sky130_fd_sc_hd__o221ai_2 are equivalent.

Class sky130_fd_sc_hd__buf_2 (0):  Merged 2 parallel devices.
Class sky130_fd_sc_hd__buf_2 (1):  Merged 2 parallel devices.
Subcircuit summary:
Circuit 1: sky130_fd_sc_hd__buf_2          |Circuit 2: sky130_fd_sc_hd__buf_2          
-------------------------------------------|-------------------------------------------
sky130_fd_pr__pfet_01v8_hvt (3->2)         |sky130_fd_pr__pfet_01v8_hvt (3->2)         
sky130_fd_pr__nfet_01v8 (3->2)             |sky130_fd_pr__nfet_01v8 (3->2)             
Number of devices: 4                       |Number of devices: 4                       
Number of nets: 7                          |Number of nets: 7                          
---------------------------------------------------------------------------------------
Netlists match uniquely.

Subcircuit pins:
Circuit 1: sky130_fd_sc_hd__buf_2          |Circuit 2: sky130_fd_sc_hd__buf_2          
-------------------------------------------|-------------------------------------------
X                                          |X                                          
VGND                                       |VGND                                       
VNB                                        |VNB                                        
A                                          |A                                          
VPWR                                       |VPWR                                       
VPB                                        |VPB                                        
---------------------------------------------------------------------------------------
Cell pin lists are equivalent.
Device classes sky130_fd_sc_hd__buf_2 and sky130_fd_sc_hd__buf_2 are equivalent.

Class sky130_fd_sc_hd__buf_6 (0):  Merged 12 parallel devices.
Class sky130_fd_sc_hd__buf_6 (1):  Merged 12 parallel devices.
Subcircuit summary:
Circuit 1: sky130_fd_sc_hd__buf_6          |Circuit 2: sky130_fd_sc_hd__buf_6          
-------------------------------------------|-------------------------------------------
sky130_fd_pr__pfet_01v8_hvt (8->2)         |sky130_fd_pr__pfet_01v8_hvt (8->2)         
sky130_fd_pr__nfet_01v8 (8->2)             |sky130_fd_pr__nfet_01v8 (8->2)             
Number of devices: 4                       |Number of devices: 4                       
Number of nets: 7                          |Number of nets: 7                          
---------------------------------------------------------------------------------------
Netlists match uniquely.

Subcircuit pins:
Circuit 1: sky130_fd_sc_hd__buf_6          |Circuit 2: sky130_fd_sc_hd__buf_6          
-------------------------------------------|-------------------------------------------
VGND                                       |VGND                                       
X                                          |X                                          
VNB                                        |VNB                                        
A                                          |A                                          
VPWR                                       |VPWR                                       
VPB                                        |VPB                                        
---------------------------------------------------------------------------------------
Cell pin lists are equivalent.
Device classes sky130_fd_sc_hd__buf_6 and sky130_fd_sc_hd__buf_6 are equivalent.

Class sky130_fd_sc_hd__o31ai_4 (0):  Merged 24 parallel devices.
Class sky130_fd_sc_hd__o31ai_4 (1):  Merged 24 parallel devices.
Subcircuit summary:
Circuit 1: sky130_fd_sc_hd__o31ai_4        |Circuit 2: sky130_fd_sc_hd__o31ai_4        
-------------------------------------------|-------------------------------------------
sky130_fd_pr__pfet_01v8_hvt (16->4)        |sky130_fd_pr__pfet_01v8_hvt (16->4)        
sky130_fd_pr__nfet_01v8 (16->4)            |sky130_fd_pr__nfet_01v8 (16->4)            
Number of devices: 8                       |Number of devices: 8                       
Number of nets: 12                         |Number of nets: 12                         
---------------------------------------------------------------------------------------
Netlists match uniquely.

Subcircuit pins:
Circuit 1: sky130_fd_sc_hd__o31ai_4        |Circuit 2: sky130_fd_sc_hd__o31ai_4        
-------------------------------------------|-------------------------------------------
VPB                                        |VPB                                        
VNB                                        |VNB                                        
A2                                         |A2                                         
A1                                         |A1                                         
VPWR                                       |VPWR                                       
B1                                         |B1                                         
A3                                         |A3                                         
VGND                                       |VGND                                       
Y                                          |Y                                          
---------------------------------------------------------------------------------------
Cell pin lists are equivalent.
Device classes sky130_fd_sc_hd__o31ai_4 and sky130_fd_sc_hd__o31ai_4 are equivalent.

Class sky130_fd_sc_hd__buf_12 (0):  Merged 28 parallel devices.
Class sky130_fd_sc_hd__buf_12 (1):  Merged 28 parallel devices.
Subcircuit summary:
Circuit 1: sky130_fd_sc_hd__buf_12         |Circuit 2: sky130_fd_sc_hd__buf_12         
-------------------------------------------|-------------------------------------------
sky130_fd_pr__nfet_01v8 (16->2)            |sky130_fd_pr__nfet_01v8 (16->2)            
sky130_fd_pr__pfet_01v8_hvt (16->2)        |sky130_fd_pr__pfet_01v8_hvt (16->2)        
Number of devices: 4                       |Number of devices: 4                       
Number of nets: 7                          |Number of nets: 7                          
---------------------------------------------------------------------------------------
Netlists match uniquely.

Subcircuit pins:
Circuit 1: sky130_fd_sc_hd__buf_12         |Circuit 2: sky130_fd_sc_hd__buf_12         
-------------------------------------------|-------------------------------------------
X                                          |X                                          
VPWR                                       |VPWR                                       
VPB                                        |VPB                                        
VGND                                       |VGND                                       
VNB                                        |VNB                                        
A                                          |A                                          
---------------------------------------------------------------------------------------
Cell pin lists are equivalent.
Device classes sky130_fd_sc_hd__buf_12 and sky130_fd_sc_hd__buf_12 are equivalent.

Class sky130_fd_sc_hd__o211ai_2 (0):  Merged 8 parallel devices.
Class sky130_fd_sc_hd__o211ai_2 (1):  Merged 8 parallel devices.
Subcircuit summary:
Circuit 1: sky130_fd_sc_hd__o211ai_2       |Circuit 2: sky130_fd_sc_hd__o211ai_2       
-------------------------------------------|-------------------------------------------
sky130_fd_pr__nfet_01v8 (8->4)             |sky130_fd_pr__nfet_01v8 (8->4)             
sky130_fd_pr__pfet_01v8_hvt (8->4)         |sky130_fd_pr__pfet_01v8_hvt (8->4)         
Number of devices: 8                       |Number of devices: 8                       
Number of nets: 12                         |Number of nets: 12                         
---------------------------------------------------------------------------------------
Netlists match uniquely.

Subcircuit pins:
Circuit 1: sky130_fd_sc_hd__o211ai_2       |Circuit 2: sky130_fd_sc_hd__o211ai_2       
-------------------------------------------|-------------------------------------------
Y                                          |Y                                          
VPB                                        |VPB                                        
VNB                                        |VNB                                        
A2                                         |A2                                         
C1                                         |C1                                         
A1                                         |A1                                         
B1                                         |B1                                         
VGND                                       |VGND                                       
VPWR                                       |VPWR                                       
---------------------------------------------------------------------------------------
Cell pin lists are equivalent.
Device classes sky130_fd_sc_hd__o211ai_2 and sky130_fd_sc_hd__o211ai_2 are equivalent.

Class sky130_fd_sc_hd__xnor2_2 (0):  Merged 10 parallel devices.
Class sky130_fd_sc_hd__xnor2_2 (1):  Merged 10 parallel devices.
Subcircuit summary:
Circuit 1: sky130_fd_sc_hd__xnor2_2        |Circuit 2: sky130_fd_sc_hd__xnor2_2        
-------------------------------------------|-------------------------------------------
sky130_fd_pr__pfet_01v8_hvt (10->5)        |sky130_fd_pr__pfet_01v8_hvt (10->5)        
sky130_fd_pr__nfet_01v8 (10->5)            |sky130_fd_pr__nfet_01v8 (10->5)            
Number of devices: 10                      |Number of devices: 10                      
Number of nets: 11                         |Number of nets: 11                         
---------------------------------------------------------------------------------------
Netlists match uniquely.

Subcircuit pins:
Circuit 1: sky130_fd_sc_hd__xnor2_2        |Circuit 2: sky130_fd_sc_hd__xnor2_2        
-------------------------------------------|-------------------------------------------
VGND                                       |VGND                                       
Y                                          |Y                                          
VPWR                                       |VPWR                                       
B                                          |B                                          
A                                          |A                                          
VPB                                        |VPB                                        
VNB                                        |VNB                                        
---------------------------------------------------------------------------------------
Cell pin lists are equivalent.
Device classes sky130_fd_sc_hd__xnor2_2 and sky130_fd_sc_hd__xnor2_2 are equivalent.

Class sky130_fd_sc_hd__a211o_2 (0):  Merged 2 parallel devices.
Class sky130_fd_sc_hd__a211o_2 (1):  Merged 2 parallel devices.
Subcircuit summary:
Circuit 1: sky130_fd_sc_hd__a211o_2        |Circuit 2: sky130_fd_sc_hd__a211o_2        
-------------------------------------------|-------------------------------------------
sky130_fd_pr__nfet_01v8 (6->5)             |sky130_fd_pr__nfet_01v8 (6->5)             
sky130_fd_pr__pfet_01v8_hvt (6->5)         |sky130_fd_pr__pfet_01v8_hvt (6->5)         
Number of devices: 10                      |Number of devices: 10                      
Number of nets: 13                         |Number of nets: 13                         
---------------------------------------------------------------------------------------
Netlists match uniquely.

Subcircuit pins:
Circuit 1: sky130_fd_sc_hd__a211o_2        |Circuit 2: sky130_fd_sc_hd__a211o_2        
-------------------------------------------|-------------------------------------------
VPWR                                       |VPWR                                       
VGND                                       |VGND                                       
VPB                                        |VPB                                        
VNB                                        |VNB                                        
A1                                         |A1                                         
B1                                         |B1                                         
C1                                         |C1                                         
X                                          |X                                          
A2                                         |A2                                         
---------------------------------------------------------------------------------------
Cell pin lists are equivalent.
Device classes sky130_fd_sc_hd__a211o_2 and sky130_fd_sc_hd__a211o_2 are equivalent.

Class sky130_fd_sc_hd__o211a_2 (0):  Merged 2 parallel devices.
Class sky130_fd_sc_hd__o211a_2 (1):  Merged 2 parallel devices.
Subcircuit summary:
Circuit 1: sky130_fd_sc_hd__o211a_2        |Circuit 2: sky130_fd_sc_hd__o211a_2        
-------------------------------------------|-------------------------------------------
sky130_fd_pr__pfet_01v8_hvt (6->5)         |sky130_fd_pr__pfet_01v8_hvt (6->5)         
sky130_fd_pr__nfet_01v8 (6->5)             |sky130_fd_pr__nfet_01v8 (6->5)             
Number of devices: 10                      |Number of devices: 10                      
Number of nets: 13                         |Number of nets: 13                         
---------------------------------------------------------------------------------------
Netlists match uniquely.

Subcircuit pins:
Circuit 1: sky130_fd_sc_hd__o211a_2        |Circuit 2: sky130_fd_sc_hd__o211a_2        
-------------------------------------------|-------------------------------------------
VGND                                       |VGND                                       
VPB                                        |VPB                                        
VNB                                        |VNB                                        
VPWR                                       |VPWR                                       
B1                                         |B1                                         
C1                                         |C1                                         
X                                          |X                                          
A2                                         |A2                                         
A1                                         |A1                                         
---------------------------------------------------------------------------------------
Cell pin lists are equivalent.
Device classes sky130_fd_sc_hd__o211a_2 and sky130_fd_sc_hd__o211a_2 are equivalent.

Class sky130_fd_sc_hd__o22a_2 (0):  Merged 2 parallel devices.
Class sky130_fd_sc_hd__o22a_2 (1):  Merged 2 parallel devices.
Subcircuit summary:
Circuit 1: sky130_fd_sc_hd__o22a_2         |Circuit 2: sky130_fd_sc_hd__o22a_2         
-------------------------------------------|-------------------------------------------
sky130_fd_pr__nfet_01v8 (6->5)             |sky130_fd_pr__nfet_01v8 (6->5)             
sky130_fd_pr__pfet_01v8_hvt (6->5)         |sky130_fd_pr__pfet_01v8_hvt (6->5)         
Number of devices: 10                      |Number of devices: 10                      
Number of nets: 13                         |Number of nets: 13                         
---------------------------------------------------------------------------------------
Netlists match uniquely.

Subcircuit pins:
Circuit 1: sky130_fd_sc_hd__o22a_2         |Circuit 2: sky130_fd_sc_hd__o22a_2         
-------------------------------------------|-------------------------------------------
VPWR                                       |VPWR                                       
VGND                                       |VGND                                       
VPB                                        |VPB                                        
VNB                                        |VNB                                        
X                                          |X                                          
B2                                         |B2                                         
B1                                         |B1                                         
A2                                         |A2                                         
A1                                         |A1                                         
---------------------------------------------------------------------------------------
Cell pin lists are equivalent.
Device classes sky130_fd_sc_hd__o22a_2 and sky130_fd_sc_hd__o22a_2 are equivalent.

Class sky130_fd_sc_hd__or3b_2 (0):  Merged 2 parallel devices.
Class sky130_fd_sc_hd__or3b_2 (1):  Merged 2 parallel devices.
Subcircuit summary:
Circuit 1: sky130_fd_sc_hd__or3b_2         |Circuit 2: sky130_fd_sc_hd__or3b_2         
-------------------------------------------|-------------------------------------------
sky130_fd_pr__pfet_01v8_hvt (6->5)         |sky130_fd_pr__pfet_01v8_hvt (6->5)         
sky130_fd_pr__nfet_01v8 (6->5)             |sky130_fd_pr__nfet_01v8 (6->5)             
Number of devices: 10                      |Number of devices: 10                      
Number of nets: 12                         |Number of nets: 12                         
---------------------------------------------------------------------------------------
Netlists match uniquely.

Subcircuit pins:
Circuit 1: sky130_fd_sc_hd__or3b_2         |Circuit 2: sky130_fd_sc_hd__or3b_2         
-------------------------------------------|-------------------------------------------
VGND                                       |VGND                                       
VNB                                        |VNB                                        
VPB                                        |VPB                                        
VPWR                                       |VPWR                                       
B                                          |B                                          
X                                          |X                                          
C_N                                        |C_N                                        
A                                          |A                                          
---------------------------------------------------------------------------------------
Cell pin lists are equivalent.
Device classes sky130_fd_sc_hd__or3b_2 and sky130_fd_sc_hd__or3b_2 are equivalent.

Class sky130_fd_sc_hd__and4_2 (0):  Merged 2 parallel devices.
Class sky130_fd_sc_hd__and4_2 (1):  Merged 2 parallel devices.
Subcircuit summary:
Circuit 1: sky130_fd_sc_hd__and4_2         |Circuit 2: sky130_fd_sc_hd__and4_2         
-------------------------------------------|-------------------------------------------
sky130_fd_pr__nfet_01v8 (6->5)             |sky130_fd_pr__nfet_01v8 (6->5)             
sky130_fd_pr__pfet_01v8_hvt (6->5)         |sky130_fd_pr__pfet_01v8_hvt (6->5)         
Number of devices: 10                      |Number of devices: 10                      
Number of nets: 13                         |Number of nets: 13                         
---------------------------------------------------------------------------------------
Netlists match uniquely.

Subcircuit pins:
Circuit 1: sky130_fd_sc_hd__and4_2         |Circuit 2: sky130_fd_sc_hd__and4_2         
-------------------------------------------|-------------------------------------------
VPWR                                       |VPWR                                       
VPB                                        |VPB                                        
VNB                                        |VNB                                        
VGND                                       |VGND                                       
X                                          |X                                          
A                                          |A                                          
C                                          |C                                          
B                                          |B                                          
D                                          |D                                          
---------------------------------------------------------------------------------------
Cell pin lists are equivalent.
Device classes sky130_fd_sc_hd__and4_2 and sky130_fd_sc_hd__and4_2 are equivalent.

Class sky130_fd_sc_hd__a2111oi_2 (0):  Merged 6 parallel devices.
Class sky130_fd_sc_hd__a2111oi_2 (1):  Merged 6 parallel devices.
Subcircuit summary:
Circuit 1: sky130_fd_sc_hd__a2111oi_2      |Circuit 2: sky130_fd_sc_hd__a2111oi_2      
-------------------------------------------|-------------------------------------------
sky130_fd_pr__pfet_01v8_hvt (10->7)        |sky130_fd_pr__pfet_01v8_hvt (10->7)        
sky130_fd_pr__nfet_01v8 (10->7)            |sky130_fd_pr__nfet_01v8 (10->7)            
Number of devices: 14                      |Number of devices: 14                      
Number of nets: 16                         |Number of nets: 16                         
---------------------------------------------------------------------------------------
Resolving symmetries by property value.
Resolving symmetries by pin name.
Resolving symmetries by net name.
Netlists match with 6 symmetries.

Subcircuit pins:
Circuit 1: sky130_fd_sc_hd__a2111oi_2      |Circuit 2: sky130_fd_sc_hd__a2111oi_2      
-------------------------------------------|-------------------------------------------
VGND                                       |VGND                                       
Y                                          |Y                                          
VNB                                        |VNB                                        
VPB                                        |VPB                                        
VPWR                                       |VPWR                                       
B1                                         |B1                                         
D1                                         |D1                                         
A2                                         |A2                                         
A1                                         |A1                                         
C1                                         |C1                                         
---------------------------------------------------------------------------------------
Cell pin lists are equivalent.
Device classes sky130_fd_sc_hd__a2111oi_2 and sky130_fd_sc_hd__a2111oi_2 are equivalent.

Class sky130_fd_sc_hd__nor2b_2 (0):  Merged 4 parallel devices.
Class sky130_fd_sc_hd__nor2b_2 (1):  Merged 4 parallel devices.
Subcircuit summary:
Circuit 1: sky130_fd_sc_hd__nor2b_2        |Circuit 2: sky130_fd_sc_hd__nor2b_2        
-------------------------------------------|-------------------------------------------
sky130_fd_pr__pfet_01v8_hvt (5->3)         |sky130_fd_pr__pfet_01v8_hvt (5->3)         
sky130_fd_pr__nfet_01v8 (5->3)             |sky130_fd_pr__nfet_01v8 (5->3)             
Number of devices: 6                       |Number of devices: 6                       
Number of nets: 9                          |Number of nets: 9                          
---------------------------------------------------------------------------------------
Netlists match uniquely.

Subcircuit pins:
Circuit 1: sky130_fd_sc_hd__nor2b_2        |Circuit 2: sky130_fd_sc_hd__nor2b_2        
-------------------------------------------|-------------------------------------------
VPWR                                       |VPWR                                       
A                                          |A                                          
B_N                                        |B_N                                        
Y                                          |Y                                          
VGND                                       |VGND                                       
VNB                                        |VNB                                        
VPB                                        |VPB                                        
---------------------------------------------------------------------------------------
Cell pin lists are equivalent.
Device classes sky130_fd_sc_hd__nor2b_2 and sky130_fd_sc_hd__nor2b_2 are equivalent.

Class sky130_fd_sc_hd__nand2_8 (0):  Merged 28 parallel devices.
Class sky130_fd_sc_hd__nand2_8 (1):  Merged 28 parallel devices.
Subcircuit summary:
Circuit 1: sky130_fd_sc_hd__nand2_8        |Circuit 2: sky130_fd_sc_hd__nand2_8        
-------------------------------------------|-------------------------------------------
sky130_fd_pr__nfet_01v8 (16->2)            |sky130_fd_pr__nfet_01v8 (16->2)            
sky130_fd_pr__pfet_01v8_hvt (16->2)        |sky130_fd_pr__pfet_01v8_hvt (16->2)        
Number of devices: 4                       |Number of devices: 4                       
Number of nets: 8                          |Number of nets: 8                          
---------------------------------------------------------------------------------------
Netlists match uniquely.

Subcircuit pins:
Circuit 1: sky130_fd_sc_hd__nand2_8        |Circuit 2: sky130_fd_sc_hd__nand2_8        
-------------------------------------------|-------------------------------------------
Y                                          |Y                                          
VGND                                       |VGND                                       
A                                          |A                                          
VPWR                                       |VPWR                                       
VPB                                        |VPB                                        
B                                          |B                                          
VNB                                        |VNB                                        
---------------------------------------------------------------------------------------
Cell pin lists are equivalent.
Device classes sky130_fd_sc_hd__nand2_8 and sky130_fd_sc_hd__nand2_8 are equivalent.

Class sky130_fd_sc_hd__nand3b_2 (0):  Merged 6 parallel devices.
Class sky130_fd_sc_hd__nand3b_2 (1):  Merged 6 parallel devices.
Subcircuit summary:
Circuit 1: sky130_fd_sc_hd__nand3b_2       |Circuit 2: sky130_fd_sc_hd__nand3b_2       
-------------------------------------------|-------------------------------------------
sky130_fd_pr__nfet_01v8 (7->4)             |sky130_fd_pr__nfet_01v8 (7->4)             
sky130_fd_pr__pfet_01v8_hvt (7->4)         |sky130_fd_pr__pfet_01v8_hvt (7->4)         
Number of devices: 8                       |Number of devices: 8                       
Number of nets: 11                         |Number of nets: 11                         
---------------------------------------------------------------------------------------
Netlists match uniquely.

Subcircuit pins:
Circuit 1: sky130_fd_sc_hd__nand3b_2       |Circuit 2: sky130_fd_sc_hd__nand3b_2       
-------------------------------------------|-------------------------------------------
VPWR                                       |VPWR                                       
Y                                          |Y                                          
VPB                                        |VPB                                        
VNB                                        |VNB                                        
C                                          |C                                          
B                                          |B                                          
VGND                                       |VGND                                       
A_N                                        |A_N                                        
---------------------------------------------------------------------------------------
Cell pin lists are equivalent.
Device classes sky130_fd_sc_hd__nand3b_2 and sky130_fd_sc_hd__nand3b_2 are equivalent.

Class sky130_fd_sc_hd__o31ai_2 (0):  Merged 8 parallel devices.
Class sky130_fd_sc_hd__o31ai_2 (1):  Merged 8 parallel devices.
Subcircuit summary:
Circuit 1: sky130_fd_sc_hd__o31ai_2        |Circuit 2: sky130_fd_sc_hd__o31ai_2        
-------------------------------------------|-------------------------------------------
sky130_fd_pr__pfet_01v8_hvt (8->4)         |sky130_fd_pr__pfet_01v8_hvt (8->4)         
sky130_fd_pr__nfet_01v8 (8->4)             |sky130_fd_pr__nfet_01v8 (8->4)             
Number of devices: 8                       |Number of devices: 8                       
Number of nets: 12                         |Number of nets: 12                         
---------------------------------------------------------------------------------------
Netlists match uniquely.

Subcircuit pins:
Circuit 1: sky130_fd_sc_hd__o31ai_2        |Circuit 2: sky130_fd_sc_hd__o31ai_2        
-------------------------------------------|-------------------------------------------
VPB                                        |VPB                                        
VNB                                        |VNB                                        
Y                                          |Y                                          
VGND                                       |VGND                                       
VPWR                                       |VPWR                                       
A1                                         |A1                                         
A2                                         |A2                                         
B1                                         |B1                                         
A3                                         |A3                                         
---------------------------------------------------------------------------------------
Cell pin lists are equivalent.
Device classes sky130_fd_sc_hd__o31ai_2 and sky130_fd_sc_hd__o31ai_2 are equivalent.

Class sky130_fd_sc_hd__a32o_2 (0):  Merged 2 parallel devices.
Class sky130_fd_sc_hd__a32o_2 (1):  Merged 2 parallel devices.
Subcircuit summary:
Circuit 1: sky130_fd_sc_hd__a32o_2         |Circuit 2: sky130_fd_sc_hd__a32o_2         
-------------------------------------------|-------------------------------------------
sky130_fd_pr__pfet_01v8_hvt (7->6)         |sky130_fd_pr__pfet_01v8_hvt (7->6)         
sky130_fd_pr__nfet_01v8 (7->6)             |sky130_fd_pr__nfet_01v8 (7->6)             
Number of devices: 12                      |Number of devices: 12                      
Number of nets: 15                         |Number of nets: 15                         
---------------------------------------------------------------------------------------
Netlists match uniquely.

Subcircuit pins:
Circuit 1: sky130_fd_sc_hd__a32o_2         |Circuit 2: sky130_fd_sc_hd__a32o_2         
-------------------------------------------|-------------------------------------------
VGND                                       |VGND                                       
VNB                                        |VNB                                        
VPB                                        |VPB                                        
A2                                         |A2                                         
B2                                         |B2                                         
A1                                         |A1                                         
B1                                         |B1                                         
A3                                         |A3                                         
X                                          |X                                          
VPWR                                       |VPWR                                       
---------------------------------------------------------------------------------------
Cell pin lists are equivalent.
Device classes sky130_fd_sc_hd__a32o_2 and sky130_fd_sc_hd__a32o_2 are equivalent.

Class sky130_fd_sc_hd__inv_8 (0):  Merged 14 parallel devices.
Class sky130_fd_sc_hd__inv_8 (1):  Merged 14 parallel devices.
Subcircuit summary:
Circuit 1: sky130_fd_sc_hd__inv_8          |Circuit 2: sky130_fd_sc_hd__inv_8          
-------------------------------------------|-------------------------------------------
sky130_fd_pr__pfet_01v8_hvt (8->1)         |sky130_fd_pr__pfet_01v8_hvt (8->1)         
sky130_fd_pr__nfet_01v8 (8->1)             |sky130_fd_pr__nfet_01v8 (8->1)             
Number of devices: 2                       |Number of devices: 2                       
Number of nets: 6                          |Number of nets: 6                          
---------------------------------------------------------------------------------------
Netlists match uniquely.

Subcircuit pins:
Circuit 1: sky130_fd_sc_hd__inv_8          |Circuit 2: sky130_fd_sc_hd__inv_8          
-------------------------------------------|-------------------------------------------
A                                          |A                                          
Y                                          |Y                                          
VGND                                       |VGND                                       
VNB                                        |VNB                                        
VPWR                                       |VPWR                                       
VPB                                        |VPB                                        
---------------------------------------------------------------------------------------
Cell pin lists are equivalent.
Device classes sky130_fd_sc_hd__inv_8 and sky130_fd_sc_hd__inv_8 are equivalent.

Class sky130_fd_sc_hd__clkbuf_8 (0):  Merged 16 parallel devices.
Class sky130_fd_sc_hd__clkbuf_8 (1):  Merged 16 parallel devices.
Subcircuit summary:
Circuit 1: sky130_fd_sc_hd__clkbuf_8       |Circuit 2: sky130_fd_sc_hd__clkbuf_8       
-------------------------------------------|-------------------------------------------
sky130_fd_pr__pfet_01v8_hvt (10->2)        |sky130_fd_pr__pfet_01v8_hvt (10->2)        
sky130_fd_pr__nfet_01v8 (10->2)            |sky130_fd_pr__nfet_01v8 (10->2)            
Number of devices: 4                       |Number of devices: 4                       
Number of nets: 7                          |Number of nets: 7                          
---------------------------------------------------------------------------------------
Netlists match uniquely.

Subcircuit pins:
Circuit 1: sky130_fd_sc_hd__clkbuf_8       |Circuit 2: sky130_fd_sc_hd__clkbuf_8       
-------------------------------------------|-------------------------------------------
X                                          |X                                          
VGND                                       |VGND                                       
VNB                                        |VNB                                        
A                                          |A                                          
VPWR                                       |VPWR                                       
VPB                                        |VPB                                        
---------------------------------------------------------------------------------------
Cell pin lists are equivalent.
Device classes sky130_fd_sc_hd__clkbuf_8 and sky130_fd_sc_hd__clkbuf_8 are equivalent.

Class sky130_fd_sc_hd__clkinv_2 (0):  Merged 3 parallel devices.
Class sky130_fd_sc_hd__clkinv_2 (1):  Merged 3 parallel devices.
Subcircuit summary:
Circuit 1: sky130_fd_sc_hd__clkinv_2       |Circuit 2: sky130_fd_sc_hd__clkinv_2       
-------------------------------------------|-------------------------------------------
sky130_fd_pr__nfet_01v8 (2->1)             |sky130_fd_pr__nfet_01v8 (2->1)             
sky130_fd_pr__pfet_01v8_hvt (3->1)         |sky130_fd_pr__pfet_01v8_hvt (3->1)         
Number of devices: 2                       |Number of devices: 2                       
Number of nets: 6                          |Number of nets: 6                          
---------------------------------------------------------------------------------------
Netlists match uniquely.

Subcircuit pins:
Circuit 1: sky130_fd_sc_hd__clkinv_2       |Circuit 2: sky130_fd_sc_hd__clkinv_2       
-------------------------------------------|-------------------------------------------
VPWR                                       |VPWR                                       
VPB                                        |VPB                                        
VGND                                       |VGND                                       
VNB                                        |VNB                                        
Y                                          |Y                                          
A                                          |A                                          
---------------------------------------------------------------------------------------
Cell pin lists are equivalent.
Device classes sky130_fd_sc_hd__clkinv_2 and sky130_fd_sc_hd__clkinv_2 are equivalent.

Class sky130_fd_sc_hd__a21boi_2 (0):  Merged 4 parallel devices.
Class sky130_fd_sc_hd__a21boi_2 (1):  Merged 4 parallel devices.
Subcircuit summary:
Circuit 1: sky130_fd_sc_hd__a21boi_2       |Circuit 2: sky130_fd_sc_hd__a21boi_2       
-------------------------------------------|-------------------------------------------
sky130_fd_pr__nfet_01v8 (7->6)             |sky130_fd_pr__nfet_01v8 (7->6)             
sky130_fd_pr__pfet_01v8_hvt (7->4)         |sky130_fd_pr__pfet_01v8_hvt (7->4)         
Number of devices: 10                      |Number of devices: 10                      
Number of nets: 12                         |Number of nets: 12                         
---------------------------------------------------------------------------------------
Resolving symmetries by property value.
Resolving symmetries by pin name.
Resolving symmetries by net name.
Netlists match with 3 symmetries.

Subcircuit pins:
Circuit 1: sky130_fd_sc_hd__a21boi_2       |Circuit 2: sky130_fd_sc_hd__a21boi_2       
-------------------------------------------|-------------------------------------------
B1_N                                       |B1_N                                       
VPWR                                       |VPWR                                       
A1                                         |A1                                         
A2                                         |A2                                         
VNB                                        |VNB                                        
Y                                          |Y                                          
VGND                                       |VGND                                       
VPB                                        |VPB                                        
---------------------------------------------------------------------------------------
Cell pin lists are equivalent.
Device classes sky130_fd_sc_hd__a21boi_2 and sky130_fd_sc_hd__a21boi_2 are equivalent.

Class sky130_fd_sc_hd__bufinv_16 (0):  Merged 44 parallel devices.
Class sky130_fd_sc_hd__bufinv_16 (1):  Merged 44 parallel devices.
Subcircuit summary:
Circuit 1: sky130_fd_sc_hd__bufinv_16      |Circuit 2: sky130_fd_sc_hd__bufinv_16      
-------------------------------------------|-------------------------------------------
sky130_fd_pr__nfet_01v8 (25->3)            |sky130_fd_pr__nfet_01v8 (25->3)            
sky130_fd_pr__pfet_01v8_hvt (25->3)        |sky130_fd_pr__pfet_01v8_hvt (25->3)        
Number of devices: 6                       |Number of devices: 6                       
Number of nets: 8                          |Number of nets: 8                          
---------------------------------------------------------------------------------------
Netlists match uniquely.

Subcircuit pins:
Circuit 1: sky130_fd_sc_hd__bufinv_16      |Circuit 2: sky130_fd_sc_hd__bufinv_16      
-------------------------------------------|-------------------------------------------
Y                                          |Y                                          
A                                          |A                                          
VPWR                                       |VPWR                                       
VPB                                        |VPB                                        
VGND                                       |VGND                                       
VNB                                        |VNB                                        
---------------------------------------------------------------------------------------
Cell pin lists are equivalent.
Device classes sky130_fd_sc_hd__bufinv_16 and sky130_fd_sc_hd__bufinv_16 are equivalent.

Class sky130_fd_sc_hd__or2b_4 (0):  Merged 6 parallel devices.
Class sky130_fd_sc_hd__or2b_4 (1):  Merged 6 parallel devices.
Subcircuit summary:
Circuit 1: sky130_fd_sc_hd__or2b_4         |Circuit 2: sky130_fd_sc_hd__or2b_4         
-------------------------------------------|-------------------------------------------
sky130_fd_pr__pfet_01v8_hvt (7->4)         |sky130_fd_pr__pfet_01v8_hvt (7->4)         
sky130_fd_pr__nfet_01v8 (7->4)             |sky130_fd_pr__nfet_01v8 (7->4)             
Number of devices: 8                       |Number of devices: 8                       
Number of nets: 10                         |Number of nets: 10                         
---------------------------------------------------------------------------------------
Netlists match uniquely.

Subcircuit pins:
Circuit 1: sky130_fd_sc_hd__or2b_4         |Circuit 2: sky130_fd_sc_hd__or2b_4         
-------------------------------------------|-------------------------------------------
VPB                                        |VPB                                        
VGND                                       |VGND                                       
VNB                                        |VNB                                        
X                                          |X                                          
A                                          |A                                          
B_N                                        |B_N                                        
VPWR                                       |VPWR                                       
---------------------------------------------------------------------------------------
Cell pin lists are equivalent.
Device classes sky130_fd_sc_hd__or2b_4 and sky130_fd_sc_hd__or2b_4 are equivalent.

Class sky130_fd_sc_hd__inv_6 (0):  Merged 10 parallel devices.
Class sky130_fd_sc_hd__inv_6 (1):  Merged 10 parallel devices.
Subcircuit summary:
Circuit 1: sky130_fd_sc_hd__inv_6          |Circuit 2: sky130_fd_sc_hd__inv_6          
-------------------------------------------|-------------------------------------------
sky130_fd_pr__pfet_01v8_hvt (6->1)         |sky130_fd_pr__pfet_01v8_hvt (6->1)         
sky130_fd_pr__nfet_01v8 (6->1)             |sky130_fd_pr__nfet_01v8 (6->1)             
Number of devices: 2                       |Number of devices: 2                       
Number of nets: 6                          |Number of nets: 6                          
---------------------------------------------------------------------------------------
Netlists match uniquely.

Subcircuit pins:
Circuit 1: sky130_fd_sc_hd__inv_6          |Circuit 2: sky130_fd_sc_hd__inv_6          
-------------------------------------------|-------------------------------------------
A                                          |A                                          
Y                                          |Y                                          
VPWR                                       |VPWR                                       
VPB                                        |VPB                                        
VGND                                       |VGND                                       
VNB                                        |VNB                                        
---------------------------------------------------------------------------------------
Cell pin lists are equivalent.
Device classes sky130_fd_sc_hd__inv_6 and sky130_fd_sc_hd__inv_6 are equivalent.

Class sky130_fd_sc_hd__o2111ai_2 (0):  Merged 10 parallel devices.
Class sky130_fd_sc_hd__o2111ai_2 (1):  Merged 10 parallel devices.
Subcircuit summary:
Circuit 1: sky130_fd_sc_hd__o2111ai_2      |Circuit 2: sky130_fd_sc_hd__o2111ai_2      
-------------------------------------------|-------------------------------------------
sky130_fd_pr__pfet_01v8_hvt (10->5)        |sky130_fd_pr__pfet_01v8_hvt (10->5)        
sky130_fd_pr__nfet_01v8 (10->5)            |sky130_fd_pr__nfet_01v8 (10->5)            
Number of devices: 10                      |Number of devices: 10                      
Number of nets: 14                         |Number of nets: 14                         
---------------------------------------------------------------------------------------
Netlists match uniquely.

Subcircuit pins:
Circuit 1: sky130_fd_sc_hd__o2111ai_2      |Circuit 2: sky130_fd_sc_hd__o2111ai_2      
-------------------------------------------|-------------------------------------------
VPWR                                       |VPWR                                       
A2                                         |A2                                         
A1                                         |A1                                         
B1                                         |B1                                         
D1                                         |D1                                         
VGND                                       |VGND                                       
C1                                         |C1                                         
Y                                          |Y                                          
VPB                                        |VPB                                        
VNB                                        |VNB                                        
---------------------------------------------------------------------------------------
Cell pin lists are equivalent.
Device classes sky130_fd_sc_hd__o2111ai_2 and sky130_fd_sc_hd__o2111ai_2 are equivalent.

Cell sky130_sram_2kbyte_1rw1r_32x512_8 (0) disconnected node: csb0
Cell sky130_sram_2kbyte_1rw1r_32x512_8 (0) disconnected node: web0
Cell sky130_sram_2kbyte_1rw1r_32x512_8 (0) disconnected node: clk0
Cell sky130_sram_2kbyte_1rw1r_32x512_8 (0) disconnected node: addr0[2]
Cell sky130_sram_2kbyte_1rw1r_32x512_8 (0) disconnected node: addr0[3]
Cell sky130_sram_2kbyte_1rw1r_32x512_8 (0) disconnected node: addr0[4]
Cell sky130_sram_2kbyte_1rw1r_32x512_8 (0) disconnected node: addr0[5]
Cell sky130_sram_2kbyte_1rw1r_32x512_8 (0) disconnected node: addr0[6]
Cell sky130_sram_2kbyte_1rw1r_32x512_8 (0) disconnected node: addr0[7]
Cell sky130_sram_2kbyte_1rw1r_32x512_8 (0) disconnected node: addr0[8]
Cell sky130_sram_2kbyte_1rw1r_32x512_8 (0) disconnected node: csb1
Cell sky130_sram_2kbyte_1rw1r_32x512_8 (0) disconnected node: addr1[2]
Cell sky130_sram_2kbyte_1rw1r_32x512_8 (0) disconnected node: addr1[3]
Cell sky130_sram_2kbyte_1rw1r_32x512_8 (0) disconnected node: addr1[4]
Cell sky130_sram_2kbyte_1rw1r_32x512_8 (0) disconnected node: addr1[5]
Cell sky130_sram_2kbyte_1rw1r_32x512_8 (0) disconnected node: addr1[6]
Cell sky130_sram_2kbyte_1rw1r_32x512_8 (0) disconnected node: vccd1
Cell sky130_sram_2kbyte_1rw1r_32x512_8 (0) disconnected node: vssd1
Cell sky130_sram_2kbyte_1rw1r_32x512_8 (0) disconnected node: clk1
Cell sky130_sram_2kbyte_1rw1r_32x512_8 (0) disconnected node: dout1[16]
Cell sky130_sram_2kbyte_1rw1r_32x512_8 (0) disconnected node: dout1[17]
Cell sky130_sram_2kbyte_1rw1r_32x512_8 (0) disconnected node: dout1[18]
Cell sky130_sram_2kbyte_1rw1r_32x512_8 (0) disconnected node: dout1[19]
Cell sky130_sram_2kbyte_1rw1r_32x512_8 (0) disconnected node: dout1[20]
Cell sky130_sram_2kbyte_1rw1r_32x512_8 (0) disconnected node: dout1[21]
Cell sky130_sram_2kbyte_1rw1r_32x512_8 (0) disconnected node: dout1[22]
Cell sky130_sram_2kbyte_1rw1r_32x512_8 (0) disconnected node: dout1[23]
Cell sky130_sram_2kbyte_1rw1r_32x512_8 (0) disconnected node: dout1[24]
Cell sky130_sram_2kbyte_1rw1r_32x512_8 (0) disconnected node: dout1[25]
Cell sky130_sram_2kbyte_1rw1r_32x512_8 (0) disconnected node: dout1[26]
Cell sky130_sram_2kbyte_1rw1r_32x512_8 (0) disconnected node: dout1[27]
Cell sky130_sram_2kbyte_1rw1r_32x512_8 (0) disconnected node: dout1[28]
Cell sky130_sram_2kbyte_1rw1r_32x512_8 (0) disconnected node: dout1[29]
Cell sky130_sram_2kbyte_1rw1r_32x512_8 (0) disconnected node: dout1[30]
Cell sky130_sram_2kbyte_1rw1r_32x512_8 (0) disconnected node: dout1[31]
Cell sky130_sram_2kbyte_1rw1r_32x512_8 (0) disconnected node: addr1[0]
Cell sky130_sram_2kbyte_1rw1r_32x512_8 (0) disconnected node: addr1[1]
Cell sky130_sram_2kbyte_1rw1r_32x512_8 (0) disconnected node: dout1[2]
Cell sky130_sram_2kbyte_1rw1r_32x512_8 (0) disconnected node: dout1[3]
Cell sky130_sram_2kbyte_1rw1r_32x512_8 (0) disconnected node: dout1[4]
Cell sky130_sram_2kbyte_1rw1r_32x512_8 (0) disconnected node: dout1[5]
Cell sky130_sram_2kbyte_1rw1r_32x512_8 (0) disconnected node: dout1[6]
Cell sky130_sram_2kbyte_1rw1r_32x512_8 (0) disconnected node: dout1[7]
Cell sky130_sram_2kbyte_1rw1r_32x512_8 (0) disconnected node: dout1[8]
Cell sky130_sram_2kbyte_1rw1r_32x512_8 (0) disconnected node: dout1[9]
Cell sky130_sram_2kbyte_1rw1r_32x512_8 (0) disconnected node: dout1[10]
Cell sky130_sram_2kbyte_1rw1r_32x512_8 (0) disconnected node: dout1[11]
Cell sky130_sram_2kbyte_1rw1r_32x512_8 (0) disconnected node: dout1[12]
Cell sky130_sram_2kbyte_1rw1r_32x512_8 (0) disconnected node: dout1[13]
Cell sky130_sram_2kbyte_1rw1r_32x512_8 (0) disconnected node: dout1[14]
Cell sky130_sram_2kbyte_1rw1r_32x512_8 (0) disconnected node: dout1[15]
Cell sky130_sram_2kbyte_1rw1r_32x512_8 (0) disconnected node: dout1[0]
Cell sky130_sram_2kbyte_1rw1r_32x512_8 (0) disconnected node: dout1[1]
Cell sky130_sram_2kbyte_1rw1r_32x512_8 (0) disconnected node: dout0[3]
Cell sky130_sram_2kbyte_1rw1r_32x512_8 (0) disconnected node: dout0[4]
Cell sky130_sram_2kbyte_1rw1r_32x512_8 (0) disconnected node: dout0[5]
Cell sky130_sram_2kbyte_1rw1r_32x512_8 (0) disconnected node: dout0[6]
Cell sky130_sram_2kbyte_1rw1r_32x512_8 (0) disconnected node: dout0[7]
Cell sky130_sram_2kbyte_1rw1r_32x512_8 (0) disconnected node: dout0[8]
Cell sky130_sram_2kbyte_1rw1r_32x512_8 (0) disconnected node: dout0[9]
Cell sky130_sram_2kbyte_1rw1r_32x512_8 (0) disconnected node: dout0[10]
Cell sky130_sram_2kbyte_1rw1r_32x512_8 (0) disconnected node: dout0[11]
Cell sky130_sram_2kbyte_1rw1r_32x512_8 (0) disconnected node: dout0[12]
Cell sky130_sram_2kbyte_1rw1r_32x512_8 (0) disconnected node: dout0[13]
Cell sky130_sram_2kbyte_1rw1r_32x512_8 (0) disconnected node: dout0[14]
Cell sky130_sram_2kbyte_1rw1r_32x512_8 (0) disconnected node: dout0[15]
Cell sky130_sram_2kbyte_1rw1r_32x512_8 (0) disconnected node: dout0[16]
Cell sky130_sram_2kbyte_1rw1r_32x512_8 (0) disconnected node: addr0[0]
Cell sky130_sram_2kbyte_1rw1r_32x512_8 (0) disconnected node: addr0[1]
Cell sky130_sram_2kbyte_1rw1r_32x512_8 (0) disconnected node: wmask0[0]
Cell sky130_sram_2kbyte_1rw1r_32x512_8 (0) disconnected node: wmask0[1]
Cell sky130_sram_2kbyte_1rw1r_32x512_8 (0) disconnected node: wmask0[2]
Cell sky130_sram_2kbyte_1rw1r_32x512_8 (0) disconnected node: wmask0[3]
Cell sky130_sram_2kbyte_1rw1r_32x512_8 (0) disconnected node: din0[0]
Cell sky130_sram_2kbyte_1rw1r_32x512_8 (0) disconnected node: din0[1]
Cell sky130_sram_2kbyte_1rw1r_32x512_8 (0) disconnected node: din0[2]
Cell sky130_sram_2kbyte_1rw1r_32x512_8 (0) disconnected node: din0[3]
Cell sky130_sram_2kbyte_1rw1r_32x512_8 (0) disconnected node: din0[4]
Cell sky130_sram_2kbyte_1rw1r_32x512_8 (0) disconnected node: din0[5]
Cell sky130_sram_2kbyte_1rw1r_32x512_8 (0) disconnected node: din0[6]
Cell sky130_sram_2kbyte_1rw1r_32x512_8 (0) disconnected node: din0[7]
Cell sky130_sram_2kbyte_1rw1r_32x512_8 (0) disconnected node: din0[8]
Cell sky130_sram_2kbyte_1rw1r_32x512_8 (0) disconnected node: din0[9]
Cell sky130_sram_2kbyte_1rw1r_32x512_8 (0) disconnected node: din0[10]
Cell sky130_sram_2kbyte_1rw1r_32x512_8 (0) disconnected node: din0[11]
Cell sky130_sram_2kbyte_1rw1r_32x512_8 (0) disconnected node: din0[12]
Cell sky130_sram_2kbyte_1rw1r_32x512_8 (0) disconnected node: din0[13]
Cell sky130_sram_2kbyte_1rw1r_32x512_8 (0) disconnected node: din0[14]
Cell sky130_sram_2kbyte_1rw1r_32x512_8 (0) disconnected node: din0[15]
Cell sky130_sram_2kbyte_1rw1r_32x512_8 (0) disconnected node: din0[16]
Cell sky130_sram_2kbyte_1rw1r_32x512_8 (0) disconnected node: din0[17]
Cell sky130_sram_2kbyte_1rw1r_32x512_8 (0) disconnected node: din0[18]
Cell sky130_sram_2kbyte_1rw1r_32x512_8 (0) disconnected node: din0[19]
Cell sky130_sram_2kbyte_1rw1r_32x512_8 (0) disconnected node: din0[20]
Cell sky130_sram_2kbyte_1rw1r_32x512_8 (0) disconnected node: din0[21]
Cell sky130_sram_2kbyte_1rw1r_32x512_8 (0) disconnected node: din0[22]
Cell sky130_sram_2kbyte_1rw1r_32x512_8 (0) disconnected node: din0[23]
Cell sky130_sram_2kbyte_1rw1r_32x512_8 (0) disconnected node: din0[24]
Cell sky130_sram_2kbyte_1rw1r_32x512_8 (0) disconnected node: din0[25]
Cell sky130_sram_2kbyte_1rw1r_32x512_8 (0) disconnected node: din0[26]
Cell sky130_sram_2kbyte_1rw1r_32x512_8 (0) disconnected node: din0[27]
Cell sky130_sram_2kbyte_1rw1r_32x512_8 (0) disconnected node: din0[28]
Cell sky130_sram_2kbyte_1rw1r_32x512_8 (0) disconnected node: din0[29]
Cell sky130_sram_2kbyte_1rw1r_32x512_8 (0) disconnected node: din0[30]
Cell sky130_sram_2kbyte_1rw1r_32x512_8 (0) disconnected node: din0[31]
Cell sky130_sram_2kbyte_1rw1r_32x512_8 (0) disconnected node: dout0[0]
Cell sky130_sram_2kbyte_1rw1r_32x512_8 (0) disconnected node: dout0[1]
Cell sky130_sram_2kbyte_1rw1r_32x512_8 (0) disconnected node: dout0[2]
Cell sky130_sram_2kbyte_1rw1r_32x512_8 (0) disconnected node: dout0[30]
Cell sky130_sram_2kbyte_1rw1r_32x512_8 (0) disconnected node: dout0[31]
Cell sky130_sram_2kbyte_1rw1r_32x512_8 (0) disconnected node: dout0[17]
Cell sky130_sram_2kbyte_1rw1r_32x512_8 (0) disconnected node: dout0[18]
Cell sky130_sram_2kbyte_1rw1r_32x512_8 (0) disconnected node: dout0[19]
Cell sky130_sram_2kbyte_1rw1r_32x512_8 (0) disconnected node: dout0[20]
Cell sky130_sram_2kbyte_1rw1r_32x512_8 (0) disconnected node: dout0[21]
Cell sky130_sram_2kbyte_1rw1r_32x512_8 (0) disconnected node: dout0[22]
Cell sky130_sram_2kbyte_1rw1r_32x512_8 (0) disconnected node: dout0[23]
Cell sky130_sram_2kbyte_1rw1r_32x512_8 (0) disconnected node: dout0[24]
Cell sky130_sram_2kbyte_1rw1r_32x512_8 (0) disconnected node: dout0[25]
Cell sky130_sram_2kbyte_1rw1r_32x512_8 (0) disconnected node: dout0[26]
Cell sky130_sram_2kbyte_1rw1r_32x512_8 (0) disconnected node: dout0[27]
Cell sky130_sram_2kbyte_1rw1r_32x512_8 (0) disconnected node: addr1[7]
Cell sky130_sram_2kbyte_1rw1r_32x512_8 (0) disconnected node: addr1[8]
Cell sky130_sram_2kbyte_1rw1r_32x512_8 (0) disconnected node: dout0[28]
Cell sky130_sram_2kbyte_1rw1r_32x512_8 (0) disconnected node: dout0[29]

Subcircuit pins:
Circuit 1: sky130_sram_2kbyte_1rw1r_32x512 |Circuit 2: sky130_sram_2kbyte_1rw1r_32x512 
-------------------------------------------|-------------------------------------------
csb0                                       |csb0                                       
web0                                       |web0                                       
clk0                                       |clk0                                       
addr0[2]                                   |addr0[2]                                   
addr0[3]                                   |addr0[3]                                   
addr0[4]                                   |addr0[4]                                   
addr0[5]                                   |addr0[5]                                   
addr0[6]                                   |addr0[6]                                   
addr0[7]                                   |addr0[7]                                   
addr0[8]                                   |addr0[8]                                   
csb1                                       |csb1                                       
addr1[2]                                   |addr1[2]                                   
addr1[3]                                   |addr1[3]                                   
addr1[4]                                   |addr1[4]                                   
addr1[5]                                   |addr1[5]                                   
addr1[6]                                   |addr1[6]                                   
vccd1                                      |vccd1                                      
vssd1                                      |vssd1                                      
clk1                                       |clk1                                       
dout1[16]                                  |dout1[16]                                  
dout1[17]                                  |dout1[17]                                  
dout1[18]                                  |dout1[18]                                  
dout1[19]                                  |dout1[19]                                  
dout1[20]                                  |dout1[20]                                  
dout1[21]                                  |dout1[21]                                  
dout1[22]                                  |dout1[22]                                  
dout1[23]                                  |dout1[23]                                  
dout1[24]                                  |dout1[24]                                  
dout1[25]                                  |dout1[25]                                  
dout1[26]                                  |dout1[26]                                  
dout1[27]                                  |dout1[27]                                  
dout1[28]                                  |dout1[28]                                  
dout1[29]                                  |dout1[29]                                  
dout1[30]                                  |dout1[30]                                  
dout1[31]                                  |dout1[31]                                  
addr1[0]                                   |addr1[0]                                   
addr1[1]                                   |addr1[1]                                   
dout1[2]                                   |dout1[2]                                   
dout1[3]                                   |dout1[3]                                   
dout1[4]                                   |dout1[4]                                   
dout1[5]                                   |dout1[5]                                   
dout1[6]                                   |dout1[6]                                   
dout1[7]                                   |dout1[7]                                   
dout1[8]                                   |dout1[8]                                   
dout1[9]                                   |dout1[9]                                   
dout1[10]                                  |dout1[10]                                  
dout1[11]                                  |dout1[11]                                  
dout1[12]                                  |dout1[12]                                  
dout1[13]                                  |dout1[13]                                  
dout1[14]                                  |dout1[14]                                  
dout1[15]                                  |dout1[15]                                  
dout1[0]                                   |dout1[0]                                   
dout1[1]                                   |dout1[1]                                   
dout0[3]                                   |dout0[3]                                   
dout0[4]                                   |dout0[4]                                   
dout0[5]                                   |dout0[5]                                   
dout0[6]                                   |dout0[6]                                   
dout0[7]                                   |dout0[7]                                   
dout0[8]                                   |dout0[8]                                   
dout0[9]                                   |dout0[9]                                   
dout0[10]                                  |dout0[10]                                  
dout0[11]                                  |dout0[11]                                  
dout0[12]                                  |dout0[12]                                  
dout0[13]                                  |dout0[13]                                  
dout0[14]                                  |dout0[14]                                  
dout0[15]                                  |dout0[15]                                  
dout0[16]                                  |dout0[16]                                  
addr0[0]                                   |addr0[0]                                   
addr0[1]                                   |addr0[1]                                   
wmask0[0]                                  |wmask0[0]                                  
wmask0[1]                                  |wmask0[1]                                  
wmask0[2]                                  |wmask0[2]                                  
wmask0[3]                                  |wmask0[3]                                  
din0[0]                                    |din0[0]                                    
din0[1]                                    |din0[1]                                    
din0[2]                                    |din0[2]                                    
din0[3]                                    |din0[3]                                    
din0[4]                                    |din0[4]                                    
din0[5]                                    |din0[5]                                    
din0[6]                                    |din0[6]                                    
din0[7]                                    |din0[7]                                    
din0[8]                                    |din0[8]                                    
din0[9]                                    |din0[9]                                    
din0[10]                                   |din0[10]                                   
din0[11]                                   |din0[11]                                   
din0[12]                                   |din0[12]                                   
din0[13]                                   |din0[13]                                   
din0[14]                                   |din0[14]                                   
din0[15]                                   |din0[15]                                   
din0[16]                                   |din0[16]                                   
din0[17]                                   |din0[17]                                   
din0[18]                                   |din0[18]                                   
din0[19]                                   |din0[19]                                   
din0[20]                                   |din0[20]                                   
din0[21]                                   |din0[21]                                   
din0[22]                                   |din0[22]                                   
din0[23]                                   |din0[23]                                   
din0[24]                                   |din0[24]                                   
din0[25]                                   |din0[25]                                   
din0[26]                                   |din0[26]                                   
din0[27]                                   |din0[27]                                   
din0[28]                                   |din0[28]                                   
din0[29]                                   |din0[29]                                   
din0[30]                                   |din0[30]                                   
din0[31]                                   |din0[31]                                   
dout0[0]                                   |dout0[0]                                   
dout0[1]                                   |dout0[1]                                   
dout0[2]                                   |dout0[2]                                   
dout0[30]                                  |dout0[30]                                  
dout0[31]                                  |dout0[31]                                  
dout0[17]                                  |dout0[17]                                  
dout0[18]                                  |dout0[18]                                  
dout0[19]                                  |dout0[19]                                  
dout0[20]                                  |dout0[20]                                  
dout0[21]                                  |dout0[21]                                  
dout0[22]                                  |dout0[22]                                  
dout0[23]                                  |dout0[23]                                  
dout0[24]                                  |dout0[24]                                  
dout0[25]                                  |dout0[25]                                  
dout0[26]                                  |dout0[26]                                  
dout0[27]                                  |dout0[27]                                  
addr1[7]                                   |addr1[7]                                   
addr1[8]                                   |addr1[8]                                   
dout0[28]                                  |dout0[28]                                  
dout0[29]                                  |dout0[29]                                  
---------------------------------------------------------------------------------------
Cell pin lists are equivalent.
Device classes sky130_sram_2kbyte_1rw1r_32x512_8 and sky130_sram_2kbyte_1rw1r_32x512_8 are equivalent.

Class sky130_fd_sc_hd__dfstp_2 (0):  Merged 2 parallel devices.
Class sky130_fd_sc_hd__dfstp_2 (1):  Merged 2 parallel devices.
Subcircuit summary:
Circuit 1: sky130_fd_sc_hd__dfstp_2        |Circuit 2: sky130_fd_sc_hd__dfstp_2        
-------------------------------------------|-------------------------------------------
sky130_fd_pr__nfet_01v8 (15->14)           |sky130_fd_pr__nfet_01v8 (15->14)           
sky130_fd_pr__pfet_01v8_hvt (17->16)       |sky130_fd_pr__pfet_01v8_hvt (17->16)       
sky130_fd_pr__special_nfet_01v8 (2)        |sky130_fd_pr__special_nfet_01v8 (2)        
Number of devices: 32                      |Number of devices: 32                      
Number of nets: 24                         |Number of nets: 24                         
---------------------------------------------------------------------------------------
Netlists match uniquely.

Subcircuit pins:
Circuit 1: sky130_fd_sc_hd__dfstp_2        |Circuit 2: sky130_fd_sc_hd__dfstp_2        
-------------------------------------------|-------------------------------------------
SET_B                                      |SET_B                                      
VPWR                                       |VPWR                                       
VPB                                        |VPB                                        
VNB                                        |VNB                                        
Q                                          |Q                                          
D                                          |D                                          
CLK                                        |CLK                                        
VGND                                       |VGND                                       
---------------------------------------------------------------------------------------
Cell pin lists are equivalent.
Device classes sky130_fd_sc_hd__dfstp_2 and sky130_fd_sc_hd__dfstp_2 are equivalent.

Class sky130_fd_sc_hd__bufinv_8 (0):  Merged 18 parallel devices.
Class sky130_fd_sc_hd__bufinv_8 (1):  Merged 18 parallel devices.
Subcircuit summary:
Circuit 1: sky130_fd_sc_hd__bufinv_8       |Circuit 2: sky130_fd_sc_hd__bufinv_8       
-------------------------------------------|-------------------------------------------
sky130_fd_pr__pfet_01v8_hvt (12->3)        |sky130_fd_pr__pfet_01v8_hvt (12->3)        
sky130_fd_pr__nfet_01v8 (12->3)            |sky130_fd_pr__nfet_01v8 (12->3)            
Number of devices: 6                       |Number of devices: 6                       
Number of nets: 8                          |Number of nets: 8                          
---------------------------------------------------------------------------------------
Netlists match uniquely.

Subcircuit pins:
Circuit 1: sky130_fd_sc_hd__bufinv_8       |Circuit 2: sky130_fd_sc_hd__bufinv_8       
-------------------------------------------|-------------------------------------------
Y                                          |Y                                          
A                                          |A                                          
VGND                                       |VGND                                       
VNB                                        |VNB                                        
VPWR                                       |VPWR                                       
VPB                                        |VPB                                        
---------------------------------------------------------------------------------------
Cell pin lists are equivalent.
Device classes sky130_fd_sc_hd__bufinv_8 and sky130_fd_sc_hd__bufinv_8 are equivalent.

Class sky130_fd_sc_hd__a311o_2 (0):  Merged 2 parallel devices.
Class sky130_fd_sc_hd__a311o_2 (1):  Merged 2 parallel devices.
Subcircuit summary:
Circuit 1: sky130_fd_sc_hd__a311o_2        |Circuit 2: sky130_fd_sc_hd__a311o_2        
-------------------------------------------|-------------------------------------------
sky130_fd_pr__pfet_01v8_hvt (7->6)         |sky130_fd_pr__pfet_01v8_hvt (7->6)         
sky130_fd_pr__nfet_01v8 (7->6)             |sky130_fd_pr__nfet_01v8 (7->6)             
Number of devices: 12                      |Number of devices: 12                      
Number of nets: 15                         |Number of nets: 15                         
---------------------------------------------------------------------------------------
Netlists match uniquely.

Subcircuit pins:
Circuit 1: sky130_fd_sc_hd__a311o_2        |Circuit 2: sky130_fd_sc_hd__a311o_2        
-------------------------------------------|-------------------------------------------
VPWR                                       |VPWR                                       
VGND                                       |VGND                                       
A2                                         |A2                                         
B1                                         |B1                                         
A3                                         |A3                                         
C1                                         |C1                                         
X                                          |X                                          
A1                                         |A1                                         
VPB                                        |VPB                                        
VNB                                        |VNB                                        
---------------------------------------------------------------------------------------
Cell pin lists are equivalent.
Device classes sky130_fd_sc_hd__a311o_2 and sky130_fd_sc_hd__a311o_2 are equivalent.

Class sky130_fd_sc_hd__o311a_2 (0):  Merged 2 parallel devices.
Class sky130_fd_sc_hd__o311a_2 (1):  Merged 2 parallel devices.
Subcircuit summary:
Circuit 1: sky130_fd_sc_hd__o311a_2        |Circuit 2: sky130_fd_sc_hd__o311a_2        
-------------------------------------------|-------------------------------------------
sky130_fd_pr__pfet_01v8_hvt (7->6)         |sky130_fd_pr__pfet_01v8_hvt (7->6)         
sky130_fd_pr__nfet_01v8 (7->6)             |sky130_fd_pr__nfet_01v8 (7->6)             
Number of devices: 12                      |Number of devices: 12                      
Number of nets: 15                         |Number of nets: 15                         
---------------------------------------------------------------------------------------
Netlists match uniquely.

Subcircuit pins:
Circuit 1: sky130_fd_sc_hd__o311a_2        |Circuit 2: sky130_fd_sc_hd__o311a_2        
-------------------------------------------|-------------------------------------------
VPWR                                       |VPWR                                       
VGND                                       |VGND                                       
VPB                                        |VPB                                        
VNB                                        |VNB                                        
X                                          |X                                          
A2                                         |A2                                         
B1                                         |B1                                         
A3                                         |A3                                         
A1                                         |A1                                         
C1                                         |C1                                         
---------------------------------------------------------------------------------------
Cell pin lists are equivalent.
Device classes sky130_fd_sc_hd__o311a_2 and sky130_fd_sc_hd__o311a_2 are equivalent.

Class sky130_fd_sc_hd__a2111o_2 (0):  Merged 2 parallel devices.
Class sky130_fd_sc_hd__a2111o_2 (1):  Merged 2 parallel devices.
Subcircuit summary:
Circuit 1: sky130_fd_sc_hd__a2111o_2       |Circuit 2: sky130_fd_sc_hd__a2111o_2       
-------------------------------------------|-------------------------------------------
sky130_fd_pr__pfet_01v8_hvt (7->6)         |sky130_fd_pr__pfet_01v8_hvt (7->6)         
sky130_fd_pr__nfet_01v8 (7->6)             |sky130_fd_pr__nfet_01v8 (7->6)             
Number of devices: 12                      |Number of devices: 12                      
Number of nets: 15                         |Number of nets: 15                         
---------------------------------------------------------------------------------------
Netlists match uniquely.

Subcircuit pins:
Circuit 1: sky130_fd_sc_hd__a2111o_2       |Circuit 2: sky130_fd_sc_hd__a2111o_2       
-------------------------------------------|-------------------------------------------
VGND                                       |VGND                                       
VNB                                        |VNB                                        
VPB                                        |VPB                                        
A1                                         |A1                                         
X                                          |X                                          
A2                                         |A2                                         
D1                                         |D1                                         
C1                                         |C1                                         
B1                                         |B1                                         
VPWR                                       |VPWR                                       
---------------------------------------------------------------------------------------
Cell pin lists are equivalent.
Device classes sky130_fd_sc_hd__a2111o_2 and sky130_fd_sc_hd__a2111o_2 are equivalent.

Class sky130_fd_sc_hd__o21ai_4 (0):  Merged 18 parallel devices.
Class sky130_fd_sc_hd__o21ai_4 (1):  Merged 18 parallel devices.
Subcircuit summary:
Circuit 1: sky130_fd_sc_hd__o21ai_4        |Circuit 2: sky130_fd_sc_hd__o21ai_4        
-------------------------------------------|-------------------------------------------
sky130_fd_pr__pfet_01v8_hvt (12->3)        |sky130_fd_pr__pfet_01v8_hvt (12->3)        
sky130_fd_pr__nfet_01v8 (12->3)            |sky130_fd_pr__nfet_01v8 (12->3)            
Number of devices: 6                       |Number of devices: 6                       
Number of nets: 10                         |Number of nets: 10                         
---------------------------------------------------------------------------------------
Netlists match uniquely.

Subcircuit pins:
Circuit 1: sky130_fd_sc_hd__o21ai_4        |Circuit 2: sky130_fd_sc_hd__o21ai_4        
-------------------------------------------|-------------------------------------------
Y                                          |Y                                          
VPB                                        |VPB                                        
VNB                                        |VNB                                        
A2                                         |A2                                         
VGND                                       |VGND                                       
A1                                         |A1                                         
B1                                         |B1                                         
VPWR                                       |VPWR                                       
---------------------------------------------------------------------------------------
Cell pin lists are equivalent.
Device classes sky130_fd_sc_hd__o21ai_4 and sky130_fd_sc_hd__o21ai_4 are equivalent.

Class sky130_fd_sc_hd__a41o_2 (0):  Merged 2 parallel devices.
Class sky130_fd_sc_hd__a41o_2 (1):  Merged 2 parallel devices.
Subcircuit summary:
Circuit 1: sky130_fd_sc_hd__a41o_2         |Circuit 2: sky130_fd_sc_hd__a41o_2         
-------------------------------------------|-------------------------------------------
sky130_fd_pr__pfet_01v8_hvt (7->6)         |sky130_fd_pr__pfet_01v8_hvt (7->6)         
sky130_fd_pr__nfet_01v8 (7->6)             |sky130_fd_pr__nfet_01v8 (7->6)             
Number of devices: 12                      |Number of devices: 12                      
Number of nets: 15                         |Number of nets: 15                         
---------------------------------------------------------------------------------------
Netlists match uniquely.

Subcircuit pins:
Circuit 1: sky130_fd_sc_hd__a41o_2         |Circuit 2: sky130_fd_sc_hd__a41o_2         
-------------------------------------------|-------------------------------------------
VGND                                       |VGND                                       
VNB                                        |VNB                                        
VPB                                        |VPB                                        
A3                                         |A3                                         
A2                                         |A2                                         
A4                                         |A4                                         
B1                                         |B1                                         
A1                                         |A1                                         
X                                          |X                                          
VPWR                                       |VPWR                                       
---------------------------------------------------------------------------------------
Cell pin lists are equivalent.
Device classes sky130_fd_sc_hd__a41o_2 and sky130_fd_sc_hd__a41o_2 are equivalent.

Class sky130_fd_sc_hd__a2111oi_4 (0):  Merged 30 parallel devices.
Class sky130_fd_sc_hd__a2111oi_4 (1):  Merged 30 parallel devices.
Subcircuit summary:
Circuit 1: sky130_fd_sc_hd__a2111oi_4      |Circuit 2: sky130_fd_sc_hd__a2111oi_4      
-------------------------------------------|-------------------------------------------
sky130_fd_pr__nfet_01v8 (20->5)            |sky130_fd_pr__nfet_01v8 (20->5)            
sky130_fd_pr__pfet_01v8_hvt (20->5)        |sky130_fd_pr__pfet_01v8_hvt (20->5)        
Number of devices: 10                      |Number of devices: 10                      
Number of nets: 14                         |Number of nets: 14                         
---------------------------------------------------------------------------------------
Netlists match uniquely.

Subcircuit pins:
Circuit 1: sky130_fd_sc_hd__a2111oi_4      |Circuit 2: sky130_fd_sc_hd__a2111oi_4      
-------------------------------------------|-------------------------------------------
VGND                                       |VGND                                       
VPWR                                       |VPWR                                       
A1                                         |A1                                         
A2                                         |A2                                         
C1                                         |C1                                         
D1                                         |D1                                         
B1                                         |B1                                         
VPB                                        |VPB                                        
Y                                          |Y                                          
VNB                                        |VNB                                        
---------------------------------------------------------------------------------------
Cell pin lists are equivalent.
Device classes sky130_fd_sc_hd__a2111oi_4 and sky130_fd_sc_hd__a2111oi_4 are equivalent.

Class sky130_fd_sc_hd__a31oi_2 (0):  Merged 8 parallel devices.
Class sky130_fd_sc_hd__a31oi_2 (1):  Merged 8 parallel devices.
Subcircuit summary:
Circuit 1: sky130_fd_sc_hd__a31oi_2        |Circuit 2: sky130_fd_sc_hd__a31oi_2        
-------------------------------------------|-------------------------------------------
sky130_fd_pr__nfet_01v8 (8->4)             |sky130_fd_pr__nfet_01v8 (8->4)             
sky130_fd_pr__pfet_01v8_hvt (8->4)         |sky130_fd_pr__pfet_01v8_hvt (8->4)         
Number of devices: 8                       |Number of devices: 8                       
Number of nets: 12                         |Number of nets: 12                         
---------------------------------------------------------------------------------------
Netlists match uniquely.

Subcircuit pins:
Circuit 1: sky130_fd_sc_hd__a31oi_2        |Circuit 2: sky130_fd_sc_hd__a31oi_2        
-------------------------------------------|-------------------------------------------
VNB                                        |VNB                                        
VPB                                        |VPB                                        
Y                                          |Y                                          
VPWR                                       |VPWR                                       
VGND                                       |VGND                                       
A1                                         |A1                                         
B1                                         |B1                                         
A3                                         |A3                                         
A2                                         |A2                                         
---------------------------------------------------------------------------------------
Cell pin lists are equivalent.
Device classes sky130_fd_sc_hd__a31oi_2 and sky130_fd_sc_hd__a31oi_2 are equivalent.

Class sky130_fd_sc_hd__and3b_2 (0):  Merged 2 parallel devices.
Class sky130_fd_sc_hd__and3b_2 (1):  Merged 2 parallel devices.
Subcircuit summary:
Circuit 1: sky130_fd_sc_hd__and3b_2        |Circuit 2: sky130_fd_sc_hd__and3b_2        
-------------------------------------------|-------------------------------------------
sky130_fd_pr__pfet_01v8_hvt (6->5)         |sky130_fd_pr__pfet_01v8_hvt (6->5)         
sky130_fd_pr__nfet_01v8 (6->5)             |sky130_fd_pr__nfet_01v8 (6->5)             
Number of devices: 10                      |Number of devices: 10                      
Number of nets: 12                         |Number of nets: 12                         
---------------------------------------------------------------------------------------
Netlists match uniquely.

Subcircuit pins:
Circuit 1: sky130_fd_sc_hd__and3b_2        |Circuit 2: sky130_fd_sc_hd__and3b_2        
-------------------------------------------|-------------------------------------------
VGND                                       |VGND                                       
VNB                                        |VNB                                        
VPWR                                       |VPWR                                       
VPB                                        |VPB                                        
C                                          |C                                          
X                                          |X                                          
B                                          |B                                          
A_N                                        |A_N                                        
---------------------------------------------------------------------------------------
Cell pin lists are equivalent.
Device classes sky130_fd_sc_hd__and3b_2 and sky130_fd_sc_hd__and3b_2 are equivalent.

Class sky130_fd_sc_hd__clkinv_4 (0):  Merged 8 parallel devices.
Class sky130_fd_sc_hd__clkinv_4 (1):  Merged 8 parallel devices.
Subcircuit summary:
Circuit 1: sky130_fd_sc_hd__clkinv_4       |Circuit 2: sky130_fd_sc_hd__clkinv_4       
-------------------------------------------|-------------------------------------------
sky130_fd_pr__pfet_01v8_hvt (6->1)         |sky130_fd_pr__pfet_01v8_hvt (6->1)         
sky130_fd_pr__nfet_01v8 (4->1)             |sky130_fd_pr__nfet_01v8 (4->1)             
Number of devices: 2                       |Number of devices: 2                       
Number of nets: 6                          |Number of nets: 6                          
---------------------------------------------------------------------------------------
Netlists match uniquely.

Subcircuit pins:
Circuit 1: sky130_fd_sc_hd__clkinv_4       |Circuit 2: sky130_fd_sc_hd__clkinv_4       
-------------------------------------------|-------------------------------------------
VPWR                                       |VPWR                                       
VPB                                        |VPB                                        
VGND                                       |VGND                                       
VNB                                        |VNB                                        
A                                          |A                                          
Y                                          |Y                                          
---------------------------------------------------------------------------------------
Cell pin lists are equivalent.
Device classes sky130_fd_sc_hd__clkinv_4 and sky130_fd_sc_hd__clkinv_4 are equivalent.

Subcircuit summary:
Circuit 1: sky130_fd_sc_hd__clkdlybuf4s25_ |Circuit 2: sky130_fd_sc_hd__clkdlybuf4s25_ 
-------------------------------------------|-------------------------------------------
sky130_fd_pr__pfet_01v8_hvt (4)            |sky130_fd_pr__pfet_01v8_hvt (4)            
sky130_fd_pr__nfet_01v8 (4)                |sky130_fd_pr__nfet_01v8 (4)                
Number of devices: 8                       |Number of devices: 8                       
Number of nets: 9                          |Number of nets: 9                          
---------------------------------------------------------------------------------------
Netlists match uniquely.

Subcircuit pins:
Circuit 1: sky130_fd_sc_hd__clkdlybuf4s25_ |Circuit 2: sky130_fd_sc_hd__clkdlybuf4s25_ 
-------------------------------------------|-------------------------------------------
X                                          |X                                          
A                                          |A                                          
VPWR                                       |VPWR                                       
VPB                                        |VPB                                        
VGND                                       |VGND                                       
VNB                                        |VNB                                        
---------------------------------------------------------------------------------------
Cell pin lists are equivalent.
Device classes sky130_fd_sc_hd__clkdlybuf4s25_1 and sky130_fd_sc_hd__clkdlybuf4s25_1 are equivalent.

Class sky130_fd_sc_hd__xor2_4 (0):  Merged 30 parallel devices.
Class sky130_fd_sc_hd__xor2_4 (1):  Merged 30 parallel devices.
Subcircuit summary:
Circuit 1: sky130_fd_sc_hd__xor2_4         |Circuit 2: sky130_fd_sc_hd__xor2_4         
-------------------------------------------|-------------------------------------------
sky130_fd_pr__pfet_01v8_hvt (20->5)        |sky130_fd_pr__pfet_01v8_hvt (20->5)        
sky130_fd_pr__nfet_01v8 (20->5)            |sky130_fd_pr__nfet_01v8 (20->5)            
Number of devices: 10                      |Number of devices: 10                      
Number of nets: 11                         |Number of nets: 11                         
---------------------------------------------------------------------------------------
Netlists match uniquely.

Subcircuit pins:
Circuit 1: sky130_fd_sc_hd__xor2_4         |Circuit 2: sky130_fd_sc_hd__xor2_4         
-------------------------------------------|-------------------------------------------
VPB                                        |VPB                                        
VNB                                        |VNB                                        
X                                          |X                                          
VPWR                                       |VPWR                                       
A                                          |A                                          
VGND                                       |VGND                                       
B                                          |B                                          
---------------------------------------------------------------------------------------
Cell pin lists are equivalent.
Device classes sky130_fd_sc_hd__xor2_4 and sky130_fd_sc_hd__xor2_4 are equivalent.

Class sky130_fd_sc_hd__nor3_4 (0):  Merged 18 parallel devices.
Class sky130_fd_sc_hd__nor3_4 (1):  Merged 18 parallel devices.
Subcircuit summary:
Circuit 1: sky130_fd_sc_hd__nor3_4         |Circuit 2: sky130_fd_sc_hd__nor3_4         
-------------------------------------------|-------------------------------------------
sky130_fd_pr__pfet_01v8_hvt (12->3)        |sky130_fd_pr__pfet_01v8_hvt (12->3)        
sky130_fd_pr__nfet_01v8 (12->3)            |sky130_fd_pr__nfet_01v8 (12->3)            
Number of devices: 6                       |Number of devices: 6                       
Number of nets: 10                         |Number of nets: 10                         
---------------------------------------------------------------------------------------
Netlists match uniquely.

Subcircuit pins:
Circuit 1: sky130_fd_sc_hd__nor3_4         |Circuit 2: sky130_fd_sc_hd__nor3_4         
-------------------------------------------|-------------------------------------------
Y                                          |Y                                          
VPB                                        |VPB                                        
VGND                                       |VGND                                       
VNB                                        |VNB                                        
B                                          |B                                          
A                                          |A                                          
C                                          |C                                          
VPWR                                       |VPWR                                       
---------------------------------------------------------------------------------------
Cell pin lists are equivalent.
Device classes sky130_fd_sc_hd__nor3_4 and sky130_fd_sc_hd__nor3_4 are equivalent.

Class sky130_fd_sc_hd__o31a_2 (0):  Merged 2 parallel devices.
Class sky130_fd_sc_hd__o31a_2 (1):  Merged 2 parallel devices.
Subcircuit summary:
Circuit 1: sky130_fd_sc_hd__o31a_2         |Circuit 2: sky130_fd_sc_hd__o31a_2         
-------------------------------------------|-------------------------------------------
sky130_fd_pr__nfet_01v8 (6->5)             |sky130_fd_pr__nfet_01v8 (6->5)             
sky130_fd_pr__pfet_01v8_hvt (6->5)         |sky130_fd_pr__pfet_01v8_hvt (6->5)         
Number of devices: 10                      |Number of devices: 10                      
Number of nets: 13                         |Number of nets: 13                         
---------------------------------------------------------------------------------------
Netlists match uniquely.

Subcircuit pins:
Circuit 1: sky130_fd_sc_hd__o31a_2         |Circuit 2: sky130_fd_sc_hd__o31a_2         
-------------------------------------------|-------------------------------------------
VPWR                                       |VPWR                                       
VGND                                       |VGND                                       
A3                                         |A3                                         
X                                          |X                                          
B1                                         |B1                                         
A1                                         |A1                                         
A2                                         |A2                                         
VPB                                        |VPB                                        
VNB                                        |VNB                                        
---------------------------------------------------------------------------------------
Cell pin lists are equivalent.
Device classes sky130_fd_sc_hd__o31a_2 and sky130_fd_sc_hd__o31a_2 are equivalent.

Class sky130_fd_sc_hd__o32a_2 (0):  Merged 2 parallel devices.
Class sky130_fd_sc_hd__o32a_2 (1):  Merged 2 parallel devices.
Subcircuit summary:
Circuit 1: sky130_fd_sc_hd__o32a_2         |Circuit 2: sky130_fd_sc_hd__o32a_2         
-------------------------------------------|-------------------------------------------
sky130_fd_pr__pfet_01v8_hvt (7->6)         |sky130_fd_pr__pfet_01v8_hvt (7->6)         
sky130_fd_pr__nfet_01v8 (7->6)             |sky130_fd_pr__nfet_01v8 (7->6)             
Number of devices: 12                      |Number of devices: 12                      
Number of nets: 15                         |Number of nets: 15                         
---------------------------------------------------------------------------------------
Netlists match uniquely.

Subcircuit pins:
Circuit 1: sky130_fd_sc_hd__o32a_2         |Circuit 2: sky130_fd_sc_hd__o32a_2         
-------------------------------------------|-------------------------------------------
VPWR                                       |VPWR                                       
VGND                                       |VGND                                       
VPB                                        |VPB                                        
VNB                                        |VNB                                        
A3                                         |A3                                         
B2                                         |B2                                         
B1                                         |B1                                         
A1                                         |A1                                         
X                                          |X                                          
A2                                         |A2                                         
---------------------------------------------------------------------------------------
Cell pin lists are equivalent.
Device classes sky130_fd_sc_hd__o32a_2 and sky130_fd_sc_hd__o32a_2 are equivalent.

Class sky130_fd_sc_hd__a2bb2o_2 (0):  Merged 2 parallel devices.
Class sky130_fd_sc_hd__a2bb2o_2 (1):  Merged 2 parallel devices.
Subcircuit summary:
Circuit 1: sky130_fd_sc_hd__a2bb2o_2       |Circuit 2: sky130_fd_sc_hd__a2bb2o_2       
-------------------------------------------|-------------------------------------------
sky130_fd_pr__pfet_01v8_hvt (7->6)         |sky130_fd_pr__pfet_01v8_hvt (7->6)         
sky130_fd_pr__nfet_01v8 (7->6)             |sky130_fd_pr__nfet_01v8 (7->6)             
Number of devices: 12                      |Number of devices: 12                      
Number of nets: 14                         |Number of nets: 14                         
---------------------------------------------------------------------------------------
Netlists match uniquely.

Subcircuit pins:
Circuit 1: sky130_fd_sc_hd__a2bb2o_2       |Circuit 2: sky130_fd_sc_hd__a2bb2o_2       
-------------------------------------------|-------------------------------------------
VNB                                        |VNB                                        
VPB                                        |VPB                                        
A1_N                                       |A1_N                                       
X                                          |X                                          
B1                                         |B1                                         
B2                                         |B2                                         
A2_N                                       |A2_N                                       
VGND                                       |VGND                                       
VPWR                                       |VPWR                                       
---------------------------------------------------------------------------------------
Cell pin lists are equivalent.
Device classes sky130_fd_sc_hd__a2bb2o_2 and sky130_fd_sc_hd__a2bb2o_2 are equivalent.

Class sky130_fd_sc_hd__inv_4 (0):  Merged 6 parallel devices.
Class sky130_fd_sc_hd__inv_4 (1):  Merged 6 parallel devices.
Subcircuit summary:
Circuit 1: sky130_fd_sc_hd__inv_4          |Circuit 2: sky130_fd_sc_hd__inv_4          
-------------------------------------------|-------------------------------------------
sky130_fd_pr__pfet_01v8_hvt (4->1)         |sky130_fd_pr__pfet_01v8_hvt (4->1)         
sky130_fd_pr__nfet_01v8 (4->1)             |sky130_fd_pr__nfet_01v8 (4->1)             
Number of devices: 2                       |Number of devices: 2                       
Number of nets: 6                          |Number of nets: 6                          
---------------------------------------------------------------------------------------
Netlists match uniquely.

Subcircuit pins:
Circuit 1: sky130_fd_sc_hd__inv_4          |Circuit 2: sky130_fd_sc_hd__inv_4          
-------------------------------------------|-------------------------------------------
Y                                          |Y                                          
A                                          |A                                          
VGND                                       |VGND                                       
VNB                                        |VNB                                        
VPWR                                       |VPWR                                       
VPB                                        |VPB                                        
---------------------------------------------------------------------------------------
Cell pin lists are equivalent.
Device classes sky130_fd_sc_hd__inv_4 and sky130_fd_sc_hd__inv_4 are equivalent.

Class sky130_fd_sc_hd__or4b_2 (0):  Merged 2 parallel devices.
Class sky130_fd_sc_hd__or4b_2 (1):  Merged 2 parallel devices.
Subcircuit summary:
Circuit 1: sky130_fd_sc_hd__or4b_2         |Circuit 2: sky130_fd_sc_hd__or4b_2         
-------------------------------------------|-------------------------------------------
sky130_fd_pr__nfet_01v8 (7->6)             |sky130_fd_pr__nfet_01v8 (7->6)             
sky130_fd_pr__pfet_01v8_hvt (7->6)         |sky130_fd_pr__pfet_01v8_hvt (7->6)         
Number of devices: 12                      |Number of devices: 12                      
Number of nets: 14                         |Number of nets: 14                         
---------------------------------------------------------------------------------------
Netlists match uniquely.

Subcircuit pins:
Circuit 1: sky130_fd_sc_hd__or4b_2         |Circuit 2: sky130_fd_sc_hd__or4b_2         
-------------------------------------------|-------------------------------------------
VPWR                                       |VPWR                                       
VGND                                       |VGND                                       
VNB                                        |VNB                                        
VPB                                        |VPB                                        
X                                          |X                                          
D_N                                        |D_N                                        
B                                          |B                                          
C                                          |C                                          
A                                          |A                                          
---------------------------------------------------------------------------------------
Cell pin lists are equivalent.
Device classes sky130_fd_sc_hd__or4b_2 and sky130_fd_sc_hd__or4b_2 are equivalent.

Class sky130_fd_sc_hd__a31o_4 (0):  Merged 11 parallel devices.
Class sky130_fd_sc_hd__a31o_4 (1):  Merged 11 parallel devices.
Subcircuit summary:
Circuit 1: sky130_fd_sc_hd__a31o_4         |Circuit 2: sky130_fd_sc_hd__a31o_4         
-------------------------------------------|-------------------------------------------
sky130_fd_pr__pfet_01v8_hvt (12->5)        |sky130_fd_pr__pfet_01v8_hvt (12->5)        
sky130_fd_pr__nfet_01v8 (12->8)            |sky130_fd_pr__nfet_01v8 (12->8)            
Number of devices: 13                      |Number of devices: 13                      
Number of nets: 15                         |Number of nets: 15                         
---------------------------------------------------------------------------------------
Resolving symmetries by property value.
Resolving symmetries by pin name.
Resolving symmetries by net name.
Netlists match with 5 symmetries.

Subcircuit pins:
Circuit 1: sky130_fd_sc_hd__a31o_4         |Circuit 2: sky130_fd_sc_hd__a31o_4         
-------------------------------------------|-------------------------------------------
VNB                                        |VNB                                        
A2                                         |A2                                         
A1                                         |A1                                         
A3                                         |A3                                         
VPB                                        |VPB                                        
B1                                         |B1                                         
X                                          |X                                          
VGND                                       |VGND                                       
VPWR                                       |VPWR                                       
---------------------------------------------------------------------------------------
Cell pin lists are equivalent.
Device classes sky130_fd_sc_hd__a31o_4 and sky130_fd_sc_hd__a31o_4 are equivalent.

Class sky130_fd_sc_hd__o41ai_2 (0):  Merged 10 parallel devices.
Class sky130_fd_sc_hd__o41ai_2 (1):  Merged 10 parallel devices.
Subcircuit summary:
Circuit 1: sky130_fd_sc_hd__o41ai_2        |Circuit 2: sky130_fd_sc_hd__o41ai_2        
-------------------------------------------|-------------------------------------------
sky130_fd_pr__nfet_01v8 (10->5)            |sky130_fd_pr__nfet_01v8 (10->5)            
sky130_fd_pr__pfet_01v8_hvt (10->5)        |sky130_fd_pr__pfet_01v8_hvt (10->5)        
Number of devices: 10                      |Number of devices: 10                      
Number of nets: 14                         |Number of nets: 14                         
---------------------------------------------------------------------------------------
Netlists match uniquely.

Subcircuit pins:
Circuit 1: sky130_fd_sc_hd__o41ai_2        |Circuit 2: sky130_fd_sc_hd__o41ai_2        
-------------------------------------------|-------------------------------------------
Y                                          |Y                                          
VGND                                       |VGND                                       
A1                                         |A1                                         
A3                                         |A3                                         
A2                                         |A2                                         
A4                                         |A4                                         
B1                                         |B1                                         
VPWR                                       |VPWR                                       
VPB                                        |VPB                                        
VNB                                        |VNB                                        
---------------------------------------------------------------------------------------
Cell pin lists are equivalent.
Device classes sky130_fd_sc_hd__o41ai_2 and sky130_fd_sc_hd__o41ai_2 are equivalent.

Class sky130_fd_sc_hd__a221oi_2 (0):  Merged 10 parallel devices.
Class sky130_fd_sc_hd__a221oi_2 (1):  Merged 10 parallel devices.
Subcircuit summary:
Circuit 1: sky130_fd_sc_hd__a221oi_2       |Circuit 2: sky130_fd_sc_hd__a221oi_2       
-------------------------------------------|-------------------------------------------
sky130_fd_pr__nfet_01v8 (10->5)            |sky130_fd_pr__nfet_01v8 (10->5)            
sky130_fd_pr__pfet_01v8_hvt (10->5)        |sky130_fd_pr__pfet_01v8_hvt (10->5)        
Number of devices: 10                      |Number of devices: 10                      
Number of nets: 14                         |Number of nets: 14                         
---------------------------------------------------------------------------------------
Netlists match uniquely.

Subcircuit pins:
Circuit 1: sky130_fd_sc_hd__a221oi_2       |Circuit 2: sky130_fd_sc_hd__a221oi_2       
-------------------------------------------|-------------------------------------------
VGND                                       |VGND                                       
VPB                                        |VPB                                        
VNB                                        |VNB                                        
VPWR                                       |VPWR                                       
A1                                         |A1                                         
B1                                         |B1                                         
A2                                         |A2                                         
C1                                         |C1                                         
B2                                         |B2                                         
Y                                          |Y                                          
---------------------------------------------------------------------------------------
Cell pin lists are equivalent.
Device classes sky130_fd_sc_hd__a221oi_2 and sky130_fd_sc_hd__a221oi_2 are equivalent.

Class sky130_fd_sc_hd__o2111a_2 (0):  Merged 2 parallel devices.
Class sky130_fd_sc_hd__o2111a_2 (1):  Merged 2 parallel devices.
Subcircuit summary:
Circuit 1: sky130_fd_sc_hd__o2111a_2       |Circuit 2: sky130_fd_sc_hd__o2111a_2       
-------------------------------------------|-------------------------------------------
sky130_fd_pr__pfet_01v8_hvt (7->6)         |sky130_fd_pr__pfet_01v8_hvt (7->6)         
sky130_fd_pr__nfet_01v8 (7->6)             |sky130_fd_pr__nfet_01v8 (7->6)             
Number of devices: 12                      |Number of devices: 12                      
Number of nets: 15                         |Number of nets: 15                         
---------------------------------------------------------------------------------------
Netlists match uniquely.

Subcircuit pins:
Circuit 1: sky130_fd_sc_hd__o2111a_2       |Circuit 2: sky130_fd_sc_hd__o2111a_2       
-------------------------------------------|-------------------------------------------
VGND                                       |VGND                                       
VNB                                        |VNB                                        
VPB                                        |VPB                                        
C1                                         |C1                                         
X                                          |X                                          
B1                                         |B1                                         
A2                                         |A2                                         
A1                                         |A1                                         
D1                                         |D1                                         
VPWR                                       |VPWR                                       
---------------------------------------------------------------------------------------
Cell pin lists are equivalent.
Device classes sky130_fd_sc_hd__o2111a_2 and sky130_fd_sc_hd__o2111a_2 are equivalent.

Class sky130_fd_sc_hd__nor3_2 (0):  Merged 6 parallel devices.
Class sky130_fd_sc_hd__nor3_2 (1):  Merged 6 parallel devices.
Subcircuit summary:
Circuit 1: sky130_fd_sc_hd__nor3_2         |Circuit 2: sky130_fd_sc_hd__nor3_2         
-------------------------------------------|-------------------------------------------
sky130_fd_pr__pfet_01v8_hvt (6->3)         |sky130_fd_pr__pfet_01v8_hvt (6->3)         
sky130_fd_pr__nfet_01v8 (6->3)             |sky130_fd_pr__nfet_01v8 (6->3)             
Number of devices: 6                       |Number of devices: 6                       
Number of nets: 10                         |Number of nets: 10                         
---------------------------------------------------------------------------------------
Netlists match uniquely.

Subcircuit pins:
Circuit 1: sky130_fd_sc_hd__nor3_2         |Circuit 2: sky130_fd_sc_hd__nor3_2         
-------------------------------------------|-------------------------------------------
VPWR                                       |VPWR                                       
VGND                                       |VGND                                       
VNB                                        |VNB                                        
VPB                                        |VPB                                        
B                                          |B                                          
C                                          |C                                          
A                                          |A                                          
Y                                          |Y                                          
---------------------------------------------------------------------------------------
Cell pin lists are equivalent.
Device classes sky130_fd_sc_hd__nor3_2 and sky130_fd_sc_hd__nor3_2 are equivalent.

Subcircuit summary:
Circuit 1: sky130_fd_sc_hd__dlymetal6s2s_1 |Circuit 2: sky130_fd_sc_hd__dlymetal6s2s_1 
-------------------------------------------|-------------------------------------------
sky130_fd_pr__pfet_01v8_hvt (6)            |sky130_fd_pr__pfet_01v8_hvt (6)            
sky130_fd_pr__nfet_01v8 (6)                |sky130_fd_pr__nfet_01v8 (6)                
Number of devices: 12                      |Number of devices: 12                      
Number of nets: 11                         |Number of nets: 11                         
---------------------------------------------------------------------------------------
Netlists match uniquely.

Subcircuit pins:
Circuit 1: sky130_fd_sc_hd__dlymetal6s2s_1 |Circuit 2: sky130_fd_sc_hd__dlymetal6s2s_1 
-------------------------------------------|-------------------------------------------
A                                          |A                                          
VPWR                                       |VPWR                                       
VPB                                        |VPB                                        
VGND                                       |VGND                                       
VNB                                        |VNB                                        
X                                          |X                                          
---------------------------------------------------------------------------------------
Cell pin lists are equivalent.
Device classes sky130_fd_sc_hd__dlymetal6s2s_1 and sky130_fd_sc_hd__dlymetal6s2s_1 are equivalent.

Class sky130_fd_sc_hd__a2bb2o_4 (0):  Merged 16 parallel devices.
Class sky130_fd_sc_hd__a2bb2o_4 (1):  Merged 16 parallel devices.
Subcircuit summary:
Circuit 1: sky130_fd_sc_hd__a2bb2o_4       |Circuit 2: sky130_fd_sc_hd__a2bb2o_4       
-------------------------------------------|-------------------------------------------
sky130_fd_pr__nfet_01v8 (14->6)            |sky130_fd_pr__nfet_01v8 (14->6)            
sky130_fd_pr__pfet_01v8_hvt (14->6)        |sky130_fd_pr__pfet_01v8_hvt (14->6)        
Number of devices: 12                      |Number of devices: 12                      
Number of nets: 14                         |Number of nets: 14                         
---------------------------------------------------------------------------------------
Netlists match uniquely.

Subcircuit pins:
Circuit 1: sky130_fd_sc_hd__a2bb2o_4       |Circuit 2: sky130_fd_sc_hd__a2bb2o_4       
-------------------------------------------|-------------------------------------------
VPWR                                       |VPWR                                       
A2_N                                       |A2_N                                       
X                                          |X                                          
A1_N                                       |A1_N                                       
B2                                         |B2                                         
B1                                         |B1                                         
VNB                                        |VNB                                        
VPB                                        |VPB                                        
VGND                                       |VGND                                       
---------------------------------------------------------------------------------------
Cell pin lists are equivalent.
Device classes sky130_fd_sc_hd__a2bb2o_4 and sky130_fd_sc_hd__a2bb2o_4 are equivalent.

Class sky130_fd_sc_hd__o2bb2a_2 (0):  Merged 2 parallel devices.
Class sky130_fd_sc_hd__o2bb2a_2 (1):  Merged 2 parallel devices.
Subcircuit summary:
Circuit 1: sky130_fd_sc_hd__o2bb2a_2       |Circuit 2: sky130_fd_sc_hd__o2bb2a_2       
-------------------------------------------|-------------------------------------------
sky130_fd_pr__nfet_01v8 (7->6)             |sky130_fd_pr__nfet_01v8 (7->6)             
sky130_fd_pr__pfet_01v8_hvt (7->6)         |sky130_fd_pr__pfet_01v8_hvt (7->6)         
Number of devices: 12                      |Number of devices: 12                      
Number of nets: 14                         |Number of nets: 14                         
---------------------------------------------------------------------------------------
Netlists match uniquely.

Subcircuit pins:
Circuit 1: sky130_fd_sc_hd__o2bb2a_2       |Circuit 2: sky130_fd_sc_hd__o2bb2a_2       
-------------------------------------------|-------------------------------------------
VPWR                                       |VPWR                                       
VPB                                        |VPB                                        
VNB                                        |VNB                                        
VGND                                       |VGND                                       
A1_N                                       |A1_N                                       
A2_N                                       |A2_N                                       
X                                          |X                                          
B2                                         |B2                                         
B1                                         |B1                                         
---------------------------------------------------------------------------------------
Cell pin lists are equivalent.
Device classes sky130_fd_sc_hd__o2bb2a_2 and sky130_fd_sc_hd__o2bb2a_2 are equivalent.

Class sky130_fd_sc_hd__o2bb2ai_2 (0):  Merged 10 parallel devices.
Class sky130_fd_sc_hd__o2bb2ai_2 (1):  Merged 10 parallel devices.
Subcircuit summary:
Circuit 1: sky130_fd_sc_hd__o2bb2ai_2      |Circuit 2: sky130_fd_sc_hd__o2bb2ai_2      
-------------------------------------------|-------------------------------------------
sky130_fd_pr__pfet_01v8_hvt (10->5)        |sky130_fd_pr__pfet_01v8_hvt (10->5)        
sky130_fd_pr__nfet_01v8 (10->5)            |sky130_fd_pr__nfet_01v8 (10->5)            
Number of devices: 10                      |Number of devices: 10                      
Number of nets: 13                         |Number of nets: 13                         
---------------------------------------------------------------------------------------
Netlists match uniquely.

Subcircuit pins:
Circuit 1: sky130_fd_sc_hd__o2bb2ai_2      |Circuit 2: sky130_fd_sc_hd__o2bb2ai_2      
-------------------------------------------|-------------------------------------------
VGND                                       |VGND                                       
Y                                          |Y                                          
VPWR                                       |VPWR                                       
A1_N                                       |A1_N                                       
B2                                         |B2                                         
A2_N                                       |A2_N                                       
B1                                         |B1                                         
VNB                                        |VNB                                        
VPB                                        |VPB                                        
---------------------------------------------------------------------------------------
Cell pin lists are equivalent.
Device classes sky130_fd_sc_hd__o2bb2ai_2 and sky130_fd_sc_hd__o2bb2ai_2 are equivalent.

Class sky130_fd_sc_hd__and3_4 (0):  Merged 6 parallel devices.
Class sky130_fd_sc_hd__and3_4 (1):  Merged 6 parallel devices.
Subcircuit summary:
Circuit 1: sky130_fd_sc_hd__and3_4         |Circuit 2: sky130_fd_sc_hd__and3_4         
-------------------------------------------|-------------------------------------------
sky130_fd_pr__pfet_01v8_hvt (7->4)         |sky130_fd_pr__pfet_01v8_hvt (7->4)         
sky130_fd_pr__nfet_01v8 (7->4)             |sky130_fd_pr__nfet_01v8 (7->4)             
Number of devices: 8                       |Number of devices: 8                       
Number of nets: 11                         |Number of nets: 11                         
---------------------------------------------------------------------------------------
Netlists match uniquely.

Subcircuit pins:
Circuit 1: sky130_fd_sc_hd__and3_4         |Circuit 2: sky130_fd_sc_hd__and3_4         
-------------------------------------------|-------------------------------------------
X                                          |X                                          
VGND                                       |VGND                                       
A                                          |A                                          
C                                          |C                                          
B                                          |B                                          
VNB                                        |VNB                                        
VPWR                                       |VPWR                                       
VPB                                        |VPB                                        
---------------------------------------------------------------------------------------
Cell pin lists are equivalent.
Device classes sky130_fd_sc_hd__and3_4 and sky130_fd_sc_hd__and3_4 are equivalent.

Class sky130_fd_sc_hd__dfxtp_4 (0):  Merged 6 parallel devices.
Class sky130_fd_sc_hd__dfxtp_4 (1):  Merged 6 parallel devices.
Subcircuit summary:
Circuit 1: sky130_fd_sc_hd__dfxtp_4        |Circuit 2: sky130_fd_sc_hd__dfxtp_4        
-------------------------------------------|-------------------------------------------
sky130_fd_pr__pfet_01v8_hvt (15->12)       |sky130_fd_pr__pfet_01v8_hvt (15->12)       
sky130_fd_pr__special_nfet_01v8 (4)        |sky130_fd_pr__special_nfet_01v8 (4)        
sky130_fd_pr__nfet_01v8 (11->8)            |sky130_fd_pr__nfet_01v8 (11->8)            
Number of devices: 24                      |Number of devices: 24                      
Number of nets: 18                         |Number of nets: 18                         
---------------------------------------------------------------------------------------
Netlists match uniquely.

Subcircuit pins:
Circuit 1: sky130_fd_sc_hd__dfxtp_4        |Circuit 2: sky130_fd_sc_hd__dfxtp_4        
-------------------------------------------|-------------------------------------------
VPB                                        |VPB                                        
VNB                                        |VNB                                        
VGND                                       |VGND                                       
VPWR                                       |VPWR                                       
Q                                          |Q                                          
D                                          |D                                          
CLK                                        |CLK                                        
---------------------------------------------------------------------------------------
Cell pin lists are equivalent.
Device classes sky130_fd_sc_hd__dfxtp_4 and sky130_fd_sc_hd__dfxtp_4 are equivalent.

Class sky130_fd_sc_hd__and4b_2 (0):  Merged 2 parallel devices.
Class sky130_fd_sc_hd__and4b_2 (1):  Merged 2 parallel devices.
Subcircuit summary:
Circuit 1: sky130_fd_sc_hd__and4b_2        |Circuit 2: sky130_fd_sc_hd__and4b_2        
-------------------------------------------|-------------------------------------------
sky130_fd_pr__pfet_01v8_hvt (7->6)         |sky130_fd_pr__pfet_01v8_hvt (7->6)         
sky130_fd_pr__nfet_01v8 (7->6)             |sky130_fd_pr__nfet_01v8 (7->6)             
Number of devices: 12                      |Number of devices: 12                      
Number of nets: 14                         |Number of nets: 14                         
---------------------------------------------------------------------------------------
Netlists match uniquely.

Subcircuit pins:
Circuit 1: sky130_fd_sc_hd__and4b_2        |Circuit 2: sky130_fd_sc_hd__and4b_2        
-------------------------------------------|-------------------------------------------
VGND                                       |VGND                                       
X                                          |X                                          
D                                          |D                                          
A_N                                        |A_N                                        
C                                          |C                                          
B                                          |B                                          
VPWR                                       |VPWR                                       
VPB                                        |VPB                                        
VNB                                        |VNB                                        
---------------------------------------------------------------------------------------
Cell pin lists are equivalent.
Device classes sky130_fd_sc_hd__and4b_2 and sky130_fd_sc_hd__and4b_2 are equivalent.

Class sky130_fd_sc_hd__nand2b_2 (0):  Merged 4 parallel devices.
Class sky130_fd_sc_hd__nand2b_2 (1):  Merged 4 parallel devices.
Subcircuit summary:
Circuit 1: sky130_fd_sc_hd__nand2b_2       |Circuit 2: sky130_fd_sc_hd__nand2b_2       
-------------------------------------------|-------------------------------------------
sky130_fd_pr__pfet_01v8_hvt (5->3)         |sky130_fd_pr__pfet_01v8_hvt (5->3)         
sky130_fd_pr__nfet_01v8 (5->3)             |sky130_fd_pr__nfet_01v8 (5->3)             
Number of devices: 6                       |Number of devices: 6                       
Number of nets: 9                          |Number of nets: 9                          
---------------------------------------------------------------------------------------
Netlists match uniquely.

Subcircuit pins:
Circuit 1: sky130_fd_sc_hd__nand2b_2       |Circuit 2: sky130_fd_sc_hd__nand2b_2       
-------------------------------------------|-------------------------------------------
B                                          |B                                          
VGND                                       |VGND                                       
A_N                                        |A_N                                        
VNB                                        |VNB                                        
VPWR                                       |VPWR                                       
Y                                          |Y                                          
VPB                                        |VPB                                        
---------------------------------------------------------------------------------------
Cell pin lists are equivalent.
Device classes sky130_fd_sc_hd__nand2b_2 and sky130_fd_sc_hd__nand2b_2 are equivalent.

Class sky130_fd_sc_hd__a21boi_4 (0):  Merged 18 parallel devices.
Class sky130_fd_sc_hd__a21boi_4 (1):  Merged 18 parallel devices.
Subcircuit summary:
Circuit 1: sky130_fd_sc_hd__a21boi_4       |Circuit 2: sky130_fd_sc_hd__a21boi_4       
-------------------------------------------|-------------------------------------------
sky130_fd_pr__pfet_01v8_hvt (13->4)        |sky130_fd_pr__pfet_01v8_hvt (13->4)        
sky130_fd_pr__nfet_01v8 (13->4)            |sky130_fd_pr__nfet_01v8 (13->4)            
Number of devices: 8                       |Number of devices: 8                       
Number of nets: 11                         |Number of nets: 11                         
---------------------------------------------------------------------------------------
Netlists match uniquely.

Subcircuit pins:
Circuit 1: sky130_fd_sc_hd__a21boi_4       |Circuit 2: sky130_fd_sc_hd__a21boi_4       
-------------------------------------------|-------------------------------------------
VPB                                        |VPB                                        
VNB                                        |VNB                                        
A1                                         |A1                                         
A2                                         |A2                                         
B1_N                                       |B1_N                                       
Y                                          |Y                                          
VPWR                                       |VPWR                                       
VGND                                       |VGND                                       
---------------------------------------------------------------------------------------
Cell pin lists are equivalent.
Device classes sky130_fd_sc_hd__a21boi_4 and sky130_fd_sc_hd__a21boi_4 are equivalent.

Cell sky130_fd_sc_hd__conb_1 (0) disconnected node: VNB
Cell sky130_fd_sc_hd__conb_1 (0) disconnected node: VPB
Cell sky130_fd_sc_hd__conb_1 (1) disconnected node: VNB
Cell sky130_fd_sc_hd__conb_1 (1) disconnected node: VPB
Subcircuit summary:
Circuit 1: sky130_fd_sc_hd__conb_1         |Circuit 2: sky130_fd_sc_hd__conb_1         
-------------------------------------------|-------------------------------------------
sky130_fd_pr__res_generic_po (2)           |sky130_fd_pr__res_generic_po (2)           
Number of devices: 2                       |Number of devices: 2                       
Number of nets: 4                          |Number of nets: 4                          
---------------------------------------------------------------------------------------
Resolving symmetries by property value.
Resolving symmetries by pin name.
Netlists match uniquely.

Subcircuit pins:
Circuit 1: sky130_fd_sc_hd__conb_1         |Circuit 2: sky130_fd_sc_hd__conb_1         
-------------------------------------------|-------------------------------------------
VGND                                       |VGND                                       
LO                                         |LO                                         
HI                                         |HI                                         
VPWR                                       |VPWR                                       
VNB                                        |VNB                                        
VPB                                        |VPB                                        
---------------------------------------------------------------------------------------
Cell pin lists are equivalent.
Device classes sky130_fd_sc_hd__conb_1 and sky130_fd_sc_hd__conb_1 are equivalent.

Class sky130_fd_sc_hd__a21oi_4 (0):  Merged 18 parallel devices.
Class sky130_fd_sc_hd__a21oi_4 (1):  Merged 18 parallel devices.
Subcircuit summary:
Circuit 1: sky130_fd_sc_hd__a21oi_4        |Circuit 2: sky130_fd_sc_hd__a21oi_4        
-------------------------------------------|-------------------------------------------
sky130_fd_pr__pfet_01v8_hvt (12->3)        |sky130_fd_pr__pfet_01v8_hvt (12->3)        
sky130_fd_pr__nfet_01v8 (12->3)            |sky130_fd_pr__nfet_01v8 (12->3)            
Number of devices: 6                       |Number of devices: 6                       
Number of nets: 10                         |Number of nets: 10                         
---------------------------------------------------------------------------------------
Netlists match uniquely.

Subcircuit pins:
Circuit 1: sky130_fd_sc_hd__a21oi_4        |Circuit 2: sky130_fd_sc_hd__a21oi_4        
-------------------------------------------|-------------------------------------------
A2                                         |A2                                         
VGND                                       |VGND                                       
B1                                         |B1                                         
VPWR                                       |VPWR                                       
A1                                         |A1                                         
VNB                                        |VNB                                        
Y                                          |Y                                          
VPB                                        |VPB                                        
---------------------------------------------------------------------------------------
Cell pin lists are equivalent.
Device classes sky130_fd_sc_hd__a21oi_4 and sky130_fd_sc_hd__a21oi_4 are equivalent.

Class sky130_fd_sc_hd__inv_12 (0):  Merged 22 parallel devices.
Class sky130_fd_sc_hd__inv_12 (1):  Merged 22 parallel devices.
Subcircuit summary:
Circuit 1: sky130_fd_sc_hd__inv_12         |Circuit 2: sky130_fd_sc_hd__inv_12         
-------------------------------------------|-------------------------------------------
sky130_fd_pr__pfet_01v8_hvt (12->1)        |sky130_fd_pr__pfet_01v8_hvt (12->1)        
sky130_fd_pr__nfet_01v8 (12->1)            |sky130_fd_pr__nfet_01v8 (12->1)            
Number of devices: 2                       |Number of devices: 2                       
Number of nets: 6                          |Number of nets: 6                          
---------------------------------------------------------------------------------------
Netlists match uniquely.

Subcircuit pins:
Circuit 1: sky130_fd_sc_hd__inv_12         |Circuit 2: sky130_fd_sc_hd__inv_12         
-------------------------------------------|-------------------------------------------
Y                                          |Y                                          
A                                          |A                                          
VGND                                       |VGND                                       
VNB                                        |VNB                                        
VPWR                                       |VPWR                                       
VPB                                        |VPB                                        
---------------------------------------------------------------------------------------
Cell pin lists are equivalent.
Device classes sky130_fd_sc_hd__inv_12 and sky130_fd_sc_hd__inv_12 are equivalent.

Class sky130_fd_sc_hd__o211ai_4 (0):  Merged 20 parallel devices.
Class sky130_fd_sc_hd__o211ai_4 (1):  Merged 20 parallel devices.
Subcircuit summary:
Circuit 1: sky130_fd_sc_hd__o211ai_4       |Circuit 2: sky130_fd_sc_hd__o211ai_4       
-------------------------------------------|-------------------------------------------
sky130_fd_pr__pfet_01v8_hvt (16->4)        |sky130_fd_pr__pfet_01v8_hvt (16->4)        
sky130_fd_pr__nfet_01v8 (16->8)            |sky130_fd_pr__nfet_01v8 (16->8)            
Number of devices: 12                      |Number of devices: 12                      
Number of nets: 14                         |Number of nets: 14                         
---------------------------------------------------------------------------------------
Resolving symmetries by property value.
Resolving symmetries by pin name.
Resolving symmetries by net name.
Netlists match with 3 symmetries.

Subcircuit pins:
Circuit 1: sky130_fd_sc_hd__o211ai_4       |Circuit 2: sky130_fd_sc_hd__o211ai_4       
-------------------------------------------|-------------------------------------------
VNB                                        |VNB                                        
Y                                          |Y                                          
B1                                         |B1                                         
C1                                         |C1                                         
VPB                                        |VPB                                        
A1                                         |A1                                         
VGND                                       |VGND                                       
A2                                         |A2                                         
VPWR                                       |VPWR                                       
---------------------------------------------------------------------------------------
Cell pin lists are equivalent.
Device classes sky130_fd_sc_hd__o211ai_4 and sky130_fd_sc_hd__o211ai_4 are equivalent.

Class sky130_fd_sc_hd__clkinvlp_4 (0):  Merged 3 parallel devices.
Class sky130_fd_sc_hd__clkinvlp_4 (1):  Merged 3 parallel devices.
Subcircuit summary:
Circuit 1: sky130_fd_sc_hd__clkinvlp_4     |Circuit 2: sky130_fd_sc_hd__clkinvlp_4     
-------------------------------------------|-------------------------------------------
sky130_fd_pr__pfet_01v8_hvt (4->1)         |sky130_fd_pr__pfet_01v8_hvt (4->1)         
sky130_fd_pr__nfet_01v8 (4)                |sky130_fd_pr__nfet_01v8 (4)                
Number of devices: 5                       |Number of devices: 5                       
Number of nets: 8                          |Number of nets: 8                          
---------------------------------------------------------------------------------------
Resolving symmetries by property value.
Resolving symmetries by pin name.
Resolving symmetries by net name.
Netlists match with 3 symmetries.

Subcircuit pins:
Circuit 1: sky130_fd_sc_hd__clkinvlp_4     |Circuit 2: sky130_fd_sc_hd__clkinvlp_4     
-------------------------------------------|-------------------------------------------
VNB                                        |VNB                                        
VGND                                       |VGND                                       
VPWR                                       |VPWR                                       
VPB                                        |VPB                                        
A                                          |A                                          
Y                                          |Y                                          
---------------------------------------------------------------------------------------
Cell pin lists are equivalent.
Device classes sky130_fd_sc_hd__clkinvlp_4 and sky130_fd_sc_hd__clkinvlp_4 are equivalent.

Class sky130_fd_sc_hd__o21bai_2 (0):  Merged 6 parallel devices.
Class sky130_fd_sc_hd__o21bai_2 (1):  Merged 6 parallel devices.
Subcircuit summary:
Circuit 1: sky130_fd_sc_hd__o21bai_2       |Circuit 2: sky130_fd_sc_hd__o21bai_2       
-------------------------------------------|-------------------------------------------
sky130_fd_pr__pfet_01v8_hvt (7->4)         |sky130_fd_pr__pfet_01v8_hvt (7->4)         
sky130_fd_pr__nfet_01v8 (7->4)             |sky130_fd_pr__nfet_01v8 (7->4)             
Number of devices: 8                       |Number of devices: 8                       
Number of nets: 11                         |Number of nets: 11                         
---------------------------------------------------------------------------------------
Netlists match uniquely.

Subcircuit pins:
Circuit 1: sky130_fd_sc_hd__o21bai_2       |Circuit 2: sky130_fd_sc_hd__o21bai_2       
-------------------------------------------|-------------------------------------------
VPB                                        |VPB                                        
VNB                                        |VNB                                        
Y                                          |Y                                          
VPWR                                       |VPWR                                       
VGND                                       |VGND                                       
B1_N                                       |B1_N                                       
A1                                         |A1                                         
A2                                         |A2                                         
---------------------------------------------------------------------------------------
Cell pin lists are equivalent.
Device classes sky130_fd_sc_hd__o21bai_2 and sky130_fd_sc_hd__o21bai_2 are equivalent.

Class sky130_fd_sc_hd__o22ai_2 (0):  Merged 8 parallel devices.
Class sky130_fd_sc_hd__o22ai_2 (1):  Merged 8 parallel devices.
Subcircuit summary:
Circuit 1: sky130_fd_sc_hd__o22ai_2        |Circuit 2: sky130_fd_sc_hd__o22ai_2        
-------------------------------------------|-------------------------------------------
sky130_fd_pr__pfet_01v8_hvt (8->4)         |sky130_fd_pr__pfet_01v8_hvt (8->4)         
sky130_fd_pr__nfet_01v8 (8->4)             |sky130_fd_pr__nfet_01v8 (8->4)             
Number of devices: 8                       |Number of devices: 8                       
Number of nets: 12                         |Number of nets: 12                         
---------------------------------------------------------------------------------------
Netlists match uniquely.

Subcircuit pins:
Circuit 1: sky130_fd_sc_hd__o22ai_2        |Circuit 2: sky130_fd_sc_hd__o22ai_2        
-------------------------------------------|-------------------------------------------
B2                                         |B2                                         
VPWR                                       |VPWR                                       
B1                                         |B1                                         
A2                                         |A2                                         
VGND                                       |VGND                                       
A1                                         |A1                                         
Y                                          |Y                                          
VNB                                        |VNB                                        
VPB                                        |VPB                                        
---------------------------------------------------------------------------------------
Cell pin lists are equivalent.
Device classes sky130_fd_sc_hd__o22ai_2 and sky130_fd_sc_hd__o22ai_2 are equivalent.

Class sky130_fd_sc_hd__a22oi_2 (0):  Merged 8 parallel devices.
Class sky130_fd_sc_hd__a22oi_2 (1):  Merged 8 parallel devices.
Subcircuit summary:
Circuit 1: sky130_fd_sc_hd__a22oi_2        |Circuit 2: sky130_fd_sc_hd__a22oi_2        
-------------------------------------------|-------------------------------------------
sky130_fd_pr__pfet_01v8_hvt (8->4)         |sky130_fd_pr__pfet_01v8_hvt (8->4)         
sky130_fd_pr__nfet_01v8 (8->4)             |sky130_fd_pr__nfet_01v8 (8->4)             
Number of devices: 8                       |Number of devices: 8                       
Number of nets: 12                         |Number of nets: 12                         
---------------------------------------------------------------------------------------
Netlists match uniquely.

Subcircuit pins:
Circuit 1: sky130_fd_sc_hd__a22oi_2        |Circuit 2: sky130_fd_sc_hd__a22oi_2        
-------------------------------------------|-------------------------------------------
VGND                                       |VGND                                       
A2                                         |A2                                         
A1                                         |A1                                         
VPWR                                       |VPWR                                       
B1                                         |B1                                         
B2                                         |B2                                         
VNB                                        |VNB                                        
Y                                          |Y                                          
VPB                                        |VPB                                        
---------------------------------------------------------------------------------------
Cell pin lists are equivalent.
Device classes sky130_fd_sc_hd__a22oi_2 and sky130_fd_sc_hd__a22oi_2 are equivalent.

Class sky130_fd_sc_hd__a31oi_4 (0):  Merged 24 parallel devices.
Class sky130_fd_sc_hd__a31oi_4 (1):  Merged 24 parallel devices.
Subcircuit summary:
Circuit 1: sky130_fd_sc_hd__a31oi_4        |Circuit 2: sky130_fd_sc_hd__a31oi_4        
-------------------------------------------|-------------------------------------------
sky130_fd_pr__nfet_01v8 (16->4)            |sky130_fd_pr__nfet_01v8 (16->4)            
sky130_fd_pr__pfet_01v8_hvt (16->4)        |sky130_fd_pr__pfet_01v8_hvt (16->4)        
Number of devices: 8                       |Number of devices: 8                       
Number of nets: 12                         |Number of nets: 12                         
---------------------------------------------------------------------------------------
Netlists match uniquely.

Subcircuit pins:
Circuit 1: sky130_fd_sc_hd__a31oi_4        |Circuit 2: sky130_fd_sc_hd__a31oi_4        
-------------------------------------------|-------------------------------------------
Y                                          |Y                                          
VPWR                                       |VPWR                                       
VPB                                        |VPB                                        
VNB                                        |VNB                                        
B1                                         |B1                                         
A1                                         |A1                                         
VGND                                       |VGND                                       
A3                                         |A3                                         
A2                                         |A2                                         
---------------------------------------------------------------------------------------
Cell pin lists are equivalent.
Device classes sky130_fd_sc_hd__a31oi_4 and sky130_fd_sc_hd__a31oi_4 are equivalent.

Class sky130_fd_sc_hd__a211oi_2 (0):  Merged 8 parallel devices.
Class sky130_fd_sc_hd__a211oi_2 (1):  Merged 8 parallel devices.
Subcircuit summary:
Circuit 1: sky130_fd_sc_hd__a211oi_2       |Circuit 2: sky130_fd_sc_hd__a211oi_2       
-------------------------------------------|-------------------------------------------
sky130_fd_pr__nfet_01v8 (8->4)             |sky130_fd_pr__nfet_01v8 (8->4)             
sky130_fd_pr__pfet_01v8_hvt (8->4)         |sky130_fd_pr__pfet_01v8_hvt (8->4)         
Number of devices: 8                       |Number of devices: 8                       
Number of nets: 12                         |Number of nets: 12                         
---------------------------------------------------------------------------------------
Netlists match uniquely.

Subcircuit pins:
Circuit 1: sky130_fd_sc_hd__a211oi_2       |Circuit 2: sky130_fd_sc_hd__a211oi_2       
-------------------------------------------|-------------------------------------------
VPB                                        |VPB                                        
Y                                          |Y                                          
VNB                                        |VNB                                        
B1                                         |B1                                         
C1                                         |C1                                         
VPWR                                       |VPWR                                       
A2                                         |A2                                         
A1                                         |A1                                         
VGND                                       |VGND                                       
---------------------------------------------------------------------------------------
Cell pin lists are equivalent.
Device classes sky130_fd_sc_hd__a211oi_2 and sky130_fd_sc_hd__a211oi_2 are equivalent.

Class sky130_fd_sc_hd__or3_4 (0):  Merged 6 parallel devices.
Class sky130_fd_sc_hd__or3_4 (1):  Merged 6 parallel devices.
Subcircuit summary:
Circuit 1: sky130_fd_sc_hd__or3_4          |Circuit 2: sky130_fd_sc_hd__or3_4          
-------------------------------------------|-------------------------------------------
sky130_fd_pr__nfet_01v8 (7->4)             |sky130_fd_pr__nfet_01v8 (7->4)             
sky130_fd_pr__pfet_01v8_hvt (7->4)         |sky130_fd_pr__pfet_01v8_hvt (7->4)         
Number of devices: 8                       |Number of devices: 8                       
Number of nets: 11                         |Number of nets: 11                         
---------------------------------------------------------------------------------------
Netlists match uniquely.

Subcircuit pins:
Circuit 1: sky130_fd_sc_hd__or3_4          |Circuit 2: sky130_fd_sc_hd__or3_4          
-------------------------------------------|-------------------------------------------
VGND                                       |VGND                                       
VNB                                        |VNB                                        
VPB                                        |VPB                                        
X                                          |X                                          
VPWR                                       |VPWR                                       
B                                          |B                                          
A                                          |A                                          
C                                          |C                                          
---------------------------------------------------------------------------------------
Cell pin lists are equivalent.
Device classes sky130_fd_sc_hd__or3_4 and sky130_fd_sc_hd__or3_4 are equivalent.

Class sky130_fd_sc_hd__inv_16 (0):  Merged 30 parallel devices.
Class sky130_fd_sc_hd__inv_16 (1):  Merged 30 parallel devices.
Subcircuit summary:
Circuit 1: sky130_fd_sc_hd__inv_16         |Circuit 2: sky130_fd_sc_hd__inv_16         
-------------------------------------------|-------------------------------------------
sky130_fd_pr__pfet_01v8_hvt (16->1)        |sky130_fd_pr__pfet_01v8_hvt (16->1)        
sky130_fd_pr__nfet_01v8 (16->1)            |sky130_fd_pr__nfet_01v8 (16->1)            
Number of devices: 2                       |Number of devices: 2                       
Number of nets: 6                          |Number of nets: 6                          
---------------------------------------------------------------------------------------
Netlists match uniquely.

Subcircuit pins:
Circuit 1: sky130_fd_sc_hd__inv_16         |Circuit 2: sky130_fd_sc_hd__inv_16         
-------------------------------------------|-------------------------------------------
VGND                                       |VGND                                       
VNB                                        |VNB                                        
VPWR                                       |VPWR                                       
VPB                                        |VPB                                        
A                                          |A                                          
Y                                          |Y                                          
---------------------------------------------------------------------------------------
Cell pin lists are equivalent.
Device classes sky130_fd_sc_hd__inv_16 and sky130_fd_sc_hd__inv_16 are equivalent.

Subcircuit summary:
Circuit 1: sky130_fd_sc_hd__dlygate4sd1_1  |Circuit 2: sky130_fd_sc_hd__dlygate4sd1_1  
-------------------------------------------|-------------------------------------------
sky130_fd_pr__nfet_01v8 (4)                |sky130_fd_pr__nfet_01v8 (4)                
sky130_fd_pr__pfet_01v8_hvt (4)            |sky130_fd_pr__pfet_01v8_hvt (4)            
Number of devices: 8                       |Number of devices: 8                       
Number of nets: 9                          |Number of nets: 9                          
---------------------------------------------------------------------------------------
Netlists match uniquely.

Subcircuit pins:
Circuit 1: sky130_fd_sc_hd__dlygate4sd1_1  |Circuit 2: sky130_fd_sc_hd__dlygate4sd1_1  
-------------------------------------------|-------------------------------------------
VPWR                                       |VPWR                                       
VPB                                        |VPB                                        
VGND                                       |VGND                                       
VNB                                        |VNB                                        
X                                          |X                                          
A                                          |A                                          
---------------------------------------------------------------------------------------
Cell pin lists are equivalent.
Device classes sky130_fd_sc_hd__dlygate4sd1_1 and sky130_fd_sc_hd__dlygate4sd1_1 are equivalent.

Subcircuit summary:
Circuit 1: sky130_fd_sc_hd__clkbuf_1       |Circuit 2: sky130_fd_sc_hd__clkbuf_1       
-------------------------------------------|-------------------------------------------
sky130_fd_pr__pfet_01v8_hvt (2)            |sky130_fd_pr__pfet_01v8_hvt (2)            
sky130_fd_pr__nfet_01v8 (2)                |sky130_fd_pr__nfet_01v8 (2)                
Number of devices: 4                       |Number of devices: 4                       
Number of nets: 7                          |Number of nets: 7                          
---------------------------------------------------------------------------------------
Netlists match uniquely.

Subcircuit pins:
Circuit 1: sky130_fd_sc_hd__clkbuf_1       |Circuit 2: sky130_fd_sc_hd__clkbuf_1       
-------------------------------------------|-------------------------------------------
VGND                                       |VGND                                       
A                                          |A                                          
VNB                                        |VNB                                        
X                                          |X                                          
VPWR                                       |VPWR                                       
VPB                                        |VPB                                        
---------------------------------------------------------------------------------------
Cell pin lists are equivalent.
Device classes sky130_fd_sc_hd__clkbuf_1 and sky130_fd_sc_hd__clkbuf_1 are equivalent.

Class sky130_fd_sc_hd__or4_4 (0):  Merged 6 parallel devices.
Class sky130_fd_sc_hd__or4_4 (1):  Merged 6 parallel devices.
Subcircuit summary:
Circuit 1: sky130_fd_sc_hd__or4_4          |Circuit 2: sky130_fd_sc_hd__or4_4          
-------------------------------------------|-------------------------------------------
sky130_fd_pr__pfet_01v8_hvt (8->5)         |sky130_fd_pr__pfet_01v8_hvt (8->5)         
sky130_fd_pr__nfet_01v8 (8->5)             |sky130_fd_pr__nfet_01v8 (8->5)             
Number of devices: 10                      |Number of devices: 10                      
Number of nets: 13                         |Number of nets: 13                         
---------------------------------------------------------------------------------------
Netlists match uniquely.

Subcircuit pins:
Circuit 1: sky130_fd_sc_hd__or4_4          |Circuit 2: sky130_fd_sc_hd__or4_4          
-------------------------------------------|-------------------------------------------
VGND                                       |VGND                                       
VNB                                        |VNB                                        
VPB                                        |VPB                                        
D                                          |D                                          
X                                          |X                                          
VPWR                                       |VPWR                                       
C                                          |C                                          
B                                          |B                                          
A                                          |A                                          
---------------------------------------------------------------------------------------
Cell pin lists are equivalent.
Device classes sky130_fd_sc_hd__or4_4 and sky130_fd_sc_hd__or4_4 are equivalent.

Class sky130_fd_sc_hd__a2bb2oi_2 (0):  Merged 10 parallel devices.
Class sky130_fd_sc_hd__a2bb2oi_2 (1):  Merged 10 parallel devices.
Subcircuit summary:
Circuit 1: sky130_fd_sc_hd__a2bb2oi_2      |Circuit 2: sky130_fd_sc_hd__a2bb2oi_2      
-------------------------------------------|-------------------------------------------
sky130_fd_pr__pfet_01v8_hvt (10->5)        |sky130_fd_pr__pfet_01v8_hvt (10->5)        
sky130_fd_pr__nfet_01v8 (10->5)            |sky130_fd_pr__nfet_01v8 (10->5)            
Number of devices: 10                      |Number of devices: 10                      
Number of nets: 13                         |Number of nets: 13                         
---------------------------------------------------------------------------------------
Netlists match uniquely.

Subcircuit pins:
Circuit 1: sky130_fd_sc_hd__a2bb2oi_2      |Circuit 2: sky130_fd_sc_hd__a2bb2oi_2      
-------------------------------------------|-------------------------------------------
VGND                                       |VGND                                       
VNB                                        |VNB                                        
VPB                                        |VPB                                        
B2                                         |B2                                         
A2_N                                       |A2_N                                       
A1_N                                       |A1_N                                       
B1                                         |B1                                         
Y                                          |Y                                          
VPWR                                       |VPWR                                       
---------------------------------------------------------------------------------------
Cell pin lists are equivalent.
Device classes sky130_fd_sc_hd__a2bb2oi_2 and sky130_fd_sc_hd__a2bb2oi_2 are equivalent.

Class sky130_fd_sc_hd__xnor2_4 (0):  Merged 30 parallel devices.
Class sky130_fd_sc_hd__xnor2_4 (1):  Merged 30 parallel devices.
Subcircuit summary:
Circuit 1: sky130_fd_sc_hd__xnor2_4        |Circuit 2: sky130_fd_sc_hd__xnor2_4        
-------------------------------------------|-------------------------------------------
sky130_fd_pr__nfet_01v8 (20->5)            |sky130_fd_pr__nfet_01v8 (20->5)            
sky130_fd_pr__pfet_01v8_hvt (20->5)        |sky130_fd_pr__pfet_01v8_hvt (20->5)        
Number of devices: 10                      |Number of devices: 10                      
Number of nets: 11                         |Number of nets: 11                         
---------------------------------------------------------------------------------------
Netlists match uniquely.

Subcircuit pins:
Circuit 1: sky130_fd_sc_hd__xnor2_4        |Circuit 2: sky130_fd_sc_hd__xnor2_4        
-------------------------------------------|-------------------------------------------
VNB                                        |VNB                                        
VPB                                        |VPB                                        
A                                          |A                                          
B                                          |B                                          
VPWR                                       |VPWR                                       
VGND                                       |VGND                                       
Y                                          |Y                                          
---------------------------------------------------------------------------------------
Cell pin lists are equivalent.
Device classes sky130_fd_sc_hd__xnor2_4 and sky130_fd_sc_hd__xnor2_4 are equivalent.

Class sky130_fd_sc_hd__a21o_4 (0):  Merged 10 parallel devices.
Class sky130_fd_sc_hd__a21o_4 (1):  Merged 10 parallel devices.
Subcircuit summary:
Circuit 1: sky130_fd_sc_hd__a21o_4         |Circuit 2: sky130_fd_sc_hd__a21o_4         
-------------------------------------------|-------------------------------------------
sky130_fd_pr__nfet_01v8 (10->6)            |sky130_fd_pr__nfet_01v8 (10->6)            
sky130_fd_pr__pfet_01v8_hvt (10->4)        |sky130_fd_pr__pfet_01v8_hvt (10->4)        
Number of devices: 10                      |Number of devices: 10                      
Number of nets: 12                         |Number of nets: 12                         
---------------------------------------------------------------------------------------
Resolving symmetries by property value.
Resolving symmetries by pin name.
Resolving symmetries by net name.
Netlists match with 3 symmetries.

Subcircuit pins:
Circuit 1: sky130_fd_sc_hd__a21o_4         |Circuit 2: sky130_fd_sc_hd__a21o_4         
-------------------------------------------|-------------------------------------------
VPWR                                       |VPWR                                       
A2                                         |A2                                         
A1                                         |A1                                         
VNB                                        |VNB                                        
X                                          |X                                          
B1                                         |B1                                         
VPB                                        |VPB                                        
VGND                                       |VGND                                       
---------------------------------------------------------------------------------------
Cell pin lists are equivalent.
Device classes sky130_fd_sc_hd__a21o_4 and sky130_fd_sc_hd__a21o_4 are equivalent.

Class sky130_fd_sc_hd__clkinv_8 (0):  Merged 18 parallel devices.
Class sky130_fd_sc_hd__clkinv_8 (1):  Merged 18 parallel devices.
Subcircuit summary:
Circuit 1: sky130_fd_sc_hd__clkinv_8       |Circuit 2: sky130_fd_sc_hd__clkinv_8       
-------------------------------------------|-------------------------------------------
sky130_fd_pr__nfet_01v8 (8->1)             |sky130_fd_pr__nfet_01v8 (8->1)             
sky130_fd_pr__pfet_01v8_hvt (12->1)        |sky130_fd_pr__pfet_01v8_hvt (12->1)        
Number of devices: 2                       |Number of devices: 2                       
Number of nets: 6                          |Number of nets: 6                          
---------------------------------------------------------------------------------------
Netlists match uniquely.

Subcircuit pins:
Circuit 1: sky130_fd_sc_hd__clkinv_8       |Circuit 2: sky130_fd_sc_hd__clkinv_8       
-------------------------------------------|-------------------------------------------
VPWR                                       |VPWR                                       
VPB                                        |VPB                                        
VGND                                       |VGND                                       
VNB                                        |VNB                                        
Y                                          |Y                                          
A                                          |A                                          
---------------------------------------------------------------------------------------
Cell pin lists are equivalent.
Device classes sky130_fd_sc_hd__clkinv_8 and sky130_fd_sc_hd__clkinv_8 are equivalent.

Class sky130_fd_sc_hd__mux2_4 (0):  Merged 6 parallel devices.
Class sky130_fd_sc_hd__mux2_4 (1):  Merged 6 parallel devices.
Subcircuit summary:
Circuit 1: sky130_fd_sc_hd__mux2_4         |Circuit 2: sky130_fd_sc_hd__mux2_4         
-------------------------------------------|-------------------------------------------
sky130_fd_pr__pfet_01v8_hvt (9->6)         |sky130_fd_pr__pfet_01v8_hvt (9->6)         
sky130_fd_pr__nfet_01v8 (9->6)             |sky130_fd_pr__nfet_01v8 (9->6)             
Number of devices: 12                      |Number of devices: 12                      
Number of nets: 14                         |Number of nets: 14                         
---------------------------------------------------------------------------------------
Netlists match uniquely.

Subcircuit pins:
Circuit 1: sky130_fd_sc_hd__mux2_4         |Circuit 2: sky130_fd_sc_hd__mux2_4         
-------------------------------------------|-------------------------------------------
VGND                                       |VGND                                       
VPWR                                       |VPWR                                       
S                                          |S                                          
VNB                                        |VNB                                        
VPB                                        |VPB                                        
X                                          |X                                          
A0                                         |A0                                         
A1                                         |A1                                         
---------------------------------------------------------------------------------------
Cell pin lists are equivalent.
Device classes sky130_fd_sc_hd__mux2_4 and sky130_fd_sc_hd__mux2_4 are equivalent.

Class sky130_fd_sc_hd__o2bb2ai_4 (0):  Merged 30 parallel devices.
Class sky130_fd_sc_hd__o2bb2ai_4 (1):  Merged 30 parallel devices.
Subcircuit summary:
Circuit 1: sky130_fd_sc_hd__o2bb2ai_4      |Circuit 2: sky130_fd_sc_hd__o2bb2ai_4      
-------------------------------------------|-------------------------------------------
sky130_fd_pr__pfet_01v8_hvt (20->5)        |sky130_fd_pr__pfet_01v8_hvt (20->5)        
sky130_fd_pr__nfet_01v8 (20->5)            |sky130_fd_pr__nfet_01v8 (20->5)            
Number of devices: 10                      |Number of devices: 10                      
Number of nets: 13                         |Number of nets: 13                         
---------------------------------------------------------------------------------------
Netlists match uniquely.

Subcircuit pins:
Circuit 1: sky130_fd_sc_hd__o2bb2ai_4      |Circuit 2: sky130_fd_sc_hd__o2bb2ai_4      
-------------------------------------------|-------------------------------------------
VGND                                       |VGND                                       
Y                                          |Y                                          
VPB                                        |VPB                                        
VNB                                        |VNB                                        
VPWR                                       |VPWR                                       
A1_N                                       |A1_N                                       
B2                                         |B2                                         
B1                                         |B1                                         
A2_N                                       |A2_N                                       
---------------------------------------------------------------------------------------
Cell pin lists are equivalent.
Device classes sky130_fd_sc_hd__o2bb2ai_4 and sky130_fd_sc_hd__o2bb2ai_4 are equivalent.

Class sky130_fd_sc_hd__clkinv_16 (0):  Merged 38 parallel devices.
Class sky130_fd_sc_hd__clkinv_16 (1):  Merged 38 parallel devices.
Subcircuit summary:
Circuit 1: sky130_fd_sc_hd__clkinv_16      |Circuit 2: sky130_fd_sc_hd__clkinv_16      
-------------------------------------------|-------------------------------------------
sky130_fd_pr__nfet_01v8 (16->1)            |sky130_fd_pr__nfet_01v8 (16->1)            
sky130_fd_pr__pfet_01v8_hvt (24->1)        |sky130_fd_pr__pfet_01v8_hvt (24->1)        
Number of devices: 2                       |Number of devices: 2                       
Number of nets: 6                          |Number of nets: 6                          
---------------------------------------------------------------------------------------
Netlists match uniquely.

Subcircuit pins:
Circuit 1: sky130_fd_sc_hd__clkinv_16      |Circuit 2: sky130_fd_sc_hd__clkinv_16      
-------------------------------------------|-------------------------------------------
Y                                          |Y                                          
A                                          |A                                          
VPWR                                       |VPWR                                       
VPB                                        |VPB                                        
VGND                                       |VGND                                       
VNB                                        |VNB                                        
---------------------------------------------------------------------------------------
Cell pin lists are equivalent.
Device classes sky130_fd_sc_hd__clkinv_16 and sky130_fd_sc_hd__clkinv_16 are equivalent.

Class sky130_fd_sc_hd__dfstp_4 (0):  Merged 8 parallel devices.
Class sky130_fd_sc_hd__dfstp_4 (1):  Merged 8 parallel devices.
Subcircuit summary:
Circuit 1: sky130_fd_sc_hd__dfstp_4        |Circuit 2: sky130_fd_sc_hd__dfstp_4        
-------------------------------------------|-------------------------------------------
sky130_fd_pr__pfet_01v8_hvt (20->16)       |sky130_fd_pr__pfet_01v8_hvt (20->16)       
sky130_fd_pr__nfet_01v8 (18->14)           |sky130_fd_pr__nfet_01v8 (18->14)           
sky130_fd_pr__special_nfet_01v8 (2)        |sky130_fd_pr__special_nfet_01v8 (2)        
Number of devices: 32                      |Number of devices: 32                      
Number of nets: 24                         |Number of nets: 24                         
---------------------------------------------------------------------------------------
Netlists match uniquely.

Subcircuit pins:
Circuit 1: sky130_fd_sc_hd__dfstp_4        |Circuit 2: sky130_fd_sc_hd__dfstp_4        
-------------------------------------------|-------------------------------------------
Q                                          |Q                                          
D                                          |D                                          
CLK                                        |CLK                                        
VGND                                       |VGND                                       
VPB                                        |VPB                                        
VNB                                        |VNB                                        
VPWR                                       |VPWR                                       
SET_B                                      |SET_B                                      
---------------------------------------------------------------------------------------
Cell pin lists are equivalent.
Device classes sky130_fd_sc_hd__dfstp_4 and sky130_fd_sc_hd__dfstp_4 are equivalent.

Class sky130_fd_sc_hd__nand2b_4 (0):  Merged 12 parallel devices.
Class sky130_fd_sc_hd__nand2b_4 (1):  Merged 12 parallel devices.
Subcircuit summary:
Circuit 1: sky130_fd_sc_hd__nand2b_4       |Circuit 2: sky130_fd_sc_hd__nand2b_4       
-------------------------------------------|-------------------------------------------
sky130_fd_pr__nfet_01v8 (9->3)             |sky130_fd_pr__nfet_01v8 (9->3)             
sky130_fd_pr__pfet_01v8_hvt (9->3)         |sky130_fd_pr__pfet_01v8_hvt (9->3)         
Number of devices: 6                       |Number of devices: 6                       
Number of nets: 9                          |Number of nets: 9                          
---------------------------------------------------------------------------------------
Netlists match uniquely.

Subcircuit pins:
Circuit 1: sky130_fd_sc_hd__nand2b_4       |Circuit 2: sky130_fd_sc_hd__nand2b_4       
-------------------------------------------|-------------------------------------------
VPWR                                       |VPWR                                       
Y                                          |Y                                          
VPB                                        |VPB                                        
VNB                                        |VNB                                        
B                                          |B                                          
VGND                                       |VGND                                       
A_N                                        |A_N                                        
---------------------------------------------------------------------------------------
Cell pin lists are equivalent.
Device classes sky130_fd_sc_hd__nand2b_4 and sky130_fd_sc_hd__nand2b_4 are equivalent.

Class sky130_fd_sc_hd__clkbuf_16 (0):  Merged 36 parallel devices.
Class sky130_fd_sc_hd__clkbuf_16 (1):  Merged 36 parallel devices.
Subcircuit summary:
Circuit 1: sky130_fd_sc_hd__clkbuf_16      |Circuit 2: sky130_fd_sc_hd__clkbuf_16      
-------------------------------------------|-------------------------------------------
sky130_fd_pr__pfet_01v8_hvt (20->2)        |sky130_fd_pr__pfet_01v8_hvt (20->2)        
sky130_fd_pr__nfet_01v8 (20->2)            |sky130_fd_pr__nfet_01v8 (20->2)            
Number of devices: 4                       |Number of devices: 4                       
Number of nets: 7                          |Number of nets: 7                          
---------------------------------------------------------------------------------------
Netlists match uniquely.

Subcircuit pins:
Circuit 1: sky130_fd_sc_hd__clkbuf_16      |Circuit 2: sky130_fd_sc_hd__clkbuf_16      
-------------------------------------------|-------------------------------------------
VPWR                                       |VPWR                                       
X                                          |X                                          
VPB                                        |VPB                                        
VGND                                       |VGND                                       
VNB                                        |VNB                                        
A                                          |A                                          
---------------------------------------------------------------------------------------
Cell pin lists are equivalent.
Device classes sky130_fd_sc_hd__clkbuf_16 and sky130_fd_sc_hd__clkbuf_16 are equivalent.

Class sky130_fd_sc_hd__a221oi_4 (0):  Merged 30 parallel devices.
Class sky130_fd_sc_hd__a221oi_4 (1):  Merged 30 parallel devices.
Subcircuit summary:
Circuit 1: sky130_fd_sc_hd__a221oi_4       |Circuit 2: sky130_fd_sc_hd__a221oi_4       
-------------------------------------------|-------------------------------------------
sky130_fd_pr__nfet_01v8 (20->5)            |sky130_fd_pr__nfet_01v8 (20->5)            
sky130_fd_pr__pfet_01v8_hvt (20->5)        |sky130_fd_pr__pfet_01v8_hvt (20->5)        
Number of devices: 10                      |Number of devices: 10                      
Number of nets: 14                         |Number of nets: 14                         
---------------------------------------------------------------------------------------
Netlists match uniquely.

Subcircuit pins:
Circuit 1: sky130_fd_sc_hd__a221oi_4       |Circuit 2: sky130_fd_sc_hd__a221oi_4       
-------------------------------------------|-------------------------------------------
VGND                                       |VGND                                       
VPB                                        |VPB                                        
VNB                                        |VNB                                        
B1                                         |B1                                         
C1                                         |C1                                         
A1                                         |A1                                         
A2                                         |A2                                         
VPWR                                       |VPWR                                       
B2                                         |B2                                         
Y                                          |Y                                          
---------------------------------------------------------------------------------------
Cell pin lists are equivalent.
Device classes sky130_fd_sc_hd__a221oi_4 and sky130_fd_sc_hd__a221oi_4 are equivalent.

Class sky130_fd_sc_hd__o21ba_4 (0):  Merged 12 parallel devices.
Class sky130_fd_sc_hd__o21ba_4 (1):  Merged 12 parallel devices.
Subcircuit summary:
Circuit 1: sky130_fd_sc_hd__o21ba_4        |Circuit 2: sky130_fd_sc_hd__o21ba_4        
-------------------------------------------|-------------------------------------------
sky130_fd_pr__pfet_01v8_hvt (11->5)        |sky130_fd_pr__pfet_01v8_hvt (11->5)        
sky130_fd_pr__nfet_01v8 (11->5)            |sky130_fd_pr__nfet_01v8 (11->5)            
Number of devices: 10                      |Number of devices: 10                      
Number of nets: 12                         |Number of nets: 12                         
---------------------------------------------------------------------------------------
Netlists match uniquely.

Subcircuit pins:
Circuit 1: sky130_fd_sc_hd__o21ba_4        |Circuit 2: sky130_fd_sc_hd__o21ba_4        
-------------------------------------------|-------------------------------------------
VNB                                        |VNB                                        
VPB                                        |VPB                                        
A1                                         |A1                                         
X                                          |X                                          
B1_N                                       |B1_N                                       
A2                                         |A2                                         
VGND                                       |VGND                                       
VPWR                                       |VPWR                                       
---------------------------------------------------------------------------------------
Cell pin lists are equivalent.
Device classes sky130_fd_sc_hd__o21ba_4 and sky130_fd_sc_hd__o21ba_4 are equivalent.

Class sky130_fd_sc_hd__a32o_4 (0):  Merged 16 parallel devices.
Class sky130_fd_sc_hd__a32o_4 (1):  Merged 16 parallel devices.
Subcircuit summary:
Circuit 1: sky130_fd_sc_hd__a32o_4         |Circuit 2: sky130_fd_sc_hd__a32o_4         
-------------------------------------------|-------------------------------------------
sky130_fd_pr__nfet_01v8 (14->6)            |sky130_fd_pr__nfet_01v8 (14->6)            
sky130_fd_pr__pfet_01v8_hvt (14->6)        |sky130_fd_pr__pfet_01v8_hvt (14->6)        
Number of devices: 12                      |Number of devices: 12                      
Number of nets: 15                         |Number of nets: 15                         
---------------------------------------------------------------------------------------
Netlists match uniquely.

Subcircuit pins:
Circuit 1: sky130_fd_sc_hd__a32o_4         |Circuit 2: sky130_fd_sc_hd__a32o_4         
-------------------------------------------|-------------------------------------------
VPWR                                       |VPWR                                       
VPB                                        |VPB                                        
VNB                                        |VNB                                        
B2                                         |B2                                         
A1                                         |A1                                         
B1                                         |B1                                         
A3                                         |A3                                         
A2                                         |A2                                         
X                                          |X                                          
VGND                                       |VGND                                       
---------------------------------------------------------------------------------------
Cell pin lists are equivalent.
Device classes sky130_fd_sc_hd__a32o_4 and sky130_fd_sc_hd__a32o_4 are equivalent.

Class sky130_fd_sc_hd__a22o_4 (0):  Merged 14 parallel devices.
Class sky130_fd_sc_hd__a22o_4 (1):  Merged 14 parallel devices.
Subcircuit summary:
Circuit 1: sky130_fd_sc_hd__a22o_4         |Circuit 2: sky130_fd_sc_hd__a22o_4         
-------------------------------------------|-------------------------------------------
sky130_fd_pr__pfet_01v8_hvt (12->5)        |sky130_fd_pr__pfet_01v8_hvt (12->5)        
sky130_fd_pr__nfet_01v8 (12->5)            |sky130_fd_pr__nfet_01v8 (12->5)            
Number of devices: 10                      |Number of devices: 10                      
Number of nets: 13                         |Number of nets: 13                         
---------------------------------------------------------------------------------------
Netlists match uniquely.

Subcircuit pins:
Circuit 1: sky130_fd_sc_hd__a22o_4         |Circuit 2: sky130_fd_sc_hd__a22o_4         
-------------------------------------------|-------------------------------------------
VPWR                                       |VPWR                                       
VGND                                       |VGND                                       
VPB                                        |VPB                                        
VNB                                        |VNB                                        
A1                                         |A1                                         
X                                          |X                                          
B2                                         |B2                                         
A2                                         |A2                                         
B1                                         |B1                                         
---------------------------------------------------------------------------------------
Cell pin lists are equivalent.
Device classes sky130_fd_sc_hd__a22o_4 and sky130_fd_sc_hd__a22o_4 are equivalent.

Class sky130_fd_sc_hd__o21bai_4 (0):  Merged 18 parallel devices.
Class sky130_fd_sc_hd__o21bai_4 (1):  Merged 18 parallel devices.
Subcircuit summary:
Circuit 1: sky130_fd_sc_hd__o21bai_4       |Circuit 2: sky130_fd_sc_hd__o21bai_4       
-------------------------------------------|-------------------------------------------
sky130_fd_pr__pfet_01v8_hvt (13->4)        |sky130_fd_pr__pfet_01v8_hvt (13->4)        
sky130_fd_pr__nfet_01v8 (13->4)            |sky130_fd_pr__nfet_01v8 (13->4)            
Number of devices: 8                       |Number of devices: 8                       
Number of nets: 11                         |Number of nets: 11                         
---------------------------------------------------------------------------------------
Netlists match uniquely.

Subcircuit pins:
Circuit 1: sky130_fd_sc_hd__o21bai_4       |Circuit 2: sky130_fd_sc_hd__o21bai_4       
-------------------------------------------|-------------------------------------------
A1                                         |A1                                         
A2                                         |A2                                         
B1_N                                       |B1_N                                       
VNB                                        |VNB                                        
VPB                                        |VPB                                        
Y                                          |Y                                          
VGND                                       |VGND                                       
VPWR                                       |VPWR                                       
---------------------------------------------------------------------------------------
Cell pin lists are equivalent.
Device classes sky130_fd_sc_hd__o21bai_4 and sky130_fd_sc_hd__o21bai_4 are equivalent.

Subcircuit summary:
Circuit 1: sky130_fd_sc_hd__nor2_1         |Circuit 2: sky130_fd_sc_hd__nor2_1         
-------------------------------------------|-------------------------------------------
sky130_fd_pr__pfet_01v8_hvt (2)            |sky130_fd_pr__pfet_01v8_hvt (2)            
sky130_fd_pr__nfet_01v8 (2)                |sky130_fd_pr__nfet_01v8 (2)                
Number of devices: 4                       |Number of devices: 4                       
Number of nets: 8                          |Number of nets: 8                          
---------------------------------------------------------------------------------------
Netlists match uniquely.

Subcircuit pins:
Circuit 1: sky130_fd_sc_hd__nor2_1         |Circuit 2: sky130_fd_sc_hd__nor2_1         
-------------------------------------------|-------------------------------------------
Y                                          |Y                                          
A                                          |A                                          
VPB                                        |VPB                                        
VGND                                       |VGND                                       
VNB                                        |VNB                                        
B                                          |B                                          
VPWR                                       |VPWR                                       
---------------------------------------------------------------------------------------
Cell pin lists are equivalent.
Device classes sky130_fd_sc_hd__nor2_1 and sky130_fd_sc_hd__nor2_1 are equivalent.

Class sky130_fd_sc_hd__a211o_4 (0):  Merged 10 parallel devices.
Class sky130_fd_sc_hd__a211o_4 (1):  Merged 10 parallel devices.
Subcircuit summary:
Circuit 1: sky130_fd_sc_hd__a211o_4        |Circuit 2: sky130_fd_sc_hd__a211o_4        
-------------------------------------------|-------------------------------------------
sky130_fd_pr__pfet_01v8_hvt (12->7)        |sky130_fd_pr__pfet_01v8_hvt (12->7)        
sky130_fd_pr__nfet_01v8 (12->7)            |sky130_fd_pr__nfet_01v8 (12->7)            
Number of devices: 14                      |Number of devices: 14                      
Number of nets: 15                         |Number of nets: 15                         
---------------------------------------------------------------------------------------
Resolving symmetries by property value.
Resolving symmetries by pin name.
Resolving symmetries by net name.
Netlists match with 6 symmetries.

Subcircuit pins:
Circuit 1: sky130_fd_sc_hd__a211o_4        |Circuit 2: sky130_fd_sc_hd__a211o_4        
-------------------------------------------|-------------------------------------------
VGND                                       |VGND                                       
VPB                                        |VPB                                        
VNB                                        |VNB                                        
C1                                         |C1                                         
A2                                         |A2                                         
VPWR                                       |VPWR                                       
A1                                         |A1                                         
B1                                         |B1                                         
X                                          |X                                          
---------------------------------------------------------------------------------------
Cell pin lists are equivalent.
Device classes sky130_fd_sc_hd__a211o_4 and sky130_fd_sc_hd__a211o_4 are equivalent.

Subcircuit summary:
Circuit 1: sky130_fd_sc_hd__nand3b_1       |Circuit 2: sky130_fd_sc_hd__nand3b_1       
-------------------------------------------|-------------------------------------------
sky130_fd_pr__pfet_01v8_hvt (4)            |sky130_fd_pr__pfet_01v8_hvt (4)            
sky130_fd_pr__nfet_01v8 (4)                |sky130_fd_pr__nfet_01v8 (4)                
Number of devices: 8                       |Number of devices: 8                       
Number of nets: 11                         |Number of nets: 11                         
---------------------------------------------------------------------------------------
Netlists match uniquely.

Subcircuit pins:
Circuit 1: sky130_fd_sc_hd__nand3b_1       |Circuit 2: sky130_fd_sc_hd__nand3b_1       
-------------------------------------------|-------------------------------------------
A_N                                        |A_N                                        
VGND                                       |VGND                                       
B                                          |B                                          
C                                          |C                                          
VNB                                        |VNB                                        
VPWR                                       |VPWR                                       
VPB                                        |VPB                                        
Y                                          |Y                                          
---------------------------------------------------------------------------------------
Cell pin lists are equivalent.
Device classes sky130_fd_sc_hd__nand3b_1 and sky130_fd_sc_hd__nand3b_1 are equivalent.

Class sky130_fd_sc_hd__nor2_8 (0):  Merged 28 parallel devices.
Class sky130_fd_sc_hd__nor2_8 (1):  Merged 28 parallel devices.
Subcircuit summary:
Circuit 1: sky130_fd_sc_hd__nor2_8         |Circuit 2: sky130_fd_sc_hd__nor2_8         
-------------------------------------------|-------------------------------------------
sky130_fd_pr__pfet_01v8_hvt (16->2)        |sky130_fd_pr__pfet_01v8_hvt (16->2)        
sky130_fd_pr__nfet_01v8 (16->2)            |sky130_fd_pr__nfet_01v8 (16->2)            
Number of devices: 4                       |Number of devices: 4                       
Number of nets: 8                          |Number of nets: 8                          
---------------------------------------------------------------------------------------
Netlists match uniquely.

Subcircuit pins:
Circuit 1: sky130_fd_sc_hd__nor2_8         |Circuit 2: sky130_fd_sc_hd__nor2_8         
-------------------------------------------|-------------------------------------------
Y                                          |Y                                          
A                                          |A                                          
VPB                                        |VPB                                        
VGND                                       |VGND                                       
VNB                                        |VNB                                        
B                                          |B                                          
VPWR                                       |VPWR                                       
---------------------------------------------------------------------------------------
Cell pin lists are equivalent.
Device classes sky130_fd_sc_hd__nor2_8 and sky130_fd_sc_hd__nor2_8 are equivalent.

Class sky130_fd_sc_hd__o2111ai_4 (0):  Merged 30 parallel devices.
Class sky130_fd_sc_hd__o2111ai_4 (1):  Merged 30 parallel devices.
Subcircuit summary:
Circuit 1: sky130_fd_sc_hd__o2111ai_4      |Circuit 2: sky130_fd_sc_hd__o2111ai_4      
-------------------------------------------|-------------------------------------------
sky130_fd_pr__nfet_01v8 (20->5)            |sky130_fd_pr__nfet_01v8 (20->5)            
sky130_fd_pr__pfet_01v8_hvt (20->5)        |sky130_fd_pr__pfet_01v8_hvt (20->5)        
Number of devices: 10                      |Number of devices: 10                      
Number of nets: 14                         |Number of nets: 14                         
---------------------------------------------------------------------------------------
Netlists match uniquely.

Subcircuit pins:
Circuit 1: sky130_fd_sc_hd__o2111ai_4      |Circuit 2: sky130_fd_sc_hd__o2111ai_4      
-------------------------------------------|-------------------------------------------
VPWR                                       |VPWR                                       
VNB                                        |VNB                                        
Y                                          |Y                                          
VPB                                        |VPB                                        
B1                                         |B1                                         
C1                                         |C1                                         
A1                                         |A1                                         
VGND                                       |VGND                                       
A2                                         |A2                                         
D1                                         |D1                                         
---------------------------------------------------------------------------------------
Cell pin lists are equivalent.
Device classes sky130_fd_sc_hd__o2111ai_4 and sky130_fd_sc_hd__o2111ai_4 are equivalent.

Subcircuit summary:
Circuit 1: sky130_fd_sc_hd__o31ai_1        |Circuit 2: sky130_fd_sc_hd__o31ai_1        
-------------------------------------------|-------------------------------------------
sky130_fd_pr__nfet_01v8 (4)                |sky130_fd_pr__nfet_01v8 (4)                
sky130_fd_pr__pfet_01v8_hvt (4)            |sky130_fd_pr__pfet_01v8_hvt (4)            
Number of devices: 8                       |Number of devices: 8                       
Number of nets: 12                         |Number of nets: 12                         
---------------------------------------------------------------------------------------
Netlists match uniquely.

Subcircuit pins:
Circuit 1: sky130_fd_sc_hd__o31ai_1        |Circuit 2: sky130_fd_sc_hd__o31ai_1        
-------------------------------------------|-------------------------------------------
VPB                                        |VPB                                        
VNB                                        |VNB                                        
A3                                         |A3                                         
B1                                         |B1                                         
VPWR                                       |VPWR                                       
A1                                         |A1                                         
A2                                         |A2                                         
Y                                          |Y                                          
VGND                                       |VGND                                       
---------------------------------------------------------------------------------------
Cell pin lists are equivalent.
Device classes sky130_fd_sc_hd__o31ai_1 and sky130_fd_sc_hd__o31ai_1 are equivalent.

Class sky130_fd_sc_hd__o211a_4 (0):  Merged 10 parallel devices.
Class sky130_fd_sc_hd__o211a_4 (1):  Merged 10 parallel devices.
Subcircuit summary:
Circuit 1: sky130_fd_sc_hd__o211a_4        |Circuit 2: sky130_fd_sc_hd__o211a_4        
-------------------------------------------|-------------------------------------------
sky130_fd_pr__nfet_01v8 (12->7)            |sky130_fd_pr__nfet_01v8 (12->7)            
sky130_fd_pr__pfet_01v8_hvt (12->7)        |sky130_fd_pr__pfet_01v8_hvt (12->7)        
Number of devices: 14                      |Number of devices: 14                      
Number of nets: 15                         |Number of nets: 15                         
---------------------------------------------------------------------------------------
Resolving symmetries by property value.
Resolving symmetries by pin name.
Resolving symmetries by net name.
Netlists match with 6 symmetries.

Subcircuit pins:
Circuit 1: sky130_fd_sc_hd__o211a_4        |Circuit 2: sky130_fd_sc_hd__o211a_4        
-------------------------------------------|-------------------------------------------
X                                          |X                                          
VPWR                                       |VPWR                                       
VPB                                        |VPB                                        
VNB                                        |VNB                                        
B1                                         |B1                                         
C1                                         |C1                                         
A2                                         |A2                                         
VGND                                       |VGND                                       
A1                                         |A1                                         
---------------------------------------------------------------------------------------
Cell pin lists are equivalent.
Device classes sky130_fd_sc_hd__o211a_4 and sky130_fd_sc_hd__o211a_4 are equivalent.

Class sky130_fd_sc_hd__or3b_4 (0):  Merged 6 parallel devices.
Class sky130_fd_sc_hd__or3b_4 (1):  Merged 6 parallel devices.
Subcircuit summary:
Circuit 1: sky130_fd_sc_hd__or3b_4         |Circuit 2: sky130_fd_sc_hd__or3b_4         
-------------------------------------------|-------------------------------------------
sky130_fd_pr__pfet_01v8_hvt (8->5)         |sky130_fd_pr__pfet_01v8_hvt (8->5)         
sky130_fd_pr__nfet_01v8 (8->5)             |sky130_fd_pr__nfet_01v8 (8->5)             
Number of devices: 10                      |Number of devices: 10                      
Number of nets: 12                         |Number of nets: 12                         
---------------------------------------------------------------------------------------
Netlists match uniquely.

Subcircuit pins:
Circuit 1: sky130_fd_sc_hd__or3b_4         |Circuit 2: sky130_fd_sc_hd__or3b_4         
-------------------------------------------|-------------------------------------------
VPWR                                       |VPWR                                       
VGND                                       |VGND                                       
VNB                                        |VNB                                        
VPB                                        |VPB                                        
X                                          |X                                          
B                                          |B                                          
C_N                                        |C_N                                        
A                                          |A                                          
---------------------------------------------------------------------------------------
Cell pin lists are equivalent.
Device classes sky130_fd_sc_hd__or3b_4 and sky130_fd_sc_hd__or3b_4 are equivalent.

Class sky130_fd_sc_hd__o32a_4 (0):  Merged 16 parallel devices.
Class sky130_fd_sc_hd__o32a_4 (1):  Merged 16 parallel devices.
Subcircuit summary:
Circuit 1: sky130_fd_sc_hd__o32a_4         |Circuit 2: sky130_fd_sc_hd__o32a_4         
-------------------------------------------|-------------------------------------------
sky130_fd_pr__nfet_01v8 (14->6)            |sky130_fd_pr__nfet_01v8 (14->6)            
sky130_fd_pr__pfet_01v8_hvt (14->6)        |sky130_fd_pr__pfet_01v8_hvt (14->6)        
Number of devices: 12                      |Number of devices: 12                      
Number of nets: 15                         |Number of nets: 15                         
---------------------------------------------------------------------------------------
Netlists match uniquely.

Subcircuit pins:
Circuit 1: sky130_fd_sc_hd__o32a_4         |Circuit 2: sky130_fd_sc_hd__o32a_4         
-------------------------------------------|-------------------------------------------
VPWR                                       |VPWR                                       
VGND                                       |VGND                                       
VPB                                        |VPB                                        
VNB                                        |VNB                                        
X                                          |X                                          
A3                                         |A3                                         
B2                                         |B2                                         
A2                                         |A2                                         
B1                                         |B1                                         
A1                                         |A1                                         
---------------------------------------------------------------------------------------
Cell pin lists are equivalent.
Device classes sky130_fd_sc_hd__o32a_4 and sky130_fd_sc_hd__o32a_4 are equivalent.

Subcircuit summary:
Circuit 1: sky130_fd_sc_hd__nand3_1        |Circuit 2: sky130_fd_sc_hd__nand3_1        
-------------------------------------------|-------------------------------------------
sky130_fd_pr__pfet_01v8_hvt (3)            |sky130_fd_pr__pfet_01v8_hvt (3)            
sky130_fd_pr__nfet_01v8 (3)                |sky130_fd_pr__nfet_01v8 (3)                
Number of devices: 6                       |Number of devices: 6                       
Number of nets: 10                         |Number of nets: 10                         
---------------------------------------------------------------------------------------
Netlists match uniquely.

Subcircuit pins:
Circuit 1: sky130_fd_sc_hd__nand3_1        |Circuit 2: sky130_fd_sc_hd__nand3_1        
-------------------------------------------|-------------------------------------------
VGND                                       |VGND                                       
Y                                          |Y                                          
A                                          |A                                          
B                                          |B                                          
C                                          |C                                          
VPWR                                       |VPWR                                       
VPB                                        |VPB                                        
VNB                                        |VNB                                        
---------------------------------------------------------------------------------------
Cell pin lists are equivalent.
Device classes sky130_fd_sc_hd__nand3_1 and sky130_fd_sc_hd__nand3_1 are equivalent.

Class sky130_fd_sc_hd__clkinv_1 (0):  Merged 1 parallel devices.
Class sky130_fd_sc_hd__clkinv_1 (1):  Merged 1 parallel devices.
Subcircuit summary:
Circuit 1: sky130_fd_sc_hd__clkinv_1       |Circuit 2: sky130_fd_sc_hd__clkinv_1       
-------------------------------------------|-------------------------------------------
sky130_fd_pr__pfet_01v8_hvt (2->1)         |sky130_fd_pr__pfet_01v8_hvt (2->1)         
sky130_fd_pr__nfet_01v8 (1)                |sky130_fd_pr__nfet_01v8 (1)                
Number of devices: 2                       |Number of devices: 2                       
Number of nets: 6                          |Number of nets: 6                          
---------------------------------------------------------------------------------------
Netlists match uniquely.

Subcircuit pins:
Circuit 1: sky130_fd_sc_hd__clkinv_1       |Circuit 2: sky130_fd_sc_hd__clkinv_1       
-------------------------------------------|-------------------------------------------
VPWR                                       |VPWR                                       
VPB                                        |VPB                                        
VGND                                       |VGND                                       
VNB                                        |VNB                                        
Y                                          |Y                                          
A                                          |A                                          
---------------------------------------------------------------------------------------
Cell pin lists are equivalent.
Device classes sky130_fd_sc_hd__clkinv_1 and sky130_fd_sc_hd__clkinv_1 are equivalent.

Class sky130_fd_sc_hd__nor3b_2 (0):  Merged 6 parallel devices.
Class sky130_fd_sc_hd__nor3b_2 (1):  Merged 6 parallel devices.
Subcircuit summary:
Circuit 1: sky130_fd_sc_hd__nor3b_2        |Circuit 2: sky130_fd_sc_hd__nor3b_2        
-------------------------------------------|-------------------------------------------
sky130_fd_pr__pfet_01v8_hvt (7->4)         |sky130_fd_pr__pfet_01v8_hvt (7->4)         
sky130_fd_pr__nfet_01v8 (7->4)             |sky130_fd_pr__nfet_01v8 (7->4)             
Number of devices: 8                       |Number of devices: 8                       
Number of nets: 11                         |Number of nets: 11                         
---------------------------------------------------------------------------------------
Netlists match uniquely.

Subcircuit pins:
Circuit 1: sky130_fd_sc_hd__nor3b_2        |Circuit 2: sky130_fd_sc_hd__nor3b_2        
-------------------------------------------|-------------------------------------------
Y                                          |Y                                          
VGND                                       |VGND                                       
VNB                                        |VNB                                        
VPB                                        |VPB                                        
VPWR                                       |VPWR                                       
A                                          |A                                          
B                                          |B                                          
C_N                                        |C_N                                        
---------------------------------------------------------------------------------------
Cell pin lists are equivalent.
Device classes sky130_fd_sc_hd__nor3b_2 and sky130_fd_sc_hd__nor3b_2 are equivalent.

Class sky130_fd_sc_hd__o221ai_4 (0):  Merged 30 parallel devices.
Class sky130_fd_sc_hd__o221ai_4 (1):  Merged 30 parallel devices.
Subcircuit summary:
Circuit 1: sky130_fd_sc_hd__o221ai_4       |Circuit 2: sky130_fd_sc_hd__o221ai_4       
-------------------------------------------|-------------------------------------------
sky130_fd_pr__nfet_01v8 (20->5)            |sky130_fd_pr__nfet_01v8 (20->5)            
sky130_fd_pr__pfet_01v8_hvt (20->5)        |sky130_fd_pr__pfet_01v8_hvt (20->5)        
Number of devices: 10                      |Number of devices: 10                      
Number of nets: 14                         |Number of nets: 14                         
---------------------------------------------------------------------------------------
Netlists match uniquely.

Subcircuit pins:
Circuit 1: sky130_fd_sc_hd__o221ai_4       |Circuit 2: sky130_fd_sc_hd__o221ai_4       
-------------------------------------------|-------------------------------------------
VPWR                                       |VPWR                                       
VPB                                        |VPB                                        
VNB                                        |VNB                                        
B2                                         |B2                                         
C1                                         |C1                                         
B1                                         |B1                                         
VGND                                       |VGND                                       
A2                                         |A2                                         
A1                                         |A1                                         
Y                                          |Y                                          
---------------------------------------------------------------------------------------
Cell pin lists are equivalent.
Device classes sky130_fd_sc_hd__o221ai_4 and sky130_fd_sc_hd__o221ai_4 are equivalent.

Class sky130_fd_sc_hd__a221o_4 (0):  Merged 16 parallel devices.
Class sky130_fd_sc_hd__a221o_4 (1):  Merged 16 parallel devices.
Subcircuit summary:
Circuit 1: sky130_fd_sc_hd__a221o_4        |Circuit 2: sky130_fd_sc_hd__a221o_4        
-------------------------------------------|-------------------------------------------
sky130_fd_pr__nfet_01v8 (14->6)            |sky130_fd_pr__nfet_01v8 (14->6)            
sky130_fd_pr__pfet_01v8_hvt (14->6)        |sky130_fd_pr__pfet_01v8_hvt (14->6)        
Number of devices: 12                      |Number of devices: 12                      
Number of nets: 15                         |Number of nets: 15                         
---------------------------------------------------------------------------------------
Netlists match uniquely.

Subcircuit pins:
Circuit 1: sky130_fd_sc_hd__a221o_4        |Circuit 2: sky130_fd_sc_hd__a221o_4        
-------------------------------------------|-------------------------------------------
VPWR                                       |VPWR                                       
VNB                                        |VNB                                        
VPB                                        |VPB                                        
C1                                         |C1                                         
B2                                         |B2                                         
A2                                         |A2                                         
A1                                         |A1                                         
B1                                         |B1                                         
X                                          |X                                          
VGND                                       |VGND                                       
---------------------------------------------------------------------------------------
Cell pin lists are equivalent.
Device classes sky130_fd_sc_hd__a221o_4 and sky130_fd_sc_hd__a221o_4 are equivalent.

Subcircuit summary:
Circuit 1: sky130_fd_sc_hd__dlymetal6s4s_1 |Circuit 2: sky130_fd_sc_hd__dlymetal6s4s_1 
-------------------------------------------|-------------------------------------------
sky130_fd_pr__nfet_01v8 (6)                |sky130_fd_pr__nfet_01v8 (6)                
sky130_fd_pr__pfet_01v8_hvt (6)            |sky130_fd_pr__pfet_01v8_hvt (6)            
Number of devices: 12                      |Number of devices: 12                      
Number of nets: 11                         |Number of nets: 11                         
---------------------------------------------------------------------------------------
Netlists match uniquely.

Subcircuit pins:
Circuit 1: sky130_fd_sc_hd__dlymetal6s4s_1 |Circuit 2: sky130_fd_sc_hd__dlymetal6s4s_1 
-------------------------------------------|-------------------------------------------
A                                          |A                                          
VPWR                                       |VPWR                                       
VPB                                        |VPB                                        
VGND                                       |VGND                                       
VNB                                        |VNB                                        
X                                          |X                                          
---------------------------------------------------------------------------------------
Cell pin lists are equivalent.
Device classes sky130_fd_sc_hd__dlymetal6s4s_1 and sky130_fd_sc_hd__dlymetal6s4s_1 are equivalent.

Class sky130_fd_sc_hd__o22a_4 (0):  Merged 14 parallel devices.
Class sky130_fd_sc_hd__o22a_4 (1):  Merged 14 parallel devices.
Subcircuit summary:
Circuit 1: sky130_fd_sc_hd__o22a_4         |Circuit 2: sky130_fd_sc_hd__o22a_4         
-------------------------------------------|-------------------------------------------
sky130_fd_pr__pfet_01v8_hvt (12->5)        |sky130_fd_pr__pfet_01v8_hvt (12->5)        
sky130_fd_pr__nfet_01v8 (12->5)            |sky130_fd_pr__nfet_01v8 (12->5)            
Number of devices: 10                      |Number of devices: 10                      
Number of nets: 13                         |Number of nets: 13                         
---------------------------------------------------------------------------------------
Netlists match uniquely.

Subcircuit pins:
Circuit 1: sky130_fd_sc_hd__o22a_4         |Circuit 2: sky130_fd_sc_hd__o22a_4         
-------------------------------------------|-------------------------------------------
VPB                                        |VPB                                        
VNB                                        |VNB                                        
A2                                         |A2                                         
X                                          |X                                          
B1                                         |B1                                         
A1                                         |A1                                         
B2                                         |B2                                         
VPWR                                       |VPWR                                       
VGND                                       |VGND                                       
---------------------------------------------------------------------------------------
Cell pin lists are equivalent.
Device classes sky130_fd_sc_hd__o22a_4 and sky130_fd_sc_hd__o22a_4 are equivalent.

Class sky130_fd_sc_hd__a211oi_4 (0):  Merged 20 parallel devices.
Class sky130_fd_sc_hd__a211oi_4 (1):  Merged 20 parallel devices.
Subcircuit summary:
Circuit 1: sky130_fd_sc_hd__a211oi_4       |Circuit 2: sky130_fd_sc_hd__a211oi_4       
-------------------------------------------|-------------------------------------------
sky130_fd_pr__nfet_01v8 (16->4)            |sky130_fd_pr__nfet_01v8 (16->4)            
sky130_fd_pr__pfet_01v8_hvt (16->8)        |sky130_fd_pr__pfet_01v8_hvt (16->8)        
Number of devices: 12                      |Number of devices: 12                      
Number of nets: 14                         |Number of nets: 14                         
---------------------------------------------------------------------------------------
Resolving symmetries by property value.
Resolving symmetries by pin name.
Resolving symmetries by net name.
Netlists match with 3 symmetries.

Subcircuit pins:
Circuit 1: sky130_fd_sc_hd__a211oi_4       |Circuit 2: sky130_fd_sc_hd__a211oi_4       
-------------------------------------------|-------------------------------------------
VPB                                        |VPB                                        
VGND                                       |VGND                                       
C1                                         |C1                                         
VNB                                        |VNB                                        
B1                                         |B1                                         
A1                                         |A1                                         
VPWR                                       |VPWR                                       
A2                                         |A2                                         
Y                                          |Y                                          
---------------------------------------------------------------------------------------
Cell pin lists are equivalent.
Device classes sky130_fd_sc_hd__a211oi_4 and sky130_fd_sc_hd__a211oi_4 are equivalent.

Subcircuit summary:
Circuit 1: sky130_fd_sc_hd__a2111oi_1      |Circuit 2: sky130_fd_sc_hd__a2111oi_1      
-------------------------------------------|-------------------------------------------
sky130_fd_pr__pfet_01v8_hvt (5)            |sky130_fd_pr__pfet_01v8_hvt (5)            
sky130_fd_pr__nfet_01v8 (5)                |sky130_fd_pr__nfet_01v8 (5)                
Number of devices: 10                      |Number of devices: 10                      
Number of nets: 14                         |Number of nets: 14                         
---------------------------------------------------------------------------------------
Netlists match uniquely.

Subcircuit pins:
Circuit 1: sky130_fd_sc_hd__a2111oi_1      |Circuit 2: sky130_fd_sc_hd__a2111oi_1      
-------------------------------------------|-------------------------------------------
VGND                                       |VGND                                       
Y                                          |Y                                          
VNB                                        |VNB                                        
VPB                                        |VPB                                        
C1                                         |C1                                         
B1                                         |B1                                         
A1                                         |A1                                         
D1                                         |D1                                         
VPWR                                       |VPWR                                       
A2                                         |A2                                         
---------------------------------------------------------------------------------------
Cell pin lists are equivalent.
Device classes sky130_fd_sc_hd__a2111oi_1 and sky130_fd_sc_hd__a2111oi_1 are equivalent.

Class sky130_fd_sc_hd__a32oi_2 (0):  Merged 10 parallel devices.
Class sky130_fd_sc_hd__a32oi_2 (1):  Merged 10 parallel devices.
Subcircuit summary:
Circuit 1: sky130_fd_sc_hd__a32oi_2        |Circuit 2: sky130_fd_sc_hd__a32oi_2        
-------------------------------------------|-------------------------------------------
sky130_fd_pr__nfet_01v8 (10->5)            |sky130_fd_pr__nfet_01v8 (10->5)            
sky130_fd_pr__pfet_01v8_hvt (10->5)        |sky130_fd_pr__pfet_01v8_hvt (10->5)        
Number of devices: 10                      |Number of devices: 10                      
Number of nets: 14                         |Number of nets: 14                         
---------------------------------------------------------------------------------------
Netlists match uniquely.

Subcircuit pins:
Circuit 1: sky130_fd_sc_hd__a32oi_2        |Circuit 2: sky130_fd_sc_hd__a32oi_2        
-------------------------------------------|-------------------------------------------
VPWR                                       |VPWR                                       
VNB                                        |VNB                                        
VPB                                        |VPB                                        
B1                                         |B1                                         
A1                                         |A1                                         
A3                                         |A3                                         
A2                                         |A2                                         
VGND                                       |VGND                                       
B2                                         |B2                                         
Y                                          |Y                                          
---------------------------------------------------------------------------------------
Cell pin lists are equivalent.
Device classes sky130_fd_sc_hd__a32oi_2 and sky130_fd_sc_hd__a32oi_2 are equivalent.

Subcircuit summary:
Circuit 1: sky130_fd_sc_hd__nand2_1        |Circuit 2: sky130_fd_sc_hd__nand2_1        
-------------------------------------------|-------------------------------------------
sky130_fd_pr__pfet_01v8_hvt (2)            |sky130_fd_pr__pfet_01v8_hvt (2)            
sky130_fd_pr__nfet_01v8 (2)                |sky130_fd_pr__nfet_01v8 (2)                
Number of devices: 4                       |Number of devices: 4                       
Number of nets: 8                          |Number of nets: 8                          
---------------------------------------------------------------------------------------
Netlists match uniquely.

Subcircuit pins:
Circuit 1: sky130_fd_sc_hd__nand2_1        |Circuit 2: sky130_fd_sc_hd__nand2_1        
-------------------------------------------|-------------------------------------------
VGND                                       |VGND                                       
Y                                          |Y                                          
A                                          |A                                          
VPWR                                       |VPWR                                       
VPB                                        |VPB                                        
B                                          |B                                          
VNB                                        |VNB                                        
---------------------------------------------------------------------------------------
Cell pin lists are equivalent.
Device classes sky130_fd_sc_hd__nand2_1 and sky130_fd_sc_hd__nand2_1 are equivalent.

Class sky130_fd_sc_hd__or4b_4 (0):  Merged 6 parallel devices.
Class sky130_fd_sc_hd__or4b_4 (1):  Merged 6 parallel devices.
Subcircuit summary:
Circuit 1: sky130_fd_sc_hd__or4b_4         |Circuit 2: sky130_fd_sc_hd__or4b_4         
-------------------------------------------|-------------------------------------------
sky130_fd_pr__pfet_01v8_hvt (9->6)         |sky130_fd_pr__pfet_01v8_hvt (9->6)         
sky130_fd_pr__nfet_01v8 (9->6)             |sky130_fd_pr__nfet_01v8 (9->6)             
Number of devices: 12                      |Number of devices: 12                      
Number of nets: 14                         |Number of nets: 14                         
---------------------------------------------------------------------------------------
Netlists match uniquely.

Subcircuit pins:
Circuit 1: sky130_fd_sc_hd__or4b_4         |Circuit 2: sky130_fd_sc_hd__or4b_4         
-------------------------------------------|-------------------------------------------
VPB                                        |VPB                                        
VGND                                       |VGND                                       
VNB                                        |VNB                                        
VPWR                                       |VPWR                                       
X                                          |X                                          
B                                          |B                                          
C                                          |C                                          
A                                          |A                                          
D_N                                        |D_N                                        
---------------------------------------------------------------------------------------
Cell pin lists are equivalent.
Device classes sky130_fd_sc_hd__or4b_4 and sky130_fd_sc_hd__or4b_4 are equivalent.

Class sky130_fd_sc_hd__o21a_4 (0):  Merged 10 parallel devices.
Class sky130_fd_sc_hd__o21a_4 (1):  Merged 10 parallel devices.
Subcircuit summary:
Circuit 1: sky130_fd_sc_hd__o21a_4         |Circuit 2: sky130_fd_sc_hd__o21a_4         
-------------------------------------------|-------------------------------------------
sky130_fd_pr__nfet_01v8 (10->4)            |sky130_fd_pr__nfet_01v8 (10->4)            
sky130_fd_pr__pfet_01v8_hvt (10->6)        |sky130_fd_pr__pfet_01v8_hvt (10->6)        
Number of devices: 10                      |Number of devices: 10                      
Number of nets: 12                         |Number of nets: 12                         
---------------------------------------------------------------------------------------
Resolving symmetries by property value.
Resolving symmetries by pin name.
Resolving symmetries by net name.
Netlists match with 3 symmetries.

Subcircuit pins:
Circuit 1: sky130_fd_sc_hd__o21a_4         |Circuit 2: sky130_fd_sc_hd__o21a_4         
-------------------------------------------|-------------------------------------------
VNB                                        |VNB                                        
VPWR                                       |VPWR                                       
A2                                         |A2                                         
VGND                                       |VGND                                       
A1                                         |A1                                         
VPB                                        |VPB                                        
X                                          |X                                          
B1                                         |B1                                         
---------------------------------------------------------------------------------------
Cell pin lists are equivalent.
Device classes sky130_fd_sc_hd__o21a_4 and sky130_fd_sc_hd__o21a_4 are equivalent.

Class sky130_fd_sc_hd__o311ai_2 (0):  Merged 10 parallel devices.
Class sky130_fd_sc_hd__o311ai_2 (1):  Merged 10 parallel devices.
Subcircuit summary:
Circuit 1: sky130_fd_sc_hd__o311ai_2       |Circuit 2: sky130_fd_sc_hd__o311ai_2       
-------------------------------------------|-------------------------------------------
sky130_fd_pr__pfet_01v8_hvt (10->5)        |sky130_fd_pr__pfet_01v8_hvt (10->5)        
sky130_fd_pr__nfet_01v8 (10->5)            |sky130_fd_pr__nfet_01v8 (10->5)            
Number of devices: 10                      |Number of devices: 10                      
Number of nets: 14                         |Number of nets: 14                         
---------------------------------------------------------------------------------------
Netlists match uniquely.

Subcircuit pins:
Circuit 1: sky130_fd_sc_hd__o311ai_2       |Circuit 2: sky130_fd_sc_hd__o311ai_2       
-------------------------------------------|-------------------------------------------
Y                                          |Y                                          
VNB                                        |VNB                                        
VPB                                        |VPB                                        
A3                                         |A3                                         
A1                                         |A1                                         
B1                                         |B1                                         
C1                                         |C1                                         
A2                                         |A2                                         
VGND                                       |VGND                                       
VPWR                                       |VPWR                                       
---------------------------------------------------------------------------------------
Cell pin lists are equivalent.
Device classes sky130_fd_sc_hd__o311ai_2 and sky130_fd_sc_hd__o311ai_2 are equivalent.

Class sky130_fd_sc_hd__o22ai_4 (0):  Merged 24 parallel devices.
Class sky130_fd_sc_hd__o22ai_4 (1):  Merged 24 parallel devices.
Subcircuit summary:
Circuit 1: sky130_fd_sc_hd__o22ai_4        |Circuit 2: sky130_fd_sc_hd__o22ai_4        
-------------------------------------------|-------------------------------------------
sky130_fd_pr__nfet_01v8 (16->4)            |sky130_fd_pr__nfet_01v8 (16->4)            
sky130_fd_pr__pfet_01v8_hvt (16->4)        |sky130_fd_pr__pfet_01v8_hvt (16->4)        
Number of devices: 8                       |Number of devices: 8                       
Number of nets: 12                         |Number of nets: 12                         
---------------------------------------------------------------------------------------
Netlists match uniquely.

Subcircuit pins:
Circuit 1: sky130_fd_sc_hd__o22ai_4        |Circuit 2: sky130_fd_sc_hd__o22ai_4        
-------------------------------------------|-------------------------------------------
B2                                         |B2                                         
A2                                         |A2                                         
VGND                                       |VGND                                       
B1                                         |B1                                         
A1                                         |A1                                         
VPWR                                       |VPWR                                       
Y                                          |Y                                          
VPB                                        |VPB                                        
VNB                                        |VNB                                        
---------------------------------------------------------------------------------------
Cell pin lists are equivalent.
Device classes sky130_fd_sc_hd__o22ai_4 and sky130_fd_sc_hd__o22ai_4 are equivalent.

Class sky130_fd_sc_hd__and3b_4 (0):  Merged 6 parallel devices.
Class sky130_fd_sc_hd__and3b_4 (1):  Merged 6 parallel devices.
Subcircuit summary:
Circuit 1: sky130_fd_sc_hd__and3b_4        |Circuit 2: sky130_fd_sc_hd__and3b_4        
-------------------------------------------|-------------------------------------------
sky130_fd_pr__nfet_01v8 (8->5)             |sky130_fd_pr__nfet_01v8 (8->5)             
sky130_fd_pr__pfet_01v8_hvt (8->5)         |sky130_fd_pr__pfet_01v8_hvt (8->5)         
Number of devices: 10                      |Number of devices: 10                      
Number of nets: 12                         |Number of nets: 12                         
---------------------------------------------------------------------------------------
Netlists match uniquely.

Subcircuit pins:
Circuit 1: sky130_fd_sc_hd__and3b_4        |Circuit 2: sky130_fd_sc_hd__and3b_4        
-------------------------------------------|-------------------------------------------
VNB                                        |VNB                                        
VPWR                                       |VPWR                                       
VPB                                        |VPB                                        
VGND                                       |VGND                                       
X                                          |X                                          
C                                          |C                                          
B                                          |B                                          
A_N                                        |A_N                                        
---------------------------------------------------------------------------------------
Cell pin lists are equivalent.
Device classes sky130_fd_sc_hd__and3b_4 and sky130_fd_sc_hd__and3b_4 are equivalent.

Class sky130_fd_sc_hd__a311oi_2 (0):  Merged 10 parallel devices.
Class sky130_fd_sc_hd__a311oi_2 (1):  Merged 10 parallel devices.
Subcircuit summary:
Circuit 1: sky130_fd_sc_hd__a311oi_2       |Circuit 2: sky130_fd_sc_hd__a311oi_2       
-------------------------------------------|-------------------------------------------
sky130_fd_pr__nfet_01v8 (10->5)            |sky130_fd_pr__nfet_01v8 (10->5)            
sky130_fd_pr__pfet_01v8_hvt (10->5)        |sky130_fd_pr__pfet_01v8_hvt (10->5)        
Number of devices: 10                      |Number of devices: 10                      
Number of nets: 14                         |Number of nets: 14                         
---------------------------------------------------------------------------------------
Netlists match uniquely.

Subcircuit pins:
Circuit 1: sky130_fd_sc_hd__a311oi_2       |Circuit 2: sky130_fd_sc_hd__a311oi_2       
-------------------------------------------|-------------------------------------------
VPWR                                       |VPWR                                       
VGND                                       |VGND                                       
VPB                                        |VPB                                        
VNB                                        |VNB                                        
A2                                         |A2                                         
A1                                         |A1                                         
C1                                         |C1                                         
B1                                         |B1                                         
A3                                         |A3                                         
Y                                          |Y                                          
---------------------------------------------------------------------------------------
Cell pin lists are equivalent.
Device classes sky130_fd_sc_hd__a311oi_2 and sky130_fd_sc_hd__a311oi_2 are equivalent.

Class sky130_fd_sc_hd__and4_4 (0):  Merged 6 parallel devices.
Class sky130_fd_sc_hd__and4_4 (1):  Merged 6 parallel devices.
Subcircuit summary:
Circuit 1: sky130_fd_sc_hd__and4_4         |Circuit 2: sky130_fd_sc_hd__and4_4         
-------------------------------------------|-------------------------------------------
sky130_fd_pr__pfet_01v8_hvt (8->5)         |sky130_fd_pr__pfet_01v8_hvt (8->5)         
sky130_fd_pr__nfet_01v8 (8->5)             |sky130_fd_pr__nfet_01v8 (8->5)             
Number of devices: 10                      |Number of devices: 10                      
Number of nets: 13                         |Number of nets: 13                         
---------------------------------------------------------------------------------------
Netlists match uniquely.

Subcircuit pins:
Circuit 1: sky130_fd_sc_hd__and4_4         |Circuit 2: sky130_fd_sc_hd__and4_4         
-------------------------------------------|-------------------------------------------
VGND                                       |VGND                                       
X                                          |X                                          
C                                          |C                                          
D                                          |D                                          
B                                          |B                                          
A                                          |A                                          
VPWR                                       |VPWR                                       
VPB                                        |VPB                                        
VNB                                        |VNB                                        
---------------------------------------------------------------------------------------
Cell pin lists are equivalent.
Device classes sky130_fd_sc_hd__and4_4 and sky130_fd_sc_hd__and4_4 are equivalent.

Class sky130_fd_sc_hd__o41a_2 (0):  Merged 2 parallel devices.
Class sky130_fd_sc_hd__o41a_2 (1):  Merged 2 parallel devices.
Subcircuit summary:
Circuit 1: sky130_fd_sc_hd__o41a_2         |Circuit 2: sky130_fd_sc_hd__o41a_2         
-------------------------------------------|-------------------------------------------
sky130_fd_pr__nfet_01v8 (7->6)             |sky130_fd_pr__nfet_01v8 (7->6)             
sky130_fd_pr__pfet_01v8_hvt (7->6)         |sky130_fd_pr__pfet_01v8_hvt (7->6)         
Number of devices: 12                      |Number of devices: 12                      
Number of nets: 15                         |Number of nets: 15                         
---------------------------------------------------------------------------------------
Netlists match uniquely.

Subcircuit pins:
Circuit 1: sky130_fd_sc_hd__o41a_2         |Circuit 2: sky130_fd_sc_hd__o41a_2         
-------------------------------------------|-------------------------------------------
VPWR                                       |VPWR                                       
VPB                                        |VPB                                        
VNB                                        |VNB                                        
B1                                         |B1                                         
A3                                         |A3                                         
A2                                         |A2                                         
A1                                         |A1                                         
A4                                         |A4                                         
X                                          |X                                          
VGND                                       |VGND                                       
---------------------------------------------------------------------------------------
Cell pin lists are equivalent.
Device classes sky130_fd_sc_hd__o41a_2 and sky130_fd_sc_hd__o41a_2 are equivalent.

Class sky130_fd_sc_hd__o32ai_4 (0):  Merged 30 parallel devices.
Class sky130_fd_sc_hd__o32ai_4 (1):  Merged 30 parallel devices.
Subcircuit summary:
Circuit 1: sky130_fd_sc_hd__o32ai_4        |Circuit 2: sky130_fd_sc_hd__o32ai_4        
-------------------------------------------|-------------------------------------------
sky130_fd_pr__pfet_01v8_hvt (20->5)        |sky130_fd_pr__pfet_01v8_hvt (20->5)        
sky130_fd_pr__nfet_01v8 (20->5)            |sky130_fd_pr__nfet_01v8 (20->5)            
Number of devices: 10                      |Number of devices: 10                      
Number of nets: 14                         |Number of nets: 14                         
---------------------------------------------------------------------------------------
Netlists match uniquely.

Subcircuit pins:
Circuit 1: sky130_fd_sc_hd__o32ai_4        |Circuit 2: sky130_fd_sc_hd__o32ai_4        
-------------------------------------------|-------------------------------------------
Y                                          |Y                                          
VGND                                       |VGND                                       
VNB                                        |VNB                                        
VPB                                        |VPB                                        
A3                                         |A3                                         
VPWR                                       |VPWR                                       
B1                                         |B1                                         
A2                                         |A2                                         
A1                                         |A1                                         
B2                                         |B2                                         
---------------------------------------------------------------------------------------
Cell pin lists are equivalent.
Device classes sky130_fd_sc_hd__o32ai_4 and sky130_fd_sc_hd__o32ai_4 are equivalent.

Class sky130_fd_sc_hd__nor2b_4 (0):  Merged 12 parallel devices.
Class sky130_fd_sc_hd__nor2b_4 (1):  Merged 12 parallel devices.
Subcircuit summary:
Circuit 1: sky130_fd_sc_hd__nor2b_4        |Circuit 2: sky130_fd_sc_hd__nor2b_4        
-------------------------------------------|-------------------------------------------
sky130_fd_pr__pfet_01v8_hvt (9->3)         |sky130_fd_pr__pfet_01v8_hvt (9->3)         
sky130_fd_pr__nfet_01v8 (9->3)             |sky130_fd_pr__nfet_01v8 (9->3)             
Number of devices: 6                       |Number of devices: 6                       
Number of nets: 9                          |Number of nets: 9                          
---------------------------------------------------------------------------------------
Netlists match uniquely.

Subcircuit pins:
Circuit 1: sky130_fd_sc_hd__nor2b_4        |Circuit 2: sky130_fd_sc_hd__nor2b_4        
-------------------------------------------|-------------------------------------------
Y                                          |Y                                          
VPB                                        |VPB                                        
VGND                                       |VGND                                       
VNB                                        |VNB                                        
A                                          |A                                          
VPWR                                       |VPWR                                       
B_N                                        |B_N                                        
---------------------------------------------------------------------------------------
Cell pin lists are equivalent.
Device classes sky130_fd_sc_hd__nor2b_4 and sky130_fd_sc_hd__nor2b_4 are equivalent.

Class sky130_fd_sc_hd__nor3b_4 (0):  Merged 18 parallel devices.
Class sky130_fd_sc_hd__nor3b_4 (1):  Merged 18 parallel devices.
Subcircuit summary:
Circuit 1: sky130_fd_sc_hd__nor3b_4        |Circuit 2: sky130_fd_sc_hd__nor3b_4        
-------------------------------------------|-------------------------------------------
sky130_fd_pr__nfet_01v8 (13->4)            |sky130_fd_pr__nfet_01v8 (13->4)            
sky130_fd_pr__pfet_01v8_hvt (13->4)        |sky130_fd_pr__pfet_01v8_hvt (13->4)        
Number of devices: 8                       |Number of devices: 8                       
Number of nets: 11                         |Number of nets: 11                         
---------------------------------------------------------------------------------------
Netlists match uniquely.

Subcircuit pins:
Circuit 1: sky130_fd_sc_hd__nor3b_4        |Circuit 2: sky130_fd_sc_hd__nor3b_4        
-------------------------------------------|-------------------------------------------
VPWR                                       |VPWR                                       
A                                          |A                                          
B                                          |B                                          
C_N                                        |C_N                                        
VPB                                        |VPB                                        
VGND                                       |VGND                                       
Y                                          |Y                                          
VNB                                        |VNB                                        
---------------------------------------------------------------------------------------
Cell pin lists are equivalent.
Device classes sky130_fd_sc_hd__nor3b_4 and sky130_fd_sc_hd__nor3b_4 are equivalent.
Flattening unmatched subcell sky130_fd_sc_hd__fill_1 in circuit soc_top (1)(110567 instances)
Flattening unmatched subcell sky130_fd_sc_hd__fill_2 in circuit soc_top (1)(40378 instances)
Flattening unmatched subcell sky130_fd_sc_hd__tapvpwrvgnd_1 in circuit soc_top (1)(113500 instances)

Cell soc_top (0) disconnected node: i2c_scl_i
Cell soc_top (1) disconnected node: i2c_scl_i
Class soc_top (0):  Merged 1677830 parallel devices.
Class soc_top (1):  Merged 1677830 parallel devices.
Cell soc_top (0) disconnected node: i2c_scl_i
Cell soc_top (1) disconnected node: i2c_scl_i
Subcircuit summary:
Circuit 1: soc_top                         |Circuit 2: soc_top                         
-------------------------------------------|-------------------------------------------
sky130_fd_sc_hd__decap_3 (1672440->1)      |sky130_fd_sc_hd__decap_3 (1672440->1)      
sky130_fd_sc_hd__clkbuf_4 (2241)           |sky130_fd_sc_hd__clkbuf_4 (2241)           
sky130_fd_sc_hd__dfrtp_2 (5816)            |sky130_fd_sc_hd__dfrtp_2 (5816)            
sky130_fd_sc_hd__inv_2 (8235)              |sky130_fd_sc_hd__inv_2 (8235)              
sky130_fd_sc_hd__a21oi_2 (974)             |sky130_fd_sc_hd__a21oi_2 (974)             
sky130_fd_sc_hd__nand2_2 (22222)           |sky130_fd_sc_hd__nand2_2 (22222)           
sky130_fd_sc_hd__dlygate4sd3_1 (13594)     |sky130_fd_sc_hd__dlygate4sd3_1 (13594)     
sky130_fd_sc_hd__mux2_2 (13061)            |sky130_fd_sc_hd__mux2_2 (13061)            
sky130_fd_sc_hd__dfxtp_2 (6288)            |sky130_fd_sc_hd__dfxtp_2 (6288)            
sky130_fd_sc_hd__diode_2 (8186->2795)      |sky130_fd_sc_hd__diode_2 (8186->2795)      
sky130_fd_sc_hd__nor2_4 (339)              |sky130_fd_sc_hd__nor2_4 (339)              
sky130_fd_sc_hd__buf_1 (8600)              |sky130_fd_sc_hd__buf_1 (8600)              
sky130_fd_sc_hd__buf_4 (1732)              |sky130_fd_sc_hd__buf_4 (1732)              
sky130_fd_sc_hd__or2_2 (3877)              |sky130_fd_sc_hd__or2_2 (3877)              
sky130_fd_sc_hd__nand3b_4 (148)            |sky130_fd_sc_hd__nand3b_4 (148)            
sky130_fd_sc_hd__nor2_2 (4571)             |sky130_fd_sc_hd__nor2_2 (4571)             
sky130_fd_sc_hd__nand3_4 (925)             |sky130_fd_sc_hd__nand3_4 (925)             
sky130_fd_sc_hd__nand2_4 (594)             |sky130_fd_sc_hd__nand2_4 (594)             
sky130_fd_sc_hd__xor2_2 (625)              |sky130_fd_sc_hd__xor2_2 (625)              
sky130_fd_sc_hd__nand3_2 (3306)            |sky130_fd_sc_hd__nand3_2 (3306)            
sky130_fd_sc_hd__a221o_2 (1525)            |sky130_fd_sc_hd__a221o_2 (1525)            
sky130_fd_sc_hd__o221a_2 (674)             |sky130_fd_sc_hd__o221a_2 (674)             
sky130_fd_sc_hd__o21ai_2 (2542)            |sky130_fd_sc_hd__o21ai_2 (2542)            
sky130_fd_sc_hd__a22o_2 (1900)             |sky130_fd_sc_hd__a22o_2 (1900)             
sky130_fd_sc_hd__dfrtp_4 (59)              |sky130_fd_sc_hd__dfrtp_4 (59)              
sky130_fd_sc_hd__a21bo_2 (191)             |sky130_fd_sc_hd__a21bo_2 (191)             
sky130_fd_sc_hd__or2_4 (195)               |sky130_fd_sc_hd__or2_4 (195)               
sky130_fd_sc_hd__buf_8 (688)               |sky130_fd_sc_hd__buf_8 (688)               
sky130_fd_sc_hd__and2_4 (24)               |sky130_fd_sc_hd__and2_4 (24)               
sky130_fd_sc_hd__a21o_2 (1554)             |sky130_fd_sc_hd__a21o_2 (1554)             
sky130_fd_sc_hd__o21ba_2 (36)              |sky130_fd_sc_hd__o21ba_2 (36)              
sky130_fd_sc_hd__or4_2 (374)               |sky130_fd_sc_hd__or4_2 (374)               
sky130_fd_sc_hd__and3_2 (928)              |sky130_fd_sc_hd__and3_2 (928)              
sky130_fd_sc_hd__a31o_2 (985)              |sky130_fd_sc_hd__a31o_2 (985)              
sky130_fd_sc_hd__or3_2 (533)               |sky130_fd_sc_hd__or3_2 (533)               
sky130_fd_sc_hd__o21a_2 (646)              |sky130_fd_sc_hd__o21a_2 (646)              
sky130_fd_sc_hd__or2b_2 (368)              |sky130_fd_sc_hd__or2b_2 (368)              
sky130_fd_sc_hd__and2_2 (829)              |sky130_fd_sc_hd__and2_2 (829)              
sky130_fd_sc_hd__and2b_2 (198)             |sky130_fd_sc_hd__and2b_2 (198)             
sky130_fd_sc_hd__clkbuf_2 (1858)           |sky130_fd_sc_hd__clkbuf_2 (1858)           
sky130_fd_sc_hd__o221ai_2 (643)            |sky130_fd_sc_hd__o221ai_2 (643)            
sky130_fd_sc_hd__buf_2 (1236)              |sky130_fd_sc_hd__buf_2 (1236)              
sky130_fd_sc_hd__buf_6 (2274)              |sky130_fd_sc_hd__buf_6 (2274)              
sky130_fd_sc_hd__o31ai_4 (8)               |sky130_fd_sc_hd__o31ai_4 (8)               
sky130_fd_sc_hd__buf_12 (1292)             |sky130_fd_sc_hd__buf_12 (1292)             
sky130_fd_sc_hd__o211ai_2 (182)            |sky130_fd_sc_hd__o211ai_2 (182)            
sky130_fd_sc_hd__xnor2_2 (220)             |sky130_fd_sc_hd__xnor2_2 (220)             
sky130_fd_sc_hd__a211o_2 (444)             |sky130_fd_sc_hd__a211o_2 (444)             
sky130_fd_sc_hd__o211a_2 (606)             |sky130_fd_sc_hd__o211a_2 (606)             
sky130_fd_sc_hd__o22a_2 (311)              |sky130_fd_sc_hd__o22a_2 (311)              
sky130_fd_sc_hd__or3b_2 (150)              |sky130_fd_sc_hd__or3b_2 (150)              
sky130_fd_sc_hd__and4_2 (150)              |sky130_fd_sc_hd__and4_2 (150)              
sky130_fd_sc_hd__a2111oi_2 (10)            |sky130_fd_sc_hd__a2111oi_2 (10)            
sky130_fd_sc_hd__nor2b_2 (3)               |sky130_fd_sc_hd__nor2b_2 (3)               
sky130_fd_sc_hd__nand2_8 (126)             |sky130_fd_sc_hd__nand2_8 (126)             
sky130_fd_sc_hd__nand3b_2 (529)            |sky130_fd_sc_hd__nand3b_2 (529)            
sky130_fd_sc_hd__o31ai_2 (84)              |sky130_fd_sc_hd__o31ai_2 (84)              
sky130_fd_sc_hd__a32o_2 (568)              |sky130_fd_sc_hd__a32o_2 (568)              
sky130_fd_sc_hd__inv_8 (50)                |sky130_fd_sc_hd__inv_8 (50)                
sky130_fd_sc_hd__clkbuf_8 (2276)           |sky130_fd_sc_hd__clkbuf_8 (2276)           
sky130_fd_sc_hd__clkinv_2 (229)            |sky130_fd_sc_hd__clkinv_2 (229)            
sky130_fd_sc_hd__a21boi_2 (423)            |sky130_fd_sc_hd__a21boi_2 (423)            
sky130_fd_sc_hd__bufinv_16 (79)            |sky130_fd_sc_hd__bufinv_16 (79)            
sky130_fd_sc_hd__or2b_4 (47)               |sky130_fd_sc_hd__or2b_4 (47)               
sky130_fd_sc_hd__inv_6 (64)                |sky130_fd_sc_hd__inv_6 (64)                
sky130_fd_sc_hd__o2111ai_2 (40)            |sky130_fd_sc_hd__o2111ai_2 (40)            
sky130_sram_2kbyte_1rw1r_32x512_8 (23)     |sky130_sram_2kbyte_1rw1r_32x512_8 (23)     
sky130_fd_sc_hd__dfstp_2 (101)             |sky130_fd_sc_hd__dfstp_2 (101)             
sky130_fd_sc_hd__bufinv_8 (21)             |sky130_fd_sc_hd__bufinv_8 (21)             
sky130_fd_sc_hd__a311o_2 (145)             |sky130_fd_sc_hd__a311o_2 (145)             
sky130_fd_sc_hd__o311a_2 (75)              |sky130_fd_sc_hd__o311a_2 (75)              
sky130_fd_sc_hd__a2111o_2 (113)            |sky130_fd_sc_hd__a2111o_2 (113)            
sky130_fd_sc_hd__o21ai_4 (105)             |sky130_fd_sc_hd__o21ai_4 (105)             
sky130_fd_sc_hd__a41o_2 (87)               |sky130_fd_sc_hd__a41o_2 (87)               
sky130_fd_sc_hd__a2111oi_4 (7)             |sky130_fd_sc_hd__a2111oi_4 (7)             
sky130_fd_sc_hd__a31oi_2 (56)              |sky130_fd_sc_hd__a31oi_2 (56)              
sky130_fd_sc_hd__and3b_2 (46)              |sky130_fd_sc_hd__and3b_2 (46)              
sky130_fd_sc_hd__clkinv_4 (31)             |sky130_fd_sc_hd__clkinv_4 (31)             
sky130_fd_sc_hd__clkdlybuf4s25_1 (1103)    |sky130_fd_sc_hd__clkdlybuf4s25_1 (1103)    
sky130_fd_sc_hd__xor2_4 (36)               |sky130_fd_sc_hd__xor2_4 (36)               
sky130_fd_sc_hd__nor3_4 (8)                |sky130_fd_sc_hd__nor3_4 (8)                
sky130_fd_sc_hd__o31a_2 (131)              |sky130_fd_sc_hd__o31a_2 (131)              
sky130_fd_sc_hd__o32a_2 (44)               |sky130_fd_sc_hd__o32a_2 (44)               
sky130_fd_sc_hd__a2bb2o_2 (135)            |sky130_fd_sc_hd__a2bb2o_2 (135)            
sky130_fd_sc_hd__inv_4 (136)               |sky130_fd_sc_hd__inv_4 (136)               
sky130_fd_sc_hd__or4b_2 (20)               |sky130_fd_sc_hd__or4b_2 (20)               
sky130_fd_sc_hd__a31o_4 (12)               |sky130_fd_sc_hd__a31o_4 (12)               
sky130_fd_sc_hd__o41ai_2 (3)               |sky130_fd_sc_hd__o41ai_2 (3)               
sky130_fd_sc_hd__a221oi_2 (44)             |sky130_fd_sc_hd__a221oi_2 (44)             
sky130_fd_sc_hd__o2111a_2 (45)             |sky130_fd_sc_hd__o2111a_2 (45)             
sky130_fd_sc_hd__nor3_2 (78)               |sky130_fd_sc_hd__nor3_2 (78)               
sky130_fd_sc_hd__dlymetal6s2s_1 (18)       |sky130_fd_sc_hd__dlymetal6s2s_1 (18)       
sky130_fd_sc_hd__a2bb2o_4 (1)              |sky130_fd_sc_hd__a2bb2o_4 (1)              
sky130_fd_sc_hd__o2bb2a_2 (60)             |sky130_fd_sc_hd__o2bb2a_2 (60)             
sky130_fd_sc_hd__o2bb2ai_2 (23)            |sky130_fd_sc_hd__o2bb2ai_2 (23)            
sky130_fd_sc_hd__and3_4 (20)               |sky130_fd_sc_hd__and3_4 (20)               
sky130_fd_sc_hd__dfxtp_4 (8)               |sky130_fd_sc_hd__dfxtp_4 (8)               
sky130_fd_sc_hd__and4b_2 (39)              |sky130_fd_sc_hd__and4b_2 (39)              
sky130_fd_sc_hd__nand2b_2 (35)             |sky130_fd_sc_hd__nand2b_2 (35)             
sky130_fd_sc_hd__a21boi_4 (39)             |sky130_fd_sc_hd__a21boi_4 (39)             
sky130_fd_sc_hd__conb_1 (3)                |sky130_fd_sc_hd__conb_1 (3)                
sky130_fd_sc_hd__a21oi_4 (125)             |sky130_fd_sc_hd__a21oi_4 (125)             
sky130_fd_sc_hd__inv_12 (25)               |sky130_fd_sc_hd__inv_12 (25)               
sky130_fd_sc_hd__o211ai_4 (7)              |sky130_fd_sc_hd__o211ai_4 (7)              
sky130_fd_sc_hd__clkinvlp_4 (25)           |sky130_fd_sc_hd__clkinvlp_4 (25)           
sky130_fd_sc_hd__o21bai_2 (70)             |sky130_fd_sc_hd__o21bai_2 (70)             
sky130_fd_sc_hd__o22ai_2 (34)              |sky130_fd_sc_hd__o22ai_2 (34)              
sky130_fd_sc_hd__a22oi_2 (16)              |sky130_fd_sc_hd__a22oi_2 (16)              
sky130_fd_sc_hd__a31oi_4 (5)               |sky130_fd_sc_hd__a31oi_4 (5)               
sky130_fd_sc_hd__a211oi_2 (25)             |sky130_fd_sc_hd__a211oi_2 (25)             
sky130_fd_sc_hd__or3_4 (52)                |sky130_fd_sc_hd__or3_4 (52)                
sky130_fd_sc_hd__inv_16 (12)               |sky130_fd_sc_hd__inv_16 (12)               
sky130_fd_sc_hd__dlygate4sd1_1 (4)         |sky130_fd_sc_hd__dlygate4sd1_1 (4)         
sky130_fd_sc_hd__clkbuf_1 (53)             |sky130_fd_sc_hd__clkbuf_1 (53)             
sky130_fd_sc_hd__or4_4 (19)                |sky130_fd_sc_hd__or4_4 (19)                
sky130_fd_sc_hd__a2bb2oi_2 (10)            |sky130_fd_sc_hd__a2bb2oi_2 (10)            
sky130_fd_sc_hd__xnor2_4 (5)               |sky130_fd_sc_hd__xnor2_4 (5)               
sky130_fd_sc_hd__a21o_4 (15)               |sky130_fd_sc_hd__a21o_4 (15)               
sky130_fd_sc_hd__clkinv_8 (21)             |sky130_fd_sc_hd__clkinv_8 (21)             
sky130_fd_sc_hd__mux2_4 (11)               |sky130_fd_sc_hd__mux2_4 (11)               
sky130_fd_sc_hd__o2bb2ai_4 (1)             |sky130_fd_sc_hd__o2bb2ai_4 (1)             
sky130_fd_sc_hd__clkinv_16 (1)             |sky130_fd_sc_hd__clkinv_16 (1)             
sky130_fd_sc_hd__dfstp_4 (1)               |sky130_fd_sc_hd__dfstp_4 (1)               
sky130_fd_sc_hd__nand2b_4 (6)              |sky130_fd_sc_hd__nand2b_4 (6)              
sky130_fd_sc_hd__clkbuf_16 (5)             |sky130_fd_sc_hd__clkbuf_16 (5)             
sky130_fd_sc_hd__a221oi_4 (6)              |sky130_fd_sc_hd__a221oi_4 (6)              
sky130_fd_sc_hd__o21ba_4 (2)               |sky130_fd_sc_hd__o21ba_4 (2)               
sky130_fd_sc_hd__a32o_4 (1)                |sky130_fd_sc_hd__a32o_4 (1)                
sky130_fd_sc_hd__a22o_4 (7)                |sky130_fd_sc_hd__a22o_4 (7)                
sky130_fd_sc_hd__o21bai_4 (5)              |sky130_fd_sc_hd__o21bai_4 (5)              
sky130_fd_sc_hd__nor2_1 (4)                |sky130_fd_sc_hd__nor2_1 (4)                
sky130_fd_sc_hd__a211o_4 (9)               |sky130_fd_sc_hd__a211o_4 (9)               
sky130_fd_sc_hd__nand3b_1 (1)              |sky130_fd_sc_hd__nand3b_1 (1)              
sky130_fd_sc_hd__nor2_8 (7)                |sky130_fd_sc_hd__nor2_8 (7)                
sky130_fd_sc_hd__o2111ai_4 (1)             |sky130_fd_sc_hd__o2111ai_4 (1)             
sky130_fd_sc_hd__o31ai_1 (2)               |sky130_fd_sc_hd__o31ai_1 (2)               
sky130_fd_sc_hd__o211a_4 (3)               |sky130_fd_sc_hd__o211a_4 (3)               
sky130_fd_sc_hd__or3b_4 (9)                |sky130_fd_sc_hd__or3b_4 (9)                
sky130_fd_sc_hd__o32a_4 (1)                |sky130_fd_sc_hd__o32a_4 (1)                
sky130_fd_sc_hd__nand3_1 (5)               |sky130_fd_sc_hd__nand3_1 (5)               
sky130_fd_sc_hd__clkinv_1 (3)              |sky130_fd_sc_hd__clkinv_1 (3)              
sky130_fd_sc_hd__nor3b_2 (6)               |sky130_fd_sc_hd__nor3b_2 (6)               
sky130_fd_sc_hd__o221ai_4 (1)              |sky130_fd_sc_hd__o221ai_4 (1)              
sky130_fd_sc_hd__a221o_4 (2)               |sky130_fd_sc_hd__a221o_4 (2)               
sky130_fd_sc_hd__dlymetal6s4s_1 (8)        |sky130_fd_sc_hd__dlymetal6s4s_1 (8)        
sky130_fd_sc_hd__o22a_4 (1)                |sky130_fd_sc_hd__o22a_4 (1)                
sky130_fd_sc_hd__a211oi_4 (2)              |sky130_fd_sc_hd__a211oi_4 (2)              
sky130_fd_sc_hd__a2111oi_1 (1)             |sky130_fd_sc_hd__a2111oi_1 (1)             
sky130_fd_sc_hd__a32oi_2 (2)               |sky130_fd_sc_hd__a32oi_2 (2)               
sky130_fd_sc_hd__nand2_1 (3)               |sky130_fd_sc_hd__nand2_1 (3)               
sky130_fd_sc_hd__or4b_4 (1)                |sky130_fd_sc_hd__or4b_4 (1)                
sky130_fd_sc_hd__o21a_4 (7)                |sky130_fd_sc_hd__o21a_4 (7)                
sky130_fd_sc_hd__o311ai_2 (5)              |sky130_fd_sc_hd__o311ai_2 (5)              
sky130_fd_sc_hd__o22ai_4 (1)               |sky130_fd_sc_hd__o22ai_4 (1)               
sky130_fd_sc_hd__and3b_4 (1)               |sky130_fd_sc_hd__and3b_4 (1)               
sky130_fd_sc_hd__a311oi_2 (5)              |sky130_fd_sc_hd__a311oi_2 (5)              
sky130_fd_sc_hd__and4_4 (2)                |sky130_fd_sc_hd__and4_4 (2)                
sky130_fd_sc_hd__o41a_2 (3)                |sky130_fd_sc_hd__o41a_2 (3)                
sky130_fd_sc_hd__o32ai_4 (1)               |sky130_fd_sc_hd__o32ai_4 (1)               
sky130_fd_sc_hd__nor2b_4 (2)               |sky130_fd_sc_hd__nor2b_4 (2)               
sky130_fd_sc_hd__nor3b_4 (2)               |sky130_fd_sc_hd__nor3b_4 (2)               
Number of devices: 131616                  |Number of devices: 131616                  
Number of nets: 130303                     |Number of nets: 130303                     
---------------------------------------------------------------------------------------
Resolving symmetries by property value.
Resolving symmetries by pin name.
Netlists match uniquely.

Subcircuit pins:
Circuit 1: soc_top                         |Circuit 2: soc_top                         
-------------------------------------------|-------------------------------------------
qspi_io_i[2]                               |qspi_io_i[2]                               
qspi_io_i[1]                               |qspi_io_i[1]                               
gpio_i[13]                                 |gpio_i[13]                                 
gpio_i[0]                                  |gpio_i[0]                                  
qspi_io_i[0]                               |qspi_io_i[0]                               
qspi_io_i[3]                               |qspi_io_i[3]                               
gpio_i[9]                                  |gpio_i[9]                                  
gpio_i[15]                                 |gpio_i[15]                                 
gpio_i[11]                                 |gpio_i[11]                                 
gpio_i[6]                                  |gpio_i[6]                                  
i2c_sda_i                                  |i2c_sda_i                                  
gpio_i[5]                                  |gpio_i[5]                                  
gpio_i[14]                                 |gpio_i[14]                                 
gpio_i[12]                                 |gpio_i[12]                                 
gpio_i[7]                                  |gpio_i[7]                                  
gpio_i[4]                                  |gpio_i[4]                                  
gpio_i[1]                                  |gpio_i[1]                                  
gpio_i[8]                                  |gpio_i[8]                                  
gpio_i[3]                                  |gpio_i[3]                                  
gpio_i[2]                                  |gpio_i[2]                                  
gpio_i[10]                                 |gpio_i[10]                                 
jtag_tdi                                   |jtag_tdi                                   
jtag_tms                                   |jtag_tms                                   
jtag_trst_n                                |jtag_trst_n                                
rst_ni                                     |rst_ni                                     
uart1_rxd                                  |uart1_rxd                                  
uart2_rxd                                  |uart2_rxd                                  
gpio_o[6]                                  |gpio_o[6]                                  
gpio_o[5]                                  |gpio_o[5]                                  
gpio_o[0]                                  |gpio_o[0]                                  
gpio_o[4]                                  |gpio_o[4]                                  
gpio_o[7]                                  |gpio_o[7]                                  
gpio_o[2]                                  |gpio_o[2]                                  
gpio_o[1]                                  |gpio_o[1]                                  
gpio_o[3]                                  |gpio_o[3]                                  
gpio_o[10]                                 |gpio_o[10]                                 
gpio_o[14]                                 |gpio_o[14]                                 
gpio_o[15]                                 |gpio_o[15]                                 
gpio_o[9]                                  |gpio_o[9]                                  
gpio_o[11]                                 |gpio_o[11]                                 
gpio_o[13]                                 |gpio_o[13]                                 
gpio_o[12]                                 |gpio_o[12]                                 
qspi_io_oe[2]                              |qspi_io_oe[2]                              
qspi_io_oe[0]                              |qspi_io_oe[0]                              
qspi_io_o[3]                               |qspi_io_o[3]                               
qspi_io_o[2]                               |qspi_io_o[2]                               
gpio_tx_en_o[0]                            |gpio_tx_en_o[0]                            
qspi_io_oe[1]                              |qspi_io_oe[1]                              
i2c_sda_oe                                 |i2c_sda_oe                                 
qspi_io_o[0]                               |qspi_io_o[0]                               
gpio_tx_en_o[3]                            |gpio_tx_en_o[3]                            
gpio_tx_en_o[10]                           |gpio_tx_en_o[10]                           
gpio_tx_en_o[1]                            |gpio_tx_en_o[1]                            
gpio_tx_en_o[5]                            |gpio_tx_en_o[5]                            
gpio_tx_en_o[2]                            |gpio_tx_en_o[2]                            
gpio_tx_en_o[4]                            |gpio_tx_en_o[4]                            
gpio_tx_en_o[6]                            |gpio_tx_en_o[6]                            
gpio_tx_en_o[7]                            |gpio_tx_en_o[7]                            
gpio_tx_en_o[11]                           |gpio_tx_en_o[11]                           
gpio_tx_en_o[14]                           |gpio_tx_en_o[14]                           
gpio_tx_en_o[15]                           |gpio_tx_en_o[15]                           
gpio_tx_en_o[13]                           |gpio_tx_en_o[13]                           
gpio_tx_en_o[12]                           |gpio_tx_en_o[12]                           
gpio_tx_en_o[9]                            |gpio_tx_en_o[9]                            
gpio_tx_en_o[8]                            |gpio_tx_en_o[8]                            
uart2_txd                                  |uart2_txd                                  
qspi_cs_n                                  |qspi_cs_n                                  
uart1_txd                                  |uart1_txd                                  
jtag_tdo                                   |jtag_tdo                                   
qspi_sck                                   |qspi_sck                                   
qspi_io_oe[3]                              |qspi_io_oe[3]                              
i2c_scl_oe                                 |i2c_scl_oe                                 
qspi_io_o[1]                               |qspi_io_o[1]                               
gpio_o[8]                                  |gpio_o[8]                                  
i2c_scl_o                                  |i2c_scl_o                                  
i2c_sda_o                                  |i2c_sda_o                                  
clk_i                                      |clk_i                                      
jtag_tck                                   |jtag_tck                                   
VGND                                       |VGND                                       
VPWR                                       |VPWR                                       
i2c_scl_i                                  |i2c_scl_i                                  
---------------------------------------------------------------------------------------
Cell pin lists are equivalent.
Device classes soc_top and soc_top are equivalent.

Final result: Circuits match uniquely.
.
