"input" in: sky130A_mr.drc:169
    Polygons (raw): 7076600 (flat)  607 (hierarchical)
    Elapsed: 0.500s  Memory: 1798.00M
"polygons" in: sky130A_mr.drc:170
    Polygons (raw): 1501430 (flat)  31 (hierarchical)
    Elapsed: 0.400s  Memory: 1798.00M
"polygons" in: sky130A_mr.drc:171
    Polygons (raw): 2648548 (flat)  243 (hierarchical)
    Elapsed: 0.320s  Memory: 1798.00M
"polygons" in: sky130A_mr.drc:172
    Polygons (raw): 23 (flat)  1 (hierarchical)
    Elapsed: 0.360s  Memory: 1798.00M
"polygons" in: sky130A_mr.drc:173
    Polygons (raw): 0 (flat)  0 (hierarchical)
    Elapsed: 0.010s  Memory: 1798.00M
"polygons" in: sky130A_mr.drc:174
    Polygons (raw): 0 (flat)  0 (hierarchical)
    Elapsed: 0.000s  Memory: 1798.00M
"polygons" in: sky130A_mr.drc:175
    Polygons (raw): 0 (flat)  0 (hierarchical)
    Elapsed: 0.020s  Memory: 1798.00M
"polygons" in: sky130A_mr.drc:176
    Polygons (raw): 0 (flat)  0 (hierarchical)
    Elapsed: 0.000s  Memory: 1798.00M
"polygons" in: sky130A_mr.drc:177
    Polygons (raw): 2453852 (flat)  175 (hierarchical)
    Elapsed: 0.320s  Memory: 1798.00M
"polygons" in: sky130A_mr.drc:178
    Polygons (raw): 0 (flat)  0 (hierarchical)
    Elapsed: 0.010s  Memory: 1798.00M
"polygons" in: sky130A_mr.drc:179
    Polygons (raw): 0 (flat)  0 (hierarchical)
    Elapsed: 0.000s  Memory: 1798.00M
"polygons" in: sky130A_mr.drc:180
    Polygons (raw): 0 (flat)  0 (hierarchical)
    Elapsed: 0.010s  Memory: 1798.00M
"polygons" in: sky130A_mr.drc:181
    Polygons (raw): 0 (flat)  0 (hierarchical)
    Elapsed: 0.000s  Memory: 1798.00M
"polygons" in: sky130A_mr.drc:182
    Polygons (raw): 10836690 (flat)  2243 (hierarchical)
    Elapsed: 0.360s  Memory: 1798.00M
"polygons" in: sky130A_mr.drc:183
    Polygons (raw): 0 (flat)  0 (hierarchical)
    Elapsed: 0.010s  Memory: 1798.00M
"polygons" in: sky130A_mr.drc:184
    Polygons (raw): 4323196 (flat)  271 (hierarchical)
    Elapsed: 0.320s  Memory: 1798.00M
"polygons" in: sky130A_mr.drc:185
    Polygons (raw): 3537447 (flat)  265 (hierarchical)
    Elapsed: 0.330s  Memory: 1798.00M
"polygons" in: sky130A_mr.drc:186
    Polygons (raw): 0 (flat)  0 (hierarchical)
    Elapsed: 0.020s  Memory: 1798.00M
"polygons" in: sky130A_mr.drc:187
    Polygons (raw): 0 (flat)  0 (hierarchical)
    Elapsed: 0.000s  Memory: 1798.00M
"polygons" in: sky130A_mr.drc:188
    Polygons (raw): 3875084 (flat)  252 (hierarchical)
    Elapsed: 0.340s  Memory: 1798.00M
"polygons" in: sky130A_mr.drc:189
    Polygons (raw): 32712431 (flat)  6966 (hierarchical)
    Elapsed: 0.340s  Memory: 1798.00M
"polygons" in: sky130A_mr.drc:191
    Polygons (raw): 20649236 (flat)  447925 (hierarchical)
    Elapsed: 0.550s  Memory: 1798.00M
"polygons" in: sky130A_mr.drc:192
    Polygons (raw): 0 (flat)  0 (hierarchical)
    Elapsed: 0.010s  Memory: 1814.00M
"polygons" in: sky130A_mr.drc:193
    Polygons (raw): 23251437 (flat)  444240 (hierarchical)
    Elapsed: 0.530s  Memory: 1814.00M
"polygons" in: sky130A_mr.drc:195
    Polygons (raw): 20002851 (flat)  716378 (hierarchical)
    Elapsed: 1.450s  Memory: 1826.00M
"polygons" in: sky130A_mr.drc:196
    Polygons (raw): 5388472 (flat)  586334 (hierarchical)
    Elapsed: 0.730s  Memory: 1850.00M
"polygons" in: sky130A_mr.drc:198
    Polygons (raw): 11293206 (flat)  416094 (hierarchical)
    Elapsed: 1.080s  Memory: 1874.00M
"polygons" in: sky130A_mr.drc:199
    Polygons (raw): 229452 (flat)  111973 (hierarchical)
    Elapsed: 0.470s  Memory: 1874.00M
"polygons" in: sky130A_mr.drc:201
    Polygons (raw): 886582 (flat)  76110 (hierarchical)
    Elapsed: 0.470s  Memory: 1874.00M
"polygons" in: sky130A_mr.drc:202
    Polygons (raw): 178528 (flat)  90394 (hierarchical)
    Elapsed: 0.410s  Memory: 1874.00M
"polygons" in: sky130A_mr.drc:204
    Polygons (raw): 190834 (flat)  13402 (hierarchical)
    Elapsed: 0.380s  Memory: 1874.00M
"polygons" in: sky130A_mr.drc:205
    Polygons (raw): 1554 (flat)  1554 (hierarchical)
    Elapsed: 0.350s  Memory: 1874.00M
"polygons" in: sky130A_mr.drc:207
    Polygons (raw): 334 (flat)  334 (hierarchical)
    Elapsed: 0.340s  Memory: 1874.00M
"polygons" in: sky130A_mr.drc:209
    Polygons (raw): 0 (flat)  0 (hierarchical)
    Elapsed: 0.020s  Memory: 1874.00M
"polygons" in: sky130A_mr.drc:210
    Polygons (raw): 0 (flat)  0 (hierarchical)
    Elapsed: 0.000s  Memory: 1874.00M
"polygons" in: sky130A_mr.drc:211
    Polygons (raw): 0 (flat)  0 (hierarchical)
    Elapsed: 0.010s  Memory: 1874.00M
"polygons" in: sky130A_mr.drc:212
    Polygons (raw): 0 (flat)  0 (hierarchical)
    Elapsed: 0.000s  Memory: 1874.00M
"polygons" in: sky130A_mr.drc:213
    Polygons (raw): 0 (flat)  0 (hierarchical)
    Elapsed: 0.010s  Memory: 1874.00M
"polygons" in: sky130A_mr.drc:214
    Polygons (raw): 0 (flat)  0 (hierarchical)
    Elapsed: 0.000s  Memory: 1874.00M
"polygons" in: sky130A_mr.drc:215
    Polygons (raw): 0 (flat)  0 (hierarchical)
    Elapsed: 0.010s  Memory: 1874.00M
"polygons" in: sky130A_mr.drc:216
    Polygons (raw): 0 (flat)  0 (hierarchical)
    Elapsed: 0.010s  Memory: 1874.00M
"polygons" in: sky130A_mr.drc:217
    Polygons (raw): 0 (flat)  0 (hierarchical)
    Elapsed: 0.010s  Memory: 1874.00M
"polygons" in: sky130A_mr.drc:218
    Polygons (raw): 0 (flat)  0 (hierarchical)
    Elapsed: 0.000s  Memory: 1874.00M
"polygons" in: sky130A_mr.drc:219
    Polygons (raw): 0 (flat)  0 (hierarchical)
    Elapsed: 0.010s  Memory: 1874.00M
"polygons" in: sky130A_mr.drc:220
    Polygons (raw): 0 (flat)  0 (hierarchical)
    Elapsed: 0.000s  Memory: 1874.00M
"polygons" in: sky130A_mr.drc:221
    Polygons (raw): 0 (flat)  0 (hierarchical)
    Elapsed: 0.010s  Memory: 1874.00M
"polygons" in: sky130A_mr.drc:222
    Polygons (raw): 0 (flat)  0 (hierarchical)
    Elapsed: 0.000s  Memory: 1874.00M
"polygons" in: sky130A_mr.drc:223
    Polygons (raw): 0 (flat)  0 (hierarchical)
    Elapsed: 0.010s  Memory: 1874.00M
"polygons" in: sky130A_mr.drc:224
    Polygons (raw): 0 (flat)  0 (hierarchical)
    Elapsed: 0.000s  Memory: 1874.00M
"polygons" in: sky130A_mr.drc:225
    Polygons (raw): 394680 (flat)  4 (hierarchical)
    Elapsed: 0.380s  Memory: 1874.00M
"polygons" in: sky130A_mr.drc:226
    Polygons (raw): 0 (flat)  0 (hierarchical)
    Elapsed: 0.020s  Memory: 1874.00M
"polygons" in: sky130A_mr.drc:227
    Polygons (raw): 2969467 (flat)  359 (hierarchical)
    Elapsed: 0.310s  Memory: 1874.00M
"polygons" in: sky130A_mr.drc:228
    Polygons (raw): 0 (flat)  0 (hierarchical)
    Elapsed: 0.020s  Memory: 1874.00M
"polygons" in: sky130A_mr.drc:229
    Polygons (raw): 0 (flat)  0 (hierarchical)
    Elapsed: 0.000s  Memory: 1874.00M
"polygons" in: sky130A_mr.drc:230
    Polygons (raw): 0 (flat)  0 (hierarchical)
    Elapsed: 0.020s  Memory: 1874.00M
"polygons" in: sky130A_mr.drc:231
    Polygons (raw): 0 (flat)  0 (hierarchical)
    Elapsed: 0.000s  Memory: 1874.00M
"polygons" in: sky130A_mr.drc:232
    Polygons (raw): 0 (flat)  0 (hierarchical)
    Elapsed: 0.010s  Memory: 1874.00M
"polygons" in: sky130A_mr.drc:233
    Polygons (raw): 0 (flat)  0 (hierarchical)
    Elapsed: 0.000s  Memory: 1874.00M
"polygons" in: sky130A_mr.drc:234
    Polygons (raw): 0 (flat)  0 (hierarchical)
    Elapsed: 0.010s  Memory: 1874.00M
"polygons" in: sky130A_mr.drc:235
    Polygons (raw): 1 (flat)  1 (hierarchical)
    Elapsed: 0.340s  Memory: 1874.00M
"polygons" in: sky130A_mr.drc:236
    Polygons (raw): 0 (flat)  0 (hierarchical)
    Elapsed: 0.020s  Memory: 1874.00M
"polygons" in: sky130A_mr.drc:237
    Polygons (raw): 0 (flat)  0 (hierarchical)
    Elapsed: 0.000s  Memory: 1874.00M
"polygons" in: sky130A_mr.drc:238
    Polygons (raw): 0 (flat)  0 (hierarchical)
    Elapsed: 0.010s  Memory: 1874.00M
"polygons" in: sky130A_mr.drc:239
    Polygons (raw): 0 (flat)  0 (hierarchical)
    Elapsed: 0.000s  Memory: 1874.00M
"polygons" in: sky130A_mr.drc:240
    Polygons (raw): 12365 (flat)  1 (hierarchical)
    Elapsed: 0.360s  Memory: 1874.00M
"polygons" in: sky130A_mr.drc:241
    Polygons (raw): 0 (flat)  0 (hierarchical)
    Elapsed: 0.020s  Memory: 1874.00M
"polygons" in: sky130A_mr.drc:242
    Polygons (raw): 0 (flat)  0 (hierarchical)
    Elapsed: 0.000s  Memory: 1874.00M
"polygons" in: sky130A_mr.drc:243
    Polygons (raw): 0 (flat)  0 (hierarchical)
    Elapsed: 0.020s  Memory: 1874.00M
"polygons" in: sky130A_mr.drc:244
    Polygons (raw): 0 (flat)  0 (hierarchical)
    Elapsed: 0.000s  Memory: 1874.00M
"polygons" in: sky130A_mr.drc:245
    Polygons (raw): 0 (flat)  0 (hierarchical)
    Elapsed: 0.010s  Memory: 1874.00M
"polygons" in: sky130A_mr.drc:246
    Polygons (raw): 0 (flat)  0 (hierarchical)
    Elapsed: 0.000s  Memory: 1874.00M
"polygons" in: sky130A_mr.drc:247
    Polygons (raw): 0 (flat)  0 (hierarchical)
    Elapsed: 0.020s  Memory: 1874.00M
"polygons" in: sky130A_mr.drc:248
    Polygons (raw): 0 (flat)  0 (hierarchical)
    Elapsed: 0.000s  Memory: 1874.00M
"polygons" in: sky130A_mr.drc:249
    Polygons (raw): 0 (flat)  0 (hierarchical)
    Elapsed: 0.020s  Memory: 1874.00M
"polygons" in: sky130A_mr.drc:250
    Polygons (raw): 0 (flat)  0 (hierarchical)
    Elapsed: 0.000s  Memory: 1874.00M
"polygons" in: sky130A_mr.drc:251
    Polygons (raw): 0 (flat)  0 (hierarchical)
    Elapsed: 0.010s  Memory: 1874.00M
"polygons" in: sky130A_mr.drc:252
    Polygons (raw): 0 (flat)  0 (hierarchical)
    Elapsed: 0.000s  Memory: 1874.00M
"polygons" in: sky130A_mr.drc:253
    Polygons (raw): 0 (flat)  0 (hierarchical)
    Elapsed: 0.010s  Memory: 1874.00M
"polygons" in: sky130A_mr.drc:254
    Polygons (raw): 0 (flat)  0 (hierarchical)
    Elapsed: 0.000s  Memory: 1874.00M
"polygons" in: sky130A_mr.drc:255
    Polygons (raw): 0 (flat)  0 (hierarchical)
    Elapsed: 0.010s  Memory: 1874.00M
"polygons" in: sky130A_mr.drc:256
    Polygons (raw): 0 (flat)  0 (hierarchical)
    Elapsed: 0.000s  Memory: 1874.00M
"polygons" in: sky130A_mr.drc:257
    Polygons (raw): 0 (flat)  0 (hierarchical)
    Elapsed: 0.010s  Memory: 1874.00M
"polygons" in: sky130A_mr.drc:258
    Polygons (raw): 0 (flat)  0 (hierarchical)
    Elapsed: 0.000s  Memory: 1874.00M
"polygons" in: sky130A_mr.drc:259
    Polygons (raw): 0 (flat)  0 (hierarchical)
    Elapsed: 0.010s  Memory: 1874.00M
"polygons" in: sky130A_mr.drc:260
    Polygons (raw): 0 (flat)  0 (hierarchical)
    Elapsed: 0.000s  Memory: 1874.00M
"polygons" in: sky130A_mr.drc:261
    Polygons (raw): 0 (flat)  0 (hierarchical)
    Elapsed: 0.020s  Memory: 1874.00M
"polygons" in: sky130A_mr.drc:262
    Polygons (raw): 0 (flat)  0 (hierarchical)
    Elapsed: 0.010s  Memory: 1874.00M
"polygons" in: sky130A_mr.drc:263
    Polygons (raw): 0 (flat)  0 (hierarchical)
    Elapsed: 0.020s  Memory: 1874.00M
"polygons" in: sky130A_mr.drc:264
    Polygons (raw): 0 (flat)  0 (hierarchical)
    Elapsed: 0.000s  Memory: 1874.00M
"merged" in: sky130A_mr.drc:266
    Polygons (raw): 23 (flat)  1 (hierarchical)
    Elapsed: 0.530s  Memory: 1880.00M
DRC section
FEOL section
START: 64/18 (dnwell)
"width" in: sky130A_mr.drc:289
    Edge pairs: 0 (flat)  0 (hierarchical)
    Elapsed: 0.820s  Memory: 1880.00M
"output" in: sky130A_mr.drc:289
    Edge pairs: 0 (flat)  0 (hierarchical)
    Elapsed: 0.200s  Memory: 1880.00M
"or" in: sky130A_mr.drc:294
    Polygons (raw): 0 (flat)  0 (hierarchical)
    Elapsed: 0.290s  Memory: 1880.00M
"-" in: sky130A_mr.drc:294
    Polygons (raw): 23 (flat)  1 (hierarchical)
    Elapsed: 0.160s  Memory: 1880.00M
"space" in: sky130A_mr.drc:295
    Edge pairs: 0 (flat)  0 (hierarchical)
    Elapsed: 0.280s  Memory: 1882.00M
"output" in: sky130A_mr.drc:296
    Edge pairs: 0 (flat)  0 (hierarchical)
    Elapsed: 0.180s  Memory: 1882.00M
END: 64/18 (dnwell)
"input" in: sky130A_mr.drc:300
    Polygons (raw): 2167383 (flat)  167 (hierarchical)
    Elapsed: 0.470s  Memory: 1944.00M
"input" in: sky130A_mr.drc:301
    Polygons (raw): 2167383 (flat)  167 (hierarchical)
    Elapsed: 0.330s  Memory: 1944.00M
"input" in: sky130A_mr.drc:302
    Polygons (raw): 2053883 (flat)  166 (hierarchical)
    Elapsed: 0.330s  Memory: 1944.00M
"input" in: sky130A_mr.drc:311
    Polygons (raw): 2648548 (flat)  243 (hierarchical)
    Elapsed: 0.310s  Memory: 1944.00M
START: 64/20 (nwell)
"width" in: sky130A_mr.drc:315
    Edge pairs: 0 (flat)  0 (hierarchical)
    Elapsed: 26.340s  Memory: 2684.00M
"output" in: sky130A_mr.drc:315
    Edge pairs: 0 (flat)  0 (hierarchical)
    Elapsed: 0.210s  Memory: 2684.00M
"space" in: sky130A_mr.drc:319
    Edge pairs: 0 (flat)  0 (hierarchical)
    Elapsed: 70.680s  Memory: 4393.00M
"output" in: sky130A_mr.drc:319
    Edge pairs: 0 (flat)  0 (hierarchical)
    Elapsed: 0.200s  Memory: 4257.00M
"&" in: sky130A_mr.drc:323
    Polygons (raw): 2053883 (flat)  166 (hierarchical)
    Elapsed: 43.950s  Memory: 5517.00M
"merge" in: sky130A_mr.drc:323
    Polygons (raw): 2793 (flat)  2793 (hierarchical)
    Elapsed: 24.450s  Memory: 5573.00M
"holes" in: sky130A_mr.drc:324
    Polygons (raw): 0 (flat)  0 (hierarchical)
    Elapsed: 0.010s  Memory: 5573.00M
"enclosing" in: sky130A_mr.drc:324
    Edge pairs: 0 (flat)  0 (hierarchical)
    Elapsed: 0.140s  Memory: 5573.00M
"output" in: sky130A_mr.drc:324
    Edge pairs: 0 (flat)  0 (hierarchical)
    Elapsed: 0.180s  Memory: 5573.00M
"or" in: sky130A_mr.drc:328
    Polygons (raw): 0 (flat)  0 (hierarchical)
    Elapsed: 0.310s  Memory: 5573.00M
"or" in: sky130A_mr.drc:328
    Polygons (raw): 0 (flat)  0 (hierarchical)
    Elapsed: 0.310s  Memory: 5573.00M
"or" in: sky130A_mr.drc:328
    Polygons (raw): 0 (flat)  0 (hierarchical)
    Elapsed: 0.310s  Memory: 5573.00M
"&" in: sky130A_mr.drc:330
    Polygons (raw): 0 (flat)  0 (hierarchical)
    Elapsed: 0.160s  Memory: 5573.00M
"interacting" in: sky130A_mr.drc:330
    Polygons (raw): 0 (flat)  0 (hierarchical)
    Elapsed: 0.150s  Memory: 5573.00M
"-" in: sky130A_mr.drc:331
    Polygons (raw): 0 (flat)  0 (hierarchical)
    Elapsed: 0.160s  Memory: 5573.00M
"output" in: sky130A_mr.drc:332
    Polygons (raw): 0 (flat)  0 (hierarchical)
    Elapsed: 0.180s  Memory: 5573.00M
END: 64/20 (nwell)
START: 78/44 (hvtp)
"width" in: sky130A_mr.drc:337
    Edge pairs: 0 (flat)  0 (hierarchical)
    Elapsed: 23.920s  Memory: 5599.00M
"output" in: sky130A_mr.drc:337
    Edge pairs: 0 (flat)  0 (hierarchical)
    Elapsed: 0.200s  Memory: 5599.00M
"space" in: sky130A_mr.drc:341
    Edge pairs: 0 (flat)  0 (hierarchical)
    Elapsed: 40.000s  Memory: 6733.00M
"output" in: sky130A_mr.drc:341
    Edge pairs: 0 (flat)  0 (hierarchical)
    Elapsed: 0.200s  Memory: 6733.00M
END: 78/44 (hvtp)
START: 124/20 (pwde)
"width" in: sky130A_mr.drc:349
    Edge pairs: 0 (flat)  0 (hierarchical)
    Elapsed: 0.150s  Memory: 6733.00M
"output" in: sky130A_mr.drc:349
    Edge pairs: 0 (flat)  0 (hierarchical)
    Elapsed: 0.190s  Memory: 6733.00M
"or" in: sky130A_mr.drc:354
    Polygons (raw): 0 (flat)  0 (hierarchical)
    Elapsed: 0.310s  Memory: 6733.00M
"&" in: sky130A_mr.drc:354
    Polygons (raw): 0 (flat)  0 (hierarchical)
    Elapsed: 0.160s  Memory: 6733.00M
"space" in: sky130A_mr.drc:355
    Edge pairs: 0 (flat)  0 (hierarchical)
    Elapsed: 0.150s  Memory: 6733.00M
"output" in: sky130A_mr.drc:356
    Edge pairs: 0 (flat)  0 (hierarchical)
    Elapsed: 0.200s  Memory: 6733.00M
END: 124/20 (pwde)
START: 18/20 (htvr)
"width" in: sky130A_mr.drc:361
    Edge pairs: 0 (flat)  0 (hierarchical)
    Elapsed: 0.150s  Memory: 6733.00M
"output" in: sky130A_mr.drc:361
    Edge pairs: 0 (flat)  0 (hierarchical)
    Elapsed: 0.190s  Memory: 6733.00M
"separation" in: sky130A_mr.drc:365
    Edge pairs: 0 (flat)  0 (hierarchical)
    Elapsed: 0.160s  Memory: 6733.00M
"output" in: sky130A_mr.drc:365
    Edge pairs: 0 (flat)  0 (hierarchical)
    Elapsed: 0.180s  Memory: 6733.00M
"&" in: sky130A_mr.drc:369
    Polygons (raw): 0 (flat)  0 (hierarchical)
    Elapsed: 0.140s  Memory: 6733.00M
"output" in: sky130A_mr.drc:369
    Polygons (raw): 0 (flat)  0 (hierarchical)
    Elapsed: 0.200s  Memory: 6733.00M
END: 18/20 (htvr)
START: 25/44 (lvtn)
"width" in: sky130A_mr.drc:374
    Edge pairs: 0 (flat)  0 (hierarchical)
    Elapsed: 0.150s  Memory: 6733.00M
"output" in: sky130A_mr.drc:374
    Edge pairs: 0 (flat)  0 (hierarchical)
    Elapsed: 0.200s  Memory: 6733.00M
"space" in: sky130A_mr.drc:378
    Edge pairs: 0 (flat)  0 (hierarchical)
    Elapsed: 0.140s  Memory: 6733.00M
"output" in: sky130A_mr.drc:378
    Edge pairs: 0 (flat)  0 (hierarchical)
    Elapsed: 0.180s  Memory: 6733.00M
"interacting" in: sky130A_mr.drc:383
    Polygons (raw): 0 (flat)  0 (hierarchical)
    Elapsed: 0.160s  Memory: 6733.00M
"not_inside" in: sky130A_mr.drc:384
    Polygons (raw): 0 (flat)  0 (hierarchical)
    Elapsed: 0.150s  Memory: 6733.00M
"edges" in: sky130A_mr.drc:385
    Edges: 0 (flat)  0 (hierarchical)
    Elapsed: 0.160s  Memory: 6733.00M
"&" in: sky130A_mr.drc:386
    Edges: 0 (flat)  0 (hierarchical)
    Elapsed: 0.150s  Memory: 6733.00M
"output" in: sky130A_mr.drc:387
    Edges: 0 (flat)  0 (hierarchical)
    Elapsed: 0.190s  Memory: 6733.00M
END: 25/44 (lvtn)
START: 92/44 (ncm)
"width" in: sky130A_mr.drc:392
    Edge pairs: 0 (flat)  0 (hierarchical)
    Elapsed: 0.160s  Memory: 6733.00M
"output" in: sky130A_mr.drc:392
    Edge pairs: 0 (flat)  0 (hierarchical)
    Elapsed: 0.190s  Memory: 6733.00M
"space" in: sky130A_mr.drc:393
    Edge pairs: 0 (flat)  0 (hierarchical)
    Elapsed: 0.150s  Memory: 6733.00M
"output" in: sky130A_mr.drc:393
    Edge pairs: 0 (flat)  0 (hierarchical)
    Elapsed: 0.200s  Memory: 6733.00M
END: 92/44 (ncm)
START: 65/20 (diff)
"or" in: sky130A_mr.drc:401
    Polygons (raw): 4898033 (flat)  2864 (hierarchical)
    Elapsed: 4.290s  Memory: 6733.00M
"rectangles" in: sky130A_mr.drc:402
    Polygons (raw): 4052147 (flat)  482 (hierarchical)
    Elapsed: 3.300s  Memory: 6733.00M
"width" in: sky130A_mr.drc:402
    Edge pairs: 382766 (flat)  2 (hierarchical)
    Elapsed: 0.110s  Memory: 6733.00M
"polygons" in: sky130A_mr.drc:402
    Polygons (raw): 382766 (flat)  2 (hierarchical)
    Elapsed: 0.010s  Memory: 6733.00M
"edges" in: sky130A_mr.drc:405
    Edges: 1531064 (flat)  8 (hierarchical)
    Elapsed: 0.660s  Memory: 6733.00M
"outside_part" in: sky130A_mr.drc:406
    Edges: 0 (flat)  0 (hierarchical)
    Elapsed: 0.720s  Memory: 6733.00M
"outside" in: sky130A_mr.drc:407
    Polygons (raw): 0 (flat)  0 (hierarchical)
    Elapsed: 1.420s  Memory: 6733.00M
"edges" in: sky130A_mr.drc:407
    Edges: 0 (flat)  0 (hierarchical)
    Elapsed: 0.160s  Memory: 6733.00M
"-" in: sky130A_mr.drc:407
    Edges: 0 (flat)  0 (hierarchical)
    Elapsed: 0.150s  Memory: 6733.00M
"output" in: sky130A_mr.drc:408
    Edges: 0 (flat)  0 (hierarchical)
    Elapsed: 0.190s  Memory: 6733.00M
"outside" in: sky130A_mr.drc:413
    Polygons (raw): 3814053 (flat)  582 (hierarchical)
    Elapsed: 4.650s  Memory: 6768.00M
"width" in: sky130A_mr.drc:414
    Edge pairs: 0 (flat)  0 (hierarchical)
    Elapsed: 0.120s  Memory: 6768.00M
"output" in: sky130A_mr.drc:415
    Edge pairs: 0 (flat)  0 (hierarchical)
    Elapsed: 0.190s  Memory: 6768.00M
"inside" in: sky130A_mr.drc:420
    Polygons (raw): 581624 (flat)  8648 (hierarchical)
    Elapsed: 4.870s  Memory: 6850.00M
"width" in: sky130A_mr.drc:421
    Edge pairs: 0 (flat)  0 (hierarchical)
    Elapsed: 0.520s  Memory: 6850.00M
"output" in: sky130A_mr.drc:422
    Edge pairs: 0 (flat)  0 (hierarchical)
    Elapsed: 0.600s  Memory: 6850.00M
END: 65/20 (diff)
START: 65/44 (tap)
"rectangles" in: sky130A_mr.drc:429
    Polygons (raw): 1086901 (flat)  19049 (hierarchical)
    Elapsed: 0.650s  Memory: 6850.00M
"width" in: sky130A_mr.drc:429
    Edge pairs: 382766 (flat)  2 (hierarchical)
    Elapsed: 0.110s  Memory: 6850.00M
"polygons" in: sky130A_mr.drc:429
    Polygons (raw): 382766 (flat)  2 (hierarchical)
    Elapsed: 0.020s  Memory: 6850.00M
"edges" in: sky130A_mr.drc:432
    Edges: 1531064 (flat)  8 (hierarchical)
    Elapsed: 0.660s  Memory: 6850.00M
"outside_part" in: sky130A_mr.drc:433
    Edges: 0 (flat)  0 (hierarchical)
    Elapsed: 0.700s  Memory: 6850.00M
"outside" in: sky130A_mr.drc:434
    Polygons (raw): 0 (flat)  0 (hierarchical)
    Elapsed: 1.380s  Memory: 6850.00M
"edges" in: sky130A_mr.drc:434
    Edges: 0 (flat)  0 (hierarchical)
    Elapsed: 0.170s  Memory: 6850.00M
"-" in: sky130A_mr.drc:434
    Edges: 0 (flat)  0 (hierarchical)
    Elapsed: 0.150s  Memory: 6850.00M
"output" in: sky130A_mr.drc:435
    Edges: 0 (flat)  0 (hierarchical)
    Elapsed: 0.180s  Memory: 6850.00M
"-" in: sky130A_mr.drc:440
    Polygons (raw): 341264 (flat)  23 (hierarchical)
    Elapsed: 1.370s  Memory: 6850.00M
"width" in: sky130A_mr.drc:441
    Edge pairs: 0 (flat)  0 (hierarchical)
    Elapsed: 0.950s  Memory: 6850.00M
"output" in: sky130A_mr.drc:442
    Edge pairs: 0 (flat)  0 (hierarchical)
    Elapsed: 0.600s  Memory: 6850.00M
END: 65/44 (tap)
"space" in: sky130A_mr.drc:445
    Edge pairs: 0 (flat)  0 (hierarchical)
    Elapsed: 13.250s  Memory: 6850.00M
"output" in: sky130A_mr.drc:445
    Edge pairs: 0 (flat)  0 (hierarchical)
    Elapsed: 0.200s  Memory: 6850.00M
START: 80/20 (tunm)
"width" in: sky130A_mr.drc:452
    Edge pairs: 0 (flat)  0 (hierarchical)
    Elapsed: 0.140s  Memory: 6850.00M
"output" in: sky130A_mr.drc:452
    Edge pairs: 0 (flat)  0 (hierarchical)
    Elapsed: 0.190s  Memory: 6850.00M
"space" in: sky130A_mr.drc:456
    Edge pairs: 0 (flat)  0 (hierarchical)
    Elapsed: 0.160s  Memory: 6850.00M
"output" in: sky130A_mr.drc:456
    Edge pairs: 0 (flat)  0 (hierarchical)
    Elapsed: 0.190s  Memory: 6850.00M
"output" in: sky130A_mr.drc:460
    Polygons (raw): 0 (flat)  0 (hierarchical)
    Elapsed: 0.180s  Memory: 6850.00M
END: 80/20 (tunm)
START: 80/20 (thkox)
"-" in: sky130A_mr.drc:468
    Polygons (raw): 0 (flat)  0 (hierarchical)
    Elapsed: 0.170s  Memory: 6850.00M
"width" in: sky130A_mr.drc:469
    Edge pairs: 0 (flat)  0 (hierarchical)
    Elapsed: 0.150s  Memory: 6850.00M
"output" in: sky130A_mr.drc:469
    Edge pairs: 0 (flat)  0 (hierarchical)
    Elapsed: 0.210s  Memory: 6850.00M
"space" in: sky130A_mr.drc:473
    Edge pairs: 0 (flat)  0 (hierarchical)
    Elapsed: 0.150s  Memory: 6850.00M
"output" in: sky130A_mr.drc:473
    Edge pairs: 0 (flat)  0 (hierarchical)
    Elapsed: 0.190s  Memory: 6850.00M
"interacting" in: sky130A_mr.drc:478
    Polygons (raw): 0 (flat)  0 (hierarchical)
    Elapsed: 0.170s  Memory: 6850.00M
"not_inside" in: sky130A_mr.drc:479
    Polygons (raw): 0 (flat)  0 (hierarchical)
    Elapsed: 0.150s  Memory: 6850.00M
"edges" in: sky130A_mr.drc:480
    Edges: 0 (flat)  0 (hierarchical)
    Elapsed: 0.160s  Memory: 6850.00M
"&" in: sky130A_mr.drc:481
    Edges: 0 (flat)  0 (hierarchical)
    Elapsed: 0.150s  Memory: 6850.00M
"output" in: sky130A_mr.drc:482
    Edges: 0 (flat)  0 (hierarchical)
    Elapsed: 0.180s  Memory: 6850.00M
END: 80/20 (thkox)
START: 66/20 (poly)
"width" in: sky130A_mr.drc:487
    Edge pairs: 0 (flat)  0 (hierarchical)
    Elapsed: 4.980s  Memory: 6850.00M
"output" in: sky130A_mr.drc:487
    Edge pairs: 0 (flat)  0 (hierarchical)
    Elapsed: 0.200s  Memory: 6850.00M
"-" in: sky130A_mr.drc:492
    Polygons (raw): 4506860 (flat)  2177 (hierarchical)
    Elapsed: 4.750s  Memory: 6853.00M
"space" in: sky130A_mr.drc:493
    Edge pairs: 0 (flat)  0 (hierarchical)
    Elapsed: 11.950s  Memory: 6853.00M
"output" in: sky130A_mr.drc:494
    Edge pairs: 0 (flat)  0 (hierarchical)
    Elapsed: 0.600s  Memory: 6853.00M
"inside" in: sky130A_mr.drc:495
    Polygons (raw): 784875 (flat)  331 (hierarchical)
    Elapsed: 4.680s  Memory: 6855.00M
"drc" in: sky130A_mr.drc:495
    Edge pairs: 6616870 (flat)  152514 (hierarchical)
    Elapsed: 3.040s  Memory: 6862.00M
"polygons" in: sky130A_mr.drc:495
    Polygons (raw): 6616870 (flat)  152514 (hierarchical)
    Elapsed: 0.070s  Memory: 6862.00M
"interacting" in: sky130A_mr.drc:497
    Polygons (raw): 784875 (flat)  331 (hierarchical)
    Elapsed: 7.660s  Memory: 6892.00M
"isolated" in: sky130A_mr.drc:498
    Edge pairs: 0 (flat)  0 (hierarchical)
    Elapsed: 1.460s  Memory: 6892.00M
"output" in: sky130A_mr.drc:499
    Edge pairs: 0 (flat)  0 (hierarchical)
    Elapsed: 0.600s  Memory: 6892.00M
END: 66/20 (poly)
START: 80/20 (ldntm)
"&" in: sky130A_mr.drc:504
    Polygons (raw): 0 (flat)  0 (hierarchical)
    Elapsed: 0.160s  Memory: 6892.00M
"width" in: sky130A_mr.drc:505
    Edge pairs: 0 (flat)  0 (hierarchical)
    Elapsed: 0.150s  Memory: 6892.00M
"output" in: sky130A_mr.drc:505
    Edge pairs: 0 (flat)  0 (hierarchical)
    Elapsed: 0.200s  Memory: 6892.00M
"space" in: sky130A_mr.drc:509
    Edge pairs: 0 (flat)  0 (hierarchical)
    Elapsed: 0.160s  Memory: 6892.00M
"output" in: sky130A_mr.drc:509
    Edge pairs: 0 (flat)  0 (hierarchical)
    Elapsed: 0.190s  Memory: 6892.00M
END: 80/20 (ldntm)
START: 86/20 (rpm)
"width" in: sky130A_mr.drc:517
    Edge pairs: 0 (flat)  0 (hierarchical)
    Elapsed: 0.150s  Memory: 6892.00M
"output" in: sky130A_mr.drc:517
    Edge pairs: 0 (flat)  0 (hierarchical)
    Elapsed: 0.190s  Memory: 6892.00M
"space" in: sky130A_mr.drc:521
    Edge pairs: 0 (flat)  0 (hierarchical)
    Elapsed: 0.150s  Memory: 6892.00M
"output" in: sky130A_mr.drc:521
    Edge pairs: 0 (flat)  0 (hierarchical)
    Elapsed: 0.200s  Memory: 6892.00M
END: 86/20 (rpm)
START: 74/20 (rdl)
"width" in: sky130A_mr.drc:529
    Edge pairs: 0 (flat)  0 (hierarchical)
    Elapsed: 0.150s  Memory: 6892.00M
"output" in: sky130A_mr.drc:529
    Edge pairs: 0 (flat)  0 (hierarchical)
    Elapsed: 0.190s  Memory: 6892.00M
"space" in: sky130A_mr.drc:530
    Edge pairs: 0 (flat)  0 (hierarchical)
    Elapsed: 0.160s  Memory: 6892.00M
"output" in: sky130A_mr.drc:530
    Edge pairs: 0 (flat)  0 (hierarchical)
    Elapsed: 0.190s  Memory: 6892.00M
"output" in: sky130A_mr.drc:531
    Polygons (raw): 0 (flat)  0 (hierarchical)
    Elapsed: 0.190s  Memory: 6892.00M
END: 74/20 (rdl)
START: 79/20 (urpm)
"width" in: sky130A_mr.drc:536
    Edge pairs: 0 (flat)  0 (hierarchical)
    Elapsed: 0.150s  Memory: 6892.00M
"output" in: sky130A_mr.drc:536
    Edge pairs: 0 (flat)  0 (hierarchical)
    Elapsed: 0.190s  Memory: 6892.00M
"space" in: sky130A_mr.drc:540
    Edge pairs: 0 (flat)  0 (hierarchical)
    Elapsed: 0.140s  Memory: 6892.00M
"output" in: sky130A_mr.drc:540
    Edge pairs: 0 (flat)  0 (hierarchical)
    Elapsed: 0.200s  Memory: 6892.00M
END: 79/20 (urpm)
START: 95/20 (npc)
"width" in: sky130A_mr.drc:548
    Edge pairs: 0 (flat)  0 (hierarchical)
    Elapsed: 27.700s  Memory: 6892.00M
"output" in: sky130A_mr.drc:548
    Edge pairs: 0 (flat)  0 (hierarchical)
    Elapsed: 0.200s  Memory: 6892.00M
"space" in: sky130A_mr.drc:549
    Edge pairs: 0 (flat)  0 (hierarchical)
    Elapsed: 18.350s  Memory: 6892.00M
"output" in: sky130A_mr.drc:549
    Edge pairs: 0 (flat)  0 (hierarchical)
    Elapsed: 0.210s  Memory: 6892.00M
END: 95/20 (npc)
START: 93/44 (nsdm)
"-" in: sky130A_mr.drc:600
    Polygons (raw): 2379696 (flat)  256 (hierarchical)
    Elapsed: 5.670s  Memory: 7209.00M
"space" in: sky130A_mr.drc:601
    Edge pairs: 0 (flat)  0 (hierarchical)
    Elapsed: 41.930s  Memory: 7210.00M
"output" in: sky130A_mr.drc:602
    Edge pairs: 0 (flat)  0 (hierarchical)
    Elapsed: 0.600s  Memory: 7210.00M
"outside" in: sky130A_mr.drc:604
    Polygons (raw): 197001 (flat)  4727 (hierarchical)
    Elapsed: 26.320s  Memory: 7262.00M
"width" in: sky130A_mr.drc:605
    Edge pairs: 0 (flat)  0 (hierarchical)
    Elapsed: 0.350s  Memory: 7262.00M
"output" in: sky130A_mr.drc:606
    Edge pairs: 0 (flat)  0 (hierarchical)
    Elapsed: 0.190s  Memory: 7262.00M
"width" in: sky130A_mr.drc:608
    Edge pairs: 0 (flat)  0 (hierarchical)
    Elapsed: 0.770s  Memory: 7262.00M
"polygons" in: sky130A_mr.drc:608
    Polygons (raw): 0 (flat)  0 (hierarchical)
    Elapsed: 0.020s  Memory: 7262.00M
"interacting" in: sky130A_mr.drc:608
    Polygons (raw): 0 (flat)  0 (hierarchical)
    Elapsed: 0.150s  Memory: 7262.00M
"edges" in: sky130A_mr.drc:610
    Edges: 0 (flat)  0 (hierarchical)
    Elapsed: 0.160s  Memory: 7262.00M
"outside_part" in: sky130A_mr.drc:610
    Edges: 0 (flat)  0 (hierarchical)
    Elapsed: 0.150s  Memory: 7262.00M
"interacting" in: sky130A_mr.drc:609
    Polygons (raw): 0 (flat)  0 (hierarchical)
    Elapsed: 0.150s  Memory: 7262.00M
"output" in: sky130A_mr.drc:611
    Polygons (raw): 0 (flat)  0 (hierarchical)
    Elapsed: 0.200s  Memory: 7262.00M
"space" in: sky130A_mr.drc:613
    Edge pairs: 0 (flat)  0 (hierarchical)
    Elapsed: 42.300s  Memory: 7986.00M
"polygons" in: sky130A_mr.drc:613
    Polygons (raw): 0 (flat)  0 (hierarchical)
    Elapsed: 0.010s  Memory: 7776.00M
"interacting" in: sky130A_mr.drc:613
    Polygons (raw): 0 (flat)  0 (hierarchical)
    Elapsed: 0.150s  Memory: 7776.00M
"edges" in: sky130A_mr.drc:615
    Edges: 0 (flat)  0 (hierarchical)
    Elapsed: 0.160s  Memory: 7776.00M
"outside_part" in: sky130A_mr.drc:615
    Edges: 0 (flat)  0 (hierarchical)
    Elapsed: 0.150s  Memory: 7776.00M
"interacting" in: sky130A_mr.drc:614
    Polygons (raw): 0 (flat)  0 (hierarchical)
    Elapsed: 0.140s  Memory: 7776.00M
"output" in: sky130A_mr.drc:616
    Polygons (raw): 0 (flat)  0 (hierarchical)
    Elapsed: 0.200s  Memory: 7776.00M
"inside" in: sky130A_mr.drc:618
    Polygons (raw): 100188 (flat)  4356 (hierarchical)
    Elapsed: 1.140s  Memory: 7776.00M
"width" in: sky130A_mr.drc:619
    Edge pairs: 0 (flat)  0 (hierarchical)
    Elapsed: 0.150s  Memory: 7776.00M
"output" in: sky130A_mr.drc:620
    Edge pairs: 0 (flat)  0 (hierarchical)
    Elapsed: 0.180s  Memory: 7776.00M
"inside" in: sky130A_mr.drc:622
    Polygons (raw): 100188 (flat)  4356 (hierarchical)
    Elapsed: 1.180s  Memory: 7776.00M
"space" in: sky130A_mr.drc:623
    Edge pairs: 0 (flat)  0 (hierarchical)
    Elapsed: 0.780s  Memory: 7776.00M
"output" in: sky130A_mr.drc:624
    Edge pairs: 0 (flat)  0 (hierarchical)
    Elapsed: 0.630s  Memory: 7776.00M
"inside" in: sky130A_mr.drc:626
    Polygons (raw): 100188 (flat)  4356 (hierarchical)
    Elapsed: 1.170s  Memory: 7739.00M
"space" in: sky130A_mr.drc:627
    Edge pairs: 0 (flat)  0 (hierarchical)
    Elapsed: 0.340s  Memory: 6945.00M
"with_internal_angle" in: sky130A_mr.drc:628
    Edge pairs: 0 (flat)  0 (hierarchical)
    Elapsed: 0.010s  Memory: 6945.00M
"output" in: sky130A_mr.drc:629
    Edge pairs: 0 (flat)  0 (hierarchical)
    Elapsed: 0.190s  Memory: 6945.00M
END: 93/44 (nsdm)
START: 94/20 (psdm)
"-" in: sky130A_mr.drc:689
    Polygons (raw): 2371347 (flat)  256 (hierarchical)
    Elapsed: 6.400s  Memory: 7262.00M
"space" in: sky130A_mr.drc:690
    Edge pairs: 0 (flat)  0 (hierarchical)
    Elapsed: 46.180s  Memory: 7262.00M
"output" in: sky130A_mr.drc:691
    Edge pairs: 0 (flat)  0 (hierarchical)
    Elapsed: 0.630s  Memory: 7262.00M
"outside" in: sky130A_mr.drc:693
    Polygons (raw): 174368 (flat)  3652 (hierarchical)
    Elapsed: 27.640s  Memory: 7279.00M
"width" in: sky130A_mr.drc:694
    Edge pairs: 0 (flat)  0 (hierarchical)
    Elapsed: 1.000s  Memory: 7279.00M
"output" in: sky130A_mr.drc:695
    Edge pairs: 0 (flat)  0 (hierarchical)
    Elapsed: 0.630s  Memory: 7279.00M
"width" in: sky130A_mr.drc:697
    Edge pairs: 0 (flat)  0 (hierarchical)
    Elapsed: 1.000s  Memory: 7279.00M
"polygons" in: sky130A_mr.drc:697
    Polygons (raw): 0 (flat)  0 (hierarchical)
    Elapsed: 0.010s  Memory: 7279.00M
"interacting" in: sky130A_mr.drc:697
    Polygons (raw): 0 (flat)  0 (hierarchical)
    Elapsed: 0.160s  Memory: 7279.00M
"edges" in: sky130A_mr.drc:699
    Edges: 0 (flat)  0 (hierarchical)
    Elapsed: 0.160s  Memory: 7279.00M
"outside_part" in: sky130A_mr.drc:699
    Edges: 0 (flat)  0 (hierarchical)
    Elapsed: 0.150s  Memory: 7279.00M
"interacting" in: sky130A_mr.drc:698
    Polygons (raw): 0 (flat)  0 (hierarchical)
    Elapsed: 0.150s  Memory: 7279.00M
"output" in: sky130A_mr.drc:700
    Polygons (raw): 0 (flat)  0 (hierarchical)
    Elapsed: 0.200s  Memory: 7279.00M
"space" in: sky130A_mr.drc:702
    Edge pairs: 0 (flat)  0 (hierarchical)
    Elapsed: 42.310s  Memory: 7944.00M
"polygons" in: sky130A_mr.drc:702
    Polygons (raw): 0 (flat)  0 (hierarchical)
    Elapsed: 0.010s  Memory: 7918.00M
"interacting" in: sky130A_mr.drc:702
    Polygons (raw): 0 (flat)  0 (hierarchical)
    Elapsed: 0.150s  Memory: 7918.00M
"edges" in: sky130A_mr.drc:704
    Edges: 0 (flat)  0 (hierarchical)
    Elapsed: 0.160s  Memory: 7918.00M
"outside_part" in: sky130A_mr.drc:704
    Edges: 0 (flat)  0 (hierarchical)
    Elapsed: 0.150s  Memory: 7918.00M
"interacting" in: sky130A_mr.drc:703
    Polygons (raw): 0 (flat)  0 (hierarchical)
    Elapsed: 0.150s  Memory: 7918.00M
"output" in: sky130A_mr.drc:705
    Polygons (raw): 0 (flat)  0 (hierarchical)
    Elapsed: 0.200s  Memory: 7918.00M
"inside" in: sky130A_mr.drc:707
    Polygons (raw): 1495 (flat)  65 (hierarchical)
    Elapsed: 0.950s  Memory: 7918.00M
"width" in: sky130A_mr.drc:708
    Edge pairs: 0 (flat)  0 (hierarchical)
    Elapsed: 0.150s  Memory: 7918.00M
"output" in: sky130A_mr.drc:709
    Edge pairs: 0 (flat)  0 (hierarchical)
    Elapsed: 0.190s  Memory: 7918.00M
"inside" in: sky130A_mr.drc:711
    Polygons (raw): 1495 (flat)  65 (hierarchical)
    Elapsed: 0.940s  Memory: 7918.00M
"space" in: sky130A_mr.drc:712
    Edge pairs: 0 (flat)  0 (hierarchical)
    Elapsed: 0.720s  Memory: 7918.00M
"output" in: sky130A_mr.drc:713
    Edge pairs: 0 (flat)  0 (hierarchical)
    Elapsed: 0.610s  Memory: 7918.00M
"inside" in: sky130A_mr.drc:715
    Polygons (raw): 1495 (flat)  65 (hierarchical)
    Elapsed: 0.970s  Memory: 7918.00M
"space" in: sky130A_mr.drc:716
    Edge pairs: 0 (flat)  0 (hierarchical)
    Elapsed: 0.300s  Memory: 7918.00M
"with_internal_angle" in: sky130A_mr.drc:717
    Edge pairs: 0 (flat)  0 (hierarchical)
    Elapsed: 0.000s  Memory: 7918.00M
"output" in: sky130A_mr.drc:718
    Edge pairs: 0 (flat)  0 (hierarchical)
    Elapsed: 0.190s  Memory: 7918.00M
"&" in: sky130A_mr.drc:723
    Polygons (raw): 0 (flat)  0 (hierarchical)
    Elapsed: 12.920s  Memory: 7918.00M
"&" in: sky130A_mr.drc:724
    Polygons (raw): 0 (flat)  0 (hierarchical)
    Elapsed: 0.160s  Memory: 7918.00M
"output" in: sky130A_mr.drc:725
    Polygons (raw): 0 (flat)  0 (hierarchical)
    Elapsed: 0.180s  Memory: 7918.00M
END: 94/20 (psdm)
START: 66/44 (licon)
"&" in: sky130A_mr.drc:735
    Polygons (raw): 0 (flat)  0 (hierarchical)
    Elapsed: 0.160s  Memory: 7918.00M
"&" in: sky130A_mr.drc:736
    Polygons (raw): 0 (flat)  0 (hierarchical)
    Elapsed: 0.150s  Memory: 7918.00M
"&" in: sky130A_mr.drc:736
    Polygons (raw): 0 (flat)  0 (hierarchical)
    Elapsed: 0.170s  Memory: 7918.00M
"outside" in: sky130A_mr.drc:737
    Polygons (raw): 17622246 (flat)  8989 (hierarchical)
    Elapsed: 9.450s  Memory: 7856.00M
"drc" in: sky130A_mr.drc:739
    Polygons (raw): 0 (flat)  0 (hierarchical)
    Elapsed: 13.100s  Memory: 7856.00M
"-" in: sky130A_mr.drc:740
    Polygons (raw): 32712431 (flat)  6966 (hierarchical)
    Elapsed: 0.170s  Memory: 7856.00M
"non_rectangles" in: sky130A_mr.drc:744
    Polygons (raw): 0 (flat)  0 (hierarchical)
    Elapsed: 3.840s  Memory: 7856.00M
"output" in: sky130A_mr.drc:744
    Polygons (raw): 0 (flat)  0 (hierarchical)
    Elapsed: 0.200s  Memory: 7856.00M
"|" in: sky130A_mr.drc:748
    Polygons (raw): 0 (flat)  0 (hierarchical)
    Elapsed: 0.290s  Memory: 7856.00M
"&" in: sky130A_mr.drc:748
    Polygons (raw): 0 (flat)  0 (hierarchical)
    Elapsed: 0.160s  Memory: 7856.00M
"interacting" in: sky130A_mr.drc:748
    Polygons (raw): 0 (flat)  0 (hierarchical)
    Elapsed: 0.150s  Memory: 7856.00M
"&" in: sky130A_mr.drc:748
    Polygons (raw): 0 (flat)  0 (hierarchical)
    Elapsed: 0.160s  Memory: 7856.00M
"-" in: sky130A_mr.drc:749
    Polygons (raw): 17622246 (flat)  8989 (hierarchical)
    Elapsed: 0.150s  Memory: 7856.00M
"space" in: sky130A_mr.drc:749
    Edge pairs: 0 (flat)  0 (hierarchical)
    Elapsed: 12.780s  Memory: 7856.00M
"output" in: sky130A_mr.drc:749
    Edge pairs: 0 (flat)  0 (hierarchical)
    Elapsed: 0.600s  Memory: 7856.00M
"-" in: sky130A_mr.drc:753
    Polygons (raw): 32712431 (flat)  6966 (hierarchical)
    Elapsed: 0.160s  Memory: 7856.00M
"drc" in: sky130A_mr.drc:754
    Edges: 0 (flat)  0 (hierarchical)
    Elapsed: 17.460s  Memory: 7856.00M
"output" in: sky130A_mr.drc:754
    Edges: 0 (flat)  0 (hierarchical)
    Elapsed: 0.200s  Memory: 7856.00M
"&" in: sky130A_mr.drc:759
    Polygons (raw): 13582958 (flat)  7636 (hierarchical)
    Elapsed: 13.900s  Memory: 7856.00M
"separation" in: sky130A_mr.drc:760
    Edge pairs: 0 (flat)  0 (hierarchical)
    Elapsed: 15.750s  Memory: 7856.00M
"output" in: sky130A_mr.drc:761
    Edge pairs: 0 (flat)  0 (hierarchical)
    Elapsed: 0.610s  Memory: 7856.00M
"&" in: sky130A_mr.drc:766
    Polygons (raw): 13582958 (flat)  7636 (hierarchical)
    Elapsed: 13.830s  Memory: 7856.00M
"&" in: sky130A_mr.drc:767
    Polygons (raw): 0 (flat)  0 (hierarchical)
    Elapsed: 12.490s  Memory: 7856.00M
"output" in: sky130A_mr.drc:768
    Polygons (raw): 0 (flat)  0 (hierarchical)
    Elapsed: 0.600s  Memory: 7856.00M
"&" in: sky130A_mr.drc:773
    Polygons (raw): 5982788 (flat)  1368 (hierarchical)
    Elapsed: 12.440s  Memory: 7856.00M
"&" in: sky130A_mr.drc:774
    Polygons (raw): 0 (flat)  0 (hierarchical)
    Elapsed: 14.520s  Memory: 7856.00M
"output" in: sky130A_mr.drc:775
    Polygons (raw): 0 (flat)  0 (hierarchical)
    Elapsed: 0.610s  Memory: 7856.00M
"-" in: sky130A_mr.drc:779
    Polygons (raw): 14269395 (flat)  158702 (hierarchical)
    Elapsed: 15.090s  Memory: 7872.00M
"&" in: sky130A_mr.drc:780
    Polygons (raw): 20180991 (flat)  6067 (hierarchical)
    Elapsed: 17.000s  Memory: 7872.00M
"interacting" in: sky130A_mr.drc:780
    Polygons (raw): 19177616 (flat)  49597 (hierarchical)
    Elapsed: 14.380s  Memory: 7875.00M
"-" in: sky130A_mr.drc:782
    Polygons (raw): 6760188 (flat)  1374 (hierarchical)
    Elapsed: 14.650s  Memory: 7875.00M
"-" in: sky130A_mr.drc:782
    Polygons (raw): 6760188 (flat)  1374 (hierarchical)
    Elapsed: 14.040s  Memory: 7875.00M
"&" in: sky130A_mr.drc:782
    Polygons (raw): 5982788 (flat)  1368 (hierarchical)
    Elapsed: 11.920s  Memory: 7875.00M
"interacting" in: sky130A_mr.drc:782
    Polygons (raw): 5788438 (flat)  9815 (hierarchical)
    Elapsed: 17.170s  Memory: 7875.00M
"&" in: sky130A_mr.drc:783
    Polygons (raw): 1749150 (flat)  8462 (hierarchical)
    Elapsed: 5.200s  Memory: 7875.00M
"enclosing" in: sky130A_mr.drc:784
    Edge pairs: 0 (flat)  0 (hierarchical)
    Elapsed: 0.750s  Memory: 7875.00M
"output" in: sky130A_mr.drc:784
    Edge pairs: 0 (flat)  0 (hierarchical)
    Elapsed: 0.200s  Memory: 7875.00M
"-" in: sky130A_mr.drc:788
    Polygons (raw): 0 (flat)  0 (hierarchical)
    Elapsed: 2.750s  Memory: 7875.00M
"output" in: sky130A_mr.drc:788
    Polygons (raw): 0 (flat)  0 (hierarchical)
    Elapsed: 0.190s  Memory: 7875.00M
END: 66/44 (licon)
START: 61/20 (nsm)
"space" in: sky130A_mr.drc:796
    Edge pairs: 0 (flat)  0 (hierarchical)
    Elapsed: 0.150s  Memory: 7875.00M
"output" in: sky130A_mr.drc:796
    Edge pairs: 0 (flat)  0 (hierarchical)
    Elapsed: 0.210s  Memory: 7875.00M
"width" in: sky130A_mr.drc:797
    Edge pairs: 0 (flat)  0 (hierarchical)
    Elapsed: 0.150s  Memory: 7875.00M
"output" in: sky130A_mr.drc:797
    Edge pairs: 0 (flat)  0 (hierarchical)
    Elapsed: 0.200s  Memory: 7875.00M
END: 61/20 (nsm)
START: 89/44 (capm)
"width" in: sky130A_mr.drc:802
    Edge pairs: 0 (flat)  0 (hierarchical)
    Elapsed: 0.160s  Memory: 7875.00M
"output" in: sky130A_mr.drc:802
    Edge pairs: 0 (flat)  0 (hierarchical)
    Elapsed: 0.190s  Memory: 7875.00M
"space" in: sky130A_mr.drc:806
    Edge pairs: 0 (flat)  0 (hierarchical)
    Elapsed: 0.140s  Memory: 7875.00M
"output" in: sky130A_mr.drc:806
    Edge pairs: 0 (flat)  0 (hierarchical)
    Elapsed: 0.200s  Memory: 7875.00M
"&" in: sky130A_mr.drc:810
    Polygons (raw): 0 (flat)  0 (hierarchical)
    Elapsed: 0.140s  Memory: 7875.00M
"sized" in: sky130A_mr.drc:810
    Polygons (raw): 0 (flat)  0 (hierarchical)
    Elapsed: 0.170s  Memory: 7875.00M
"isolated" in: sky130A_mr.drc:812
    Edge pairs: 0 (flat)  0 (hierarchical)
    Elapsed: 0.160s  Memory: 7875.00M
"polygons" in: sky130A_mr.drc:813
    Polygons (raw): 0 (flat)  0 (hierarchical)
    Elapsed: 0.020s  Memory: 7875.00M
"-" in: sky130A_mr.drc:814
    Polygons (raw): 0 (flat)  0 (hierarchical)
    Elapsed: 0.160s  Memory: 7875.00M
"output" in: sky130A_mr.drc:815
    Polygons (raw): 0 (flat)  0 (hierarchical)
    Elapsed: 0.210s  Memory: 7875.00M
"not_interacting" in: sky130A_mr.drc:816
    Polygons (raw): 886582 (flat)  76110 (hierarchical)
    Elapsed: 0.160s  Memory: 7875.00M
"separation" in: sky130A_mr.drc:816
    Edge pairs: 0 (flat)  0 (hierarchical)
    Elapsed: 0.170s  Memory: 7875.00M
"output" in: sky130A_mr.drc:820
    Edge pairs: 0 (flat)  0 (hierarchical)
    Elapsed: 0.190s  Memory: 7875.00M
"enclosing" in: sky130A_mr.drc:825
    Edge pairs: 0 (flat)  0 (hierarchical)
    Elapsed: 0.140s  Memory: 7875.00M
"output" in: sky130A_mr.drc:825
    Edge pairs: 0 (flat)  0 (hierarchical)
    Elapsed: 0.610s  Memory: 7875.00M
"enclosing" in: sky130A_mr.drc:829
    Edge pairs: 0 (flat)  0 (hierarchical)
    Elapsed: 0.160s  Memory: 7875.00M
"output" in: sky130A_mr.drc:829
    Edge pairs: 0 (flat)  0 (hierarchical)
    Elapsed: 0.190s  Memory: 7875.00M
"separation" in: sky130A_mr.drc:833
    Edge pairs: 0 (flat)  0 (hierarchical)
    Elapsed: 0.150s  Memory: 7875.00M
"output" in: sky130A_mr.drc:833
    Edge pairs: 0 (flat)  0 (hierarchical)
    Elapsed: 0.200s  Memory: 7875.00M
"not_interacting" in: sky130A_mr.drc:837
    Polygons (raw): 886582 (flat)  76110 (hierarchical)
    Elapsed: 0.140s  Memory: 7875.00M
"separation" in: sky130A_mr.drc:837
    Edge pairs: 0 (flat)  0 (hierarchical)
    Elapsed: 0.160s  Memory: 7875.00M
"output" in: sky130A_mr.drc:837
    Edge pairs: 0 (flat)  0 (hierarchical)
    Elapsed: 0.180s  Memory: 7875.00M
END: 89/44 (capm)
START: 97/44 (cap2m)
"width" in: sky130A_mr.drc:845
    Edge pairs: 0 (flat)  0 (hierarchical)
    Elapsed: 0.140s  Memory: 7875.00M
"output" in: sky130A_mr.drc:845
    Edge pairs: 0 (flat)  0 (hierarchical)
    Elapsed: 0.600s  Memory: 7875.00M
"space" in: sky130A_mr.drc:849
    Edge pairs: 0 (flat)  0 (hierarchical)
    Elapsed: 0.160s  Memory: 7875.00M
"output" in: sky130A_mr.drc:849
    Edge pairs: 0 (flat)  0 (hierarchical)
    Elapsed: 0.190s  Memory: 7875.00M
"interacting" in: sky130A_mr.drc:854
    Polygons (raw): 0 (flat)  0 (hierarchical)
    Elapsed: 0.150s  Memory: 7875.00M
"isolated" in: sky130A_mr.drc:855
    Edge pairs: 0 (flat)  0 (hierarchical)
    Elapsed: 0.170s  Memory: 7875.00M
"output" in: sky130A_mr.drc:856
    Edge pairs: 0 (flat)  0 (hierarchical)
    Elapsed: 0.190s  Memory: 7875.00M
"interacting" in: sky130A_mr.drc:857
    Polygons (raw): 0 (flat)  0 (hierarchical)
    Elapsed: 0.140s  Memory: 7875.00M
"isolated" in: sky130A_mr.drc:857
    Edge pairs: 0 (flat)  0 (hierarchical)
    Elapsed: 0.160s  Memory: 7875.00M
"output" in: sky130A_mr.drc:857
    Edge pairs: 0 (flat)  0 (hierarchical)
    Elapsed: 0.190s  Memory: 7875.00M
"&" in: sky130A_mr.drc:862
    Polygons (raw): 0 (flat)  0 (hierarchical)
    Elapsed: 0.140s  Memory: 7875.00M
"enclosing" in: sky130A_mr.drc:863
    Edge pairs: 0 (flat)  0 (hierarchical)
    Elapsed: 0.160s  Memory: 7875.00M
"output" in: sky130A_mr.drc:864
    Edge pairs: 0 (flat)  0 (hierarchical)
    Elapsed: 0.180s  Memory: 7875.00M
"enclosing" in: sky130A_mr.drc:865
    Edge pairs: 0 (flat)  0 (hierarchical)
    Elapsed: 0.140s  Memory: 7875.00M
"output" in: sky130A_mr.drc:865
    Edge pairs: 0 (flat)  0 (hierarchical)
    Elapsed: 0.200s  Memory: 7875.00M
"enclosing" in: sky130A_mr.drc:869
    Edge pairs: 0 (flat)  0 (hierarchical)
    Elapsed: 0.140s  Memory: 7875.00M
"output" in: sky130A_mr.drc:869
    Edge pairs: 0 (flat)  0 (hierarchical)
    Elapsed: 0.190s  Memory: 7875.00M
"separation" in: sky130A_mr.drc:873
    Edge pairs: 0 (flat)  0 (hierarchical)
    Elapsed: 0.160s  Memory: 7875.00M
"output" in: sky130A_mr.drc:873
    Edge pairs: 0 (flat)  0 (hierarchical)
    Elapsed: 0.190s  Memory: 7875.00M
"not_interacting" in: sky130A_mr.drc:877
    Polygons (raw): 190834 (flat)  13402 (hierarchical)
    Elapsed: 0.150s  Memory: 7875.00M
"separation" in: sky130A_mr.drc:877
    Edge pairs: 0 (flat)  0 (hierarchical)
    Elapsed: 0.160s  Memory: 7875.00M
"output" in: sky130A_mr.drc:877
    Edge pairs: 0 (flat)  0 (hierarchical)
    Elapsed: 0.190s  Memory: 7875.00M
END: 97/44 (cap2m)
BEOL section
START: 67/20 (li)
"outside" in: sky130A_mr.drc:890
    Polygons (raw): 1104628 (flat)  442490 (hierarchical)
    Elapsed: 105.530s  Memory: 8844.00M
"interacting" in: sky130A_mr.drc:891
    Polygons (raw): 3670455 (flat)  25117 (hierarchical)
    Elapsed: 2.170s  Memory: 8844.00M
"inside" in: sky130A_mr.drc:891
    Polygons (raw): 3670455 (flat)  25117 (hierarchical)
    Elapsed: 1.740s  Memory: 8844.00M
"-" in: sky130A_mr.drc:891
    Polygons (raw): 0 (flat)  0 (hierarchical)
    Elapsed: 0.040s  Memory: 8844.00M
"or" in: sky130A_mr.drc:890
    Polygons (raw): 1104628 (flat)  442490 (hierarchical)
    Elapsed: 0.570s  Memory: 8844.00M
"width" in: sky130A_mr.drc:893
    Edge pairs: 0 (flat)  0 (hierarchical)
    Elapsed: 18.970s  Memory: 8844.00M
"output" in: sky130A_mr.drc:893
    Edge pairs: 0 (flat)  0 (hierarchical)
    Elapsed: 0.210s  Memory: 8844.00M
"space" in: sky130A_mr.drc:897
    Edge pairs: 0 (flat)  0 (hierarchical)
    Elapsed: 601.470s  Memory: 8956.00M
"output" in: sky130A_mr.drc:897
    Edge pairs: 0 (flat)  0 (hierarchical)
    Elapsed: 0.200s  Memory: 8956.00M
"-" in: sky130A_mr.drc:901
    Polygons (raw): 17648075 (flat)  6865 (hierarchical)
    Elapsed: 5.500s  Memory: 8956.00M
"enclosing" in: sky130A_mr.drc:903
    Edge pairs: 9401550 (flat)  6655816 (hierarchical)
    Elapsed: 561.330s  Memory: 11171.00M
"second_edges" in: sky130A_mr.drc:903
    Edges: 9401550 (flat)  6655816 (hierarchical)
    Elapsed: 0.340s  Memory: 11273.00M
"width" in: sky130A_mr.drc:904
    Edge pairs: 0 (flat)  0 (hierarchical)
    Elapsed: 29.170s  Memory: 11735.00M
"polygons" in: sky130A_mr.drc:905
    Polygons (raw): 0 (flat)  0 (hierarchical)
    Elapsed: 0.010s  Memory: 9798.00M
"interacting" in: sky130A_mr.drc:905
    Polygons (raw): 0 (flat)  0 (hierarchical)
    Elapsed: 0.150s  Memory: 9798.00M
"output" in: sky130A_mr.drc:906
    Polygons (raw): 0 (flat)  0 (hierarchical)
    Elapsed: 0.200s  Memory: 9798.00M
"interacting" in: sky130A_mr.drc:910
    Polygons (raw): 3670455 (flat)  25117 (hierarchical)
    Elapsed: 1.760s  Memory: 9798.00M
"-" in: sky130A_mr.drc:910
    Polygons (raw): 7385412 (flat)  447809 (hierarchical)
    Elapsed: 6.980s  Memory: 9798.00M
"with_area" in: sky130A_mr.drc:911
    Polygons (raw): 0 (flat)  0 (hierarchical)
    Elapsed: 80.840s  Memory: 9798.00M
"output" in: sky130A_mr.drc:911
    Polygons (raw): 0 (flat)  0 (hierarchical)
    Elapsed: 0.210s  Memory: 9798.00M
"&" in: sky130A_mr.drc:915
    Polygons (raw): 5429932 (flat)  40 (hierarchical)
    Elapsed: 5.250s  Memory: 9798.00M
"space" in: sky130A_mr.drc:916
    Edge pairs: 0 (flat)  0 (hierarchical)
    Elapsed: 0.650s  Memory: 9798.00M
"output" in: sky130A_mr.drc:916
    Edge pairs: 0 (flat)  0 (hierarchical)
    Elapsed: 0.210s  Memory: 9798.00M
"width" in: sky130A_mr.drc:920
    Edge pairs: 0 (flat)  0 (hierarchical)
    Elapsed: 1.480s  Memory: 9798.00M
"output" in: sky130A_mr.drc:920
    Edge pairs: 0 (flat)  0 (hierarchical)
    Elapsed: 0.210s  Memory: 9798.00M
END: 67/20 (li)
START: 67/13 (li_res)
"width" in: sky130A_mr.drc:928
    Edge pairs: 0 (flat)  0 (hierarchical)
    Elapsed: 0.160s  Memory: 9798.00M
"output" in: sky130A_mr.drc:928
    Edge pairs: 0 (flat)  0 (hierarchical)
    Elapsed: 0.190s  Memory: 9798.00M
END: 67/13 (li_res)
START: 67/44 (mcon)
"-" in: sky130A_mr.drc:936
    Polygons (raw): 13545805 (flat)  444167 (hierarchical)
    Elapsed: 6.480s  Memory: 9798.00M
"drc" in: sky130A_mr.drc:938
    Polygons (raw): 0 (flat)  0 (hierarchical)
    Elapsed: 116.260s  Memory: 13450.00M
"-" in: sky130A_mr.drc:939
    Polygons (raw): 23251437 (flat)  444240 (hierarchical)
    Elapsed: 0.190s  Memory: 13450.00M
"outside" in: sky130A_mr.drc:943
    Polygons (raw): 7212629 (flat)  6843247 (hierarchical)
    Elapsed: 127.660s  Memory: 13888.00M
"non_rectangles" in: sky130A_mr.drc:944
    Polygons (raw): 0 (flat)  0 (hierarchical)
    Elapsed: 1.090s  Memory: 13888.00M
"output" in: sky130A_mr.drc:944
    Polygons (raw): 0 (flat)  0 (hierarchical)
    Elapsed: 0.210s  Memory: 13888.00M
"drc" in: sky130A_mr.drc:949
    Edge pairs: 0 (flat)  0 (hierarchical)
    Elapsed: 18.460s  Memory: 14129.00M
"output" in: sky130A_mr.drc:949
    Edge pairs: 0 (flat)  0 (hierarchical)
    Elapsed: 0.210s  Memory: 14129.00M
"drc" in: sky130A_mr.drc:953
    Edges: 0 (flat)  0 (hierarchical)
    Elapsed: 19.220s  Memory: 15218.00M
"output" in: sky130A_mr.drc:953
    Edges: 0 (flat)  0 (hierarchical)
    Elapsed: 0.200s  Memory: 15004.00M
"space" in: sky130A_mr.drc:957
    Edge pairs: 0 (flat)  0 (hierarchical)
    Elapsed: 74.310s  Memory: 15392.00M
"output" in: sky130A_mr.drc:957
    Edge pairs: 0 (flat)  0 (hierarchical)
    Elapsed: 0.210s  Memory: 15205.00M
"width" in: sky130A_mr.drc:962
    Edge pairs: 0 (flat)  0 (hierarchical)
    Elapsed: 0.160s  Memory: 15205.00M
"output" in: sky130A_mr.drc:962
    Edge pairs: 0 (flat)  0 (hierarchical)
    Elapsed: 0.200s  Memory: 15205.00M
"drc" in: sky130A_mr.drc:966
    Edge pairs: 0 (flat)  0 (hierarchical)
    Elapsed: 0.580s  Memory: 15205.00M
"output" in: sky130A_mr.drc:966
    Edge pairs: 0 (flat)  0 (hierarchical)
    Elapsed: 0.210s  Memory: 15205.00M
"-" in: sky130A_mr.drc:970
    Polygons (raw): 0 (flat)  0 (hierarchical)
    Elapsed: 0.150s  Memory: 15205.00M
"output" in: sky130A_mr.drc:970
    Polygons (raw): 0 (flat)  0 (hierarchical)
    Elapsed: 0.200s  Memory: 15205.00M
"-" in: sky130A_mr.drc:975
    Polygons (raw): 0 (flat)  0 (hierarchical)
    Elapsed: 69.590s  Memory: 15205.00M
"output" in: sky130A_mr.drc:975
    Polygons (raw): 0 (flat)  0 (hierarchical)
    Elapsed: 0.200s  Memory: 15205.00M
END: 67/44 (mcon)
START: 68/20 (m1)
"width" in: sky130A_mr.drc:980
    Edge pairs: 0 (flat)  0 (hierarchical)
    Elapsed: 69.350s  Memory: 15205.00M
"output" in: sky130A_mr.drc:980
    Edge pairs: 0 (flat)  0 (hierarchical)
    Elapsed: 0.210s  Memory: 15205.00M
"sized" in: sky130A_mr.drc:981
    Polygons (raw): 0 (flat)  0 (hierarchical)
    Elapsed: 6.770s  Memory: 15205.00M
"sized" in: sky130A_mr.drc:981
    Polygons (raw): 0 (flat)  0 (hierarchical)
    Elapsed: 0.170s  Memory: 15205.00M
"snap" in: sky130A_mr.drc:981
    Polygons (raw): 0 (flat)  0 (hierarchical)
    Elapsed: 0.150s  Memory: 15205.00M
"&" in: sky130A_mr.drc:981
    Polygons (raw): 0 (flat)  0 (hierarchical)
    Elapsed: 0.170s  Memory: 15205.00M
"edges" in: sky130A_mr.drc:982
    Edges: 13754422 (flat)  5153424 (hierarchical)
    Elapsed: 0.330s  Memory: 15205.00M
"-" in: sky130A_mr.drc:982
    Edges: 13754422 (flat)  5153424 (hierarchical)
    Elapsed: 0.220s  Memory: 15205.00M
"edges" in: sky130A_mr.drc:983
    Edges: 0 (flat)  0 (hierarchical)
    Elapsed: 0.590s  Memory: 15205.00M
"merged" in: sky130A_mr.drc:983
    Polygons (raw): 1353432 (flat)  437347 (hierarchical)
    Elapsed: 68.410s  Memory: 15205.00M
"outside_part" in: sky130A_mr.drc:983
    Edges: 0 (flat)  0 (hierarchical)
    Elapsed: 0.170s  Memory: 15205.00M
"space" in: sky130A_mr.drc:985
    Edge pairs: 0 (flat)  0 (hierarchical)
    Elapsed: 23.500s  Memory: 15205.00M
"output" in: sky130A_mr.drc:985
    Edge pairs: 0 (flat)  0 (hierarchical)
    Elapsed: 0.610s  Memory: 14446.00M
"separation" in: sky130A_mr.drc:991
    Edge pairs: 0 (flat)  0 (hierarchical)
    Elapsed: 0.800s  Memory: 14446.00M
"space" in: sky130A_mr.drc:992
    Edge pairs: 0 (flat)  0 (hierarchical)
    Elapsed: 0.300s  Memory: 14446.00M
"+" in: sky130A_mr.drc:991
    Edge pairs: 0 (flat)  0 (hierarchical)
    Elapsed: 0.150s  Memory: 14446.00M
"output" in: sky130A_mr.drc:993
    Edge pairs: 0 (flat)  0 (hierarchical)
    Elapsed: 0.210s  Memory: 14446.00M
"input" in: sky130A_mr.drc:1004
    Polygons (raw): 20002851 (flat)  716378 (hierarchical)
    Elapsed: 1.490s  Memory: 14446.00M
"enclosing" in: sky130A_mr.drc:1006
    Edge pairs: 0 (flat)  0 (hierarchical)
    Elapsed: 188.080s  Memory: 14450.00M
"output" in: sky130A_mr.drc:1006
    Edge pairs: 0 (flat)  0 (hierarchical)
    Elapsed: 0.200s  Memory: 14450.00M
"-" in: sky130A_mr.drc:1010
    Polygons (raw): 0 (flat)  0 (hierarchical)
    Elapsed: 101.280s  Memory: 14927.00M
"output" in: sky130A_mr.drc:1010
    Polygons (raw): 0 (flat)  0 (hierarchical)
    Elapsed: 0.210s  Memory: 14646.00M
"input" in: sky130A_mr.drc:1024
    Polygons (raw): 0 (flat)  0 (hierarchical)
    Elapsed: 0.470s  Memory: 14646.00M
"enclosing" in: sky130A_mr.drc:1025
    Edge pairs: 0 (flat)  0 (hierarchical)
    Elapsed: 0.150s  Memory: 14646.00M
"output" in: sky130A_mr.drc:1025
    Edge pairs: 0 (flat)  0 (hierarchical)
    Elapsed: 0.180s  Memory: 14646.00M
"-" in: sky130A_mr.drc:1030
    Polygons (raw): 0 (flat)  0 (hierarchical)
    Elapsed: 0.140s  Memory: 14646.00M
"output" in: sky130A_mr.drc:1030
    Polygons (raw): 0 (flat)  0 (hierarchical)
    Elapsed: 0.190s  Memory: 14646.00M
"with_area" in: sky130A_mr.drc:1035
    Polygons (raw): 0 (flat)  0 (hierarchical)
    Elapsed: 0.400s  Memory: 14646.00M
"output" in: sky130A_mr.drc:1035
    Polygons (raw): 0 (flat)  0 (hierarchical)
    Elapsed: 0.210s  Memory: 14646.00M
"holes" in: sky130A_mr.drc:1038
    Polygons (raw): 0 (flat)  0 (hierarchical)
    Elapsed: 0.140s  Memory: 14646.00M
"with_area" in: sky130A_mr.drc:1039
    Polygons (raw): 0 (flat)  0 (hierarchical)
    Elapsed: 0.170s  Memory: 14646.00M
"output" in: sky130A_mr.drc:1040
    Polygons (raw): 0 (flat)  0 (hierarchical)
    Elapsed: 0.190s  Memory: 14646.00M
"enclosing" in: sky130A_mr.drc:1051
    Edge pairs: 1676739 (flat)  1011062 (hierarchical)
    Elapsed: 123.210s  Memory: 13959.00M
"second_edges" in: sky130A_mr.drc:1051
    Edges: 1676739 (flat)  1011062 (hierarchical)
    Elapsed: 0.060s  Memory: 13959.00M
"width" in: sky130A_mr.drc:1053
    Edge pairs: 0 (flat)  0 (hierarchical)
    Elapsed: 4.930s  Memory: 13959.00M
"polygons" in: sky130A_mr.drc:1055
    Polygons (raw): 0 (flat)  0 (hierarchical)
    Elapsed: 0.020s  Memory: 13959.00M
"interacting" in: sky130A_mr.drc:1055
    Polygons (raw): 0 (flat)  0 (hierarchical)
    Elapsed: 0.150s  Memory: 13959.00M
"output" in: sky130A_mr.drc:1056
    Polygons (raw): 0 (flat)  0 (hierarchical)
    Elapsed: 0.200s  Memory: 13959.00M
END: 68/20 (m1)
START: 68/44 (via)
"drc" in: sky130A_mr.drc:1067
    Polygons (raw): 0 (flat)  0 (hierarchical)
    Elapsed: 5.350s  Memory: 13963.00M
"-" in: sky130A_mr.drc:1068
    Polygons (raw): 5388472 (flat)  586334 (hierarchical)
    Elapsed: 0.170s  Memory: 13963.00M
"-" in: sky130A_mr.drc:1073
    Polygons (raw): 5388472 (flat)  586334 (hierarchical)
    Elapsed: 0.170s  Memory: 13963.00M
"non_rectangles" in: sky130A_mr.drc:1075
    Polygons (raw): 0 (flat)  0 (hierarchical)
    Elapsed: 3.770s  Memory: 13963.00M
"output" in: sky130A_mr.drc:1075
    Polygons (raw): 0 (flat)  0 (hierarchical)
    Elapsed: 0.200s  Memory: 13963.00M
"width" in: sky130A_mr.drc:1079
    Edge pairs: 0 (flat)  0 (hierarchical)
    Elapsed: 0.330s  Memory: 13963.00M
"output" in: sky130A_mr.drc:1079
    Edge pairs: 0 (flat)  0 (hierarchical)
    Elapsed: 0.200s  Memory: 13963.00M
"drc" in: sky130A_mr.drc:1084
    Edges: 0 (flat)  0 (hierarchical)
    Elapsed: 1.870s  Memory: 13963.00M
"output" in: sky130A_mr.drc:1084
    Edges: 0 (flat)  0 (hierarchical)
    Elapsed: 0.200s  Memory: 13963.00M
"space" in: sky130A_mr.drc:1089
    Edge pairs: 0 (flat)  0 (hierarchical)
    Elapsed: 2.030s  Memory: 13963.00M
"output" in: sky130A_mr.drc:1089
    Edge pairs: 0 (flat)  0 (hierarchical)
    Elapsed: 0.200s  Memory: 13963.00M
"width" in: sky130A_mr.drc:1095
    Edge pairs: 0 (flat)  0 (hierarchical)
    Elapsed: 0.150s  Memory: 13963.00M
"output" in: sky130A_mr.drc:1095
    Edge pairs: 0 (flat)  0 (hierarchical)
    Elapsed: 0.190s  Memory: 13963.00M
"drc" in: sky130A_mr.drc:1099
    Edge pairs: 0 (flat)  0 (hierarchical)
    Elapsed: 0.570s  Memory: 13963.00M
"output" in: sky130A_mr.drc:1099
    Edge pairs: 0 (flat)  0 (hierarchical)
    Elapsed: 0.200s  Memory: 13963.00M
"-" in: sky130A_mr.drc:1103
    Polygons (raw): 0 (flat)  0 (hierarchical)
    Elapsed: 0.150s  Memory: 13963.00M
"output" in: sky130A_mr.drc:1103
    Polygons (raw): 0 (flat)  0 (hierarchical)
    Elapsed: 0.210s  Memory: 13963.00M
"edges" in: sky130A_mr.drc:1110
    Edges: 13754422 (flat)  5153424 (hierarchical)
    Elapsed: 0.340s  Memory: 13963.00M
"drc" in: sky130A_mr.drc:1111
    Edges: 10262912 (flat)  2472892 (hierarchical)
    Elapsed: 10.730s  Memory: 13963.00M
"enclosing" in: sky130A_mr.drc:1111
    Edge pairs: 0 (flat)  0 (hierarchical)
    Elapsed: 6.330s  Memory: 13963.00M
"output" in: sky130A_mr.drc:1112
    Edge pairs: 0 (flat)  0 (hierarchical)
    Elapsed: 0.630s  Memory: 13963.00M
"squares" in: sky130A_mr.drc:1114
    Polygons (raw): 2565728 (flat)  618223 (hierarchical)
    Elapsed: 0.250s  Memory: 13963.00M
"drc" in: sky130A_mr.drc:1115
    Edges: 10262912 (flat)  2472892 (hierarchical)
    Elapsed: 6.540s  Memory: 13963.00M
"-" in: sky130A_mr.drc:1116
    Edges: 0 (flat)  0 (hierarchical)
    Elapsed: 26.070s  Memory: 13963.00M
"output" in: sky130A_mr.drc:1117
    Edges: 0 (flat)  0 (hierarchical)
    Elapsed: 0.620s  Memory: 13963.00M
"edges" in: sky130A_mr.drc:1121
    Edges: 13754422 (flat)  5153424 (hierarchical)
    Elapsed: 0.350s  Memory: 13963.00M
"drc" in: sky130A_mr.drc:1122
    Edges: 10262912 (flat)  2472892 (hierarchical)
    Elapsed: 6.530s  Memory: 13963.00M
"enclosing" in: sky130A_mr.drc:1122
    Edge pairs: 1224364 (flat)  995576 (hierarchical)
    Elapsed: 17.280s  Memory: 13963.00M
"second_edges" in: sky130A_mr.drc:1123
    Edges: 1224364 (flat)  995576 (hierarchical)
    Elapsed: 0.060s  Memory: 13963.00M
"width" in: sky130A_mr.drc:1125
    Edge pairs: 0 (flat)  0 (hierarchical)
    Elapsed: 4.490s  Memory: 13963.00M
"polygons" in: sky130A_mr.drc:1126
    Polygons (raw): 0 (flat)  0 (hierarchical)
    Elapsed: 0.020s  Memory: 13963.00M
"interacting" in: sky130A_mr.drc:1126
    Polygons (raw): 0 (flat)  0 (hierarchical)
    Elapsed: 0.160s  Memory: 13963.00M
"output" in: sky130A_mr.drc:1127
    Polygons (raw): 0 (flat)  0 (hierarchical)
    Elapsed: 0.210s  Memory: 13963.00M
END: 68/44 (via)
START: 69/20 (m2)
"&" in: sky130A_mr.drc:1136
    Polygons (raw): 2720900 (flat)  21 (hierarchical)
    Elapsed: 0.980s  Memory: 13963.00M
"width" in: sky130A_mr.drc:1137
    Edge pairs: 0 (flat)  0 (hierarchical)
    Elapsed: 5.720s  Memory: 13963.00M
"output" in: sky130A_mr.drc:1137
    Edge pairs: 0 (flat)  0 (hierarchical)
    Elapsed: 0.210s  Memory: 13963.00M
"sized" in: sky130A_mr.drc:1139
    Polygons (raw): 0 (flat)  0 (hierarchical)
    Elapsed: 3.280s  Memory: 13963.00M
"sized" in: sky130A_mr.drc:1139
    Polygons (raw): 0 (flat)  0 (hierarchical)
    Elapsed: 0.160s  Memory: 13963.00M
"snap" in: sky130A_mr.drc:1139
    Polygons (raw): 0 (flat)  0 (hierarchical)
    Elapsed: 0.160s  Memory: 13963.00M
"&" in: sky130A_mr.drc:1139
    Polygons (raw): 0 (flat)  0 (hierarchical)
    Elapsed: 0.170s  Memory: 13963.00M
"edges" in: sky130A_mr.drc:1140
    Edges: 10457346 (flat)  3735322 (hierarchical)
    Elapsed: 0.220s  Memory: 13963.00M
"-" in: sky130A_mr.drc:1140
    Edges: 10457346 (flat)  3735322 (hierarchical)
    Elapsed: 0.210s  Memory: 13963.00M
"edges" in: sky130A_mr.drc:1141
    Edges: 0 (flat)  0 (hierarchical)
    Elapsed: 0.600s  Memory: 13963.00M
"merged" in: sky130A_mr.drc:1141
    Polygons (raw): 342194 (flat)  251082 (hierarchical)
    Elapsed: 4.650s  Memory: 13963.00M
"outside_part" in: sky130A_mr.drc:1141
    Edges: 0 (flat)  0 (hierarchical)
    Elapsed: 0.170s  Memory: 13963.00M
"-" in: sky130A_mr.drc:1142
    Polygons (raw): 724072 (flat)  586298 (hierarchical)
    Elapsed: 1.990s  Memory: 13963.00M
"space" in: sky130A_mr.drc:1144
    Edge pairs: 0 (flat)  0 (hierarchical)
    Elapsed: 15.560s  Memory: 13963.00M
"output" in: sky130A_mr.drc:1144
    Edge pairs: 0 (flat)  0 (hierarchical)
    Elapsed: 0.210s  Memory: 13963.00M
"separation" in: sky130A_mr.drc:1150
    Edge pairs: 0 (flat)  0 (hierarchical)
    Elapsed: 0.720s  Memory: 13963.00M
"space" in: sky130A_mr.drc:1151
    Edge pairs: 0 (flat)  0 (hierarchical)
    Elapsed: 0.300s  Memory: 13963.00M
"+" in: sky130A_mr.drc:1150
    Edge pairs: 0 (flat)  0 (hierarchical)
    Elapsed: 0.150s  Memory: 13963.00M
"output" in: sky130A_mr.drc:1152
    Edge pairs: 0 (flat)  0 (hierarchical)
    Elapsed: 0.200s  Memory: 13963.00M
"with_area" in: sky130A_mr.drc:1154
    Polygons (raw): 0 (flat)  0 (hierarchical)
    Elapsed: 0.290s  Memory: 13963.00M
"output" in: sky130A_mr.drc:1154
    Polygons (raw): 0 (flat)  0 (hierarchical)
    Elapsed: 0.200s  Memory: 13963.00M
"holes" in: sky130A_mr.drc:1156
    Polygons (raw): 0 (flat)  0 (hierarchical)
    Elapsed: 0.080s  Memory: 13963.00M
"with_area" in: sky130A_mr.drc:1157
    Polygons (raw): 0 (flat)  0 (hierarchical)
    Elapsed: 0.160s  Memory: 13963.00M
"output" in: sky130A_mr.drc:1158
    Polygons (raw): 0 (flat)  0 (hierarchical)
    Elapsed: 0.190s  Memory: 13963.00M
"enclosing" in: sky130A_mr.drc:1166
    Edge pairs: 0 (flat)  0 (hierarchical)
    Elapsed: 4.350s  Memory: 13963.00M
"output" in: sky130A_mr.drc:1166
    Edge pairs: 0 (flat)  0 (hierarchical)
    Elapsed: 0.200s  Memory: 13963.00M
"-" in: sky130A_mr.drc:1170
    Polygons (raw): 0 (flat)  0 (hierarchical)
    Elapsed: 6.670s  Memory: 13963.00M
"output" in: sky130A_mr.drc:1170
    Polygons (raw): 0 (flat)  0 (hierarchical)
    Elapsed: 0.210s  Memory: 13963.00M
"enclosing" in: sky130A_mr.drc:1174
    Edge pairs: 0 (flat)  0 (hierarchical)
    Elapsed: 1.350s  Memory: 13963.00M
"output" in: sky130A_mr.drc:1174
    Edge pairs: 0 (flat)  0 (hierarchical)
    Elapsed: 0.210s  Memory: 13963.00M
"enclosing" in: sky130A_mr.drc:1179
    Edge pairs: 1267744 (flat)  1041834 (hierarchical)
    Elapsed: 7.630s  Memory: 13963.00M
"second_edges" in: sky130A_mr.drc:1179
    Edges: 1267744 (flat)  1041834 (hierarchical)
    Elapsed: 0.050s  Memory: 13963.00M
"width" in: sky130A_mr.drc:1181
    Edge pairs: 0 (flat)  0 (hierarchical)
    Elapsed: 4.620s  Memory: 13963.00M
"polygons" in: sky130A_mr.drc:1182
    Polygons (raw): 0 (flat)  0 (hierarchical)
    Elapsed: 0.010s  Memory: 13963.00M
"interacting" in: sky130A_mr.drc:1182
    Polygons (raw): 0 (flat)  0 (hierarchical)
    Elapsed: 0.150s  Memory: 13963.00M
"output" in: sky130A_mr.drc:1183
    Polygons (raw): 0 (flat)  0 (hierarchical)
    Elapsed: 0.200s  Memory: 13963.00M
END: 69/20 (m2)
START: 69/44 (via2)
"drc" in: sky130A_mr.drc:1194
    Polygons (raw): 0 (flat)  0 (hierarchical)
    Elapsed: 1.710s  Memory: 13963.00M
"-" in: sky130A_mr.drc:1195
    Polygons (raw): 229452 (flat)  111973 (hierarchical)
    Elapsed: 0.170s  Memory: 13963.00M
"-" in: sky130A_mr.drc:1200
    Polygons (raw): 229452 (flat)  111973 (hierarchical)
    Elapsed: 0.170s  Memory: 13963.00M
"non_rectangles" in: sky130A_mr.drc:1201
    Polygons (raw): 0 (flat)  0 (hierarchical)
    Elapsed: 0.910s  Memory: 13963.00M
"output" in: sky130A_mr.drc:1201
    Polygons (raw): 0 (flat)  0 (hierarchical)
    Elapsed: 0.200s  Memory: 13963.00M
"width" in: sky130A_mr.drc:1205
    Edge pairs: 0 (flat)  0 (hierarchical)
    Elapsed: 0.140s  Memory: 13963.00M
"output" in: sky130A_mr.drc:1205
    Edge pairs: 0 (flat)  0 (hierarchical)
    Elapsed: 0.210s  Memory: 13963.00M
"edges" in: sky130A_mr.drc:1210
    Edges: 887908 (flat)  458420 (hierarchical)
    Elapsed: 0.040s  Memory: 13963.00M
"without_length" in: sky130A_mr.drc:1211
    Edges: 0 (flat)  0 (hierarchical)
    Elapsed: 0.120s  Memory: 13963.00M
"output" in: sky130A_mr.drc:1212
    Edges: 0 (flat)  0 (hierarchical)
    Elapsed: 0.200s  Memory: 13963.00M
"space" in: sky130A_mr.drc:1213
    Edge pairs: 0 (flat)  0 (hierarchical)
    Elapsed: 0.640s  Memory: 13963.00M
"output" in: sky130A_mr.drc:1213
    Edge pairs: 0 (flat)  0 (hierarchical)
    Elapsed: 0.620s  Memory: 13963.00M
"width" in: sky130A_mr.drc:1219
    Edge pairs: 0 (flat)  0 (hierarchical)
    Elapsed: 0.160s  Memory: 13963.00M
"output" in: sky130A_mr.drc:1219
    Edge pairs: 0 (flat)  0 (hierarchical)
    Elapsed: 0.200s  Memory: 13963.00M
"drc" in: sky130A_mr.drc:1223
    Edge pairs: 0 (flat)  0 (hierarchical)
    Elapsed: 0.560s  Memory: 13963.00M
"output" in: sky130A_mr.drc:1223
    Edge pairs: 0 (flat)  0 (hierarchical)
    Elapsed: 0.200s  Memory: 13963.00M
"-" in: sky130A_mr.drc:1227
    Polygons (raw): 0 (flat)  0 (hierarchical)
    Elapsed: 0.150s  Memory: 13963.00M
"output" in: sky130A_mr.drc:1227
    Polygons (raw): 0 (flat)  0 (hierarchical)
    Elapsed: 0.210s  Memory: 13963.00M
"enclosing" in: sky130A_mr.drc:1233
    Edge pairs: 0 (flat)  0 (hierarchical)
    Elapsed: 1.120s  Memory: 13963.00M
"output" in: sky130A_mr.drc:1233
    Edge pairs: 0 (flat)  0 (hierarchical)
    Elapsed: 0.200s  Memory: 13963.00M
"-" in: sky130A_mr.drc:1237
    Polygons (raw): 0 (flat)  0 (hierarchical)
    Elapsed: 1.950s  Memory: 13963.00M
"output" in: sky130A_mr.drc:1237
    Polygons (raw): 0 (flat)  0 (hierarchical)
    Elapsed: 0.200s  Memory: 13963.00M
"enclosing" in: sky130A_mr.drc:1240
    Edge pairs: 305261 (flat)  112495 (hierarchical)
    Elapsed: 1.800s  Memory: 13963.00M
"second_edges" in: sky130A_mr.drc:1240
    Edges: 305261 (flat)  112495 (hierarchical)
    Elapsed: 0.020s  Memory: 13963.00M
"width" in: sky130A_mr.drc:1242
    Edge pairs: 0 (flat)  0 (hierarchical)
    Elapsed: 1.430s  Memory: 13963.00M
"polygons" in: sky130A_mr.drc:1243
    Polygons (raw): 0 (flat)  0 (hierarchical)
    Elapsed: 0.020s  Memory: 13963.00M
"interacting" in: sky130A_mr.drc:1243
    Polygons (raw): 0 (flat)  0 (hierarchical)
    Elapsed: 0.170s  Memory: 13963.00M
"output" in: sky130A_mr.drc:1244
    Polygons (raw): 0 (flat)  0 (hierarchical)
    Elapsed: 0.200s  Memory: 13963.00M
END: 69/44 (via2)
START: 70/20 (m3)
"width" in: sky130A_mr.drc:1253
    Edge pairs: 0 (flat)  0 (hierarchical)
    Elapsed: 1.600s  Memory: 13963.00M
"output" in: sky130A_mr.drc:1253
    Edge pairs: 0 (flat)  0 (hierarchical)
    Elapsed: 0.210s  Memory: 13963.00M
"sized" in: sky130A_mr.drc:1255
    Polygons (raw): 0 (flat)  0 (hierarchical)
    Elapsed: 0.500s  Memory: 13963.00M
"sized" in: sky130A_mr.drc:1255
    Polygons (raw): 0 (flat)  0 (hierarchical)
    Elapsed: 0.160s  Memory: 13963.00M
"snap" in: sky130A_mr.drc:1255
    Polygons (raw): 0 (flat)  0 (hierarchical)
    Elapsed: 0.150s  Memory: 13963.00M
"&" in: sky130A_mr.drc:1255
    Polygons (raw): 0 (flat)  0 (hierarchical)
    Elapsed: 0.170s  Memory: 13963.00M
"edges" in: sky130A_mr.drc:1256
    Edges: 1002766 (flat)  393482 (hierarchical)
    Elapsed: 0.030s  Memory: 13963.00M
"-" in: sky130A_mr.drc:1256
    Edges: 1002766 (flat)  393482 (hierarchical)
    Elapsed: 0.170s  Memory: 13963.00M
"edges" in: sky130A_mr.drc:1257
    Edges: 0 (flat)  0 (hierarchical)
    Elapsed: 0.580s  Memory: 13963.00M
"merged" in: sky130A_mr.drc:1257
    Polygons (raw): 91249 (flat)  43060 (hierarchical)
    Elapsed: 1.040s  Memory: 13963.00M
"outside_part" in: sky130A_mr.drc:1257
    Edges: 0 (flat)  0 (hierarchical)
    Elapsed: 0.160s  Memory: 13963.00M
"space" in: sky130A_mr.drc:1259
    Edge pairs: 0 (flat)  0 (hierarchical)
    Elapsed: 1.440s  Memory: 13963.00M
"output" in: sky130A_mr.drc:1259
    Edge pairs: 0 (flat)  0 (hierarchical)
    Elapsed: 0.620s  Memory: 13963.00M
"separation" in: sky130A_mr.drc:1265
    Edge pairs: 0 (flat)  0 (hierarchical)
    Elapsed: 0.650s  Memory: 13963.00M
"space" in: sky130A_mr.drc:1266
    Edge pairs: 0 (flat)  0 (hierarchical)
    Elapsed: 0.300s  Memory: 13963.00M
"+" in: sky130A_mr.drc:1265
    Edge pairs: 0 (flat)  0 (hierarchical)
    Elapsed: 0.160s  Memory: 13963.00M
"output" in: sky130A_mr.drc:1267
    Edge pairs: 0 (flat)  0 (hierarchical)
    Elapsed: 0.210s  Memory: 13963.00M
"enclosing" in: sky130A_mr.drc:1275
    Edge pairs: 0 (flat)  0 (hierarchical)
    Elapsed: 0.930s  Memory: 13963.00M
"output" in: sky130A_mr.drc:1275
    Edge pairs: 0 (flat)  0 (hierarchical)
    Elapsed: 0.210s  Memory: 13963.00M
"-" in: sky130A_mr.drc:1279
    Polygons (raw): 0 (flat)  0 (hierarchical)
    Elapsed: 1.680s  Memory: 13963.00M
"output" in: sky130A_mr.drc:1279
    Polygons (raw): 0 (flat)  0 (hierarchical)
    Elapsed: 0.200s  Memory: 13963.00M
"with_area" in: sky130A_mr.drc:1281
    Polygons (raw): 0 (flat)  0 (hierarchical)
    Elapsed: 0.120s  Memory: 13963.00M
"output" in: sky130A_mr.drc:1281
    Polygons (raw): 0 (flat)  0 (hierarchical)
    Elapsed: 0.200s  Memory: 13963.00M
"holes" in: sky130A_mr.drc:1283
    Polygons (raw): 0 (flat)  0 (hierarchical)
    Elapsed: 0.010s  Memory: 13963.00M
"with_area" in: sky130A_mr.drc:1284
    Polygons (raw): 0 (flat)  0 (hierarchical)
    Elapsed: 0.160s  Memory: 13963.00M
"output" in: sky130A_mr.drc:1285
    Polygons (raw): 0 (flat)  0 (hierarchical)
    Elapsed: 0.190s  Memory: 13963.00M
END: 70/20 (m3)
START: 70/44 (via3)
"drc" in: sky130A_mr.drc:1292
    Polygons (raw): 0 (flat)  0 (hierarchical)
    Elapsed: 1.560s  Memory: 13963.00M
"-" in: sky130A_mr.drc:1293
    Polygons (raw): 178528 (flat)  90394 (hierarchical)
    Elapsed: 0.170s  Memory: 13963.00M
"-" in: sky130A_mr.drc:1298
    Polygons (raw): 178528 (flat)  90394 (hierarchical)
    Elapsed: 0.170s  Memory: 13963.00M
"non_rectangles" in: sky130A_mr.drc:1299
    Polygons (raw): 0 (flat)  0 (hierarchical)
    Elapsed: 0.780s  Memory: 13963.00M
"output" in: sky130A_mr.drc:1299
    Polygons (raw): 0 (flat)  0 (hierarchical)
    Elapsed: 0.210s  Memory: 13963.00M
"width" in: sky130A_mr.drc:1303
    Edge pairs: 0 (flat)  0 (hierarchical)
    Elapsed: 0.140s  Memory: 13963.00M
"output" in: sky130A_mr.drc:1303
    Edge pairs: 0 (flat)  0 (hierarchical)
    Elapsed: 0.200s  Memory: 13963.00M
"edges" in: sky130A_mr.drc:1308
    Edges: 714112 (flat)  361576 (hierarchical)
    Elapsed: 0.030s  Memory: 13963.00M
"without_length" in: sky130A_mr.drc:1309
    Edges: 0 (flat)  0 (hierarchical)
    Elapsed: 0.120s  Memory: 13963.00M
"output" in: sky130A_mr.drc:1310
    Edges: 0 (flat)  0 (hierarchical)
    Elapsed: 0.190s  Memory: 13963.00M
"space" in: sky130A_mr.drc:1312
    Edge pairs: 0 (flat)  0 (hierarchical)
    Elapsed: 0.590s  Memory: 13963.00M
"output" in: sky130A_mr.drc:1312
    Edge pairs: 0 (flat)  0 (hierarchical)
    Elapsed: 0.610s  Memory: 13963.00M
"enclosing" in: sky130A_mr.drc:1316
    Edge pairs: 0 (flat)  0 (hierarchical)
    Elapsed: 0.790s  Memory: 13963.00M
"output" in: sky130A_mr.drc:1316
    Edge pairs: 0 (flat)  0 (hierarchical)
    Elapsed: 0.200s  Memory: 13963.00M
"-" in: sky130A_mr.drc:1320
    Polygons (raw): 0 (flat)  0 (hierarchical)
    Elapsed: 1.200s  Memory: 13963.00M
"output" in: sky130A_mr.drc:1320
    Polygons (raw): 0 (flat)  0 (hierarchical)
    Elapsed: 0.200s  Memory: 13963.00M
"enclosing" in: sky130A_mr.drc:1326
    Edge pairs: 198985 (flat)  185609 (hierarchical)
    Elapsed: 1.590s  Memory: 13963.00M
"second_edges" in: sky130A_mr.drc:1326
    Edges: 198985 (flat)  185609 (hierarchical)
    Elapsed: 0.020s  Memory: 13963.00M
"width" in: sky130A_mr.drc:1328
    Edge pairs: 0 (flat)  0 (hierarchical)
    Elapsed: 1.650s  Memory: 13963.00M
"polygons" in: sky130A_mr.drc:1329
    Polygons (raw): 0 (flat)  0 (hierarchical)
    Elapsed: 0.010s  Memory: 13963.00M
"interacting" in: sky130A_mr.drc:1329
    Polygons (raw): 0 (flat)  0 (hierarchical)
    Elapsed: 0.170s  Memory: 13963.00M
"output" in: sky130A_mr.drc:1330
    Polygons (raw): 0 (flat)  0 (hierarchical)
    Elapsed: 0.190s  Memory: 13963.00M
END: 70/44 (via3)
START: 71/20 (m4)
"width" in: sky130A_mr.drc:1339
    Edge pairs: 0 (flat)  0 (hierarchical)
    Elapsed: 0.970s  Memory: 13963.00M
"output" in: sky130A_mr.drc:1339
    Edge pairs: 0 (flat)  0 (hierarchical)
    Elapsed: 0.210s  Memory: 13963.00M
"sized" in: sky130A_mr.drc:1341
    Polygons (raw): 0 (flat)  0 (hierarchical)
    Elapsed: 0.180s  Memory: 13963.00M
"sized" in: sky130A_mr.drc:1341
    Polygons (raw): 0 (flat)  0 (hierarchical)
    Elapsed: 0.170s  Memory: 13963.00M
"snap" in: sky130A_mr.drc:1341
    Polygons (raw): 0 (flat)  0 (hierarchical)
    Elapsed: 0.160s  Memory: 13963.00M
"&" in: sky130A_mr.drc:1341
    Polygons (raw): 0 (flat)  0 (hierarchical)
    Elapsed: 0.170s  Memory: 13963.00M
"edges" in: sky130A_mr.drc:1342
    Edges: 439038 (flat)  118982 (hierarchical)
    Elapsed: 0.010s  Memory: 13963.00M
"-" in: sky130A_mr.drc:1342
    Edges: 439038 (flat)  118982 (hierarchical)
    Elapsed: 0.170s  Memory: 13963.00M
"edges" in: sky130A_mr.drc:1343
    Edges: 0 (flat)  0 (hierarchical)
    Elapsed: 0.580s  Memory: 13963.00M
"merged" in: sky130A_mr.drc:1343
    Polygons (raw): 48238 (flat)  9166 (hierarchical)
    Elapsed: 0.450s  Memory: 13963.00M
"outside_part" in: sky130A_mr.drc:1343
    Edges: 0 (flat)  0 (hierarchical)
    Elapsed: 0.170s  Memory: 13963.00M
"space" in: sky130A_mr.drc:1345
    Edge pairs: 0 (flat)  0 (hierarchical)
    Elapsed: 0.760s  Memory: 13963.00M
"output" in: sky130A_mr.drc:1345
    Edge pairs: 0 (flat)  0 (hierarchical)
    Elapsed: 0.630s  Memory: 13963.00M
"with_area" in: sky130A_mr.drc:1350
    Polygons (raw): 0 (flat)  0 (hierarchical)
    Elapsed: 0.120s  Memory: 13963.00M
"output" in: sky130A_mr.drc:1350
    Polygons (raw): 0 (flat)  0 (hierarchical)
    Elapsed: 0.190s  Memory: 13963.00M
"separation" in: sky130A_mr.drc:1353
    Edge pairs: 0 (flat)  0 (hierarchical)
    Elapsed: 0.640s  Memory: 13963.00M
"space" in: sky130A_mr.drc:1354
    Edge pairs: 0 (flat)  0 (hierarchical)
    Elapsed: 0.300s  Memory: 13963.00M
"+" in: sky130A_mr.drc:1353
    Edge pairs: 0 (flat)  0 (hierarchical)
    Elapsed: 0.150s  Memory: 13963.00M
"output" in: sky130A_mr.drc:1355
    Edge pairs: 0 (flat)  0 (hierarchical)
    Elapsed: 0.200s  Memory: 13963.00M
"enclosing" in: sky130A_mr.drc:1363
    Edge pairs: 0 (flat)  0 (hierarchical)
    Elapsed: 0.960s  Memory: 13963.00M
"output" in: sky130A_mr.drc:1363
    Edge pairs: 0 (flat)  0 (hierarchical)
    Elapsed: 0.200s  Memory: 13963.00M
"-" in: sky130A_mr.drc:1367
    Polygons (raw): 0 (flat)  0 (hierarchical)
    Elapsed: 1.390s  Memory: 13963.00M
"output" in: sky130A_mr.drc:1367
    Polygons (raw): 0 (flat)  0 (hierarchical)
    Elapsed: 0.200s  Memory: 13963.00M
"holes" in: sky130A_mr.drc:1370
    Polygons (raw): 0 (flat)  0 (hierarchical)
    Elapsed: 0.000s  Memory: 13963.00M
"with_area" in: sky130A_mr.drc:1371
    Polygons (raw): 0 (flat)  0 (hierarchical)
    Elapsed: 0.160s  Memory: 13963.00M
"output" in: sky130A_mr.drc:1372
    Polygons (raw): 0 (flat)  0 (hierarchical)
    Elapsed: 0.190s  Memory: 13963.00M
END: 71/20 (m4)
START: 71/44 (via4)
"drc" in: sky130A_mr.drc:1378
    Polygons (raw): 0 (flat)  0 (hierarchical)
    Elapsed: 0.600s  Memory: 13963.00M
"-" in: sky130A_mr.drc:1379
    Polygons (raw): 1554 (flat)  1554 (hierarchical)
    Elapsed: 0.170s  Memory: 13963.00M
"-" in: sky130A_mr.drc:1384
    Polygons (raw): 1554 (flat)  1554 (hierarchical)
    Elapsed: 0.150s  Memory: 13963.00M
"non_rectangles" in: sky130A_mr.drc:1385
    Polygons (raw): 0 (flat)  0 (hierarchical)
    Elapsed: 0.280s  Memory: 13963.00M
"output" in: sky130A_mr.drc:1385
    Polygons (raw): 0 (flat)  0 (hierarchical)
    Elapsed: 0.200s  Memory: 13963.00M
"width" in: sky130A_mr.drc:1389
    Edge pairs: 0 (flat)  0 (hierarchical)
    Elapsed: 0.430s  Memory: 13963.00M
"output" in: sky130A_mr.drc:1389
    Edge pairs: 0 (flat)  0 (hierarchical)
    Elapsed: 0.200s  Memory: 13963.00M
"drc" in: sky130A_mr.drc:1393
    Edges: 0 (flat)  0 (hierarchical)
    Elapsed: 0.360s  Memory: 13963.00M
"output" in: sky130A_mr.drc:1393
    Edges: 0 (flat)  0 (hierarchical)
    Elapsed: 0.210s  Memory: 13963.00M
"space" in: sky130A_mr.drc:1399
    Edge pairs: 0 (flat)  0 (hierarchical)
    Elapsed: 0.400s  Memory: 13963.00M
"polygons" in: sky130A_mr.drc:1400
    Polygons (raw): 0 (flat)  0 (hierarchical)
    Elapsed: 0.010s  Memory: 13963.00M
"output" in: sky130A_mr.drc:1401
    Polygons (raw): 0 (flat)  0 (hierarchical)
    Elapsed: 0.190s  Memory: 13963.00M
"width" in: sky130A_mr.drc:1404
    Edge pairs: 0 (flat)  0 (hierarchical)
    Elapsed: 0.170s  Memory: 13963.00M
"output" in: sky130A_mr.drc:1404
    Edge pairs: 0 (flat)  0 (hierarchical)
    Elapsed: 0.200s  Memory: 13963.00M
"drc" in: sky130A_mr.drc:1408
    Edge pairs: 0 (flat)  0 (hierarchical)
    Elapsed: 0.560s  Memory: 13963.00M
"output" in: sky130A_mr.drc:1408
    Edge pairs: 0 (flat)  0 (hierarchical)
    Elapsed: 0.210s  Memory: 13963.00M
"-" in: sky130A_mr.drc:1412
    Polygons (raw): 0 (flat)  0 (hierarchical)
    Elapsed: 0.160s  Memory: 13963.00M
"output" in: sky130A_mr.drc:1412
    Polygons (raw): 0 (flat)  0 (hierarchical)
    Elapsed: 0.210s  Memory: 13963.00M
"enclosing" in: sky130A_mr.drc:1418
    Edge pairs: 0 (flat)  0 (hierarchical)
    Elapsed: 0.440s  Memory: 13963.00M
"output" in: sky130A_mr.drc:1418
    Edge pairs: 0 (flat)  0 (hierarchical)
    Elapsed: 0.210s  Memory: 13963.00M
"-" in: sky130A_mr.drc:1422
    Polygons (raw): 0 (flat)  0 (hierarchical)
    Elapsed: 0.400s  Memory: 13963.00M
"output" in: sky130A_mr.drc:1422
    Polygons (raw): 0 (flat)  0 (hierarchical)
    Elapsed: 0.200s  Memory: 13963.00M
END: 71/44 (via4)
START: 72/20 (m5)
"width" in: sky130A_mr.drc:1427
    Edge pairs: 0 (flat)  0 (hierarchical)
    Elapsed: 0.420s  Memory: 13963.00M
"output" in: sky130A_mr.drc:1427
    Edge pairs: 0 (flat)  0 (hierarchical)
    Elapsed: 0.210s  Memory: 13963.00M
"space" in: sky130A_mr.drc:1429
    Edge pairs: 0 (flat)  0 (hierarchical)
    Elapsed: 0.390s  Memory: 13963.00M
"output" in: sky130A_mr.drc:1429
    Edge pairs: 0 (flat)  0 (hierarchical)
    Elapsed: 0.200s  Memory: 13963.00M
"enclosing" in: sky130A_mr.drc:1431
    Edge pairs: 0 (flat)  0 (hierarchical)
    Elapsed: 0.420s  Memory: 13963.00M
"output" in: sky130A_mr.drc:1431
    Edge pairs: 0 (flat)  0 (hierarchical)
    Elapsed: 0.210s  Memory: 13963.00M
"-" in: sky130A_mr.drc:1435
    Polygons (raw): 0 (flat)  0 (hierarchical)
    Elapsed: 0.380s  Memory: 13963.00M
"output" in: sky130A_mr.drc:1435
    Polygons (raw): 0 (flat)  0 (hierarchical)
    Elapsed: 0.210s  Memory: 13963.00M
"with_area" in: sky130A_mr.drc:1442
    Polygons (raw): 0 (flat)  0 (hierarchical)
    Elapsed: 0.100s  Memory: 13963.00M
"output" in: sky130A_mr.drc:1442
    Polygons (raw): 0 (flat)  0 (hierarchical)
    Elapsed: 0.210s  Memory: 13963.00M
"holes" in: sky130A_mr.drc:1444
    Polygons (raw): 0 (flat)  0 (hierarchical)
    Elapsed: 0.000s  Memory: 13963.00M
"with_area" in: sky130A_mr.drc:1445
    Polygons (raw): 0 (flat)  0 (hierarchical)
    Elapsed: 0.160s  Memory: 13963.00M
"output" in: sky130A_mr.drc:1446
    Polygons (raw): 0 (flat)  0 (hierarchical)
    Elapsed: 0.190s  Memory: 13963.00M
END: 72/20 (m5)
START: 76/20 (pad)
"space" in: sky130A_mr.drc:1451
    Edge pairs: 0 (flat)  0 (hierarchical)
    Elapsed: 0.160s  Memory: 13963.00M
"output" in: sky130A_mr.drc:1451
    Edge pairs: 0 (flat)  0 (hierarchical)
    Elapsed: 0.190s  Memory: 13963.00M
END: 76/20 (pad)
START: 81/10 (moduleCut)
"output" in: sky130A_mr.drc:1457
    Polygons (raw): 0 (flat)  0 (hierarchical)
    Elapsed: 0.190s  Memory: 13963.00M
END: 81/10 (moduleCut)
FEOL section
START: 75/20 (hvi)
"-" in: sky130A_mr.drc:1470
    Polygons (raw): 0 (flat)  0 (hierarchical)
    Elapsed: 0.160s  Memory: 13963.00M
"width" in: sky130A_mr.drc:1471
    Edge pairs: 0 (flat)  0 (hierarchical)
    Elapsed: 0.150s  Memory: 13963.00M
"output" in: sky130A_mr.drc:1471
    Edge pairs: 0 (flat)  0 (hierarchical)
    Elapsed: 0.200s  Memory: 13963.00M
"space" in: sky130A_mr.drc:1475
    Edge pairs: 0 (flat)  0 (hierarchical)
    Elapsed: 0.150s  Memory: 13963.00M
"output" in: sky130A_mr.drc:1475
    Edge pairs: 0 (flat)  0 (hierarchical)
    Elapsed: 0.190s  Memory: 13963.00M
END: 75/20 (hvi)
START: 125/20 (hvntm)
"-" in: sky130A_mr.drc:1483
    Polygons (raw): 0 (flat)  0 (hierarchical)
    Elapsed: 0.160s  Memory: 13963.00M
"width" in: sky130A_mr.drc:1484
    Edge pairs: 0 (flat)  0 (hierarchical)
    Elapsed: 0.160s  Memory: 13963.00M
"output" in: sky130A_mr.drc:1484
    Edge pairs: 0 (flat)  0 (hierarchical)
    Elapsed: 0.200s  Memory: 13963.00M
"space" in: sky130A_mr.drc:1488
    Edge pairs: 0 (flat)  0 (hierarchical)
    Elapsed: 0.160s  Memory: 13963.00M
"output" in: sky130A_mr.drc:1488
    Edge pairs: 0 (flat)  0 (hierarchical)
    Elapsed: 0.190s  Memory: 13963.00M
END: 125/20 (hvntm)
OFFGRID-ANGLES section
"ongrid" in: sky130A_mr.drc:1498
    Edge pairs: 0 (flat)  0 (hierarchical)
    Elapsed: 0.250s  Memory: 13963.00M
"output" in: sky130A_mr.drc:1498
    Edge pairs: 0 (flat)  0 (hierarchical)
    Elapsed: 0.190s  Memory: 13963.00M
"with_angle" in: sky130A_mr.drc:1502
    Edge pairs: 0 (flat)  0 (hierarchical)
    Elapsed: 0.020s  Memory: 13963.00M
"output" in: sky130A_mr.drc:1502
    Edge pairs: 0 (flat)  0 (hierarchical)
    Elapsed: 0.190s  Memory: 13963.00M
"ongrid" in: sky130A_mr.drc:1506
    Edge pairs: 0 (flat)  0 (hierarchical)
    Elapsed: 0.240s  Memory: 13963.00M
"output" in: sky130A_mr.drc:1506
    Edge pairs: 0 (flat)  0 (hierarchical)
    Elapsed: 0.200s  Memory: 13963.00M
"with_angle" in: sky130A_mr.drc:1507
    Edge pairs: 0 (flat)  0 (hierarchical)
    Elapsed: 0.000s  Memory: 13963.00M
"output" in: sky130A_mr.drc:1507
    Edge pairs: 0 (flat)  0 (hierarchical)
    Elapsed: 0.190s  Memory: 13963.00M
"ongrid" in: sky130A_mr.drc:1511
    Edge pairs: 0 (flat)  0 (hierarchical)
    Elapsed: 0.160s  Memory: 13963.00M
"output" in: sky130A_mr.drc:1511
    Edge pairs: 0 (flat)  0 (hierarchical)
    Elapsed: 0.000s  Memory: 13963.00M
"with_angle" in: sky130A_mr.drc:1512
    Edge pairs: 0 (flat)  0 (hierarchical)
    Elapsed: 0.150s  Memory: 13963.00M
"output" in: sky130A_mr.drc:1512
    Edge pairs: 0 (flat)  0 (hierarchical)
    Elapsed: 0.190s  Memory: 13963.00M
"ongrid" in: sky130A_mr.drc:1513
    Edge pairs: 0 (flat)  0 (hierarchical)
    Elapsed: 0.160s  Memory: 13963.00M
"output" in: sky130A_mr.drc:1513
    Edge pairs: 0 (flat)  0 (hierarchical)
    Elapsed: 0.000s  Memory: 13963.00M
"with_angle" in: sky130A_mr.drc:1514
    Edge pairs: 0 (flat)  0 (hierarchical)
    Elapsed: 0.150s  Memory: 13963.00M
"output" in: sky130A_mr.drc:1514
    Edge pairs: 0 (flat)  0 (hierarchical)
    Elapsed: 0.190s  Memory: 13963.00M
"ongrid" in: sky130A_mr.drc:1515
    Edge pairs: 0 (flat)  0 (hierarchical)
    Elapsed: 0.260s  Memory: 13963.00M
"output" in: sky130A_mr.drc:1515
    Edge pairs: 0 (flat)  0 (hierarchical)
    Elapsed: 0.190s  Memory: 13963.00M
"with_angle" in: sky130A_mr.drc:1516
    Edge pairs: 0 (flat)  0 (hierarchical)
    Elapsed: 0.020s  Memory: 13963.00M
"output" in: sky130A_mr.drc:1516
    Edge pairs: 0 (flat)  0 (hierarchical)
    Elapsed: 0.200s  Memory: 13963.00M
"ongrid" in: sky130A_mr.drc:1517
    Edge pairs: 0 (flat)  0 (hierarchical)
    Elapsed: 0.150s  Memory: 13963.00M
"output" in: sky130A_mr.drc:1517
    Edge pairs: 0 (flat)  0 (hierarchical)
    Elapsed: 0.000s  Memory: 13963.00M
"with_angle" in: sky130A_mr.drc:1518
    Edge pairs: 0 (flat)  0 (hierarchical)
    Elapsed: 0.140s  Memory: 13963.00M
"output" in: sky130A_mr.drc:1518
    Edge pairs: 0 (flat)  0 (hierarchical)
    Elapsed: 0.200s  Memory: 13963.00M
"ongrid" in: sky130A_mr.drc:1519
    Edge pairs: 0 (flat)  0 (hierarchical)
    Elapsed: 0.150s  Memory: 13963.00M
"output" in: sky130A_mr.drc:1519
    Edge pairs: 0 (flat)  0 (hierarchical)
    Elapsed: 0.000s  Memory: 13963.00M
"with_angle" in: sky130A_mr.drc:1520
    Edge pairs: 0 (flat)  0 (hierarchical)
    Elapsed: 0.150s  Memory: 13963.00M
"output" in: sky130A_mr.drc:1520
    Edge pairs: 0 (flat)  0 (hierarchical)
    Elapsed: 0.210s  Memory: 13963.00M
"ongrid" in: sky130A_mr.drc:1521
    Edge pairs: 0 (flat)  0 (hierarchical)
    Elapsed: 0.150s  Memory: 13963.00M
"output" in: sky130A_mr.drc:1521
    Edge pairs: 0 (flat)  0 (hierarchical)
    Elapsed: 0.000s  Memory: 13963.00M
"with_angle" in: sky130A_mr.drc:1522
    Edge pairs: 0 (flat)  0 (hierarchical)
    Elapsed: 0.140s  Memory: 13963.00M
"output" in: sky130A_mr.drc:1522
    Edge pairs: 0 (flat)  0 (hierarchical)
    Elapsed: 0.210s  Memory: 13963.00M
"ongrid" in: sky130A_mr.drc:1523
    Edge pairs: 0 (flat)  0 (hierarchical)
    Elapsed: 0.250s  Memory: 13963.00M
"output" in: sky130A_mr.drc:1523
    Edge pairs: 0 (flat)  0 (hierarchical)
    Elapsed: 0.210s  Memory: 13963.00M
"ongrid" in: sky130A_mr.drc:1524
    Edge pairs: 0 (flat)  0 (hierarchical)
    Elapsed: 0.250s  Memory: 13963.00M
"output" in: sky130A_mr.drc:1524
    Edge pairs: 0 (flat)  0 (hierarchical)
    Elapsed: 0.200s  Memory: 13963.00M
"&" in: sky130A_mr.drc:1526
    Polygons (raw): 0 (flat)  0 (hierarchical)
    Elapsed: 0.150s  Memory: 13963.00M
"-" in: sky130A_mr.drc:1526
    Polygons (raw): 7076600 (flat)  607 (hierarchical)
    Elapsed: 0.180s  Memory: 13963.00M
"with_angle" in: sky130A_mr.drc:1527
    Edge pairs: 0 (flat)  0 (hierarchical)
    Elapsed: 3.370s  Memory: 13963.00M
"output" in: sky130A_mr.drc:1528
    Edge pairs: 0 (flat)  0 (hierarchical)
    Elapsed: 0.630s  Memory: 13963.00M
"&" in: sky130A_mr.drc:1530
    Polygons (raw): 0 (flat)  0 (hierarchical)
    Elapsed: 0.160s  Memory: 13963.00M
"&" in: sky130A_mr.drc:1530
    Polygons (raw): 0 (flat)  0 (hierarchical)
    Elapsed: 0.160s  Memory: 13963.00M
"with_angle" in: sky130A_mr.drc:1531
    Edge pairs: 0 (flat)  0 (hierarchical)
    Elapsed: 0.170s  Memory: 13963.00M
"output" in: sky130A_mr.drc:1532
    Edge pairs: 0 (flat)  0 (hierarchical)
    Elapsed: 0.190s  Memory: 13963.00M
"&" in: sky130A_mr.drc:1534
    Polygons (raw): 0 (flat)  0 (hierarchical)
    Elapsed: 0.150s  Memory: 13963.00M
"-" in: sky130A_mr.drc:1534
    Polygons (raw): 1501430 (flat)  31 (hierarchical)
    Elapsed: 0.160s  Memory: 13963.00M
"with_angle" in: sky130A_mr.drc:1535
    Edge pairs: 0 (flat)  0 (hierarchical)
    Elapsed: 0.700s  Memory: 13963.00M
"output" in: sky130A_mr.drc:1536
    Edge pairs: 0 (flat)  0 (hierarchical)
    Elapsed: 0.630s  Memory: 13963.00M
"&" in: sky130A_mr.drc:1538
    Polygons (raw): 0 (flat)  0 (hierarchical)
    Elapsed: 0.160s  Memory: 13963.00M
"&" in: sky130A_mr.drc:1538
    Polygons (raw): 0 (flat)  0 (hierarchical)
    Elapsed: 0.150s  Memory: 13963.00M
"with_angle" in: sky130A_mr.drc:1539
    Edge pairs: 0 (flat)  0 (hierarchical)
    Elapsed: 0.170s  Memory: 13963.00M
"output" in: sky130A_mr.drc:1540
    Edge pairs: 0 (flat)  0 (hierarchical)
    Elapsed: 0.190s  Memory: 13963.00M
"ongrid" in: sky130A_mr.drc:1541
    Edge pairs: 0 (flat)  0 (hierarchical)
    Elapsed: 0.140s  Memory: 13963.00M
"output" in: sky130A_mr.drc:1541
    Edge pairs: 0 (flat)  0 (hierarchical)
    Elapsed: 0.010s  Memory: 13963.00M
"with_angle" in: sky130A_mr.drc:1542
    Edge pairs: 0 (flat)  0 (hierarchical)
    Elapsed: 0.150s  Memory: 13963.00M
"output" in: sky130A_mr.drc:1542
    Edge pairs: 0 (flat)  0 (hierarchical)
    Elapsed: 0.190s  Memory: 13963.00M
"ongrid" in: sky130A_mr.drc:1543
    Edge pairs: 0 (flat)  0 (hierarchical)
    Elapsed: 0.250s  Memory: 13963.00M
"output" in: sky130A_mr.drc:1543
    Edge pairs: 0 (flat)  0 (hierarchical)
    Elapsed: 0.210s  Memory: 13963.00M
"with_angle" in: sky130A_mr.drc:1544
    Edge pairs: 0 (flat)  0 (hierarchical)
    Elapsed: 0.020s  Memory: 13963.00M
"output" in: sky130A_mr.drc:1544
    Edge pairs: 0 (flat)  0 (hierarchical)
    Elapsed: 0.200s  Memory: 13963.00M
"ongrid" in: sky130A_mr.drc:1545
    Edge pairs: 0 (flat)  0 (hierarchical)
    Elapsed: 0.160s  Memory: 13963.00M
"output" in: sky130A_mr.drc:1545
    Edge pairs: 0 (flat)  0 (hierarchical)
    Elapsed: 0.000s  Memory: 13963.00M
"with_angle" in: sky130A_mr.drc:1546
    Edge pairs: 0 (flat)  0 (hierarchical)
    Elapsed: 0.140s  Memory: 13963.00M
"output" in: sky130A_mr.drc:1546
    Edge pairs: 0 (flat)  0 (hierarchical)
    Elapsed: 0.190s  Memory: 13963.00M
"ongrid" in: sky130A_mr.drc:1547
    Edge pairs: 0 (flat)  0 (hierarchical)
    Elapsed: 0.530s  Memory: 13963.00M
"output" in: sky130A_mr.drc:1547
    Edge pairs: 0 (flat)  0 (hierarchical)
    Elapsed: 0.210s  Memory: 13963.00M
"with_angle" in: sky130A_mr.drc:1548
    Edge pairs: 0 (flat)  0 (hierarchical)
    Elapsed: 0.330s  Memory: 13963.00M
"output" in: sky130A_mr.drc:1548
    Edge pairs: 0 (flat)  0 (hierarchical)
    Elapsed: 0.210s  Memory: 13963.00M
"ongrid" in: sky130A_mr.drc:1549
    Edge pairs: 0 (flat)  0 (hierarchical)
    Elapsed: 0.250s  Memory: 13963.00M
"output" in: sky130A_mr.drc:1549
    Edge pairs: 0 (flat)  0 (hierarchical)
    Elapsed: 0.210s  Memory: 13963.00M
"with_angle" in: sky130A_mr.drc:1550
    Edge pairs: 0 (flat)  0 (hierarchical)
    Elapsed: 0.010s  Memory: 13963.00M
"output" in: sky130A_mr.drc:1550
    Edge pairs: 0 (flat)  0 (hierarchical)
    Elapsed: 0.190s  Memory: 13963.00M
"ongrid" in: sky130A_mr.drc:1551
    Edge pairs: 0 (flat)  0 (hierarchical)
    Elapsed: 0.280s  Memory: 13963.00M
"output" in: sky130A_mr.drc:1551
    Edge pairs: 0 (flat)  0 (hierarchical)
    Elapsed: 0.190s  Memory: 13963.00M
"with_angle" in: sky130A_mr.drc:1552
    Edge pairs: 0 (flat)  0 (hierarchical)
    Elapsed: 0.040s  Memory: 13963.00M
"output" in: sky130A_mr.drc:1552
    Edge pairs: 0 (flat)  0 (hierarchical)
    Elapsed: 0.200s  Memory: 13963.00M
"ongrid" in: sky130A_mr.drc:1553
    Edge pairs: 0 (flat)  0 (hierarchical)
    Elapsed: 0.250s  Memory: 13963.00M
"output" in: sky130A_mr.drc:1553
    Edge pairs: 0 (flat)  0 (hierarchical)
    Elapsed: 0.200s  Memory: 13963.00M
"with_angle" in: sky130A_mr.drc:1554
    Edge pairs: 0 (flat)  0 (hierarchical)
    Elapsed: 0.010s  Memory: 13963.00M
"output" in: sky130A_mr.drc:1554
    Edge pairs: 0 (flat)  0 (hierarchical)
    Elapsed: 0.190s  Memory: 13963.00M
"ongrid" in: sky130A_mr.drc:1558
    Edge pairs: 0 (flat)  0 (hierarchical)
    Elapsed: 0.810s  Memory: 13963.00M
"output" in: sky130A_mr.drc:1558
    Edge pairs: 0 (flat)  0 (hierarchical)
    Elapsed: 0.200s  Memory: 13963.00M
"with_angle" in: sky130A_mr.drc:1559
    Edge pairs: 0 (flat)  0 (hierarchical)
    Elapsed: 0.670s  Memory: 13963.00M
"output" in: sky130A_mr.drc:1559
    Edge pairs: 0 (flat)  0 (hierarchical)
    Elapsed: 0.210s  Memory: 13963.00M
"ongrid" in: sky130A_mr.drc:1560
    Edge pairs: 0 (flat)  0 (hierarchical)
    Elapsed: 1.440s  Memory: 13963.00M
"output" in: sky130A_mr.drc:1560
    Edge pairs: 0 (flat)  0 (hierarchical)
    Elapsed: 0.210s  Memory: 13963.00M
"with_angle" in: sky130A_mr.drc:1561
    Edge pairs: 0 (flat)  0 (hierarchical)
    Elapsed: 1.400s  Memory: 13963.00M
"output" in: sky130A_mr.drc:1561
    Edge pairs: 0 (flat)  0 (hierarchical)
    Elapsed: 0.200s  Memory: 13963.00M
"ongrid" in: sky130A_mr.drc:1562
    Edge pairs: 0 (flat)  0 (hierarchical)
    Elapsed: 0.150s  Memory: 13963.00M
"output" in: sky130A_mr.drc:1562
    Edge pairs: 0 (flat)  0 (hierarchical)
    Elapsed: 0.000s  Memory: 13963.00M
"with_angle" in: sky130A_mr.drc:1563
    Edge pairs: 0 (flat)  0 (hierarchical)
    Elapsed: 0.150s  Memory: 13963.00M
"output" in: sky130A_mr.drc:1563
    Edge pairs: 0 (flat)  0 (hierarchical)
    Elapsed: 0.210s  Memory: 13963.00M
"ongrid" in: sky130A_mr.drc:1564
    Edge pairs: 0 (flat)  0 (hierarchical)
    Elapsed: 0.410s  Memory: 13963.00M
"output" in: sky130A_mr.drc:1564
    Edge pairs: 0 (flat)  0 (hierarchical)
    Elapsed: 0.210s  Memory: 13963.00M
"with_angle" in: sky130A_mr.drc:1565
    Edge pairs: 0 (flat)  0 (hierarchical)
    Elapsed: 0.210s  Memory: 13963.00M
"output" in: sky130A_mr.drc:1565
    Edge pairs: 0 (flat)  0 (hierarchical)
    Elapsed: 0.200s  Memory: 13963.00M
"ongrid" in: sky130A_mr.drc:1566
    Edge pairs: 0 (flat)  0 (hierarchical)
    Elapsed: 0.340s  Memory: 13963.00M
"output" in: sky130A_mr.drc:1566
    Edge pairs: 0 (flat)  0 (hierarchical)
    Elapsed: 0.200s  Memory: 13963.00M
"with_angle" in: sky130A_mr.drc:1567
    Edge pairs: 0 (flat)  0 (hierarchical)
    Elapsed: 0.130s  Memory: 13963.00M
"output" in: sky130A_mr.drc:1567
    Edge pairs: 0 (flat)  0 (hierarchical)
    Elapsed: 0.190s  Memory: 13963.00M
"ongrid" in: sky130A_mr.drc:1568
    Edge pairs: 0 (flat)  0 (hierarchical)
    Elapsed: 0.380s  Memory: 13963.00M
"output" in: sky130A_mr.drc:1568
    Edge pairs: 0 (flat)  0 (hierarchical)
    Elapsed: 0.190s  Memory: 13963.00M
"with_angle" in: sky130A_mr.drc:1569
    Edge pairs: 0 (flat)  0 (hierarchical)
    Elapsed: 0.140s  Memory: 13963.00M
"output" in: sky130A_mr.drc:1569
    Edge pairs: 0 (flat)  0 (hierarchical)
    Elapsed: 0.190s  Memory: 13963.00M
"ongrid" in: sky130A_mr.drc:1570
    Edge pairs: 0 (flat)  0 (hierarchical)
    Elapsed: 0.260s  Memory: 13963.00M
"output" in: sky130A_mr.drc:1570
    Edge pairs: 0 (flat)  0 (hierarchical)
    Elapsed: 0.210s  Memory: 13963.00M
"with_angle" in: sky130A_mr.drc:1571
    Edge pairs: 0 (flat)  0 (hierarchical)
    Elapsed: 0.030s  Memory: 13963.00M
"output" in: sky130A_mr.drc:1571
    Edge pairs: 0 (flat)  0 (hierarchical)
    Elapsed: 0.190s  Memory: 13963.00M
"ongrid" in: sky130A_mr.drc:1572
    Edge pairs: 0 (flat)  0 (hierarchical)
    Elapsed: 0.260s  Memory: 13963.00M
"output" in: sky130A_mr.drc:1572
    Edge pairs: 0 (flat)  0 (hierarchical)
    Elapsed: 0.190s  Memory: 13963.00M
"with_angle" in: sky130A_mr.drc:1573
    Edge pairs: 0 (flat)  0 (hierarchical)
    Elapsed: 0.030s  Memory: 13963.00M
"output" in: sky130A_mr.drc:1573
    Edge pairs: 0 (flat)  0 (hierarchical)
    Elapsed: 0.190s  Memory: 13963.00M
"ongrid" in: sky130A_mr.drc:1574
    Edge pairs: 0 (flat)  0 (hierarchical)
    Elapsed: 0.260s  Memory: 13963.00M
"output" in: sky130A_mr.drc:1574
    Edge pairs: 0 (flat)  0 (hierarchical)
    Elapsed: 0.200s  Memory: 13963.00M
"with_angle" in: sky130A_mr.drc:1575
    Edge pairs: 0 (flat)  0 (hierarchical)
    Elapsed: 0.020s  Memory: 13963.00M
"output" in: sky130A_mr.drc:1575
    Edge pairs: 0 (flat)  0 (hierarchical)
    Elapsed: 0.190s  Memory: 13963.00M
"ongrid" in: sky130A_mr.drc:1576
    Edge pairs: 0 (flat)  0 (hierarchical)
    Elapsed: 0.160s  Memory: 13963.00M
"output" in: sky130A_mr.drc:1576
    Edge pairs: 0 (flat)  0 (hierarchical)
    Elapsed: 0.000s  Memory: 13963.00M
"with_angle" in: sky130A_mr.drc:1577
    Edge pairs: 0 (flat)  0 (hierarchical)
    Elapsed: 0.150s  Memory: 13963.00M
"output" in: sky130A_mr.drc:1577
    Edge pairs: 0 (flat)  0 (hierarchical)
    Elapsed: 0.200s  Memory: 13963.00M
"ongrid" in: sky130A_mr.drc:1578
    Edge pairs: 0 (flat)  0 (hierarchical)
    Elapsed: 0.260s  Memory: 13963.00M
"output" in: sky130A_mr.drc:1578
    Edge pairs: 0 (flat)  0 (hierarchical)
    Elapsed: 0.190s  Memory: 13963.00M
"with_angle" in: sky130A_mr.drc:1579
    Edge pairs: 0 (flat)  0 (hierarchical)
    Elapsed: 0.020s  Memory: 13963.00M
"output" in: sky130A_mr.drc:1579
    Edge pairs: 0 (flat)  0 (hierarchical)
    Elapsed: 0.200s  Memory: 13963.00M
"ongrid" in: sky130A_mr.drc:1580
    Edge pairs: 0 (flat)  0 (hierarchical)
    Elapsed: 0.240s  Memory: 13963.00M
"output" in: sky130A_mr.drc:1580
    Edge pairs: 0 (flat)  0 (hierarchical)
    Elapsed: 0.200s  Memory: 13963.00M
"with_angle" in: sky130A_mr.drc:1581
    Edge pairs: 0 (flat)  0 (hierarchical)
    Elapsed: 0.000s  Memory: 13963.00M
"output" in: sky130A_mr.drc:1581
    Edge pairs: 0 (flat)  0 (hierarchical)
    Elapsed: 0.190s  Memory: 13963.00M
"ongrid" in: sky130A_mr.drc:1582
    Edge pairs: 0 (flat)  0 (hierarchical)
    Elapsed: 0.260s  Memory: 13963.00M
"output" in: sky130A_mr.drc:1582
    Edge pairs: 0 (flat)  0 (hierarchical)
    Elapsed: 0.190s  Memory: 13963.00M
"with_angle" in: sky130A_mr.drc:1583
    Edge pairs: 0 (flat)  0 (hierarchical)
    Elapsed: 0.020s  Memory: 13963.00M
"output" in: sky130A_mr.drc:1583
    Edge pairs: 0 (flat)  0 (hierarchical)
    Elapsed: 0.190s  Memory: 13963.00M
"ongrid" in: sky130A_mr.drc:1584
    Edge pairs: 0 (flat)  0 (hierarchical)
    Elapsed: 0.150s  Memory: 13963.00M
"output" in: sky130A_mr.drc:1584
    Edge pairs: 0 (flat)  0 (hierarchical)
    Elapsed: 0.000s  Memory: 13963.00M
"with_angle" in: sky130A_mr.drc:1585
    Edge pairs: 0 (flat)  0 (hierarchical)
    Elapsed: 0.150s  Memory: 13963.00M
"output" in: sky130A_mr.drc:1585
    Edge pairs: 0 (flat)  0 (hierarchical)
    Elapsed: 0.200s  Memory: 13963.00M
"ongrid" in: sky130A_mr.drc:1586
    Edge pairs: 0 (flat)  0 (hierarchical)
    Elapsed: 0.150s  Memory: 13963.00M
"output" in: sky130A_mr.drc:1586
    Edge pairs: 0 (flat)  0 (hierarchical)
    Elapsed: 0.000s  Memory: 13963.00M
"with_angle" in: sky130A_mr.drc:1587
    Edge pairs: 0 (flat)  0 (hierarchical)
    Elapsed: 0.150s  Memory: 13963.00M
"output" in: sky130A_mr.drc:1587
    Edge pairs: 0 (flat)  0 (hierarchical)
    Elapsed: 0.200s  Memory: 13963.00M
"ongrid" in: sky130A_mr.drc:1588
    Edge pairs: 0 (flat)  0 (hierarchical)
    Elapsed: 0.140s  Memory: 13963.00M
"output" in: sky130A_mr.drc:1588
    Edge pairs: 0 (flat)  0 (hierarchical)
    Elapsed: 0.000s  Memory: 13963.00M
"with_angle" in: sky130A_mr.drc:1589
    Edge pairs: 0 (flat)  0 (hierarchical)
    Elapsed: 0.150s  Memory: 13963.00M
"output" in: sky130A_mr.drc:1589
    Edge pairs: 0 (flat)  0 (hierarchical)
    Elapsed: 0.200s  Memory: 13963.00M
"ongrid" in: sky130A_mr.drc:1590
    Edge pairs: 0 (flat)  0 (hierarchical)
    Elapsed: 0.140s  Memory: 13963.00M
"output" in: sky130A_mr.drc:1590
    Edge pairs: 0 (flat)  0 (hierarchical)
    Elapsed: 0.000s  Memory: 13963.00M
"with_angle" in: sky130A_mr.drc:1591
    Edge pairs: 0 (flat)  0 (hierarchical)
    Elapsed: 0.150s  Memory: 13963.00M
"output" in: sky130A_mr.drc:1591
    Edge pairs: 0 (flat)  0 (hierarchical)
    Elapsed: 0.200s  Memory: 13963.00M
"ongrid" in: sky130A_mr.drc:1595
    Edge pairs: 0 (flat)  0 (hierarchical)
    Elapsed: 0.150s  Memory: 13963.00M
"output" in: sky130A_mr.drc:1595
    Edge pairs: 0 (flat)  0 (hierarchical)
    Elapsed: 0.000s  Memory: 13963.00M
"with_angle" in: sky130A_mr.drc:1596
    Edge pairs: 0 (flat)  0 (hierarchical)
    Elapsed: 0.150s  Memory: 13963.00M
"output" in: sky130A_mr.drc:1596
    Edge pairs: 0 (flat)  0 (hierarchical)
    Elapsed: 0.200s  Memory: 13963.00M
"ongrid" in: sky130A_mr.drc:1597
    Edge pairs: 0 (flat)  0 (hierarchical)
    Elapsed: 0.150s  Memory: 13963.00M
"output" in: sky130A_mr.drc:1597
    Edge pairs: 0 (flat)  0 (hierarchical)
    Elapsed: 0.000s  Memory: 13963.00M
"with_angle" in: sky130A_mr.drc:1598
    Edge pairs: 0 (flat)  0 (hierarchical)
    Elapsed: 0.150s  Memory: 13963.00M
"output" in: sky130A_mr.drc:1598
    Edge pairs: 0 (flat)  0 (hierarchical)
    Elapsed: 0.200s  Memory: 13963.00M
"ongrid" in: sky130A_mr.drc:1599
    Edge pairs: 0 (flat)  0 (hierarchical)
    Elapsed: 0.150s  Memory: 13963.00M
"output" in: sky130A_mr.drc:1599
    Edge pairs: 0 (flat)  0 (hierarchical)
    Elapsed: 0.000s  Memory: 13963.00M
"with_angle" in: sky130A_mr.drc:1603
    Edge pairs: 0 (flat)  0 (hierarchical)
    Elapsed: 0.150s  Memory: 13963.00M
"output" in: sky130A_mr.drc:1603
    Edge pairs: 0 (flat)  0 (hierarchical)
    Elapsed: 0.200s  Memory: 13963.00M
"ongrid" in: sky130A_mr.drc:1607
    Edge pairs: 0 (flat)  0 (hierarchical)
    Elapsed: 0.150s  Memory: 13963.00M
"output" in: sky130A_mr.drc:1607
    Edge pairs: 0 (flat)  0 (hierarchical)
    Elapsed: 0.000s  Memory: 13963.00M
Writing report database: /home/tatua7806/arkhe/asic/runs/S_final2/66-klayout-drc/reports/drc.klayout.lyrdb ..
Total elapsed: 3803.750s  Memory: 12321.00M
Args:
	sram_exclude: false
	feol: true
	beol: true
	floating_met: false
	offgrid: true
	seal: true
 
Cell exclusion list:
   rule    | cell
   nwell.6 | sky130_fd_io__gpiov2_amux, sky130_fd_io__simple_pad_and_busses
 
release 2024.2.11_01.09
